dataset,dataset_label,player,player_key,signal,target,horizon,n,pearson_r,spearman_r,slope_pp_per_unit,hac_t,hac_p,bucket_n,bucket_top_n,bucket_bottom_n,bucket_top_avg,bucket_bottom_avg,bucket_top_minus_bottom,bucket_top_hit,bucket_bottom_hit,bucket_top_avg_drawdown,bucket_bottom_avg_drawdown,abs_spearman,top_minus_bottom_abs,evidence
tff,TFF Detailed,Dealer / Intermediary,dealer,net_z,S&P 500,1w,477,0.016653656281454404,0.05415083061723939,0.01819550435810774,0.35441227976873335,0.7230299331232994,477,143,143,0.23796556285937193,0.20226053640639433,0.0357050264529776,61.53846153846154,61.53846153846154,-1.534883188582301,-1.0562639820639292,0.05415083061723939,0.0357050264529776,none
tff,TFF Detailed,Dealer / Intermediary,dealer,net_z,S&P 500,4w,474,0.05119608289395386,0.0796223518359149,0.10912324444107749,0.6715568585865752,0.5018658507232596,474,142,142,1.2713760776540102,0.3832892086202345,0.8880868690337756,69.01408450704226,64.7887323943662,-3.153358199278247,-3.003532232760425,0.0796223518359149,0.8880868690337756,none
tff,TFF Detailed,Dealer / Intermediary,dealer,net_z,S&P 500,13w,465,0.07116590117263721,0.0817089326719722,0.249003309635724,0.5582084244508421,0.5767020688558184,465,140,140,4.304482828397061,2.3153124953114728,1.9891703330855885,75.0,70.0,-5.059652438136912,-6.739686023700384,0.0817089326719722,1.9891703330855885,weak/mixed
tff,TFF Detailed,Dealer / Intermediary,dealer,net_z,S&P 500,26w,452,-0.03928108998599858,-0.036921865012313176,-0.1776290686014329,-0.23505256201893834,0.8141679372321984,452,136,136,7.558455855165458,8.374544460780303,-0.8160886056148451,75.73529411764706,83.08823529411765,-6.413962455501868,-8.381107052462676,0.036921865012313176,0.8160886056148451,none
tff,TFF Detailed,Dealer / Intermediary,dealer,net_z,NASDAQ-100,1w,477,0.02317214418895648,0.05351926828993221,0.03290411503566744,0.5089919150078058,0.6107578912271634,477,143,143,0.42082208024595114,0.34777081364843926,0.07305126659751188,62.23776223776224,58.74125874125874,-1.884540108008489,-1.3994531299124673,0.05351926828993221,0.07305126659751188,none
tff,TFF Detailed,Dealer / Intermediary,dealer,net_z,NASDAQ-100,4w,474,0.0597384589403226,0.09398436278562708,0.16026038656313304,0.765527248286426,0.44395764727997267,474,142,142,1.9784376406456894,0.8448833376608363,1.133554302984853,68.30985915492957,61.97183098591549,-3.7786351265860856,-3.6331471131667534,0.09398436278562708,1.133554302984853,none
tff,TFF Detailed,Dealer / Intermediary,dealer,net_z,NASDAQ-100,13w,465,0.08618400513035962,0.10869683530102595,0.4028756307788282,0.6357087907490596,0.5249662456499082,465,140,140,6.695208853505807,3.9742640737610557,2.7209447797447517,75.0,66.42857142857143,-5.977019688233197,-7.293571210442846,0.10869683530102595,2.7209447797447517,weak/mixed
tff,TFF Detailed,Dealer / Intermediary,dealer,net_z,NASDAQ-100,26w,452,0.025519728102035604,0.03357493613403205,0.1596023553650205,0.16421285374746808,0.8695635826400752,452,136,136,11.801685590489619,11.86502898687007,-0.06334339638045172,72.05882352941177,92.64705882352942,-7.486114025860574,-9.17852823034583,0.03357493613403205,0.06334339638045172,none
tff,TFF Detailed,Dealer / Intermediary,dealer,flow1_z,S&P 500,1w,476,-0.0023171646257227375,0.04533887437795377,-0.0028520229009668004,-0.05203111318811914,0.9585039022434203,476,143,143,0.3051560079525958,0.09014085550161711,0.21501515245097869,61.53846153846154,57.34265734265735,-1.271915091157561,-1.1937149500673048,0.04533887437795377,0.21501515245097869,none
tff,TFF Detailed,Dealer / Intermediary,dealer,flow1_z,S&P 500,4w,473,-0.0347674339427004,0.0034805930910669393,-0.08375383992689528,-0.7781759832967909,0.43646527326585954,473,142,142,0.8930303233201761,0.8606927186639646,0.032337604656211494,69.71830985915493,67.6056338028169,-3.0045534695498453,-2.7924788197380916,0.0034805930910669393,0.032337604656211494,none
tff,TFF Detailed,Dealer / Intermediary,dealer,flow1_z,S&P 500,13w,464,0.014503326759737117,0.025538815626674222,0.05879444218605505,0.27637609845264377,0.7822592127231068,464,139,139,3.37920309848252,3.322896549369917,0.05630654911260269,71.94244604316546,77.6978417266187,-5.522966101680972,-4.86158665994327,0.025538815626674222,0.05630654911260269,none
tff,TFF Detailed,Dealer / Intermediary,dealer,flow1_z,S&P 500,26w,451,0.009933326256981482,0.03895649785138236,0.05357300828293822,0.19553194346308916,0.8449765330009488,451,136,136,7.3243308926673265,5.984945045780351,1.3393858468869757,77.94117647058823,75.0,-6.96202191629122,-7.44010868498699,0.03895649785138236,1.3393858468869757,none
tff,TFF Detailed,Dealer / Intermediary,dealer,flow1_z,NASDAQ-100,1w,476,-0.018409304248674346,0.0035627359185978263,-0.02944780729637931,-0.43438954796439344,0.6640055864221195,476,143,143,0.30153285343629993,0.23806870645555012,0.06346414698074981,57.34265734265735,60.13986013986013,-1.6795491991683198,-1.499641182404863,0.0035627359185978263,0.06346414698074981,none
tff,TFF Detailed,Dealer / Intermediary,dealer,flow1_z,NASDAQ-100,4w,473,-0.024254701897107007,-0.014195544604978653,-0.07350711862989887,-0.5901814561875257,0.555069003001025,473,142,142,1.2732937709056114,1.332210350154411,-0.05891657924879956,61.97183098591549,65.49295774647888,-3.6477424712948965,-3.5432083191605863,0.014195544604978653,0.05891657924879956,none
tff,TFF Detailed,Dealer / Intermediary,dealer,flow1_z,NASDAQ-100,13w,464,0.013295866367123422,0.02215937074311029,0.07200398645771938,0.23846043664902922,0.8115239973297762,464,139,139,4.822793477869635,5.053695208507239,-0.230901730637604,69.7841726618705,78.41726618705036,-6.65966521484921,-5.740115595318107,0.02215937074311029,0.230901730637604,none
tff,TFF Detailed,Dealer / Intermediary,dealer,flow1_z,NASDAQ-100,26w,451,0.006766716944971545,0.022129780428938636,0.05047617487110609,0.12356533888101986,0.9016594376757009,451,136,136,10.312949686973953,9.18804019547492,1.1249094914990323,78.67647058823529,80.88235294117648,-8.399559000964057,-8.19968427866852,0.022129780428938636,1.1249094914990323,none
tff,TFF Detailed,Dealer / Intermediary,dealer,flow4_z,S&P 500,1w,473,-0.037436821922010366,-0.0300027940904986,-0.04814889879554551,-0.7428277062703833,0.45758599895018087,473,142,142,0.3253092609522082,0.52758080723635,-0.20227154628414185,63.38028169014085,69.71830985915493,-1.386149850818112,-0.8221539523504119,0.0300027940904986,0.20227154628414185,none
tff,TFF Detailed,Dealer / Intermediary,dealer,flow4_z,S&P 500,4w,470,0.015599085238303508,0.0033010754024198796,0.039219365479207,0.24760444692839664,0.8044404697026499,470,141,141,1.731030984664756,1.3274383181936653,0.4035926664710907,73.75886524822694,70.92198581560284,-2.5366071723084005,-2.2391501827831064,0.0033010754024198796,0.4035926664710907,none
tff,TFF Detailed,Dealer / Intermediary,dealer,flow4_z,S&P 500,13w,461,0.07052512575868825,0.025419539434440884,0.2944829261184606,0.6616767579243619,0.5081784031709563,461,139,139,4.197319095370729,3.07943142636161,1.1178876690091193,75.53956834532374,77.6978417266187,-5.124652115608733,-4.866208940777488,0.025419539434440884,1.1178876690091193,none
tff,TFF Detailed,Dealer / Intermediary,dealer,flow4_z,S&P 500,26w,448,0.014449001390593286,-0.03588564766275114,0.07862531557724822,0.13531693300209832,0.8923612976116613,448,135,135,7.7407842410239365,7.365003580674175,0.3757806603497613,82.22222222222221,79.25925925925927,-6.195683172460334,-7.216524270127053,0.03588564766275114,0.3757806603497613,none
tff,TFF Detailed,Dealer / Intermediary,dealer,flow4_z,NASDAQ-100,1w,473,-0.02540946195577832,-0.018989723099281385,-0.04244401476473019,-0.5818141174853638,0.5606918937850287,473,142,142,0.4952394207286891,0.6482576667077509,-0.15301824597906177,60.56338028169014,66.19718309859155,-1.7020225269006946,-1.2098951052746785,0.018989723099281385,0.15301824597906177,none
tff,TFF Detailed,Dealer / Intermediary,dealer,flow4_z,NASDAQ-100,4w,470,0.02552615833407336,0.008264506750124469,0.08063705310239587,0.3960170274316047,0.6920924668936685,470,141,141,2.383008521015025,1.779391191964943,0.6036173290500821,69.50354609929079,70.2127659574468,-3.1632348729692272,-2.9944430884951108,0.008264506750124469,0.6036173290500821,none
tff,TFF Detailed,Dealer / Intermediary,dealer,flow4_z,NASDAQ-100,13w,461,0.067736520444158,0.05078555321882683,0.37782718007797617,0.6252746259981788,0.531790830500251,461,139,139,6.158232371941444,4.757264538117858,1.4009678338235858,73.38129496402878,74.10071942446042,-6.38299514010636,-5.552256495090676,0.05078555321882683,1.4009678338235858,none
tff,TFF Detailed,Dealer / Intermediary,dealer,flow4_z,NASDAQ-100,26w,448,0.000995348644315066,-0.0668861451996233,0.007492207343114642,0.00922653667312844,0.9926383932866548,448,135,135,11.060861879379678,11.570892604130162,-0.510030724750484,77.03703703703704,87.4074074074074,-7.586477262114047,-7.74087780349015,0.0668861451996233,0.510030724750484,none
tff,TFF Detailed,Dealer / Intermediary,dealer,trend13_z,S&P 500,1w,464,0.03537718285106113,0.0378080276381004,0.043591726172603,0.7670736020667915,0.4430377560136073,464,139,139,0.2229763989815182,0.271059111710302,-0.04808271272878381,63.30935251798561,61.87050359712231,-1.4698683546456983,-1.0503603268731254,0.0378080276381004,0.04808271272878381,none
tff,TFF Detailed,Dealer / Intermediary,dealer,trend13_z,S&P 500,4w,461,0.10895023265235433,0.09625614411995626,0.2617106916618522,1.3659484525217829,0.17195514328052483,461,139,139,1.408193882567105,0.7286295922011736,0.6795642903659314,71.22302158273382,71.22302158273382,-3.0565662622493646,-2.7507402482929733,0.09625614411995626,0.6795642903659314,weak/mixed
tff,TFF Detailed,Dealer / Intermediary,dealer,trend13_z,S&P 500,13w,452,0.2254861702282164,0.19697864169213528,0.8899129739226481,1.7150391224915478,0.08633805438686994,452,136,136,4.633911955869111,1.3845517145678254,3.249360241301286,72.79411764705883,67.64705882352942,-5.42618497727831,-6.254124642639724,0.19697864169213528,3.249360241301286,tentative
tff,TFF Detailed,Dealer / Intermediary,dealer,trend13_z,S&P 500,26w,439,-0.036323900463611454,-0.10121057991529485,-0.1854172095146384,-0.2122506510852413,0.8319114929577007,439,132,132,5.773518176817888,7.858625374215261,-2.085107197397374,68.93939393939394,81.06060606060606,-7.81259436780026,-8.16816027012885,0.10121057991529485,2.085107197397374,weak/mixed
tff,TFF Detailed,Dealer / Intermediary,dealer,trend13_z,NASDAQ-100,1w,464,0.03152151681210861,0.03295081888443362,0.05038313236664123,0.7228016751092617,0.46980173805353315,464,139,139,0.3958584665780137,0.4323050648812387,-0.036446598303225,63.30935251798561,62.589928057553955,-1.7510433308232374,-1.4170494233004354,0.03295081888443362,0.036446598303225,none
tff,TFF Detailed,Dealer / Intermediary,dealer,trend13_z,NASDAQ-100,4w,461,0.1070099500195389,0.10746150011452285,0.32281258040635874,1.357801876846821,0.1745265592424242,461,139,139,2.2071957130664335,1.3248757784722374,0.8823199345941961,71.94244604316546,69.06474820143885,-3.610745772915246,-3.272575646411185,0.10746150011452285,0.8823199345941961,weak/mixed
tff,TFF Detailed,Dealer / Intermediary,dealer,trend13_z,NASDAQ-100,13w,452,0.2013706250566584,0.19566214314943198,1.0615543852119584,1.5499272608145842,0.12115897570224393,452,136,136,6.992612835022736,3.3391701416466306,3.653442693376105,71.32352941176471,71.32352941176471,-6.48401295598823,-6.405893105498886,0.19566214314943198,3.653442693376105,weak/mixed
tff,TFF Detailed,Dealer / Intermediary,dealer,trend13_z,NASDAQ-100,26w,439,-0.06033866796245923,-0.13239801201076826,-0.42669031841157445,-0.36648699123312545,0.7140017179216913,439,132,132,9.142162379927745,13.14441270692339,-4.002250326995645,68.93939393939394,93.93939393939394,-8.603744905017303,-8.266191014001302,0.13239801201076826,4.002250326995645,weak/mixed
tff,TFF Detailed,Dealer / Intermediary,dealer,trend26_z,S&P 500,1w,451,0.04651114194644189,0.06737306150213553,0.05460883233665472,1.0040434146885977,0.315357687917017,451,136,136,0.4285028128551546,0.252959682617112,0.17554313023804263,66.17647058823529,61.76470588235294,-1.2045465285535717,-1.0541769484493253,0.06737306150213553,0.17554313023804263,none
tff,TFF Detailed,Dealer / Intermediary,dealer,trend26_z,S&P 500,4w,448,0.09368976083270404,0.07088405682597099,0.2145224532710881,1.147900321524989,0.25100971546589407,448,135,135,1.7520919529643586,0.7223256657021299,1.0297662872622286,75.55555555555556,72.5925925925926,-2.4041224619164496,-2.769233314711814,0.07088405682597099,1.0297662872622286,none
tff,TFF Detailed,Dealer / Intermediary,dealer,trend26_z,S&P 500,13w,439,0.015822004497509538,-0.012346213090432517,0.059297759665016096,0.11589078574375054,0.9077390984005693,439,132,132,3.8700635929839273,3.1146685284316127,0.7553950645523146,73.48484848484848,77.27272727272727,-4.706629484873498,-5.55072133219303,0.012346213090432517,0.7553950645523146,none
tff,TFF Detailed,Dealer / Intermediary,dealer,trend26_z,S&P 500,26w,426,-0.1555424526416253,-0.19231368927159873,-0.7516726304945105,-0.857563477251384,0.3911335495868019,426,128,128,5.891122075906934,9.652347380775327,-3.7612253048683923,67.1875,85.9375,-7.053554242634268,-6.903821687642033,0.19231368927159873,3.7612253048683923,weak/mixed
tff,TFF Detailed,Dealer / Intermediary,dealer,trend26_z,NASDAQ-100,1w,451,0.04028127928030077,0.057395888520429844,0.06127519795459709,0.9022902911809212,0.36690268165161927,451,136,136,0.5092880353179838,0.44572010766437187,0.06356792765361197,66.91176470588235,59.55882352941176,-1.5781235786413947,-1.3934757719958675,0.057395888520429844,0.06356792765361197,none
tff,TFF Detailed,Dealer / Intermediary,dealer,trend26_z,NASDAQ-100,4w,448,0.07782562275954828,0.06866969744206255,0.2237469141920741,1.0374156265862942,0.2995421987443528,448,135,135,2.3722340047934436,1.3477326617605068,1.0245013430329368,74.07407407407408,67.4074074074074,-3.1238768178970706,-3.328885531480557,0.06866969744206255,1.0245013430329368,none
tff,TFF Detailed,Dealer / Intermediary,dealer,trend26_z,NASDAQ-100,13w,439,-0.006453114908474042,-0.002267550217436322,-0.032359403538815126,-0.04994561074906243,0.9601657305142239,439,132,132,5.148380408664793,4.646828158141872,0.5015522505229209,71.21212121212122,73.48484848484848,-5.78465984215541,-5.969643536282454,0.002267550217436322,0.5015522505229209,none
tff,TFF Detailed,Dealer / Intermediary,dealer,trend26_z,NASDAQ-100,26w,426,-0.14765859655717334,-0.18356472489711656,-0.9888102878752654,-0.8991302739601962,0.3685832743694914,426,128,128,8.018311082694163,13.37131744315254,-5.353006360458377,64.0625,94.53125,-8.14358938365828,-7.587350472942389,0.18356472489711656,5.353006360458377,weak/mixed
tff,TFF Detailed,Dealer / Intermediary,dealer,net_raw_bn,S&P 500,1w,528,-0.012206801435880066,0.03905041164307333,-0.0002559341484883035,-0.2953536855537855,0.7677237094855038,528,159,159,0.32675492713099713,0.3501882411890556,-0.023433314058058485,61.63522012578616,62.264150943396224,-1.1835840051054882,-0.9561711576365112,0.03905041164307333,0.023433314058058485,none
tff,TFF Detailed,Dealer / Intermediary,dealer,net_raw_bn,S&P 500,4w,525,-0.019657158684076127,0.06298850193431217,-0.0008105242798239126,-0.2960024613189727,0.7672282017235141,525,158,158,1.2667643396227848,1.4205885640817983,-0.15382422445901356,70.25316455696202,70.88607594936708,-2.579104622608831,-2.220303340629683,0.06298850193431217,0.15382422445901356,none
tff,TFF Detailed,Dealer / Intermediary,dealer,net_raw_bn,S&P 500,13w,516,-0.056694424290040124,0.04808259960616526,-0.003958206110911229,-0.5108767120952187,0.6094373889134166,516,155,155,4.117597382972364,4.19812894462569,-0.0805315616533262,78.70967741935485,78.70967741935485,-4.081557136647244,-4.86618319512307,0.04808259960616526,0.0805315616533262,none
tff,TFF Detailed,Dealer / Intermediary,dealer,net_raw_bn,S&P 500,26w,503,-0.08460342937546479,0.02354107191417988,-0.008007245055277116,-0.6265473536238934,0.5309559872893308,503,151,151,8.284903830040994,8.579164845092237,-0.2942610150512426,85.43046357615894,84.76821192052981,-4.740388022794587,-7.215292217696982,0.02354107191417988,0.2942610150512426,none
tff,TFF Detailed,Dealer / Intermediary,dealer,net_raw_bn,NASDAQ-100,1w,528,-0.0012921443680424254,0.045773627125431225,-3.519852608246943e-05,-0.030549350413405355,0.9756289357895166,528,159,159,0.4620181750727887,0.44800596799472403,0.014012207078064665,62.264150943396224,59.74842767295597,-1.5584305195748949,-1.3288045586388677,0.045773627125431225,0.014012207078064665,none
tff,TFF Detailed,Dealer / Intermediary,dealer,net_raw_bn,NASDAQ-100,4w,525,-0.0016065065713764964,0.09112422306164505,-8.334625294437542e-05,-0.021983992528156797,0.9824607245650879,525,158,158,1.8781935517078652,1.8372045437124764,0.04098900799538874,70.25316455696202,68.35443037974683,-3.240491790970598,-2.926399563561093,0.09112422306164505,0.04098900799538874,none
tff,TFF Detailed,Dealer / Intermediary,dealer,net_raw_bn,NASDAQ-100,13w,516,-0.022225302752779435,0.09903209591434683,-0.002074753012259734,-0.18679809412418255,0.8518189412846467,516,155,155,6.691067551363073,5.718547914253976,0.9725196371090972,80.64516129032258,73.54838709677419,-4.854082810473181,-5.858587178302367,0.09903209591434683,0.9725196371090972,none
tff,TFF Detailed,Dealer / Intermediary,dealer,net_raw_bn,NASDAQ-100,26w,503,-0.006972855090584684,0.11467167399699696,-0.0009145147345618479,-0.055426021669494695,0.955799065402743,503,151,151,13.070889102174975,11.188110097979013,1.882779004195962,81.45695364238411,90.06622516556291,-5.595814853234569,-8.418161791499351,0.11467167399699696,1.882779004195962,weak/mixed
tff,TFF Detailed,Dealer / Intermediary,dealer,trend13_raw_bn,S&P 500,1w,515,0.010680251596049921,0.031100994242931928,0.0008300131368138264,0.27168311605232964,0.7858656845904033,515,155,155,0.21779611135391608,0.2549569030428993,-0.03716079168898323,63.87096774193548,60.64516129032258,-1.4810529608348892,-0.9425128347505726,0.031100994242931928,0.03716079168898323,none
tff,TFF Detailed,Dealer / Intermediary,dealer,trend13_raw_bn,S&P 500,4w,512,0.05284357014128332,0.08995322924892139,0.007994780643295535,0.791567588787541,0.42861285163180446,512,154,154,1.6144697029079083,0.7187697633813778,0.8956999395265305,72.72727272727273,70.77922077922078,-2.9980661372868185,-2.52168428911752,0.08995322924892139,0.8956999395265305,none
tff,TFF Detailed,Dealer / Intermediary,dealer,trend13_raw_bn,S&P 500,13w,503,0.1340894441151601,0.15341775942712157,0.03337913761224251,1.3980531299296204,0.16209711318142214,503,151,151,4.60912137929948,2.3458089753817277,2.263312403917752,74.17218543046357,76.15894039735099,-5.255214738105582,-5.285144683266368,0.15341775942712157,2.263312403917752,weak/mixed
tff,TFF Detailed,Dealer / Intermediary,dealer,trend13_raw_bn,S&P 500,26w,490,-0.008801301302707861,-0.10279111907154627,-0.0028708938669357335,-0.06229883398836418,0.9503248570175339,490,147,147,6.156896240337023,8.153195349045282,-1.9962991087082589,70.06802721088435,82.99319727891157,-7.598521531620509,-6.932219485974541,0.10279111907154627,1.9962991087082589,weak/mixed
tff,TFF Detailed,Dealer / Intermediary,dealer,trend13_raw_bn,NASDAQ-100,1w,515,0.01174444575257791,0.021973761545104647,0.0011869319339196608,0.2933707566523949,0.7692387753818324,515,155,155,0.3499466220377628,0.4475422941806273,-0.09759567214286452,63.87096774193548,60.64516129032258,-1.78884870736486,-1.3010873842299437,0.021973761545104647,0.09759567214286452,none
tff,TFF Detailed,Dealer / Intermediary,dealer,trend13_raw_bn,NASDAQ-100,4w,512,0.0702815317224831,0.09524766182007531,0.013370924992765182,1.0231205557874836,0.30625084901708777,512,154,154,2.2808849316779254,1.2419783364938173,1.038906595184108,74.02597402597402,66.88311688311688,-3.609517536155414,-3.078732165234034,0.09524766182007531,1.038906595184108,none
tff,TFF Detailed,Dealer / Intermediary,dealer,trend13_raw_bn,NASDAQ-100,13w,503,0.1570916948095497,0.16171874086537502,0.052321637049600835,1.6720424253700572,0.09451595647602765,503,151,151,6.764879515884017,4.05823623679869,2.706643279085327,70.86092715231787,73.50993377483444,-6.3815003563385035,-5.700211136756339,0.16171874086537502,2.706643279085327,tentative
tff,TFF Detailed,Dealer / Intermediary,dealer,trend13_raw_bn,NASDAQ-100,26w,490,0.010078102439356392,-0.07134531495554004,0.004556723162900037,0.07802580409564643,0.9378075268607166,490,147,147,9.350727851069946,12.426472045990671,-3.075744194920725,68.70748299319727,92.51700680272108,-8.603311781479256,-7.5325467535762085,0.07134531495554004,3.075744194920725,weak/mixed
tff,TFF Detailed,Dealer / Intermediary,dealer,trend26_raw_bn,S&P 500,1w,502,0.019961072943023093,0.05206108578388675,0.001057338278232641,0.4859214141575229,0.6270228849475623,502,151,151,0.2787334577277898,0.19003730961954887,0.08869614810824092,62.251655629139066,58.94039735099338,-1.3549511771901173,-1.0436611397562638,0.05206108578388675,0.08869614810824092,none
tff,TFF Detailed,Dealer / Intermediary,dealer,trend26_raw_bn,S&P 500,4w,499,0.04390889383338069,0.06427805007605572,0.004534766994028748,0.690140322495693,0.4901059479510799,499,150,150,1.39295488206398,0.5027421246638912,0.8902127574000889,71.33333333333334,66.66666666666666,-2.821897311371696,-2.8825896972098204,0.06427805007605572,0.8902127574000889,none
tff,TFF Detailed,Dealer / Intermediary,dealer,trend26_raw_bn,S&P 500,13w,490,0.0009670103763553088,-0.0002740196199679877,0.00016391965174390675,0.008173875477044774,0.9934782635769919,490,147,147,3.520105577913441,3.882873062470516,-0.36276748455707475,70.74829931972789,78.91156462585033,-5.13877299959521,-4.985345657537459,0.0002740196199679877,0.36276748455707475,none
tff,TFF Detailed,Dealer / Intermediary,dealer,trend26_raw_bn,S&P 500,26w,477,-0.08430975012602489,-0.17919685439503028,-0.018485573497964185,-0.49295091838841376,0.6220472679494753,477,143,143,5.787386795096776,9.738701879891462,-3.951315084794686,67.83216783216784,90.20979020979021,-7.548947605148044,-6.288076238816249,0.17919685439503028,3.951315084794686,weak/mixed
tff,TFF Detailed,Dealer / Intermediary,dealer,trend26_raw_bn,NASDAQ-100,1w,502,0.024263810584899802,0.03679680155581529,0.0016715469251966176,0.5918986801568901,0.5539184376835684,502,151,151,0.33782177913269,0.30818738711648286,0.029634392016207156,62.913907284768214,56.29139072847682,-1.8042964559091246,-1.4142254743933675,0.03679680155581529,0.029634392016207156,none
tff,TFF Detailed,Dealer / Intermediary,dealer,trend26_raw_bn,NASDAQ-100,4w,499,0.05474500276995515,0.05396682521669845,0.007122719630544452,0.8493063740065583,0.3957108350041729,499,150,150,1.7985123456531673,0.9579115622424458,0.8406007834107215,69.33333333333334,62.0,-3.6900289107957565,-3.568126137572011,0.05396682521669845,0.8406007834107215,none
tff,TFF Detailed,Dealer / Intermediary,dealer,trend26_raw_bn,NASDAQ-100,13w,490,0.022683249172039593,0.002340208133532673,0.0051492668224879705,0.21349943894799278,0.8309374266851595,490,147,147,4.369636953792725,5.262127851845915,-0.8924908980531905,68.70748299319727,74.14965986394559,-6.605415821001347,-6.071770930238062,0.002340208133532673,0.8924908980531905,none
tff,TFF Detailed,Dealer / Intermediary,dealer,trend26_raw_bn,NASDAQ-100,26w,477,-0.03593662872520556,-0.1361798528521695,-0.010918590736176523,-0.25458420397753984,0.7990442606768019,477,143,143,7.887569610245248,12.729736278190837,-4.842166667945588,66.43356643356644,94.4055944055944,-8.830535707362074,-7.649084630862642,0.1361798528521695,4.842166667945588,weak/mixed
tff,TFF Detailed,Asset Manager / Institutional,asset_mgr,net_z,S&P 500,1w,477,0.008623914429166034,-0.03571411986283421,0.010748345046712317,0.18172128912188526,0.8558014578411002,477,143,143,0.2973740832990342,0.19301780809016378,0.10435627520887042,62.93706293706294,60.13986013986013,-0.8575745416546876,-1.6201617941355637,0.03571411986283421,0.10435627520887042,none
tff,TFF Detailed,Asset Manager / Institutional,asset_mgr,net_z,S&P 500,4w,474,-0.005575302982545528,-0.045698244862832825,-0.013555888081418015,-0.07804529086514052,0.9377920259369217,474,142,142,0.900633748131343,1.2060397854396823,-0.30540603730833926,70.4225352112676,69.01408450704226,-2.3676699355666324,-3.2857104321252635,0.045698244862832825,0.30540603730833926,none
tff,TFF Detailed,Asset Manager / Institutional,asset_mgr,net_z,S&P 500,13w,465,-0.0261581261255437,-0.017746948206638757,-0.10448430621758999,-0.23824253217111224,0.811692990740185,465,140,140,2.1783034116829167,3.6386282633454003,-1.4603248516624836,72.85714285714285,70.0,-5.909373955153372,-5.544303641294444,0.017746948206638757,1.4603248516624836,none
tff,TFF Detailed,Asset Manager / Institutional,asset_mgr,net_z,S&P 500,26w,452,0.05803134172594616,0.07268940601368633,0.2993394609937654,0.40798941227759034,0.6832814480395406,452,136,136,7.2095090159668755,6.917796876485916,0.29171213948095964,81.61764705882352,71.32352941176471,-7.724091429805164,-7.112102744366179,0.07268940601368633,0.29171213948095964,none
tff,TFF Detailed,Asset Manager / Institutional,asset_mgr,net_z,NASDAQ-100,1w,477,0.018009116433386235,-0.021180888870903216,0.029171519970840817,0.40584364017751795,0.684857491233889,477,143,143,0.4857156353026742,0.3222848717613196,0.1634307635413546,61.53846153846154,58.04195804195804,-1.1449443168449416,-1.979456494508814,0.021180888870903216,0.1634307635413546,none
tff,TFF Detailed,Asset Manager / Institutional,asset_mgr,net_z,NASDAQ-100,4w,474,0.02079863394083158,-0.041112154969273486,0.0636481737557999,0.26874516854549474,0.7881257905189821,474,142,142,1.5160360365179584,1.824797046399447,-0.3087610098814886,68.30985915492957,66.90140845070422,-2.9484558979864435,-3.92324295851945,0.041112154969273486,0.3087610098814886,none
tff,TFF Detailed,Asset Manager / Institutional,asset_mgr,net_z,NASDAQ-100,13w,465,-0.028168908268711015,-0.058180644206486,-0.15032306036448023,-0.2464072062754704,0.805367028387568,465,140,140,3.574268389870299,5.932154003552312,-2.3578856136820128,67.14285714285714,70.0,-6.432449544836153,-6.614785879502353,0.058180644206486,2.3578856136820128,weak/mixed
tff,TFF Detailed,Asset Manager / Institutional,asset_mgr,net_z,NASDAQ-100,26w,452,0.028962864393894318,0.022408803789998016,0.20662155055211492,0.20078299913622472,0.8408682569473263,452,136,136,10.006548557154396,10.787794455008042,-0.7812458978536458,88.23529411764706,66.17647058823529,-8.680633820742518,-8.459784826541055,0.022408803789998016,0.7812458978536458,none
tff,TFF Detailed,Asset Manager / Institutional,asset_mgr,flow1_z,S&P 500,1w,476,0.01985352572012809,-0.00581041950047149,0.028646766659141704,0.44424323543198485,0.6568667365299932,476,143,143,0.3088676466254223,0.21692809643344152,0.0919395501919808,59.44055944055944,60.13986013986013,-0.9533264621101538,-1.5099323664163762,0.00581041950047149,0.0919395501919808,none
tff,TFF Detailed,Asset Manager / Institutional,asset_mgr,flow1_z,S&P 500,4w,473,0.05013479736746848,-0.0024430148417914294,0.14129950277703135,0.8722095670562067,0.38309406126604967,473,142,142,0.9614942310320193,1.2161096658466586,-0.25461543481463933,67.6056338028169,68.30985915492957,-2.5925798396955284,-3.1496666028845928,0.0024430148417914294,0.25461543481463933,none
tff,TFF Detailed,Asset Manager / Institutional,asset_mgr,flow1_z,S&P 500,13w,464,0.017240414804800975,0.0008608076648640077,0.08028791332394172,0.38921348026496866,0.6971182323176606,464,139,139,3.8385006717134793,3.9427380248428663,-0.10423735312938698,79.13669064748201,71.94244604316546,-4.743123984725295,-5.5556797783150556,0.0008608076648640077,0.10423735312938698,none
tff,TFF Detailed,Asset Manager / Institutional,asset_mgr,flow1_z,S&P 500,26w,451,-0.04503978135292195,-0.017072255034698374,-0.2778377613322079,-1.403090849422124,0.1605897495083165,451,136,136,7.050946408623867,7.335446926242698,-0.2845005176188309,76.47058823529412,75.73529411764706,-6.95244421509346,-7.626609675634902,0.017072255034698374,0.2845005176188309,weak/mixed
tff,TFF Detailed,Asset Manager / Institutional,asset_mgr,flow1_z,NASDAQ-100,1w,476,0.00039223960221900774,-0.01389556021018139,0.0007355443706987506,0.01062818566816664,0.9915200943923209,476,143,143,0.40116538240422384,0.40409427930328273,-0.002928896899058897,58.74125874125874,57.34265734265735,-1.2942572318075194,-1.8519729220564574,0.01389556021018139,0.002928896899058897,none
tff,TFF Detailed,Asset Manager / Institutional,asset_mgr,flow1_z,NASDAQ-100,4w,473,0.08371615281650521,0.043476683178713386,0.29683287629046007,1.7562543876047465,0.07904498177745635,473,142,142,1.5996170419368336,1.556471483010481,0.04314555892635252,66.90140845070422,64.08450704225352,-3.349480146159041,-3.8009457959911472,0.043476683178713386,0.04314555892635252,weak/mixed
tff,TFF Detailed,Asset Manager / Institutional,asset_mgr,flow1_z,NASDAQ-100,13w,464,0.034216027290389396,0.005531584169595686,0.21286453045280973,0.6848186636553545,0.4934583565263855,464,139,139,5.7323101200278,5.582860781646982,0.1494493383808182,76.97841726618705,74.10071942446042,-5.731186410087561,-6.481512906092931,0.005531584169595686,0.1494493383808182,none
tff,TFF Detailed,Asset Manager / Institutional,asset_mgr,flow1_z,NASDAQ-100,26w,451,-0.02419368782859288,-0.0004218746934050192,-0.20642113526729525,-0.5781506827970018,0.5631623914912127,451,136,136,10.617771424719315,10.439894025250513,0.17787739946880166,84.55882352941177,80.14705882352942,-7.679879939607804,-8.64879590905855,0.0004218746934050192,0.17787739946880166,none
tff,TFF Detailed,Asset Manager / Institutional,asset_mgr,flow4_z,S&P 500,1w,473,0.04607245951688376,-0.0005935174378915866,0.060470096317562345,0.8634277219406405,0.38790234298610143,473,142,142,0.31727621516078813,0.18879450134186396,0.12848171381892418,61.267605633802816,61.267605633802816,-0.8548714953953119,-1.5346184335434971,0.0005935174378915866,0.12848171381892418,none
tff,TFF Detailed,Asset Manager / Institutional,asset_mgr,flow4_z,S&P 500,4w,470,0.015404144630840602,-0.04081709432432441,0.03945411520166299,0.24771070491777453,0.8043582486397761,470,141,141,0.9849980518118061,1.3263519644661583,-0.3413539126543522,70.92198581560284,72.3404255319149,-2.2513743560510617,-3.0375297901376817,0.04081709432432441,0.3413539126543522,none
tff,TFF Detailed,Asset Manager / Institutional,asset_mgr,flow4_z,S&P 500,13w,461,-0.019315501795456918,-0.04435108417000335,-0.08177147187902419,-0.2433718308357908,0.8077173636163961,461,139,139,2.675539186307697,3.7441011373344932,-1.0685619510267963,73.38129496402878,74.82014388489209,-4.7185256424394275,-5.725145787174941,0.04435108417000335,1.0685619510267963,none
tff,TFF Detailed,Asset Manager / Institutional,asset_mgr,flow4_z,S&P 500,26w,448,-0.08219137368413186,-0.06765794126502485,-0.459486591939383,-1.198765535628974,0.23061912713406493,448,135,135,5.971596593246159,7.390305945280576,-1.4187093520344174,74.81481481481481,79.25925925925927,-6.9844991663324105,-7.320228908879106,0.06765794126502485,1.4187093520344174,none
tff,TFF Detailed,Asset Manager / Institutional,asset_mgr,flow4_z,NASDAQ-100,1w,473,0.0726589097323608,0.037790073993503745,0.12385733830143655,1.7607703323058943,0.07827728314893108,473,142,142,0.513999871361125,0.14423022848585448,0.36976964287527053,64.7887323943662,52.816901408450704,-1.2081598616729652,-2.0135566138625154,0.037790073993503745,0.36976964287527053,weak/mixed
tff,TFF Detailed,Asset Manager / Institutional,asset_mgr,flow4_z,NASDAQ-100,4w,470,0.0898323474448498,0.031253620962617655,0.28909143620730865,1.2888310425054053,0.19745683147113063,470,141,141,1.789379312056305,1.4928051283793553,0.29657418367694977,70.92198581560284,63.12056737588653,-2.8879336638323445,-3.872804517739236,0.031253620962617655,0.29657418367694977,weak/mixed
tff,TFF Detailed,Asset Manager / Institutional,asset_mgr,flow4_z,NASDAQ-100,13w,461,0.002179922043898411,-0.050994144024418486,0.012327949475273079,0.02519940195798355,0.9798959139742466,461,139,139,4.2878139972126155,5.235921696604515,-0.9481076993918993,74.82014388489209,71.94244604316546,-5.563420247167692,-6.940855036721736,0.050994144024418486,0.9481076993918993,none
tff,TFF Detailed,Asset Manager / Institutional,asset_mgr,flow4_z,NASDAQ-100,26w,448,-0.031421106621476416,-0.015290583954542638,-0.24298421990271707,-0.3925814417727303,0.6946286486321364,448,135,135,9.941186833535657,10.126155082197315,-0.18496824866165795,81.48148148148148,77.03703703703704,-7.589189793256693,-8.915116964022376,0.015290583954542638,0.18496824866165795,none
tff,TFF Detailed,Asset Manager / Institutional,asset_mgr,trend13_z,S&P 500,1w,464,-0.00017436498421385474,-0.035836674779032136,-0.0002139740033269867,-0.003546108315307348,0.9971706208541353,464,139,139,0.24711076146768143,0.25369557231184725,-0.006584810844165817,64.02877697841727,61.15107913669065,-0.9059677911670182,-1.5596059725026508,0.035836674779032136,0.006584810844165817,none
tff,TFF Detailed,Asset Manager / Institutional,asset_mgr,trend13_z,S&P 500,4w,461,-0.038259997318037586,-0.101514518679472,-0.09167964789211576,-0.4755337660692733,0.634406571885346,461,139,139,0.9047348448319219,1.4858556902740068,-0.5811208454420849,74.10071942446042,66.90647482014388,-2.2960056957485078,-3.5613743569082397,0.101514518679472,0.5811208454420849,none
tff,TFF Detailed,Asset Manager / Institutional,asset_mgr,trend13_z,S&P 500,13w,452,-0.1506503154924191,-0.16501427538716892,-0.5954931500813518,-1.165155865618977,0.24395590679431012,452,136,136,1.9457401305209188,4.04137946194859,-2.095639331427671,75.0,67.64705882352942,-5.332770231072739,-6.473510692783386,0.16501427538716892,2.095639331427671,weak/mixed
tff,TFF Detailed,Asset Manager / Institutional,asset_mgr,trend13_z,S&P 500,26w,439,-0.031037762147997625,0.009707049589097828,-0.158498950428396,-0.2221921335743946,0.824164317574015,439,132,132,7.055725256995169,5.460883434171673,1.5948418228234962,81.06060606060606,69.6969696969697,-7.262956970562252,-9.236865539862617,0.009707049589097828,1.5948418228234962,weak/mixed
tff,TFF Detailed,Asset Manager / Institutional,asset_mgr,trend13_z,NASDAQ-100,1w,464,0.018045096201378917,-0.008636185634626427,0.028724876852190627,0.4032494233290967,0.6867647445319482,464,139,139,0.4288847565970301,0.3629783740047269,0.06590638259230325,64.02877697841727,60.431654676258994,-1.3045649141217828,-1.8819510404522304,0.008636185634626427,0.06590638259230325,none
tff,TFF Detailed,Asset Manager / Institutional,asset_mgr,trend13_z,NASDAQ-100,4w,461,-0.006710469822439753,-0.06346770272074433,-0.02019360774516879,-0.07439283866596516,0.9406978069317931,461,139,139,1.6119269788060722,2.083808998948384,-0.47188202014231173,68.34532374100719,65.46762589928058,-2.860781634591378,-4.1436822999490435,0.06346770272074433,0.47188202014231173,none
tff,TFF Detailed,Asset Manager / Institutional,asset_mgr,trend13_z,NASDAQ-100,13w,452,-0.136349226912953,-0.16416636767903164,-0.7199095042989121,-1.0069878122277363,0.31394063110606185,452,136,136,3.842569409526295,5.798806454719211,-1.9562370451929154,75.0,68.38235294117648,-5.691715498796376,-7.819876484171359,0.16416636767903164,1.9562370451929154,weak/mixed
tff,TFF Detailed,Asset Manager / Institutional,asset_mgr,trend13_z,NASDAQ-100,26w,439,0.010218080370885969,0.04454196535202558,0.0722877672491429,0.06863272129675028,0.9452819724392157,439,132,132,11.656332406230554,7.736970802563505,3.919361603667049,92.42424242424242,67.42424242424242,-7.534876265111799,-10.657219645514418,0.04454196535202558,3.919361603667049,weak/mixed
tff,TFF Detailed,Asset Manager / Institutional,asset_mgr,trend26_z,S&P 500,1w,451,-0.02852281875781036,-0.07899482631189945,-0.03397210095028857,-0.6098051443941515,0.5419908933110815,451,136,136,0.0803268971253876,0.2243503079614949,-0.1440234108361073,58.82352941176471,61.029411764705884,-0.9641900427760687,-1.711590170542161,0.07899482631189945,0.1440234108361073,none
tff,TFF Detailed,Asset Manager / Institutional,asset_mgr,trend26_z,S&P 500,4w,448,-0.08276866905933516,-0.12022895771363654,-0.1921520286011527,-1.0830710907180097,0.2787768696064622,448,135,135,0.5223474515497358,1.433337336167537,-0.9109898846178012,65.18518518518519,67.4074074074074,-2.6727411626473843,-3.3631368928210748,0.12022895771363654,0.9109898846178012,none
tff,TFF Detailed,Asset Manager / Institutional,asset_mgr,trend26_z,S&P 500,13w,439,-0.03153005249698326,-0.027754689844745075,-0.11986308082197669,-0.2737295141685813,0.7842924946770368,439,132,132,2.9834511582253835,3.1340696919175333,-0.15061853369214973,76.51515151515152,64.39393939393939,-4.315337973345247,-6.03302165685182,0.027754689844745075,0.15061853369214973,none
tff,TFF Detailed,Asset Manager / Institutional,asset_mgr,trend26_z,S&P 500,26w,426,0.09375505171856988,0.12424068034048069,0.46036073232224817,0.5851795799321768,0.5584269737991159,426,128,128,8.096196828092799,5.215646330890051,2.880550497202748,86.71875,64.0625,-6.138871465184437,-8.772255680493032,0.12424068034048069,2.880550497202748,weak/mixed
tff,TFF Detailed,Asset Manager / Institutional,asset_mgr,trend26_z,NASDAQ-100,1w,451,-0.010949184900681792,-0.057794216719319225,-0.016896133556750424,-0.23950363413437892,0.8107150788230566,451,136,136,0.2381822085435296,0.3089272647810895,-0.07074505623755992,58.08823529411765,60.29411764705882,-1.337090204625863,-2.074791147128271,0.057794216719319225,0.07074505623755992,none
tff,TFF Detailed,Asset Manager / Institutional,asset_mgr,trend26_z,NASDAQ-100,4w,448,-0.04140332716412517,-0.09163273237427584,-0.12068910584394058,-0.4857226365468789,0.6271638319275638,448,135,135,1.1574538889149004,1.7955248968540325,-0.6380710079391321,63.70370370370371,65.18518518518519,-3.3086256280810344,-4.20880347692172,0.09163273237427584,0.6380710079391321,none
tff,TFF Detailed,Asset Manager / Institutional,asset_mgr,trend26_z,NASDAQ-100,13w,439,-0.0015267691978279841,-0.023023286820210088,-0.007765840372594688,-0.012382275040748417,0.9901206263701553,439,132,132,4.538630949663198,4.332222593389847,0.20640835627335097,75.0,63.63636363636363,-5.2841712277516955,-7.535606005075164,0.023023286820210088,0.20640835627335097,none
tff,TFF Detailed,Asset Manager / Institutional,asset_mgr,trend26_z,NASDAQ-100,26w,426,0.11556418495143778,0.12442865486069746,0.7863235825046467,0.7126721728007893,0.4760486397674314,426,128,128,11.394365094068807,7.157793730882776,4.23657136318603,92.1875,58.59375,-7.285626428661525,-10.5913364087413,0.12442865486069746,4.23657136318603,weak/mixed
tff,TFF Detailed,Asset Manager / Institutional,asset_mgr,net_raw_bn,S&P 500,1w,528,0.014928002286189323,-0.02388563538992368,0.00024115853759744545,0.38804000177852743,0.6979864312811758,528,159,159,0.3341237458937931,0.3780916454000079,-0.04396789950621477,62.264150943396224,63.52201257861635,-0.9441619092608691,-1.1683731765350587,0.02388563538992368,0.04396789950621477,none
tff,TFF Detailed,Asset Manager / Institutional,asset_mgr,net_raw_bn,S&P 500,4w,525,0.03172763542156308,-0.04753133668641753,0.0010113616287703042,0.5118484936776324,0.6087570481248832,525,158,158,1.3583580096947836,1.6202831583089679,-0.26192514861418426,70.88607594936708,72.78481012658227,-2.2091216626789305,-2.3694761779292293,0.04753133668641753,0.26192514861418426,none
tff,TFF Detailed,Asset Manager / Institutional,asset_mgr,net_raw_bn,S&P 500,13w,516,0.07126332315302954,0.02258483627122626,0.003912066500075344,0.6684741063120739,0.5038310051862773,516,155,155,4.76967254704305,4.153456579107716,0.6162159679353341,82.58064516129032,78.70967741935485,-4.115855046020263,-3.9721395397091395,0.02258483627122626,0.6162159679353341,none
tff,TFF Detailed,Asset Manager / Institutional,asset_mgr,net_raw_bn,S&P 500,26w,503,0.10769096593105547,0.03105517907542414,0.008066218527598035,0.8129344407595473,0.41625564692231715,503,151,151,9.232453061875065,7.310809769738207,1.9216432921368574,89.40397350993378,80.13245033112582,-5.529945280500415,-5.189622597761728,0.03105517907542414,1.9216432921368574,weak/mixed
tff,TFF Detailed,Asset Manager / Institutional,asset_mgr,net_raw_bn,NASDAQ-100,1w,528,0.005737927903535729,-0.02678908293938622,0.00012043233828984285,0.14476317273208028,0.8848978597737783,528,159,159,0.4274459407397369,0.5290704662045719,-0.10162452546483497,60.37735849056604,63.52201257861635,-1.3245707408005447,-1.444305711959015,0.02678908293938622,0.10162452546483497,none
tff,TFF Detailed,Asset Manager / Institutional,asset_mgr,net_raw_bn,NASDAQ-100,4w,525,0.016860649212215056,-0.06321920960646181,0.0006762407643047964,0.24789911140328658,0.8042124674502837,525,158,158,1.7534732411151084,2.293400625495545,-0.5399273843804364,68.35443037974683,72.78481012658227,-2.9191640237280985,-2.80551596801958,0.06321920960646181,0.5399273843804364,none
tff,TFF Detailed,Asset Manager / Institutional,asset_mgr,net_raw_bn,NASDAQ-100,13w,516,0.032280538053433505,-0.039291062554562786,0.0023694174677326985,0.28207047164698446,0.7778894744807091,516,155,155,6.257410164026985,6.193655502198921,0.06375466182806377,77.41935483870968,78.06451612903226,-5.197532035597914,-4.652272686217259,0.039291062554562786,0.06375466182806377,none
tff,TFF Detailed,Asset Manager / Institutional,asset_mgr,net_raw_bn,NASDAQ-100,26w,503,0.01880076266306219,-0.04184935916657143,0.0019514215336483651,0.15088241206145075,0.8800684747829103,503,151,151,11.339003870661239,10.47092550033503,0.8680783703262094,90.72847682119205,75.49668874172185,-6.953156917274627,-6.107751035785018,0.04184935916657143,0.8680783703262094,none
tff,TFF Detailed,Asset Manager / Institutional,asset_mgr,trend13_raw_bn,S&P 500,1w,515,-0.0026231078294499184,-0.038337873917310125,-0.00015827719390479222,-0.060543099325338585,0.9517230904872978,515,155,155,0.3883790796924192,0.3204701401012996,0.0679089395911196,65.16129032258064,60.64516129032258,-0.7668733319837828,-1.4809183619680044,0.038337873917310125,0.0679089395911196,none
tff,TFF Detailed,Asset Manager / Institutional,asset_mgr,trend13_raw_bn,S&P 500,4w,512,-0.009332334084890556,-0.09261962340211259,-0.0011036486338935336,-0.12466448123993089,0.9007891778447644,512,154,154,1.3962333608268427,1.5522174368447506,-0.15598407601790787,75.32467532467533,67.53246753246754,-1.7934395285561955,-3.397792476485171,0.09261962340211259,0.15598407601790787,none
tff,TFF Detailed,Asset Manager / Institutional,asset_mgr,trend13_raw_bn,S&P 500,13w,503,-0.13251916953828738,-0.1319287839647752,-0.026238013067871,-1.539455356255502,0.1236931687850845,503,151,151,3.0500910072056326,4.175156051728989,-1.1250650445233568,82.11920529801324,68.21192052980133,-4.212633494223934,-6.179138960633187,0.1319287839647752,1.1250650445233568,weak/mixed
tff,TFF Detailed,Asset Manager / Institutional,asset_mgr,trend13_raw_bn,S&P 500,26w,490,-0.06998459900927707,0.00710140740413967,-0.01811142345126276,-0.6161723028221486,0.5377808064117638,490,147,147,7.459172017257782,5.52257544725461,1.9365965700031715,84.35374149659864,68.70748299319727,-6.0885393280607145,-9.017401334153858,0.00710140740413967,1.9365965700031715,weak/mixed
tff,TFF Detailed,Asset Manager / Institutional,asset_mgr,trend13_raw_bn,NASDAQ-100,1w,515,0.0032251621716890967,-0.012308072106992031,0.0002530716876767007,0.0745186424744849,0.9405977078577202,515,155,155,0.6328469351841401,0.37122238676283476,0.2616245484213054,66.45161290322581,59.354838709677416,-1.0997825993450783,-1.837482109178225,0.012308072106992031,0.2616245484213054,none
tff,TFF Detailed,Asset Manager / Institutional,asset_mgr,trend13_raw_bn,NASDAQ-100,4w,512,-0.012858358584683571,-0.06366953699888991,-0.0019121938573918578,-0.16117616459863388,0.8719546535565315,512,154,154,2.141548536584684,1.9679570502689612,0.17359148631572285,72.07792207792207,65.5844155844156,-2.372528201351369,-4.058052953503669,0.06366953699888991,0.17359148631572285,none
tff,TFF Detailed,Asset Manager / Institutional,asset_mgr,trend13_raw_bn,NASDAQ-100,13w,503,-0.14990794923970632,-0.1333281849408199,-0.03971224858949731,-1.7345697173401036,0.08281704715381949,503,151,151,4.637816868579884,5.716318926981828,-1.078502058401944,76.15894039735099,68.21192052980133,-4.8408250732228835,-7.55843783166299,0.1333281849408199,1.078502058401944,tentative
tff,TFF Detailed,Asset Manager / Institutional,asset_mgr,trend13_raw_bn,NASDAQ-100,26w,490,-0.07362953981628968,-0.006475033130466336,-0.026412275555026125,-0.6348834238485059,0.5255044487906242,490,147,147,11.16377844531797,7.8326869247699245,3.3310915205480454,91.83673469387756,65.98639455782312,-6.885336296981531,-10.43123381588297,0.006475033130466336,3.3310915205480454,weak/mixed
tff,TFF Detailed,Asset Manager / Institutional,asset_mgr,trend26_raw_bn,S&P 500,1w,502,-0.043725617161020025,-0.07103847321870717,-0.002006420908190319,-1.0192221868067675,0.30809749580111573,502,151,151,0.23351556005570598,0.2167430509247386,0.016772509130967367,59.60264900662252,60.9271523178808,-0.8772652931893855,-1.6675923633872018,0.07103847321870717,0.016772509130967367,none
tff,TFF Detailed,Asset Manager / Institutional,asset_mgr,trend26_raw_bn,S&P 500,4w,499,-0.0742338074836567,-0.09994311514595455,-0.006636872453203909,-1.1385585790565802,0.2548873130021592,499,150,150,0.8652005765203354,1.1709282610915375,-0.30572768457120203,68.66666666666667,65.33333333333333,-2.2806168584844957,-3.5253028442533787,0.09994311514595455,0.30572768457120203,none
tff,TFF Detailed,Asset Manager / Institutional,asset_mgr,trend26_raw_bn,S&P 500,13w,490,-0.06554649098865654,-0.03375939057791723,-0.009681556626898591,-0.6444210042427825,0.5193024677958105,490,147,147,3.820793702261966,3.334901303446035,0.48589239881593116,80.27210884353741,65.3061224489796,-4.246546857030703,-6.1837864523244095,0.03375939057791723,0.48589239881593116,none
tff,TFF Detailed,Asset Manager / Institutional,asset_mgr,trend26_raw_bn,S&P 500,26w,477,0.04565366481715914,0.11090950945784486,0.008765294764783136,0.2895245052299506,0.7721800300258989,477,143,143,8.141569545531645,5.293330296571361,2.848239248960284,87.41258741258741,63.63636363636363,-5.818239869294905,-8.7897836572683,0.11090950945784486,2.848239248960284,weak/mixed
tff,TFF Detailed,Asset Manager / Institutional,asset_mgr,trend26_raw_bn,NASDAQ-100,1w,502,-0.0347927853333425,-0.0541157947702292,-0.002076370198786246,-0.8328688695674158,0.4049186883069331,502,151,151,0.3236368065893635,0.302666440224733,0.02097036636463051,58.27814569536424,60.264900662251655,-1.2918076080304504,-2.04172303650573,0.0541157947702292,0.02097036636463051,none
tff,TFF Detailed,Asset Manager / Institutional,asset_mgr,trend26_raw_bn,NASDAQ-100,4w,499,-0.06288982195118974,-0.08710684018639689,-0.007083387282133877,-0.9113056100295815,0.3621343713455765,499,150,150,1.2660984917455878,1.4867736331058183,-0.2206751413602306,64.66666666666666,63.33333333333333,-3.04622743617512,-4.359483413111747,0.08710684018639689,0.2206751413602306,none
tff,TFF Detailed,Asset Manager / Institutional,asset_mgr,trend26_raw_bn,NASDAQ-100,13w,490,-0.07214230990600087,-0.03930975411418301,-0.014270067633054094,-0.7219793553316005,0.47030717027583874,490,147,147,4.933515200103117,4.248730794759801,0.6847844053433159,74.82993197278913,63.26530612244898,-5.446025408182277,-7.75569755638402,0.03930975411418301,0.6847844053433159,none
tff,TFF Detailed,Asset Manager / Institutional,asset_mgr,trend26_raw_bn,NASDAQ-100,26w,477,0.010389306046386484,0.06929848595315603,0.0027640859757522883,0.07199771513582241,0.94260372619149,477,143,143,10.385016168761348,6.920025595266225,3.4649905734951236,90.9090909090909,58.74125874125874,-7.433821509826005,-10.715835331181117,0.06929848595315603,3.4649905734951236,weak/mixed
tff,TFF Detailed,Leveraged Funds,lev_money,net_z,S&P 500,1w,477,-0.008687638768483177,0.01924971456965197,-0.00983688877128738,-0.1732057605234933,0.8624896958355894,477,143,143,0.1653685198782721,0.1624734510534892,0.0028950688247829093,60.83916083916085,58.74125874125874,-1.4179512965805967,-0.9435280014626538,0.01924971456965197,0.0028950688247829093,none
tff,TFF Detailed,Leveraged Funds,lev_money,net_z,S&P 500,4w,474,0.019819496584383443,0.07108490041170581,0.04381129621285435,0.26859399226424807,0.7882421359426058,474,142,142,0.8361892878849889,0.2934579667841556,0.5427313211008333,67.6056338028169,59.154929577464785,-3.1317306102791025,-2.55860844624269,0.07108490041170581,0.5427313211008333,none
tff,TFF Detailed,Leveraged Funds,lev_money,net_z,S&P 500,13w,465,-0.010182706762164364,-0.0012676221075396128,-0.0371625614006047,-0.10074558144813417,0.9197524266561168,465,140,140,3.1800631026963027,2.7429756831834857,0.43708741951281693,70.0,72.85714285714285,-5.125077377003163,-5.036917920713492,0.0012676221075396128,0.43708741951281693,none
tff,TFF Detailed,Leveraged Funds,lev_money,net_z,S&P 500,26w,452,-0.120694276090902,-0.13451454782218963,-0.5702681155015934,-0.8944855070242888,0.3710621807093687,452,136,136,3.8870128916685656,7.37065420625484,-3.4836413145862744,64.70588235294117,86.02941176470588,-7.9645629766769295,-6.290958291068249,0.13451454782218963,3.4836413145862744,weak/mixed
tff,TFF Detailed,Leveraged Funds,lev_money,net_z,NASDAQ-100,1w,477,-0.010905734674799477,0.0232125691517627,-0.016048720917578804,-0.2365464606542726,0.8130086595871787,477,143,143,0.21972404711926172,0.20652578428414034,0.013198262835121377,54.54545454545454,55.24475524475524,-1.8290557316079612,-1.3777029382513453,0.0232125691517627,0.013198262835121377,none
tff,TFF Detailed,Leveraged Funds,lev_money,net_z,NASDAQ-100,4w,474,-0.010278362229686176,0.06589619605252596,-0.02859624682433485,-0.12296010558797356,0.9021386893018452,474,142,142,1.1225115524862292,0.6848916907872198,0.43761986169900946,61.97183098591549,58.45070422535211,-3.8977017364914976,-3.3577183407428013,0.06589619605252596,0.43761986169900946,none
tff,TFF Detailed,Leveraged Funds,lev_money,net_z,NASDAQ-100,13w,465,-0.025855851770416313,0.01583554927506481,-0.12607019111819237,-0.2134044824482711,0.8310114845441763,465,140,140,4.177670304702127,4.026905445475198,0.1507648592269284,71.42857142857143,72.14285714285714,-6.662865417513515,-6.329430991134834,0.01583554927506481,0.1507648592269284,none
tff,TFF Detailed,Leveraged Funds,lev_money,net_z,NASDAQ-100,26w,452,-0.13467811718355857,-0.12424154493072691,-0.8800800924200899,-0.9133687558983737,0.36104863220715655,452,136,136,5.283272194656448,10.19135495159507,-4.908082756938622,65.44117647058823,86.76470588235294,-10.034374851140221,-7.742990623480496,0.12424154493072691,4.908082756938622,weak/mixed
tff,TFF Detailed,Leveraged Funds,lev_money,flow1_z,S&P 500,1w,476,0.004660585208228882,0.022168517854013504,0.005660176692433573,0.11588956242278525,0.9077400679368764,476,143,143,0.16145821075837222,0.10893159749606152,0.0525266132623107,60.13986013986013,60.13986013986013,-1.3994192523845985,-1.1665477227233665,0.022168517854013504,0.0525266132623107,none
tff,TFF Detailed,Leveraged Funds,lev_money,flow1_z,S&P 500,4w,473,-0.02899662291145883,0.0022220050048692474,-0.06871078980916637,-0.6652167532374581,0.505911866525768,473,142,142,0.6684637964299978,1.045932276270846,-0.3774684798408483,62.676056338028175,71.83098591549296,-3.3027310829897254,-2.684598844931465,0.0022220050048692474,0.3774684798408483,none
tff,TFF Detailed,Leveraged Funds,lev_money,flow1_z,S&P 500,13w,464,0.009330781412803243,0.03527353406833126,0.0369460100909659,0.21866661305932664,0.8269097584964233,464,139,139,3.261107355488473,3.0730006501290226,0.1881067053594503,69.7841726618705,72.66187050359713,-5.799938222091085,-5.424788824532392,0.03527353406833126,0.1881067053594503,none
tff,TFF Detailed,Leveraged Funds,lev_money,flow1_z,S&P 500,26w,451,0.030670330779888056,0.0044232089947609035,0.16129974583544618,1.2405216674065545,0.21478250504803273,451,136,136,6.505503044328266,6.789360008439327,-0.28385696411106043,75.73529411764706,77.94117647058823,-7.725382025691386,-7.042459052115336,0.0044232089947609035,0.28385696411106043,none
tff,TFF Detailed,Leveraged Funds,lev_money,flow1_z,NASDAQ-100,1w,476,0.031138080247530973,0.06934940013741346,0.049147432885545926,0.7398874286120511,0.459368303080076,476,143,143,0.36149371412570097,0.048905282981496837,0.31258843114420415,58.74125874125874,53.84615384615385,-1.7305023382576945,-1.6446714372812503,0.06934940013741346,0.31258843114420415,none
tff,TFF Detailed,Leveraged Funds,lev_money,flow1_z,NASDAQ-100,4w,473,-0.044093158667519075,-0.0005487258085512777,-0.13144682475326702,-0.9454961276791585,0.34440564682601016,473,142,142,1.013893169017997,1.3739924947893538,-0.3600993257713567,61.267605633802816,64.7887323943662,-3.942380584513708,-3.5136584873006798,0.0005487258085512777,0.3600993257713567,none
tff,TFF Detailed,Leveraged Funds,lev_money,flow1_z,NASDAQ-100,13w,464,0.010498091829040504,0.040302039463094345,0.05553044499414382,0.20713228592808106,0.8359065482944403,464,139,139,4.87151600856478,4.195026659061411,0.6764893495033686,73.38129496402878,66.90647482014388,-6.868729280246875,-6.812796750075908,0.040302039463094345,0.6764893495033686,none
tff,TFF Detailed,Leveraged Funds,lev_money,flow1_z,NASDAQ-100,26w,451,0.026225598642096414,0.01404012061037746,0.1907645734428355,1.0098977587466962,0.31254427658056916,451,136,136,9.35868084294401,9.359148111671402,-0.0004672687273927778,80.14705882352942,80.14705882352942,-9.161888056182406,-8.556884724537127,0.01404012061037746,0.0004672687273927778,none
tff,TFF Detailed,Leveraged Funds,lev_money,flow4_z,S&P 500,1w,473,-0.03642616997264285,-0.0503231120725121,-0.0428738363241234,-0.808321620292673,0.41890545953761293,473,142,142,0.017040828050412186,0.5346435955249886,-0.5176027674745765,58.45070422535211,62.676056338028175,-1.572666226136513,-0.8900350180785831,0.0503231120725121,0.5176027674745765,none
tff,TFF Detailed,Leveraged Funds,lev_money,flow4_z,S&P 500,4w,470,-0.009828754072825909,0.016016696953927052,-0.022698585910954347,-0.14531820966784095,0.884459638095914,470,141,141,1.149738819293926,1.2986698095889442,-0.14893099029501822,68.79432624113475,71.63120567375887,-3.1921921149910983,-2.1940531533976273,0.016016696953927052,0.14893099029501822,none
tff,TFF Detailed,Leveraged Funds,lev_money,flow4_z,S&P 500,13w,461,0.040814719998802935,0.05658347123026931,0.1571204692303854,0.47521357979958045,0.6346347488523187,461,139,139,4.177289714841164,3.2757354559637846,0.9015542588773795,77.6978417266187,71.22302158273382,-5.3904297254327975,-4.593392186133151,0.05658347123026931,0.9015542588773795,none
tff,TFF Detailed,Leveraged Funds,lev_money,flow4_z,S&P 500,26w,448,0.09489955066359261,0.0870094297117062,0.4773049164375658,1.9024725476236082,0.05710940448486446,448,135,135,8.01134403114258,6.879988199826829,1.1313558313157506,80.74074074074075,81.48148148148148,-7.387682144643695,-6.217862982948204,0.0870094297117062,1.1313558313157506,tentative
tff,TFF Detailed,Leveraged Funds,lev_money,flow4_z,NASDAQ-100,1w,473,-0.0495757634656807,-0.05473344331284788,-0.07578475476196812,-1.0769344609814375,0.2815095462903994,473,142,142,0.19717111036718163,0.6648459328015228,-0.4676748224343412,55.633802816901415,61.267605633802816,-1.9266791316175413,-1.263905357261661,0.05473344331284788,0.4676748224343412,none
tff,TFF Detailed,Leveraged Funds,lev_money,flow4_z,NASDAQ-100,4w,470,-0.05526319329448869,-0.01729734384242033,-0.16035557639728537,-0.6684454876005206,0.5038492676931112,470,141,141,1.6442052402952019,1.9373304374403337,-0.29312519714513185,64.53900709219859,68.08510638297872,-3.85922212394581,-2.9135523389062152,0.01729734384242033,0.29312519714513185,none
tff,TFF Detailed,Leveraged Funds,lev_money,flow4_z,NASDAQ-100,13w,461,0.036264569995211125,0.059587521786899335,0.18648870833601813,0.3710853913165349,0.7105739315034454,461,139,139,6.234294721078621,4.931651174774067,1.3026435463045543,74.10071942446042,71.94244604316546,-6.173836405252809,-5.791958888033551,0.059587521786899335,1.3026435463045543,none
tff,TFF Detailed,Leveraged Funds,lev_money,flow4_z,NASDAQ-100,26w,448,0.06804638361478768,0.08178155568889638,0.4734202066430127,1.0701174720540394,0.2845664355292598,448,135,135,11.775538066168972,10.342036832503787,1.4335012336651847,85.18518518518519,80.74074074074075,-8.413856000722825,-7.261595728283934,0.08178155568889638,1.4335012336651847,none
tff,TFF Detailed,Leveraged Funds,lev_money,trend13_z,S&P 500,1w,464,0.017727759999471716,0.030018354927601337,0.02052862501554681,0.33411775960260237,0.7382906991871105,464,139,139,0.3970021492852016,0.24468496089015937,0.15231718839504224,59.71223021582733,66.18705035971223,-1.550239985823029,-0.9698090233541047,0.030018354927601337,0.15231718839504224,none
tff,TFF Detailed,Leveraged Funds,lev_money,trend13_z,S&P 500,4w,461,0.08202979715593336,0.14332760514973097,0.18615942956179019,0.9188276109251006,0.3581857480231682,461,139,139,1.7024141521941718,0.3387389951340887,1.3636751570600831,71.22302158273382,65.46762589928058,-3.1600330599370428,-2.5793859161006494,0.14332760514973097,1.3636751570600831,none
tff,TFF Detailed,Leveraged Funds,lev_money,trend13_z,S&P 500,13w,452,0.1608876649492343,0.1924567271438193,0.6046663105882393,1.4163325661351558,0.15667815726673595,452,136,136,5.511185447618056,2.029375258888299,3.4818101887297566,77.20588235294117,66.91176470588235,-4.848614767828349,-5.188618536207635,0.1924567271438193,3.4818101887297566,weak/mixed
tff,TFF Detailed,Leveraged Funds,lev_money,trend13_z,S&P 500,26w,439,0.16414120518495953,0.21819543454641904,0.7991594255430771,1.5899202184940637,0.1118527896022419,439,132,132,9.09646375152045,5.057038438955517,4.039425312564933,81.81818181818183,75.75757575757575,-6.747277157178415,-7.012224168578567,0.21819543454641904,4.039425312564933,weak/mixed
tff,TFF Detailed,Leveraged Funds,lev_money,trend13_z,NASDAQ-100,1w,464,0.019458632969886737,0.04575782546962427,0.029229107943104397,0.38412642030308103,0.7008847502833526,464,139,139,0.663011303254624,0.30439648352265664,0.35861481973196735,59.71223021582733,61.15107913669065,-1.8262565496836343,-1.369482505708641,0.04575782546962427,0.35861481973196735,none
tff,TFF Detailed,Leveraged Funds,lev_money,trend13_z,NASDAQ-100,4w,461,0.07202219149149873,0.14304319654692194,0.20526396830442842,0.7039196392966501,0.48148282019158617,461,139,139,2.584752878750843,0.5259553759744452,2.058797502776398,69.06474820143885,62.589928057553955,-3.560404711425699,-3.3571205832070277,0.14304319654692194,2.058797502776398,weak/mixed
tff,TFF Detailed,Leveraged Funds,lev_money,trend13_z,NASDAQ-100,13w,452,0.16447648041920088,0.21571603759278418,0.825686778481711,1.2461123986064897,0.21272313358842337,452,136,136,7.596184750197153,2.7085371991053564,4.887647551091797,77.94117647058823,64.70588235294117,-5.962984044769064,-6.602207485577064,0.21571603759278418,4.887647551091797,weak/mixed
tff,TFF Detailed,Leveraged Funds,lev_money,trend13_z,NASDAQ-100,26w,439,0.1430159532268717,0.22483085922097373,0.9646278576920185,1.1459723209055237,0.2518066049706465,439,132,132,11.87967638577941,7.0513667659764225,4.828309619802988,80.3030303030303,75.75757575757575,-8.312416335513458,-8.326931760685993,0.22483085922097373,4.828309619802988,weak/mixed
tff,TFF Detailed,Leveraged Funds,lev_money,trend26_z,S&P 500,1w,451,0.03829518137259348,0.06981614112199044,0.04476990287909852,0.7119288073391827,0.47650886243793816,451,136,136,0.4524137843197205,0.12727995085137658,0.3251338334683439,65.44117647058823,61.76470588235294,-1.5229913391043473,-1.0983274685510722,0.06981614112199044,0.3251338334683439,none
tff,TFF Detailed,Leveraged Funds,lev_money,trend26_z,S&P 500,4w,448,0.14878094528127755,0.2219219977493396,0.33911132731089866,1.6464222463867857,0.09967685605176803,448,135,135,2.0460247147288837,-0.1126365898044435,2.1586613045333274,76.29629629629629,55.55555555555556,-2.9877178460435854,-3.0994917172008565,0.2219219977493396,2.1586613045333274,tentative
tff,TFF Detailed,Leveraged Funds,lev_money,trend26_z,S&P 500,13w,439,0.1636283240353826,0.22581322319207298,0.6140231498787857,1.4405944487417086,0.14969928964351614,439,132,132,5.1518320306094685,1.5690491587240307,3.5827828718854375,75.0,65.9090909090909,-4.864371932957538,-5.772662039923105,0.22581322319207298,3.5827828718854375,weak/mixed
tff,TFF Detailed,Leveraged Funds,lev_money,trend26_z,S&P 500,26w,426,0.05638861911590505,0.09343660807661787,0.275250402666682,0.4219500083160055,0.6730615072889736,426,128,128,7.042904478554547,5.422050148223695,1.620854330330852,71.875,78.125,-7.38532878438936,-7.89627972110042,0.09343660807661787,1.620854330330852,weak/mixed
tff,TFF Detailed,Leveraged Funds,lev_money,trend26_z,NASDAQ-100,1w,451,0.03289557402186615,0.07175244785432568,0.04982589069560077,0.6272002344685726,0.5305279895563999,451,136,136,0.6534583932671554,0.20036931441903394,0.45308907884812144,63.23529411764706,57.35294117647059,-1.8404210770140477,-1.5063380620416336,0.07175244785432568,0.45308907884812144,none
tff,TFF Detailed,Leveraged Funds,lev_money,trend26_z,NASDAQ-100,4w,448,0.12503212192388746,0.19831315248330683,0.3578247775728499,1.2248708201859893,0.22062389623864792,448,135,135,2.734515794982775,0.18477276348736812,2.549743031495407,72.5925925925926,54.81481481481482,-3.5950173320754324,-3.9077760180866443,0.19831315248330683,2.549743031495407,weak/mixed
tff,TFF Detailed,Leveraged Funds,lev_money,trend26_z,NASDAQ-100,13w,439,0.1412146363249663,0.18291429916855073,0.7090229656756366,1.0870842009756452,0.276999599420644,439,132,132,6.778266390378103,2.7501437180518837,4.028122672326219,74.24242424242425,68.18181818181817,-6.2106171856039145,-6.971759019123732,0.18291429916855073,4.028122672326219,weak/mixed
tff,TFF Detailed,Leveraged Funds,lev_money,trend26_z,NASDAQ-100,26w,426,0.02411743861648405,0.05393355310260794,0.16313311571038586,0.1585075568844539,0.8740568664086285,426,128,128,8.947537376297621,8.439506915625627,0.5080304606719945,71.875,79.6875,-9.397247854373745,-8.843707658315914,0.05393355310260794,0.5080304606719945,none
tff,TFF Detailed,Leveraged Funds,lev_money,net_raw_bn,S&P 500,1w,528,-0.006577414074325496,-0.01670018355756009,-0.00025515771478630577,-0.18513605096937172,0.8531223257572969,528,159,159,0.17130367611717104,0.33590495747422683,-0.1646012813570558,61.0062893081761,62.264150943396224,-1.2412756609390099,-0.9321762476144421,0.01670018355756009,0.1646012813570558,none
tff,TFF Detailed,Leveraged Funds,lev_money,net_raw_bn,S&P 500,4w,525,-0.023383936868202948,-0.007924335844691112,-0.0017979290280195452,-0.39324891332276296,0.6941356461390618,525,158,158,1.0533839376189404,1.551732853961882,-0.49834891634294154,68.9873417721519,72.78481012658227,-2.589872276799235,-2.031561682954548,0.007924335844691112,0.49834891634294154,none
tff,TFF Detailed,Leveraged Funds,lev_money,net_raw_bn,S&P 500,13w,516,-0.07011577689248748,-0.09640749185625075,-0.009561108320599178,-0.6826516168722787,0.49482700944267977,516,155,155,3.211625951634024,4.747564883178142,-1.5359389315441176,75.48387096774194,82.58064516129032,-4.3687369593907786,-4.10520251033854,0.09640749185625075,1.5359389315441176,weak/mixed
tff,TFF Detailed,Leveraged Funds,lev_money,net_raw_bn,S&P 500,26w,503,-0.12197792407084969,-0.18567432438191944,-0.022936495997141277,-0.9712843840447246,0.33140668289904374,503,151,151,4.489617546799268,9.090147588096894,-4.600530041297626,71.52317880794702,88.0794701986755,-6.803748131300798,-5.812040770528109,0.18567432438191944,4.600530041297626,weak/mixed
tff,TFF Detailed,Leveraged Funds,lev_money,net_raw_bn,NASDAQ-100,1w,528,0.0011003016471760026,-0.007508038999378143,5.545648849428817e-05,0.02952951283942284,0.9764422813580107,528,159,159,0.2734611448518751,0.4580193676770036,-0.18455822282512846,57.23270440251572,61.0062893081761,-1.5867289489512413,-1.3073308479257195,0.007508038999378143,0.18455822282512846,none
tff,TFF Detailed,Leveraged Funds,lev_money,net_raw_bn,NASDAQ-100,4w,525,-0.011706496445124937,0.013414796969784926,-0.0011325050309003088,-0.1790974419977655,0.8578611905244216,525,158,158,1.543627094975988,2.0884252646926886,-0.5447981697167006,68.9873417721519,70.25316455696202,-3.1584823869219227,-2.7140091913373934,0.013414796969784926,0.5447981697167006,none
tff,TFF Detailed,Leveraged Funds,lev_money,net_raw_bn,NASDAQ-100,13w,516,-0.03907756824889949,-0.05146840784297969,-0.007124931298405846,-0.35392070279480575,0.7233983113588516,516,155,155,4.551765033854064,6.26922982152141,-1.7174647876673461,76.12903225806451,77.41935483870968,-5.546031653385005,-5.176146805320639,0.05146840784297969,1.7174647876673461,weak/mixed
tff,TFF Detailed,Leveraged Funds,lev_money,net_raw_bn,NASDAQ-100,26w,503,-0.042954042574052505,-0.11996424035939927,-0.011192698152611143,-0.3449333979164631,0.7301444418066452,503,151,151,7.013208583273152,11.409737801187424,-4.396529217914272,73.50993377483444,90.72847682119205,-8.325182739774133,-7.224614127519868,0.11996424035939927,4.396529217914272,weak/mixed
tff,TFF Detailed,Leveraged Funds,lev_money,trend13_raw_bn,S&P 500,1w,515,0.04386849062313003,0.02793834059738916,0.004054743560850537,1.0736989414223586,0.2829576359797989,515,155,155,0.45271654243448145,0.13272302704077685,0.3199935153937046,60.64516129032258,62.58064516129033,-1.4319834477595275,-1.039104647319397,0.02793834059738916,0.3199935153937046,none
tff,TFF Detailed,Leveraged Funds,lev_money,trend13_raw_bn,S&P 500,4w,512,0.06175738678349093,0.12421455679724427,0.0113705597615869,0.8286131429897311,0.4073233485193826,512,154,154,1.8068994272978036,0.5125649732376191,1.2943344540601847,72.72727272727273,66.88311688311688,-2.9804458763428396,-2.5477757865122483,0.12421455679724427,1.2943344540601847,none
tff,TFF Detailed,Leveraged Funds,lev_money,trend13_raw_bn,S&P 500,13w,503,0.12484480672609481,0.16470263978640018,0.039242262941523366,1.521555846945743,0.12812040791922147,503,151,151,5.716343276099921,2.7869436128087086,2.9293996632912123,79.47019867549669,74.17218543046357,-4.5939380136516474,-4.836161728657646,0.16470263978640018,2.9293996632912123,weak/mixed
tff,TFF Detailed,Leveraged Funds,lev_money,trend13_raw_bn,S&P 500,26w,490,0.14198866840707375,0.2232829468048512,0.05901754091088731,1.891270221619782,0.0585882816729092,490,147,147,9.524313708092262,5.904268081592234,3.620045626500027,82.31292517006803,80.27210884353741,-6.391395662622478,-6.438245821224799,0.2232829468048512,3.620045626500027,tentative
tff,TFF Detailed,Leveraged Funds,lev_money,trend13_raw_bn,NASDAQ-100,1w,515,0.051649125257492996,0.0468562788764888,0.006208168232106579,1.174167110587539,0.24032809689445833,515,155,155,0.7038263211995311,0.17243281053642334,0.5313935106631078,61.29032258064516,60.0,-1.7124900656881252,-1.4606150648636718,0.0468562788764888,0.5313935106631078,none
tff,TFF Detailed,Leveraged Funds,lev_money,trend13_raw_bn,NASDAQ-100,4w,512,0.07982301261885645,0.14683621510969205,0.018481060220022664,0.9479803915252794,0.343139436643008,512,154,154,2.641171112379154,0.7034570180913239,1.9377140942878301,71.42857142857143,62.98701298701299,-3.4032801529938497,-3.4294486887681717,0.14683621510969205,1.9377140942878301,weak/mixed
tff,TFF Detailed,Leveraged Funds,lev_money,trend13_raw_bn,NASDAQ-100,13w,503,0.13680471015450213,0.18719677759660966,0.05753500953033213,1.5748643681695844,0.11528775484995492,503,151,151,7.781488088080572,3.6631175214753426,4.118370566605229,77.48344370860927,68.87417218543047,-5.7345311715727,-6.201291633854801,0.18719677759660966,4.118370566605229,weak/mixed
tff,TFF Detailed,Leveraged Funds,lev_money,trend13_raw_bn,NASDAQ-100,26w,490,0.14138422437713027,0.24874815669148725,0.08145767393510842,1.688091779722494,0.09139361218379485,490,147,147,12.572202280180683,7.707218464436537,4.864983815744146,81.63265306122449,79.59183673469387,-7.972698790013328,-7.865041882907097,0.24874815669148725,4.864983815744146,tentative
tff,TFF Detailed,Leveraged Funds,lev_money,trend26_raw_bn,S&P 500,1w,502,0.06101674403027015,0.07011133570739601,0.005074461138570519,1.4817838502206382,0.13839781759208936,502,151,151,0.44219226390930505,0.1309540526714451,0.31123821123785994,64.90066225165563,56.95364238410596,-1.382953749229773,-1.0337461117614453,0.07011133570739601,0.31123821123785994,weak/mixed
tff,TFF Detailed,Leveraged Funds,lev_money,trend26_raw_bn,S&P 500,4w,499,0.12048605998876454,0.15971712098896587,0.01957040976800477,1.8111557529472135,0.07011674524891787,499,150,150,1.8953223577031877,0.5843074374963831,1.3110149202068047,76.66666666666667,64.0,-2.759371842576673,-2.5806732146160014,0.15971712098896587,1.3110149202068047,tentative
tff,TFF Detailed,Leveraged Funds,lev_money,trend26_raw_bn,S&P 500,13w,490,0.15530066782865706,0.18082923447139282,0.042973073740460305,2.0441632110654098,0.040937426224218164,490,147,147,5.239305669395822,2.2605056927529046,2.9787999766429176,78.2312925170068,70.74829931972789,-4.117626663559142,-5.244082216769399,0.18082923447139282,2.9787999766429176,supported
tff,TFF Detailed,Leveraged Funds,lev_money,trend26_raw_bn,S&P 500,26w,477,0.04424930374852361,0.042419272911659325,0.016237109636847376,0.47617419758632684,0.6339502801740788,477,143,143,7.166075912616467,6.7560005653487325,0.41007534726773454,74.82517482517483,83.21678321678321,-6.506329290955987,-6.808444733853993,0.042419272911659325,0.41007534726773454,none
tff,TFF Detailed,Leveraged Funds,lev_money,trend26_raw_bn,NASDAQ-100,1w,502,0.05352524177141156,0.07914053954299823,0.005789339683822501,1.2438720210597047,0.21354666825011134,502,151,151,0.6845748808616618,0.17408346994271293,0.5104914109189489,64.23841059602648,56.29139072847682,-1.6797943893319753,-1.477167054075704,0.07914053954299823,0.5104914109189489,none
tff,TFF Detailed,Leveraged Funds,lev_money,trend26_raw_bn,NASDAQ-100,4w,499,0.11166550296500127,0.1553488664075138,0.022849727739109885,1.5285856193347103,0.1263672032812349,499,150,150,2.6110622832865813,0.8298454497391884,1.781216833547393,74.0,61.33333333333333,-3.3070593938476587,-3.4477723252948156,0.1553488664075138,1.781216833547393,weak/mixed
tff,TFF Detailed,Leveraged Funds,lev_money,trend26_raw_bn,NASDAQ-100,13w,490,0.15678423548465487,0.1730060329705833,0.058098608717993744,1.9744357450576928,0.04833221693864757,490,147,147,6.847858177106129,3.0656179442133156,3.7822402328928137,77.55102040816327,65.98639455782312,-5.478229627772628,-6.636352358103131,0.1730060329705833,3.7822402328928137,supported
tff,TFF Detailed,Leveraged Funds,lev_money,trend26_raw_bn,NASDAQ-100,26w,477,0.051302409672198734,0.03261424566668855,0.026086401492217543,0.5242752370480788,0.6000871177047388,477,143,143,9.187798093973651,9.273216256606599,-0.08541816263294777,74.12587412587412,83.21678321678321,-8.461968058877265,-8.302528071678715,0.03261424566668855,0.08541816263294777,none
tff,TFF Detailed,Other Reportables,other_reportable,net_z,S&P 500,1w,477,-0.036025070037950975,-0.025542671477685568,-0.040766823063976,-0.7687461432222569,0.4420440263394003,477,143,143,0.18287204510827693,0.40544009758849503,-0.2225680524802181,61.53846153846154,68.53146853146853,-1.3476628349838984,-0.8485846615904818,0.025542671477685568,0.2225680524802181,none
tff,TFF Detailed,Other Reportables,other_reportable,net_z,S&P 500,4w,474,-0.08007177653981565,-0.08516363298322614,-0.1767347783028207,-1.1292143292934596,0.2588074303804018,474,142,142,1.2158815768549123,1.8245875840768984,-0.6087060072219861,67.6056338028169,77.46478873239437,-2.8214002737980723,-1.7842592138710727,0.08516363298322614,0.6087060072219861,none
tff,TFF Detailed,Other Reportables,other_reportable,net_z,S&P 500,13w,465,-0.026713384664113705,-0.07671005456706786,-0.09700198770982373,-0.26155173717414926,0.793667057058808,465,140,140,3.856025757288124,4.831626786205863,-0.975601028917739,75.71428571428571,85.0,-5.246121693990196,-3.3838849501611463,0.07671005456706786,0.975601028917739,none
tff,TFF Detailed,Other Reportables,other_reportable,net_z,S&P 500,26w,452,0.003893109216202298,-0.08239388841118728,0.01846187371425435,0.02812218325841374,0.9775647013872208,452,136,136,7.125165436894112,7.90612299078615,-0.7809575538920379,82.35294117647058,81.61764705882352,-6.992893917084704,-6.180766813295107,0.08239388841118728,0.7809575538920379,none
tff,TFF Detailed,Other Reportables,other_reportable,net_z,NASDAQ-100,1w,477,-0.03739768947379763,-0.02796465550773873,-0.055001723323854994,-0.820830870900976,0.4117426117120291,477,143,143,0.2781092182492263,0.6167585012068372,-0.3386492829576109,61.53846153846154,63.63636363636363,-1.725863761227815,-1.1050653388458713,0.02796465550773873,0.3386492829576109,none
tff,TFF Detailed,Other Reportables,other_reportable,net_z,NASDAQ-100,4w,474,-0.08882470975710259,-0.10203683802060082,-0.24675615076092688,-1.114990040809063,0.2648546895221408,474,142,142,1.6228031703531252,2.5869471942782174,-0.9641440239250922,62.676056338028175,78.87323943661971,-3.5867142746968956,-2.2721231652236367,0.10203683802060082,0.9641440239250922,none
tff,TFF Detailed,Other Reportables,other_reportable,net_z,NASDAQ-100,13w,465,0.002296930253476618,-0.018069672072450554,0.011143219444338453,0.02236331584224897,0.9821581427455227,465,140,140,5.863386493871313,6.649654652490156,-0.7862681586188431,72.85714285714285,85.0,-6.360217125252783,-4.0923865933303745,0.018069672072450554,0.7862681586188431,none
tff,TFF Detailed,Other Reportables,other_reportable,net_z,NASDAQ-100,26w,452,0.016099697501529495,-0.07146010227131408,0.10559166780722823,0.12983668220948902,0.8966956403357653,452,136,136,10.616912717615435,11.544376042605768,-0.9274633249903328,80.88235294117648,90.44117647058823,-8.603324819208552,-6.170407648963783,0.07146010227131408,0.9274633249903328,none
tff,TFF Detailed,Other Reportables,other_reportable,flow1_z,S&P 500,1w,476,-0.02833275634469814,-0.020464813532165595,-0.03421427154984381,-0.5595134112461876,0.5758113809990331,476,143,143,0.23962081629477539,0.3116702043945184,-0.07204938809974304,59.44055944055944,65.73426573426573,-1.3734890895284138,-1.0061486502263508,0.020464813532165595,0.07204938809974304,none
tff,TFF Detailed,Other Reportables,other_reportable,flow1_z,S&P 500,4w,473,-0.01054722978964604,-0.004430289029611463,-0.02484764202779393,-0.26318439354025214,0.7924084590577599,473,142,142,1.2694960682547483,0.9589453662471745,0.31055070200757373,71.12676056338029,71.83098591549296,-2.7938845623155046,-2.66265391544125,0.004430289029611463,0.31055070200757373,none
tff,TFF Detailed,Other Reportables,other_reportable,flow1_z,S&P 500,13w,464,-0.07529057499156441,-0.06560637329213885,-0.29097548138953866,-1.9871749386751374,0.04690301405059641,464,139,139,3.3544000966809335,4.3282382108639865,-0.973838114183053,74.10071942446042,79.85611510791367,-5.9699158541980495,-4.3120804566981885,0.06560637329213885,0.973838114183053,weak/mixed
tff,TFF Detailed,Other Reportables,other_reportable,flow1_z,S&P 500,26w,451,0.006052388359219168,-0.014655861441961158,0.030296383626239765,0.19123423774650186,0.848342080731594,451,136,136,7.392153524004337,7.52759090631003,-0.13543738230569247,77.20588235294117,81.61764705882352,-8.18559504699521,-6.3107444609276016,0.014655861441961158,0.13543738230569247,none
tff,TFF Detailed,Other Reportables,other_reportable,flow1_z,NASDAQ-100,1w,476,0.0036867227500413874,-0.0051985680071432745,0.00578599985702238,0.09137280515001989,0.9271963696838944,476,143,143,0.3891226139906852,0.4574411568015409,-0.0683185428108557,58.74125874125874,60.13986013986013,-1.7307514965907889,-1.3262883594998165,0.0051985680071432745,0.0683185428108557,none
tff,TFF Detailed,Other Reportables,other_reportable,flow1_z,NASDAQ-100,4w,473,-0.0400028085012879,-0.05756756278652469,-0.1185601187316113,-0.9823366200928194,0.3259340392444724,473,142,142,1.5926787254295045,1.7247740082026997,-0.13209528277319516,64.7887323943662,70.4225352112676,-3.5003424748771472,-3.2391172520740814,0.05756756278652469,0.13209528277319516,none
tff,TFF Detailed,Other Reportables,other_reportable,flow1_z,NASDAQ-100,13w,464,-0.07859318026695465,-0.06516539855899403,-0.40576249449982205,-2.0128524824948566,0.04413015075039777,464,139,139,5.106190691337774,6.2159064597098705,-1.1097157683720962,71.94244604316546,78.41726618705036,-6.749738545531359,-5.228468528730609,0.06516539855899403,1.1097157683720962,tentative
tff,TFF Detailed,Other Reportables,other_reportable,flow1_z,NASDAQ-100,26w,451,0.003522234083871141,-0.014826311899482627,0.024385929366989936,0.1417468600779427,0.8872799596178482,451,136,136,10.928010113099091,10.359763476050421,0.5682466370486701,83.08823529411765,80.88235294117648,-8.848791094121639,-7.496848175427041,0.014826311899482627,0.5682466370486701,none
tff,TFF Detailed,Other Reportables,other_reportable,flow4_z,S&P 500,1w,473,-0.012466967907234143,0.0022078304386223143,-0.0148394460269368,-0.283019663936685,0.777161763360367,473,142,142,0.1444203503587607,0.12416192150958394,0.02025842884917675,59.154929577464785,57.74647887323944,-1.3651147673435793,-1.0482032276862616,0.0022078304386223143,0.02025842884917675,none
tff,TFF Detailed,Other Reportables,other_reportable,flow4_z,S&P 500,4w,470,-0.060983467185787905,-0.010279907453613393,-0.14175348742613278,-1.091016050725727,0.27526581998877386,470,141,141,0.9810336200380164,0.7621165639741467,0.21891705606386969,68.79432624113475,68.08510638297872,-3.228605628880486,-2.6898413946301454,0.010279907453613393,0.21891705606386969,none
tff,TFF Detailed,Other Reportables,other_reportable,flow4_z,S&P 500,13w,461,-0.15586843566606445,-0.14415670154611968,-0.5954471084933691,-3.2112474022777056,0.0013216010129723911,461,139,139,1.9831066022240542,4.418822823258807,-2.4357162210347534,65.46762589928058,82.01438848920863,-7.0874891372719215,-4.100020218908592,0.14415670154611968,2.4357162210347534,supported
tff,TFF Detailed,Other Reportables,other_reportable,flow4_z,S&P 500,26w,448,-0.023735190942321276,-0.03133134354173651,-0.11774036176630327,-0.5231135651225346,0.6008952261429399,448,135,135,6.49497852317347,6.133937576430022,0.3610409467434472,77.03703703703704,73.33333333333333,-9.232730764123497,-6.068100369010249,0.03133134354173651,0.3610409467434472,none
tff,TFF Detailed,Other Reportables,other_reportable,flow4_z,NASDAQ-100,1w,473,-0.04170972188399683,-0.038977335662346874,-0.06448040308790663,-1.0041452815155698,0.31530859217748886,473,142,142,0.14170396836105423,0.33396229648439363,-0.1922583281233394,54.22535211267606,61.267605633802816,-1.7612588318413327,-1.402229347763228,0.038977335662346874,0.1922583281233394,none
tff,TFF Detailed,Other Reportables,other_reportable,flow4_z,NASDAQ-100,4w,470,-0.1345870490089199,-0.08932644966367129,-0.393072506476637,-2.2151158602367227,0.02675211308658816,470,141,141,1.1748207546864642,1.6533731690436015,-0.47855241435713736,62.4113475177305,70.2127659574468,-4.003815442832834,-3.216462518539023,0.08932644966367129,0.47855241435713736,weak/mixed
tff,TFF Detailed,Other Reportables,other_reportable,flow4_z,NASDAQ-100,13w,461,-0.16669191748491077,-0.16242511614576127,-0.8506553133629129,-3.3342987479497586,0.0008551475758255176,461,139,139,3.2783194439298584,6.398657820975835,-3.1203383770459765,65.46762589928058,79.13669064748201,-7.956171970841653,-5.031765526243621,0.16242511614576127,3.1203383770459765,supported
tff,TFF Detailed,Other Reportables,other_reportable,flow4_z,NASDAQ-100,26w,448,-0.04343923227457315,-0.03630084004723397,-0.29807446075352195,-0.9608968117397805,0.33660405403440735,448,135,135,9.490922021412878,8.89632735076673,0.5945946706461473,80.74074074074075,74.81481481481481,-10.027097181245905,-7.480321671662936,0.03630084004723397,0.5945946706461473,none
tff,TFF Detailed,Other Reportables,other_reportable,trend13_z,S&P 500,1w,464,-0.0830130889642847,-0.06904263676703415,-0.1002689215504324,-1.7778981031859815,0.07542059182217935,464,139,139,0.046553366178890096,0.4326580156050533,-0.3861046494261632,58.27338129496403,68.34532374100719,-1.5650123896071118,-0.8198841324865782,0.06904263676703415,0.3861046494261632,weak/mixed
tff,TFF Detailed,Other Reportables,other_reportable,trend13_z,S&P 500,4w,461,-0.168290848446991,-0.1656455965047873,-0.39750436345054874,-2.63593476628006,0.00839058603579691,461,139,139,-0.2439914353566991,1.7050298968247504,-1.9490213321814496,53.956834532374096,80.57553956834532,-4.194317339657243,-1.6839994644955896,0.1656455965047873,1.9490213321814496,tentative
tff,TFF Detailed,Other Reportables,other_reportable,trend13_z,S&P 500,13w,452,-0.09489792281442559,-0.12490024901847371,-0.3684630972367954,-1.2752763373487175,0.20221145003048968,452,136,136,2.2604598596682126,4.325040043923871,-2.0645801842556586,66.17647058823529,75.73529411764706,-7.625256777959701,-3.236888096009822,0.12490024901847371,2.0645801842556586,weak/mixed
tff,TFF Detailed,Other Reportables,other_reportable,trend13_z,S&P 500,26w,439,-0.01966169561241942,-0.05866639055705115,-0.0983977820975259,-0.23740749542569686,0.8123406754258429,439,132,132,6.545964376171329,7.87582387982954,-1.329859503658211,77.27272727272727,86.36363636363636,-8.88526496987978,-4.751091346030621,0.05866639055705115,1.329859503658211,none
tff,TFF Detailed,Other Reportables,other_reportable,trend13_z,NASDAQ-100,1w,464,-0.0928139329451435,-0.08517755509481376,-0.14542202299166687,-2.320161678447178,0.020332132788126255,464,139,139,0.0859710178009626,0.674250394809169,-0.5882793770082064,55.39568345323741,64.02877697841727,-1.9720524083452649,-1.095730673156493,0.08517755509481376,0.5882793770082064,weak/mixed
tff,TFF Detailed,Other Reportables,other_reportable,trend13_z,NASDAQ-100,4w,461,-0.19747848578022664,-0.19219995321098787,-0.5857795091304022,-3.123892134597277,0.0017847587123880355,461,139,139,0.021944694628155827,2.5773524598714337,-2.555407765243278,51.07913669064749,77.6978417266187,-4.976463148677128,-2.065299235815661,0.19219995321098787,2.555407765243278,supported
tff,TFF Detailed,Other Reportables,other_reportable,trend13_z,NASDAQ-100,13w,452,-0.07468832947001837,-0.09054172920933548,-0.3873544418281107,-0.920727141839407,0.3571929019296465,452,136,136,4.098979689612408,5.912563951237444,-1.813584261625036,71.32352941176471,75.0,-8.498201609906197,-4.2493513207434965,0.09054172920933548,1.813584261625036,weak/mixed
tff,TFF Detailed,Other Reportables,other_reportable,trend13_z,NASDAQ-100,26w,439,-0.027156314013640125,-0.05176615595843604,-0.18827587277461347,-0.2945181552293252,0.7683619924254594,439,132,132,9.793446928116033,11.313594439465437,-1.5201475113494034,78.03030303030303,87.87878787878788,-9.942356863758784,-5.867739389292643,0.05176615595843604,1.5201475113494034,weak/mixed
tff,TFF Detailed,Other Reportables,other_reportable,trend26_z,S&P 500,1w,451,-0.0058767184390514,0.021643676131049314,-0.007165841395866233,-0.1228805041355835,0.9022017240596354,451,136,136,0.2466324107158129,0.3874531332714555,-0.14082072255564257,63.970588235294116,64.70588235294117,-1.5310938982799829,-0.8411320789700357,0.021643676131049314,0.14082072255564257,none
tff,TFF Detailed,Other Reportables,other_reportable,trend26_z,S&P 500,4w,448,-0.04808150629616229,-0.0019191470552436755,-0.11449407122131879,-0.7371705503007353,0.46101864008913074,448,135,135,0.6309061872463134,1.256909008445101,-0.6260028211987875,65.92592592592592,72.5925925925926,-3.5568894594946583,-2.035983299404849,0.0019191470552436755,0.6260028211987875,none
tff,TFF Detailed,Other Reportables,other_reportable,trend26_z,S&P 500,13w,439,-0.030039000021086906,-0.03413551686869002,-0.11699468394129071,-0.3938500792547241,0.6936917285117462,439,132,132,3.055548394515853,4.0970599423984115,-1.0415115478825587,72.72727272727273,81.81818181818183,-6.567726817910809,-3.4019334707773217,0.03413551686869002,1.0415115478825587,none
tff,TFF Detailed,Other Reportables,other_reportable,trend26_z,S&P 500,26w,426,-0.03346650569263244,-0.05114792904000668,-0.16844857922089013,-0.3737702243416452,0.7085752740325051,426,128,128,6.341518749204566,6.922224216282773,-0.5807054670782072,75.78125,82.8125,-8.13656786736999,-5.669483944280769,0.05114792904000668,0.5807054670782072,none
tff,TFF Detailed,Other Reportables,other_reportable,trend26_z,NASDAQ-100,1w,451,-0.017321330509530473,0.002124940316177095,-0.027364602050744855,-0.39697233172317387,0.6913878638965909,451,136,136,0.3479135183806283,0.531639424027343,-0.1837259056467147,61.029411764705884,61.76470588235294,-1.9459995575835711,-1.1750317174803657,0.002124940316177095,0.1837259056467147,none
tff,TFF Detailed,Other Reportables,other_reportable,trend26_z,NASDAQ-100,4w,448,-0.07866082083907373,-0.04344385734144481,-0.23518912316825116,-1.1430156968669274,0.25303207391439847,448,135,135,0.8679417639419109,2.0829047281567457,-1.2149629642148347,58.51851851851851,76.29629629629629,-4.306334127005374,-2.561260490289842,0.04344385734144481,1.2149629642148347,none
tff,TFF Detailed,Other Reportables,other_reportable,trend26_z,NASDAQ-100,13w,439,-0.03135736229857474,-0.05064507527296555,-0.16340844928053008,-0.39909424318315684,0.6898237639335975,439,132,132,4.1461359986501005,5.902823449208951,-1.7566874505588501,68.18181818181817,80.3030303030303,-7.658194560895622,-4.352406660126081,0.05064507527296555,1.7566874505588501,weak/mixed
tff,TFF Detailed,Other Reportables,other_reportable,trend26_z,NASDAQ-100,26w,426,-0.03651049468110767,-0.05770841054038795,-0.2546532046843667,-0.3591528860634835,0.7194807198625426,426,128,128,8.691978142418883,9.995594802939825,-1.3036166605209427,75.0,85.15625,-9.593854282501617,-6.400581627764876,0.05770841054038795,1.3036166605209427,none
tff,TFF Detailed,Other Reportables,other_reportable,net_raw_bn,S&P 500,1w,528,-0.00014057206388822083,-0.013103218436757429,-2.4081419422358405e-05,-0.0026104987914854464,0.9979171256839748,528,159,159,0.3244155325817772,0.35221388233908396,-0.027798349757306773,61.0062893081761,62.264150943396224,-1.152009266872021,-0.9778245965604893,0.013103218436757429,0.027798349757306773,none
tff,TFF Detailed,Other Reportables,other_reportable,net_raw_bn,S&P 500,4w,525,-0.02407491429501574,-0.07968180253844782,-0.00801998246207403,-0.2769216700199891,0.7818402527751035,525,158,158,1.2360809680964184,1.5604835293772579,-0.32440256128083944,67.08860759493672,74.68354430379746,-2.578196623449574,-2.239381278498226,0.07968180253844782,0.32440256128083944,none
tff,TFF Detailed,Other Reportables,other_reportable,net_raw_bn,S&P 500,13w,516,0.037543451433096994,-0.06902073680896045,0.020587152729114426,0.3228411203075858,0.7468155695488572,516,155,155,4.454787042592038,4.493720743571839,-0.03893370097980142,79.35483870967742,80.0,-4.7793148616646,-3.819927389494777,0.06902073680896045,0.03893370097980142,none
tff,TFF Detailed,Other Reportables,other_reportable,net_raw_bn,S&P 500,26w,503,0.03282181715862463,-0.10803090770497487,0.02387503408291993,0.20901846832918466,0.8344338213934999,503,151,151,7.593182972588955,7.504557290454594,0.08862568213436095,86.09271523178808,77.48344370860927,-6.3305587692018115,-6.184342298693692,0.10803090770497487,0.08862568213436095,none
tff,TFF Detailed,Other Reportables,other_reportable,net_raw_bn,NASDAQ-100,1w,528,-0.003864535051756329,-0.011999231725685637,-0.0008601365332116858,-0.07375377787407095,0.9412063067148068,528,159,159,0.45530501585249783,0.45658165910864323,-0.0012766432561454044,61.0062893081761,58.490566037735846,-1.5092954930278837,-1.3740592634291597,0.011999231725685637,0.0012766432561454044,none
tff,TFF Detailed,Other Reportables,other_reportable,net_raw_bn,NASDAQ-100,4w,525,-0.027483265466850138,-0.08644480472361935,-0.011519544044623692,-0.28923965218203745,0.7723979899205669,525,158,158,1.5769949136815906,1.9195411913312896,-0.342546277649699,62.65822784810127,71.51898734177216,-3.275487482531336,-3.0664152912118157,0.08644480472361935,0.342546277649699,none
tff,TFF Detailed,Other Reportables,other_reportable,net_raw_bn,NASDAQ-100,13w,516,0.07236210594920732,0.01824837441637737,0.053055932407408704,0.6370919540757913,0.5240649491306988,516,155,155,6.309255312004159,5.0716988141377755,1.2375564978663833,76.77419354838709,78.06451612903226,-5.878233451699475,-5.358110961252866,0.01824837441637737,1.2375564978663833,none
tff,TFF Detailed,Other Reportables,other_reportable,net_raw_bn,NASDAQ-100,26w,503,0.06444658793758103,-0.042677345149365616,0.06496302240013402,0.4749407054985483,0.6348292369083496,503,151,151,11.087634981385728,8.215322544614954,2.8723124367707733,86.09271523178808,77.48344370860927,-7.82552004919707,-7.875622073880483,0.042677345149365616,2.8723124367707733,weak/mixed
tff,TFF Detailed,Other Reportables,other_reportable,trend13_raw_bn,S&P 500,1w,515,-0.06200511120539085,-0.06283207687570339,-0.012871938629239368,-1.4206534753961224,0.1554175241518278,515,155,155,0.20685013835697266,0.41916916568230367,-0.212319027325331,59.354838709677416,65.80645161290323,-1.4472810790146124,-0.8552116657835016,0.06283207687570339,0.212319027325331,weak/mixed
tff,TFF Detailed,Other Reportables,other_reportable,trend13_raw_bn,S&P 500,4w,512,-0.13009326707762225,-0.15070013074924754,-0.053076296686466976,-2.2388735931179875,0.02516414212242882,512,154,154,0.004668360457357545,1.8083073853244385,-1.8036390248670808,55.1948051948052,79.87012987012987,-3.8777812585895335,-1.6534579109603094,0.15070013074924754,1.8036390248670808,tentative
tff,TFF Detailed,Other Reportables,other_reportable,trend13_raw_bn,S&P 500,13w,503,0.0017357154677962194,-0.067639599700224,0.0011656948173657366,0.026933229247018204,0.9785129900179854,503,151,151,2.7429031141121865,4.044180150556689,-1.3012770364445023,69.5364238410596,76.15894039735099,-7.119960185734096,-3.2697536756359344,0.067639599700224,1.3012770364445023,none
tff,TFF Detailed,Other Reportables,other_reportable,trend13_raw_bn,S&P 500,26w,490,0.004408080700687923,-0.03807108139321102,0.0038533853458597297,0.05742291975519407,0.9542083057984234,490,147,147,6.809960869077471,7.7384403726560205,-0.9284795035785498,77.55102040816327,86.39455782312925,-8.619134588235623,-4.988463316251194,0.03807108139321102,0.9284795035785498,none
tff,TFF Detailed,Other Reportables,other_reportable,trend13_raw_bn,NASDAQ-100,1w,515,-0.07604382068362225,-0.08950040105319293,-0.020529113910993085,-1.795549099053894,0.07256625737188738,515,155,155,0.2710938165125158,0.6927945223178843,-0.4217007058053685,58.06451612903226,64.51612903225806,-1.8585742175839186,-1.1255722760329219,0.08950040105319293,0.4217007058053685,weak/mixed
tff,TFF Detailed,Other Reportables,other_reportable,trend13_raw_bn,NASDAQ-100,4w,512,-0.15729153732636192,-0.19062836171478922,-0.0806969244669575,-2.5047772597372875,0.012252852911350903,512,154,154,0.26140225269144696,2.7313477118849305,-2.4699454591934837,52.5974025974026,78.57142857142857,-4.680313518271158,-1.972154000820735,0.19062836171478922,2.4699454591934837,supported
tff,TFF Detailed,Other Reportables,other_reportable,trend13_raw_bn,NASDAQ-100,13w,503,0.010061223973260947,-0.05894777417830336,0.009040755533756169,0.1518366470855249,0.8793157770318037,503,151,151,4.358699960184308,5.577423412444554,-1.218723452260246,70.86092715231787,74.83443708609272,-8.252419085221945,-4.2568657040057065,0.05894777417830336,1.218723452260246,none
tff,TFF Detailed,Other Reportables,other_reportable,trend13_raw_bn,NASDAQ-100,26w,490,-0.01455222170304354,-0.05483039266710646,-0.017632984860174963,-0.1944967839553092,0.8457869136796762,490,147,147,9.706179962421983,10.866279974196152,-1.160100011774169,76.87074829931973,87.75510204081633,-9.996095444323124,-6.220609635927524,0.05483039266710646,1.160100011774169,none
tff,TFF Detailed,Other Reportables,other_reportable,trend26_raw_bn,S&P 500,1w,502,0.02092500416526785,0.01596684653393663,0.0037532584906363902,0.5251021593557726,0.5995121750772376,502,151,151,0.2648707734630817,0.2826580403799153,-0.017787266916833633,64.23841059602648,62.913907284768214,-1.4575646161264684,-0.8866411327722035,0.01596684653393663,0.017787266916833633,none
tff,TFF Detailed,Other Reportables,other_reportable,trend26_raw_bn,S&P 500,4w,499,-0.02068219097042439,0.01736195282130526,-0.007261101499077832,-0.3449566718823524,0.7301269444380987,499,150,150,1.0035379423102107,1.2092043314304943,-0.20566638912028368,68.0,72.0,-3.255237291984475,-2.046826309776354,0.01736195282130526,0.20566638912028368,none
tff,TFF Detailed,Other Reportables,other_reportable,trend26_raw_bn,S&P 500,13w,490,0.0063643129821207255,-0.01819764653203003,0.0036593695988799586,0.08566285858384098,0.9317344281136146,490,147,147,3.5422487341848874,4.377028403127386,-0.8347796689424984,72.78911564625851,85.03401360544217,-6.078486319318858,-3.192133738710789,0.01819764653203003,0.8347796689424984,none
tff,TFF Detailed,Other Reportables,other_reportable,trend26_raw_bn,S&P 500,26w,477,0.0003230686975559977,-0.019124441439953257,0.00024174140234715615,0.003385199546112719,0.9972990067056271,477,143,143,6.949303615322749,7.206361820406357,-0.25705820508360855,76.92307692307693,85.3146853146853,-7.761526160046209,-5.242050724612197,0.019124441439953257,0.25705820508360855,none
tff,TFF Detailed,Other Reportables,other_reportable,trend26_raw_bn,NASDAQ-100,1w,502,0.002115878817941893,-0.005727734886100531,0.0004935864241757616,0.05333505955187553,0.9574649464609011,502,151,151,0.3589516612804232,0.41003964593557646,-0.05108798465515324,60.264900662251655,59.60264900662252,-1.8740079409727537,-1.2566065973995975,0.005727734886100531,0.05108798465515324,none
tff,TFF Detailed,Other Reportables,other_reportable,trend26_raw_bn,NASDAQ-100,4w,499,-0.05394950077200843,-0.03591954994326001,-0.023861199997745268,-0.8330193663841555,0.40483380710725964,499,150,150,1.2588045504356697,1.9470441361611193,-0.6882395857254495,61.33333333333333,75.33333333333333,-4.045486738224086,-2.630792739631381,0.03591954994326001,0.6882395857254495,none
tff,TFF Detailed,Other Reportables,other_reportable,trend26_raw_bn,NASDAQ-100,13w,490,-0.012929226740696562,-0.048941903301622784,-0.009955602382823258,-0.18062613189186622,0.8566610429689155,490,147,147,4.538582456266993,6.176375443301208,-1.6377929870342154,69.38775510204081,82.31292517006803,-7.3640493842655586,-4.144369222346665,0.048941903301622784,1.6377929870342154,weak/mixed
tff,TFF Detailed,Other Reportables,other_reportable,trend26_raw_bn,NASDAQ-100,26w,477,-0.01667757556257897,-0.028925930520625396,-0.017292715699221698,-0.17812338724200813,0.8586260753658777,477,143,143,8.951816221069745,10.260085820627651,-1.3082695995579066,75.52447552447552,88.11188811188812,-9.474165285035754,-6.016294348850618,0.028925930520625396,1.3082695995579066,none
tff,TFF Detailed,Non-reportable,non_reportable,net_z,S&P 500,1w,477,-0.02507744584259972,-0.05293790366861199,-0.025536135142731082,-0.5779944135169022,0.5632678909037838,477,143,143,0.2678608284286748,0.30477459758554276,-0.03691376915686795,63.63636363636363,64.33566433566433,-0.9969730361017604,-1.370220926340353,0.05293790366861199,0.03691376915686795,none
tff,TFF Detailed,Non-reportable,non_reportable,net_z,S&P 500,4w,474,-0.0492710117730661,-0.08586225109968973,-0.09805027013559323,-0.7201051562265244,0.47146025305579686,474,142,142,0.8519352684230485,1.3244924093646506,-0.47255714094160217,67.6056338028169,69.71830985915493,-2.4651044359810643,-2.6730278274384354,0.08586225109968973,0.47255714094160217,none
tff,TFF Detailed,Non-reportable,non_reportable,net_z,S&P 500,13w,465,-0.04601836739125212,-0.03159328199668684,-0.15074558766342683,-0.4088885738178913,0.6826214346506755,465,140,140,3.200887315534679,4.021950606303848,-0.8210632907691693,76.42857142857142,77.14285714285715,-4.778862135185494,-4.2759374291630605,0.03159328199668684,0.8210632907691693,none
tff,TFF Detailed,Non-reportable,non_reportable,net_z,S&P 500,26w,452,0.015834430374252487,0.008904915174793086,0.06714622709238247,0.11277002879997863,0.9102128802886352,452,136,136,7.024973622264006,7.296886638187522,-0.27191301592351635,81.61764705882352,82.35294117647058,-6.571771454872641,-5.098332931808043,0.008904915174793086,0.27191301592351635,none
tff,TFF Detailed,Non-reportable,non_reportable,net_z,NASDAQ-100,1w,477,-0.04787002713212536,-0.06704721835051222,-0.06335268587702357,-1.1268391053708342,0.25981051341334643,477,143,143,0.3158258705796743,0.5184105784341594,-0.20258470785448507,59.44055944055944,63.63636363636363,-1.4183537256503984,-1.7039463913008634,0.06704721835051222,0.20258470785448507,none
tff,TFF Detailed,Non-reportable,non_reportable,net_z,NASDAQ-100,4w,474,-0.08218861196568583,-0.10008566522952284,-0.20585460874327874,-1.0807983110764274,0.27978683991170133,474,142,142,1.0908971578909754,1.9756247466616899,-0.8847275887707144,62.676056338028175,71.12676056338029,-3.25735070272869,-3.3035659558640287,0.10008566522952284,0.8847275887707144,none
tff,TFF Detailed,Non-reportable,non_reportable,net_z,NASDAQ-100,13w,465,-0.09459912501047003,-0.07309242028577295,-0.4140108101272127,-0.7663177139772329,0.4434872807382048,465,140,140,4.114469930505155,6.076215119666789,-1.9617451891616335,71.42857142857143,76.42857142857142,-6.060481882313723,-5.267429101091686,0.07309242028577295,1.9617451891616335,weak/mixed
tff,TFF Detailed,Non-reportable,non_reportable,net_z,NASDAQ-100,26w,452,-0.06853480443242178,-0.09524284141734823,-0.40194172592720645,-0.5121573410696385,0.6085408960028188,452,136,136,8.956455800368424,11.053625133303438,-2.097169332935014,86.02941176470588,77.20588235294117,-8.275991178441986,-6.239243479229026,0.09524284141734823,2.097169332935014,weak/mixed
tff,TFF Detailed,Non-reportable,non_reportable,flow1_z,S&P 500,1w,476,-0.04385227134800061,-0.0353517534123878,-0.053652327200365814,-0.9439549000368538,0.3451926954548223,476,143,143,0.1156970407575568,0.11485942459174603,0.0008376161658107673,61.53846153846154,58.74125874125874,-1.1171984588186263,-1.3620909267895511,0.0353517534123878,0.0008376161658107673,none
tff,TFF Detailed,Non-reportable,non_reportable,flow1_z,S&P 500,4w,473,0.02722682131902293,0.04847452184085206,0.0651537534466621,0.7690171351409799,0.4418831383895874,473,142,142,1.3878805160302807,1.0237692873831066,0.36411122864717416,74.64788732394366,68.30985915492957,-2.409927540072494,-2.9026314084597313,0.04847452184085206,0.36411122864717416,none
tff,TFF Detailed,Non-reportable,non_reportable,flow1_z,S&P 500,13w,464,-0.052191269000928575,-0.028890632019738755,-0.20637807060202784,-1.3138029009986418,0.18891254112808373,464,139,139,3.6619016799237896,4.085254350285165,-0.4233526703613757,77.6978417266187,79.13669064748201,-4.561311142805947,-5.241266721753661,0.028890632019738755,0.4233526703613757,weak/mixed
tff,TFF Detailed,Non-reportable,non_reportable,flow1_z,S&P 500,26w,451,-0.020115282556165785,0.004350607303337715,-0.10539920313182774,-0.47744558931272657,0.6330448572218279,451,136,136,6.768171777446355,7.544565051442803,-0.7763932739964483,78.67647058823529,77.94117647058823,-6.596333971705038,-7.1091585789266185,0.004350607303337715,0.7763932739964483,none
tff,TFF Detailed,Non-reportable,non_reportable,flow1_z,NASDAQ-100,1w,476,-0.05935838576951979,-0.04199933796756041,-0.09438392249679192,-1.3162283993437107,0.1880973944815921,476,143,143,0.24395266858542602,0.29863140964417556,-0.054678741058749536,60.13986013986013,59.44055944055944,-1.4440632789032242,-1.6737175949793772,0.04199933796756041,0.054678741058749536,weak/mixed
tff,TFF Detailed,Non-reportable,non_reportable,flow1_z,NASDAQ-100,4w,473,0.0005152622005758397,0.02141788299564603,0.0015512155565958403,0.013064013688760137,0.9895767216639303,473,142,142,1.9379770026642902,1.6114071482301215,0.32656985443416864,73.23943661971832,64.08450704225352,-3.035743361552231,-3.454043573319688,0.02141788299564603,0.32656985443416864,none
tff,TFF Detailed,Non-reportable,non_reportable,flow1_z,NASDAQ-100,13w,464,-0.0813160303871366,-0.044783020250482294,-0.429549401546024,-1.8278888549398853,0.06756623404890844,464,139,139,5.249814678643322,6.101698131156459,-0.8518834525131371,77.6978417266187,75.53956834532374,-5.478690501463696,-6.19101311565699,0.044783020250482294,0.8518834525131371,weak/mixed
tff,TFF Detailed,Non-reportable,non_reportable,flow1_z,NASDAQ-100,26w,451,-0.03621278664664807,-0.0038383402337643646,-0.2624401202501689,-0.8853765183421448,0.3759535927260367,451,136,136,9.787671311403034,10.769761518176987,-0.9820902067739521,83.08823529411765,80.88235294117648,-7.6138124366913305,-8.09886172504104,0.0038383402337643646,0.9820902067739521,none
tff,TFF Detailed,Non-reportable,non_reportable,flow4_z,S&P 500,1w,473,0.03356242173155217,0.017502527608653153,0.03929144495785256,0.6298695014394352,0.5287799685061879,473,142,142,0.3049925258467174,0.2117769919109081,0.09321553393580928,66.90140845070422,54.22535211267606,-0.9706530144418338,-1.41097034700189,0.017502527608653153,0.09321553393580928,none
tff,TFF Detailed,Non-reportable,non_reportable,flow4_z,S&P 500,4w,470,-0.05837475937577579,-0.0364869359280688,-0.133359836893399,-0.923054075281618,0.3559790256842245,470,141,141,1.0459239713189712,1.3663395832382712,-0.3204156119193,70.2127659574468,70.2127659574468,-2.3100620294467764,-2.8724152265727696,0.0364869359280688,0.3204156119193,none
tff,TFF Detailed,Non-reportable,non_reportable,flow4_z,S&P 500,13w,461,-0.13258001761182445,-0.0625991663716836,-0.5028772534113221,-1.5934940124188068,0.11104941048609115,461,139,139,2.8617603135753416,4.27321436186635,-1.411454048291008,72.66187050359713,76.2589928057554,-4.658877476183808,-5.228474281167377,0.0625991663716836,1.411454048291008,weak/mixed
tff,TFF Detailed,Non-reportable,non_reportable,flow4_z,S&P 500,26w,448,-0.054299760104004315,0.04296367019924963,-0.27249081815925497,-0.5514526403951728,0.5813234236440594,448,135,135,6.758043954927704,6.898952383660551,-0.14090842873284704,80.74074074074075,73.33333333333333,-7.0636006310957224,-7.974793410640904,0.04296367019924963,0.14090842873284704,none
tff,TFF Detailed,Non-reportable,non_reportable,flow4_z,NASDAQ-100,1w,473,0.004380153871423472,-0.00570951528426469,0.0066598995685499965,0.0869046754352573,0.9307472831236091,473,142,142,0.39199805765962764,0.45530905856767107,-0.06331100090804342,59.154929577464785,59.859154929577464,-1.3562517870642123,-1.671992593804351,0.00570951528426469,0.06331100090804342,none
tff,TFF Detailed,Non-reportable,non_reportable,flow4_z,NASDAQ-100,4w,470,-0.08557266141699504,-0.018202812048598704,-0.24563075830621567,-1.1927682641112258,0.23296014230938936,470,141,141,1.498797184217439,1.8993548557683095,-0.4005576715508705,68.08510638297872,64.53900709219859,-3.0213412487589166,-3.4107769400590846,0.018202812048598704,0.4005576715508705,none
tff,TFF Detailed,Non-reportable,non_reportable,flow4_z,NASDAQ-100,13w,461,-0.16610439910350516,-0.08345677711894822,-0.8416259476712673,-1.9125976452244704,0.05579958137285567,461,139,139,4.1786604790606185,6.514651879861264,-2.335991400800645,73.38129496402878,73.38129496402878,-5.439453173184568,-6.372830368818416,0.08345677711894822,2.335991400800645,tentative
tff,TFF Detailed,Non-reportable,non_reportable,flow4_z,NASDAQ-100,26w,448,-0.06542095880031876,0.041191195092108376,-0.4541306943974447,-0.6983905295924705,0.4849329973580217,448,135,135,10.378164625113042,10.655749945829484,-0.27758532071644204,85.92592592592592,77.03703703703704,-7.895347853362556,-8.782240821731998,0.041191195092108376,0.27758532071644204,none
tff,TFF Detailed,Non-reportable,non_reportable,trend13_z,S&P 500,1w,464,-0.06598039342507861,-0.06832417589017793,-0.07189467042897489,-1.3270147224088336,0.1845038126109114,464,139,139,0.25961323163033684,0.3409051605087013,-0.08129192887836445,62.589928057553955,61.15107913669065,-0.9968781352696912,-1.3489764229779657,0.06832417589017793,0.08129192887836445,weak/mixed
tff,TFF Detailed,Non-reportable,non_reportable,trend13_z,S&P 500,4w,461,-0.14204705167073606,-0.11518217706089065,-0.3040994325469648,-2.030677560940497,0.04228771405325987,461,139,139,1.3162189072356125,1.970707928681433,-0.6544890214458206,71.94244604316546,76.2589928057554,-2.05865332703482,-2.5830359957502935,0.11518217706089065,0.6544890214458206,weak/mixed
tff,TFF Detailed,Non-reportable,non_reportable,trend13_z,S&P 500,13w,452,-0.2011607564277322,-0.15172363068752776,-0.7118052249401177,-1.7408067552861308,0.08171745746615507,452,136,136,3.377212321310596,4.74300139152009,-1.3657890702094937,75.73529411764706,74.26470588235294,-4.0033543571313785,-4.549125050964865,0.15172363068752776,1.3657890702094937,tentative
tff,TFF Detailed,Non-reportable,non_reportable,trend13_z,S&P 500,26w,439,0.0056570134578829865,0.12105586397251764,0.026520086849110842,0.03374412879561923,0.9730811893032599,439,132,132,9.22517324861658,6.049654441254044,3.1755188073625353,90.15151515151516,70.45454545454545,-5.30392841320181,-6.592757895429742,0.12105586397251764,3.1755188073625353,weak/mixed
tff,TFF Detailed,Non-reportable,non_reportable,trend13_z,NASDAQ-100,1w,464,-0.0973112050929575,-0.0989107167310931,-0.13754407396009155,-2.082595767035846,0.037288085386372974,464,139,139,0.34821176960177946,0.6050751180808185,-0.256863348479039,57.55395683453237,62.589928057553955,-1.4709213214754882,-1.5607630020677592,0.0989107167310931,0.256863348479039,weak/mixed
tff,TFF Detailed,Non-reportable,non_reportable,trend13_z,NASDAQ-100,4w,461,-0.18291137813834263,-0.15109507110827494,-0.491764409877814,-2.373214239843757,0.017634032269669628,461,139,139,1.6422323371295109,2.8814078613550507,-1.2391755242255398,67.62589928057554,75.53956834532374,-2.8183830822154525,-3.1541789682653203,0.15109507110827494,1.2391755242255398,tentative
tff,TFF Detailed,Non-reportable,non_reportable,trend13_z,NASDAQ-100,13w,452,-0.2297015295193022,-0.1644066406832226,-1.0856761595679665,-1.929575010688842,0.05365951759088019,452,136,136,4.414528216674821,6.9225518719824795,-2.5080236553076585,75.0,72.05882352941177,-5.132454330793356,-5.782883515618284,0.1644066406832226,2.5080236553076585,tentative
tff,TFF Detailed,Non-reportable,non_reportable,trend13_z,NASDAQ-100,26w,439,-0.017736666333696055,0.07766065182672041,-0.11519118146914573,-0.11523280100692752,0.9082606003957334,439,132,132,12.269978681773548,8.783082876518694,3.4868958052548535,93.93939393939394,66.66666666666666,-6.804925851230428,-8.149153477129973,0.07766065182672041,3.4868958052548535,weak/mixed
tff,TFF Detailed,Non-reportable,non_reportable,trend26_z,S&P 500,1w,451,-0.04487612132913654,-0.07703706610678333,-0.05174955708037943,-1.0249386669009484,0.3053921283176104,451,136,136,0.19834801552901812,0.43030075800084333,-0.2319527424718252,62.5,67.64705882352942,-1.0927829731234682,-1.3250808250377877,0.07703706610678333,0.2319527424718252,none
tff,TFF Detailed,Non-reportable,non_reportable,trend26_z,S&P 500,4w,448,-0.09603674265903916,-0.14025988827841562,-0.2159883394261118,-1.3369793935546284,0.18122936324817704,448,135,135,0.6735191857427714,1.9829803064360048,-1.3094611206932334,66.66666666666666,75.55555555555556,-2.725501537256696,-2.5332663912152293,0.14025988827841562,1.3094611206932334,weak/mixed
tff,TFF Detailed,Non-reportable,non_reportable,trend26_z,S&P 500,13w,439,-0.017585625133474055,-0.00981044885778558,-0.06476515263690116,-0.13855863314880768,0.8897989338719422,439,132,132,4.163447100830827,4.484420145917215,-0.32097304508638835,79.54545454545455,78.78787878787878,-4.609809485241643,-4.26811978922749,0.00981044885778558,0.32097304508638835,none
tff,TFF Detailed,Non-reportable,non_reportable,trend26_z,S&P 500,26w,426,0.0870673100206219,0.1278393601726075,0.41583671093214813,0.5539288651801249,0.5796275295819735,426,128,128,9.811109826769801,7.967949329808096,1.8431604969617048,90.625,80.46875,-5.8871045405395215,-5.318279999443152,0.1278393601726075,1.8431604969617048,weak/mixed
tff,TFF Detailed,Non-reportable,non_reportable,trend26_z,NASDAQ-100,1w,451,-0.06887865268727573,-0.09486882640346915,-0.10290857092624968,-1.5914000287504053,0.1115195778681952,451,136,136,0.22817652836245705,0.6253327415783754,-0.3971562132159183,56.61764705882353,66.91176470588235,-1.5111467702198491,-1.600914707272975,0.09486882640346915,0.3971562132159183,weak/mixed
tff,TFF Detailed,Non-reportable,non_reportable,trend26_z,NASDAQ-100,4w,448,-0.12452965116533454,-0.14410071811866998,-0.351657173394471,-1.6331049472902515,0.10244692628320134,448,135,135,0.9884533933477819,2.7999966796049307,-1.8115432862571488,62.22222222222222,77.03703703703704,-3.464168185217999,-3.103381957577587,0.14410071811866998,1.8115432862571488,weak/mixed
tff,TFF Detailed,Non-reportable,non_reportable,trend26_z,NASDAQ-100,13w,439,-0.04587110836378843,-0.028390120192785025,-0.22603575554271307,-0.38490328479132735,0.7003090721424472,439,132,132,5.298068246487685,5.944417735778209,-0.6463494892905235,78.03030303030303,74.24242424242425,-5.824719924113579,-5.297550043514079,0.028390120192785025,0.6463494892905235,none
tff,TFF Detailed,Non-reportable,non_reportable,trend26_z,NASDAQ-100,26w,426,0.052266271352672096,0.10671139663438685,0.3459104358599703,0.3939899836659324,0.6935884342770398,426,128,128,12.039196087704784,10.02538127889984,2.013814808804945,94.53125,73.4375,-7.244713992741977,-6.704761709430862,0.10671139663438685,2.013814808804945,weak/mixed
tff,TFF Detailed,Non-reportable,non_reportable,net_raw_bn,S&P 500,1w,528,-0.023351652348311398,-0.05000394572122405,-0.003179823497053682,-0.6331021235281711,0.5266669556562664,528,159,159,0.2829094697420331,0.27842646885666966,0.004483000885363464,61.63522012578616,62.264150943396224,-1.076433721719405,-1.2143538882826292,0.05000394572122405,0.004483000885363464,none
tff,TFF Detailed,Non-reportable,non_reportable,net_raw_bn,S&P 500,4w,525,-0.03845943137106853,-0.07377304899842851,-0.010401719752663626,-0.6373319551456533,0.5239086404945659,525,158,158,1.4983036069213083,1.2652677784992705,0.23303582842203774,71.51898734177216,68.35443037974683,-2.3461065734337736,-2.4615379282000864,0.07377304899842851,0.23303582842203774,none
tff,TFF Detailed,Non-reportable,non_reportable,net_raw_bn,S&P 500,13w,516,-0.01870540475616335,0.0050362631032586785,-0.008665186328323438,-0.17911949137036012,0.8578438776073636,516,155,155,4.772212012045436,3.8439594953222005,0.9282525167232358,81.93548387096774,79.35483870967742,-4.326542565956601,-3.8177431724274298,0.0050362631032586785,0.9282525167232358,none
tff,TFF Detailed,Non-reportable,non_reportable,net_raw_bn,S&P 500,26w,503,0.03731781195028835,0.005758279011191814,0.023323743899081234,0.3424926845013551,0.7319801484165986,503,151,151,8.05726673007479,7.744454768860051,0.31281196121473887,82.11920529801324,87.41721854304636,-6.523223368081831,-4.328430518020485,0.005758279011191814,0.31281196121473887,none
tff,TFF Detailed,Non-reportable,non_reportable,net_raw_bn,NASDAQ-100,1w,528,-0.04076449920663351,-0.06460083160150956,-0.007211981300750479,-1.06054832483497,0.288895217323426,528,159,159,0.35808537897077974,0.4741879412434968,-0.11610256227271704,59.11949685534591,62.264150943396224,-1.4821751224505169,-1.5227409791217998,0.06460083160150956,0.11610256227271704,none
tff,TFF Detailed,Non-reportable,non_reportable,net_raw_bn,NASDAQ-100,4w,525,-0.06902708908956527,-0.09583747631348712,-0.023489844245427726,-1.0872882120759357,0.27690945652601,525,158,158,1.9330000136374017,1.9595969607496198,-0.02659694711221805,68.35443037974683,71.51898734177216,-3.1142587167756592,-2.991993169009323,0.09583747631348712,0.02659694711221805,none
tff,TFF Detailed,Non-reportable,non_reportable,net_raw_bn,NASDAQ-100,13w,516,-0.053311267849150475,-0.048633042375446155,-0.03302101888231105,-0.49010497745034753,0.6240596161043341,516,155,155,6.2059706823230965,5.948960151582381,0.25701053074071556,76.12903225806451,80.64516129032258,-5.511685566948089,-4.561259704508451,0.048633042375446155,0.25701053074071556,none
tff,TFF Detailed,Non-reportable,non_reportable,net_raw_bn,NASDAQ-100,26w,503,-0.02343447694304372,-0.09368377102213131,-0.020296552269728554,-0.22036358815425397,0.8255880008467453,503,151,151,9.935704422131394,11.985522712075843,-2.049818289944449,85.43046357615894,82.78145695364239,-8.150650920525498,-5.164057490811315,0.09368377102213131,2.049818289944449,weak/mixed
tff,TFF Detailed,Non-reportable,non_reportable,trend13_raw_bn,S&P 500,1w,515,-0.06755047558751404,-0.05427668541176698,-0.0169082032649367,-1.479595711033268,0.1389811717911972,515,155,155,0.33096794699174703,0.3328866288569169,-0.0019186818651698578,63.2258064516129,61.29032258064516,-0.9442838827388181,-1.2854515934918669,0.05427668541176698,0.0019186818651698578,weak/mixed
tff,TFF Detailed,Non-reportable,non_reportable,trend13_raw_bn,S&P 500,4w,512,-0.14476628829308769,-0.1054288296368776,-0.07304010513306823,-2.3436467164334425,0.019096249940354634,512,154,154,1.2223912142165165,1.7466134959028548,-0.5242222816863382,69.48051948051948,75.32467532467533,-2.1130077158385294,-2.592862593097975,0.1054288296368776,0.5242222816863382,weak/mixed
tff,TFF Detailed,Non-reportable,non_reportable,trend13_raw_bn,S&P 500,13w,503,-0.22904277557446173,-0.12900768411726565,-0.1949376379832027,-2.956217403446713,0.003114374828976952,503,151,151,3.5499313684288696,4.791465411874575,-1.2415340434457054,77.48344370860927,77.48344370860927,-4.11324168309803,-4.329707599280766,0.12900768411726565,1.2415340434457054,tentative
tff,TFF Detailed,Non-reportable,non_reportable,trend13_raw_bn,S&P 500,26w,490,-0.05990135590237077,0.10030755170634972,-0.07287513472315064,-0.41416765592426696,0.6787513273719212,490,147,147,8.980420247849793,6.45577633208707,2.5246439157627227,89.79591836734694,74.14965986394559,-5.263586843527307,-6.104455390564732,0.10030755170634972,2.5246439157627227,weak/mixed
tff,TFF Detailed,Non-reportable,non_reportable,trend13_raw_bn,NASDAQ-100,1w,515,-0.09938249850506536,-0.08814701125320996,-0.03234958887486258,-2.2875575520837823,0.02216330025731624,515,155,155,0.38185863034718226,0.5878003186157922,-0.20594168826860992,57.41935483870968,62.58064516129033,-1.4050904979937924,-1.518253157258046,0.08814701125320996,0.20594168826860992,weak/mixed
tff,TFF Detailed,Non-reportable,non_reportable,trend13_raw_bn,NASDAQ-100,4w,512,-0.20374696738496756,-0.14404044858149942,-0.12926797238921695,-3.012291529834405,0.002592834587265193,512,154,154,1.5443820642172394,2.6559675425997606,-1.1115854783825212,64.93506493506493,74.67532467532467,-2.9132856397198075,-3.148732352034641,0.14404044858149942,1.1115854783825212,tentative
tff,TFF Detailed,Non-reportable,non_reportable,trend13_raw_bn,NASDAQ-100,13w,503,-0.27587635959057233,-0.15512936420558418,-0.31415296654025904,-3.7202239247206355,0.00019904621855006268,503,151,151,4.578591626439209,7.065159518659915,-2.486567892220706,74.17218543046357,75.49668874172185,-5.378597336338056,-5.470177505301034,0.15512936420558418,2.486567892220706,supported
tff,TFF Detailed,Non-reportable,non_reportable,trend13_raw_bn,NASDAQ-100,26w,490,-0.0850241527165541,0.03703559016599531,-0.14338002697083985,-0.7062996379630454,0.4800018185336109,490,147,147,11.662232924307714,9.300107421419742,2.362125502887972,93.19727891156462,70.06802721088435,-6.869687362450679,-7.567671075448477,0.03703559016599531,2.362125502887972,weak/mixed
tff,TFF Detailed,Non-reportable,non_reportable,trend26_raw_bn,S&P 500,1w,502,-0.06120530586588071,-0.07727829648774338,-0.013658117588624423,-1.7446744112800796,0.081041559948829,502,151,151,0.18182428106199433,0.4180906145163918,-0.23626633345439746,59.60264900662252,66.88741721854305,-1.0683779668739934,-1.3073240222632556,0.07727829648774338,0.23626633345439746,weak/mixed
tff,TFF Detailed,Non-reportable,non_reportable,trend26_raw_bn,S&P 500,4w,499,-0.12081518331292268,-0.1398165970495207,-0.05255846465064796,-2.0726293885174205,0.0382067838184007,499,150,150,0.8018593602626052,1.8054169632819468,-1.0035576030193416,68.0,74.66666666666667,-2.53044306005807,-2.5148087987445273,0.1398165970495207,1.0035576030193416,tentative
tff,TFF Detailed,Non-reportable,non_reportable,trend26_raw_bn,S&P 500,13w,490,-0.0958116528885438,-0.04125487012117706,-0.06837946589947344,-0.996717959039299,0.3189014299750809,490,147,147,4.1036921529856905,4.573266487643328,-0.4695743346576373,79.59183673469387,79.59183673469387,-4.531173026147463,-4.073329300590597,0.04125487012117706,0.4695743346576373,none
tff,TFF Detailed,Non-reportable,non_reportable,trend26_raw_bn,S&P 500,26w,477,0.024216161926870945,0.08077120482676371,0.022800810974106727,0.18212272202895138,0.8554864173270647,477,143,143,9.076794760107937,7.719274145963045,1.3575206141448923,87.41258741258741,81.81818181818183,-6.080987231970892,-5.068008355088747,0.08077120482676371,1.3575206141448923,none
tff,TFF Detailed,Non-reportable,non_reportable,trend26_raw_bn,NASDAQ-100,1w,502,-0.0792703151781148,-0.09335389718136063,-0.023006039040412193,-2.1588499642013015,0.03086180875714575,502,151,151,0.1927063087832541,0.6674280283221864,-0.4747217195389323,54.966887417218544,66.88741721854305,-1.4847775319313894,-1.5953679311529374,0.09335389718136063,0.4747217195389323,weak/mixed
tff,TFF Detailed,Non-reportable,non_reportable,trend26_raw_bn,NASDAQ-100,4w,499,-0.15681177113092884,-0.1453893811719825,-0.08594066301360673,-2.5206953425498617,0.011712320871064321,499,150,150,0.9733386903202148,2.538977559390195,-1.5656388690699803,61.33333333333333,77.33333333333333,-3.379863531436886,-3.109507095452701,0.1453893811719825,1.5656388690699803,tentative
tff,TFF Detailed,Non-reportable,non_reportable,trend26_raw_bn,NASDAQ-100,13w,490,-0.13525178421453474,-0.05554295587763925,-0.1292678778926588,-1.688756974510333,0.09126601221138768,490,147,147,4.943459476501743,6.087780681945282,-1.1443212054435392,74.82993197278913,76.19047619047619,-6.054373530837873,-5.072666935694671,0.05554295587763925,1.1443212054435392,tentative
tff,TFF Detailed,Non-reportable,non_reportable,trend26_raw_bn,NASDAQ-100,26w,477,-0.007278574729243935,0.06435511758978478,-0.009496541176668013,-0.07222303067444553,0.9424244172037897,477,143,143,10.679174471514424,10.056831699678765,0.6223427718356582,90.9090909090909,75.52447552447552,-7.799990058509074,-6.428786821856988,0.06435511758978478,0.6223427718356582,none
legacy,Legacy,Noncommercial,noncommercial,net_z,S&P 500,1w,477,-0.04422321495813778,-0.05617090129649395,-0.055966251602974276,-1.1537026066102591,0.24862211489202754,477,143,143,0.07661032045682765,0.41305698420046705,-0.3364466637436394,56.64335664335665,62.93706293706294,-1.307065229103579,-1.0502796724784058,0.05617090129649395,0.3364466637436394,none
legacy,Legacy,Noncommercial,noncommercial,net_z,S&P 500,4w,474,-0.08896454972932778,-0.07410811397053128,-0.21953732389163552,-1.417576634997712,0.15631440568393098,474,142,142,0.5573635943478692,1.3867623976252912,-0.829398803277422,64.7887323943662,70.4225352112676,-3.0937693533766306,-2.228193019318079,0.07410811397053128,0.829398803277422,weak/mixed
legacy,Legacy,Noncommercial,noncommercial,net_z,S&P 500,13w,465,-0.1811186533833177,-0.15751705519246473,-0.7457574197059754,-1.84365257031859,0.06523378937073888,465,140,140,1.8220976805205316,4.193133396270655,-2.371035715750123,62.857142857142854,80.0,-5.952594309327075,-3.7395518916099038,0.15751705519246473,2.371035715750123,tentative
legacy,Legacy,Noncommercial,noncommercial,net_z,S&P 500,26w,452,-0.26410307818688605,-0.3041595038498908,-1.4112495733668535,-1.7678719277441646,0.07708231679336817,452,136,136,1.866238025126554,8.868364624399772,-7.002126599273218,52.20588235294118,92.64705882352942,-10.217740307816744,-4.020475060577915,0.3041595038498908,7.002126599273218,tentative
legacy,Legacy,Noncommercial,noncommercial,net_z,NASDAQ-100,1w,477,-0.06536115749236147,-0.05763216315183214,-0.10750412643669703,-1.7230744068062473,0.08487507035077033,477,143,143,0.16878905309148706,0.627408455793445,-0.4586194027019579,57.34265734265735,62.93706293706294,-1.6773919863299305,-1.348719274705999,0.05763216315183214,0.4586194027019579,weak/mixed
legacy,Legacy,Noncommercial,noncommercial,net_z,NASDAQ-100,4w,474,-0.14686160649637886,-0.11306801807956078,-0.4561327864922468,-2.151078452970863,0.031470007900667805,474,142,142,0.6895728268720972,2.202007823063538,-1.5124349961914407,61.267605633802816,71.12676056338029,-3.8597435668598266,-2.793380496732978,0.11306801807956078,1.5124349961914407,tentative
legacy,Legacy,Noncommercial,noncommercial,net_z,NASDAQ-100,13w,465,-0.24042214768572917,-0.2057981686852822,-1.322574162577076,-2.046996841101286,0.040658394702070944,465,140,140,2.1912697469450437,6.782177396723122,-4.590907649778078,61.42857142857143,79.28571428571428,-7.642261609485494,-4.631118808871798,0.2057981686852822,4.590907649778078,supported
legacy,Legacy,Noncommercial,noncommercial,net_z,NASDAQ-100,26w,452,-0.3136244516255656,-0.32743245879071076,-2.317784320257851,-2.027760099595419,0.04258473846719913,452,136,136,2.2398935132165816,13.537895799085822,-11.298002285869241,55.14705882352941,89.70588235294117,-12.541380223380887,-5.03173943299396,0.32743245879071076,11.298002285869241,supported
legacy,Legacy,Noncommercial,noncommercial,flow1_z,S&P 500,1w,476,-0.022103470426862407,-0.05465673061677502,-0.02683665638308979,-0.6136552846452249,0.539443142564793,476,143,143,-0.07060718655922589,0.38494284811429086,-0.45555003467351673,56.64335664335665,65.03496503496503,-1.4571389074334538,-1.0436919997902405,0.05465673061677502,0.45555003467351673,none
legacy,Legacy,Noncommercial,noncommercial,flow1_z,S&P 500,4w,473,0.01012416115944817,-0.03532528701795703,0.023971255592943757,0.2945484977811046,0.7683388102245139,473,142,142,0.7750284941912281,1.3342369752501553,-0.5592084810589272,65.49295774647888,73.94366197183099,-2.978639997553497,-2.4602486308913187,0.03532528701795703,0.5592084810589272,none
legacy,Legacy,Noncommercial,noncommercial,flow1_z,S&P 500,13w,464,-0.016910486097068897,-0.018678541311800727,-0.06754441662773435,-0.4636506014899882,0.6428980943503608,464,139,139,3.107621466419344,3.4598846121797004,-0.35226314576035644,74.10071942446042,72.66187050359713,-5.445722936589224,-4.931871069856413,0.018678541311800727,0.35226314576035644,none
legacy,Legacy,Noncommercial,noncommercial,flow1_z,S&P 500,26w,451,0.001049072848540367,-0.028018497079580606,0.005500354105811999,0.03302669205677728,0.9736533020650818,451,136,136,6.540151873807082,7.203498465193897,-0.6633465913868157,75.73529411764706,79.41176470588235,-7.275807933624113,-6.548665888809341,0.028018497079580606,0.6633465913868157,none
legacy,Legacy,Noncommercial,noncommercial,flow1_z,NASDAQ-100,1w,476,-0.0013322269634178422,-0.015338234598705423,-0.002102159314562314,-0.036547512997785914,0.9708457941005109,476,143,143,0.016521717352873774,0.40442378718325117,-0.3879020698303774,58.04195804195804,58.04195804195804,-1.8228104687901567,-1.4332584393100276,0.015338234598705423,0.3879020698303774,none
legacy,Legacy,Noncommercial,noncommercial,flow1_z,NASDAQ-100,4w,473,-0.031544065361063904,-0.04634141971548358,-0.09396167831988038,-0.7314870041766474,0.4644817396198952,473,142,142,1.0507341348319195,1.8250561627662925,-0.774322027934373,64.7887323943662,69.01408450704226,-3.705102422290994,-3.176696170602901,0.04634141971548358,0.774322027934373,none
legacy,Legacy,Noncommercial,noncommercial,flow1_z,NASDAQ-100,13w,464,-0.02445368560232915,-0.024733625314424232,-0.13048150132631214,-0.5391543503387385,0.5897803559915609,464,139,139,4.4376416120330475,4.921905342036488,-0.48426373000344025,72.66187050359713,69.7841726618705,-6.660185512269801,-6.0831466784238435,0.024733625314424232,0.48426373000344025,none
legacy,Legacy,Noncommercial,noncommercial,flow1_z,NASDAQ-100,26w,451,-0.019113245634762195,-0.033652388334020095,-0.13860424643980512,-0.6192149645926774,0.5357747548139298,451,136,136,8.892011900098998,10.053543864146055,-1.1615319640470574,75.73529411764706,82.35294117647058,-8.824230384784954,-7.99075037763786,0.033652388334020095,1.1615319640470574,none
legacy,Legacy,Noncommercial,noncommercial,flow4_z,S&P 500,1w,473,0.014080875594880329,-0.01673642065213891,0.01666018281409948,0.36695746008874297,0.7136507496565813,473,142,142,0.31131561707442135,0.3176817821681071,-0.0063661650936857606,59.859154929577464,64.08450704225352,-1.1058723310873422,-1.279345228637101,0.01673642065213891,0.0063661650936857606,none
legacy,Legacy,Noncommercial,noncommercial,flow4_z,S&P 500,4w,470,-0.004274629061290729,-0.013879472981442468,-0.010056101092262999,-0.07025334161503856,0.9439920186961838,470,141,141,1.3298628396712961,1.3621425774952571,-0.032279737823960986,70.92198581560284,70.92198581560284,-2.469134512192476,-2.7183733651831843,0.013879472981442468,0.032279737823960986,none
legacy,Legacy,Noncommercial,noncommercial,flow4_z,S&P 500,13w,461,-0.028257027847017006,-0.04653755185680113,-0.1108288423639958,-0.3594409028827141,0.7192652803052306,461,139,139,3.347483846345896,4.286333354472689,-0.9388495081267934,76.2589928057554,74.10071942446042,-4.805373592021449,-5.255538760066591,0.04653755185680113,0.9388495081267934,none
legacy,Legacy,Noncommercial,noncommercial,flow4_z,S&P 500,26w,448,-0.004941627988723018,-0.0530753597533242,-0.02544024716113608,-0.07536736768927217,0.9399224221534319,448,135,135,5.785000344462463,8.379570284794085,-2.5945699403316214,71.85185185185186,85.18518518518519,-7.861081840110846,-6.433358815198852,0.0530753597533242,2.5945699403316214,weak/mixed
legacy,Legacy,Noncommercial,noncommercial,flow4_z,NASDAQ-100,1w,473,-0.02998516363616291,-0.03178017130133405,-0.04607762935983625,-0.7227958793881328,0.46980529929610165,473,142,142,0.3996536476842418,0.5065406200842744,-0.10688697240003259,58.45070422535211,59.154929577464785,-1.4822965137073427,-1.6368340689943273,0.03178017130133405,0.10688697240003259,none
legacy,Legacy,Noncommercial,noncommercial,flow4_z,NASDAQ-100,4w,470,-0.08129617764005306,-0.05338141923530471,-0.24029740483644135,-1.1027565716481347,0.27013289223151044,470,141,141,1.499538607097672,2.14173474295232,-0.6421961358546482,66.66666666666666,69.50354609929079,-3.2950003919903064,-3.2940222389796654,0.05338141923530471,0.6421961358546482,none
legacy,Legacy,Noncommercial,noncommercial,flow4_z,NASDAQ-100,13w,461,-0.05024351422538604,-0.05754644299395786,-0.26324515579755375,-0.5728823009085008,0.5667243891624707,461,139,139,4.51374352380722,6.466594728487627,-1.9528512046804076,73.38129496402878,76.2589928057554,-6.193384841860419,-6.141044805346022,0.05754644299395786,1.9528512046804076,weak/mixed
legacy,Legacy,Noncommercial,noncommercial,flow4_z,NASDAQ-100,26w,448,-0.0526080034849069,-0.06476467360086437,-0.37463908861649187,-0.7726271608608691,0.4397430654079931,448,135,135,7.725469234365422,12.12669559045732,-4.4012263560918985,78.51851851851852,84.44444444444444,-9.273990741796714,-7.410517834993471,0.06476467360086437,4.4012263560918985,weak/mixed
legacy,Legacy,Noncommercial,noncommercial,trend13_z,S&P 500,1w,464,-0.01664076180491294,0.001994897137928632,-0.02084125251706983,-0.4389358255502491,0.6607080370288789,464,139,139,0.4302407233127037,0.2880479497036813,0.14219277360902238,60.431654676258994,61.87050359712231,-1.1071568436645642,-1.1810676652752223,0.001994897137928632,0.14219277360902238,none
legacy,Legacy,Noncommercial,noncommercial,trend13_z,S&P 500,4w,461,-0.010542288905263524,0.01403817346475085,-0.025757599053978064,-0.16121829229721749,0.871921474401375,461,139,139,1.483333814391679,1.092161327241484,0.3911724871501949,74.10071942446042,69.06474820143885,-2.427616140224233,-2.7669092004037164,0.01403817346475085,0.3911724871501949,none
legacy,Legacy,Noncommercial,noncommercial,trend13_z,S&P 500,13w,452,-0.0007378189462125585,-0.008125229925931201,-0.0029788648012183568,-0.008758332731017811,0.9930119508759963,452,136,136,3.7804167521754475,3.7037506678487215,0.07666608432672595,77.20588235294117,70.58823529411765,-4.324304166011282,-5.171304622257967,0.008125229925931201,0.07666608432672595,none
legacy,Legacy,Noncommercial,noncommercial,trend13_z,S&P 500,26w,439,0.020024168858166817,0.02262699387547267,0.10425460275556944,0.207611914647766,0.8355320005257257,439,132,132,6.962070374111443,7.565864583127681,-0.6037942090162378,71.21212121212122,85.60606060606061,-7.315038344477356,-5.642020181725718,0.02262699387547267,0.6037942090162378,none
legacy,Legacy,Noncommercial,noncommercial,trend13_z,NASDAQ-100,1w,464,-0.029528058819535633,-0.004364821003418725,-0.04797143888964185,-0.7350670308910429,0.46229867196071284,464,139,139,0.5469079880782673,0.3400476081291392,0.20686037994912815,58.992805755395686,59.71223021582733,-1.485808124861451,-1.5487386034592214,0.004364821003418725,0.20686037994912815,none
legacy,Legacy,Noncommercial,noncommercial,trend13_z,NASDAQ-100,4w,461,-0.04227177326710936,-0.01415232885571469,-0.1297041638830516,-0.5461107684117495,0.5849897981000667,461,139,139,1.6914091909346949,1.6055943474992282,0.08581484343546664,71.22302158273382,66.90647482014388,-3.1445549857368773,-3.4361743839101906,0.01415232885571469,0.08581484343546664,none
legacy,Legacy,Noncommercial,noncommercial,trend13_z,NASDAQ-100,13w,452,-0.03493532401832041,-0.043787383471166515,-0.18840146168200095,-0.3709997967324644,0.710637683108098,452,136,136,4.0897093839093825,5.50851927618077,-1.4188098922713879,72.79411764705883,72.05882352941177,-5.876790056213476,-6.365175986594748,0.043787383471166515,1.4188098922713879,none
legacy,Legacy,Noncommercial,noncommercial,trend13_z,NASDAQ-100,26w,439,-0.024525260164138165,0.004359789740636622,-0.1768943120297451,-0.24215660499113723,0.8086588186396401,439,132,132,7.83029863876742,10.458918457260145,-2.6286198184927247,71.96969696969697,83.33333333333334,-9.34778143132468,-6.951274240802503,0.004359789740636622,2.6286198184927247,weak/mixed
legacy,Legacy,Noncommercial,noncommercial,trend26_z,S&P 500,1w,451,-0.00915298534306446,-0.04240226569602783,-0.011146250187799822,-0.20476411839124947,0.837756422347739,451,136,136,0.21048540504777782,0.44536797346915974,-0.23488256842138192,58.08823529411765,63.23529411764706,-1.3391280724376937,-1.0922534531654615,0.04240226569602783,0.23488256842138192,none
legacy,Legacy,Noncommercial,noncommercial,trend26_z,S&P 500,4w,448,-0.0007350700682539297,0.013675857930801802,-0.0017449687986810676,-0.010194118147691715,0.9918664113930159,448,135,135,1.1983068967129917,1.3341400286048377,-0.13583313189184598,71.11111111111111,70.37037037037037,-2.949393421355054,-2.5369156713931584,0.013675857930801802,0.13583313189184598,none
legacy,Legacy,Noncommercial,noncommercial,trend26_z,S&P 500,13w,439,-0.011344712379529484,-0.0038786781914063716,-0.04432440012658986,-0.10679128703783093,0.9149545598825326,439,132,132,2.965445992459075,4.353870704193446,-1.3884247117343715,67.42424242424242,79.54545454545455,-5.454376029539001,-4.007241103119316,0.0038786781914063716,1.3884247117343715,none
legacy,Legacy,Noncommercial,noncommercial,trend26_z,S&P 500,26w,426,-0.048369380975028145,-0.07718620304275024,-0.2446638088550556,-0.3986107717621177,0.6901800233568438,426,128,128,4.9802747455788445,8.15781287109084,-3.1775381255119957,63.28125,89.0625,-8.873657114601171,-4.539704712570424,0.07718620304275024,3.1775381255119957,weak/mixed
legacy,Legacy,Noncommercial,noncommercial,trend26_z,NASDAQ-100,1w,451,-0.033417914513712565,-0.052916952821981944,-0.05272552879674351,-0.7259428985503236,0.4678737766020783,451,136,136,0.29561903035651343,0.6068515828209126,-0.3112325524643991,55.14705882352941,61.029411764705884,-1.7122407323363615,-1.3947241671035397,0.052916952821981944,0.3112325524643991,none
legacy,Legacy,Noncommercial,noncommercial,trend26_z,NASDAQ-100,4w,448,-0.055255813531022345,-0.04383676199587023,-0.16469891180686236,-0.6996077749606873,0.48417228569162946,448,135,135,1.4310168650234123,1.8703532114857513,-0.439336346462339,64.44444444444444,68.14814814814815,-3.6869863106929417,-3.2100400408477094,0.04383676199587023,0.439336346462339,none
legacy,Legacy,Noncommercial,noncommercial,trend26_z,NASDAQ-100,13w,439,-0.06360378795304271,-0.08098999480876098,-0.33249619939207964,-0.564528695946161,0.5723943765078405,439,132,132,3.3102338622897647,6.301136983245966,-2.9909031209562014,64.39393939393939,81.06060606060606,-7.244889144629368,-5.15294632143521,0.08098999480876098,2.9909031209562014,weak/mixed
legacy,Legacy,Noncommercial,noncommercial,trend26_z,NASDAQ-100,26w,426,-0.10027119513232775,-0.11788074638768,-0.7028292701519824,-0.8166818795769831,0.4141102493011249,426,128,128,5.450987247859469,11.314533641004466,-5.863546393144997,66.40625,84.375,-11.273928104186183,-5.815087363362467,0.11788074638768,5.863546393144997,weak/mixed
legacy,Legacy,Noncommercial,noncommercial,net_raw_bn,S&P 500,1w,528,-0.018938388358379136,-0.06189589296073553,-0.002193890589384692,-0.5967315109077402,0.5506866508798249,528,159,159,0.04004436420678868,0.21582333581479168,-0.175778971608003,57.861635220125784,61.0062893081761,-1.1298119653508758,-0.9858169989062031,0.06189589296073553,0.175778971608003,none
legacy,Legacy,Noncommercial,noncommercial,net_raw_bn,S&P 500,4w,525,-0.056645954139733085,-0.10288666547802182,-0.012785270542681564,-1.0352500677572385,0.3005521420785784,525,158,158,0.34896027771344784,1.0495805580884345,-0.7006202803749867,63.92405063291139,67.72151898734177,-2.837533001788799,-2.320582699896828,0.10288666547802182,0.7006202803749867,none
legacy,Legacy,Noncommercial,noncommercial,net_raw_bn,S&P 500,13w,516,-0.11453749796299335,-0.21864552822023645,-0.04630373602555764,-1.4233761638440845,0.15462713852579066,516,155,155,1.4750690437850469,4.155252989069475,-2.680183945284428,65.16129032258064,78.70967741935485,-5.371198192938725,-4.167553903053041,0.21864552822023645,2.680183945284428,weak/mixed
legacy,Legacy,Noncommercial,noncommercial,net_raw_bn,S&P 500,26w,503,-0.1762961677486704,-0.33316502050116303,-0.09592886820266705,-1.797659099832474,0.07223104659757897,503,151,151,2.083526241560079,9.121886635873667,-7.038360394313587,58.94039735099338,92.71523178807946,-9.23474971714854,-4.842266892861917,0.33316502050116303,7.038360394313587,tentative
legacy,Legacy,Noncommercial,noncommercial,net_raw_bn,NASDAQ-100,1w,528,-0.023363935528665825,-0.0468299227845183,-0.003516454716571871,-0.6748016537987245,0.49980178953757437,528,159,159,0.15391046099418737,0.3382445787805469,-0.18433411778635955,57.861635220125784,58.490566037735846,-1.4952212824111613,-1.372309253766227,0.0468299227845183,0.18433411778635955,none
legacy,Legacy,Noncommercial,noncommercial,net_raw_bn,NASDAQ-100,4w,525,-0.06607468863245992,-0.09016117194853446,-0.018764389497331776,-1.0798773401522224,0.280196805084002,525,158,158,0.6127591507823179,1.5781245037982166,-0.9653653530158987,65.18987341772153,65.82278481012658,-3.497749824185448,-3.042004599665934,0.09016117194853446,0.9653653530158987,none
legacy,Legacy,Noncommercial,noncommercial,net_raw_bn,NASDAQ-100,13w,516,-0.11221212657917486,-0.1986221461940009,-0.06065530591365963,-1.2945638990215043,0.1954707128139004,516,155,155,2.054160819423094,5.943846397890154,-3.8896855784670605,67.74193548387096,74.83870967741936,-6.669827276074529,-5.273195698544222,0.1986221461940009,3.8896855784670605,weak/mixed
legacy,Legacy,Noncommercial,noncommercial,net_raw_bn,NASDAQ-100,26w,503,-0.13719937557159914,-0.2887591921436662,-0.10345309745719625,-1.36667905330875,0.17172592626463457,503,151,151,3.4729498800331653,13.329145498229034,-9.85619561819587,63.576158940397356,92.71523178807946,-10.80145766397835,-6.1329726427667834,0.2887591921436662,9.85619561819587,weak/mixed
legacy,Legacy,Noncommercial,noncommercial,trend13_raw_bn,S&P 500,1w,515,-0.0022630253830132965,-0.011872580173300663,-0.00028762076827697084,-0.06650770682338056,0.9469736221389529,515,155,155,0.29541693405043806,0.3888360786177687,-0.09341914456733064,57.41935483870968,65.80645161290323,-1.133747085954363,-1.0523549464723496,0.011872580173300663,0.09341914456733064,none
legacy,Legacy,Noncommercial,noncommercial,trend13_raw_bn,S&P 500,4w,512,-0.015024466074909083,-0.006346130737803413,-0.0037262686376619146,-0.26513665533985714,0.7909041905992583,512,154,154,1.5693044644228236,1.1583511934108353,0.4109532710119883,68.83116883116884,68.83116883116884,-2.2513774866383556,-2.554266293532938,0.006346130737803413,0.4109532710119883,none
legacy,Legacy,Noncommercial,noncommercial,trend13_raw_bn,S&P 500,13w,503,0.021186163915842784,-0.026740807290576405,0.008814078477573964,0.3058928168364124,0.7596862553221435,503,151,151,4.028271781500997,4.038513779453769,-0.010241997952771698,79.47019867549669,74.83443708609272,-4.120698104462099,-4.653022635522117,0.026740807290576405,0.010241997952771698,none
legacy,Legacy,Noncommercial,noncommercial,trend13_raw_bn,S&P 500,26w,490,0.042700436164483165,0.012642693052381202,0.023152894078387574,0.5776770132725964,0.5634822012470182,490,147,147,7.078675592720409,7.973491695307294,-0.8948161025868844,73.46938775510205,87.07482993197279,-6.9547158145670425,-5.057489540640077,0.012642693052381202,0.8948161025868844,none
legacy,Legacy,Noncommercial,noncommercial,trend13_raw_bn,NASDAQ-100,1w,515,0.0017522386380176825,0.0006814829392059585,0.0002896102143739555,0.046978669324174195,0.9625302281680214,515,155,155,0.43960070451526523,0.47420524572428974,-0.03460454120902451,57.41935483870968,62.58064516129033,-1.4770417594019225,-1.3981745022909982,0.0006814829392059585,0.03460454120902451,none
legacy,Legacy,Noncommercial,noncommercial,trend13_raw_bn,NASDAQ-100,4w,512,-0.011920443443846367,-0.006716813437703848,-0.003717691588379915,-0.1861397880559183,0.8523351407592383,512,154,154,1.91329142651329,1.753825256131757,0.159466170381533,70.77922077922078,69.48051948051948,-2.937155398838667,-3.155594649144551,0.006716813437703848,0.159466170381533,none
legacy,Legacy,Noncommercial,noncommercial,trend13_raw_bn,NASDAQ-100,13w,503,0.007146135186647994,-0.044346423828495546,0.003977804086817414,0.10568324975676857,0.915833670673754,503,151,151,4.725981463082111,6.094278898941151,-1.3682974358590396,74.17218543046357,75.49668874172185,-5.537501203602604,-5.748049137276317,0.044346423828495546,1.3682974358590396,none
legacy,Legacy,Noncommercial,noncommercial,trend13_raw_bn,NASDAQ-100,26w,490,0.014904797436439993,0.001353064309951737,0.011202183416812015,0.24683172267146575,0.8050384587869753,490,147,147,8.320719657745109,11.146448759948722,-2.8257291022036135,74.82993197278913,85.03401360544217,-8.850516605048984,-6.274728875750485,0.001353064309951737,2.8257291022036135,weak/mixed
legacy,Legacy,Noncommercial,noncommercial,trend26_raw_bn,S&P 500,1w,502,0.005155442801615802,-0.05414491603235041,0.000601541726836593,0.12427968511274057,0.9010938315216406,502,151,151,0.12914858264850862,0.3482986422040193,-0.21915005955551067,56.95364238410596,64.90066225165563,-1.334924313653842,-1.0138355444536442,0.05414491603235041,0.21915005955551067,none
legacy,Legacy,Noncommercial,noncommercial,trend26_raw_bn,S&P 500,4w,499,0.0047729142044204,0.006447111089649178,0.001084850793496531,0.07905649169912975,0.9369876897442269,499,150,150,1.1179167740369822,1.2251491246338222,-0.10723235059684,70.0,70.66666666666667,-2.8825406697705063,-2.3761961165003815,0.006447111089649178,0.10723235059684,none
legacy,Legacy,Noncommercial,noncommercial,trend26_raw_bn,S&P 500,13w,490,0.04130914046207119,-0.013551195845999241,0.015792756624894648,0.4783720212740794,0.6323854437152945,490,147,147,3.0242385317808376,3.9831474526446113,-0.9589089208637738,69.38775510204081,77.55102040816327,-5.29526271485976,-4.268256496414263,0.013551195845999241,0.9589089208637738,none
legacy,Legacy,Noncommercial,noncommercial,trend26_raw_bn,S&P 500,26w,477,0.0048778888673297145,-0.06682796273163089,0.002433919403142126,0.05875053067363361,0.9531508111563123,477,143,143,5.6150835439158335,8.046214350621472,-2.4311308067056387,69.23076923076923,88.81118881118881,-8.327711620856995,-5.081183493038092,0.06682796273163089,2.4311308067056387,weak/mixed
legacy,Legacy,Noncommercial,noncommercial,trend26_raw_bn,NASDAQ-100,1w,502,-0.016590877342036917,-0.0682867510920829,-0.0025176689891449624,-0.37218999983565487,0.7097513911157702,502,151,151,0.17426012884034367,0.5617814938406278,-0.3875213650002841,52.317880794701985,64.23841059602648,-1.748230623700002,-1.2918337141799863,0.0682867510920829,0.3875213650002841,none
legacy,Legacy,Noncommercial,noncommercial,trend26_raw_bn,NASDAQ-100,4w,499,-0.03648314804855661,-0.044847574667407096,-0.010446662777689589,-0.5664867380281989,0.5710629457977325,499,150,150,1.1503317690974773,1.9217915190090495,-0.7714597499115723,63.33333333333333,70.0,-3.756144574169198,-2.905782538968167,0.044847574667407096,0.7714597499115723,none
legacy,Legacy,Noncommercial,noncommercial,trend26_raw_bn,NASDAQ-100,13w,490,0.006498960773774893,-0.085175324362374,0.003327330526269383,0.08596827386773831,0.9314916376152498,490,147,147,3.1633591031425388,5.920894647076164,-2.757535543933625,64.62585034013605,76.19047619047619,-7.225077718791731,-5.324407399210546,0.085175324362374,2.757535543933625,weak/mixed
legacy,Legacy,Noncommercial,noncommercial,trend26_raw_bn,NASDAQ-100,26w,477,-0.027828538432366684,-0.11149662359615037,-0.019241495214999856,-0.3874283152466896,0.6984391448801442,477,143,143,6.121583870919021,11.263841842087997,-5.142257971168976,69.93006993006993,85.3146853146853,-10.867367905932609,-6.394387449743897,0.11149662359615037,5.142257971168976,weak/mixed
legacy,Legacy,Commercial,commercial,net_z,S&P 500,1w,477,0.05307396174618587,0.08102993309110175,0.061801305618460096,1.293683698765848,0.19577469828582278,477,143,143,0.40472794841295745,0.004241348777856847,0.4004865996351006,62.23776223776224,55.94405594405595,-1.1318659244896516,-1.3266007281684764,0.08102993309110175,0.4004865996351006,weak/mixed
legacy,Legacy,Commercial,commercial,net_z,S&P 500,4w,474,0.10314997353800694,0.09537765520660646,0.23480552856467554,1.5538032388085996,0.12023135776022469,474,142,142,1.3294912389696254,0.3900186782928475,0.939472560676778,69.01408450704226,62.676056338028175,-2.452344978175715,-3.264520715946971,0.09537765520660646,0.939472560676778,weak/mixed
legacy,Legacy,Commercial,commercial,net_z,S&P 500,13w,465,0.1828719439010074,0.1910810533401443,0.6853160213687546,1.7667521891411178,0.07726973890401873,465,140,140,4.347117846718337,0.7638363662114397,3.5832814805068973,80.0,55.714285714285715,-3.9147663539323965,-7.003026658969928,0.1910810533401443,3.5832814805068973,tentative
legacy,Legacy,Commercial,commercial,net_z,S&P 500,26w,452,0.22395749966211714,0.27277431373728733,1.0850543316747596,1.6841170941601404,0.09215904136255092,452,136,136,9.19884115985814,2.425718101658978,6.773123058199163,91.17647058823529,58.08823529411765,-4.346936075300047,-10.895166513061627,0.27277431373728733,6.773123058199163,tentative
legacy,Legacy,Commercial,commercial,net_z,NASDAQ-100,1w,477,0.07667758915189674,0.08245150116571455,0.11604170036969293,1.894214045681197,0.058196604522748115,477,143,143,0.5892471988566073,0.016091803328081168,0.5731553955285261,62.23776223776224,55.24475524475524,-1.4378569967302488,-1.779689832031203,0.08245150116571455,0.5731553955285261,weak/mixed
legacy,Legacy,Commercial,commercial,net_z,NASDAQ-100,4w,474,0.15905082754285738,0.1293502147264755,0.4556871322627324,2.1818642660551597,0.029119551810293527,474,142,142,1.974830261168351,0.4051015180465561,1.569728743121795,69.01408450704226,56.33802816901409,-3.065161914571277,-4.169028356508069,0.1293502147264755,1.569728743121795,tentative
legacy,Legacy,Commercial,commercial,net_z,NASDAQ-100,13w,465,0.24114440239948196,0.24828254569932262,1.2073471135715625,1.9452692344571865,0.051742582894527316,465,140,140,7.006338431621876,0.7666415616385144,6.239696869983362,81.42857142857143,54.285714285714285,-4.84843922484277,-8.95924065605112,0.24828254569932262,6.239696869983362,tentative
legacy,Legacy,Commercial,commercial,net_z,NASDAQ-100,26w,452,0.28198013204657074,0.3179850126302513,1.8894575074392945,2.0483593389896453,0.04052480260698752,452,136,136,14.22686711673857,3.071415796631855,11.155451320106714,88.23529411764706,61.029411764705884,-5.232042656662393,-13.62860291904418,0.3179850126302513,11.155451320106714,supported
legacy,Legacy,Commercial,commercial,flow1_z,S&P 500,1w,476,0.03239238745893663,0.063954447717518,0.04012199205950551,0.8173419231361577,0.41373305507274116,476,143,143,0.297397051863162,-0.021818235583772785,0.3192152874469348,63.63636363636363,57.34265734265735,-1.2129939877559868,-1.3685747408055169,0.063954447717518,0.3192152874469348,none
legacy,Legacy,Commercial,commercial,flow1_z,S&P 500,4w,473,-0.017905676379216574,0.016997686257202382,-0.0432625627349759,-0.48363915765395454,0.628641979648755,473,142,142,1.0726990628151587,1.1029171103229207,-0.030218047507762025,67.6056338028169,67.6056338028169,-2.862491589199722,-2.7010159698656304,0.016997686257202382,0.030218047507762025,none
legacy,Legacy,Commercial,commercial,flow1_z,S&P 500,13w,464,0.03086344286185971,0.04163589493485682,0.12532416502458332,0.7649585549822316,0.4442962242908915,464,139,139,3.6598861027744123,3.118439090940684,0.5414470118337285,72.66187050359713,74.10071942446042,-5.375128994953311,-5.3660406473612925,0.04163589493485682,0.5414470118337285,none
legacy,Legacy,Commercial,commercial,flow1_z,S&P 500,26w,451,0.007740561814024159,0.030220094316791915,0.041123161192572665,0.20191678238795085,0.8399817818477231,451,136,136,7.365811033846291,6.191077837391184,1.174733196455107,77.94117647058823,75.0,-7.085199139487883,-7.677501216189582,0.030220094316791915,1.174733196455107,none
legacy,Legacy,Commercial,commercial,flow1_z,NASDAQ-100,1w,476,0.01929279560299706,0.0366165135368944,0.031056618042226508,0.4862615208199179,0.626781757537167,476,143,143,0.4183857249576058,0.07914963614950804,0.33923608880809775,59.44055944055944,58.74125874125874,-1.5346896784909219,-1.7177917283698032,0.0366165135368944,0.33923608880809775,none
legacy,Legacy,Commercial,commercial,flow1_z,NASDAQ-100,4w,473,0.027487282474994885,0.04003521189048799,0.08355158352066419,0.6164042248132967,0.5376277656804076,473,142,142,1.764985372036325,1.480399281673101,0.284586090363224,66.90140845070422,66.19718309859155,-3.464447879565465,-3.397361133450114,0.04003521189048799,0.284586090363224,none
legacy,Legacy,Commercial,commercial,flow1_z,NASDAQ-100,13w,464,0.0465760180562378,0.04967999000569387,0.2526527694373678,0.9593439592637476,0.3373854967822928,464,139,139,5.642951641552698,4.446087316618286,1.1968643249344124,69.7841726618705,72.66187050359713,-6.189557358077107,-6.461749963823356,0.04967999000569387,1.1968643249344124,none
legacy,Legacy,Commercial,commercial,flow1_z,NASDAQ-100,26w,451,0.030896309322331856,0.04391094192518755,0.22702710205333276,0.7893745610912837,0.42989311960588206,451,136,136,10.54871926856686,8.45976243216077,2.088956836406089,80.88235294117648,75.73529411764706,-8.189189732275405,-9.126534608531498,0.04391094192518755,2.088956836406089,weak/mixed
legacy,Legacy,Commercial,commercial,flow4_z,S&P 500,1w,473,-0.02193202366735029,-0.0006459066347402517,-0.026444151124675373,-0.5119290695645078,0.6087006524189736,473,142,142,0.42238012295058425,0.32036423606730946,0.10201588688327479,65.49295774647888,61.267605633802816,-1.245420634926473,-1.0950113273540123,0.0006459066347402517,0.10201588688327479,none
legacy,Legacy,Commercial,commercial,flow4_z,S&P 500,4w,470,0.02254459593798959,0.0064490626456511916,0.05396709574362781,0.36643747994817977,0.7140386567030508,470,141,141,1.47148211288406,1.3297784224088713,0.14170369047518871,69.50354609929079,70.2127659574468,-2.663045038704691,-2.488080620804384,0.0064490626456511916,0.14170369047518871,none
legacy,Legacy,Commercial,commercial,flow4_z,S&P 500,13w,461,0.06111441955285163,0.0338571171354346,0.24209886019788063,0.7279964733260011,0.46661574513707943,461,139,139,4.289236699260611,3.348066248714528,0.9411704505460832,74.82014388489209,76.2589928057554,-5.367892179839391,-4.797217082247386,0.0338571171354346,0.9411704505460832,none
legacy,Legacy,Commercial,commercial,flow4_z,S&P 500,26w,448,0.02134535210499051,0.006467178581571489,0.11074488486774903,0.26491120187810424,0.7910778686953983,448,135,135,7.490809736280382,6.628069287410069,0.862740448870313,78.51851851851852,75.55555555555556,-7.111891579405561,-7.266628827795886,0.006467178581571489,0.862740448870313,none
legacy,Legacy,Commercial,commercial,flow4_z,NASDAQ-100,1w,473,0.02508248962356259,0.02299840383044407,0.039278524802468656,0.5801965246640628,0.5617820970003939,473,142,142,0.7592327928197529,0.4680387117415654,0.29119408107818745,64.08450704225352,59.154929577464785,-1.5026765291174637,-1.4384918200574894,0.02299840383044407,0.29119408107818745,none
legacy,Legacy,Commercial,commercial,flow4_z,NASDAQ-100,4w,470,0.09693142511602942,0.03893484391104706,0.29154053498027427,1.3501131876632875,0.17697967882053853,470,141,141,2.356073544425977,1.6306772805103016,0.7253962639156755,68.79432624113475,66.66666666666666,-3.1218889398045366,-3.2098016517898293,0.03893484391104706,0.7253962639156755,weak/mixed
legacy,Legacy,Commercial,commercial,flow4_z,NASDAQ-100,13w,461,0.08859647156506213,0.05201309112466333,0.468834478173732,0.9612660897444523,0.3364183935542824,461,139,139,6.501487281476534,4.672674586866215,1.8288126946103187,76.2589928057554,74.82014388489209,-6.252754414868894,-6.024325275384931,0.05201309112466333,1.8288126946103187,weak/mixed
legacy,Legacy,Commercial,commercial,flow4_z,NASDAQ-100,26w,448,0.06358018241858644,0.013578299064502556,0.45630172671618646,0.778377377073373,0.43634657158877854,448,135,135,10.938970351055023,8.875891419498112,2.0630789315569107,77.77777777777779,79.25925925925927,-8.150778695815752,-8.798914314541646,0.013578299064502556,2.0630789315569107,weak/mixed
legacy,Legacy,Commercial,commercial,trend13_z,S&P 500,1w,464,0.040913742227788145,0.03109226234092596,0.04999670513604314,1.032536346185597,0.3018209300014115,464,139,139,0.35764855076355023,0.3164830327152869,0.04116551804826335,60.431654676258994,61.15107913669065,-1.291645481988869,-1.0625398013400185,0.03109226234092596,0.04116551804826335,none
legacy,Legacy,Commercial,commercial,trend13_z,S&P 500,4w,461,0.0633892381806237,0.048210565252911765,0.15133338173891145,0.9715062348002723,0.3312962498874568,461,139,139,1.4826263210262203,1.1476228206835477,0.33500350034267257,69.06474820143885,68.34532374100719,-2.9517115720392875,-2.6404172845676737,0.048210565252911765,0.33500350034267257,none
legacy,Legacy,Commercial,commercial,trend13_z,S&P 500,13w,452,0.07550426293449265,0.08983208568532967,0.29682815536246565,0.7827092681069971,0.4337978584569435,452,136,136,4.845469136636987,3.250839386730818,1.5946297499061686,75.73529411764706,75.0,-4.950331608797633,-4.496016037210482,0.08983208568532967,1.5946297499061686,weak/mixed
legacy,Legacy,Commercial,commercial,trend13_z,S&P 500,26w,439,-0.002752840319548029,-0.03728501036829429,-0.014003834395912882,-0.023604977762919498,0.981167701578119,439,132,132,7.674559772373058,7.558387603680747,0.1161721686923114,83.33333333333334,78.03030303030303,-5.6581871079072,-6.892742555905464,0.03728501036829429,0.1161721686923114,none
legacy,Legacy,Commercial,commercial,trend13_z,NASDAQ-100,1w,464,0.06134467357534944,0.046382469602654255,0.09724029691417362,1.5128866694047178,0.13030844859522514,464,139,139,0.5105022050649407,0.4050112768093603,0.10549092825558043,61.15107913669065,58.992805755395686,-1.6132398386689675,-1.4826174690841272,0.046382469602654255,0.10549092825558043,weak/mixed
legacy,Legacy,Commercial,commercial,trend13_z,NASDAQ-100,4w,461,0.10253446488744905,0.08375355663858919,0.30741288082370544,1.3698050328946603,0.17074777058527524,461,139,139,2.230810376944864,1.3570250760833844,0.8737853008614798,67.62589928057554,64.74820143884892,-3.6234918059321752,-3.3911721329193396,0.08375355663858919,0.8737853008614798,weak/mixed
legacy,Legacy,Commercial,commercial,trend13_z,NASDAQ-100,13w,452,0.11355568963885616,0.12283408310898973,0.5962948006827488,1.063961189821771,0.2873462813358829,452,136,136,7.453239381737164,3.886390349032853,3.5668490327043108,75.0,72.79411764705883,-6.148982680300727,-6.003901903354145,0.12283408310898973,3.5668490327043108,weak/mixed
legacy,Legacy,Commercial,commercial,trend13_z,NASDAQ-100,26w,439,0.03668002653572397,-0.017808786526607227,0.2584967537437831,0.32194861864094865,0.7474916200456941,439,132,132,10.561965936189683,9.48395776538977,1.0780081707999134,79.54545454545455,78.78787878787878,-7.117745106825363,-9.035416717517336,0.017808786526607227,1.0780081707999134,none
legacy,Legacy,Commercial,commercial,trend26_z,S&P 500,1w,451,0.027997478687989394,0.06250469294717081,0.032822265076223725,0.6283838782049802,0.5297524957074624,451,136,136,0.38309902067922025,0.10819446743612332,0.2749045532430969,61.76470588235294,55.88235294117647,-1.1791328187778323,-1.3203090981146217,0.06250469294717081,0.2749045532430969,none
legacy,Legacy,Commercial,commercial,trend26_z,S&P 500,4w,448,0.04447886247894221,0.04221990062074664,0.10164237337329923,0.6126183378639131,0.5401287300626572,448,135,135,1.3781422744620957,1.0477465559786159,0.3303957184834798,68.88888888888889,70.37037037037037,-2.6263910466661224,-2.8919493077043046,0.04221990062074664,0.3303957184834798,none
legacy,Legacy,Commercial,commercial,trend26_z,S&P 500,13w,439,0.03535895735922096,0.023987779312770727,0.1327450439029594,0.3101310446531609,0.7564613051188065,439,132,132,4.74039126708126,3.1675633739546925,1.5728278931265676,79.54545454545455,68.93939393939394,-4.034240084916148,-5.186781369012848,0.023987779312770727,1.5728278931265676,weak/mixed
legacy,Legacy,Commercial,commercial,trend26_z,S&P 500,26w,426,0.03106147069599295,0.03992689017421792,0.15068287435325886,0.24075767349816612,0.8097429363884003,426,128,128,8.47999194066789,5.410675760307061,3.069316180360829,88.28125,67.1875,-4.670941290317964,-8.227463881836286,0.03992689017421792,3.069316180360829,weak/mixed
legacy,Legacy,Commercial,commercial,trend26_z,NASDAQ-100,1w,451,0.05391950103827386,0.07531555572997402,0.08189758035189709,1.1841460634275232,0.23635524857674436,451,136,136,0.583145642243324,0.15555897100188934,0.4275866712414347,62.5,52.94117647058824,-1.4731584397311346,-1.7155405788318254,0.07531555572997402,0.4275866712414347,none
legacy,Legacy,Commercial,commercial,trend26_z,NASDAQ-100,4w,448,0.09579587433993426,0.08596657748015724,0.2748664645480451,1.229739171511377,0.21879479318185308,448,135,135,1.9260120328415984,1.0247590896745464,0.901252943167052,68.14814814814815,62.96296296296296,-3.2942970104770315,-3.7986138564835485,0.08596657748015724,0.901252943167052,none
legacy,Legacy,Commercial,commercial,trend26_z,NASDAQ-100,13w,439,0.08344440286813855,0.09732395884453797,0.4191509007543479,0.7194562540102392,0.47185984686103244,439,132,132,6.787164173104585,3.000659564722719,3.7865046083818656,81.06060606060606,65.15151515151516,-5.040077925789009,-7.181786388471724,0.09732395884453797,3.7865046083818656,weak/mixed
legacy,Legacy,Commercial,commercial,trend26_z,NASDAQ-100,26w,426,0.07519229628054559,0.08264460436679869,0.505463353730293,0.6325000216873267,0.5270601942912905,426,128,128,11.671805682359285,5.745625454517699,5.926180227841586,83.59375,69.53125,-5.826887924973966,-10.703486430072786,0.08264460436679869,5.926180227841586,weak/mixed
legacy,Legacy,Commercial,commercial,net_raw_bn,S&P 500,1w,528,0.037655445157306726,0.09197068557395409,0.004233065124017254,1.0314769659912089,0.3023172044389034,528,159,159,0.405978373108814,0.05290930096273048,0.3530690721460835,62.893081761006286,55.34591194968554,-1.0908917174836954,-1.2473515198497531,0.09197068557395409,0.3530690721460835,none
legacy,Legacy,Commercial,commercial,net_raw_bn,S&P 500,4w,525,0.08639161712202408,0.11837990471491182,0.018983191896427935,1.4470576727800486,0.14788077150690834,525,158,158,1.643567949060988,0.39441663408089594,1.2491513149800921,72.15189873417721,61.39240506329114,-2.223591159497927,-3.0461377827611895,0.11837990471491182,1.2491513149800921,weak/mixed
legacy,Legacy,Commercial,commercial,net_raw_bn,S&P 500,13w,516,0.11849629077878565,0.24072813568737433,0.04337781082153496,1.4239224148268859,0.15446893243483706,516,155,155,4.996689521352612,0.912120008599802,4.084569512752809,82.58064516129032,58.06451612903226,-3.6205759092167638,-6.426387435438746,0.24072813568737433,4.084569512752809,weak/mixed
legacy,Legacy,Commercial,commercial,net_raw_bn,S&P 500,26w,503,0.1254601166356755,0.28888045281715136,0.05955793266977158,1.734858772638163,0.08276582306474986,503,151,151,10.03557642517525,2.751243642757925,7.284332782417325,92.05298013245033,61.58940397350994,-3.8292569935363545,-10.040499514995744,0.28888045281715136,7.284332782417325,tentative
legacy,Legacy,Commercial,commercial,net_raw_bn,NASDAQ-100,1w,528,0.0563251710989988,0.0816978699301151,0.008226531525290246,1.4655492056487776,0.1427711378683424,528,159,159,0.6181458182478589,0.11929384911353348,0.4988519691343254,61.63522012578616,56.60377358490566,-1.4006152077960943,-1.6563944209554446,0.0816978699301151,0.4988519691343254,weak/mixed
legacy,Legacy,Commercial,commercial,net_raw_bn,NASDAQ-100,4w,525,0.12040569993868051,0.12170227763702934,0.03328917016157648,1.8119611994311378,0.06999219198901843,525,158,158,2.4743080358298486,0.5897904678376854,1.8845175679921633,74.0506329113924,58.22784810126582,-2.7914169941153193,-3.887552217020859,0.12170227763702934,1.8845175679921633,tentative
legacy,Legacy,Commercial,commercial,net_raw_bn,NASDAQ-100,13w,516,0.1437371567178212,0.2669967110564142,0.07035461435803869,1.6738823066738189,0.09415373215121405,516,155,155,7.653243631897101,0.9733342732819038,6.6799093586151965,82.58064516129032,54.83870967741935,-4.468371445320491,-8.206060953208933,0.2669967110564142,6.6799093586151965,tentative
legacy,Legacy,Commercial,commercial,net_raw_bn,NASDAQ-100,26w,503,0.1374951365142069,0.2929671072408275,0.09044950174937466,1.9701894359060208,0.048816663820837575,503,151,151,14.597126040470782,3.648627066844716,10.948498973626066,88.74172185430463,63.576158940397356,-4.767110276889191,-12.523714813416012,0.2929671072408275,10.948498973626066,supported
legacy,Legacy,Commercial,commercial,trend13_raw_bn,S&P 500,1w,515,0.0302404006457762,0.04158319811149191,0.0031787857360122346,0.8484431354723727,0.3961912284841758,515,155,155,0.3842184639178708,0.21300854758597226,0.17120991633189853,63.2258064516129,58.70967741935483,-1.1488889078777713,-1.0778497059588388,0.04158319811149191,0.17120991633189853,none
legacy,Legacy,Commercial,commercial,trend13_raw_bn,S&P 500,4w,512,0.07153802560751123,0.06941172136963414,0.014727082147932755,1.2118533232360302,0.22556853232621701,512,154,154,1.5830799020198947,0.9213860182170358,0.6616938838028589,71.42857142857143,64.93506493506493,-2.642120811546588,-2.576260613034298,0.06941172136963414,0.6616938838028589,none
legacy,Legacy,Commercial,commercial,trend13_raw_bn,S&P 500,13w,503,0.07447646440729068,0.1154578882236839,0.02542167970977406,0.8786406436593832,0.37959615127111684,503,151,151,4.549805465376269,3.1301998727842624,1.4196055925920068,76.15894039735099,75.49668874172185,-4.59262591784022,-4.494379289344921,0.1154578882236839,1.4196055925920068,none
legacy,Legacy,Commercial,commercial,trend13_raw_bn,S&P 500,26w,490,-0.01329282705703963,-0.0076149710693318605,-0.005986701904458146,-0.12084651845676954,0.9038126036778931,490,147,147,8.4249210441653,7.4270463703589025,0.9978746738063977,85.71428571428571,79.59183673469387,-4.995885082938931,-6.571411723581148,0.0076149710693318605,0.9978746738063977,none
legacy,Legacy,Commercial,commercial,trend13_raw_bn,NASDAQ-100,1w,515,0.04028727179058041,0.04513065197280394,0.005507206725426097,1.0540647933158507,0.29185325358595077,515,155,155,0.4851328531223067,0.28158230641248055,0.20355054670982614,60.0,56.774193548387096,-1.5062876035529436,-1.4983245839732298,0.04513065197280394,0.20355054670982614,none
legacy,Legacy,Commercial,commercial,trend13_raw_bn,NASDAQ-100,4w,512,0.09302684309178157,0.08476930411073345,0.024082073421168845,1.3568220952500543,0.17483774513336922,512,154,154,2.241605260721397,1.12612625932851,1.1154790013928872,70.12987012987013,65.5844155844156,-3.3552663121335993,-3.358526617846713,0.08476930411073345,1.1154790013928872,weak/mixed
legacy,Legacy,Commercial,commercial,trend13_raw_bn,NASDAQ-100,13w,503,0.10477863655825422,0.13171671922553088,0.04785259687965556,1.2538153099670277,0.2099091431088738,503,151,151,6.867852809169409,3.719586710680679,3.14826609848873,75.49668874172185,72.18543046357617,-5.7950640846057135,-5.981327000934403,0.13171671922553088,3.14826609848873,weak/mixed
legacy,Legacy,Commercial,commercial,trend13_raw_bn,NASDAQ-100,26w,490,0.01909485887687789,0.012200426507739028,0.011920387124374375,0.21862491158765002,0.8269422455637842,490,147,147,11.667313435014977,9.320243762659503,2.347069672355474,82.99319727891157,80.27210884353741,-6.321302705372861,-8.644579806999033,0.012200426507739028,2.347069672355474,weak/mixed
legacy,Legacy,Commercial,commercial,trend26_raw_bn,S&P 500,1w,502,0.02026887539809389,0.06163078783306081,0.001785480761465979,0.499994157365432,0.6170791914360796,502,151,151,0.3511037909922098,0.21641582134610338,0.1346879696461064,62.913907284768214,58.94039735099338,-1.1186700980623423,-1.1581655938613857,0.06163078783306081,0.1346879696461064,none
legacy,Legacy,Commercial,commercial,trend26_raw_bn,S&P 500,4w,499,0.04405587101334166,0.048562957239780755,0.0075607955612790765,0.7111798515429659,0.47697279250283076,499,150,150,1.4096695657568774,0.9761533652884263,0.4335162004684511,69.33333333333334,69.33333333333334,-2.469862565993478,-2.770969237109017,0.048562957239780755,0.4335162004684511,none
legacy,Legacy,Commercial,commercial,trend26_raw_bn,S&P 500,13w,490,0.007499814040765211,0.05605917151011943,0.0021472706315623456,0.07476055173027671,0.940405229101571,490,147,147,4.776333283666894,2.5639012585322076,2.212432025134686,82.31292517006803,66.66666666666666,-3.9248108388321143,-5.413488852809138,0.05605917151011943,2.212432025134686,weak/mixed
legacy,Legacy,Commercial,commercial,trend26_raw_bn,S&P 500,26w,477,-0.013216892679036562,0.04614153232146257,-0.004920888533840383,-0.1276168293793033,0.8984522121163585,477,143,143,8.616931957587335,5.754015053636439,2.8629169039508957,88.11188811188812,71.32867132867133,-4.506626851811015,-8.356846327381362,0.04614153232146257,2.8629169039508957,weak/mixed
legacy,Legacy,Commercial,commercial,trend26_raw_bn,NASDAQ-100,1w,502,0.04381773377363072,0.07892748952760996,0.005020013986790713,1.0098329894528173,0.3125753119108376,502,151,151,0.5165394501938649,0.2111341916677663,0.3054052585260986,61.58940397350994,54.966887417218544,-1.4409275826934682,-1.627352018363301,0.07892748952760996,0.3054052585260986,none
legacy,Legacy,Commercial,commercial,trend26_raw_bn,NASDAQ-100,4w,499,0.089406807867739,0.0890956853465968,0.01933005899785195,1.3711577540009268,0.1703257844045262,499,150,150,2.0375873407704694,0.9247140280486976,1.1128733127217718,69.33333333333334,61.33333333333333,-3.106058368894568,-3.7217713299506037,0.0890956853465968,1.1128733127217718,weak/mixed
legacy,Legacy,Commercial,commercial,trend26_raw_bn,NASDAQ-100,13w,490,0.04939145265348542,0.13012688388488727,0.01893774799495997,0.589228955172248,0.55570769586055,490,147,147,7.08293309897278,2.341220639404203,4.741712459568577,82.99319727891157,60.544217687074834,-4.873299189121638,-7.572674061864276,0.13012688388488727,4.741712459568577,weak/mixed
legacy,Legacy,Commercial,commercial,trend26_raw_bn,NASDAQ-100,26w,477,0.023642037154332003,0.10181974423937094,0.012197566311844092,0.3052220858425661,0.7601970124072441,477,143,143,12.021466076271562,6.184605628154705,5.836860448116857,83.91608391608392,74.12587412587412,-5.617188540384767,-11.017931961673646,0.10181974423937094,5.836860448116857,weak/mixed
legacy,Legacy,Nonreportable,nonreportable,net_z,S&P 500,1w,477,-0.02507744584259972,-0.05293790366861199,-0.025536135142731082,-0.5779944135169022,0.5632678909037838,477,143,143,0.2678608284286748,0.30477459758554276,-0.03691376915686795,63.63636363636363,64.33566433566433,-0.9969730361017604,-1.370220926340353,0.05293790366861199,0.03691376915686795,none
legacy,Legacy,Nonreportable,nonreportable,net_z,S&P 500,4w,474,-0.0492710117730661,-0.08586225109968973,-0.09805027013559323,-0.7201051562265244,0.47146025305579686,474,142,142,0.8519352684230485,1.3244924093646506,-0.47255714094160217,67.6056338028169,69.71830985915493,-2.4651044359810643,-2.6730278274384354,0.08586225109968973,0.47255714094160217,none
legacy,Legacy,Nonreportable,nonreportable,net_z,S&P 500,13w,465,-0.04601836739125212,-0.03159328199668684,-0.15074558766342683,-0.4088885738178913,0.6826214346506755,465,140,140,3.200887315534679,4.021950606303848,-0.8210632907691693,76.42857142857142,77.14285714285715,-4.778862135185494,-4.2759374291630605,0.03159328199668684,0.8210632907691693,none
legacy,Legacy,Nonreportable,nonreportable,net_z,S&P 500,26w,452,0.015834430374252487,0.008904915174793086,0.06714622709238247,0.11277002879997863,0.9102128802886352,452,136,136,7.024973622264006,7.296886638187522,-0.27191301592351635,81.61764705882352,82.35294117647058,-6.571771454872641,-5.098332931808043,0.008904915174793086,0.27191301592351635,none
legacy,Legacy,Nonreportable,nonreportable,net_z,NASDAQ-100,1w,477,-0.04787002713212536,-0.06704721835051222,-0.06335268587702357,-1.1268391053708342,0.25981051341334643,477,143,143,0.3158258705796743,0.5184105784341594,-0.20258470785448507,59.44055944055944,63.63636363636363,-1.4183537256503984,-1.7039463913008634,0.06704721835051222,0.20258470785448507,none
legacy,Legacy,Nonreportable,nonreportable,net_z,NASDAQ-100,4w,474,-0.08218861196568583,-0.10008566522952284,-0.20585460874327874,-1.0807983110764274,0.27978683991170133,474,142,142,1.0908971578909754,1.9756247466616899,-0.8847275887707144,62.676056338028175,71.12676056338029,-3.25735070272869,-3.3035659558640287,0.10008566522952284,0.8847275887707144,none
legacy,Legacy,Nonreportable,nonreportable,net_z,NASDAQ-100,13w,465,-0.09459912501047003,-0.07309242028577295,-0.4140108101272127,-0.7663177139772329,0.4434872807382048,465,140,140,4.114469930505155,6.076215119666789,-1.9617451891616335,71.42857142857143,76.42857142857142,-6.060481882313723,-5.267429101091686,0.07309242028577295,1.9617451891616335,weak/mixed
legacy,Legacy,Nonreportable,nonreportable,net_z,NASDAQ-100,26w,452,-0.06853480443242178,-0.09524284141734823,-0.40194172592720645,-0.5121573410696385,0.6085408960028188,452,136,136,8.956455800368424,11.053625133303438,-2.097169332935014,86.02941176470588,77.20588235294117,-8.275991178441986,-6.239243479229026,0.09524284141734823,2.097169332935014,weak/mixed
legacy,Legacy,Nonreportable,nonreportable,flow1_z,S&P 500,1w,476,-0.04385227134800061,-0.0353517534123878,-0.053652327200365814,-0.9439549000368538,0.3451926954548223,476,143,143,0.1156970407575568,0.11485942459174603,0.0008376161658107673,61.53846153846154,58.74125874125874,-1.1171984588186263,-1.3620909267895511,0.0353517534123878,0.0008376161658107673,none
legacy,Legacy,Nonreportable,nonreportable,flow1_z,S&P 500,4w,473,0.02722682131902293,0.04847452184085206,0.0651537534466621,0.7690171351409799,0.4418831383895874,473,142,142,1.3878805160302807,1.0237692873831066,0.36411122864717416,74.64788732394366,68.30985915492957,-2.409927540072494,-2.9026314084597313,0.04847452184085206,0.36411122864717416,none
legacy,Legacy,Nonreportable,nonreportable,flow1_z,S&P 500,13w,464,-0.052191269000928575,-0.028890632019738755,-0.20637807060202784,-1.3138029009986418,0.18891254112808373,464,139,139,3.6619016799237896,4.085254350285165,-0.4233526703613757,77.6978417266187,79.13669064748201,-4.561311142805947,-5.241266721753661,0.028890632019738755,0.4233526703613757,weak/mixed
legacy,Legacy,Nonreportable,nonreportable,flow1_z,S&P 500,26w,451,-0.020115282556165785,0.004350607303337715,-0.10539920313182774,-0.47744558931272657,0.6330448572218279,451,136,136,6.768171777446355,7.544565051442803,-0.7763932739964483,78.67647058823529,77.94117647058823,-6.596333971705038,-7.1091585789266185,0.004350607303337715,0.7763932739964483,none
legacy,Legacy,Nonreportable,nonreportable,flow1_z,NASDAQ-100,1w,476,-0.05935838576951979,-0.04199933796756041,-0.09438392249679192,-1.3162283993437107,0.1880973944815921,476,143,143,0.24395266858542602,0.29863140964417556,-0.054678741058749536,60.13986013986013,59.44055944055944,-1.4440632789032242,-1.6737175949793772,0.04199933796756041,0.054678741058749536,weak/mixed
legacy,Legacy,Nonreportable,nonreportable,flow1_z,NASDAQ-100,4w,473,0.0005152622005758397,0.02141788299564603,0.0015512155565958403,0.013064013688760137,0.9895767216639303,473,142,142,1.9379770026642902,1.6114071482301215,0.32656985443416864,73.23943661971832,64.08450704225352,-3.035743361552231,-3.454043573319688,0.02141788299564603,0.32656985443416864,none
legacy,Legacy,Nonreportable,nonreportable,flow1_z,NASDAQ-100,13w,464,-0.0813160303871366,-0.044783020250482294,-0.429549401546024,-1.8278888549398853,0.06756623404890844,464,139,139,5.249814678643322,6.101698131156459,-0.8518834525131371,77.6978417266187,75.53956834532374,-5.478690501463696,-6.19101311565699,0.044783020250482294,0.8518834525131371,weak/mixed
legacy,Legacy,Nonreportable,nonreportable,flow1_z,NASDAQ-100,26w,451,-0.03621278664664807,-0.0038383402337643646,-0.2624401202501689,-0.8853765183421448,0.3759535927260367,451,136,136,9.787671311403034,10.769761518176987,-0.9820902067739521,83.08823529411765,80.88235294117648,-7.6138124366913305,-8.09886172504104,0.0038383402337643646,0.9820902067739521,none
legacy,Legacy,Nonreportable,nonreportable,flow4_z,S&P 500,1w,473,0.03356242173155217,0.017502527608653153,0.03929144495785256,0.6298695014394352,0.5287799685061879,473,142,142,0.3049925258467174,0.2117769919109081,0.09321553393580928,66.90140845070422,54.22535211267606,-0.9706530144418338,-1.41097034700189,0.017502527608653153,0.09321553393580928,none
legacy,Legacy,Nonreportable,nonreportable,flow4_z,S&P 500,4w,470,-0.05837475937577579,-0.0364869359280688,-0.133359836893399,-0.923054075281618,0.3559790256842245,470,141,141,1.0459239713189712,1.3663395832382712,-0.3204156119193,70.2127659574468,70.2127659574468,-2.3100620294467764,-2.8724152265727696,0.0364869359280688,0.3204156119193,none
legacy,Legacy,Nonreportable,nonreportable,flow4_z,S&P 500,13w,461,-0.13258001761182445,-0.0625991663716836,-0.5028772534113221,-1.5934940124188068,0.11104941048609115,461,139,139,2.8617603135753416,4.27321436186635,-1.411454048291008,72.66187050359713,76.2589928057554,-4.658877476183808,-5.228474281167377,0.0625991663716836,1.411454048291008,weak/mixed
legacy,Legacy,Nonreportable,nonreportable,flow4_z,S&P 500,26w,448,-0.054299760104004315,0.04296367019924963,-0.27249081815925497,-0.5514526403951728,0.5813234236440594,448,135,135,6.758043954927704,6.898952383660551,-0.14090842873284704,80.74074074074075,73.33333333333333,-7.0636006310957224,-7.974793410640904,0.04296367019924963,0.14090842873284704,none
legacy,Legacy,Nonreportable,nonreportable,flow4_z,NASDAQ-100,1w,473,0.004380153871423472,-0.00570951528426469,0.0066598995685499965,0.0869046754352573,0.9307472831236091,473,142,142,0.39199805765962764,0.45530905856767107,-0.06331100090804342,59.154929577464785,59.859154929577464,-1.3562517870642123,-1.671992593804351,0.00570951528426469,0.06331100090804342,none
legacy,Legacy,Nonreportable,nonreportable,flow4_z,NASDAQ-100,4w,470,-0.08557266141699504,-0.018202812048598704,-0.24563075830621567,-1.1927682641112258,0.23296014230938936,470,141,141,1.498797184217439,1.8993548557683095,-0.4005576715508705,68.08510638297872,64.53900709219859,-3.0213412487589166,-3.4107769400590846,0.018202812048598704,0.4005576715508705,none
legacy,Legacy,Nonreportable,nonreportable,flow4_z,NASDAQ-100,13w,461,-0.16610439910350516,-0.08345677711894822,-0.8416259476712673,-1.9125976452244704,0.05579958137285567,461,139,139,4.1786604790606185,6.514651879861264,-2.335991400800645,73.38129496402878,73.38129496402878,-5.439453173184568,-6.372830368818416,0.08345677711894822,2.335991400800645,tentative
legacy,Legacy,Nonreportable,nonreportable,flow4_z,NASDAQ-100,26w,448,-0.06542095880031876,0.041191195092108376,-0.4541306943974447,-0.6983905295924705,0.4849329973580217,448,135,135,10.378164625113042,10.655749945829484,-0.27758532071644204,85.92592592592592,77.03703703703704,-7.895347853362556,-8.782240821731998,0.041191195092108376,0.27758532071644204,none
legacy,Legacy,Nonreportable,nonreportable,trend13_z,S&P 500,1w,464,-0.06598039342507861,-0.06832417589017793,-0.07189467042897489,-1.3270147224088336,0.1845038126109114,464,139,139,0.25961323163033684,0.3409051605087013,-0.08129192887836445,62.589928057553955,61.15107913669065,-0.9968781352696912,-1.3489764229779657,0.06832417589017793,0.08129192887836445,weak/mixed
legacy,Legacy,Nonreportable,nonreportable,trend13_z,S&P 500,4w,461,-0.14204705167073606,-0.11518217706089065,-0.3040994325469648,-2.030677560940497,0.04228771405325987,461,139,139,1.3162189072356125,1.970707928681433,-0.6544890214458206,71.94244604316546,76.2589928057554,-2.05865332703482,-2.5830359957502935,0.11518217706089065,0.6544890214458206,weak/mixed
legacy,Legacy,Nonreportable,nonreportable,trend13_z,S&P 500,13w,452,-0.2011607564277322,-0.15172363068752776,-0.7118052249401177,-1.7408067552861308,0.08171745746615507,452,136,136,3.377212321310596,4.74300139152009,-1.3657890702094937,75.73529411764706,74.26470588235294,-4.0033543571313785,-4.549125050964865,0.15172363068752776,1.3657890702094937,tentative
legacy,Legacy,Nonreportable,nonreportable,trend13_z,S&P 500,26w,439,0.0056570134578829865,0.12105586397251764,0.026520086849110842,0.03374412879561923,0.9730811893032599,439,132,132,9.22517324861658,6.049654441254044,3.1755188073625353,90.15151515151516,70.45454545454545,-5.30392841320181,-6.592757895429742,0.12105586397251764,3.1755188073625353,weak/mixed
legacy,Legacy,Nonreportable,nonreportable,trend13_z,NASDAQ-100,1w,464,-0.0973112050929575,-0.0989107167310931,-0.13754407396009155,-2.082595767035846,0.037288085386372974,464,139,139,0.34821176960177946,0.6050751180808185,-0.256863348479039,57.55395683453237,62.589928057553955,-1.4709213214754882,-1.5607630020677592,0.0989107167310931,0.256863348479039,weak/mixed
legacy,Legacy,Nonreportable,nonreportable,trend13_z,NASDAQ-100,4w,461,-0.18291137813834263,-0.15109507110827494,-0.491764409877814,-2.373214239843757,0.017634032269669628,461,139,139,1.6422323371295109,2.8814078613550507,-1.2391755242255398,67.62589928057554,75.53956834532374,-2.8183830822154525,-3.1541789682653203,0.15109507110827494,1.2391755242255398,tentative
legacy,Legacy,Nonreportable,nonreportable,trend13_z,NASDAQ-100,13w,452,-0.2297015295193022,-0.1644066406832226,-1.0856761595679665,-1.929575010688842,0.05365951759088019,452,136,136,4.414528216674821,6.9225518719824795,-2.5080236553076585,75.0,72.05882352941177,-5.132454330793356,-5.782883515618284,0.1644066406832226,2.5080236553076585,tentative
legacy,Legacy,Nonreportable,nonreportable,trend13_z,NASDAQ-100,26w,439,-0.017736666333696055,0.07766065182672041,-0.11519118146914573,-0.11523280100692752,0.9082606003957334,439,132,132,12.269978681773548,8.783082876518694,3.4868958052548535,93.93939393939394,66.66666666666666,-6.804925851230428,-8.149153477129973,0.07766065182672041,3.4868958052548535,weak/mixed
legacy,Legacy,Nonreportable,nonreportable,trend26_z,S&P 500,1w,451,-0.04487612132913654,-0.07703706610678333,-0.05174955708037943,-1.0249386669009484,0.3053921283176104,451,136,136,0.19834801552901812,0.43030075800084333,-0.2319527424718252,62.5,67.64705882352942,-1.0927829731234682,-1.3250808250377877,0.07703706610678333,0.2319527424718252,none
legacy,Legacy,Nonreportable,nonreportable,trend26_z,S&P 500,4w,448,-0.09603674265903916,-0.14025988827841562,-0.2159883394261118,-1.3369793935546284,0.18122936324817704,448,135,135,0.6735191857427714,1.9829803064360048,-1.3094611206932334,66.66666666666666,75.55555555555556,-2.725501537256696,-2.5332663912152293,0.14025988827841562,1.3094611206932334,weak/mixed
legacy,Legacy,Nonreportable,nonreportable,trend26_z,S&P 500,13w,439,-0.017585625133474055,-0.00981044885778558,-0.06476515263690116,-0.13855863314880768,0.8897989338719422,439,132,132,4.163447100830827,4.484420145917215,-0.32097304508638835,79.54545454545455,78.78787878787878,-4.609809485241643,-4.26811978922749,0.00981044885778558,0.32097304508638835,none
legacy,Legacy,Nonreportable,nonreportable,trend26_z,S&P 500,26w,426,0.0870673100206219,0.1278393601726075,0.41583671093214813,0.5539288651801249,0.5796275295819735,426,128,128,9.811109826769801,7.967949329808096,1.8431604969617048,90.625,80.46875,-5.8871045405395215,-5.318279999443152,0.1278393601726075,1.8431604969617048,weak/mixed
legacy,Legacy,Nonreportable,nonreportable,trend26_z,NASDAQ-100,1w,451,-0.06887865268727573,-0.09486882640346915,-0.10290857092624968,-1.5914000287504053,0.1115195778681952,451,136,136,0.22817652836245705,0.6253327415783754,-0.3971562132159183,56.61764705882353,66.91176470588235,-1.5111467702198491,-1.600914707272975,0.09486882640346915,0.3971562132159183,weak/mixed
legacy,Legacy,Nonreportable,nonreportable,trend26_z,NASDAQ-100,4w,448,-0.12452965116533454,-0.14410071811866998,-0.351657173394471,-1.6331049472902515,0.10244692628320134,448,135,135,0.9884533933477819,2.7999966796049307,-1.8115432862571488,62.22222222222222,77.03703703703704,-3.464168185217999,-3.103381957577587,0.14410071811866998,1.8115432862571488,weak/mixed
legacy,Legacy,Nonreportable,nonreportable,trend26_z,NASDAQ-100,13w,439,-0.04587110836378843,-0.028390120192785025,-0.22603575554271307,-0.38490328479132735,0.7003090721424472,439,132,132,5.298068246487685,5.944417735778209,-0.6463494892905235,78.03030303030303,74.24242424242425,-5.824719924113579,-5.297550043514079,0.028390120192785025,0.6463494892905235,none
legacy,Legacy,Nonreportable,nonreportable,trend26_z,NASDAQ-100,26w,426,0.052266271352672096,0.10671139663438685,0.3459104358599703,0.3939899836659324,0.6935884342770398,426,128,128,12.039196087704784,10.02538127889984,2.013814808804945,94.53125,73.4375,-7.244713992741977,-6.704761709430862,0.10671139663438685,2.013814808804945,weak/mixed
legacy,Legacy,Nonreportable,nonreportable,net_raw_bn,S&P 500,1w,528,-0.023351652348311398,-0.05000394572122405,-0.003179823497053682,-0.6331021235281711,0.5266669556562664,528,159,159,0.2829094697420331,0.27842646885666966,0.004483000885363464,61.63522012578616,62.264150943396224,-1.076433721719405,-1.2143538882826292,0.05000394572122405,0.004483000885363464,none
legacy,Legacy,Nonreportable,nonreportable,net_raw_bn,S&P 500,4w,525,-0.03845943137106853,-0.07377304899842851,-0.010401719752663626,-0.6373319551456533,0.5239086404945659,525,158,158,1.4983036069213083,1.2652677784992705,0.23303582842203774,71.51898734177216,68.35443037974683,-2.3461065734337736,-2.4615379282000864,0.07377304899842851,0.23303582842203774,none
legacy,Legacy,Nonreportable,nonreportable,net_raw_bn,S&P 500,13w,516,-0.01870540475616335,0.0050362631032586785,-0.008665186328323438,-0.17911949137036012,0.8578438776073636,516,155,155,4.772212012045436,3.8439594953222005,0.9282525167232358,81.93548387096774,79.35483870967742,-4.326542565956601,-3.8177431724274298,0.0050362631032586785,0.9282525167232358,none
legacy,Legacy,Nonreportable,nonreportable,net_raw_bn,S&P 500,26w,503,0.03731781195028835,0.005758279011191814,0.023323743899081234,0.3424926845013551,0.7319801484165986,503,151,151,8.05726673007479,7.744454768860051,0.31281196121473887,82.11920529801324,87.41721854304636,-6.523223368081831,-4.328430518020485,0.005758279011191814,0.31281196121473887,none
legacy,Legacy,Nonreportable,nonreportable,net_raw_bn,NASDAQ-100,1w,528,-0.04076449920663351,-0.06460083160150956,-0.007211981300750479,-1.06054832483497,0.288895217323426,528,159,159,0.35808537897077974,0.4741879412434968,-0.11610256227271704,59.11949685534591,62.264150943396224,-1.4821751224505169,-1.5227409791217998,0.06460083160150956,0.11610256227271704,none
legacy,Legacy,Nonreportable,nonreportable,net_raw_bn,NASDAQ-100,4w,525,-0.06902708908956527,-0.09583747631348712,-0.023489844245427726,-1.0872882120759357,0.27690945652601,525,158,158,1.9330000136374017,1.9595969607496198,-0.02659694711221805,68.35443037974683,71.51898734177216,-3.1142587167756592,-2.991993169009323,0.09583747631348712,0.02659694711221805,none
legacy,Legacy,Nonreportable,nonreportable,net_raw_bn,NASDAQ-100,13w,516,-0.053311267849150475,-0.048633042375446155,-0.03302101888231105,-0.49010497745034753,0.6240596161043341,516,155,155,6.2059706823230965,5.948960151582381,0.25701053074071556,76.12903225806451,80.64516129032258,-5.511685566948089,-4.561259704508451,0.048633042375446155,0.25701053074071556,none
legacy,Legacy,Nonreportable,nonreportable,net_raw_bn,NASDAQ-100,26w,503,-0.02343447694304372,-0.09368377102213131,-0.020296552269728554,-0.22036358815425397,0.8255880008467453,503,151,151,9.935704422131394,11.985522712075843,-2.049818289944449,85.43046357615894,82.78145695364239,-8.150650920525498,-5.164057490811315,0.09368377102213131,2.049818289944449,weak/mixed
legacy,Legacy,Nonreportable,nonreportable,trend13_raw_bn,S&P 500,1w,515,-0.06755047558751404,-0.05427668541176698,-0.0169082032649367,-1.479595711033268,0.1389811717911972,515,155,155,0.33096794699174703,0.3328866288569169,-0.0019186818651698578,63.2258064516129,61.29032258064516,-0.9442838827388181,-1.2854515934918669,0.05427668541176698,0.0019186818651698578,weak/mixed
legacy,Legacy,Nonreportable,nonreportable,trend13_raw_bn,S&P 500,4w,512,-0.14476628829308769,-0.1054288296368776,-0.07304010513306823,-2.3436467164334425,0.019096249940354634,512,154,154,1.2223912142165165,1.7466134959028548,-0.5242222816863382,69.48051948051948,75.32467532467533,-2.1130077158385294,-2.592862593097975,0.1054288296368776,0.5242222816863382,weak/mixed
legacy,Legacy,Nonreportable,nonreportable,trend13_raw_bn,S&P 500,13w,503,-0.22904277557446173,-0.12900768411726565,-0.1949376379832027,-2.956217403446713,0.003114374828976952,503,151,151,3.5499313684288696,4.791465411874575,-1.2415340434457054,77.48344370860927,77.48344370860927,-4.11324168309803,-4.329707599280766,0.12900768411726565,1.2415340434457054,tentative
legacy,Legacy,Nonreportable,nonreportable,trend13_raw_bn,S&P 500,26w,490,-0.05990135590237077,0.10030755170634972,-0.07287513472315064,-0.41416765592426696,0.6787513273719212,490,147,147,8.980420247849793,6.45577633208707,2.5246439157627227,89.79591836734694,74.14965986394559,-5.263586843527307,-6.104455390564732,0.10030755170634972,2.5246439157627227,weak/mixed
legacy,Legacy,Nonreportable,nonreportable,trend13_raw_bn,NASDAQ-100,1w,515,-0.09938249850506536,-0.08814701125320996,-0.03234958887486258,-2.2875575520837823,0.02216330025731624,515,155,155,0.38185863034718226,0.5878003186157922,-0.20594168826860992,57.41935483870968,62.58064516129033,-1.4050904979937924,-1.518253157258046,0.08814701125320996,0.20594168826860992,weak/mixed
legacy,Legacy,Nonreportable,nonreportable,trend13_raw_bn,NASDAQ-100,4w,512,-0.20374696738496756,-0.14404044858149942,-0.12926797238921695,-3.012291529834405,0.002592834587265193,512,154,154,1.5443820642172394,2.6559675425997606,-1.1115854783825212,64.93506493506493,74.67532467532467,-2.9132856397198075,-3.148732352034641,0.14404044858149942,1.1115854783825212,tentative
legacy,Legacy,Nonreportable,nonreportable,trend13_raw_bn,NASDAQ-100,13w,503,-0.27587635959057233,-0.15512936420558418,-0.31415296654025904,-3.7202239247206355,0.00019904621855006268,503,151,151,4.578591626439209,7.065159518659915,-2.486567892220706,74.17218543046357,75.49668874172185,-5.378597336338056,-5.470177505301034,0.15512936420558418,2.486567892220706,supported
legacy,Legacy,Nonreportable,nonreportable,trend13_raw_bn,NASDAQ-100,26w,490,-0.0850241527165541,0.03703559016599531,-0.14338002697083985,-0.7062996379630454,0.4800018185336109,490,147,147,11.662232924307714,9.300107421419742,2.362125502887972,93.19727891156462,70.06802721088435,-6.869687362450679,-7.567671075448477,0.03703559016599531,2.362125502887972,weak/mixed
legacy,Legacy,Nonreportable,nonreportable,trend26_raw_bn,S&P 500,1w,502,-0.06120530586588071,-0.07727829648774338,-0.013658117588624423,-1.7446744112800796,0.081041559948829,502,151,151,0.18182428106199433,0.4180906145163918,-0.23626633345439746,59.60264900662252,66.88741721854305,-1.0683779668739934,-1.3073240222632556,0.07727829648774338,0.23626633345439746,weak/mixed
legacy,Legacy,Nonreportable,nonreportable,trend26_raw_bn,S&P 500,4w,499,-0.12081518331292268,-0.1398165970495207,-0.05255846465064796,-2.0726293885174205,0.0382067838184007,499,150,150,0.8018593602626052,1.8054169632819468,-1.0035576030193416,68.0,74.66666666666667,-2.53044306005807,-2.5148087987445273,0.1398165970495207,1.0035576030193416,tentative
legacy,Legacy,Nonreportable,nonreportable,trend26_raw_bn,S&P 500,13w,490,-0.0958116528885438,-0.04125487012117706,-0.06837946589947344,-0.996717959039299,0.3189014299750809,490,147,147,4.1036921529856905,4.573266487643328,-0.4695743346576373,79.59183673469387,79.59183673469387,-4.531173026147463,-4.073329300590597,0.04125487012117706,0.4695743346576373,none
legacy,Legacy,Nonreportable,nonreportable,trend26_raw_bn,S&P 500,26w,477,0.024216161926870945,0.08077120482676371,0.022800810974106727,0.18212272202895138,0.8554864173270647,477,143,143,9.076794760107937,7.719274145963045,1.3575206141448923,87.41258741258741,81.81818181818183,-6.080987231970892,-5.068008355088747,0.08077120482676371,1.3575206141448923,none
legacy,Legacy,Nonreportable,nonreportable,trend26_raw_bn,NASDAQ-100,1w,502,-0.0792703151781148,-0.09335389718136063,-0.023006039040412193,-2.1588499642013015,0.03086180875714575,502,151,151,0.1927063087832541,0.6674280283221864,-0.4747217195389323,54.966887417218544,66.88741721854305,-1.4847775319313894,-1.5953679311529374,0.09335389718136063,0.4747217195389323,weak/mixed
legacy,Legacy,Nonreportable,nonreportable,trend26_raw_bn,NASDAQ-100,4w,499,-0.15681177113092884,-0.1453893811719825,-0.08594066301360673,-2.5206953425498617,0.011712320871064321,499,150,150,0.9733386903202148,2.538977559390195,-1.5656388690699803,61.33333333333333,77.33333333333333,-3.379863531436886,-3.109507095452701,0.1453893811719825,1.5656388690699803,tentative
legacy,Legacy,Nonreportable,nonreportable,trend26_raw_bn,NASDAQ-100,13w,490,-0.13525178421453474,-0.05554295587763925,-0.1292678778926588,-1.688756974510333,0.09126601221138768,490,147,147,4.943459476501743,6.087780681945282,-1.1443212054435392,74.82993197278913,76.19047619047619,-6.054373530837873,-5.072666935694671,0.05554295587763925,1.1443212054435392,tentative
legacy,Legacy,Nonreportable,nonreportable,trend26_raw_bn,NASDAQ-100,26w,477,-0.007278574729243935,0.06435511758978478,-0.009496541176668013,-0.07222303067444553,0.9424244172037897,477,143,143,10.679174471514424,10.056831699678765,0.6223427718356582,90.9090909090909,75.52447552447552,-7.799990058509074,-6.428786821856988,0.06435511758978478,0.6223427718356582,none
