series	actor_role	horizon	predictor	predictor_family	classification	holdout_n	independent_n	holdout_spearman_rho	independent_spearman_rho	oos_r2	p90_minus_p10_spread_pp	global_fdr_q	family_fdr_q	best_incremental_oi_model	incremental_oi_r2_gain	augmented_oos_r2
disaggregated:gold:managed_money	PRIMARY_DIRECTIONAL	monday	delta_short_contracts	raw_position_flow	POSITIVE_OOS_GAIN_NOT_OVERLAP_CONFIRMED	204	111	0.070236	0.192796	0.001048	0.319187	0.870842	0.965112	position_ratio_plus_oi_level	-0.002779	-0.002851
disaggregated:gold:managed_money	PRIMARY_DIRECTIONAL	tuesday	delta_1w_net_oi_pp	oi_normalized_flow	POSITIVE_OOS_GAIN_NOT_OVERLAP_CONFIRMED	203	111	-0.083332	-0.097052	0.010436	-0.871508	0.978377	0.96862	position_ratio_plus_oi_level	0.00017	2.4e-05
disaggregated:gold:managed_money	PRIMARY_DIRECTIONAL	wednesday	signed_change_percentile	oi_normalized_flow	OVERLAP_CONFIRMED_NOT_FDR	200	109	-0.140966	-0.138004	0.017973	-1.082772	0.978377	0.96862	position_ratio_plus_oi_level	0.005416	0.007603
disaggregated:gold:managed_money	PRIMARY_DIRECTIONAL	thursday	delta_net_contracts	raw_position_flow	OVERLAP_CONFIRMED_NOT_FDR	192	105	-0.131526	-0.100093	0.009978	-1.958774	0.978377	0.98761	signed_flow_percentiles	0.002295	0.0114
disaggregated:gold:managed_money	PRIMARY_DIRECTIONAL	friday	signed_change_percentile	oi_normalized_flow	OVERLAP_CONFIRMED_NOT_FDR	185	101	-0.159799	-0.114607	0.019547	-1.966446	0.978377	0.96862	position_ratio_plus_oi_level	0.00064	-0.000119
disaggregated:gold:managed_money	PRIMARY_DIRECTIONAL	1w	signed_delta_net_contracts_percentile	raw_position_flow_normalized	OVERLAP_CONFIRMED_NOT_FDR	239	121	-0.148579	-0.268873	0.009917	-2.272279	0.522649	0.343089	position_ratio_plus_oi_level	0.001324	0.000326
disaggregated:gold:managed_money	PRIMARY_DIRECTIONAL	2w	signed_delta_net_contracts_percentile	raw_position_flow_normalized	OVERLAP_CONFIRMED_NOT_FDR	238	80	-0.111293	-0.158486	0.007541	-4.283073	0.978377	0.998913	position_ratio_plus_oi_level	0.002668	-0.001135
disaggregated:gold:managed_money	PRIMARY_DIRECTIONAL	3w	signed_delta_net_contracts_percentile	raw_position_flow_normalized	POSITIVE_OOS_GAIN_NOT_OVERLAP_CONFIRMED	237	60	-0.078292	-0.243901	0.009867	-5.01019	0.91958	0.998913	position_ratio_plus_oi_level	0.003389	-0.003295
disaggregated:gold:managed_money	PRIMARY_DIRECTIONAL	4w	signed_change_percentile	oi_normalized_flow	POSITIVE_OOS_GAIN_NOT_OVERLAP_CONFIRMED	236	48	-0.069976	-0.177377	0.009876	-4.096706	0.978377	0.96862	position_ratio_plus_oi_level	0.005808	-0.003662
disaggregated:gold:managed_money	PRIMARY_DIRECTIONAL	6w	net_contracts_percentile	raw_position_level_normalized	OVERLAP_CONFIRMED_NOT_FDR	233	34	0.207019	0.152636	0.017867	1.097082	0.978377	0.971823	position_ratio_plus_oi_level	0.008879	0.003672
disaggregated:gold:managed_money	PRIMARY_DIRECTIONAL	8w	net_contracts_percentile	raw_position_level_normalized	POSITIVE_OOS_GAIN_NOT_OVERLAP_CONFIRMED	231	26	0.229083	0.061197	0.015971	2.111409	0.987554	0.980018	position_ratio_plus_oi_level	0.013092	0.000849
disaggregated:gold:managed_money	PRIMARY_DIRECTIONAL	13w	signed_delta_net_contracts_percentile	raw_position_flow_normalized	POSITIVE_OOS_GAIN_NOT_OVERLAP_CONFIRMED	226	17	-0.02755	-0.289216	0.001974	-4.642032	0.978377	0.998913	signed_flow_percentiles	-0.000449	0.002585
disaggregated:gold:managed_money	PRIMARY_DIRECTIONAL	26w	net_contracts_percentile	raw_position_level_normalized	POSITIVE_OOS_GAIN_NOT_OVERLAP_CONFIRMED	213	8	0.340657	0.428571	0.062118	3.010064	0.978377	0.971823	net_oi_flow_plus_oi_pct	0.001271	0.001281
disaggregated:gold:managed_money	PRIMARY_DIRECTIONAL	39w	net_contracts_percentile	raw_position_level_normalized	POSITIVE_OOS_GAIN_NOT_OVERLAP_CONFIRMED	199	5	0.488805	0.8	0.060338	18.503971	0.978377	0.971823	raw_net_flow_plus_oi_pct	0.000253	-0.000542
disaggregated:gold:managed_money	PRIMARY_DIRECTIONAL	52w	long_contracts	raw_position_level	POSITIVE_OOS_GAIN_NOT_OVERLAP_CONFIRMED	186	4	0.614897	0.2	0.002683	36.009499	0.987554	0.973469	raw_net_flow_plus_oi_pct	-0.00057	-0.001073
disaggregated:gold:non_reportable	SECONDARY_DIRECTIONAL	monday	long_contracts	raw_position_level	OVERLAP_CONFIRMED_NOT_FDR	204	111	0.134188	0.214663	0.000605	1.208595	0.841218	0.668865	position_ratio_plus_oi_level	-0.000818	-0.000842
disaggregated:gold:non_reportable	SECONDARY_DIRECTIONAL	tuesday	long_contracts	raw_position_level	OVERLAP_CONFIRMED_NOT_FDR	203	111	0.112357	0.135047	0.002075	-2.405045	0.978377	0.855283	position_ratio_plus_oi_level	3.9e-05	2.9e-05
disaggregated:gold:non_reportable	SECONDARY_DIRECTIONAL	wednesday	long_oi_pct	oi_normalized_position	POSITIVE_OOS_GAIN_NOT_OVERLAP_CONFIRMED	200	109	0.081319	0.09519	0.000454	0.452091	0.978377	0.969894	position_ratio_plus_oi_level	0.002495	-0.001164
disaggregated:gold:non_reportable	SECONDARY_DIRECTIONAL	thursday	short_contracts	raw_position_level	POSITIVE_OOS_GAIN_NOT_OVERLAP_CONFIRMED	192	105	0.019976	0.105629	0.000935	-0.315085	0.978377	0.924216	signed_flow_percentiles	0.00211	-0.01315
disaggregated:gold:non_reportable	SECONDARY_DIRECTIONAL	friday	short_oi_pct	oi_normalized_position	POSITIVE_OOS_GAIN_NOT_OVERLAP_CONFIRMED	185	101	0.033031	0.086139	0.002781	4.380529	0.978377	0.969894	position_ratio_plus_oi_level	0.000896	0.001493
disaggregated:gold:non_reportable	SECONDARY_DIRECTIONAL	1w	short_contracts	raw_position_level	POSITIVE_OOS_GAIN_NOT_OVERLAP_CONFIRMED	239	121	0.041102	0.058847	0.000571	0.582979	0.978377	0.938281	position_ratio_plus_oi_level	0.001698	0.000609
disaggregated:gold:non_reportable	SECONDARY_DIRECTIONAL	2w	delta_short_contracts	raw_position_flow	POSITIVE_OOS_GAIN_NOT_OVERLAP_CONFIRMED	238	80	-0.020491	0.088842	0.00087	-1.151755	0.978377	0.98761	position_ratio_plus_oi_level	0.003108	-0.003018
disaggregated:gold:non_reportable	SECONDARY_DIRECTIONAL	3w	delta_short_contracts	raw_position_flow	POSITIVE_OOS_GAIN_NOT_OVERLAP_CONFIRMED	237	60	-0.028035	-0.195888	0.000933	-1.593556	0.978377	0.98761	position_ratio_plus_oi_level	0.003372	-0.004303
disaggregated:gold:non_reportable	SECONDARY_DIRECTIONAL	4w	short_oi_pct	oi_normalized_position	OVERLAP_CONFIRMED_NOT_FDR	236	48	0.125807	0.23426	0.003123	9.801565	0.978377	0.969894	position_ratio_plus_oi_level	0.004435	0.002851
disaggregated:gold:non_reportable	SECONDARY_DIRECTIONAL	6w	short_oi_pct	oi_normalized_position	OVERLAP_CONFIRMED_NOT_FDR	233	34	0.176106	0.214057	0.008178	15.432182	0.978377	0.969894	position_ratio_plus_oi_level	0.005097	0.003857
disaggregated:gold:non_reportable	SECONDARY_DIRECTIONAL	8w	net_contracts_percentile	raw_position_level_normalized	POSITIVE_OOS_GAIN_NOT_OVERLAP_CONFIRMED	231	26	-0.041515	-0.160342	0.004534	4.407238	0.978377	0.971823	position_ratio_plus_oi_level	0.011938	0.006968
disaggregated:gold:non_reportable	SECONDARY_DIRECTIONAL	13w	short_oi_pct	oi_normalized_position	POSITIVE_OOS_GAIN_NOT_OVERLAP_CONFIRMED	226	17	0.191852	0.448529	0.011822	25.089056	0.94037	0.908545	position_ratio_plus_oi_level	0.007694	-0.000663
disaggregated:gold:non_reportable	SECONDARY_DIRECTIONAL	26w	delta_net_contracts	raw_position_flow	POSITIVE_OOS_GAIN_NOT_OVERLAP_CONFIRMED	213	8	-0.008673	0.880952	0.000303	-0.486862	0.469155	0.442202	net_oi_flow_plus_oi_pct	0.001614	0.001582
disaggregated:gold:non_reportable	SECONDARY_DIRECTIONAL	39w	net_contracts	raw_position_level	POSITIVE_OOS_GAIN_NOT_OVERLAP_CONFIRMED	199	5	0.166743	0.3	0.002044		0.978377	0.938281	net_oi_flow_plus_oi_pct	-5.3e-05	-0.000309
disaggregated:gold:non_reportable	SECONDARY_DIRECTIONAL	52w	net_contracts	raw_position_level	POSITIVE_OOS_GAIN_NOT_OVERLAP_CONFIRMED	186	4	0.082487	0.4	0.015091		0.978377	0.938281	net_oi_flow_plus_oi_pct	-0.000889	-0.001071
disaggregated:gold:other_reportable	SECONDARY_DIRECTIONAL	monday	signed_delta_net_contracts_percentile	raw_position_flow_normalized	OVERLAP_CONFIRMED_NOT_FDR	204	111	0.121759	0.145007	0.005148	0.452116	0.978377	0.998913	position_ratio_plus_oi_level	0.000546	-0.000699
disaggregated:gold:other_reportable	SECONDARY_DIRECTIONAL	tuesday	net_contracts	raw_position_level	POSITIVE_OOS_GAIN_NOT_OVERLAP_CONFIRMED	203	111	0.091383	0.103773	0.002064		0.978377	0.921161	position_ratio_plus_oi_level	0.001319	0.001921
disaggregated:gold:other_reportable	SECONDARY_DIRECTIONAL	wednesday	short_contracts	raw_position_level	OVERLAP_CONFIRMED_NOT_FDR	200	109	-0.153216	-0.114197	0.005887	2.37285	0.978377	0.908866	position_ratio_plus_oi_level	0.001794	0.002207
disaggregated:gold:other_reportable	SECONDARY_DIRECTIONAL	thursday	net_contracts	raw_position_level	OVERLAP_CONFIRMED_NOT_FDR	192	105	0.112198	0.119967	0.003994		0.978377	0.908866	signed_flow_percentiles	0.0022	-0.012969
disaggregated:gold:other_reportable	SECONDARY_DIRECTIONAL	friday	net_contracts	raw_position_level	OVERLAP_CONFIRMED_NOT_FDR	185	101	0.105801	0.104193	0.001353		0.978377	0.930168	raw_net_flow_plus_oi_pct	0.000751	0.004327
disaggregated:gold:other_reportable	SECONDARY_DIRECTIONAL	1w	delta_short_contracts	raw_position_flow	POSITIVE_OOS_GAIN_NOT_OVERLAP_CONFIRMED	239	121	-0.118003	-0.258448	0.000616	-0.408907	0.562649	0.603398	raw_net_flow_plus_oi_pct	0.001864	0.001294
disaggregated:gold:other_reportable	SECONDARY_DIRECTIONAL	2w	short_oi_pct	oi_normalized_position	OVERLAP_CONFIRMED_NOT_FDR	238	80	-0.172292	-0.260455	0.00331		0.841218	0.83293	raw_net_flow_plus_oi_pct	0.002859	0.004178
disaggregated:gold:other_reportable	SECONDARY_DIRECTIONAL	3w	short_oi_pct	oi_normalized_position	OVERLAP_CONFIRMED_NOT_FDR	237	60	-0.189296	-0.31581	0.005039		0.769058	0.686004	position_ratio_plus_oi_level	-0.001809	-0.001777
disaggregated:gold:other_reportable	SECONDARY_DIRECTIONAL	4w	short_contracts	raw_position_level	OVERLAP_CONFIRMED_NOT_FDR	236	48	-0.183643	-0.21624	0.006882	4.6501	0.978377	0.847277	position_ratio_plus_oi_level	-0.000596	-0.002456
disaggregated:gold:other_reportable	SECONDARY_DIRECTIONAL	6w	short_contracts	raw_position_level	OVERLAP_CONFIRMED_NOT_FDR	233	34	-0.255473	-0.256837	0.012048	7.09965	0.978377	0.848943	position_ratio_plus_oi_level	0.006327	0.001654
disaggregated:gold:other_reportable	SECONDARY_DIRECTIONAL	8w	short_contracts	raw_position_level	OVERLAP_CONFIRMED_NOT_FDR	231	26	-0.289135	-0.233504	0.023129	3.12215	0.978377	0.915649	position_ratio_plus_oi_level	0.010999	0.010706
disaggregated:gold:other_reportable	SECONDARY_DIRECTIONAL	13w	short_contracts	raw_position_level	POSITIVE_OOS_GAIN_NOT_OVERLAP_CONFIRMED	226	17	-0.373185	-0.183824	0.045019		0.978377	0.938281	position_ratio_plus_oi_level	0.011621	0.01149
disaggregated:gold:other_reportable	SECONDARY_DIRECTIONAL	26w	short_oi_pct	oi_normalized_position	POSITIVE_OOS_GAIN_NOT_OVERLAP_CONFIRMED	213	8	-0.361543	-0.880952	0.016493		0.469155	0.302532	raw_net_flow_plus_oi_pct	0.001548	0.001512
disaggregated:gold:other_reportable	SECONDARY_DIRECTIONAL	39w	long_contracts	raw_position_level	POSITIVE_OOS_GAIN_NOT_OVERLAP_CONFIRMED	199	5	-0.623691	-0.9	0.03515		0.841218	0.668865	raw_net_flow_plus_oi_pct	-0.00022	-0.000372
disaggregated:gold:other_reportable	SECONDARY_DIRECTIONAL	52w	short_contracts	raw_position_level	POSITIVE_OOS_GAIN_NOT_OVERLAP_CONFIRMED	186	4	-0.490361	-0.8	0.037034		0.978377	0.915649	net_oi_flow_plus_oi_pct	-0.000874	-0.000775
disaggregated:gold:producer_merchant	HEDGER_CONTEXT	monday	delta_short_contracts	raw_position_flow	POSITIVE_OOS_GAIN_NOT_OVERLAP_CONFIRMED	204	111	0.021854	-0.053484	0.001551	-0.92396	0.978377	0.98761	position_ratio_plus_oi_level	-0.000235	-0.00379
disaggregated:gold:producer_merchant	HEDGER_CONTEXT	tuesday	short_oi_pct	oi_normalized_position	POSITIVE_OOS_GAIN_NOT_OVERLAP_CONFIRMED	203	111	0.113933	0.042717	0.000764		0.978377	0.969894	position_ratio_plus_oi_level	0.000948	0.00089
disaggregated:gold:producer_merchant	HEDGER_CONTEXT	wednesday	signed_delta_net_contracts_percentile	raw_position_flow_normalized	POSITIVE_OOS_GAIN_NOT_OVERLAP_CONFIRMED	200	109	0.040884	0.054267	0.002033	0.037546	0.978377	1.0	position_ratio_plus_oi_level	0.001418	0.002073
disaggregated:gold:producer_merchant	HEDGER_CONTEXT	thursday	delta_1w_net_oi_pp	oi_normalized_flow	POSITIVE_OOS_GAIN_NOT_OVERLAP_CONFIRMED	192	105	-0.073571	-0.089991	0.000738	-0.222846	0.978377	0.96862	signed_flow_percentiles	0.003142	0.003685
disaggregated:gold:producer_merchant	HEDGER_CONTEXT	friday	net_oi_pct	oi_normalized_position	POSITIVE_OOS_GAIN_NOT_OVERLAP_CONFIRMED	185	101	-0.199877	-0.199581	0.001095		0.870842	0.858617	raw_net_flow_plus_oi_pct	0.001394	0.001613
disaggregated:gold:producer_merchant	HEDGER_CONTEXT	1w	short_contracts	raw_position_level	POSITIVE_OOS_GAIN_NOT_OVERLAP_CONFIRMED	239	121	0.109805	0.118134	0.001969		0.978377	0.881627	raw_net_flow_plus_oi_pct	0.002025	0.001842
disaggregated:gold:producer_merchant	HEDGER_CONTEXT	2w	net_contracts	raw_position_level	POSITIVE_OOS_GAIN_NOT_OVERLAP_CONFIRMED	238	80	-0.202896	-0.217464	0.002203		0.899685	0.707215	net_oi_flow_plus_oi_pct	0.00255	0.002455
disaggregated:gold:producer_merchant	HEDGER_CONTEXT	3w	short_oi_pct	oi_normalized_position	POSITIVE_OOS_GAIN_NOT_OVERLAP_CONFIRMED	237	60	0.270187	0.270797	0.005015		0.841218	0.83293	position_ratio_plus_oi_level	-0.003483	-0.00163
disaggregated:gold:producer_merchant	HEDGER_CONTEXT	4w	short_oi_pct	oi_normalized_position	POSITIVE_OOS_GAIN_NOT_OVERLAP_CONFIRMED	236	48	0.306042	0.153495	0.007882		0.978377	0.969894	position_ratio_plus_oi_level	-0.003128	0.000672
disaggregated:gold:producer_merchant	HEDGER_CONTEXT	6w	net_oi_pct	oi_normalized_position	POSITIVE_OOS_GAIN_NOT_OVERLAP_CONFIRMED	233	34	-0.395373	-0.38793	0.009043		0.841218	0.83293	signed_flow_percentiles	0.000862	-0.002155
disaggregated:gold:producer_merchant	HEDGER_CONTEXT	8w	short_oi_pct	oi_normalized_position	POSITIVE_OOS_GAIN_NOT_OVERLAP_CONFIRMED	231	26	0.345705	0.107009	0.020722		0.978377	0.969894	position_ratio_plus_oi_level	0.001628	0.015581
disaggregated:gold:producer_merchant	HEDGER_CONTEXT	13w	short_contracts	raw_position_level	POSITIVE_OOS_GAIN_NOT_OVERLAP_CONFIRMED	226	17	0.230289	0.117647	0.046279		0.978377	0.938281	signed_flow_percentiles	-0.000741	-0.001172
disaggregated:gold:producer_merchant	HEDGER_CONTEXT	26w	signed_change_percentile	oi_normalized_flow	POSITIVE_OOS_GAIN_NOT_OVERLAP_CONFIRMED	213	8	-0.078647	-0.761905	0.001188	-6.123181	0.841218	0.875768	raw_net_flow_plus_oi_pct	0.001953	0.00106
disaggregated:gold:producer_merchant	HEDGER_CONTEXT	39w	net_oi_pct	oi_normalized_position	POSITIVE_OOS_GAIN_NOT_OVERLAP_CONFIRMED	199	5	-0.35071	-0.4	0.190768		0.978377	0.969894	raw_net_flow_plus_oi_pct	4.3e-05	5.8e-05
disaggregated:gold:producer_merchant	HEDGER_CONTEXT	52w	net_oi_pct	oi_normalized_position	POSITIVE_OOS_GAIN_NOT_OVERLAP_CONFIRMED	186	4	-0.413186	-0.4	0.215954		0.978377	0.969894	net_oi_flow_plus_oi_pct	-0.000972	-0.001
disaggregated:gold:swap_dealer	INTERMEDIARY_CONTEXT	monday	delta_1w_net_oi_pp	oi_normalized_flow	POSITIVE_OOS_GAIN_NOT_OVERLAP_CONFIRMED	204	111	-0.01004	0.121069	0.000386	0.530096	0.978377	0.96862	signed_flow_percentiles	-0.003845	-0.003954
disaggregated:gold:swap_dealer	INTERMEDIARY_CONTEXT	tuesday	delta_1w_net_oi_pp	oi_normalized_flow	OVERLAP_CONFIRMED_NOT_FDR	203	111	0.110427	0.10186	0.012553	0.966656	0.978377	0.96862	signed_flow_percentiles	-0.00239	0.007317
disaggregated:gold:swap_dealer	INTERMEDIARY_CONTEXT	wednesday	delta_short_contracts	raw_position_flow	OVERLAP_CONFIRMED_NOT_FDR	200	109	-0.131928	-0.127634	0.026277	-1.284391	0.978377	0.98761	position_ratio_plus_oi_level	0.003016	0.00899
disaggregated:gold:swap_dealer	INTERMEDIARY_CONTEXT	thursday	delta_short_contracts	raw_position_flow	POSITIVE_OOS_GAIN_NOT_OVERLAP_CONFIRMED	192	105	-0.121621	-0.074694	0.019443	-1.39514	0.978377	0.98761	signed_flow_percentiles	0.003742	0.013036
disaggregated:gold:swap_dealer	INTERMEDIARY_CONTEXT	friday	delta_short_contracts	raw_position_flow	OVERLAP_CONFIRMED_NOT_FDR	185	101	-0.191702	-0.140955	0.026586	-1.740984	0.978377	0.98761	position_ratio_plus_oi_level	0.000913	0.002007
disaggregated:gold:swap_dealer	INTERMEDIARY_CONTEXT	1w	delta_short_contracts	raw_position_flow	OVERLAP_CONFIRMED_NOT_FDR	239	121	-0.149454	-0.257896	0.015414	-0.920745	0.562649	0.603398	net_oi_flow_plus_oi_pct	0.002293	0.010983
disaggregated:gold:swap_dealer	INTERMEDIARY_CONTEXT	2w	delta_short_contracts	raw_position_flow	OVERLAP_CONFIRMED_NOT_FDR	238	80	-0.119566	-0.221988	0.004841	-1.226891	0.884527	0.98761	signed_flow_percentiles	0.002253	0.003915
disaggregated:gold:swap_dealer	INTERMEDIARY_CONTEXT	3w	signed_change_percentile	oi_normalized_flow	OVERLAP_CONFIRMED_NOT_FDR	237	60	0.10748	0.20778	0.009576	2.319297	0.978377	0.96862	position_ratio_plus_oi_level	0.001065	0.000749
disaggregated:gold:swap_dealer	INTERMEDIARY_CONTEXT	4w	delta_1w_net_oi_pp	oi_normalized_flow	OVERLAP_CONFIRMED_NOT_FDR	236	48	0.125751	0.101389	0.008376	1.958484	0.978377	1.0	position_ratio_plus_oi_level	0.004669	0.001321
disaggregated:gold:swap_dealer	INTERMEDIARY_CONTEXT	6w	net_contracts	raw_position_level	POSITIVE_OOS_GAIN_NOT_OVERLAP_CONFIRMED	233	34	-0.125758	-0.084186	0.006115		0.978377	0.938281	position_ratio_plus_oi_level	0.00924	0.010039
disaggregated:gold:swap_dealer	INTERMEDIARY_CONTEXT	8w	position_percentile	oi_normalized_position	POSITIVE_OOS_GAIN_NOT_OVERLAP_CONFIRMED	231	26	-0.024255	-0.13641	0.011121		0.978377	0.969894	position_ratio_plus_oi_level	0.018002	0.026407
disaggregated:gold:swap_dealer	INTERMEDIARY_CONTEXT	13w	net_contracts_percentile	raw_position_level_normalized	POSITIVE_OOS_GAIN_NOT_OVERLAP_CONFIRMED	226	17	-0.118407	0.20098	0.027225		0.978377	0.971823	position_ratio_plus_oi_level	0.020961	0.037675
disaggregated:gold:swap_dealer	INTERMEDIARY_CONTEXT	26w	net_contracts_percentile	raw_position_level_normalized	POSITIVE_OOS_GAIN_NOT_OVERLAP_CONFIRMED	213	8	-0.040183	-0.309524	0.054607		0.978377	0.971823	net_oi_flow_plus_oi_pct	0.001101	0.00057
disaggregated:gold:swap_dealer	INTERMEDIARY_CONTEXT	39w	net_contracts_percentile	raw_position_level_normalized	POSITIVE_OOS_GAIN_NOT_OVERLAP_CONFIRMED	199	5	-0.244897	-0.5	0.048667		0.978377	0.971823	raw_net_flow_plus_oi_pct	0.000378	-0.00183
disaggregated:gold:swap_dealer	INTERMEDIARY_CONTEXT	52w	net_contracts_percentile	raw_position_level_normalized	POSITIVE_OOS_GAIN_NOT_OVERLAP_CONFIRMED	186	4	-0.384343	-0.4	0.028951		0.978377	0.971823	raw_net_flow_plus_oi_pct	-0.000374	-0.001887
disaggregated:silver:managed_money	PRIMARY_DIRECTIONAL	monday	signed_change_percentile	oi_normalized_flow	OVERLAP_CONFIRMED_NOT_FDR	204	111	-0.160372	-0.201974	0.017491	-0.986407	0.841218	0.875768	position_ratio_plus_oi_level	-0.000324	-0.010368
disaggregated:silver:managed_money	PRIMARY_DIRECTIONAL	tuesday	long_oi_pct	oi_normalized_position	OVERLAP_CONFIRMED_NOT_FDR	203	111	-0.125643	-0.182353	0.013852		0.907551	0.873225	position_ratio_plus_oi_level	0.003659	0.002816
disaggregated:silver:managed_money	PRIMARY_DIRECTIONAL	wednesday	long_oi_pct	oi_normalized_position	OVERLAP_CONFIRMED_NOT_FDR	200	109	-0.166468	-0.228978	0.030994		0.837894	0.771404	position_ratio_plus_oi_level	0.002047	0.003886
disaggregated:silver:managed_money	PRIMARY_DIRECTIONAL	thursday	signed_delta_net_contracts_percentile	raw_position_flow_normalized	POSITIVE_OOS_GAIN_NOT_OVERLAP_CONFIRMED	192	105	-0.092608	-0.058117	0.008682	-0.291183	0.978377	1.0	position_ratio_plus_oi_level	-0.003805	-0.002166
disaggregated:silver:managed_money	PRIMARY_DIRECTIONAL	friday	signed_delta_net_contracts_percentile	raw_position_flow_normalized	POSITIVE_OOS_GAIN_NOT_OVERLAP_CONFIRMED	185	101	-0.111131	-0.065463	0.009947	-1.017725	0.978377	1.0	position_ratio_plus_oi_level	-0.004439	-0.000552
disaggregated:silver:managed_money	PRIMARY_DIRECTIONAL	1w	signed_change_percentile	oi_normalized_flow	OVERLAP_CONFIRMED_NOT_FDR	239	121	-0.106043	-0.19116	0.008069	-0.993293	0.841218	0.875768	position_ratio_plus_oi_level	-0.002611	0.000435
disaggregated:silver:managed_money	PRIMARY_DIRECTIONAL	2w	signed_delta_net_contracts_percentile	raw_position_flow_normalized	OVERLAP_CONFIRMED_NOT_FDR	238	80	-0.15191	-0.374074	0.002601	-0.58788	0.340046	0.229017	signed_flow_percentiles	-0.000308	0.001292
disaggregated:silver:managed_money	PRIMARY_DIRECTIONAL	3w	signed_delta_net_contracts_percentile	raw_position_flow_normalized	OVERLAP_CONFIRMED_NOT_FDR	237	60	-0.159974	-0.26963	0.00375	-0.049727	0.841218	0.998913	net_oi_flow_plus_oi_pct	0.003227	0.00738
disaggregated:silver:managed_money	PRIMARY_DIRECTIONAL	4w	signed_delta_net_contracts_percentile	raw_position_flow_normalized	POSITIVE_OOS_GAIN_NOT_OVERLAP_CONFIRMED	236	48	-0.101836	-0.086735	0.005041	-1.115209	0.978377	1.0	net_oi_flow_plus_oi_pct	0.003017	0.006362
disaggregated:silver:managed_money	PRIMARY_DIRECTIONAL	6w	short_contracts	raw_position_level	OVERLAP_CONFIRMED_NOT_FDR	233	34	0.100503	0.1945	0.003161		0.978377	0.916984	raw_net_flow_plus_oi_pct	0.000152	-3.4e-05
disaggregated:silver:managed_money	PRIMARY_DIRECTIONAL	8w	long_oi_pct	oi_normalized_position	OVERLAP_CONFIRMED_NOT_FDR	231	26	-0.145745	-0.2	0.023485		0.978377	0.969894	raw_net_flow_plus_oi_pct	-0.000827	-0.00254
disaggregated:silver:managed_money	PRIMARY_DIRECTIONAL	13w	short_contracts	raw_position_level	POSITIVE_OOS_GAIN_NOT_OVERLAP_CONFIRMED	226	17	0.017077	0.345588	0.00803		0.978377	0.867543	signed_flow_percentiles	0.000474	0.006454
disaggregated:silver:managed_money	PRIMARY_DIRECTIONAL	26w	delta_long_contracts	raw_position_flow	POSITIVE_OOS_GAIN_NOT_OVERLAP_CONFIRMED	213	8	0.020693	-0.714286	0.001963	-11.876925	0.870842	0.985609	position_ratio_plus_oi_level	0.008406	0.004866
disaggregated:silver:managed_money	PRIMARY_DIRECTIONAL	39w	long_contracts	raw_position_level	POSITIVE_OOS_GAIN_NOT_OVERLAP_CONFIRMED	199	5	-0.102057	-0.6	0.075594		0.978377	0.938281	signed_flow_percentiles	0.004015	0.005813
disaggregated:silver:managed_money	PRIMARY_DIRECTIONAL	52w	net_contracts_percentile	raw_position_level_normalized	POSITIVE_OOS_GAIN_NOT_OVERLAP_CONFIRMED	186	4	0.281804	0.2	0.026652		0.987554	0.980018	signed_flow_percentiles	0.000765	0.000493
disaggregated:silver:non_reportable	SECONDARY_DIRECTIONAL	monday	delta_short_contracts	raw_position_flow	OVERLAP_CONFIRMED_NOT_FDR	204	111	0.109268	0.260096	0.003712	1.471418	0.621636	0.64384	position_ratio_plus_oi_level	-0.002681	-0.001984
disaggregated:silver:non_reportable	SECONDARY_DIRECTIONAL	tuesday	net_oi_pct	oi_normalized_position	POSITIVE_OOS_GAIN_NOT_OVERLAP_CONFIRMED	203	111	0.06485	0.149754	0.002384	0.004393	0.978377	0.969894	position_ratio_plus_oi_level	0.000537	0.002921
disaggregated:silver:non_reportable	SECONDARY_DIRECTIONAL	wednesday	net_oi_pct	oi_normalized_position	POSITIVE_OOS_GAIN_NOT_OVERLAP_CONFIRMED	200	109	0.07137	0.048374	0.000227	-0.131766	0.978377	0.969894	position_ratio_plus_oi_level	0.00018	0.000406
disaggregated:silver:non_reportable	SECONDARY_DIRECTIONAL	thursday	long_oi_pct	oi_normalized_position	POSITIVE_OOS_GAIN_NOT_OVERLAP_CONFIRMED	192	105	0.01089	-0.048943	0.001686		0.978377	0.969894	raw_net_flow_plus_oi_pct	-0.000429	-0.023919
disaggregated:silver:non_reportable	SECONDARY_DIRECTIONAL	friday	net_oi_pct	oi_normalized_position	POSITIVE_OOS_GAIN_NOT_OVERLAP_CONFIRMED	185	101	-0.009397	-0.095061	8.8e-05	-0.029859	0.978377	0.969894	position_ratio_plus_oi_level	-0.00144	-0.001353
disaggregated:silver:non_reportable	SECONDARY_DIRECTIONAL	1w	delta_short_contracts	raw_position_flow	POSITIVE_OOS_GAIN_NOT_OVERLAP_CONFIRMED	239	121	-0.063617	-0.155156	0.002828	-2.967985	0.978128	0.98761	position_ratio_plus_oi_level	-0.002623	-0.001981
disaggregated:silver:non_reportable	SECONDARY_DIRECTIONAL	2w	delta_1w_net_oi_pp	oi_normalized_flow	POSITIVE_OOS_GAIN_NOT_OVERLAP_CONFIRMED	238	80	0.00603	0.088467	0.002102	2.913719	0.978377	0.983492	signed_flow_percentiles	-0.000194	-0.000565
disaggregated:silver:non_reportable	SECONDARY_DIRECTIONAL	3w	delta_short_contracts	raw_position_flow	POSITIVE_OOS_GAIN_NOT_OVERLAP_CONFIRMED	237	60	-0.058892	-0.187052	0.003582	-5.338361	0.978377	0.98761	raw_net_flow_plus_oi_pct	0.004492	0.001481
disaggregated:silver:non_reportable	SECONDARY_DIRECTIONAL	4w	short_oi_pct	oi_normalized_position	POSITIVE_OOS_GAIN_NOT_OVERLAP_CONFIRMED	236	48	-0.005148	0.205601	0.005556		0.978377	0.969894	net_oi_flow_plus_oi_pct	0.003807	-0.002604
disaggregated:silver:non_reportable	SECONDARY_DIRECTIONAL	6w	short_oi_pct	oi_normalized_position	POSITIVE_OOS_GAIN_NOT_OVERLAP_CONFIRMED	233	34	0.000506	-0.076547	0.007572		0.978377	0.969894	raw_net_flow_plus_oi_pct	0.000147	-0.001874
disaggregated:silver:non_reportable	SECONDARY_DIRECTIONAL	8w	signed_delta_net_contracts_percentile	raw_position_flow_normalized	OVERLAP_CONFIRMED_NOT_FDR	231	26	-0.101891	-0.444103	0.000511	-3.00732	0.841218	0.923938	raw_net_flow_plus_oi_pct	-0.001085	-0.001745
disaggregated:silver:non_reportable	SECONDARY_DIRECTIONAL	13w	long_oi_pct	oi_normalized_position	POSITIVE_OOS_GAIN_NOT_OVERLAP_CONFIRMED	226	17	0.107802	-0.134804	0.048562		0.978377	0.969894	signed_flow_percentiles	0.000643	0.00077
disaggregated:silver:non_reportable	SECONDARY_DIRECTIONAL	26w	delta_1w_net_oi_pp	oi_normalized_flow	POSITIVE_OOS_GAIN_NOT_OVERLAP_CONFIRMED	213	8	-0.00663	0.857143	8.6e-05	0.503309	0.562649	0.875768	signed_flow_percentiles	0.002246	0.002119
disaggregated:silver:non_reportable	SECONDARY_DIRECTIONAL	39w	delta_long_contracts	raw_position_flow	POSITIVE_OOS_GAIN_NOT_OVERLAP_CONFIRMED	199	5	-0.051836	0.3	0.000498	17.098412	0.978377	0.98761	signed_flow_percentiles	0.004301	0.003828
disaggregated:silver:non_reportable	SECONDARY_DIRECTIONAL	52w	net_oi_pct	oi_normalized_position	POSITIVE_OOS_GAIN_NOT_OVERLAP_CONFIRMED	186	4	0.491398	0.8	0.066613	37.538716	0.978377	0.969894	signed_flow_percentiles	0.001084	0.001734
disaggregated:silver:other_reportable	SECONDARY_DIRECTIONAL	monday	delta_long_contracts	raw_position_flow	POSITIVE_OOS_GAIN_NOT_OVERLAP_CONFIRMED	204	111	0.077949	0.056862	0.007479	1.306444	0.978377	0.98761	position_ratio_plus_oi_level	0.000158	-0.035463
disaggregated:silver:other_reportable	SECONDARY_DIRECTIONAL	tuesday	long_oi_pct	oi_normalized_position	POSITIVE_OOS_GAIN_NOT_OVERLAP_CONFIRMED	203	111	0.096343	0.130519	0.006042	0.650708	0.978377	0.969894	position_ratio_plus_oi_level	0.00499	-0.01868
disaggregated:silver:other_reportable	SECONDARY_DIRECTIONAL	wednesday	delta_long_contracts	raw_position_flow	POSITIVE_OOS_GAIN_NOT_OVERLAP_CONFIRMED	200	109	0.090588	0.109777	0.003752	1.218902	0.978377	0.98761	position_ratio_plus_oi_level	0.002028	-0.028951
disaggregated:silver:other_reportable	SECONDARY_DIRECTIONAL	thursday	long_oi_pct	oi_normalized_position	POSITIVE_OOS_GAIN_NOT_OVERLAP_CONFIRMED	192	105	0.051274	0.015509	0.005597	0.532727	0.987554	0.98647	position_ratio_plus_oi_level	0.00102	-0.023315
disaggregated:silver:other_reportable	SECONDARY_DIRECTIONAL	friday	long_oi_pct	oi_normalized_position	POSITIVE_OOS_GAIN_NOT_OVERLAP_CONFIRMED	185	101	0.051825	0.019056	0.006249	0.880213	0.987554	0.98647	position_ratio_plus_oi_level	0.000551	-0.013184
disaggregated:silver:other_reportable	SECONDARY_DIRECTIONAL	1w	delta_long_contracts	raw_position_flow	POSITIVE_OOS_GAIN_NOT_OVERLAP_CONFIRMED	239	121	0.059886	0.162471	0.000625	2.179715	0.943159	0.98761	signed_flow_percentiles	-0.001946	-0.014758
disaggregated:silver:other_reportable	SECONDARY_DIRECTIONAL	2w	long_contracts	raw_position_level	POSITIVE_OOS_GAIN_NOT_OVERLAP_CONFIRMED	238	80	0.139149	0.024191	0.004364	1.530164	0.987554	0.973469	signed_flow_percentiles	0.001733	-0.024176
disaggregated:silver:other_reportable	SECONDARY_DIRECTIONAL	3w	long_contracts	raw_position_level	OVERLAP_CONFIRMED_NOT_FDR	237	60	0.173435	0.102808	0.00602	2.195236	0.978377	0.938281	raw_net_flow_plus_oi_pct	0.003684	-0.009794
disaggregated:silver:other_reportable	SECONDARY_DIRECTIONAL	4w	net_oi_pct	oi_normalized_position	POSITIVE_OOS_GAIN_NOT_OVERLAP_CONFIRMED	236	48	0.020209	-0.164677	0.011105		0.978377	0.969894	raw_net_flow_plus_oi_pct	0.00399	-0.003805
disaggregated:silver:other_reportable	SECONDARY_DIRECTIONAL	6w	long_contracts	raw_position_level	OVERLAP_CONFIRMED_NOT_FDR	233	34	0.212445	0.130328	0.005366	5.475983	0.978377	0.938281	net_oi_flow_plus_oi_pct	0.000329	-0.019344
disaggregated:silver:other_reportable	SECONDARY_DIRECTIONAL	8w	net_contracts	raw_position_level	OVERLAP_CONFIRMED_NOT_FDR	231	26	0.218019	0.251966	0.006989	19.185515	0.978377	0.900217	net_oi_flow_plus_oi_pct	0.000984	-0.018751
disaggregated:silver:other_reportable	SECONDARY_DIRECTIONAL	13w	net_contracts	raw_position_level	POSITIVE_OOS_GAIN_NOT_OVERLAP_CONFIRMED	226	17	0.308603	0.247549	0.046944	11.923117	0.978377	0.938281	signed_flow_percentiles	0.000453	-0.007588
disaggregated:silver:other_reportable	SECONDARY_DIRECTIONAL	26w	long_contracts	raw_position_level	POSITIVE_OOS_GAIN_NOT_OVERLAP_CONFIRMED	213	8	0.421828	0.642857	0.003301	28.668635	0.976318	0.77257	signed_flow_percentiles	0.001237	0.002274
disaggregated:silver:other_reportable	SECONDARY_DIRECTIONAL	39w	net_oi_pct	oi_normalized_position	POSITIVE_OOS_GAIN_NOT_OVERLAP_CONFIRMED	199	5	0.518781	0.5	0.108934		0.978377	0.969894	signed_flow_percentiles	0.003561	0.004401
disaggregated:silver:other_reportable	SECONDARY_DIRECTIONAL	52w	net_oi_pct	oi_normalized_position	POSITIVE_OOS_GAIN_NOT_OVERLAP_CONFIRMED	186	4	0.686522	0.8	0.085703		0.978377	0.969894	signed_flow_percentiles	0.000567	-0.00058
disaggregated:silver:producer_merchant	HEDGER_CONTEXT	monday	delta_1w_net_oi_pp	oi_normalized_flow	OVERLAP_CONFIRMED_NOT_FDR	204	111	0.146573	0.171437	0.01008	2.353629	0.94037	0.96862	position_ratio_plus_oi_level	0.001867	-0.009826
disaggregated:silver:producer_merchant	HEDGER_CONTEXT	tuesday	net_contracts	raw_position_level	OVERLAP_CONFIRMED_NOT_FDR	203	111	0.118303	0.173227	0.00176		0.936374	0.738159	position_ratio_plus_oi_level	0.008626	0.008334
disaggregated:silver:producer_merchant	HEDGER_CONTEXT	wednesday	position_percentile	oi_normalized_position	OVERLAP_CONFIRMED_NOT_FDR	200	109	0.179452	0.289204	0.013041		0.47139	0.302532	position_ratio_plus_oi_level	0.00848	0.019203
disaggregated:silver:producer_merchant	HEDGER_CONTEXT	thursday	position_percentile	oi_normalized_position	OVERLAP_CONFIRMED_NOT_FDR	192	105	0.100243	0.178229	0.002122		0.936374	0.908545	position_ratio_plus_oi_level	-0.003113	-0.00139
disaggregated:silver:producer_merchant	HEDGER_CONTEXT	friday	position_percentile	oi_normalized_position	OVERLAP_CONFIRMED_NOT_FDR	185	101	0.109183	0.182376	0.004716		0.936374	0.908545	signed_flow_percentiles	-0.004096	-0.003592
disaggregated:silver:producer_merchant	HEDGER_CONTEXT	1w	net_oi_pct	oi_normalized_position	OVERLAP_CONFIRMED_NOT_FDR	239	121	0.117813	0.176175	0.003038		0.899685	0.872504	position_ratio_plus_oi_level	-0.003163	-0.000125
disaggregated:silver:producer_merchant	HEDGER_CONTEXT	2w	delta_net_contracts	raw_position_flow	OVERLAP_CONFIRMED_NOT_FDR	238	80	0.100193	0.366385	0.001861	1.64608	0.39619	0.244082	signed_flow_percentiles	0.002588	-0.000654
disaggregated:silver:producer_merchant	HEDGER_CONTEXT	3w	net_oi_pct	oi_normalized_position	OVERLAP_CONFIRMED_NOT_FDR	237	60	0.190145	0.352098	0.006355		0.621636	0.473807	net_oi_flow_plus_oi_pct	0.005631	0.005758
disaggregated:silver:producer_merchant	HEDGER_CONTEXT	4w	net_contracts	raw_position_level	OVERLAP_CONFIRMED_NOT_FDR	236	48	0.10814	0.15469	0.018973		0.978377	0.930168	net_oi_flow_plus_oi_pct	0.004677	0.003838
disaggregated:silver:producer_merchant	HEDGER_CONTEXT	6w	long_contracts	raw_position_level	OVERLAP_CONFIRMED_NOT_FDR	233	34	0.240261	0.26356	0.003846		0.978377	0.847277	net_oi_flow_plus_oi_pct	0.000554	-0.003194
disaggregated:silver:producer_merchant	HEDGER_CONTEXT	8w	net_contracts	raw_position_level	OVERLAP_CONFIRMED_NOT_FDR	231	26	0.169782	0.142564	0.04729		0.978377	0.938281	net_oi_flow_plus_oi_pct	0.000264	-0.000275
disaggregated:silver:producer_merchant	HEDGER_CONTEXT	13w	signed_delta_net_contracts_percentile	raw_position_flow_normalized	POSITIVE_OOS_GAIN_NOT_OVERLAP_CONFIRMED	226	17	0.105811	0.490196	0.006151	-1.175816	0.870842	0.998913	signed_flow_percentiles	0.00164	0.006398
disaggregated:silver:producer_merchant	HEDGER_CONTEXT	26w	short_oi_pct	oi_normalized_position	POSITIVE_OOS_GAIN_NOT_OVERLAP_CONFIRMED	213	8	-0.367394	-0.642857	0.025164		0.976318	0.969894	position_ratio_plus_oi_level	0.040297	0.044781
disaggregated:silver:producer_merchant	HEDGER_CONTEXT	39w	short_oi_pct	oi_normalized_position	POSITIVE_OOS_GAIN_NOT_OVERLAP_CONFIRMED	199	5	-0.405364	-0.7	0.032293		0.978377	0.969894	position_ratio_plus_oi_level	0.010819	0.02484
disaggregated:silver:producer_merchant	HEDGER_CONTEXT	52w	short_oi_pct	oi_normalized_position	POSITIVE_OOS_GAIN_NOT_OVERLAP_CONFIRMED	186	4	-0.309141	-0.8	0.060316		0.978377	0.969894	signed_flow_percentiles	0.001174	0.00069
disaggregated:silver:swap_dealer	INTERMEDIARY_CONTEXT	monday	delta_short_contracts	raw_position_flow	OVERLAP_CONFIRMED_NOT_FDR	204	111	-0.109146	-0.279191	0.007109	-0.73759	0.524617	0.577171	position_ratio_plus_oi_level	-0.003273	-0.007363
disaggregated:silver:swap_dealer	INTERMEDIARY_CONTEXT	tuesday	short_oi_pct	oi_normalized_position	POSITIVE_OOS_GAIN_NOT_OVERLAP_CONFIRMED	203	111	0.046038	0.093173	0.004817		0.978377	0.969894	position_ratio_plus_oi_level	0.002213	0.000736
disaggregated:silver:swap_dealer	INTERMEDIARY_CONTEXT	wednesday	delta_short_contracts	raw_position_flow	OVERLAP_CONFIRMED_NOT_FDR	200	109	-0.126158	-0.176041	0.006193	-0.914113	0.935561	0.98761	position_ratio_plus_oi_level	0.001205	-0.009677
disaggregated:silver:swap_dealer	INTERMEDIARY_CONTEXT	thursday	delta_short_contracts	raw_position_flow	POSITIVE_OOS_GAIN_NOT_OVERLAP_CONFIRMED	192	105	-0.090196	-0.072429	0.002807	-0.112206	0.978377	0.98761	position_ratio_plus_oi_level	-0.002739	-0.020841
disaggregated:silver:swap_dealer	INTERMEDIARY_CONTEXT	friday	delta_short_contracts	raw_position_flow	POSITIVE_OOS_GAIN_NOT_OVERLAP_CONFIRMED	185	101	-0.088049	-0.047956	0.001678	-0.110229	0.978377	0.98761	position_ratio_plus_oi_level	-0.001947	-0.020151
disaggregated:silver:swap_dealer	INTERMEDIARY_CONTEXT	1w	delta_net_contracts	raw_position_flow	POSITIVE_OOS_GAIN_NOT_OVERLAP_CONFIRMED	239	121	0.048395	0.073083	0.000309	0.820267	0.978377	0.98761	position_ratio_plus_oi_level	-0.001703	-0.01215
disaggregated:silver:swap_dealer	INTERMEDIARY_CONTEXT	2w	signed_delta_net_contracts_percentile	raw_position_flow_normalized	OVERLAP_CONFIRMED_NOT_FDR	238	80	0.114331	0.279442	0.004481	2.510281	0.736645	0.739182	signed_flow_percentiles	-0.000774	0.000264
disaggregated:silver:swap_dealer	INTERMEDIARY_CONTEXT	3w	signed_delta_net_contracts_percentile	raw_position_flow_normalized	OVERLAP_CONFIRMED_NOT_FDR	237	60	0.127851	0.120144	0.00627	4.987221	0.978377	0.998913	net_oi_flow_plus_oi_pct	0.002941	0.005257
disaggregated:silver:swap_dealer	INTERMEDIARY_CONTEXT	4w	signed_delta_net_contracts_percentile	raw_position_flow_normalized	POSITIVE_OOS_GAIN_NOT_OVERLAP_CONFIRMED	236	48	0.10918	0.067629	0.006041	2.626533	0.978377	1.0	net_oi_flow_plus_oi_pct	0.00283	0.004601
disaggregated:silver:swap_dealer	INTERMEDIARY_CONTEXT	6w	short_oi_pct	oi_normalized_position	POSITIVE_OOS_GAIN_NOT_OVERLAP_CONFIRMED	233	34	-0.039007	-0.053323	0.006554		0.987554	0.98647	raw_net_flow_plus_oi_pct	0.000231	-0.001234
disaggregated:silver:swap_dealer	INTERMEDIARY_CONTEXT	8w	signed_delta_net_contracts_percentile	raw_position_flow_normalized	POSITIVE_OOS_GAIN_NOT_OVERLAP_CONFIRMED	231	26	0.141766	-0.091966	0.000151	7.183881	0.978377	1.0	raw_net_flow_plus_oi_pct	-0.000576	-0.003391
disaggregated:silver:swap_dealer	INTERMEDIARY_CONTEXT	13w	signed_delta_net_contracts_percentile	raw_position_flow_normalized	POSITIVE_OOS_GAIN_NOT_OVERLAP_CONFIRMED	226	17	0.104721	0.387255	0.008482	9.939375	0.978377	0.998913	signed_flow_percentiles	0.000336	0.008139
disaggregated:silver:swap_dealer	INTERMEDIARY_CONTEXT	26w	short_oi_pct	oi_normalized_position	POSITIVE_OOS_GAIN_NOT_OVERLAP_CONFIRMED	213	8	0.173588	0.404762	0.205878		0.978377	0.969894	position_ratio_plus_oi_level	0.002918	0.010149
disaggregated:silver:swap_dealer	INTERMEDIARY_CONTEXT	39w	signed_change_percentile	oi_normalized_flow	POSITIVE_OOS_GAIN_NOT_OVERLAP_CONFIRMED	199	5	0.138863	0.6	0.001687	-0.666848	0.978377	0.96862	signed_flow_percentiles	0.003845	0.005531
disaggregated:silver:swap_dealer	INTERMEDIARY_CONTEXT	52w	net_contracts	raw_position_level	POSITIVE_OOS_GAIN_NOT_OVERLAP_CONFIRMED	186	4	-0.501629	-0.4	0.029915	-51.728717	0.978377	0.938281	signed_flow_percentiles	0.000665	0.001022
legacy:dow:commercial	OPPOSITE_SIDE_CONTEXT	monday	signed_change_percentile	oi_normalized_flow	OVERLAP_CONFIRMED_NOT_FDR	203	111	0.132681	0.133731	0.014958	0.209208	0.978377	0.96862	signed_flow_percentiles	-0.008769	0.006189
legacy:dow:commercial	OPPOSITE_SIDE_CONTEXT	tuesday	signed_change_percentile	oi_normalized_flow	OVERLAP_CONFIRMED_NOT_FDR	202	111	0.125505	0.115089	0.008131	0.138247	0.978377	0.96862	position_ratio_plus_oi_level	0.001349	-0.036518
legacy:dow:commercial	OPPOSITE_SIDE_CONTEXT	wednesday	signed_change_percentile	oi_normalized_flow	OVERLAP_CONFIRMED_NOT_FDR	199	109	0.131561	0.11921	0.019301	0.076286	0.978377	0.96862	signed_flow_percentiles	-3.8e-05	0.019262
legacy:dow:commercial	OPPOSITE_SIDE_CONTEXT	thursday	delta_long_contracts	raw_position_flow	POSITIVE_OOS_GAIN_NOT_OVERLAP_CONFIRMED	190	105	0.019192	0.035548	5.4e-05	0.449342	0.987554	0.98761	position_ratio_plus_oi_level	0.006298	-0.038597
legacy:dow:commercial	OPPOSITE_SIDE_CONTEXT	friday	long_oi_pct	oi_normalized_position	POSITIVE_OOS_GAIN_NOT_OVERLAP_CONFIRMED	182	101	0.142567	0.148812	0.000521		0.978377	0.969894	signed_flow_percentiles	0.000859	-0.006576
legacy:dow:commercial	OPPOSITE_SIDE_CONTEXT	1w	long_contracts	raw_position_level	OVERLAP_CONFIRMED_NOT_FDR	239	121	0.138872	0.155372	4.7e-05		0.976318	0.774168	net_oi_flow_plus_oi_pct	0.000414	-0.033268
legacy:dow:commercial	OPPOSITE_SIDE_CONTEXT	2w	long_oi_pct	oi_normalized_position	NO_OOS_GAIN	238	80	0.278473	0.244444	-0.043522		0.841218	0.83293	raw_net_flow_plus_oi_pct	0.004941	-0.006374
legacy:dow:commercial	OPPOSITE_SIDE_CONTEXT	3w	long_contracts	raw_position_level	NO_OOS_GAIN	237	60	0.244131	0.362823	-0.062586		0.562649	0.50767	raw_net_flow_plus_oi_pct	0.004762	-0.010611
legacy:dow:commercial	OPPOSITE_SIDE_CONTEXT	4w	signed_change_percentile	oi_normalized_flow	POSITIVE_OOS_GAIN_NOT_OVERLAP_CONFIRMED	236	48	0.060308	0.059271	0.005029	1.34069	0.98547	1.0	raw_net_flow_plus_oi_pct	0.002072	0.001039
legacy:dow:commercial	OPPOSITE_SIDE_CONTEXT	6w	delta_1w_net_oi_pp	oi_normalized_flow	POSITIVE_OOS_GAIN_NOT_OVERLAP_CONFIRMED	233	34	0.08058	0.184721	0.003449	2.292359	0.978377	0.96862	raw_net_flow_plus_oi_pct	0.002426	-0.011244
legacy:dow:commercial	OPPOSITE_SIDE_CONTEXT	8w	delta_long_contracts	raw_position_flow	POSITIVE_OOS_GAIN_NOT_OVERLAP_CONFIRMED	231	26	0.051714	0.219829	1.4e-05	0.975653	0.978377	0.98761	net_oi_flow_plus_oi_pct	-0.001442	-0.011705
legacy:dow:commercial	OPPOSITE_SIDE_CONTEXT	13w	signed_change_percentile	oi_normalized_flow	POSITIVE_OOS_GAIN_NOT_OVERLAP_CONFIRMED	226	17	0.09158	0.129902	0.007775	4.534297	0.978377	1.0	position_ratio_plus_oi_level	0.004013	-0.13938
legacy:dow:commercial	OPPOSITE_SIDE_CONTEXT	26w	signed_change_percentile	oi_normalized_flow	POSITIVE_OOS_GAIN_NOT_OVERLAP_CONFIRMED	213	8	0.067153	0.5	0.001621	1.661263	0.978377	0.96862	raw_net_flow_plus_oi_pct	0.003451	0.001647
legacy:dow:commercial	OPPOSITE_SIDE_CONTEXT	39w	net_contracts	raw_position_level	POSITIVE_OOS_GAIN_NOT_OVERLAP_CONFIRMED	199	5	0.164227	0.8	0.051747		0.978377	0.846273	signed_flow_percentiles	0.000585	0.001038
legacy:dow:commercial	OPPOSITE_SIDE_CONTEXT	52w	net_contracts	raw_position_level	POSITIVE_OOS_GAIN_NOT_OVERLAP_CONFIRMED	186	4	0.237496	0.4	0.125192		0.978377	0.938281	raw_net_flow_plus_oi_pct	-0.000456	-0.0497
legacy:dow:noncommercial	PRIMARY_DIRECTIONAL	monday	delta_1w_net_oi_pp	oi_normalized_flow	OVERLAP_CONFIRMED_NOT_FDR	203	111	-0.1638	-0.178677	0.006015	-0.140316	0.91958	0.96862	position_ratio_plus_oi_level	-0.001624	-0.041567
legacy:dow:noncommercial	PRIMARY_DIRECTIONAL	tuesday	signed_change_percentile	oi_normalized_flow	OVERLAP_CONFIRMED_NOT_FDR	202	111	-0.113355	-0.128466	0.003642	-0.014094	0.978377	0.96862	position_ratio_plus_oi_level	0.001786	-0.022493
legacy:dow:noncommercial	PRIMARY_DIRECTIONAL	wednesday	long_oi_pct	oi_normalized_position	OVERLAP_CONFIRMED_NOT_FDR	199	109	-0.125986	-0.188833	0.003054		0.894843	0.858617	position_ratio_plus_oi_level	0.000546	-0.00719
legacy:dow:noncommercial	PRIMARY_DIRECTIONAL	thursday	short_contracts	raw_position_level	NO_OOS_GAIN	190	105	-0.134127	-0.196486	-0.035291		0.870842	0.668865	position_ratio_plus_oi_level	0.002444	-0.029748
legacy:dow:noncommercial	PRIMARY_DIRECTIONAL	friday	long_contracts	raw_position_level	NO_OOS_GAIN	182	101	0.001588	-0.051945	-8.7e-05		0.978377	0.938281	signed_flow_percentiles	0.000272	-0.007952
legacy:dow:noncommercial	PRIMARY_DIRECTIONAL	1w	position_percentile	oi_normalized_position	NO_OOS_GAIN	239	121	0.025832	0.052117	-0.002723		0.978377	0.969894	position_ratio_plus_oi_level	0.001966	-0.018551
legacy:dow:noncommercial	PRIMARY_DIRECTIONAL	2w	delta_long_contracts	raw_position_flow	POSITIVE_OOS_GAIN_NOT_OVERLAP_CONFIRMED	238	80	0.000109	0.126699	0.000124	-0.721272	0.978377	0.98761	raw_net_flow_plus_oi_pct	0.005113	-0.006506
legacy:dow:noncommercial	PRIMARY_DIRECTIONAL	3w	delta_long_contracts	raw_position_flow	POSITIVE_OOS_GAIN_NOT_OVERLAP_CONFIRMED	237	60	-0.067636	0.010225	0.007255	-1.695337	0.997194	0.995436	raw_net_flow_plus_oi_pct	0.004347	-0.00742
legacy:dow:noncommercial	PRIMARY_DIRECTIONAL	4w	signed_delta_net_contracts_percentile	raw_position_flow_normalized	POSITIVE_OOS_GAIN_NOT_OVERLAP_CONFIRMED	236	48	-0.030113	0.077073	0.000495	-0.556157	0.978377	1.0	raw_net_flow_plus_oi_pct	0.002844	0.001115
legacy:dow:noncommercial	PRIMARY_DIRECTIONAL	6w	delta_long_contracts	raw_position_flow	POSITIVE_OOS_GAIN_NOT_OVERLAP_CONFIRMED	233	34	-0.097602	-0.164248	0.004437	-0.944156	0.978377	0.98761	raw_net_flow_plus_oi_pct	0.002952	-0.016837
legacy:dow:noncommercial	PRIMARY_DIRECTIONAL	8w	delta_long_contracts	raw_position_flow	POSITIVE_OOS_GAIN_NOT_OVERLAP_CONFIRMED	231	26	-0.073486	-0.329231	0.002072	-0.929533	0.978377	0.98761	net_oi_flow_plus_oi_pct	-0.001671	-0.011011
legacy:dow:noncommercial	PRIMARY_DIRECTIONAL	13w	short_contracts	raw_position_level	POSITIVE_OOS_GAIN_NOT_OVERLAP_CONFIRMED	226	17	-0.032257	-0.14951	0.008909		0.978377	0.938281	signed_flow_percentiles	0.000104	0.005944
legacy:dow:noncommercial	PRIMARY_DIRECTIONAL	26w	short_contracts	raw_position_level	POSITIVE_OOS_GAIN_NOT_OVERLAP_CONFIRMED	213	8	0.069961	0.380952	0.040642		0.978377	0.938281	raw_net_flow_plus_oi_pct	0.003247	0.000213
legacy:dow:noncommercial	PRIMARY_DIRECTIONAL	39w	net_contracts	raw_position_level	POSITIVE_OOS_GAIN_NOT_OVERLAP_CONFIRMED	199	5	-0.143504	-0.9	0.034026		0.841218	0.668865	signed_flow_percentiles	0.000615	-0.01044
legacy:dow:noncommercial	PRIMARY_DIRECTIONAL	52w	long_oi_pct	oi_normalized_position	POSITIVE_OOS_GAIN_NOT_OVERLAP_CONFIRMED	186	4	-0.170799	-0.4	0.08478		0.978377	0.969894	raw_net_flow_plus_oi_pct	-0.001776	-0.051463
legacy:dow:nonreportable	SECONDARY_DIRECTIONAL	monday	position_percentile	oi_normalized_position	POSITIVE_OOS_GAIN_NOT_OVERLAP_CONFIRMED	203	111	0.029082	0.08302	0.001928	0.499454	0.978377	0.969894	signed_flow_percentiles	-0.013263	-0.013251
legacy:dow:nonreportable	SECONDARY_DIRECTIONAL	tuesday	signed_change_percentile	oi_normalized_flow	POSITIVE_OOS_GAIN_NOT_OVERLAP_CONFIRMED	202	111	-0.062741	-0.065488	0.004074	-0.067799	0.978377	1.0	position_ratio_plus_oi_level	-0.021972	-0.027183
legacy:dow:nonreportable	SECONDARY_DIRECTIONAL	wednesday	delta_1w_net_oi_pp	oi_normalized_flow	POSITIVE_OOS_GAIN_NOT_OVERLAP_CONFIRMED	199	109	-0.070501	-0.079678	0.012697	-0.768557	0.978377	0.983492	signed_flow_percentiles	0.000992	0.007407
legacy:dow:nonreportable	SECONDARY_DIRECTIONAL	thursday	signed_change_percentile	oi_normalized_flow	POSITIVE_OOS_GAIN_NOT_OVERLAP_CONFIRMED	190	105	-0.035019	-0.018142	0.00181	-0.520588	0.987554	1.0	net_oi_flow_plus_oi_pct	0.000353	0.002065
legacy:dow:nonreportable	SECONDARY_DIRECTIONAL	friday	net_oi_pct	oi_normalized_position	POSITIVE_OOS_GAIN_NOT_OVERLAP_CONFIRMED	182	101	-0.048593	-0.119721	0.002453	-0.142395	0.978377	0.969894	signed_flow_percentiles	0.001338	0.002257
legacy:dow:nonreportable	SECONDARY_DIRECTIONAL	1w	net_contracts	raw_position_level	POSITIVE_OOS_GAIN_NOT_OVERLAP_CONFIRMED	239	121	-0.056901	0.074506	0.002666	0.030583	0.978377	0.938281	signed_flow_percentiles	0.000521	0.004349
legacy:dow:nonreportable	SECONDARY_DIRECTIONAL	2w	net_contracts	raw_position_level	POSITIVE_OOS_GAIN_NOT_OVERLAP_CONFIRMED	238	80	-0.084946	-0.106188	0.003079	-0.269624	0.978377	0.938281	raw_net_flow_plus_oi_pct	0.002516	0.002035
legacy:dow:nonreportable	SECONDARY_DIRECTIONAL	3w	long_oi_pct	oi_normalized_position	OVERLAP_CONFIRMED_NOT_FDR	237	60	-0.174935	-0.217005	0.009075	-0.486121	0.978377	0.969894	raw_net_flow_plus_oi_pct	0.001743	-0.005085
legacy:dow:nonreportable	SECONDARY_DIRECTIONAL	4w	long_oi_pct	oi_normalized_position	OVERLAP_CONFIRMED_NOT_FDR	236	48	-0.179521	-0.198111	0.014116	-0.028379	0.978377	0.969894	raw_net_flow_plus_oi_pct	0.002764	0.004249
legacy:dow:nonreportable	SECONDARY_DIRECTIONAL	6w	long_oi_pct	oi_normalized_position	OVERLAP_CONFIRMED_NOT_FDR	233	34	-0.202229	-0.16547	0.017986	-0.172317	0.978377	0.969894	signed_flow_percentiles	-0.001107	-0.002422
legacy:dow:nonreportable	SECONDARY_DIRECTIONAL	8w	long_oi_pct	oi_normalized_position	OVERLAP_CONFIRMED_NOT_FDR	231	26	-0.279395	-0.442735	0.01496	-1.607114	0.841218	0.83293	net_oi_flow_plus_oi_pct	-0.0018	-0.002877
legacy:dow:nonreportable	SECONDARY_DIRECTIONAL	13w	delta_1w_net_oi_pp	oi_normalized_flow	POSITIVE_OOS_GAIN_NOT_OVERLAP_CONFIRMED	226	17	-0.029535	-0.115196	0.001286	-1.406297	0.978377	1.0	signed_flow_percentiles	-0.000206	0.000338
legacy:dow:nonreportable	SECONDARY_DIRECTIONAL	26w	delta_long_contracts	raw_position_flow	POSITIVE_OOS_GAIN_NOT_OVERLAP_CONFIRMED	213	8	-0.077403	-0.690476	0.002501	-1.906476	0.907551	0.98761	raw_net_flow_plus_oi_pct	0.00092	0.002971
legacy:dow:nonreportable	SECONDARY_DIRECTIONAL	39w	short_contracts	raw_position_level	POSITIVE_OOS_GAIN_NOT_OVERLAP_CONFIRMED	199	5	0.513173	0.3	0.102954	16.172465	0.978377	0.938281	signed_flow_percentiles	-0.001029	-0.017827
legacy:dow:nonreportable	SECONDARY_DIRECTIONAL	52w	short_contracts	raw_position_level	POSITIVE_OOS_GAIN_NOT_OVERLAP_CONFIRMED	186	4	0.511412	0.4	0.311285	16.571483	0.978377	0.938281	raw_net_flow_plus_oi_pct	-0.017446	-0.02439
legacy:dow:total_reportable	AGGREGATE_CONTEXT	monday	position_percentile	oi_normalized_position	POSITIVE_OOS_GAIN_NOT_OVERLAP_CONFIRMED	203	111	-0.029211	-0.083494	0.001948	-0.499454	0.978377	0.969894	signed_flow_percentiles	-0.013265	-0.013253
legacy:dow:total_reportable	AGGREGATE_CONTEXT	tuesday	signed_change_percentile	oi_normalized_flow	POSITIVE_OOS_GAIN_NOT_OVERLAP_CONFIRMED	202	111	0.062273	0.065488	0.004067	0.067799	0.978377	1.0	position_ratio_plus_oi_level	-0.021973	-0.027182
legacy:dow:total_reportable	AGGREGATE_CONTEXT	wednesday	delta_1w_net_oi_pp	oi_normalized_flow	POSITIVE_OOS_GAIN_NOT_OVERLAP_CONFIRMED	199	109	0.070518	0.079678	0.012706	0.768557	0.978377	0.983492	signed_flow_percentiles	0.000992	0.007417
legacy:dow:total_reportable	AGGREGATE_CONTEXT	thursday	signed_change_percentile	oi_normalized_flow	POSITIVE_OOS_GAIN_NOT_OVERLAP_CONFIRMED	190	105	0.035162	0.017479	0.001833	0.520588	0.987554	1.0	net_oi_flow_plus_oi_pct	0.000353	0.002084
legacy:dow:total_reportable	AGGREGATE_CONTEXT	friday	net_oi_pct	oi_normalized_position	POSITIVE_OOS_GAIN_NOT_OVERLAP_CONFIRMED	182	101	0.048593	0.119721	0.002452	0.142395	0.978377	0.969894	signed_flow_percentiles	0.001336	0.002238
legacy:dow:total_reportable	AGGREGATE_CONTEXT	1w	net_contracts	raw_position_level	POSITIVE_OOS_GAIN_NOT_OVERLAP_CONFIRMED	239	121	0.056901	-0.074506	0.002668	-0.030583	0.978377	0.938281	signed_flow_percentiles	0.000523	0.004369
legacy:dow:total_reportable	AGGREGATE_CONTEXT	2w	net_contracts	raw_position_level	POSITIVE_OOS_GAIN_NOT_OVERLAP_CONFIRMED	238	80	0.084946	0.106188	0.003081	0.269624	0.978377	0.938281	raw_net_flow_plus_oi_pct	0.002515	0.002036
legacy:dow:total_reportable	AGGREGATE_CONTEXT	3w	long_oi_pct	oi_normalized_position	OVERLAP_CONFIRMED_NOT_FDR	237	60	0.174892	0.217005	0.009067	0.486121	0.978377	0.969894	raw_net_flow_plus_oi_pct	0.001742	-0.005069
legacy:dow:total_reportable	AGGREGATE_CONTEXT	4w	long_oi_pct	oi_normalized_position	OVERLAP_CONFIRMED_NOT_FDR	236	48	0.179337	0.198111	0.014112	0.028379	0.978377	0.969894	raw_net_flow_plus_oi_pct	0.002764	0.004256
legacy:dow:total_reportable	AGGREGATE_CONTEXT	6w	long_oi_pct	oi_normalized_position	OVERLAP_CONFIRMED_NOT_FDR	233	34	0.202127	0.16547	0.017989	0.172317	0.978377	0.969894	signed_flow_percentiles	-0.001104	-0.002394
legacy:dow:total_reportable	AGGREGATE_CONTEXT	8w	long_oi_pct	oi_normalized_position	OVERLAP_CONFIRMED_NOT_FDR	231	26	0.279254	0.442735	0.014955	1.607114	0.841218	0.83293	net_oi_flow_plus_oi_pct	-0.0018	-0.002872
legacy:dow:total_reportable	AGGREGATE_CONTEXT	13w	delta_1w_net_oi_pp	oi_normalized_flow	POSITIVE_OOS_GAIN_NOT_OVERLAP_CONFIRMED	226	17	0.029525	0.115196	0.001289	1.406297	0.978377	1.0	signed_flow_percentiles	-0.000206	0.000332
legacy:dow:total_reportable	AGGREGATE_CONTEXT	26w	delta_1w_net_oi_pp	oi_normalized_flow	POSITIVE_OOS_GAIN_NOT_OVERLAP_CONFIRMED	213	8	0.066351	-0.404762	0.003927	0.894588	0.978377	0.96862	raw_net_flow_plus_oi_pct	0.000918	0.002974
legacy:dow:total_reportable	AGGREGATE_CONTEXT	39w	net_contracts_percentile	raw_position_level_normalized	POSITIVE_OOS_GAIN_NOT_OVERLAP_CONFIRMED	199	5	0.131887	0.5	0.029403	3.676272	0.978377	0.971823	signed_flow_percentiles	-0.001025	-0.017776
legacy:dow:total_reportable	AGGREGATE_CONTEXT	52w	long_oi_pct	oi_normalized_position	POSITIVE_OOS_GAIN_NOT_OVERLAP_CONFIRMED	186	4	0.525259	-0.4	0.244265	5.041716	0.978377	0.969894	raw_net_flow_plus_oi_pct	-0.017446	-0.024381
legacy:gold:commercial	OPPOSITE_SIDE_CONTEXT	monday	short_contracts	raw_position_level	OVERLAP_CONFIRMED_NOT_FDR	204	111	0.10903	0.149877	0.002195		0.978377	0.846273	signed_flow_percentiles	-0.003682	-0.004163
legacy:gold:commercial	OPPOSITE_SIDE_CONTEXT	tuesday	net_contracts_percentile	raw_position_level_normalized	OVERLAP_CONFIRMED_NOT_FDR	203	111	-0.111951	-0.10229	0.003245	0.942718	0.978377	0.971823	position_ratio_plus_oi_level	-0.001457	-0.000208
legacy:gold:commercial	OPPOSITE_SIDE_CONTEXT	wednesday	signed_delta_net_contracts_percentile	raw_position_flow_normalized	OVERLAP_CONFIRMED_NOT_FDR	200	109	0.1236	0.119998	0.016257	0.564694	0.978377	0.998913	position_ratio_plus_oi_level	0.004487	0.007993
legacy:gold:commercial	OPPOSITE_SIDE_CONTEXT	thursday	delta_short_contracts	raw_position_flow	OVERLAP_CONFIRMED_NOT_FDR	192	105	-0.116511	-0.130624	0.011044	-0.930601	0.978377	0.98761	signed_flow_percentiles	0.004281	0.008235
legacy:gold:commercial	OPPOSITE_SIDE_CONTEXT	friday	delta_short_contracts	raw_position_flow	POSITIVE_OOS_GAIN_NOT_OVERLAP_CONFIRMED	185	101	-0.161995	-0.154525	0.011184	-1.404119	0.978377	0.98761	position_ratio_plus_oi_level	0.001372	0.00101
legacy:gold:commercial	OPPOSITE_SIDE_CONTEXT	1w	signed_delta_net_contracts_percentile	raw_position_flow_normalized	OVERLAP_CONFIRMED_NOT_FDR	239	121	0.130859	0.216529	0.00787	0.654149	0.837894	0.865348	net_oi_flow_plus_oi_pct	0.002672	0.007039
legacy:gold:commercial	OPPOSITE_SIDE_CONTEXT	2w	delta_short_contracts	raw_position_flow	OVERLAP_CONFIRMED_NOT_FDR	238	80	-0.132749	-0.243015	0.007545	-2.13606	0.841218	0.849033	net_oi_flow_plus_oi_pct	0.002695	0.00261
legacy:gold:commercial	OPPOSITE_SIDE_CONTEXT	3w	signed_delta_net_contracts_percentile	raw_position_flow_normalized	POSITIVE_OOS_GAIN_NOT_OVERLAP_CONFIRMED	237	60	0.067293	0.192665	0.007083	0.558127	0.978377	0.998913	position_ratio_plus_oi_level	0.003126	-0.006454
legacy:gold:commercial	OPPOSITE_SIDE_CONTEXT	4w	signed_change_percentile	oi_normalized_flow	POSITIVE_OOS_GAIN_NOT_OVERLAP_CONFIRMED	236	48	0.097257	0.077073	0.007645	1.707445	0.978377	1.0	position_ratio_plus_oi_level	0.004865	-0.011714
legacy:gold:commercial	OPPOSITE_SIDE_CONTEXT	6w	net_contracts_percentile	raw_position_level_normalized	POSITIVE_OOS_GAIN_NOT_OVERLAP_CONFIRMED	233	34	-0.220528	-0.139801	0.003796	1.769917	0.978377	0.971823	position_ratio_plus_oi_level	0.003309	-0.013429
legacy:gold:commercial	OPPOSITE_SIDE_CONTEXT	8w	position_percentile	oi_normalized_position	POSITIVE_OOS_GAIN_NOT_OVERLAP_CONFIRMED	231	26	-0.22534	-0.113162	0.007765	-4.344964	0.978377	0.969894	position_ratio_plus_oi_level	0.01176	-0.00644
legacy:gold:commercial	OPPOSITE_SIDE_CONTEXT	13w	delta_long_contracts	raw_position_flow	POSITIVE_OOS_GAIN_NOT_OVERLAP_CONFIRMED	226	17	0.04578	-0.193627	0.000229	0.619772	0.978377	0.98761	signed_flow_percentiles	-2.3e-05	0.00105
legacy:gold:commercial	OPPOSITE_SIDE_CONTEXT	26w	position_percentile	oi_normalized_position	POSITIVE_OOS_GAIN_NOT_OVERLAP_CONFIRMED	213	8	-0.301251	-0.47619	0.011789	-1.165359	0.978377	0.969894	net_oi_flow_plus_oi_pct	0.001393	0.001226
legacy:gold:commercial	OPPOSITE_SIDE_CONTEXT	39w	net_contracts_percentile	raw_position_level_normalized	POSITIVE_OOS_GAIN_NOT_OVERLAP_CONFIRMED	199	5	-0.339989	-0.5	0.000492	-17.38505	0.978377	0.971823	raw_net_flow_plus_oi_pct	0.00041	-0.000798
legacy:gold:commercial	OPPOSITE_SIDE_CONTEXT	52w	signed_change_percentile	oi_normalized_flow	POSITIVE_OOS_GAIN_NOT_OVERLAP_CONFIRMED	186	4	0.022277	0.4	0.000389	-7.42299	0.978377	1.0	raw_net_flow_plus_oi_pct	-0.000499	-0.001279
legacy:gold:noncommercial	PRIMARY_DIRECTIONAL	monday	net_contracts_percentile	raw_position_level_normalized	POSITIVE_OOS_GAIN_NOT_OVERLAP_CONFIRMED	204	111	0.085481	0.114005	0.001629	-1.752053	0.978377	0.971823	signed_flow_percentiles	-0.003905	-0.005668
legacy:gold:noncommercial	PRIMARY_DIRECTIONAL	tuesday	delta_1w_net_oi_pp	oi_normalized_flow	POSITIVE_OOS_GAIN_NOT_OVERLAP_CONFIRMED	203	111	-0.085591	-0.095639	0.006383	-0.667238	0.978377	0.96862	position_ratio_plus_oi_level	-0.001609	-0.000153
legacy:gold:noncommercial	PRIMARY_DIRECTIONAL	wednesday	signed_change_percentile	oi_normalized_flow	OVERLAP_CONFIRMED_NOT_FDR	200	109	-0.154253	-0.138439	0.015217	-0.912398	0.978377	0.96862	position_ratio_plus_oi_level	0.004711	0.008386
legacy:gold:noncommercial	PRIMARY_DIRECTIONAL	thursday	signed_delta_net_contracts_percentile	raw_position_flow_normalized	POSITIVE_OOS_GAIN_NOT_OVERLAP_CONFIRMED	192	105	-0.095009	-0.046071	0.010891	-0.191597	0.978377	1.0	signed_flow_percentiles	0.003906	0.010251
legacy:gold:noncommercial	PRIMARY_DIRECTIONAL	friday	signed_delta_net_contracts_percentile	raw_position_flow_normalized	POSITIVE_OOS_GAIN_NOT_OVERLAP_CONFIRMED	185	101	-0.146524	-0.08304	0.013821	-0.577815	0.978377	1.0	position_ratio_plus_oi_level	0.001513	0.001157
legacy:gold:noncommercial	PRIMARY_DIRECTIONAL	1w	delta_long_contracts	raw_position_flow	OVERLAP_CONFIRMED_NOT_FDR	239	121	-0.122719	-0.232909	0.008148	0.140717	0.711966	0.785414	net_oi_flow_plus_oi_pct	0.002372	0.0081
legacy:gold:noncommercial	PRIMARY_DIRECTIONAL	2w	signed_delta_net_contracts_percentile	raw_position_flow_normalized	OVERLAP_CONFIRMED_NOT_FDR	238	80	-0.104214	-0.211556	0.006679	-1.76963	0.916134	0.998913	position_ratio_plus_oi_level	0.002674	-0.001649
legacy:gold:noncommercial	PRIMARY_DIRECTIONAL	3w	short_oi_pct	oi_normalized_position	POSITIVE_OOS_GAIN_NOT_OVERLAP_CONFIRMED	237	60	-0.137776	-0.240845	0.000665	-2.2627	0.925624	0.896974	position_ratio_plus_oi_level	0.003376	-0.004619
legacy:gold:noncommercial	PRIMARY_DIRECTIONAL	4w	signed_change_percentile	oi_normalized_flow	POSITIVE_OOS_GAIN_NOT_OVERLAP_CONFIRMED	236	48	-0.076408	-0.074794	0.006615	-2.913282	0.978377	1.0	position_ratio_plus_oi_level	0.005519	-0.010037
legacy:gold:noncommercial	PRIMARY_DIRECTIONAL	6w	net_contracts_percentile	raw_position_level_normalized	OVERLAP_CONFIRMED_NOT_FDR	233	34	0.241055	0.156303	0.008379	-2.773317	0.978377	0.971823	position_ratio_plus_oi_level	0.004997	-0.009645
legacy:gold:noncommercial	PRIMARY_DIRECTIONAL	8w	position_percentile	oi_normalized_position	OVERLAP_CONFIRMED_NOT_FDR	231	26	0.250574	0.127521	0.013935	3.515527	0.978377	0.969894	position_ratio_plus_oi_level	0.013717	-0.002526
legacy:gold:noncommercial	PRIMARY_DIRECTIONAL	13w	position_percentile	oi_normalized_position	POSITIVE_OOS_GAIN_NOT_OVERLAP_CONFIRMED	226	17	0.327705	0.083333	0.027071	0.787723	0.987554	0.98647	signed_flow_percentiles	-0.000114	0.000708
legacy:gold:noncommercial	PRIMARY_DIRECTIONAL	26w	position_percentile	oi_normalized_position	POSITIVE_OOS_GAIN_NOT_OVERLAP_CONFIRMED	213	8	0.313255	0.47619	0.025881	2.090956	0.978377	0.969894	net_oi_flow_plus_oi_pct	0.001394	0.001202
legacy:gold:noncommercial	PRIMARY_DIRECTIONAL	39w	net_contracts_percentile	raw_position_level_normalized	POSITIVE_OOS_GAIN_NOT_OVERLAP_CONFIRMED	199	5	0.326539	0.5	0.002976	15.727678	0.978377	0.971823	raw_net_flow_plus_oi_pct	0.000433	-0.000914
legacy:gold:noncommercial	PRIMARY_DIRECTIONAL	52w	signed_change_percentile	oi_normalized_flow	POSITIVE_OOS_GAIN_NOT_OVERLAP_CONFIRMED	186	4	-0.01641	-0.8	0.000273	6.201113	0.978377	0.96862	raw_net_flow_plus_oi_pct	-0.000497	-0.001311
legacy:gold:nonreportable	SECONDARY_DIRECTIONAL	monday	long_contracts	raw_position_level	OVERLAP_CONFIRMED_NOT_FDR	204	111	0.134188	0.214663	0.000605	1.208595	0.841218	0.668865	position_ratio_plus_oi_level	-0.000818	-0.000842
legacy:gold:nonreportable	SECONDARY_DIRECTIONAL	tuesday	long_contracts	raw_position_level	OVERLAP_CONFIRMED_NOT_FDR	203	111	0.112357	0.135047	0.002075	-2.405045	0.978377	0.855283	position_ratio_plus_oi_level	3.9e-05	2.9e-05
legacy:gold:nonreportable	SECONDARY_DIRECTIONAL	wednesday	long_oi_pct	oi_normalized_position	POSITIVE_OOS_GAIN_NOT_OVERLAP_CONFIRMED	200	109	0.081319	0.09519	0.000454	0.452091	0.978377	0.969894	position_ratio_plus_oi_level	0.002495	-0.001164
legacy:gold:nonreportable	SECONDARY_DIRECTIONAL	thursday	short_contracts	raw_position_level	POSITIVE_OOS_GAIN_NOT_OVERLAP_CONFIRMED	192	105	0.019976	0.105629	0.000935	-0.315085	0.978377	0.924216	signed_flow_percentiles	0.00211	-0.01315
legacy:gold:nonreportable	SECONDARY_DIRECTIONAL	friday	short_oi_pct	oi_normalized_position	POSITIVE_OOS_GAIN_NOT_OVERLAP_CONFIRMED	185	101	0.033031	0.086139	0.002781	4.380529	0.978377	0.969894	position_ratio_plus_oi_level	0.000896	0.001493
legacy:gold:nonreportable	SECONDARY_DIRECTIONAL	1w	short_contracts	raw_position_level	POSITIVE_OOS_GAIN_NOT_OVERLAP_CONFIRMED	239	121	0.041102	0.058847	0.000571	0.582979	0.978377	0.938281	position_ratio_plus_oi_level	0.001698	0.000609
legacy:gold:nonreportable	SECONDARY_DIRECTIONAL	2w	delta_short_contracts	raw_position_flow	POSITIVE_OOS_GAIN_NOT_OVERLAP_CONFIRMED	238	80	-0.020491	0.088842	0.00087	-1.151755	0.978377	0.98761	position_ratio_plus_oi_level	0.003108	-0.003018
legacy:gold:nonreportable	SECONDARY_DIRECTIONAL	3w	delta_short_contracts	raw_position_flow	POSITIVE_OOS_GAIN_NOT_OVERLAP_CONFIRMED	237	60	-0.028035	-0.195888	0.000933	-1.593556	0.978377	0.98761	position_ratio_plus_oi_level	0.003372	-0.004303
legacy:gold:nonreportable	SECONDARY_DIRECTIONAL	4w	short_oi_pct	oi_normalized_position	OVERLAP_CONFIRMED_NOT_FDR	236	48	0.125807	0.23426	0.003123	9.801565	0.978377	0.969894	position_ratio_plus_oi_level	0.004435	0.002851
legacy:gold:nonreportable	SECONDARY_DIRECTIONAL	6w	short_oi_pct	oi_normalized_position	OVERLAP_CONFIRMED_NOT_FDR	233	34	0.176106	0.214057	0.008178	15.432182	0.978377	0.969894	position_ratio_plus_oi_level	0.005097	0.003857
legacy:gold:nonreportable	SECONDARY_DIRECTIONAL	8w	net_contracts_percentile	raw_position_level_normalized	POSITIVE_OOS_GAIN_NOT_OVERLAP_CONFIRMED	231	26	-0.041515	-0.160342	0.004534	4.407238	0.978377	0.971823	position_ratio_plus_oi_level	0.011938	0.006968
legacy:gold:nonreportable	SECONDARY_DIRECTIONAL	13w	short_oi_pct	oi_normalized_position	POSITIVE_OOS_GAIN_NOT_OVERLAP_CONFIRMED	226	17	0.191852	0.448529	0.011822	25.089056	0.94037	0.908545	position_ratio_plus_oi_level	0.007694	-0.000663
legacy:gold:nonreportable	SECONDARY_DIRECTIONAL	26w	delta_net_contracts	raw_position_flow	POSITIVE_OOS_GAIN_NOT_OVERLAP_CONFIRMED	213	8	-0.008673	0.880952	0.000303	-0.486862	0.469155	0.442202	net_oi_flow_plus_oi_pct	0.001614	0.001582
legacy:gold:nonreportable	SECONDARY_DIRECTIONAL	39w	net_contracts	raw_position_level	POSITIVE_OOS_GAIN_NOT_OVERLAP_CONFIRMED	199	5	0.166743	0.3	0.002044		0.978377	0.938281	net_oi_flow_plus_oi_pct	-5.3e-05	-0.000309
legacy:gold:nonreportable	SECONDARY_DIRECTIONAL	52w	net_contracts	raw_position_level	POSITIVE_OOS_GAIN_NOT_OVERLAP_CONFIRMED	186	4	0.082487	0.4	0.015091		0.978377	0.938281	net_oi_flow_plus_oi_pct	-0.000889	-0.001071
legacy:gold:total_reportable	AGGREGATE_CONTEXT	monday	short_contracts	raw_position_level	OVERLAP_CONFIRMED_NOT_FDR	204	111	0.102479	0.134512	0.001517	0.249075	0.978377	0.855283	position_ratio_plus_oi_level	-0.000818	-0.000842
legacy:gold:total_reportable	AGGREGATE_CONTEXT	tuesday	short_contracts	raw_position_level	POSITIVE_OOS_GAIN_NOT_OVERLAP_CONFIRMED	203	111	0.131319	0.097508	0.00138	0.350997	0.978377	0.934855	position_ratio_plus_oi_level	3.9e-05	2.9e-05
legacy:gold:total_reportable	AGGREGATE_CONTEXT	wednesday	long_oi_pct	oi_normalized_position	POSITIVE_OOS_GAIN_NOT_OVERLAP_CONFIRMED	200	109	-0.081319	-0.09519	0.000454	-0.452091	0.978377	0.969894	position_ratio_plus_oi_level	0.002495	-0.001164
legacy:gold:total_reportable	AGGREGATE_CONTEXT	thursday	delta_long_contracts	raw_position_flow	POSITIVE_OOS_GAIN_NOT_OVERLAP_CONFIRMED	192	105	-0.076657	-0.097937	0.003912	-0.27753	0.978377	0.98761	signed_flow_percentiles	0.00211	-0.01315
legacy:gold:total_reportable	AGGREGATE_CONTEXT	friday	short_oi_pct	oi_normalized_position	POSITIVE_OOS_GAIN_NOT_OVERLAP_CONFIRMED	185	101	-0.033031	-0.086139	0.002781	-4.380529	0.978377	0.969894	position_ratio_plus_oi_level	0.000896	0.001493
legacy:gold:total_reportable	AGGREGATE_CONTEXT	1w	delta_long_contracts	raw_position_flow	POSITIVE_OOS_GAIN_NOT_OVERLAP_CONFIRMED	239	121	-0.07165	-0.198774	0.002494	0.051502	0.841218	0.849033	position_ratio_plus_oi_level	0.001698	0.000609
legacy:gold:total_reportable	AGGREGATE_CONTEXT	2w	delta_long_contracts	raw_position_flow	POSITIVE_OOS_GAIN_NOT_OVERLAP_CONFIRMED	238	80	-0.055646	-0.052321	0.003438	-0.229906	0.978377	0.98761	position_ratio_plus_oi_level	0.003108	-0.003018
legacy:gold:total_reportable	AGGREGATE_CONTEXT	3w	position_percentile	oi_normalized_position	POSITIVE_OOS_GAIN_NOT_OVERLAP_CONFIRMED	237	60	0.021653	0.033898	0.000564	-1.589867	0.987554	0.98647	position_ratio_plus_oi_level	0.003372	-0.004303
legacy:gold:total_reportable	AGGREGATE_CONTEXT	4w	short_oi_pct	oi_normalized_position	OVERLAP_CONFIRMED_NOT_FDR	236	48	-0.125807	-0.23426	0.003123	-9.801565	0.978377	0.969894	position_ratio_plus_oi_level	0.004435	0.002851
legacy:gold:total_reportable	AGGREGATE_CONTEXT	6w	short_oi_pct	oi_normalized_position	OVERLAP_CONFIRMED_NOT_FDR	233	34	-0.176106	-0.214057	0.008178	-15.432182	0.978377	0.969894	position_ratio_plus_oi_level	0.005097	0.003857
legacy:gold:total_reportable	AGGREGATE_CONTEXT	8w	net_contracts_percentile	raw_position_level_normalized	POSITIVE_OOS_GAIN_NOT_OVERLAP_CONFIRMED	231	26	0.041515	0.160342	0.004534	-4.407238	0.978377	0.971823	position_ratio_plus_oi_level	0.011938	0.006968
legacy:gold:total_reportable	AGGREGATE_CONTEXT	13w	short_oi_pct	oi_normalized_position	POSITIVE_OOS_GAIN_NOT_OVERLAP_CONFIRMED	226	17	-0.191852	-0.448529	0.011822	-25.089056	0.94037	0.908545	position_ratio_plus_oi_level	0.007694	-0.000663
legacy:gold:total_reportable	AGGREGATE_CONTEXT	26w	delta_net_contracts	raw_position_flow	POSITIVE_OOS_GAIN_NOT_OVERLAP_CONFIRMED	213	8	0.008673	-0.880952	0.000303	0.486862	0.469155	0.442202	net_oi_flow_plus_oi_pct	0.001614	0.001582
legacy:gold:total_reportable	AGGREGATE_CONTEXT	39w	net_contracts	raw_position_level	POSITIVE_OOS_GAIN_NOT_OVERLAP_CONFIRMED	199	5	-0.166743	-0.3	0.002044		0.978377	0.938281	net_oi_flow_plus_oi_pct	-5.3e-05	-0.000309
legacy:gold:total_reportable	AGGREGATE_CONTEXT	52w	net_contracts	raw_position_level	POSITIVE_OOS_GAIN_NOT_OVERLAP_CONFIRMED	186	4	-0.082487	-0.4	0.015091		0.978377	0.938281	net_oi_flow_plus_oi_pct	-0.000889	-0.001071
legacy:nq:commercial	OPPOSITE_SIDE_CONTEXT	monday	long_oi_pct	oi_normalized_position	POSITIVE_OOS_GAIN_NOT_OVERLAP_CONFIRMED	203	111	-0.108145	-0.158898	0.000868		0.978377	0.969894	position_ratio_plus_oi_level	0.00473	0.002551
legacy:nq:commercial	OPPOSITE_SIDE_CONTEXT	tuesday	short_contracts	raw_position_level	POSITIVE_OOS_GAIN_NOT_OVERLAP_CONFIRMED	202	111	0.069579	0.140216	0.00777		0.978377	0.848943	position_ratio_plus_oi_level	-0.009933	-0.009561
legacy:nq:commercial	OPPOSITE_SIDE_CONTEXT	wednesday	net_contracts_percentile	raw_position_level_normalized	POSITIVE_OOS_GAIN_NOT_OVERLAP_CONFIRMED	199	109	-0.038736	-0.129395	0.005742	-0.616482	0.978377	0.971823	position_ratio_plus_oi_level	0.002852	0.002831
legacy:nq:commercial	OPPOSITE_SIDE_CONTEXT	thursday	short_oi_pct	oi_normalized_position	POSITIVE_OOS_GAIN_NOT_OVERLAP_CONFIRMED	190	105	-0.008908	0.10227	0.000638	1.15468	0.978377	0.969894	signed_flow_percentiles	0.001683	-0.000694
legacy:nq:commercial	OPPOSITE_SIDE_CONTEXT	friday	signed_delta_net_contracts_percentile	raw_position_flow_normalized	POSITIVE_OOS_GAIN_NOT_OVERLAP_CONFIRMED	182	101	-0.057975	-0.141491	0.006935	-0.689647	0.978377	0.998913	signed_flow_percentiles	8e-05	0.000678
legacy:nq:commercial	OPPOSITE_SIDE_CONTEXT	1w	signed_delta_net_contracts_percentile	raw_position_flow_normalized	POSITIVE_OOS_GAIN_NOT_OVERLAP_CONFIRMED	239	121	-0.044208	-0.110154	0.001698	-0.588616	0.978377	0.998913	signed_flow_percentiles	0.003301	0.002358
legacy:nq:commercial	OPPOSITE_SIDE_CONTEXT	2w	signed_change_percentile	oi_normalized_flow	NO_OOS_GAIN	238	80	-0.022692	0.088467	-0.003581	0.614643	0.978377	0.983492	position_ratio_plus_oi_level	0.002419	-0.005016
legacy:nq:commercial	OPPOSITE_SIDE_CONTEXT	3w	long_contracts	raw_position_level	NO_OOS_GAIN	237	60	0.101147	0.229341	-0.230457		0.95329	0.754263	position_ratio_plus_oi_level	0.000764	-0.006294
legacy:nq:commercial	OPPOSITE_SIDE_CONTEXT	4w	long_oi_pct	oi_normalized_position	NO_OOS_GAIN	236	48	0.010179	-0.085649	-0.006292		0.978377	0.969894	raw_net_flow_plus_oi_pct	0.004732	-0.105819
legacy:nq:commercial	OPPOSITE_SIDE_CONTEXT	6w	long_contracts	raw_position_level	NO_OOS_GAIN	233	34	0.095232	0.308785	-0.001954		0.943159	0.741995	position_ratio_plus_oi_level	-0.000562	-0.002173
legacy:nq:commercial	OPPOSITE_SIDE_CONTEXT	8w	delta_short_contracts	raw_position_flow	POSITIVE_OOS_GAIN_NOT_OVERLAP_CONFIRMED	231	26	0.019912	-0.210256	0.000155	-0.349007	0.978377	0.98761	raw_net_flow_plus_oi_pct	0.002576	-0.012603
legacy:nq:commercial	OPPOSITE_SIDE_CONTEXT	13w	long_oi_pct	oi_normalized_position	POSITIVE_OOS_GAIN_NOT_OVERLAP_CONFIRMED	226	17	0.14735	0.183824	0.002175		0.978377	0.969894	raw_net_flow_plus_oi_pct	0.003488	-0.035032
legacy:nq:commercial	OPPOSITE_SIDE_CONTEXT	26w	delta_long_contracts	raw_position_flow	NO_OOS_GAIN	213	8	-0.027511	-0.261905	-0.00015	0.127945	0.978377	0.98761	signed_flow_percentiles	0.000633	-0.009243
legacy:nq:commercial	OPPOSITE_SIDE_CONTEXT	39w	delta_long_contracts	raw_position_flow	POSITIVE_OOS_GAIN_NOT_OVERLAP_CONFIRMED	199	5	-0.018679	0.1	0.000269	-0.498131	0.987554	0.98761	raw_net_flow_plus_oi_pct	0.007117	-0.015028
legacy:nq:commercial	OPPOSITE_SIDE_CONTEXT	52w	delta_long_contracts	raw_position_flow	POSITIVE_OOS_GAIN_NOT_OVERLAP_CONFIRMED	186	4	-0.006537	0.2	0.001783	1.395798	0.987554	0.98761	raw_net_flow_plus_oi_pct	-0.002772	-0.031058
legacy:nq:noncommercial	PRIMARY_DIRECTIONAL	monday	long_contracts	raw_position_level	POSITIVE_OOS_GAIN_NOT_OVERLAP_CONFIRMED	203	111	0.149946	0.16655	0.016253	-0.149855	0.960581	0.758616	position_ratio_plus_oi_level	0.002992	0.004313
legacy:nq:noncommercial	PRIMARY_DIRECTIONAL	tuesday	net_oi_pct	oi_normalized_position	POSITIVE_OOS_GAIN_NOT_OVERLAP_CONFIRMED	202	111	-0.089838	-0.12973	0.001777		0.978377	0.969894	position_ratio_plus_oi_level	-0.010735	-0.008958
legacy:nq:noncommercial	PRIMARY_DIRECTIONAL	wednesday	long_contracts	raw_position_level	POSITIVE_OOS_GAIN_NOT_OVERLAP_CONFIRMED	199	109	0.046505	0.073436	0.006727	0.347462	0.978377	0.938281	position_ratio_plus_oi_level	0.002965	0.002879
legacy:nq:noncommercial	PRIMARY_DIRECTIONAL	thursday	short_oi_pct	oi_normalized_position	POSITIVE_OOS_GAIN_NOT_OVERLAP_CONFIRMED	190	105	-0.028001	-0.150259	0.000593	5.990804	0.978377	0.969894	signed_flow_percentiles	0.001655	-0.002106
legacy:nq:noncommercial	PRIMARY_DIRECTIONAL	friday	signed_delta_net_contracts_percentile	raw_position_flow_normalized	POSITIVE_OOS_GAIN_NOT_OVERLAP_CONFIRMED	182	101	0.077427	0.122539	0.010941	0.731715	0.978377	0.998913	signed_flow_percentiles	7.1e-05	0.002136
legacy:nq:noncommercial	PRIMARY_DIRECTIONAL	1w	signed_delta_net_contracts_percentile	raw_position_flow_normalized	POSITIVE_OOS_GAIN_NOT_OVERLAP_CONFIRMED	239	121	0.057798	0.079109	0.005236	0.734556	0.978377	1.0	signed_flow_percentiles	0.002996	0.003388
legacy:nq:noncommercial	PRIMARY_DIRECTIONAL	2w	delta_short_contracts	raw_position_flow	NO_OOS_GAIN	238	80	-0.000752	0.217418	-0.012026	-0.091402	0.899685	0.98761	position_ratio_plus_oi_level	0.00333	-0.003304
legacy:nq:noncommercial	PRIMARY_DIRECTIONAL	3w	short_oi_pct	oi_normalized_position	NO_OOS_GAIN	237	60	-0.114665	-0.209669	-0.00235	2.6396	0.978377	0.969894	position_ratio_plus_oi_level	0.001457	-0.0036
legacy:nq:noncommercial	PRIMARY_DIRECTIONAL	4w	delta_1w_net_oi_pp	oi_normalized_flow	NO_OOS_GAIN	236	48	0.059549	-0.120604	-0.00464	4.636983	0.978377	0.983492	raw_net_flow_plus_oi_pct	0.007209	-0.041943
legacy:nq:noncommercial	PRIMARY_DIRECTIONAL	6w	position_percentile	oi_normalized_position	POSITIVE_OOS_GAIN_NOT_OVERLAP_CONFIRMED	233	34	-0.036104	-0.016043	0.002433	-2.420124	0.99436	0.989339	position_ratio_plus_oi_level	-0.000125	-0.000967
legacy:nq:noncommercial	PRIMARY_DIRECTIONAL	8w	long_oi_pct	oi_normalized_position	OVERLAP_CONFIRMED_NOT_FDR	231	26	-0.244388	-0.35453	0.000239		0.943159	0.912828	raw_net_flow_plus_oi_pct	0.003418	-0.007932
legacy:nq:noncommercial	PRIMARY_DIRECTIONAL	13w	position_percentile	oi_normalized_position	POSITIVE_OOS_GAIN_NOT_OVERLAP_CONFIRMED	226	17	-0.227638	-0.120098	0.035919	-10.262517	0.978377	0.969894	raw_net_flow_plus_oi_pct	0.005074	-0.022627
legacy:nq:noncommercial	PRIMARY_DIRECTIONAL	26w	net_contracts_percentile	raw_position_level_normalized	POSITIVE_OOS_GAIN_NOT_OVERLAP_CONFIRMED	213	8	-0.092043	-0.119048	0.000407	-7.538998	0.987554	0.980018	signed_flow_percentiles	-4.2e-05	-0.003863
legacy:nq:noncommercial	PRIMARY_DIRECTIONAL	39w	short_oi_pct	oi_normalized_position	POSITIVE_OOS_GAIN_NOT_OVERLAP_CONFIRMED	199	5	0.098077	0.4	0.00579	10.791048	0.978377	0.969894	raw_net_flow_plus_oi_pct	0.008899	-0.008503
legacy:nq:noncommercial	PRIMARY_DIRECTIONAL	52w	long_contracts	raw_position_level	POSITIVE_OOS_GAIN_NOT_OVERLAP_CONFIRMED	186	4	-0.079733	-0.4	0.032529	-9.06988	0.978377	0.938281	raw_net_flow_plus_oi_pct	-0.001806	-0.018959
legacy:nq:nonreportable	SECONDARY_DIRECTIONAL	monday	short_contracts	raw_position_level	POSITIVE_OOS_GAIN_NOT_OVERLAP_CONFIRMED	203	111	0.209218	0.251193	0.030028		0.657178	0.52743	position_ratio_plus_oi_level	0.011065	-0.014944
legacy:nq:nonreportable	SECONDARY_DIRECTIONAL	tuesday	position_percentile	oi_normalized_position	POSITIVE_OOS_GAIN_NOT_OVERLAP_CONFIRMED	202	111	0.052174	0.191436	0.00854	0.852807	0.870842	0.858617	position_ratio_plus_oi_level	-0.014699	-0.009676
legacy:nq:nonreportable	SECONDARY_DIRECTIONAL	wednesday	position_percentile	oi_normalized_position	POSITIVE_OOS_GAIN_NOT_OVERLAP_CONFIRMED	199	109	0.05945	0.108952	0.006329	0.757558	0.978377	0.969894	position_ratio_plus_oi_level	0.001787	-0.004305
legacy:nq:nonreportable	SECONDARY_DIRECTIONAL	thursday	signed_change_percentile	oi_normalized_flow	POSITIVE_OOS_GAIN_NOT_OVERLAP_CONFIRMED	190	105	-0.047993	-0.045957	6.2e-05	-0.831198	0.978377	1.0	signed_flow_percentiles	0.002044	0.002106
legacy:nq:nonreportable	SECONDARY_DIRECTIONAL	friday	long_oi_pct	oi_normalized_position	NO_OOS_GAIN	182	101	0.062157	0.127117	-0.001447	1.998286	0.978377	0.969894	signed_flow_percentiles	-0.000204	-0.001911
legacy:nq:nonreportable	SECONDARY_DIRECTIONAL	1w	position_percentile	oi_normalized_position	NO_OOS_GAIN	239	121	0.035992	0.196254	-0.000223	1.408958	0.841218	0.83293	signed_flow_percentiles	0.003788	-0.002711
legacy:nq:nonreportable	SECONDARY_DIRECTIONAL	2w	net_contracts_percentile	raw_position_level_normalized	POSITIVE_OOS_GAIN_NOT_OVERLAP_CONFIRMED	238	80	0.005258	0.056845	0.000211	0.316512	0.978377	0.971823	signed_flow_percentiles	0.002209	-0.004915
legacy:nq:nonreportable	SECONDARY_DIRECTIONAL	3w	short_oi_pct	oi_normalized_position	POSITIVE_OOS_GAIN_NOT_OVERLAP_CONFIRMED	237	60	-0.022057	-0.056293	0.001993	-1.284382	0.978377	0.969894	raw_net_flow_plus_oi_pct	0.004486	-0.550185
legacy:nq:nonreportable	SECONDARY_DIRECTIONAL	4w	short_oi_pct	oi_normalized_position	POSITIVE_OOS_GAIN_NOT_OVERLAP_CONFIRMED	236	48	0.025306	-0.101281	0.001136	-1.81137	0.978377	0.969894	net_oi_flow_plus_oi_pct	0.004384	-0.031023
legacy:nq:nonreportable	SECONDARY_DIRECTIONAL	6w	net_oi_pct	oi_normalized_position	POSITIVE_OOS_GAIN_NOT_OVERLAP_CONFIRMED	233	34	-0.029992	0.158747	0.001557	2.717317	0.978377	0.969894	position_ratio_plus_oi_level	0.001771	0.003328
legacy:nq:nonreportable	SECONDARY_DIRECTIONAL	8w	net_oi_pct	oi_normalized_position	POSITIVE_OOS_GAIN_NOT_OVERLAP_CONFIRMED	231	26	-0.014366	-0.131624	0.004707	3.713654	0.978377	0.969894	position_ratio_plus_oi_level	-0.001697	0.003009
legacy:nq:nonreportable	SECONDARY_DIRECTIONAL	13w	long_oi_pct	oi_normalized_position	POSITIVE_OOS_GAIN_NOT_OVERLAP_CONFIRMED	226	17	0.097791	0.186275	0.007253	5.89119	0.978377	0.969894	net_oi_flow_plus_oi_pct	-0.005318	-0.014634
legacy:nq:nonreportable	SECONDARY_DIRECTIONAL	26w	net_oi_pct	oi_normalized_position	POSITIVE_OOS_GAIN_NOT_OVERLAP_CONFIRMED	213	8	0.020368	0.095238	0.01067	5.383455	0.987554	0.98647	raw_net_flow_plus_oi_pct	0.004568	-0.177594
legacy:nq:nonreportable	SECONDARY_DIRECTIONAL	39w	delta_long_contracts	raw_position_flow	POSITIVE_OOS_GAIN_NOT_OVERLAP_CONFIRMED	199	5	0.033282	-0.3	0.00171	1.571135	0.978377	0.98761	net_oi_flow_plus_oi_pct	0.005224	-0.001901
legacy:nq:nonreportable	SECONDARY_DIRECTIONAL	52w	short_oi_pct	oi_normalized_position	POSITIVE_OOS_GAIN_NOT_OVERLAP_CONFIRMED	186	4	0.172219	-0.4	0.000741	-0.932869	0.978377	0.969894	net_oi_flow_plus_oi_pct	0.001073	-0.010077
legacy:nq:total_reportable	AGGREGATE_CONTEXT	monday	long_contracts	raw_position_level	POSITIVE_OOS_GAIN_NOT_OVERLAP_CONFIRMED	203	111	0.181236	0.242243	0.033192	0.223576	0.718239	0.549609	position_ratio_plus_oi_level	0.011077	-0.014977
legacy:nq:total_reportable	AGGREGATE_CONTEXT	tuesday	position_percentile	oi_normalized_position	POSITIVE_OOS_GAIN_NOT_OVERLAP_CONFIRMED	202	111	-0.052174	-0.191436	0.008531	-0.852807	0.870842	0.858617	position_ratio_plus_oi_level	-0.0147	-0.009679
legacy:nq:total_reportable	AGGREGATE_CONTEXT	wednesday	position_percentile	oi_normalized_position	POSITIVE_OOS_GAIN_NOT_OVERLAP_CONFIRMED	199	109	-0.05945	-0.108952	0.006328	-0.757558	0.978377	0.969894	position_ratio_plus_oi_level	0.001787	-0.004313
legacy:nq:total_reportable	AGGREGATE_CONTEXT	thursday	signed_change_percentile	oi_normalized_flow	POSITIVE_OOS_GAIN_NOT_OVERLAP_CONFIRMED	190	105	0.048333	0.046164	6.4e-05	0.831198	0.978377	1.0	signed_flow_percentiles	0.00204	0.002103
legacy:nq:total_reportable	AGGREGATE_CONTEXT	friday	delta_short_contracts	raw_position_flow	POSITIVE_OOS_GAIN_NOT_OVERLAP_CONFIRMED	182	101	0.055391	-0.078556	0.00127	0.194469	0.978377	0.98761	signed_flow_percentiles	-0.000202	-0.001897
legacy:nq:total_reportable	AGGREGATE_CONTEXT	1w	position_percentile	oi_normalized_position	NO_OOS_GAIN	239	121	-0.035972	-0.196254	-0.000225	-1.408958	0.841218	0.83293	signed_flow_percentiles	0.003786	-0.002665
legacy:nq:total_reportable	AGGREGATE_CONTEXT	2w	net_contracts_percentile	raw_position_level_normalized	POSITIVE_OOS_GAIN_NOT_OVERLAP_CONFIRMED	238	80	-0.005258	-0.056845	0.000204	-0.316512	0.978377	0.971823	signed_flow_percentiles	0.002205	-0.004926
legacy:nq:total_reportable	AGGREGATE_CONTEXT	3w	short_oi_pct	oi_normalized_position	POSITIVE_OOS_GAIN_NOT_OVERLAP_CONFIRMED	237	60	0.022057	0.056293	0.001993	1.284382	0.978377	0.969894	raw_net_flow_plus_oi_pct	0.004491	-0.550169
legacy:nq:total_reportable	AGGREGATE_CONTEXT	4w	delta_long_contracts	raw_position_flow	POSITIVE_OOS_GAIN_NOT_OVERLAP_CONFIRMED	236	48	0.066773	0.089883	0.002722	0.162099	0.978377	0.98761	net_oi_flow_plus_oi_pct	0.004386	-0.031022
legacy:nq:total_reportable	AGGREGATE_CONTEXT	6w	net_oi_pct	oi_normalized_position	POSITIVE_OOS_GAIN_NOT_OVERLAP_CONFIRMED	233	34	0.029992	-0.158747	0.001558	-2.717317	0.978377	0.969894	position_ratio_plus_oi_level	0.001771	0.003329
legacy:nq:total_reportable	AGGREGATE_CONTEXT	8w	net_oi_pct	oi_normalized_position	POSITIVE_OOS_GAIN_NOT_OVERLAP_CONFIRMED	231	26	0.014366	0.131624	0.004706	-3.713654	0.978377	0.969894	position_ratio_plus_oi_level	-0.001697	0.00301
legacy:nq:total_reportable	AGGREGATE_CONTEXT	13w	long_oi_pct	oi_normalized_position	POSITIVE_OOS_GAIN_NOT_OVERLAP_CONFIRMED	226	17	-0.097745	-0.186275	0.007253	-5.89119	0.978377	0.969894	net_oi_flow_plus_oi_pct	-0.005319	-0.014634
legacy:nq:total_reportable	AGGREGATE_CONTEXT	26w	net_oi_pct	oi_normalized_position	POSITIVE_OOS_GAIN_NOT_OVERLAP_CONFIRMED	213	8	-0.020368	-0.095238	0.010666	-5.383455	0.987554	0.98647	raw_net_flow_plus_oi_pct	0.004566	-0.177496
legacy:nq:total_reportable	AGGREGATE_CONTEXT	39w	delta_long_contracts	raw_position_flow	POSITIVE_OOS_GAIN_NOT_OVERLAP_CONFIRMED	199	5	0.020335	-0.4	0.001772	-0.992637	0.978377	0.98761	net_oi_flow_plus_oi_pct	0.005225	-0.001896
legacy:nq:total_reportable	AGGREGATE_CONTEXT	52w	short_oi_pct	oi_normalized_position	POSITIVE_OOS_GAIN_NOT_OVERLAP_CONFIRMED	186	4	-0.172219	0.4	0.00074	0.932869	0.978377	0.969894	net_oi_flow_plus_oi_pct	0.001075	-0.010068
legacy:rty:commercial	OPPOSITE_SIDE_CONTEXT	monday	net_contracts_percentile	raw_position_level_normalized	NO_OOS_GAIN	157	85	0.078021	0.142929			0.978377	0.971823			
legacy:rty:commercial	OPPOSITE_SIDE_CONTEXT	tuesday	signed_delta_net_contracts_percentile	raw_position_flow_normalized	NO_OOS_GAIN	156	85	0.175916	0.123627			0.978377	0.998913			
legacy:rty:commercial	OPPOSITE_SIDE_CONTEXT	wednesday	delta_short_contracts	raw_position_flow	NO_OOS_GAIN	153	83	-0.145564	-0.273687			0.736645	0.785414			
legacy:rty:commercial	OPPOSITE_SIDE_CONTEXT	thursday	delta_1w_net_oi_pp	oi_normalized_flow	NO_OOS_GAIN	145	80	0.126917	0.259142			0.841218	0.875768			
legacy:rty:commercial	OPPOSITE_SIDE_CONTEXT	friday	delta_short_contracts	raw_position_flow	NO_OOS_GAIN	138	77	-0.118457	-0.200931			0.960034	0.98761			
legacy:rty:commercial	OPPOSITE_SIDE_CONTEXT	1w	delta_short_contracts	raw_position_flow	NO_OOS_GAIN	183	93	-0.159708	-0.281057			0.635622	0.668966			
legacy:rty:commercial	OPPOSITE_SIDE_CONTEXT	2w	long_oi_pct	oi_normalized_position	NO_OOS_GAIN	182	61	-0.070525	-0.281544			0.841218	0.83293			
legacy:rty:commercial	OPPOSITE_SIDE_CONTEXT	3w	net_contracts_percentile	raw_position_level_normalized	NO_OOS_GAIN	181	46	0.09146	0.303978			0.853404	0.927718			
legacy:rty:commercial	OPPOSITE_SIDE_CONTEXT	4w	short_oi_pct	oi_normalized_position	NO_OOS_GAIN	180	36	-0.216809	-0.2139			0.978377	0.969894			
legacy:rty:commercial	OPPOSITE_SIDE_CONTEXT	6w	long_oi_pct	oi_normalized_position	NO_OOS_GAIN	177	26	-0.17963	-0.268376			0.978377	0.969894			
legacy:rty:commercial	OPPOSITE_SIDE_CONTEXT	8w	short_oi_pct	oi_normalized_position	NO_OOS_GAIN	175	20	-0.371164	-0.57594			0.651919	0.515033			
legacy:rty:commercial	OPPOSITE_SIDE_CONTEXT	13w	delta_short_contracts	raw_position_flow	NO_OOS_GAIN	170	13	0.018313	-0.686813			0.658598	0.69956			
legacy:rty:commercial	OPPOSITE_SIDE_CONTEXT	26w	delta_1w_net_oi_pp	oi_normalized_flow	NO_OOS_GAIN	157	6	0.030486	0.771429			0.943159	0.96862			
legacy:rty:commercial	OPPOSITE_SIDE_CONTEXT	39w	net_contracts_percentile	raw_position_level_normalized	NO_OOS_GAIN	143	4	0.351665	0.8			0.978377	0.971823			
legacy:rty:commercial	OPPOSITE_SIDE_CONTEXT	52w	delta_short_contracts	raw_position_flow	NO_OOS_GAIN	130	3	0.006738	1.0							
legacy:rty:noncommercial	PRIMARY_DIRECTIONAL	monday	net_contracts_percentile	raw_position_level_normalized	NO_OOS_GAIN	157	85	-0.058447	-0.10514			0.978377	0.971823			
legacy:rty:noncommercial	PRIMARY_DIRECTIONAL	tuesday	delta_long_contracts	raw_position_flow	NO_OOS_GAIN	156	85	-0.082452	-0.114872			0.978377	0.98761			
legacy:rty:noncommercial	PRIMARY_DIRECTIONAL	wednesday	signed_change_percentile	oi_normalized_flow	NO_OOS_GAIN	153	83	-0.18597	-0.248835			0.841218	0.875768			
legacy:rty:noncommercial	PRIMARY_DIRECTIONAL	thursday	signed_change_percentile	oi_normalized_flow	NO_OOS_GAIN	145	80	-0.138825	-0.27602			0.766215	0.875768			
legacy:rty:noncommercial	PRIMARY_DIRECTIONAL	friday	delta_1w_net_oi_pp	oi_normalized_flow	NO_OOS_GAIN	138	77	-0.127563	-0.259004			0.841218	0.875768			
legacy:rty:noncommercial	PRIMARY_DIRECTIONAL	1w	delta_long_contracts	raw_position_flow	NO_OOS_GAIN	183	93	-0.133952	-0.178882			0.976318	0.98761			
legacy:rty:noncommercial	PRIMARY_DIRECTIONAL	2w	long_contracts	raw_position_level	NO_OOS_GAIN	182	61	0.194809	0.430301			0.322468	0.398696			
legacy:rty:noncommercial	PRIMARY_DIRECTIONAL	3w	short_contracts	raw_position_level	NO_OOS_GAIN	181	46	0.13715	0.323589			0.841218	0.668865			
legacy:rty:noncommercial	PRIMARY_DIRECTIONAL	4w	delta_short_contracts	raw_position_flow	NO_OOS_GAIN	180	36	0.017241	-0.25251			0.978377	0.98761			
legacy:rty:noncommercial	PRIMARY_DIRECTIONAL	6w	long_contracts	raw_position_level	NO_OOS_GAIN	177	26	0.294998	0.485812			0.736645	0.549609			
legacy:rty:noncommercial	PRIMARY_DIRECTIONAL	8w	short_oi_pct	oi_normalized_position	NO_OOS_GAIN	175	20	0.292116	0.463158			0.848593	0.842927			
legacy:rty:noncommercial	PRIMARY_DIRECTIONAL	13w	short_contracts	raw_position_level	NO_OOS_GAIN	170	13	0.248148	0.291209			0.978377	0.938281			
legacy:rty:noncommercial	PRIMARY_DIRECTIONAL	26w	delta_long_contracts	raw_position_flow	NO_OOS_GAIN	157	6	0.093458	-0.885714			0.795798	0.785414			
legacy:rty:noncommercial	PRIMARY_DIRECTIONAL	39w	delta_long_contracts	raw_position_flow	NO_OOS_GAIN	143	4	0.026482	-0.4			0.978377	0.98761			
legacy:rty:noncommercial	PRIMARY_DIRECTIONAL	52w	delta_long_contracts	raw_position_flow	NO_OOS_GAIN	130	3	0.006492	1.0							
legacy:rty:nonreportable	SECONDARY_DIRECTIONAL	monday	net_contracts	raw_position_level	NO_OOS_GAIN	157	85	-0.080995	-0.213035			0.894843	0.707215			
legacy:rty:nonreportable	SECONDARY_DIRECTIONAL	tuesday	net_oi_pct	oi_normalized_position	NO_OOS_GAIN	156	85	-0.132873	-0.177018			0.978377	0.969894			
legacy:rty:nonreportable	SECONDARY_DIRECTIONAL	wednesday	net_contracts	raw_position_level	NO_OOS_GAIN	153	83	-0.109394	-0.220016			0.870842	0.668865			
legacy:rty:nonreportable	SECONDARY_DIRECTIONAL	thursday	net_oi_pct	oi_normalized_position	NO_OOS_GAIN	145	80	-0.094737	-0.217042			0.899685	0.872504			
legacy:rty:nonreportable	SECONDARY_DIRECTIONAL	friday	delta_1w_net_oi_pp	oi_normalized_flow	NO_OOS_GAIN	138	77	0.096954	0.130317			0.978377	0.96862			
legacy:rty:nonreportable	SECONDARY_DIRECTIONAL	1w	delta_long_contracts	raw_position_flow	NO_OOS_GAIN	183	93	-0.06954	-0.213989			0.850328	0.940392			
legacy:rty:nonreportable	SECONDARY_DIRECTIONAL	2w	delta_long_contracts	raw_position_flow	NO_OOS_GAIN	182	61	-0.066439	0.20698			0.978377	0.98761			
legacy:rty:nonreportable	SECONDARY_DIRECTIONAL	3w	position_percentile	oi_normalized_position	NO_OOS_GAIN	181	46	-0.230175	-0.325686			0.841218	0.83293			
legacy:rty:nonreportable	SECONDARY_DIRECTIONAL	4w	net_contracts_percentile	raw_position_level_normalized	NO_OOS_GAIN	180	36	-0.288373	-0.31583			0.91958	0.927718			
legacy:rty:nonreportable	SECONDARY_DIRECTIONAL	6w	position_percentile	oi_normalized_position	NO_OOS_GAIN	177	26	-0.37423	-0.235556			0.978377	0.969894			
legacy:rty:nonreportable	SECONDARY_DIRECTIONAL	8w	short_oi_pct	oi_normalized_position	NO_OOS_GAIN	175	20	0.410083	0.756391			0.09971	0.054551			
legacy:rty:nonreportable	SECONDARY_DIRECTIONAL	13w	net_contracts_percentile	raw_position_level_normalized	NO_OOS_GAIN	170	13	-0.545384	-0.467033			0.978377	0.956051			
legacy:rty:nonreportable	SECONDARY_DIRECTIONAL	26w	position_percentile	oi_normalized_position	NO_OOS_GAIN	157	6	-0.448282	-0.942857			0.47139	0.302532			
legacy:rty:nonreportable	SECONDARY_DIRECTIONAL	39w	long_contracts	raw_position_level	NO_OOS_GAIN	143	4	-0.234258	-0.8			0.978377	0.915649			
legacy:rty:nonreportable	SECONDARY_DIRECTIONAL	52w	delta_1w_net_oi_pp	oi_normalized_flow	NO_OOS_GAIN	130	3	-0.094812	1.0							
legacy:rty:total_reportable	AGGREGATE_CONTEXT	monday	net_contracts	raw_position_level	NO_OOS_GAIN	157	85	0.080995	0.213035			0.894843	0.707215			
legacy:rty:total_reportable	AGGREGATE_CONTEXT	tuesday	net_oi_pct	oi_normalized_position	NO_OOS_GAIN	156	85	0.132873	0.177018			0.978377	0.969894			
legacy:rty:total_reportable	AGGREGATE_CONTEXT	wednesday	net_contracts	raw_position_level	NO_OOS_GAIN	153	83	0.109394	0.220016			0.870842	0.668865			
legacy:rty:total_reportable	AGGREGATE_CONTEXT	thursday	net_oi_pct	oi_normalized_position	NO_OOS_GAIN	145	80	0.094737	0.217042			0.899685	0.872504			
legacy:rty:total_reportable	AGGREGATE_CONTEXT	friday	delta_long_contracts	raw_position_flow	NO_OOS_GAIN	138	77	-0.082205	-0.150429			0.978377	0.98761			
legacy:rty:total_reportable	AGGREGATE_CONTEXT	1w	delta_short_contracts	raw_position_flow	NO_OOS_GAIN	183	93	-0.118555	-0.222226			0.841218	0.910183			
legacy:rty:total_reportable	AGGREGATE_CONTEXT	2w	net_oi_pct	oi_normalized_position	NO_OOS_GAIN	182	61	0.197755	0.183659			0.978377	0.969894			
legacy:rty:total_reportable	AGGREGATE_CONTEXT	3w	position_percentile	oi_normalized_position	NO_OOS_GAIN	181	46	0.230175	0.325686			0.841218	0.83293			
legacy:rty:total_reportable	AGGREGATE_CONTEXT	4w	net_contracts_percentile	raw_position_level_normalized	NO_OOS_GAIN	180	36	0.288373	0.31583			0.91958	0.927718			
legacy:rty:total_reportable	AGGREGATE_CONTEXT	6w	position_percentile	oi_normalized_position	NO_OOS_GAIN	177	26	0.37423	0.235556			0.978377	0.969894			
legacy:rty:total_reportable	AGGREGATE_CONTEXT	8w	short_oi_pct	oi_normalized_position	NO_OOS_GAIN	175	20	-0.410083	-0.756391			0.09971	0.054551			
legacy:rty:total_reportable	AGGREGATE_CONTEXT	13w	delta_short_contracts	raw_position_flow	NO_OOS_GAIN	170	13	0.05801	-0.582418			0.841218	0.938501			
legacy:rty:total_reportable	AGGREGATE_CONTEXT	26w	position_percentile	oi_normalized_position	NO_OOS_GAIN	157	6	0.448282	0.942857			0.47139	0.302532			
legacy:rty:total_reportable	AGGREGATE_CONTEXT	39w	long_contracts	raw_position_level	NO_OOS_GAIN	143	4	-0.038605	0.8			0.978377	0.915649			
legacy:rty:total_reportable	AGGREGATE_CONTEXT	52w	delta_1w_net_oi_pp	oi_normalized_flow	NO_OOS_GAIN	130	3	0.094812	-1.0							
legacy:sp500:commercial	OPPOSITE_SIDE_CONTEXT	monday	delta_1w_net_oi_pp	oi_normalized_flow	POSITIVE_OOS_GAIN_NOT_OVERLAP_CONFIRMED	203	111	-0.091025	-0.069437	0.011652	-0.392342	0.978377	1.0	position_ratio_plus_oi_level	-0.115768	-0.18288
legacy:sp500:commercial	OPPOSITE_SIDE_CONTEXT	tuesday	delta_short_contracts	raw_position_flow	POSITIVE_OOS_GAIN_NOT_OVERLAP_CONFIRMED	202	111	0.110472	0.126378	0.000155	0.155553	0.978377	0.98761	raw_net_flow_plus_oi_pct	0.020595	-0.483448
legacy:sp500:commercial	OPPOSITE_SIDE_CONTEXT	wednesday	delta_long_contracts	raw_position_flow	POSITIVE_OOS_GAIN_NOT_OVERLAP_CONFIRMED	199	109	-0.011905	0.05045	0.00139	-0.086539	0.978377	0.98761	raw_net_flow_plus_oi_pct	0.113164	-0.834793
legacy:sp500:commercial	OPPOSITE_SIDE_CONTEXT	thursday	short_contracts	raw_position_level	POSITIVE_OOS_GAIN_NOT_OVERLAP_CONFIRMED	190	105	0.096788	0.107174	0.002548	0.58707	0.978377	0.91854	raw_net_flow_plus_oi_pct	0.089824	-0.532091
legacy:sp500:commercial	OPPOSITE_SIDE_CONTEXT	friday	net_contracts_percentile	raw_position_level_normalized	POSITIVE_OOS_GAIN_NOT_OVERLAP_CONFIRMED	182	101	-0.036407	-0.066593	0.001651	-0.105348	0.978377	0.971823	raw_net_flow_plus_oi_pct	0.014156	-0.435902
legacy:sp500:commercial	OPPOSITE_SIDE_CONTEXT	1w	delta_1w_net_oi_pp	oi_normalized_flow	POSITIVE_OOS_GAIN_NOT_OVERLAP_CONFIRMED	239	121	-0.028011	-0.098815	0.009074	-0.20485	0.978377	0.96862	net_oi_flow_plus_oi_pct	-0.000693	0.008381
legacy:sp500:commercial	OPPOSITE_SIDE_CONTEXT	2w	signed_delta_net_contracts_percentile	raw_position_flow_normalized	POSITIVE_OOS_GAIN_NOT_OVERLAP_CONFIRMED	238	80	-0.028838	-0.097515	0.004258	-0.512229	0.978377	1.0	position_ratio_plus_oi_level	-0.031557	-0.089317
legacy:sp500:commercial	OPPOSITE_SIDE_CONTEXT	3w	delta_1w_net_oi_pp	oi_normalized_flow	POSITIVE_OOS_GAIN_NOT_OVERLAP_CONFIRMED	237	60	-0.055337	-0.152931	0.003908	0.432621	0.978377	0.96862	position_ratio_plus_oi_level	-0.01877	-0.151402
legacy:sp500:commercial	OPPOSITE_SIDE_CONTEXT	4w	short_contracts	raw_position_level	POSITIVE_OOS_GAIN_NOT_OVERLAP_CONFIRMED	236	48	0.171875	0.270191	0.010055	2.102876	0.925624	0.72545	position_ratio_plus_oi_level	0.001249	-0.200465
legacy:sp500:commercial	OPPOSITE_SIDE_CONTEXT	6w	signed_delta_net_contracts_percentile	raw_position_flow_normalized	POSITIVE_OOS_GAIN_NOT_OVERLAP_CONFIRMED	233	34	0.031957	0.045989	0.000217	-0.051198	0.987554	1.0	position_ratio_plus_oi_level	0.015302	-0.29615
legacy:sp500:commercial	OPPOSITE_SIDE_CONTEXT	8w	signed_change_percentile	oi_normalized_flow	POSITIVE_OOS_GAIN_NOT_OVERLAP_CONFIRMED	231	26	0.000527	0.250598	0.000462	0.922621	0.978377	0.96862	position_ratio_plus_oi_level	0.016741	-0.460682
legacy:sp500:commercial	OPPOSITE_SIDE_CONTEXT	13w	delta_long_contracts	raw_position_flow	POSITIVE_OOS_GAIN_NOT_OVERLAP_CONFIRMED	226	17	0.060727	0.186275	0.001688	0.97889	0.978377	0.98761	position_ratio_plus_oi_level	0.038916	-0.549277
legacy:sp500:commercial	OPPOSITE_SIDE_CONTEXT	26w	delta_1w_net_oi_pp	oi_normalized_flow	POSITIVE_OOS_GAIN_NOT_OVERLAP_CONFIRMED	213	8	-0.045893	0.142857	0.001134	1.704699	0.987554	1.0	position_ratio_plus_oi_level	0.105096	-0.98036
legacy:sp500:commercial	OPPOSITE_SIDE_CONTEXT	39w	long_oi_pct	oi_normalized_position	POSITIVE_OOS_GAIN_NOT_OVERLAP_CONFIRMED	199	5	0.339901	0.4	0.073817		0.978377	0.969894	position_ratio_plus_oi_level	0.152227	-1.180951
legacy:sp500:commercial	OPPOSITE_SIDE_CONTEXT	52w	long_oi_pct	oi_normalized_position	POSITIVE_OOS_GAIN_NOT_OVERLAP_CONFIRMED	186	4	0.417054	0.6	0.300839		0.978377	0.969894	position_ratio_plus_oi_level	0.204377	-0.366163
legacy:sp500:noncommercial	PRIMARY_DIRECTIONAL	monday	delta_1w_net_oi_pp	oi_normalized_flow	OVERLAP_CONFIRMED_NOT_FDR	203	111	0.126007	0.12113	0.027081	0.66395	0.978377	0.96862	position_ratio_plus_oi_level	-0.048551	-0.10016
legacy:sp500:noncommercial	PRIMARY_DIRECTIONAL	tuesday	delta_1w_net_oi_pp	oi_normalized_flow	POSITIVE_OOS_GAIN_NOT_OVERLAP_CONFIRMED	202	111	0.112918	0.075895	0.031771	0.823295	0.978377	0.983492	raw_net_flow_plus_oi_pct	0.03982	-0.667089
legacy:sp500:noncommercial	PRIMARY_DIRECTIONAL	wednesday	long_contracts	raw_position_level	POSITIVE_OOS_GAIN_NOT_OVERLAP_CONFIRMED	199	109	0.049631	0.083088	0.011989	0.549994	0.978377	0.938281	raw_net_flow_plus_oi_pct	0.106464	-0.837169
legacy:sp500:noncommercial	PRIMARY_DIRECTIONAL	thursday	position_percentile	oi_normalized_position	POSITIVE_OOS_GAIN_NOT_OVERLAP_CONFIRMED	190	105	0.038691	0.055266	0.001147	-0.439243	0.978377	0.969894	raw_net_flow_plus_oi_pct	0.092027	-0.61484
legacy:sp500:noncommercial	PRIMARY_DIRECTIONAL	friday	delta_1w_net_oi_pp	oi_normalized_flow	POSITIVE_OOS_GAIN_NOT_OVERLAP_CONFIRMED	182	101	0.010258	-0.011136	0.006295	0.37309	0.99153	1.0	raw_net_flow_plus_oi_pct	0.027908	-0.146427
legacy:sp500:noncommercial	PRIMARY_DIRECTIONAL	1w	delta_1w_net_oi_pp	oi_normalized_flow	POSITIVE_OOS_GAIN_NOT_OVERLAP_CONFIRMED	239	121	0.033643	0.120986	0.009464	0.384138	0.978377	0.96862	net_oi_flow_plus_oi_pct	0.000113	0.009577
legacy:sp500:noncommercial	PRIMARY_DIRECTIONAL	2w	signed_delta_net_contracts_percentile	raw_position_flow_normalized	POSITIVE_OOS_GAIN_NOT_OVERLAP_CONFIRMED	238	80	0.036997	0.059236	0.005372	0.628454	0.978377	1.0	position_ratio_plus_oi_level	-0.010644	-0.064111
legacy:sp500:noncommercial	PRIMARY_DIRECTIONAL	3w	delta_long_contracts	raw_position_flow	POSITIVE_OOS_GAIN_NOT_OVERLAP_CONFIRMED	237	60	0.101892	0.127258	0.003022	0.782519	0.978377	0.98761	position_ratio_plus_oi_level	0.001086	-0.147767
legacy:sp500:noncommercial	PRIMARY_DIRECTIONAL	4w	signed_change_percentile	oi_normalized_flow	POSITIVE_OOS_GAIN_NOT_OVERLAP_CONFIRMED	236	48	0.030024	0.07056	0.000353	0.686257	0.978377	1.0	position_ratio_plus_oi_level	-0.004578	-0.237576
legacy:sp500:noncommercial	PRIMARY_DIRECTIONAL	6w	delta_long_contracts	raw_position_flow	POSITIVE_OOS_GAIN_NOT_OVERLAP_CONFIRMED	233	34	0.036134	-0.169442	0.000761	0.911025	0.978377	0.98761	signed_flow_percentiles	-0.008255	-0.006735
legacy:sp500:noncommercial	PRIMARY_DIRECTIONAL	8w	delta_1w_net_oi_pp	oi_normalized_flow	POSITIVE_OOS_GAIN_NOT_OVERLAP_CONFIRMED	231	26	0.030514	-0.201368	0.001868	0.886654	0.978377	0.96862	signed_flow_percentiles	-0.002386	-0.002828
legacy:sp500:noncommercial	PRIMARY_DIRECTIONAL	13w	position_percentile	oi_normalized_position	NO_OOS_GAIN	226	17	0.000588	-0.156863	-0.00889	-7.807877	0.978377	0.969894	net_oi_flow_plus_oi_pct	0.004118	-0.01034
legacy:sp500:noncommercial	PRIMARY_DIRECTIONAL	26w	delta_1w_net_oi_pp	oi_normalized_flow	POSITIVE_OOS_GAIN_NOT_OVERLAP_CONFIRMED	213	8	0.068406	-0.261905	0.004375	1.565181	0.978377	1.0	raw_net_flow_plus_oi_pct	0.007734	-0.041832
legacy:sp500:noncommercial	PRIMARY_DIRECTIONAL	39w	long_oi_pct	oi_normalized_position	POSITIVE_OOS_GAIN_NOT_OVERLAP_CONFIRMED	199	5	-0.44229	-0.7	0.277699	-26.153932	0.978377	0.969894	net_oi_flow_plus_oi_pct	0.008344	-0.000893
legacy:sp500:noncommercial	PRIMARY_DIRECTIONAL	52w	net_contracts_percentile	raw_position_level_normalized	POSITIVE_OOS_GAIN_NOT_OVERLAP_CONFIRMED	186	4	-0.346055	-0.6	0.341497	-11.405354	0.978377	0.971823	net_oi_flow_plus_oi_pct	0.007957	-0.026339
legacy:sp500:nonreportable	SECONDARY_DIRECTIONAL	monday	short_oi_pct	oi_normalized_position	POSITIVE_OOS_GAIN_NOT_OVERLAP_CONFIRMED	203	111	-0.021855	-0.073771	0.005238		0.978377	0.969894	signed_flow_percentiles	-0.183309	-0.193843
legacy:sp500:nonreportable	SECONDARY_DIRECTIONAL	tuesday	long_oi_pct	oi_normalized_position	POSITIVE_OOS_GAIN_NOT_OVERLAP_CONFIRMED	202	111	0.053075	0.100307	0.001545		0.978377	0.969894	signed_flow_percentiles	0.002524	9.1e-05
legacy:sp500:nonreportable	SECONDARY_DIRECTIONAL	wednesday	long_oi_pct	oi_normalized_position	POSITIVE_OOS_GAIN_NOT_OVERLAP_CONFIRMED	199	109	0.061643	6.5e-05	9.2e-05		1.0	1.0	signed_flow_percentiles	0.000736	-0.020432
legacy:sp500:nonreportable	SECONDARY_DIRECTIONAL	thursday	long_oi_pct	oi_normalized_position	NO_OOS_GAIN	190	105	0.013263	-0.080831	-0.000425		0.978377	0.969894	signed_flow_percentiles	-0.003391	-0.009344
legacy:sp500:nonreportable	SECONDARY_DIRECTIONAL	friday	short_oi_pct	oi_normalized_position	POSITIVE_OOS_GAIN_NOT_OVERLAP_CONFIRMED	182	101	-0.018734	-0.00509	3.9e-05		1.0	0.996923	raw_net_flow_plus_oi_pct	0.00434	-0.144298
legacy:sp500:nonreportable	SECONDARY_DIRECTIONAL	1w	short_contracts	raw_position_level	NO_OOS_GAIN	239	121	0.156224	0.211001	-0.010156	0.509616	0.841218	0.662889	net_oi_flow_plus_oi_pct	-0.0033	-0.00343
legacy:sp500:nonreportable	SECONDARY_DIRECTIONAL	2w	long_oi_pct	oi_normalized_position	POSITIVE_OOS_GAIN_NOT_OVERLAP_CONFIRMED	238	80	-0.084019	-0.20082	4.1e-05		0.943159	0.908545	signed_flow_percentiles	-0.042471	-0.042667
legacy:sp500:nonreportable	SECONDARY_DIRECTIONAL	3w	signed_change_percentile	oi_normalized_flow	POSITIVE_OOS_GAIN_NOT_OVERLAP_CONFIRMED	237	60	0.066883	0.188052	0.005369	0.140733	0.978377	0.96862	signed_flow_percentiles	-0.054051	-0.048682
legacy:sp500:nonreportable	SECONDARY_DIRECTIONAL	4w	short_contracts	raw_position_level	NO_OOS_GAIN	236	48	0.313279	0.388298	-0.640447	1.953011	0.63405	0.52743	signed_flow_percentiles	-0.024354	-0.028351
legacy:sp500:nonreportable	SECONDARY_DIRECTIONAL	6w	delta_net_contracts	raw_position_flow	POSITIVE_OOS_GAIN_NOT_OVERLAP_CONFIRMED	233	34	-0.051317	0.257448	0.00769	-0.641872	0.978377	0.98761	position_ratio_plus_oi_level	0.134006	-0.337429
legacy:sp500:nonreportable	SECONDARY_DIRECTIONAL	8w	delta_net_contracts	raw_position_flow	POSITIVE_OOS_GAIN_NOT_OVERLAP_CONFIRMED	231	26	-0.043909	-0.117949	0.004924	-0.328089	0.978377	0.98761	position_ratio_plus_oi_level	0.292457	-0.34332
legacy:sp500:nonreportable	SECONDARY_DIRECTIONAL	13w	delta_short_contracts	raw_position_flow	POSITIVE_OOS_GAIN_NOT_OVERLAP_CONFIRMED	226	17	0.019718	-0.171569	0.001788	1.704808	0.978377	0.98761	position_ratio_plus_oi_level	0.397447	-0.636763
legacy:sp500:nonreportable	SECONDARY_DIRECTIONAL	26w	long_oi_pct	oi_normalized_position	POSITIVE_OOS_GAIN_NOT_OVERLAP_CONFIRMED	213	8	0.135525	0.547619	0.008229		0.978377	0.969894	position_ratio_plus_oi_level	0.578358	-1.159855
legacy:sp500:nonreportable	SECONDARY_DIRECTIONAL	39w	delta_short_contracts	raw_position_flow	POSITIVE_OOS_GAIN_NOT_OVERLAP_CONFIRMED	199	5	-0.027267	0.4	0.002228	1.497566	0.978377	0.98761	position_ratio_plus_oi_level	0.540037	-1.992319
legacy:sp500:nonreportable	SECONDARY_DIRECTIONAL	52w	delta_short_contracts	raw_position_flow	POSITIVE_OOS_GAIN_NOT_OVERLAP_CONFIRMED	186	4	-0.051412	-0.2	0.003005	1.08448	0.987554	0.98761	position_ratio_plus_oi_level	0.740716	-1.429129
legacy:sp500:total_reportable	AGGREGATE_CONTEXT	monday	short_oi_pct	oi_normalized_position	POSITIVE_OOS_GAIN_NOT_OVERLAP_CONFIRMED	203	111	0.021855	0.073771	0.005238		0.978377	0.969894	signed_flow_percentiles	-0.183279	-0.193781
legacy:sp500:total_reportable	AGGREGATE_CONTEXT	tuesday	short_contracts	raw_position_level	POSITIVE_OOS_GAIN_NOT_OVERLAP_CONFIRMED	202	111	0.072813	0.165172	0.009458	0.4302	0.970936	0.767967	signed_flow_percentiles	0.002524	9.7e-05
legacy:sp500:total_reportable	AGGREGATE_CONTEXT	wednesday	long_contracts	raw_position_level	POSITIVE_OOS_GAIN_NOT_OVERLAP_CONFIRMED	199	109	0.015681	0.055472	0.00497	0.335465	0.978377	0.938281	signed_flow_percentiles	0.000736	-0.020415
legacy:sp500:total_reportable	AGGREGATE_CONTEXT	thursday	long_oi_pct	oi_normalized_position	NO_OOS_GAIN	190	105	-0.013424	0.080313	-0.000425		0.978377	0.969894	signed_flow_percentiles	-0.003391	-0.009338
legacy:sp500:total_reportable	AGGREGATE_CONTEXT	friday	short_oi_pct	oi_normalized_position	POSITIVE_OOS_GAIN_NOT_OVERLAP_CONFIRMED	182	101	0.018734	0.00509	3.8e-05		1.0	0.996923	raw_net_flow_plus_oi_pct	0.004345	-0.144321
legacy:sp500:total_reportable	AGGREGATE_CONTEXT	1w	delta_long_contracts	raw_position_flow	POSITIVE_OOS_GAIN_NOT_OVERLAP_CONFIRMED	239	121	0.073921	0.02942	0.000142	0.296825	0.987554	0.98761	net_oi_flow_plus_oi_pct	-0.0033	-0.00343
legacy:sp500:total_reportable	AGGREGATE_CONTEXT	2w	long_oi_pct	oi_normalized_position	POSITIVE_OOS_GAIN_NOT_OVERLAP_CONFIRMED	238	80	0.084016	0.20082	4.1e-05		0.943159	0.908545	signed_flow_percentiles	-0.042474	-0.042671
legacy:sp500:total_reportable	AGGREGATE_CONTEXT	3w	long_contracts	raw_position_level	POSITIVE_OOS_GAIN_NOT_OVERLAP_CONFIRMED	237	60	0.198951	0.307752	0.004504	1.680186	0.837894	0.628968	signed_flow_percentiles	-0.05406	-0.04868
legacy:sp500:total_reportable	AGGREGATE_CONTEXT	4w	long_contracts	raw_position_level	NO_OOS_GAIN	236	48	0.208436	0.320126	-0.441152	2.123841	0.841218	0.668865	signed_flow_percentiles	-0.024366	-0.028339
legacy:sp500:total_reportable	AGGREGATE_CONTEXT	6w	delta_net_contracts	raw_position_flow	POSITIVE_OOS_GAIN_NOT_OVERLAP_CONFIRMED	233	34	0.051384	-0.257448	0.007689	0.641872	0.978377	0.98761	position_ratio_plus_oi_level	0.134007	-0.337435
legacy:sp500:total_reportable	AGGREGATE_CONTEXT	8w	delta_net_contracts	raw_position_flow	POSITIVE_OOS_GAIN_NOT_OVERLAP_CONFIRMED	231	26	0.04397	0.117949	0.004924	0.328089	0.978377	0.98761	position_ratio_plus_oi_level	0.29246	-0.343339
legacy:sp500:total_reportable	AGGREGATE_CONTEXT	13w	delta_long_contracts	raw_position_flow	POSITIVE_OOS_GAIN_NOT_OVERLAP_CONFIRMED	226	17	0.111282	0.213235	0.001896	2.418745	0.978377	0.98761	position_ratio_plus_oi_level	0.397449	-0.636766
legacy:sp500:total_reportable	AGGREGATE_CONTEXT	26w	long_oi_pct	oi_normalized_position	POSITIVE_OOS_GAIN_NOT_OVERLAP_CONFIRMED	213	8	-0.135514	-0.547619	0.008229		0.978377	0.969894	position_ratio_plus_oi_level	0.578361	-1.159847
legacy:sp500:total_reportable	AGGREGATE_CONTEXT	39w	delta_long_contracts	raw_position_flow	POSITIVE_OOS_GAIN_NOT_OVERLAP_CONFIRMED	199	5	0.074733	0.3	0.00288	1.752092	0.978377	0.98761	position_ratio_plus_oi_level	0.540036	-1.992369
legacy:sp500:total_reportable	AGGREGATE_CONTEXT	52w	signed_change_percentile	oi_normalized_flow	NO_OOS_GAIN	186	4	-0.024547	-0.4	-0.003284	0.712763	0.978377	1.0	position_ratio_plus_oi_level	0.74072	-1.429117
legacy:vix:commercial	OPPOSITE_SIDE_CONTEXT	monday	short_oi_pct	oi_normalized_position	OVERLAP_CONFIRMED_NOT_FDR	225	116	-0.165639	-0.253004	0.048795		0.63405	0.492664	signed_flow_percentiles	0.001346	-0.014129
legacy:vix:commercial	OPPOSITE_SIDE_CONTEXT	tuesday	short_oi_pct	oi_normalized_position	OVERLAP_CONFIRMED_NOT_FDR	225	116	-0.180475	-0.294599	0.035921		0.441979	0.302532	position_ratio_plus_oi_level	-0.004229	0.001983
legacy:vix:commercial	OPPOSITE_SIDE_CONTEXT	wednesday	short_oi_pct	oi_normalized_position	OVERLAP_CONFIRMED_NOT_FDR	223	116	-0.154203	-0.292054	0.049027		0.463939	0.302532	position_ratio_plus_oi_level	0.001675	0.022109
legacy:vix:commercial	OPPOSITE_SIDE_CONTEXT	thursday	long_contracts	raw_position_level	OVERLAP_CONFIRMED_NOT_FDR	221	115	0.113855	0.140835	0.013993	-3.334167	0.978377	0.847277	position_ratio_plus_oi_level	-0.00991	0.013864
legacy:vix:commercial	OPPOSITE_SIDE_CONTEXT	friday	net_contracts_percentile	raw_position_level_normalized	POSITIVE_OOS_GAIN_NOT_OVERLAP_CONFIRMED	215	111	0.082507	0.140962	0.003836		0.978377	0.971823	position_ratio_plus_oi_level	-0.003131	-0.002318
legacy:vix:commercial	OPPOSITE_SIDE_CONTEXT	1w	signed_change_percentile	oi_normalized_flow	POSITIVE_OOS_GAIN_NOT_OVERLAP_CONFIRMED	239	121	0.023073	0.023344	6.4e-05	-1.432544	0.987554	1.0	position_ratio_plus_oi_level	-0.002344	-0.002734
legacy:vix:commercial	OPPOSITE_SIDE_CONTEXT	2w	net_contracts_percentile	raw_position_level_normalized	OVERLAP_CONFIRMED_NOT_FDR	238	80	0.12486	0.105673	0.00752		0.978377	0.971823	position_ratio_plus_oi_level	-0.000986	0.005414
legacy:vix:commercial	OPPOSITE_SIDE_CONTEXT	3w	long_contracts	raw_position_level	POSITIVE_OOS_GAIN_NOT_OVERLAP_CONFIRMED	237	60	0.18164	0.099028	0.026801	5.786369	0.978377	0.938281	position_ratio_plus_oi_level	0.003721	0.035627
legacy:vix:commercial	OPPOSITE_SIDE_CONTEXT	4w	long_contracts	raw_position_level	OVERLAP_CONFIRMED_NOT_FDR	236	48	0.180794	0.149587	0.038652	9.963446	0.978377	0.938281	position_ratio_plus_oi_level	0.009555	0.06818
legacy:vix:commercial	OPPOSITE_SIDE_CONTEXT	6w	short_oi_pct	oi_normalized_position	OVERLAP_CONFIRMED_NOT_FDR	233	34	-0.303789	-0.357066	0.071522		0.843122	0.83293	position_ratio_plus_oi_level	0.018333	0.107934
legacy:vix:commercial	OPPOSITE_SIDE_CONTEXT	8w	net_contracts	raw_position_level	OVERLAP_CONFIRMED_NOT_FDR	231	26	0.182569	0.156239	0.098378		0.978377	0.938281	position_ratio_plus_oi_level	0.017959	0.107016
legacy:vix:commercial	OPPOSITE_SIDE_CONTEXT	13w	short_contracts	raw_position_level	POSITIVE_OOS_GAIN_NOT_OVERLAP_CONFIRMED	226	17	-0.01177	-0.514706	0.082294		0.841218	0.668865	net_oi_flow_plus_oi_pct	0.004125	0.012108
legacy:vix:commercial	OPPOSITE_SIDE_CONTEXT	26w	short_oi_pct	oi_normalized_position	POSITIVE_OOS_GAIN_NOT_OVERLAP_CONFIRMED	213	8	-0.11649	-0.714286	0.299386		0.870842	0.858617	position_ratio_plus_oi_level	0.025143	0.114768
legacy:vix:commercial	OPPOSITE_SIDE_CONTEXT	39w	net_contracts_percentile	raw_position_level_normalized	POSITIVE_OOS_GAIN_NOT_OVERLAP_CONFIRMED	200	5	-0.120521	-0.3	0.195778		0.978377	0.971823	position_ratio_plus_oi_level	0.058447	0.12477
legacy:vix:commercial	OPPOSITE_SIDE_CONTEXT	52w	short_oi_pct	oi_normalized_position	POSITIVE_OOS_GAIN_NOT_OVERLAP_CONFIRMED	187	4	0.09081	-0.4	0.463167		0.978377	0.969894	position_ratio_plus_oi_level	0.093645	0.200491
legacy:vix:noncommercial	PRIMARY_DIRECTIONAL	monday	short_oi_pct	oi_normalized_position	OVERLAP_CONFIRMED_NOT_FDR	225	116	0.121832	0.233975	0.032476		0.736645	0.623057	signed_flow_percentiles	0.00133	-0.023953
legacy:vix:noncommercial	PRIMARY_DIRECTIONAL	tuesday	net_oi_pct	oi_normalized_position	OVERLAP_CONFIRMED_NOT_FDR	225	116	-0.16478	-0.2926	0.005757		0.463939	0.302532	position_ratio_plus_oi_level	-0.005051	0.000705
legacy:vix:noncommercial	PRIMARY_DIRECTIONAL	wednesday	net_contracts	raw_position_level	OVERLAP_CONFIRMED_NOT_FDR	223	116	-0.148262	-0.289978	0.033573		0.469155	0.50767	position_ratio_plus_oi_level	0.000563	0.021834
legacy:vix:noncommercial	PRIMARY_DIRECTIONAL	thursday	net_contracts	raw_position_level	OVERLAP_CONFIRMED_NOT_FDR	221	115	-0.11057	-0.267806	0.048773		0.558864	0.50767	position_ratio_plus_oi_level	-0.011722	0.014947
legacy:vix:noncommercial	PRIMARY_DIRECTIONAL	friday	net_contracts_percentile	raw_position_level_normalized	OVERLAP_CONFIRMED_NOT_FDR	215	111	-0.102844	-0.154309	0.004651		0.978377	0.956051	position_ratio_plus_oi_level	-0.003328	-0.001532
legacy:vix:noncommercial	PRIMARY_DIRECTIONAL	1w	net_oi_pct	oi_normalized_position	OVERLAP_CONFIRMED_NOT_FDR	239	121	-0.101018	-0.102147	0.002225		0.978377	0.969894	position_ratio_plus_oi_level	-0.002725	-0.0005
legacy:vix:noncommercial	PRIMARY_DIRECTIONAL	2w	net_contracts_percentile	raw_position_level_normalized	OVERLAP_CONFIRMED_NOT_FDR	238	80	-0.143948	-0.119855	0.010433		0.978377	0.971823	position_ratio_plus_oi_level	-0.001947	0.006398
legacy:vix:noncommercial	PRIMARY_DIRECTIONAL	3w	long_contracts	raw_position_level	POSITIVE_OOS_GAIN_NOT_OVERLAP_CONFIRMED	237	60	-0.05245	-0.093804	0.010111		0.978377	0.938281	position_ratio_plus_oi_level	0.001361	0.035204
legacy:vix:noncommercial	PRIMARY_DIRECTIONAL	4w	long_contracts	raw_position_level	POSITIVE_OOS_GAIN_NOT_OVERLAP_CONFIRMED	236	48	-0.066287	-0.278767	0.021124		0.907551	0.707215	position_ratio_plus_oi_level	0.006512	0.067467
legacy:vix:noncommercial	PRIMARY_DIRECTIONAL	6w	net_contracts	raw_position_level	OVERLAP_CONFIRMED_NOT_FDR	233	34	-0.228069	-0.32987	0.114632		0.907551	0.707215	position_ratio_plus_oi_level	0.013356	0.111963
legacy:vix:noncommercial	PRIMARY_DIRECTIONAL	8w	net_contracts_percentile	raw_position_level_normalized	OVERLAP_CONFIRMED_NOT_FDR	231	26	-0.232763	-0.260855	0.116612		0.978377	0.971823	position_ratio_plus_oi_level	0.012239	0.116458
legacy:vix:noncommercial	PRIMARY_DIRECTIONAL	13w	short_contracts	raw_position_level	POSITIVE_OOS_GAIN_NOT_OVERLAP_CONFIRMED	226	17	0.159481	0.159314	0.096456		0.978377	0.938281	net_oi_flow_plus_oi_pct	0.003698	0.011941
legacy:vix:noncommercial	PRIMARY_DIRECTIONAL	26w	short_oi_pct	oi_normalized_position	POSITIVE_OOS_GAIN_NOT_OVERLAP_CONFIRMED	213	8	-0.101326	0.714286	0.201103		0.870842	0.858617	position_ratio_plus_oi_level	0.019298	0.119642
legacy:vix:noncommercial	PRIMARY_DIRECTIONAL	39w	short_oi_pct	oi_normalized_position	POSITIVE_OOS_GAIN_NOT_OVERLAP_CONFIRMED	200	5	-0.211703	0.3	0.207929		0.978377	0.969894	position_ratio_plus_oi_level	0.053105	0.124584
legacy:vix:noncommercial	PRIMARY_DIRECTIONAL	52w	short_contracts	raw_position_level	POSITIVE_OOS_GAIN_NOT_OVERLAP_CONFIRMED	187	4	0.139065	0.4	0.50838		0.978377	0.938281	position_ratio_plus_oi_level	0.085715	0.213005
legacy:vix:nonreportable	SECONDARY_DIRECTIONAL	monday	short_contracts	raw_position_level	POSITIVE_OOS_GAIN_NOT_OVERLAP_CONFIRMED	225	116	0.046598	0.167624	0.013726	3.123251	0.94037	0.738159	signed_flow_percentiles	-0.00091	-0.009377
legacy:vix:nonreportable	SECONDARY_DIRECTIONAL	tuesday	short_contracts	raw_position_level	POSITIVE_OOS_GAIN_NOT_OVERLAP_CONFIRMED	225	116	0.006608	0.055565	0.004036	-1.048614	0.978377	0.938281	position_ratio_plus_oi_level	0.000583	0.003168
legacy:vix:nonreportable	SECONDARY_DIRECTIONAL	wednesday	delta_1w_net_oi_pp	oi_normalized_flow	OVERLAP_CONFIRMED_NOT_FDR	223	116	0.10411	0.112013	0.001066	5.286481	0.978377	0.96862	position_ratio_plus_oi_level	0.005953	0.00451
legacy:vix:nonreportable	SECONDARY_DIRECTIONAL	thursday	delta_1w_net_oi_pp	oi_normalized_flow	OVERLAP_CONFIRMED_NOT_FDR	221	115	0.101531	0.153618	0.013281	9.249564	0.978377	0.96862	position_ratio_plus_oi_level	-0.005352	-0.012535
legacy:vix:nonreportable	SECONDARY_DIRECTIONAL	friday	delta_1w_net_oi_pp	oi_normalized_flow	POSITIVE_OOS_GAIN_NOT_OVERLAP_CONFIRMED	215	111	0.029859	0.022148	0.011897	8.222707	0.987554	1.0	position_ratio_plus_oi_level	-0.01017	-0.001033
legacy:vix:nonreportable	SECONDARY_DIRECTIONAL	1w	delta_net_contracts	raw_position_flow	POSITIVE_OOS_GAIN_NOT_OVERLAP_CONFIRMED	239	121	0.053637	0.157208	0.004495	8.169417	0.976318	0.98761	position_ratio_plus_oi_level	-0.012017	-0.01546
legacy:vix:nonreportable	SECONDARY_DIRECTIONAL	2w	delta_net_contracts	raw_position_flow	POSITIVE_OOS_GAIN_NOT_OVERLAP_CONFIRMED	238	80	0.062763	0.078903	0.001751	14.067514	0.978377	0.98761	position_ratio_plus_oi_level	-0.010208	-0.014509
legacy:vix:nonreportable	SECONDARY_DIRECTIONAL	3w	long_contracts	raw_position_level	NO_OOS_GAIN	237	60	0.01205	0.194887	-0.000433	-2.63539	0.978377	0.847277	position_ratio_plus_oi_level	0.001007	0.000313
legacy:vix:nonreportable	SECONDARY_DIRECTIONAL	4w	net_contracts	raw_position_level	POSITIVE_OOS_GAIN_NOT_OVERLAP_CONFIRMED	236	48	0.076691	-0.07284	0.009354	-5.023502	0.978377	0.938281	position_ratio_plus_oi_level	0.018033	0.022101
legacy:vix:nonreportable	SECONDARY_DIRECTIONAL	6w	short_contracts	raw_position_level	POSITIVE_OOS_GAIN_NOT_OVERLAP_CONFIRMED	233	34	-0.064248	0.048434	0.002673	0.840424	0.987554	0.973469	position_ratio_plus_oi_level	0.007976	0.003006
legacy:vix:nonreportable	SECONDARY_DIRECTIONAL	8w	short_oi_pct	oi_normalized_position	OVERLAP_CONFIRMED_NOT_FDR	231	26	-0.165293	-0.243077	0.005582	-12.028346	0.978377	0.969894	signed_flow_percentiles	-0.002546	0.006258
legacy:vix:nonreportable	SECONDARY_DIRECTIONAL	13w	delta_long_contracts	raw_position_flow	POSITIVE_OOS_GAIN_NOT_OVERLAP_CONFIRMED	226	17	0.038795	0.426471	0.001286	-0.252361	0.976318	0.98761	raw_net_flow_plus_oi_pct	0.004209	0.004501
legacy:vix:nonreportable	SECONDARY_DIRECTIONAL	26w	short_oi_pct	oi_normalized_position	POSITIVE_OOS_GAIN_NOT_OVERLAP_CONFIRMED	213	8	-0.313111	-0.452381	0.086067	-37.601044	0.978377	0.969894	position_ratio_plus_oi_level	-0.01339	-0.117901
legacy:vix:nonreportable	SECONDARY_DIRECTIONAL	39w	short_oi_pct	oi_normalized_position	POSITIVE_OOS_GAIN_NOT_OVERLAP_CONFIRMED	200	5	-0.318051	-0.3	0.11564	-19.040218	0.978377	0.969894	position_ratio_plus_oi_level	0.057964	0.035083
legacy:vix:nonreportable	SECONDARY_DIRECTIONAL	52w	short_oi_pct	oi_normalized_position	POSITIVE_OOS_GAIN_NOT_OVERLAP_CONFIRMED	187	4	-0.450416	-0.8	0.263023		0.978377	0.969894	position_ratio_plus_oi_level	0.08941	0.090243
legacy:vix:total_reportable	AGGREGATE_CONTEXT	monday	long_contracts	raw_position_level	POSITIVE_OOS_GAIN_NOT_OVERLAP_CONFIRMED	225	116	-0.025895	-0.075854	0.008456		0.978377	0.938281	signed_flow_percentiles	-0.00091	-0.009377
legacy:vix:total_reportable	AGGREGATE_CONTEXT	tuesday	long_contracts	raw_position_level	POSITIVE_OOS_GAIN_NOT_OVERLAP_CONFIRMED	225	116	0.032148	0.033468	0.010796		0.987554	0.956352	position_ratio_plus_oi_level	0.000583	0.003168
legacy:vix:total_reportable	AGGREGATE_CONTEXT	wednesday	delta_1w_net_oi_pp	oi_normalized_flow	OVERLAP_CONFIRMED_NOT_FDR	223	116	-0.10411	-0.112013	0.001066	-5.286481	0.978377	0.96862	position_ratio_plus_oi_level	0.005953	0.00451
legacy:vix:total_reportable	AGGREGATE_CONTEXT	thursday	delta_1w_net_oi_pp	oi_normalized_flow	OVERLAP_CONFIRMED_NOT_FDR	221	115	-0.101531	-0.153618	0.013281	-9.249564	0.978377	0.96862	position_ratio_plus_oi_level	-0.005352	-0.012535
legacy:vix:total_reportable	AGGREGATE_CONTEXT	friday	delta_1w_net_oi_pp	oi_normalized_flow	POSITIVE_OOS_GAIN_NOT_OVERLAP_CONFIRMED	215	111	-0.029859	-0.022148	0.011897	-8.222707	0.987554	1.0	position_ratio_plus_oi_level	-0.01017	-0.001033
legacy:vix:total_reportable	AGGREGATE_CONTEXT	1w	delta_net_contracts	raw_position_flow	POSITIVE_OOS_GAIN_NOT_OVERLAP_CONFIRMED	239	121	-0.053637	-0.157208	0.004495	-8.169417	0.976318	0.98761	position_ratio_plus_oi_level	-0.012017	-0.01546
legacy:vix:total_reportable	AGGREGATE_CONTEXT	2w	short_contracts	raw_position_level	POSITIVE_OOS_GAIN_NOT_OVERLAP_CONFIRMED	238	80	0.091914	0.132865	0.006426		0.978377	0.908866	position_ratio_plus_oi_level	-0.010208	-0.014509
legacy:vix:total_reportable	AGGREGATE_CONTEXT	3w	short_contracts	raw_position_level	POSITIVE_OOS_GAIN_NOT_OVERLAP_CONFIRMED	237	60	0.118875	0.060517	0.033821		0.978377	0.938281	position_ratio_plus_oi_level	0.001007	0.000313
legacy:vix:total_reportable	AGGREGATE_CONTEXT	4w	net_contracts	raw_position_level	POSITIVE_OOS_GAIN_NOT_OVERLAP_CONFIRMED	236	48	-0.076691	0.07284	0.009354	5.023502	0.978377	0.938281	position_ratio_plus_oi_level	0.018033	0.022101
legacy:vix:total_reportable	AGGREGATE_CONTEXT	6w	long_contracts	raw_position_level	OVERLAP_CONFIRMED_NOT_FDR	233	34	0.172813	0.132468	0.064791		0.978377	0.938281	position_ratio_plus_oi_level	0.007976	0.003006
legacy:vix:total_reportable	AGGREGATE_CONTEXT	8w	long_contracts	raw_position_level	OVERLAP_CONFIRMED_NOT_FDR	231	26	0.167916	0.198632	0.065148		0.978377	0.938281	signed_flow_percentiles	-0.002546	0.006258
legacy:vix:total_reportable	AGGREGATE_CONTEXT	13w	short_contracts	raw_position_level	POSITIVE_OOS_GAIN_NOT_OVERLAP_CONFIRMED	226	17	0.176496	-0.186275	0.116509		0.978377	0.938281	raw_net_flow_plus_oi_pct	0.004209	0.004501
legacy:vix:total_reportable	AGGREGATE_CONTEXT	26w	short_oi_pct	oi_normalized_position	POSITIVE_OOS_GAIN_NOT_OVERLAP_CONFIRMED	213	8	0.313111	0.452381	0.086067	37.601044	0.978377	0.969894	position_ratio_plus_oi_level	-0.01339	-0.117901
legacy:vix:total_reportable	AGGREGATE_CONTEXT	39w	short_oi_pct	oi_normalized_position	POSITIVE_OOS_GAIN_NOT_OVERLAP_CONFIRMED	200	5	0.318051	0.3	0.11564	19.040218	0.978377	0.969894	position_ratio_plus_oi_level	0.057964	0.035083
legacy:vix:total_reportable	AGGREGATE_CONTEXT	52w	long_contracts	raw_position_level	POSITIVE_OOS_GAIN_NOT_OVERLAP_CONFIRMED	187	4	0.503879	0.8	0.333227		0.978377	0.915649	position_ratio_plus_oi_level	0.08941	0.090243
tff:dow:asset_mgr	PRIMARY_DIRECTIONAL	monday	long_oi_pct	oi_normalized_position	POSITIVE_OOS_GAIN_NOT_OVERLAP_CONFIRMED	203	111	-0.093356	-0.201422	0.00528		0.841218	0.83293	signed_flow_percentiles	-0.014793	-0.07962
tff:dow:asset_mgr	PRIMARY_DIRECTIONAL	tuesday	delta_long_contracts	raw_position_flow	POSITIVE_OOS_GAIN_NOT_OVERLAP_CONFIRMED	202	111	-0.080759	-0.096912	0.002813	-0.294543	0.978377	0.98761	position_ratio_plus_oi_level	0.00768	-0.075287
tff:dow:asset_mgr	PRIMARY_DIRECTIONAL	wednesday	delta_long_contracts	raw_position_flow	POSITIVE_OOS_GAIN_NOT_OVERLAP_CONFIRMED	199	109	-0.096955	-0.1598	0.00802	-0.478733	0.978377	0.98761	position_ratio_plus_oi_level	0.004193	-0.049489
tff:dow:asset_mgr	PRIMARY_DIRECTIONAL	thursday	delta_long_contracts	raw_position_flow	OVERLAP_CONFIRMED_NOT_FDR	190	105	-0.103306	-0.138254	0.013461	-0.779148	0.978377	0.98761	position_ratio_plus_oi_level	0.001352	-0.070183
tff:dow:asset_mgr	PRIMARY_DIRECTIONAL	friday	delta_long_contracts	raw_position_flow	POSITIVE_OOS_GAIN_NOT_OVERLAP_CONFIRMED	182	101	-0.058224	-0.076081	0.012755	-0.944938	0.978377	0.98761	signed_flow_percentiles	0.00143	-0.020615
tff:dow:asset_mgr	PRIMARY_DIRECTIONAL	1w	short_contracts	raw_position_level	NO_OOS_GAIN	239	121	0.120178	0.177231	-0.084284		0.89866	0.707215	position_ratio_plus_oi_level	0.009243	-0.053508
tff:dow:asset_mgr	PRIMARY_DIRECTIONAL	2w	delta_short_contracts	raw_position_flow	NO_OOS_GAIN	238	80	0.006929	0.099391	-0.000587	-0.021687	0.978377	0.98761	position_ratio_plus_oi_level	0.016277	-0.161571
tff:dow:asset_mgr	PRIMARY_DIRECTIONAL	3w	delta_long_contracts	raw_position_flow	POSITIVE_OOS_GAIN_NOT_OVERLAP_CONFIRMED	237	60	-0.080945	-0.065629	0.000623	-0.56313	0.978377	0.98761	position_ratio_plus_oi_level	0.016102	-0.266438
tff:dow:asset_mgr	PRIMARY_DIRECTIONAL	4w	delta_short_contracts	raw_position_flow	POSITIVE_OOS_GAIN_NOT_OVERLAP_CONFIRMED	236	48	0.041008	0.011832	0.001132	0.103185	0.996964	0.995436	net_oi_flow_plus_oi_pct	0.002969	-0.000366
tff:dow:asset_mgr	PRIMARY_DIRECTIONAL	6w	signed_change_percentile	oi_normalized_flow	POSITIVE_OOS_GAIN_NOT_OVERLAP_CONFIRMED	233	34	-0.059422	-0.167609	0.00386	1.898268	0.978377	0.96862	position_ratio_plus_oi_level	0.010891	-0.633654
tff:dow:asset_mgr	PRIMARY_DIRECTIONAL	8w	short_contracts	raw_position_level	NO_OOS_GAIN	231	26	0.330423	0.487179	-0.653835		0.736645	0.549609	position_ratio_plus_oi_level	0.015444	-0.69888
tff:dow:asset_mgr	PRIMARY_DIRECTIONAL	13w	signed_delta_net_contracts_percentile	raw_position_flow_normalized	POSITIVE_OOS_GAIN_NOT_OVERLAP_CONFIRMED	226	17	0.010025	0.279412	0.000321	0.751855	0.978377	0.998913	position_ratio_plus_oi_level	0.065536	-0.920487
tff:dow:asset_mgr	PRIMARY_DIRECTIONAL	26w	delta_short_contracts	raw_position_flow	POSITIVE_OOS_GAIN_NOT_OVERLAP_CONFIRMED	213	8	0.073843	0.47619	0.002772	1.078159	0.978377	0.98761	position_ratio_plus_oi_level	0.053656	-1.298855
tff:dow:asset_mgr	PRIMARY_DIRECTIONAL	39w	delta_short_contracts	raw_position_flow	POSITIVE_OOS_GAIN_NOT_OVERLAP_CONFIRMED	199	5	0.026324	0.8	0.000221	0.120575	0.978377	0.98761	position_ratio_plus_oi_level	0.099666	-2.676286
tff:dow:asset_mgr	PRIMARY_DIRECTIONAL	52w	signed_change_percentile	oi_normalized_flow	NO_OOS_GAIN	186	4	-0.028347	-0.4	-0.014284	4.380503	0.978377	1.0	raw_net_flow_plus_oi_pct	-0.0022	-0.061292
tff:dow:dealer	INTERMEDIARY_CONTEXT	monday	delta_1w_net_oi_pp	oi_normalized_flow	POSITIVE_OOS_GAIN_NOT_OVERLAP_CONFIRMED	203	111	0.127218	0.159249	0.000638	0.22563	0.978377	0.96862	position_ratio_plus_oi_level	-0.005196	-0.061064
tff:dow:dealer	INTERMEDIARY_CONTEXT	tuesday	delta_long_contracts	raw_position_flow	FAMILY_FDR10_OOS	202	111	0.133276	0.349036	0.006904	0.554175	0.210453	0.099986	position_ratio_plus_oi_level	0.00114	-0.041207
tff:dow:dealer	INTERMEDIARY_CONTEXT	wednesday	signed_change_percentile	oi_normalized_flow	OVERLAP_CONFIRMED_NOT_FDR	199	109	0.119826	0.177333	0.010359	0.822529	0.928588	0.96862	signed_flow_percentiles	0.000122	0.010481
tff:dow:dealer	INTERMEDIARY_CONTEXT	thursday	long_contracts	raw_position_level	POSITIVE_OOS_GAIN_NOT_OVERLAP_CONFIRMED	190	105	0.141178	0.082625	0.001543		0.978377	0.938281	position_ratio_plus_oi_level	0.006906	-0.035863
tff:dow:dealer	INTERMEDIARY_CONTEXT	friday	position_percentile	oi_normalized_position	POSITIVE_OOS_GAIN_NOT_OVERLAP_CONFIRMED	182	101	-0.056776	-0.036698	0.0006		0.987554	0.98647	signed_flow_percentiles	0.001011	0.000818
tff:dow:dealer	INTERMEDIARY_CONTEXT	1w	long_contracts	raw_position_level	NO_OOS_GAIN	239	121	0.146361	0.169429	-0.000273	0.460291	0.925624	0.72545	position_ratio_plus_oi_level	0.001582	-0.020905
tff:dow:dealer	INTERMEDIARY_CONTEXT	2w	signed_delta_net_contracts_percentile	raw_position_flow_normalized	POSITIVE_OOS_GAIN_NOT_OVERLAP_CONFIRMED	238	80	0.050368	0.137951	0.000445	0.564869	0.978377	0.998913	raw_net_flow_plus_oi_pct	0.00263	0.002681
tff:dow:dealer	INTERMEDIARY_CONTEXT	3w	long_contracts	raw_position_level	OVERLAP_CONFIRMED_NOT_FDR	237	60	0.237659	0.367658	0.00281	0.443398	0.558864	0.50767	raw_net_flow_plus_oi_pct	0.001357	0.001378
tff:dow:dealer	INTERMEDIARY_CONTEXT	4w	long_contracts	raw_position_level	OVERLAP_CONFIRMED_NOT_FDR	236	48	0.250507	0.375987	0.00027	-0.640506	0.666206	0.537715	raw_net_flow_plus_oi_pct	0.002611	0.004248
tff:dow:dealer	INTERMEDIARY_CONTEXT	6w	long_contracts	raw_position_level	NO_OOS_GAIN	233	34	0.266617	0.364887	-0.064653	-0.696997	0.841218	0.668865	raw_net_flow_plus_oi_pct	0.000931	-0.004687
tff:dow:dealer	INTERMEDIARY_CONTEXT	8w	long_contracts	raw_position_level	NO_OOS_GAIN	231	26	0.350879	0.357949	-0.084214	2.23168	0.943143	0.739584	net_oi_flow_plus_oi_pct	-0.000623	-0.022406
tff:dow:dealer	INTERMEDIARY_CONTEXT	13w	signed_change_percentile	oi_normalized_flow	POSITIVE_OOS_GAIN_NOT_OVERLAP_CONFIRMED	226	17	0.045378	0.107843	0.001956	1.962865	0.982172	1.0	signed_flow_percentiles	-0.000299	0.001657
tff:dow:dealer	INTERMEDIARY_CONTEXT	26w	long_contracts	raw_position_level	POSITIVE_OOS_GAIN_NOT_OVERLAP_CONFIRMED	213	8	0.486152	0.452381	0.050653	3.538502	0.978377	0.917018	raw_net_flow_plus_oi_pct	0.001131	0.003108
tff:dow:dealer	INTERMEDIARY_CONTEXT	39w	net_contracts	raw_position_level	POSITIVE_OOS_GAIN_NOT_OVERLAP_CONFIRMED	199	5	0.127468	0.9	0.016668		0.841218	0.668865	signed_flow_percentiles	-0.000178	-0.002836
tff:dow:dealer	INTERMEDIARY_CONTEXT	52w	delta_long_contracts	raw_position_flow	POSITIVE_OOS_GAIN_NOT_OVERLAP_CONFIRMED	186	4	0.083672	0.8	0.010082	0.701693	0.978377	0.98761	raw_net_flow_plus_oi_pct	-0.002	-0.064403
tff:dow:lev_money	PRIMARY_DIRECTIONAL	monday	net_oi_pct	oi_normalized_position	POSITIVE_OOS_GAIN_NOT_OVERLAP_CONFIRMED	203	111	-0.041054	-0.075684	0.008654		0.978377	0.969894	signed_flow_percentiles	-0.014213	-0.014734
tff:dow:lev_money	PRIMARY_DIRECTIONAL	tuesday	net_contracts	raw_position_level	POSITIVE_OOS_GAIN_NOT_OVERLAP_CONFIRMED	202	111	-0.054324	-0.074031	0.001695		0.978377	0.938281	raw_net_flow_plus_oi_pct	-0.027331	-0.037007
tff:dow:lev_money	PRIMARY_DIRECTIONAL	wednesday	short_contracts	raw_position_level	POSITIVE_OOS_GAIN_NOT_OVERLAP_CONFIRMED	199	109	-0.015129	-0.090868	0.001904	-0.811828	0.978377	0.938281	net_oi_flow_plus_oi_pct	0.000853	-0.002265
tff:dow:lev_money	PRIMARY_DIRECTIONAL	thursday	long_oi_pct	oi_normalized_position	OVERLAP_CONFIRMED_NOT_FDR	190	105	-0.104734	-0.145003	0.000194		0.978377	0.969894	raw_net_flow_plus_oi_pct	0.000466	-0.002482
tff:dow:lev_money	PRIMARY_DIRECTIONAL	friday	short_oi_pct	oi_normalized_position	NO_OOS_GAIN	182	101	-0.105269	-0.153454	-0.000472		0.978377	0.969894	signed_flow_percentiles	0.001221	-0.029581
tff:dow:lev_money	PRIMARY_DIRECTIONAL	1w	long_contracts	raw_position_level	NO_OOS_GAIN	239	121	-0.006419	0.068643	-0.000537	0.593029	0.978377	0.938281	signed_flow_percentiles	0.000701	-0.026176
tff:dow:lev_money	PRIMARY_DIRECTIONAL	2w	delta_net_contracts	raw_position_flow	POSITIVE_OOS_GAIN_NOT_OVERLAP_CONFIRMED	238	80	-0.032915	-0.099859	0.000447	-0.589112	0.978377	0.98761	raw_net_flow_plus_oi_pct	0.002326	0.002774
tff:dow:lev_money	PRIMARY_DIRECTIONAL	3w	delta_long_contracts	raw_position_flow	POSITIVE_OOS_GAIN_NOT_OVERLAP_CONFIRMED	237	60	-0.032108	0.056516	0.005052	-0.578371	0.978377	0.98761	signed_flow_percentiles	0.000373	0.000165
tff:dow:lev_money	PRIMARY_DIRECTIONAL	4w	delta_1w_net_oi_pp	oi_normalized_flow	OVERLAP_CONFIRMED_NOT_FDR	236	48	0.105738	0.312636	0.001768	0.092208	0.841218	0.875768	raw_net_flow_plus_oi_pct	0.002844	0.00305
tff:dow:lev_money	PRIMARY_DIRECTIONAL	6w	delta_1w_net_oi_pp	oi_normalized_flow	POSITIVE_OOS_GAIN_NOT_OVERLAP_CONFIRMED	233	34	0.064726	0.181665	0.002208	0.698796	0.978377	0.96862	signed_flow_percentiles	-0.000808	0.000911
tff:dow:lev_money	PRIMARY_DIRECTIONAL	8w	long_oi_pct	oi_normalized_position	NO_OOS_GAIN	231	26	-0.314063	-0.485812	-0.015597		0.736645	0.619908	net_oi_flow_plus_oi_pct	-0.000896	-0.005065
tff:dow:lev_money	PRIMARY_DIRECTIONAL	13w	delta_1w_net_oi_pp	oi_normalized_flow	POSITIVE_OOS_GAIN_NOT_OVERLAP_CONFIRMED	226	17	-0.011852	0.186275	0.001237	-2.196785	0.978377	1.0	signed_flow_percentiles	-0.000309	-6.1e-05
tff:dow:lev_money	PRIMARY_DIRECTIONAL	26w	net_contracts_percentile	raw_position_level_normalized	POSITIVE_OOS_GAIN_NOT_OVERLAP_CONFIRMED	213	8	-0.150968	-0.690476	0.00698	-1.090377	0.907551	0.927718	net_oi_flow_plus_oi_pct	-2.6e-05	0.00092
tff:dow:lev_money	PRIMARY_DIRECTIONAL	39w	short_oi_pct	oi_normalized_position	POSITIVE_OOS_GAIN_NOT_OVERLAP_CONFIRMED	199	5	0.27776	0.5	0.088564		0.978377	0.969894	signed_flow_percentiles	-0.001007	-0.014189
tff:dow:lev_money	PRIMARY_DIRECTIONAL	52w	short_contracts	raw_position_level	POSITIVE_OOS_GAIN_NOT_OVERLAP_CONFIRMED	186	4	0.498285	-0.4	0.305809	10.421898	0.978377	0.938281	signed_flow_percentiles	-0.021692	-0.039527
tff:dow:non_reportable	SECONDARY_DIRECTIONAL	monday	position_percentile	oi_normalized_position	POSITIVE_OOS_GAIN_NOT_OVERLAP_CONFIRMED	203	111	0.029082	0.08302	0.001928	0.499454	0.978377	0.969894	signed_flow_percentiles	-0.013263	-0.013251
tff:dow:non_reportable	SECONDARY_DIRECTIONAL	tuesday	signed_change_percentile	oi_normalized_flow	POSITIVE_OOS_GAIN_NOT_OVERLAP_CONFIRMED	202	111	-0.062741	-0.065488	0.004074	-0.067799	0.978377	1.0	position_ratio_plus_oi_level	-0.021972	-0.027183
tff:dow:non_reportable	SECONDARY_DIRECTIONAL	wednesday	delta_1w_net_oi_pp	oi_normalized_flow	POSITIVE_OOS_GAIN_NOT_OVERLAP_CONFIRMED	199	109	-0.070501	-0.079678	0.012697	-0.768557	0.978377	0.983492	signed_flow_percentiles	0.000992	0.007407
tff:dow:non_reportable	SECONDARY_DIRECTIONAL	thursday	signed_change_percentile	oi_normalized_flow	POSITIVE_OOS_GAIN_NOT_OVERLAP_CONFIRMED	190	105	-0.035019	-0.018142	0.00181	-0.520588	0.987554	1.0	net_oi_flow_plus_oi_pct	0.000353	0.002065
tff:dow:non_reportable	SECONDARY_DIRECTIONAL	friday	net_oi_pct	oi_normalized_position	POSITIVE_OOS_GAIN_NOT_OVERLAP_CONFIRMED	182	101	-0.048593	-0.119721	0.002453	-0.142395	0.978377	0.969894	signed_flow_percentiles	0.001338	0.002257
tff:dow:non_reportable	SECONDARY_DIRECTIONAL	1w	net_contracts	raw_position_level	POSITIVE_OOS_GAIN_NOT_OVERLAP_CONFIRMED	239	121	-0.056901	0.074506	0.002666	0.030583	0.978377	0.938281	signed_flow_percentiles	0.000521	0.004349
tff:dow:non_reportable	SECONDARY_DIRECTIONAL	2w	net_contracts	raw_position_level	POSITIVE_OOS_GAIN_NOT_OVERLAP_CONFIRMED	238	80	-0.084946	-0.106188	0.003079	-0.269624	0.978377	0.938281	raw_net_flow_plus_oi_pct	0.002516	0.002035
tff:dow:non_reportable	SECONDARY_DIRECTIONAL	3w	long_oi_pct	oi_normalized_position	OVERLAP_CONFIRMED_NOT_FDR	237	60	-0.174935	-0.217005	0.009075	-0.486121	0.978377	0.969894	raw_net_flow_plus_oi_pct	0.001743	-0.005085
tff:dow:non_reportable	SECONDARY_DIRECTIONAL	4w	long_oi_pct	oi_normalized_position	OVERLAP_CONFIRMED_NOT_FDR	236	48	-0.179521	-0.198111	0.014116	-0.028379	0.978377	0.969894	raw_net_flow_plus_oi_pct	0.002764	0.004249
tff:dow:non_reportable	SECONDARY_DIRECTIONAL	6w	long_oi_pct	oi_normalized_position	OVERLAP_CONFIRMED_NOT_FDR	233	34	-0.202229	-0.16547	0.017986	-0.172317	0.978377	0.969894	signed_flow_percentiles	-0.001107	-0.002422
tff:dow:non_reportable	SECONDARY_DIRECTIONAL	8w	long_oi_pct	oi_normalized_position	OVERLAP_CONFIRMED_NOT_FDR	231	26	-0.279395	-0.442735	0.01496	-1.607114	0.841218	0.83293	net_oi_flow_plus_oi_pct	-0.0018	-0.002877
tff:dow:non_reportable	SECONDARY_DIRECTIONAL	13w	delta_1w_net_oi_pp	oi_normalized_flow	POSITIVE_OOS_GAIN_NOT_OVERLAP_CONFIRMED	226	17	-0.029535	-0.115196	0.001286	-1.406297	0.978377	1.0	signed_flow_percentiles	-0.000206	0.000338
tff:dow:non_reportable	SECONDARY_DIRECTIONAL	26w	delta_long_contracts	raw_position_flow	POSITIVE_OOS_GAIN_NOT_OVERLAP_CONFIRMED	213	8	-0.077403	-0.690476	0.002501	-1.906476	0.907551	0.98761	raw_net_flow_plus_oi_pct	0.00092	0.002971
tff:dow:non_reportable	SECONDARY_DIRECTIONAL	39w	short_contracts	raw_position_level	POSITIVE_OOS_GAIN_NOT_OVERLAP_CONFIRMED	199	5	0.513173	0.3	0.102954	16.172465	0.978377	0.938281	signed_flow_percentiles	-0.001029	-0.017827
tff:dow:non_reportable	SECONDARY_DIRECTIONAL	52w	short_contracts	raw_position_level	POSITIVE_OOS_GAIN_NOT_OVERLAP_CONFIRMED	186	4	0.511412	0.4	0.311285	16.571483	0.978377	0.938281	raw_net_flow_plus_oi_pct	-0.017446	-0.02439
tff:dow:other_reportable	SECONDARY_DIRECTIONAL	monday	short_oi_pct	oi_normalized_position	NO_OOS_GAIN	203	111	-0.135671	-0.185851	-0.096616		0.894843	0.858617	signed_flow_percentiles	-0.005357	-0.01586
tff:dow:other_reportable	SECONDARY_DIRECTIONAL	tuesday	net_contracts_percentile	raw_position_level_normalized	NO_OOS_GAIN	202	111	0.106658	0.201119	-0.017851	0.077983	0.841218	0.927718	net_oi_flow_plus_oi_pct	-0.016438	-0.123829
tff:dow:other_reportable	SECONDARY_DIRECTIONAL	wednesday	delta_long_contracts	raw_position_flow	NO_OOS_GAIN	199	109	0.095146	0.139938	-0.00134	0.353857	0.978377	0.98761	signed_flow_percentiles	-0.002197	-0.023549
tff:dow:other_reportable	SECONDARY_DIRECTIONAL	thursday	signed_change_percentile	oi_normalized_flow	NO_OOS_GAIN	190	105	0.016705	0.100053	-0.011188	0.298278	0.978377	0.96862	net_oi_flow_plus_oi_pct	-0.003479	-0.154437
tff:dow:other_reportable	SECONDARY_DIRECTIONAL	friday	delta_1w_net_oi_pp	oi_normalized_flow	POSITIVE_OOS_GAIN_NOT_OVERLAP_CONFIRMED	182	101	0.058377	0.08441	0.004929	0.44175	0.978377	0.983492	signed_flow_percentiles	0.000507	0.000333
tff:dow:other_reportable	SECONDARY_DIRECTIONAL	1w	signed_delta_net_contracts_percentile	raw_position_flow_normalized	POSITIVE_OOS_GAIN_NOT_OVERLAP_CONFIRMED	239	121	-0.02421	-0.055722	0.001661	-0.132535	0.978377	1.0	signed_flow_percentiles	0.000356	-0.002725
tff:dow:other_reportable	SECONDARY_DIRECTIONAL	2w	delta_short_contracts	raw_position_flow	NO_OOS_GAIN	238	80	0.041814	-0.232982	-0.047587	-0.537629	0.841218	0.938501	net_oi_flow_plus_oi_pct	0.000939	-0.031326
tff:dow:other_reportable	SECONDARY_DIRECTIONAL	3w	delta_long_contracts	raw_position_flow	POSITIVE_OOS_GAIN_NOT_OVERLAP_CONFIRMED	237	60	-0.048761	-0.062466	0.000587	0.062472	0.978377	0.98761	signed_flow_percentiles	0.000138	0.000498
tff:dow:other_reportable	SECONDARY_DIRECTIONAL	4w	net_contracts_percentile	raw_position_level_normalized	NO_OOS_GAIN	236	48	0.194174	0.367238	-0.028262	-1.608548	0.709987	0.570042	net_oi_flow_plus_oi_pct	0.000227	-0.019041
tff:dow:other_reportable	SECONDARY_DIRECTIONAL	6w	signed_change_percentile	oi_normalized_flow	POSITIVE_OOS_GAIN_NOT_OVERLAP_CONFIRMED	233	34	-0.050843	-0.188083	0.003015	-1.242603	0.978377	0.96862	signed_flow_percentiles	-0.000383	0.002632
tff:dow:other_reportable	SECONDARY_DIRECTIONAL	8w	signed_change_percentile	oi_normalized_flow	POSITIVE_OOS_GAIN_NOT_OVERLAP_CONFIRMED	231	26	-0.053175	-0.30188	0.001317	-1.050561	0.978377	0.96862	raw_net_flow_plus_oi_pct	0.000311	-0.03814
tff:dow:other_reportable	SECONDARY_DIRECTIONAL	13w	signed_change_percentile	oi_normalized_flow	POSITIVE_OOS_GAIN_NOT_OVERLAP_CONFIRMED	226	17	-0.077413	-0.519608	0.003558	-1.743588	0.841218	0.875768	net_oi_flow_plus_oi_pct	0.000137	-0.019365
tff:dow:other_reportable	SECONDARY_DIRECTIONAL	26w	signed_delta_net_contracts_percentile	raw_position_flow_normalized	POSITIVE_OOS_GAIN_NOT_OVERLAP_CONFIRMED	213	8	-0.042889	0.214286	0.00092	-0.435374	0.978377	1.0	net_oi_flow_plus_oi_pct	-0.000766	-0.009949
tff:dow:other_reportable	SECONDARY_DIRECTIONAL	39w	signed_change_percentile	oi_normalized_flow	POSITIVE_OOS_GAIN_NOT_OVERLAP_CONFIRMED	199	5	-0.055407	-0.3	2.1e-05	-2.901441	0.978377	1.0	signed_flow_percentiles	-0.000872	-0.000851
tff:dow:other_reportable	SECONDARY_DIRECTIONAL	52w	signed_change_percentile	oi_normalized_flow	POSITIVE_OOS_GAIN_NOT_OVERLAP_CONFIRMED	186	4	-0.048585	-0.8	0.000946	-2.458577	0.978377	0.96862	net_oi_flow_plus_oi_pct	-0.005137	-0.106725
tff:nq:asset_mgr	PRIMARY_DIRECTIONAL	monday	short_oi_pct	oi_normalized_position	OVERLAP_CONFIRMED_NOT_FDR	203	111	-0.149261	-0.18123	0.037313	-0.4337	0.907551	0.873225	raw_net_flow_plus_oi_pct	0.025339	-0.141018
tff:nq:asset_mgr	PRIMARY_DIRECTIONAL	tuesday	short_oi_pct	oi_normalized_position	OVERLAP_CONFIRMED_NOT_FDR	202	111	-0.130491	-0.244481	0.011395	-0.845995	0.699874	0.591194	signed_flow_percentiles	-0.012763	-0.01266
tff:nq:asset_mgr	PRIMARY_DIRECTIONAL	wednesday	net_oi_pct	oi_normalized_position	POSITIVE_OOS_GAIN_NOT_OVERLAP_CONFIRMED	199	109	0.022614	0.036832	0.001895	-1.091951	0.987554	0.983578	position_ratio_plus_oi_level	0.000906	0.002801
tff:nq:asset_mgr	PRIMARY_DIRECTIONAL	thursday	delta_short_contracts	raw_position_flow	POSITIVE_OOS_GAIN_NOT_OVERLAP_CONFIRMED	190	105	-0.055939	-0.075233	0.00284	-0.590818	0.978377	0.98761	position_ratio_plus_oi_level	0.003814	-0.012341
tff:nq:asset_mgr	PRIMARY_DIRECTIONAL	friday	short_oi_pct	oi_normalized_position	POSITIVE_OOS_GAIN_NOT_OVERLAP_CONFIRMED	182	101	-0.143207	-0.065195	0.004305	-0.928351	0.978377	0.969894	position_ratio_plus_oi_level	0.003206	-0.006297
tff:nq:asset_mgr	PRIMARY_DIRECTIONAL	1w	delta_short_contracts	raw_position_flow	OVERLAP_CONFIRMED_NOT_FDR	239	121	-0.129742	-0.139764	0.00591	-0.728985	0.978377	0.98761	raw_net_flow_plus_oi_pct	0.001683	-0.003714
tff:nq:asset_mgr	PRIMARY_DIRECTIONAL	2w	delta_net_contracts	raw_position_flow	POSITIVE_OOS_GAIN_NOT_OVERLAP_CONFIRMED	238	80	0.074732	0.055298	0.006958	1.009173	0.978377	0.98761	position_ratio_plus_oi_level	-0.000668	5.8e-05
tff:nq:asset_mgr	PRIMARY_DIRECTIONAL	3w	net_oi_pct	oi_normalized_position	POSITIVE_OOS_GAIN_NOT_OVERLAP_CONFIRMED	237	60	0.072434	0.138094	0.000362	-2.563247	0.978377	0.969894	position_ratio_plus_oi_level	-0.000407	-4.5e-05
tff:nq:asset_mgr	PRIMARY_DIRECTIONAL	4w	signed_delta_net_contracts_percentile	raw_position_flow_normalized	POSITIVE_OOS_GAIN_NOT_OVERLAP_CONFIRMED	236	48	0.113891	-0.088689	0.004167	1.69283	0.978377	1.0	raw_net_flow_plus_oi_pct	0.010983	0.009697
tff:nq:asset_mgr	PRIMARY_DIRECTIONAL	6w	delta_net_contracts	raw_position_flow	OVERLAP_CONFIRMED_NOT_FDR	233	34	0.138592	0.128495	0.001893	1.656895	0.978377	0.98761	signed_flow_percentiles	-0.000454	0.001113
tff:nq:asset_mgr	PRIMARY_DIRECTIONAL	8w	short_oi_pct	oi_normalized_position	POSITIVE_OOS_GAIN_NOT_OVERLAP_CONFIRMED	231	26	-0.053413	-0.104274	0.002485	-0.435395	0.978377	0.969894	raw_net_flow_plus_oi_pct	0.000612	-0.006086
tff:nq:asset_mgr	PRIMARY_DIRECTIONAL	13w	delta_short_contracts	raw_position_flow	POSITIVE_OOS_GAIN_NOT_OVERLAP_CONFIRMED	226	17	-0.085425	-0.208333	0.00099	-2.421017	0.978377	0.98761	raw_net_flow_plus_oi_pct	0.004151	-0.002406
tff:nq:asset_mgr	PRIMARY_DIRECTIONAL	26w	net_contracts_percentile	raw_position_level_normalized	POSITIVE_OOS_GAIN_NOT_OVERLAP_CONFIRMED	213	8	0.155292	0.238095	0.012199	-7.575297	0.978377	0.971823	signed_flow_percentiles	0.000849	0.000261
tff:nq:asset_mgr	PRIMARY_DIRECTIONAL	39w	short_oi_pct	oi_normalized_position	POSITIVE_OOS_GAIN_NOT_OVERLAP_CONFIRMED	199	5	0.042286	0.7	0.013518	-1.233767	0.978377	0.969894	raw_net_flow_plus_oi_pct	0.01141	-0.003595
tff:nq:asset_mgr	PRIMARY_DIRECTIONAL	52w	short_oi_pct	oi_normalized_position	POSITIVE_OOS_GAIN_NOT_OVERLAP_CONFIRMED	186	4	0.127799	0.8	0.017449	1.000879	0.978377	0.969894	net_oi_flow_plus_oi_pct	-0.005849	-0.00745
tff:nq:dealer	INTERMEDIARY_CONTEXT	monday	long_contracts	raw_position_level	POSITIVE_OOS_GAIN_NOT_OVERLAP_CONFIRMED	203	111	0.220216	0.302536	0.040828		0.438776	0.50767	raw_net_flow_plus_oi_pct	0.014127	-0.140019
tff:nq:dealer	INTERMEDIARY_CONTEXT	tuesday	long_contracts	raw_position_level	OVERLAP_CONFIRMED_NOT_FDR	202	111	0.185616	0.268313	0.017639		0.563162	0.50767	position_ratio_plus_oi_level	-0.005302	-0.007334
tff:nq:dealer	INTERMEDIARY_CONTEXT	wednesday	long_contracts	raw_position_level	POSITIVE_OOS_GAIN_NOT_OVERLAP_CONFIRMED	199	109	0.091131	0.123784	0.008114		0.978377	0.887615	position_ratio_plus_oi_level	0.004096	-0.000356
tff:nq:dealer	INTERMEDIARY_CONTEXT	thursday	long_contracts	raw_position_level	NO_OOS_GAIN	190	105	0.153454	0.171688	-0.451565		0.960581	0.757943	position_ratio_plus_oi_level	0.005603	-0.017746
tff:nq:dealer	INTERMEDIARY_CONTEXT	friday	delta_short_contracts	raw_position_flow	POSITIVE_OOS_GAIN_NOT_OVERLAP_CONFIRMED	182	101	0.005468	-0.051876	0.003031	-0.133062	0.978377	0.98761	position_ratio_plus_oi_level	0.004967	-0.027088
tff:nq:dealer	INTERMEDIARY_CONTEXT	1w	long_oi_pct	oi_normalized_position	NO_OOS_GAIN	239	121	-0.044866	-0.193483	-0.002443	-0.948636	0.841218	0.83293	signed_flow_percentiles	0.00331	-0.003518
tff:nq:dealer	INTERMEDIARY_CONTEXT	2w	signed_delta_net_contracts_percentile	raw_position_flow_normalized	POSITIVE_OOS_GAIN_NOT_OVERLAP_CONFIRMED	238	80	-0.062885	-0.117604	0.000571	-0.447856	0.978377	0.998913	signed_flow_percentiles	-0.002502	-0.002976
tff:nq:dealer	INTERMEDIARY_CONTEXT	3w	long_contracts	raw_position_level	OVERLAP_CONFIRMED_NOT_FDR	237	60	0.18001	0.297249	7.1e-05		0.841218	0.668865	position_ratio_plus_oi_level	-0.00068	-0.01521
tff:nq:dealer	INTERMEDIARY_CONTEXT	4w	long_oi_pct	oi_normalized_position	POSITIVE_OOS_GAIN_NOT_OVERLAP_CONFIRMED	236	48	-0.032005	-0.060139	0.000115	4.807857	0.982856	0.975494	position_ratio_plus_oi_level	0.000304	-0.00974
tff:nq:dealer	INTERMEDIARY_CONTEXT	6w	long_oi_pct	oi_normalized_position	POSITIVE_OOS_GAIN_NOT_OVERLAP_CONFIRMED	233	34	0.008187	-0.170053	0.000642	2.585857	0.978377	0.969894	signed_flow_percentiles	-0.000594	-0.004449
tff:nq:dealer	INTERMEDIARY_CONTEXT	8w	long_oi_pct	oi_normalized_position	POSITIVE_OOS_GAIN_NOT_OVERLAP_CONFIRMED	231	26	0.003178	0.04547	0.000802	1.058064	0.987554	0.98647	raw_net_flow_plus_oi_pct	0.005415	-0.001748
tff:nq:dealer	INTERMEDIARY_CONTEXT	13w	long_oi_pct	oi_normalized_position	POSITIVE_OOS_GAIN_NOT_OVERLAP_CONFIRMED	226	17	-0.034398	-0.117647	0.002769	-9.44745	0.978377	0.969894	raw_net_flow_plus_oi_pct	0.008938	-0.026662
tff:nq:dealer	INTERMEDIARY_CONTEXT	26w	delta_1w_net_oi_pp	oi_normalized_flow	NO_OOS_GAIN	213	8	-0.054698	0.47619	-0.013007	-4.607617	0.978377	0.96862	signed_flow_percentiles	-0.000363	-0.022785
tff:nq:dealer	INTERMEDIARY_CONTEXT	39w	delta_long_contracts	raw_position_flow	POSITIVE_OOS_GAIN_NOT_OVERLAP_CONFIRMED	199	5	0.025951	-0.2	0.002528	1.522366	0.987554	0.98761	raw_net_flow_plus_oi_pct	0.004077	-0.013889
tff:nq:dealer	INTERMEDIARY_CONTEXT	52w	short_oi_pct	oi_normalized_position	POSITIVE_OOS_GAIN_NOT_OVERLAP_CONFIRMED	186	4	-0.242236	-0.8	0.002093	-5.887057	0.978377	0.969894	net_oi_flow_plus_oi_pct	-0.023754	-0.034362
tff:nq:lev_money	PRIMARY_DIRECTIONAL	monday	long_contracts	raw_position_level	POSITIVE_OOS_GAIN_NOT_OVERLAP_CONFIRMED	203	111	0.189356	0.228449	0.027652	-1.437362	0.813617	0.628968	position_ratio_plus_oi_level	-0.000679	-0.003324
tff:nq:lev_money	PRIMARY_DIRECTIONAL	tuesday	long_contracts	raw_position_level	POSITIVE_OOS_GAIN_NOT_OVERLAP_CONFIRMED	202	111	0.122112	0.207503	0.008614	-1.04536	0.841218	0.668865	signed_flow_percentiles	-0.011682	-0.022464
tff:nq:lev_money	PRIMARY_DIRECTIONAL	wednesday	long_contracts	raw_position_level	POSITIVE_OOS_GAIN_NOT_OVERLAP_CONFIRMED	199	109	0.050853	0.112084	0.003154	0.737276	0.978377	0.908866	position_ratio_plus_oi_level	0.002549	0.002558
tff:nq:lev_money	PRIMARY_DIRECTIONAL	thursday	net_contracts	raw_position_level	POSITIVE_OOS_GAIN_NOT_OVERLAP_CONFIRMED	190	105	-0.087884	-0.108574	0.000568	-0.61082	0.978377	0.915649	raw_net_flow_plus_oi_pct	0.001447	-0.10639
tff:nq:lev_money	PRIMARY_DIRECTIONAL	friday	long_contracts	raw_position_level	POSITIVE_OOS_GAIN_NOT_OVERLAP_CONFIRMED	182	101	0.146132	0.068946	0.001701	1.953465	0.978377	0.938281	signed_flow_percentiles	-8.5e-05	-0.003882
tff:nq:lev_money	PRIMARY_DIRECTIONAL	1w	net_contracts	raw_position_level	POSITIVE_OOS_GAIN_NOT_OVERLAP_CONFIRMED	239	121	-0.068095	-0.19116	1.7e-05	-1.441936	0.841218	0.668865	signed_flow_percentiles	0.002998	-0.00065
tff:nq:lev_money	PRIMARY_DIRECTIONAL	2w	delta_1w_net_oi_pp	oi_normalized_flow	POSITIVE_OOS_GAIN_NOT_OVERLAP_CONFIRMED	238	80	0.033382	0.077778	0.000631	1.430683	0.978377	1.0	position_ratio_plus_oi_level	0.004524	0.000667
tff:nq:lev_money	PRIMARY_DIRECTIONAL	3w	long_oi_pct	oi_normalized_position	POSITIVE_OOS_GAIN_NOT_OVERLAP_CONFIRMED	237	60	0.039606	0.106418	0.005623		0.978377	0.969894	position_ratio_plus_oi_level	0.000868	-0.005542
tff:nq:lev_money	PRIMARY_DIRECTIONAL	4w	delta_short_contracts	raw_position_flow	POSITIVE_OOS_GAIN_NOT_OVERLAP_CONFIRMED	236	48	0.024862	-0.024208	0.001717	0.654395	0.987554	0.98761	net_oi_flow_plus_oi_pct	0.006489	0.003518
tff:nq:lev_money	PRIMARY_DIRECTIONAL	6w	long_oi_pct	oi_normalized_position	POSITIVE_OOS_GAIN_NOT_OVERLAP_CONFIRMED	233	34	0.084358	-0.239419	0.007789		0.978377	0.969894	position_ratio_plus_oi_level	-0.001111	-0.000573
tff:nq:lev_money	PRIMARY_DIRECTIONAL	8w	delta_net_contracts	raw_position_flow	POSITIVE_OOS_GAIN_NOT_OVERLAP_CONFIRMED	231	26	-0.03026	-0.468034	0.002106	1.193394	0.795798	0.785414	net_oi_flow_plus_oi_pct	-0.003392	-0.003741
tff:nq:lev_money	PRIMARY_DIRECTIONAL	13w	net_contracts_percentile	raw_position_level_normalized	POSITIVE_OOS_GAIN_NOT_OVERLAP_CONFIRMED	226	17	-0.007874	-0.139706	0.001207	-4.150923	0.978377	0.971823	net_oi_flow_plus_oi_pct	-0.003759	-0.011273
tff:nq:lev_money	PRIMARY_DIRECTIONAL	26w	net_oi_pct	oi_normalized_position	POSITIVE_OOS_GAIN_NOT_OVERLAP_CONFIRMED	213	8	0.099081	-0.52381	0.002484		0.978377	0.969894	raw_net_flow_plus_oi_pct	0.001734	-0.045805
tff:nq:lev_money	PRIMARY_DIRECTIONAL	39w	long_contracts	raw_position_level	POSITIVE_OOS_GAIN_NOT_OVERLAP_CONFIRMED	199	5	0.206196	0.3	0.054216	43.895325	0.978377	0.938281	net_oi_flow_plus_oi_pct	0.00601	0.002907
tff:nq:lev_money	PRIMARY_DIRECTIONAL	52w	delta_long_contracts	raw_position_flow	POSITIVE_OOS_GAIN_NOT_OVERLAP_CONFIRMED	186	4	0.043796	-0.2	0.001345	0.19552	0.987554	0.98761	net_oi_flow_plus_oi_pct	0.002058	-0.001861
tff:nq:non_reportable	SECONDARY_DIRECTIONAL	monday	short_contracts	raw_position_level	POSITIVE_OOS_GAIN_NOT_OVERLAP_CONFIRMED	203	111	0.209218	0.251193	0.030028		0.657178	0.52743	position_ratio_plus_oi_level	0.011065	-0.014944
tff:nq:non_reportable	SECONDARY_DIRECTIONAL	tuesday	position_percentile	oi_normalized_position	POSITIVE_OOS_GAIN_NOT_OVERLAP_CONFIRMED	202	111	0.052174	0.191436	0.00854	0.852807	0.870842	0.858617	position_ratio_plus_oi_level	-0.014699	-0.009676
tff:nq:non_reportable	SECONDARY_DIRECTIONAL	wednesday	position_percentile	oi_normalized_position	POSITIVE_OOS_GAIN_NOT_OVERLAP_CONFIRMED	199	109	0.05945	0.108952	0.006329	0.757558	0.978377	0.969894	position_ratio_plus_oi_level	0.001787	-0.004305
tff:nq:non_reportable	SECONDARY_DIRECTIONAL	thursday	signed_change_percentile	oi_normalized_flow	POSITIVE_OOS_GAIN_NOT_OVERLAP_CONFIRMED	190	105	-0.047993	-0.045957	6.2e-05	-0.831198	0.978377	1.0	signed_flow_percentiles	0.002044	0.002106
tff:nq:non_reportable	SECONDARY_DIRECTIONAL	friday	long_oi_pct	oi_normalized_position	NO_OOS_GAIN	182	101	0.062157	0.127117	-0.001447	1.998286	0.978377	0.969894	signed_flow_percentiles	-0.000204	-0.001911
tff:nq:non_reportable	SECONDARY_DIRECTIONAL	1w	position_percentile	oi_normalized_position	NO_OOS_GAIN	239	121	0.035992	0.196254	-0.000223	1.408958	0.841218	0.83293	signed_flow_percentiles	0.003788	-0.002711
tff:nq:non_reportable	SECONDARY_DIRECTIONAL	2w	net_contracts_percentile	raw_position_level_normalized	POSITIVE_OOS_GAIN_NOT_OVERLAP_CONFIRMED	238	80	0.005258	0.056845	0.000211	0.316512	0.978377	0.971823	signed_flow_percentiles	0.002209	-0.004915
tff:nq:non_reportable	SECONDARY_DIRECTIONAL	3w	short_oi_pct	oi_normalized_position	POSITIVE_OOS_GAIN_NOT_OVERLAP_CONFIRMED	237	60	-0.022057	-0.056293	0.001993	-1.284382	0.978377	0.969894	raw_net_flow_plus_oi_pct	0.004486	-0.550185
tff:nq:non_reportable	SECONDARY_DIRECTIONAL	4w	short_oi_pct	oi_normalized_position	POSITIVE_OOS_GAIN_NOT_OVERLAP_CONFIRMED	236	48	0.025306	-0.101281	0.001136	-1.81137	0.978377	0.969894	net_oi_flow_plus_oi_pct	0.004384	-0.031023
tff:nq:non_reportable	SECONDARY_DIRECTIONAL	6w	net_oi_pct	oi_normalized_position	POSITIVE_OOS_GAIN_NOT_OVERLAP_CONFIRMED	233	34	-0.029992	0.158747	0.001557	2.717317	0.978377	0.969894	position_ratio_plus_oi_level	0.001771	0.003328
tff:nq:non_reportable	SECONDARY_DIRECTIONAL	8w	net_oi_pct	oi_normalized_position	POSITIVE_OOS_GAIN_NOT_OVERLAP_CONFIRMED	231	26	-0.014366	-0.131624	0.004707	3.713654	0.978377	0.969894	position_ratio_plus_oi_level	-0.001697	0.003009
tff:nq:non_reportable	SECONDARY_DIRECTIONAL	13w	long_oi_pct	oi_normalized_position	POSITIVE_OOS_GAIN_NOT_OVERLAP_CONFIRMED	226	17	0.097791	0.186275	0.007253	5.89119	0.978377	0.969894	net_oi_flow_plus_oi_pct	-0.005318	-0.014634
tff:nq:non_reportable	SECONDARY_DIRECTIONAL	26w	net_oi_pct	oi_normalized_position	POSITIVE_OOS_GAIN_NOT_OVERLAP_CONFIRMED	213	8	0.020368	0.095238	0.01067	5.383455	0.987554	0.98647	raw_net_flow_plus_oi_pct	0.004568	-0.177594
tff:nq:non_reportable	SECONDARY_DIRECTIONAL	39w	delta_long_contracts	raw_position_flow	POSITIVE_OOS_GAIN_NOT_OVERLAP_CONFIRMED	199	5	0.033282	-0.3	0.00171	1.571135	0.978377	0.98761	net_oi_flow_plus_oi_pct	0.005224	-0.001901
tff:nq:non_reportable	SECONDARY_DIRECTIONAL	52w	short_oi_pct	oi_normalized_position	POSITIVE_OOS_GAIN_NOT_OVERLAP_CONFIRMED	186	4	0.172219	-0.4	0.000741	-0.932869	0.978377	0.969894	net_oi_flow_plus_oi_pct	0.001073	-0.010077
tff:nq:other_reportable	SECONDARY_DIRECTIONAL	monday	delta_1w_net_oi_pp	oi_normalized_flow	POSITIVE_OOS_GAIN_NOT_OVERLAP_CONFIRMED	203	111	-0.104698	-0.043287	0.007995	-0.499802	0.978377	1.0	signed_flow_percentiles	-0.023806	-0.030533
tff:nq:other_reportable	SECONDARY_DIRECTIONAL	tuesday	delta_1w_net_oi_pp	oi_normalized_flow	POSITIVE_OOS_GAIN_NOT_OVERLAP_CONFIRMED	202	111	-0.087075	-0.039856	0.004583	-0.650484	0.979984	1.0	position_ratio_plus_oi_level	0.014419	0.015349
tff:nq:other_reportable	SECONDARY_DIRECTIONAL	wednesday	delta_net_contracts	raw_position_flow	POSITIVE_OOS_GAIN_NOT_OVERLAP_CONFIRMED	199	109	-0.005828	0.094028	0.00021	-0.067868	0.978377	0.98761	position_ratio_plus_oi_level	9.1e-05	-0.00472
tff:nq:other_reportable	SECONDARY_DIRECTIONAL	thursday	delta_1w_net_oi_pp	oi_normalized_flow	POSITIVE_OOS_GAIN_NOT_OVERLAP_CONFIRMED	190	105	-0.011384	-0.048704	0.000386	-0.35145	0.978377	1.0	signed_flow_percentiles	0.002659	-0.011818
tff:nq:other_reportable	SECONDARY_DIRECTIONAL	friday	delta_net_contracts	raw_position_flow	POSITIVE_OOS_GAIN_NOT_OVERLAP_CONFIRMED	182	101	0.024806	0.05873	0.002939	0.415752	0.978377	0.98761	position_ratio_plus_oi_level	-0.000365	-0.00834
tff:nq:other_reportable	SECONDARY_DIRECTIONAL	1w	signed_delta_net_contracts_percentile	raw_position_flow_normalized	POSITIVE_OOS_GAIN_NOT_OVERLAP_CONFIRMED	239	121	0.036965	0.042745	0.003994	0.556975	0.978377	1.0	signed_flow_percentiles	0.003488	0.005612
tff:nq:other_reportable	SECONDARY_DIRECTIONAL	2w	net_oi_pct	oi_normalized_position	POSITIVE_OOS_GAIN_NOT_OVERLAP_CONFIRMED	238	80	0.043585	-0.013197	0.00047	0.438735	0.99153	0.98671	signed_flow_percentiles	-0.001478	-0.002198
tff:nq:other_reportable	SECONDARY_DIRECTIONAL	3w	net_oi_pct	oi_normalized_position	POSITIVE_OOS_GAIN_NOT_OVERLAP_CONFIRMED	237	60	0.044161	0.045402	0.001613	0.614169	0.987554	0.98647	signed_flow_percentiles	-0.000276	-0.002706
tff:nq:other_reportable	SECONDARY_DIRECTIONAL	4w	short_oi_pct	oi_normalized_position	NO_OOS_GAIN	236	48	-0.030304	-0.124946	-0.004138	-0.95706	0.978377	0.969894	net_oi_flow_plus_oi_pct	0.004182	0.001568
tff:nq:other_reportable	SECONDARY_DIRECTIONAL	6w	net_oi_pct	oi_normalized_position	POSITIVE_OOS_GAIN_NOT_OVERLAP_CONFIRMED	233	34	0.026242	0.13369	0.001451	1.284782	0.978377	0.969894	signed_flow_percentiles	-0.001141	-0.00331
tff:nq:other_reportable	SECONDARY_DIRECTIONAL	8w	long_oi_pct	oi_normalized_position	POSITIVE_OOS_GAIN_NOT_OVERLAP_CONFIRMED	231	26	-0.088926	-0.117949	0.001925	-4.324765	0.978377	0.969894	raw_net_flow_plus_oi_pct	-0.001887	-0.003375
tff:nq:other_reportable	SECONDARY_DIRECTIONAL	13w	net_oi_pct	oi_normalized_position	POSITIVE_OOS_GAIN_NOT_OVERLAP_CONFIRMED	226	17	-0.029598	0.166667	0.004633	-0.459651	0.978377	0.969894	raw_net_flow_plus_oi_pct	0.002872	-0.002087
tff:nq:other_reportable	SECONDARY_DIRECTIONAL	26w	short_oi_pct	oi_normalized_position	POSITIVE_OOS_GAIN_NOT_OVERLAP_CONFIRMED	213	8	0.19345	0.190476	0.008632	2.046559	0.978377	0.969894	signed_flow_percentiles	0.000916	-0.000192
tff:nq:other_reportable	SECONDARY_DIRECTIONAL	39w	delta_1w_net_oi_pp	oi_normalized_flow	POSITIVE_OOS_GAIN_NOT_OVERLAP_CONFIRMED	199	5	-0.041348	-0.5	0.000911	2.081655	0.978377	0.983492	raw_net_flow_plus_oi_pct	0.007112	0.009714
tff:nq:other_reportable	SECONDARY_DIRECTIONAL	52w	short_contracts	raw_position_level	POSITIVE_OOS_GAIN_NOT_OVERLAP_CONFIRMED	186	4	0.172755	0.4	0.087835		0.978377	0.938281	net_oi_flow_plus_oi_pct	-0.000764	-0.002007
tff:rty:asset_mgr	PRIMARY_DIRECTIONAL	monday	long_oi_pct	oi_normalized_position	NO_OOS_GAIN	157	85	-0.173981	-0.248876			0.841218	0.83293			
tff:rty:asset_mgr	PRIMARY_DIRECTIONAL	tuesday	long_oi_pct	oi_normalized_position	NO_OOS_GAIN	156	85	-0.197696	-0.164647			0.978377	0.969894			
tff:rty:asset_mgr	PRIMARY_DIRECTIONAL	wednesday	long_contracts	raw_position_level	NO_OOS_GAIN	153	83	-0.127143	-0.147538			0.978377	0.868171			
tff:rty:asset_mgr	PRIMARY_DIRECTIONAL	thursday	delta_short_contracts	raw_position_flow	NO_OOS_GAIN	145	80	-0.051399	-0.138162			0.978377	0.98761			
tff:rty:asset_mgr	PRIMARY_DIRECTIONAL	friday	delta_short_contracts	raw_position_flow	NO_OOS_GAIN	138	77	-0.126106	-0.239576			0.841218	0.938501			
tff:rty:asset_mgr	PRIMARY_DIRECTIONAL	1w	delta_short_contracts	raw_position_flow	NO_OOS_GAIN	183	93	-0.068443	-0.28619			0.609824	0.633063			
tff:rty:asset_mgr	PRIMARY_DIRECTIONAL	2w	long_oi_pct	oi_normalized_position	NO_OOS_GAIN	182	61	-0.282407	-0.275304			0.841218	0.83293			
tff:rty:asset_mgr	PRIMARY_DIRECTIONAL	3w	long_oi_pct	oi_normalized_position	NO_OOS_GAIN	181	46	-0.315903	-0.467283			0.421471	0.302532			
tff:rty:asset_mgr	PRIMARY_DIRECTIONAL	4w	delta_long_contracts	raw_position_flow	NO_OOS_GAIN	180	36	0.004393	0.372716			0.841218	0.785414			
tff:rty:asset_mgr	PRIMARY_DIRECTIONAL	6w	net_contracts_percentile	raw_position_level_normalized	NO_OOS_GAIN	177	26	-0.389901	-0.228718			0.978377	0.971823			
tff:rty:asset_mgr	PRIMARY_DIRECTIONAL	8w	long_oi_pct	oi_normalized_position	NO_OOS_GAIN	175	20	-0.481077	-0.667669			0.421471	0.302532			
tff:rty:asset_mgr	PRIMARY_DIRECTIONAL	13w	net_contracts_percentile	raw_position_level_normalized	NO_OOS_GAIN	170	13	-0.629714	-0.736264			0.524617	0.390477			
tff:rty:asset_mgr	PRIMARY_DIRECTIONAL	26w	delta_long_contracts	raw_position_flow	NO_OOS_GAIN	157	6	-0.138236	0.771429			0.943159	0.98761			
tff:rty:asset_mgr	PRIMARY_DIRECTIONAL	39w	net_contracts_percentile	raw_position_level_normalized	NO_OOS_GAIN	143	4	-0.659474	-0.8			0.978377	0.971823			
tff:rty:asset_mgr	PRIMARY_DIRECTIONAL	52w	delta_1w_net_oi_pp	oi_normalized_flow	NO_OOS_GAIN	130	3	-0.133313	-1.0							
tff:rty:dealer	INTERMEDIARY_CONTEXT	monday	long_contracts	raw_position_level	NO_OOS_GAIN	157	85	0.11576	0.219855			0.870842	0.668865			
tff:rty:dealer	INTERMEDIARY_CONTEXT	tuesday	signed_change_percentile	oi_normalized_flow	NO_OOS_GAIN	156	85	0.190713	0.203459			0.922778	0.96862			
tff:rty:dealer	INTERMEDIARY_CONTEXT	wednesday	signed_change_percentile	oi_normalized_flow	NO_OOS_GAIN	153	83	0.178272	0.219533			0.872268	0.929775			
tff:rty:dealer	INTERMEDIARY_CONTEXT	thursday	signed_delta_net_contracts_percentile	raw_position_flow_normalized	NO_OOS_GAIN	145	80	0.117401	0.193226			0.976318	0.998913			
tff:rty:dealer	INTERMEDIARY_CONTEXT	friday	short_contracts	raw_position_level	NO_OOS_GAIN	138	77	-0.009158	0.131658			0.978377	0.915649			
tff:rty:dealer	INTERMEDIARY_CONTEXT	1w	short_contracts	raw_position_level	NO_OOS_GAIN	183	93	-0.051503	0.100668			0.978377	0.938281			
tff:rty:dealer	INTERMEDIARY_CONTEXT	2w	net_contracts_percentile	raw_position_level_normalized	NO_OOS_GAIN	182	61	0.157416	0.186568			0.978377	0.971823			
tff:rty:dealer	INTERMEDIARY_CONTEXT	3w	long_contracts	raw_position_level	NO_OOS_GAIN	181	46	0.181205	0.365402			0.736645	0.549609			
tff:rty:dealer	INTERMEDIARY_CONTEXT	4w	net_contracts_percentile	raw_position_level_normalized	NO_OOS_GAIN	180	36	0.251127	0.252767			0.978377	0.971823			
tff:rty:dealer	INTERMEDIARY_CONTEXT	6w	net_contracts_percentile	raw_position_level_normalized	NO_OOS_GAIN	177	26	0.33923	0.21641			0.978377	0.971823			
tff:rty:dealer	INTERMEDIARY_CONTEXT	8w	position_percentile	oi_normalized_position	NO_OOS_GAIN	175	20	0.446379	0.637594			0.469155	0.302532			
tff:rty:dealer	INTERMEDIARY_CONTEXT	13w	delta_1w_net_oi_pp	oi_normalized_flow	NO_OOS_GAIN	170	13	0.159785	-0.615385			0.841218	0.875768			
tff:rty:dealer	INTERMEDIARY_CONTEXT	26w	delta_1w_net_oi_pp	oi_normalized_flow	NO_OOS_GAIN	157	6	0.113124	0.885714			0.795798	0.875768			
tff:rty:dealer	INTERMEDIARY_CONTEXT	39w	net_contracts_percentile	raw_position_level_normalized	NO_OOS_GAIN	143	4	0.478965	0.8			0.978377	0.971823			
tff:rty:dealer	INTERMEDIARY_CONTEXT	52w	delta_1w_net_oi_pp	oi_normalized_flow	NO_OOS_GAIN	130	3	0.132759	0.5							
tff:rty:lev_money	PRIMARY_DIRECTIONAL	monday	short_contracts	raw_position_level	NO_OOS_GAIN	157	85	0.100112	0.089506			0.978377	0.938281			
tff:rty:lev_money	PRIMARY_DIRECTIONAL	tuesday	signed_delta_net_contracts_percentile	raw_position_flow_normalized	NO_OOS_GAIN	156	85	-0.156843	-0.096463			0.978377	1.0			
tff:rty:lev_money	PRIMARY_DIRECTIONAL	wednesday	delta_1w_net_oi_pp	oi_normalized_flow	NO_OOS_GAIN	153	83	-0.196383	-0.209731			0.907551	0.96862			
tff:rty:lev_money	PRIMARY_DIRECTIONAL	thursday	delta_1w_net_oi_pp	oi_normalized_flow	NO_OOS_GAIN	145	80	-0.081452	-0.251172			0.841218	0.875768			
tff:rty:lev_money	PRIMARY_DIRECTIONAL	friday	delta_1w_net_oi_pp	oi_normalized_flow	NO_OOS_GAIN	138	77	-0.088644	-0.252905			0.841218	0.875768			
tff:rty:lev_money	PRIMARY_DIRECTIONAL	1w	delta_1w_net_oi_pp	oi_normalized_flow	NO_OOS_GAIN	183	93	-0.102451	-0.194309			0.923487	0.96862			
tff:rty:lev_money	PRIMARY_DIRECTIONAL	2w	signed_change_percentile	oi_normalized_flow	NO_OOS_GAIN	182	61	-0.023848	0.124802			0.978377	0.96862			
tff:rty:lev_money	PRIMARY_DIRECTIONAL	3w	short_contracts	raw_position_level	NO_OOS_GAIN	181	46	0.163635	0.304718			0.850328	0.668865			
tff:rty:lev_money	PRIMARY_DIRECTIONAL	4w	delta_long_contracts	raw_position_flow	NO_OOS_GAIN	180	36	0.053904	-0.466409			0.558864	0.602527			
tff:rty:lev_money	PRIMARY_DIRECTIONAL	6w	delta_short_contracts	raw_position_flow	NO_OOS_GAIN	177	26	0.056356	-0.287521			0.978377	0.98761			
tff:rty:lev_money	PRIMARY_DIRECTIONAL	8w	short_oi_pct	oi_normalized_position	NO_OOS_GAIN	175	20	0.358309	0.500752			0.841218	0.83293			
tff:rty:lev_money	PRIMARY_DIRECTIONAL	13w	long_oi_pct	oi_normalized_position	NO_OOS_GAIN	170	13	0.274235	0.285714			0.978377	0.969894			
tff:rty:lev_money	PRIMARY_DIRECTIONAL	26w	delta_long_contracts	raw_position_flow	NO_OOS_GAIN	157	6	0.094969	-0.6			0.978377	0.98761			
tff:rty:lev_money	PRIMARY_DIRECTIONAL	39w	long_contracts	raw_position_level	NO_OOS_GAIN	143	4	0.325871	0.8			0.978377	0.915649			
tff:rty:lev_money	PRIMARY_DIRECTIONAL	52w	delta_1w_net_oi_pp	oi_normalized_flow	NO_OOS_GAIN	130	3	0.088662	1.0							
tff:rty:non_reportable	SECONDARY_DIRECTIONAL	monday	net_contracts	raw_position_level	NO_OOS_GAIN	157	85	-0.080995	-0.213035			0.894843	0.707215			
tff:rty:non_reportable	SECONDARY_DIRECTIONAL	tuesday	net_oi_pct	oi_normalized_position	NO_OOS_GAIN	156	85	-0.132873	-0.177018			0.978377	0.969894			
tff:rty:non_reportable	SECONDARY_DIRECTIONAL	wednesday	net_contracts	raw_position_level	NO_OOS_GAIN	153	83	-0.109394	-0.220016			0.870842	0.668865			
tff:rty:non_reportable	SECONDARY_DIRECTIONAL	thursday	net_oi_pct	oi_normalized_position	NO_OOS_GAIN	145	80	-0.094737	-0.217042			0.899685	0.872504			
tff:rty:non_reportable	SECONDARY_DIRECTIONAL	friday	delta_1w_net_oi_pp	oi_normalized_flow	NO_OOS_GAIN	138	77	0.096954	0.130317			0.978377	0.96862			
tff:rty:non_reportable	SECONDARY_DIRECTIONAL	1w	delta_long_contracts	raw_position_flow	NO_OOS_GAIN	183	93	-0.06954	-0.213989			0.850328	0.940392			
tff:rty:non_reportable	SECONDARY_DIRECTIONAL	2w	delta_long_contracts	raw_position_flow	NO_OOS_GAIN	182	61	-0.066439	0.20698			0.978377	0.98761			
tff:rty:non_reportable	SECONDARY_DIRECTIONAL	3w	position_percentile	oi_normalized_position	NO_OOS_GAIN	181	46	-0.230175	-0.325686			0.841218	0.83293			
tff:rty:non_reportable	SECONDARY_DIRECTIONAL	4w	net_contracts_percentile	raw_position_level_normalized	NO_OOS_GAIN	180	36	-0.288373	-0.31583			0.91958	0.927718			
tff:rty:non_reportable	SECONDARY_DIRECTIONAL	6w	position_percentile	oi_normalized_position	NO_OOS_GAIN	177	26	-0.37423	-0.235556			0.978377	0.969894			
tff:rty:non_reportable	SECONDARY_DIRECTIONAL	8w	short_oi_pct	oi_normalized_position	NO_OOS_GAIN	175	20	0.410083	0.756391			0.09971	0.054551			
tff:rty:non_reportable	SECONDARY_DIRECTIONAL	13w	net_contracts_percentile	raw_position_level_normalized	NO_OOS_GAIN	170	13	-0.545384	-0.467033			0.978377	0.956051			
tff:rty:non_reportable	SECONDARY_DIRECTIONAL	26w	position_percentile	oi_normalized_position	NO_OOS_GAIN	157	6	-0.448282	-0.942857			0.47139	0.302532			
tff:rty:non_reportable	SECONDARY_DIRECTIONAL	39w	long_contracts	raw_position_level	NO_OOS_GAIN	143	4	-0.234258	-0.8			0.978377	0.915649			
tff:rty:non_reportable	SECONDARY_DIRECTIONAL	52w	delta_1w_net_oi_pp	oi_normalized_flow	NO_OOS_GAIN	130	3	-0.094812	1.0							
tff:rty:other_reportable	SECONDARY_DIRECTIONAL	monday	delta_long_contracts	raw_position_flow	NO_OOS_GAIN	157	85	-0.064848	-0.149923			0.978377	0.98761			
tff:rty:other_reportable	SECONDARY_DIRECTIONAL	tuesday	delta_long_contracts	raw_position_flow	NO_OOS_GAIN	156	85	-0.178468	-0.271635			0.736645	0.785414			
tff:rty:other_reportable	SECONDARY_DIRECTIONAL	wednesday	short_oi_pct	oi_normalized_position	NO_OOS_GAIN	153	83	-0.10018	-0.106398			0.978377	0.969894			
tff:rty:other_reportable	SECONDARY_DIRECTIONAL	thursday	delta_long_contracts	raw_position_flow	NO_OOS_GAIN	145	80	-0.139124	-0.183604			0.978377	0.98761			
tff:rty:other_reportable	SECONDARY_DIRECTIONAL	friday	long_oi_pct	oi_normalized_position	NO_OOS_GAIN	138	77	0.052693	0.211815			0.928588	0.900909			
tff:rty:other_reportable	SECONDARY_DIRECTIONAL	1w	net_contracts	raw_position_level	NO_OOS_GAIN	183	93	0.08513	0.164528			0.978377	0.846273			
tff:rty:other_reportable	SECONDARY_DIRECTIONAL	2w	delta_short_contracts	raw_position_flow	NO_OOS_GAIN	182	61	0.048629	0.192332			0.978377	0.98761			
tff:rty:other_reportable	SECONDARY_DIRECTIONAL	3w	delta_net_contracts	raw_position_flow	NO_OOS_GAIN	181	46	0.054366	0.407216			0.571229	0.609062			
tff:rty:other_reportable	SECONDARY_DIRECTIONAL	4w	delta_short_contracts	raw_position_flow	NO_OOS_GAIN	180	36	0.015052	-0.268211			0.978377	0.98761			
tff:rty:other_reportable	SECONDARY_DIRECTIONAL	6w	net_oi_pct	oi_normalized_position	NO_OOS_GAIN	177	26	0.024353	0.167863			0.978377	0.969894			
tff:rty:other_reportable	SECONDARY_DIRECTIONAL	8w	short_oi_pct	oi_normalized_position	NO_OOS_GAIN	175	20	-0.193524	-0.326316			0.978377	0.969894			
tff:rty:other_reportable	SECONDARY_DIRECTIONAL	13w	delta_short_contracts	raw_position_flow	NO_OOS_GAIN	170	13	-0.023255	0.302198			0.978377	0.98761			
tff:rty:other_reportable	SECONDARY_DIRECTIONAL	26w	long_oi_pct	oi_normalized_position	NO_OOS_GAIN	157	6	-0.422606	-0.885714			0.795798	0.724638			
tff:rty:other_reportable	SECONDARY_DIRECTIONAL	39w	net_contracts	raw_position_level	NO_OOS_GAIN	143	4	-0.073271	-0.8			0.978377	0.915649			
tff:rty:other_reportable	SECONDARY_DIRECTIONAL	52w	delta_long_contracts	raw_position_flow	NO_OOS_GAIN	130	3	-0.086564	-1.0							
tff:sp500:asset_mgr	PRIMARY_DIRECTIONAL	monday	short_contracts	raw_position_level	OVERLAP_CONFIRMED_NOT_FDR	203	111	0.180753	0.238066	0.016947	0.100825	0.736645	0.549609	raw_net_flow_plus_oi_pct	0.257126	-0.827855
tff:sp500:asset_mgr	PRIMARY_DIRECTIONAL	tuesday	delta_1w_net_oi_pp	oi_normalized_flow	POSITIVE_OOS_GAIN_NOT_OVERLAP_CONFIRMED	202	111	-0.109045	-0.059108	0.001046	-0.573306	0.978377	1.0	signed_flow_percentiles	0.002021	1e-06
tff:sp500:asset_mgr	PRIMARY_DIRECTIONAL	wednesday	delta_1w_net_oi_pp	oi_normalized_flow	NO_OOS_GAIN	199	109	0.028476	0.077806	-0.001317	-0.103366	0.978377	0.983492	signed_flow_percentiles	-0.00359	-0.007068
tff:sp500:asset_mgr	PRIMARY_DIRECTIONAL	thursday	signed_change_percentile	oi_normalized_flow	NO_OOS_GAIN	190	105	0.043479	0.103898	-0.000863	0.056366	0.978377	0.96862	signed_flow_percentiles	0.000264	-0.000599
tff:sp500:asset_mgr	PRIMARY_DIRECTIONAL	friday	position_percentile	oi_normalized_position	POSITIVE_OOS_GAIN_NOT_OVERLAP_CONFIRMED	182	101	0.090981	0.075352	0.002313	0.567555	0.978377	0.969894	signed_flow_percentiles	-0.022198	-0.022967
tff:sp500:asset_mgr	PRIMARY_DIRECTIONAL	1w	signed_change_percentile	oi_normalized_flow	POSITIVE_OOS_GAIN_NOT_OVERLAP_CONFIRMED	239	121	0.086047	0.017748	0.003044	-0.061757	0.987554	1.0	raw_net_flow_plus_oi_pct	0.006957	-0.050159
tff:sp500:asset_mgr	PRIMARY_DIRECTIONAL	2w	signed_change_percentile	oi_normalized_flow	POSITIVE_OOS_GAIN_NOT_OVERLAP_CONFIRMED	238	80	0.048241	0.053915	0.003523	0.247942	0.978377	1.0	raw_net_flow_plus_oi_pct	0.083481	-0.078015
tff:sp500:asset_mgr	PRIMARY_DIRECTIONAL	3w	signed_change_percentile	oi_normalized_flow	POSITIVE_OOS_GAIN_NOT_OVERLAP_CONFIRMED	237	60	0.01548	-0.012392	0.002661	0.365223	0.993659	1.0	raw_net_flow_plus_oi_pct	0.016283	-0.059838
tff:sp500:asset_mgr	PRIMARY_DIRECTIONAL	4w	short_contracts	raw_position_level	NO_OOS_GAIN	236	48	0.287411	0.417716	-0.086309	4.755529	0.524617	0.50767	signed_flow_percentiles	-0.042863	-0.044843
tff:sp500:asset_mgr	PRIMARY_DIRECTIONAL	6w	short_contracts	raw_position_level	NO_OOS_GAIN	233	34	0.32648	0.371429	-0.121586	5.826407	0.841218	0.668865	signed_flow_percentiles	-0.014423	-0.015024
tff:sp500:asset_mgr	PRIMARY_DIRECTIONAL	8w	delta_1w_net_oi_pp	oi_normalized_flow	POSITIVE_OOS_GAIN_NOT_OVERLAP_CONFIRMED	231	26	-0.022144	0.010598	0.001105	-1.463527	1.0	1.0	signed_flow_percentiles	-0.005154	-0.004339
tff:sp500:asset_mgr	PRIMARY_DIRECTIONAL	13w	short_contracts	raw_position_level	NO_OOS_GAIN	226	17	0.395677	0.509804	-0.125972	6.987007	0.841218	0.668865	signed_flow_percentiles	-0.008785	-0.00937
tff:sp500:asset_mgr	PRIMARY_DIRECTIONAL	26w	short_contracts	raw_position_level	POSITIVE_OOS_GAIN_NOT_OVERLAP_CONFIRMED	213	8	0.548243	0.52381	0.103465	12.33794	0.978377	0.873351	position_ratio_plus_oi_level	0.378143	-0.320996
tff:sp500:asset_mgr	PRIMARY_DIRECTIONAL	39w	long_oi_pct	oi_normalized_position	NO_OOS_GAIN	199	5	0.056723	-0.3	-0.27001	-1.830368	0.978377	0.969894	raw_net_flow_plus_oi_pct	0.02846	-0.056658
tff:sp500:asset_mgr	PRIMARY_DIRECTIONAL	52w	signed_change_percentile	oi_normalized_flow	POSITIVE_OOS_GAIN_NOT_OVERLAP_CONFIRMED	186	4	0.067857	0.8	0.006769	-1.087044	0.978377	0.96862	signed_flow_percentiles	0.000531	0.0073
tff:sp500:dealer	INTERMEDIARY_CONTEXT	monday	signed_delta_net_contracts_percentile	raw_position_flow_normalized	POSITIVE_OOS_GAIN_NOT_OVERLAP_CONFIRMED	203	111	-0.04996	-0.078686	0.001001	-0.242883	0.978377	1.0	signed_flow_percentiles	-0.149814	-0.156469
tff:sp500:dealer	INTERMEDIARY_CONTEXT	tuesday	signed_delta_net_contracts_percentile	raw_position_flow_normalized	POSITIVE_OOS_GAIN_NOT_OVERLAP_CONFIRMED	202	111	-0.046638	-0.099605	0.001853	-0.30527	0.978377	0.998913	signed_flow_percentiles	0.001684	0.001536
tff:sp500:dealer	INTERMEDIARY_CONTEXT	wednesday	delta_1w_net_oi_pp	oi_normalized_flow	POSITIVE_OOS_GAIN_NOT_OVERLAP_CONFIRMED	199	109	4.7e-05	0.104597	0.001197	-0.312628	0.978377	0.96862	signed_flow_percentiles	-0.000575	-0.000956
tff:sp500:dealer	INTERMEDIARY_CONTEXT	thursday	delta_1w_net_oi_pp	oi_normalized_flow	POSITIVE_OOS_GAIN_NOT_OVERLAP_CONFIRMED	190	105	0.028213	0.044179	0.000372	-0.220308	0.978377	1.0	raw_net_flow_plus_oi_pct	-0.000366	-0.079938
tff:sp500:dealer	INTERMEDIARY_CONTEXT	friday	position_percentile	oi_normalized_position	NO_OOS_GAIN	182	101	-0.101156	-0.146872	-0.02084	-0.710978	0.978377	0.969894	raw_net_flow_plus_oi_pct	0.005463	-0.258502
tff:sp500:dealer	INTERMEDIARY_CONTEXT	1w	signed_delta_net_contracts_percentile	raw_position_flow_normalized	POSITIVE_OOS_GAIN_NOT_OVERLAP_CONFIRMED	239	121	-0.057352	-0.107519	0.001164	-0.540969	0.978377	0.998913	net_oi_flow_plus_oi_pct	-0.000689	0.000195
tff:sp500:dealer	INTERMEDIARY_CONTEXT	2w	signed_delta_net_contracts_percentile	raw_position_flow_normalized	POSITIVE_OOS_GAIN_NOT_OVERLAP_CONFIRMED	238	80	-0.025422	-0.213947	0.001595	-0.3553	0.907551	0.998913	signed_flow_percentiles	-0.039094	-0.038591
tff:sp500:dealer	INTERMEDIARY_CONTEXT	3w	long_contracts	raw_position_level	NO_OOS_GAIN	237	60	0.194626	0.36449	-2.67925	3.994272	0.562649	0.50767	signed_flow_percentiles	-0.044793	-0.050457
tff:sp500:dealer	INTERMEDIARY_CONTEXT	4w	signed_change_percentile	oi_normalized_flow	POSITIVE_OOS_GAIN_NOT_OVERLAP_CONFIRMED	236	48	0.020717	0.000868	0.000118	-0.859363	1.0	1.0	signed_flow_percentiles	-0.028345	-0.028228
tff:sp500:dealer	INTERMEDIARY_CONTEXT	6w	short_contracts	raw_position_level	NO_OOS_GAIN	233	34	0.121635	0.330176	-37.826798	2.807373	0.907551	0.707215	position_ratio_plus_oi_level	0.062071	-1.268367
tff:sp500:dealer	INTERMEDIARY_CONTEXT	8w	delta_long_contracts	raw_position_flow	NO_OOS_GAIN	231	26	0.076415	0.628718	-0.022876	-0.349989	0.293516	0.204938	position_ratio_plus_oi_level	0.294028	-1.28508
tff:sp500:dealer	INTERMEDIARY_CONTEXT	13w	long_contracts	raw_position_level	NO_OOS_GAIN	226	17	0.325993	0.470588	-10.881589	11.797887	0.907551	0.707215	position_ratio_plus_oi_level	0.409242	-1.270574
tff:sp500:dealer	INTERMEDIARY_CONTEXT	26w	signed_change_percentile	oi_normalized_flow	NO_OOS_GAIN	213	8	-0.090375	-0.571429	-0.007515	-3.029166	0.978377	0.96862	position_ratio_plus_oi_level	0.590602	-1.277874
tff:sp500:dealer	INTERMEDIARY_CONTEXT	39w	delta_short_contracts	raw_position_flow	NO_OOS_GAIN	199	5	0.081046	0.3	-0.055491	2.544989	0.978377	0.98761	position_ratio_plus_oi_level	0.383896	-3.902325
tff:sp500:dealer	INTERMEDIARY_CONTEXT	52w	signed_delta_net_contracts_percentile	raw_position_flow_normalized	NO_OOS_GAIN	186	4	-0.038009	-0.4	-0.027776	-1.669292	0.978377	1.0	position_ratio_plus_oi_level	0.651274	-3.720877
tff:sp500:lev_money	PRIMARY_DIRECTIONAL	monday	long_oi_pct	oi_normalized_position	POSITIVE_OOS_GAIN_NOT_OVERLAP_CONFIRMED	203	111	0.014255	0.041918	0.01239	-0.45884	0.978377	0.969894	position_ratio_plus_oi_level	0.105587	-0.245365
tff:sp500:lev_money	PRIMARY_DIRECTIONAL	tuesday	long_contracts	raw_position_level	OVERLAP_CONFIRMED_NOT_FDR	202	111	0.133988	0.260302	0.011202	0.362313	0.621636	0.52743	signed_flow_percentiles	0.000951	0.006109
tff:sp500:lev_money	PRIMARY_DIRECTIONAL	wednesday	long_contracts	raw_position_level	POSITIVE_OOS_GAIN_NOT_OVERLAP_CONFIRMED	199	109	0.059214	0.113344	0.011605	0.444195	0.978377	0.908866	raw_net_flow_plus_oi_pct	0.00829	-0.008086
tff:sp500:lev_money	PRIMARY_DIRECTIONAL	thursday	position_percentile	oi_normalized_position	POSITIVE_OOS_GAIN_NOT_OVERLAP_CONFIRMED	190	105	0.058233	0.109299	0.000421	0.844952	0.978377	0.969894	signed_flow_percentiles	-0.00037	-0.000302
tff:sp500:lev_money	PRIMARY_DIRECTIONAL	friday	delta_long_contracts	raw_position_flow	POSITIVE_OOS_GAIN_NOT_OVERLAP_CONFIRMED	182	101	0.02418	-0.059243	0.003242	0.334169	0.978377	0.98761	raw_net_flow_plus_oi_pct	0.002211	-0.005871
tff:sp500:lev_money	PRIMARY_DIRECTIONAL	1w	position_percentile	oi_normalized_position	POSITIVE_OOS_GAIN_NOT_OVERLAP_CONFIRMED	239	121	0.065421	0.114978	0.000717	-0.622985	0.978377	0.969894	raw_net_flow_plus_oi_pct	0.013064	-0.034637
tff:sp500:lev_money	PRIMARY_DIRECTIONAL	2w	position_percentile	oi_normalized_position	OVERLAP_CONFIRMED_NOT_FDR	238	80	0.117077	0.101828	0.001083	-2.622982	0.978377	0.969894	raw_net_flow_plus_oi_pct	-0.004133	-0.178587
tff:sp500:lev_money	PRIMARY_DIRECTIONAL	3w	long_contracts	raw_position_level	POSITIVE_OOS_GAIN_NOT_OVERLAP_CONFIRMED	237	60	0.164585	0.19072	0.003725	1.090702	0.978377	0.848943	raw_net_flow_plus_oi_pct	0.012595	-0.104406
tff:sp500:lev_money	PRIMARY_DIRECTIONAL	4w	long_contracts	raw_position_level	POSITIVE_OOS_GAIN_NOT_OVERLAP_CONFIRMED	236	48	0.174646	0.262375	0.003181	1.403121	0.94037	0.738159	position_ratio_plus_oi_level	0.01497	-0.063674
tff:sp500:lev_money	PRIMARY_DIRECTIONAL	6w	long_contracts	raw_position_level	POSITIVE_OOS_GAIN_NOT_OVERLAP_CONFIRMED	233	34	0.184559	0.256532	0.007923	2.02792	0.978377	0.848943	position_ratio_plus_oi_level	0.118769	0.023195
tff:sp500:lev_money	PRIMARY_DIRECTIONAL	8w	signed_change_percentile	oi_normalized_flow	POSITIVE_OOS_GAIN_NOT_OVERLAP_CONFIRMED	231	26	0.076367	0.122735	0.002195	2.307163	0.978377	1.0	position_ratio_plus_oi_level	0.079299	0.054038
tff:sp500:lev_money	PRIMARY_DIRECTIONAL	13w	long_oi_pct	oi_normalized_position	POSITIVE_OOS_GAIN_NOT_OVERLAP_CONFIRMED	226	17	-0.098841	-0.120098	0.012236	-8.790344	0.978377	0.969894	position_ratio_plus_oi_level	0.129494	0.070826
tff:sp500:lev_money	PRIMARY_DIRECTIONAL	26w	long_oi_pct	oi_normalized_position	POSITIVE_OOS_GAIN_NOT_OVERLAP_CONFIRMED	213	8	-0.12224	-0.404762	0.044425	-11.337715	0.978377	0.969894	raw_net_flow_plus_oi_pct	0.002083	-0.056098
tff:sp500:lev_money	PRIMARY_DIRECTIONAL	39w	net_contracts_percentile	raw_position_level_normalized	POSITIVE_OOS_GAIN_NOT_OVERLAP_CONFIRMED	199	5	-0.360178	-0.5	0.235207	-25.190245	0.978377	0.971823	raw_net_flow_plus_oi_pct	0.013785	0.008806
tff:sp500:lev_money	PRIMARY_DIRECTIONAL	52w	net_contracts_percentile	raw_position_level_normalized	POSITIVE_OOS_GAIN_NOT_OVERLAP_CONFIRMED	186	4	-0.254149	-0.8	0.394658	-29.001551	0.978377	0.971823	net_oi_flow_plus_oi_pct	0.007546	0.005433
tff:sp500:non_reportable	SECONDARY_DIRECTIONAL	monday	short_oi_pct	oi_normalized_position	POSITIVE_OOS_GAIN_NOT_OVERLAP_CONFIRMED	203	111	-0.021855	-0.073771	0.005238		0.978377	0.969894	signed_flow_percentiles	-0.183309	-0.193843
tff:sp500:non_reportable	SECONDARY_DIRECTIONAL	tuesday	long_oi_pct	oi_normalized_position	POSITIVE_OOS_GAIN_NOT_OVERLAP_CONFIRMED	202	111	0.053075	0.100307	0.001545		0.978377	0.969894	signed_flow_percentiles	0.002524	9.1e-05
tff:sp500:non_reportable	SECONDARY_DIRECTIONAL	wednesday	long_oi_pct	oi_normalized_position	POSITIVE_OOS_GAIN_NOT_OVERLAP_CONFIRMED	199	109	0.061643	6.5e-05	9.2e-05		1.0	1.0	signed_flow_percentiles	0.000736	-0.020432
tff:sp500:non_reportable	SECONDARY_DIRECTIONAL	thursday	long_oi_pct	oi_normalized_position	NO_OOS_GAIN	190	105	0.013263	-0.080831	-0.000425		0.978377	0.969894	signed_flow_percentiles	-0.003391	-0.009344
tff:sp500:non_reportable	SECONDARY_DIRECTIONAL	friday	short_oi_pct	oi_normalized_position	POSITIVE_OOS_GAIN_NOT_OVERLAP_CONFIRMED	182	101	-0.018734	-0.00509	3.9e-05		1.0	0.996923	raw_net_flow_plus_oi_pct	0.00434	-0.144298
tff:sp500:non_reportable	SECONDARY_DIRECTIONAL	1w	short_contracts	raw_position_level	NO_OOS_GAIN	239	121	0.156224	0.211001	-0.010156	0.509616	0.841218	0.662889	net_oi_flow_plus_oi_pct	-0.0033	-0.00343
tff:sp500:non_reportable	SECONDARY_DIRECTIONAL	2w	long_oi_pct	oi_normalized_position	POSITIVE_OOS_GAIN_NOT_OVERLAP_CONFIRMED	238	80	-0.084019	-0.20082	4.1e-05		0.943159	0.908545	signed_flow_percentiles	-0.042471	-0.042667
tff:sp500:non_reportable	SECONDARY_DIRECTIONAL	3w	signed_change_percentile	oi_normalized_flow	POSITIVE_OOS_GAIN_NOT_OVERLAP_CONFIRMED	237	60	0.066883	0.188052	0.005369	0.140733	0.978377	0.96862	signed_flow_percentiles	-0.054051	-0.048682
tff:sp500:non_reportable	SECONDARY_DIRECTIONAL	4w	short_contracts	raw_position_level	NO_OOS_GAIN	236	48	0.313279	0.388298	-0.640447	1.953011	0.63405	0.52743	signed_flow_percentiles	-0.024354	-0.028351
tff:sp500:non_reportable	SECONDARY_DIRECTIONAL	6w	delta_net_contracts	raw_position_flow	POSITIVE_OOS_GAIN_NOT_OVERLAP_CONFIRMED	233	34	-0.051317	0.257448	0.00769	-0.641872	0.978377	0.98761	position_ratio_plus_oi_level	0.134006	-0.337429
tff:sp500:non_reportable	SECONDARY_DIRECTIONAL	8w	delta_net_contracts	raw_position_flow	POSITIVE_OOS_GAIN_NOT_OVERLAP_CONFIRMED	231	26	-0.043909	-0.117949	0.004924	-0.328089	0.978377	0.98761	position_ratio_plus_oi_level	0.292457	-0.34332
tff:sp500:non_reportable	SECONDARY_DIRECTIONAL	13w	delta_short_contracts	raw_position_flow	POSITIVE_OOS_GAIN_NOT_OVERLAP_CONFIRMED	226	17	0.019718	-0.171569	0.001788	1.704808	0.978377	0.98761	position_ratio_plus_oi_level	0.397447	-0.636763
tff:sp500:non_reportable	SECONDARY_DIRECTIONAL	26w	long_oi_pct	oi_normalized_position	POSITIVE_OOS_GAIN_NOT_OVERLAP_CONFIRMED	213	8	0.135525	0.547619	0.008229		0.978377	0.969894	position_ratio_plus_oi_level	0.578358	-1.159855
tff:sp500:non_reportable	SECONDARY_DIRECTIONAL	39w	delta_short_contracts	raw_position_flow	POSITIVE_OOS_GAIN_NOT_OVERLAP_CONFIRMED	199	5	-0.027267	0.4	0.002228	1.497566	0.978377	0.98761	position_ratio_plus_oi_level	0.540037	-1.992319
tff:sp500:non_reportable	SECONDARY_DIRECTIONAL	52w	delta_short_contracts	raw_position_flow	POSITIVE_OOS_GAIN_NOT_OVERLAP_CONFIRMED	186	4	-0.051412	-0.2	0.003005	1.08448	0.987554	0.98761	position_ratio_plus_oi_level	0.740716	-1.429129
tff:sp500:other_reportable	SECONDARY_DIRECTIONAL	monday	long_oi_pct	oi_normalized_position	NO_OOS_GAIN	203	111	-0.140107	-0.181651	-0.189477	-0.352057	0.907551	0.873225	raw_net_flow_plus_oi_pct	0.706972	-2.653032
tff:sp500:other_reportable	SECONDARY_DIRECTIONAL	tuesday	signed_change_percentile	oi_normalized_flow	POSITIVE_OOS_GAIN_NOT_OVERLAP_CONFIRMED	202	111	0.079252	0.046604	0.003269	0.068028	0.978377	1.0	position_ratio_plus_oi_level	0.0053	-0.022236
tff:sp500:other_reportable	SECONDARY_DIRECTIONAL	wednesday	long_oi_pct	oi_normalized_position	POSITIVE_OOS_GAIN_NOT_OVERLAP_CONFIRMED	199	109	0.009178	0.083496	0.006426	-0.372371	0.978377	0.969894	position_ratio_plus_oi_level	0.000813	-0.062361
tff:sp500:other_reportable	SECONDARY_DIRECTIONAL	thursday	net_contracts	raw_position_level	NO_OOS_GAIN	190	105	-0.008059	0.045293	-0.004109	0.046402	0.978377	0.938281	signed_flow_percentiles	0.000171	-0.00259
tff:sp500:other_reportable	SECONDARY_DIRECTIONAL	friday	delta_1w_net_oi_pp	oi_normalized_flow	POSITIVE_OOS_GAIN_NOT_OVERLAP_CONFIRMED	182	101	0.141317	0.076832	0.022432	0.715129	0.978377	0.995495	net_oi_flow_plus_oi_pct	-0.022057	0.000374
tff:sp500:other_reportable	SECONDARY_DIRECTIONAL	1w	signed_delta_net_contracts_percentile	raw_position_flow_normalized	POSITIVE_OOS_GAIN_NOT_OVERLAP_CONFIRMED	239	121	0.074504	0.103956	0.009962	0.350419	0.978377	0.998913	net_oi_flow_plus_oi_pct	0.000517	-0.009826
tff:sp500:other_reportable	SECONDARY_DIRECTIONAL	2w	signed_delta_net_contracts_percentile	raw_position_flow_normalized	POSITIVE_OOS_GAIN_NOT_OVERLAP_CONFIRMED	238	80	0.025624	0.024332	0.00243	-0.043022	0.987554	1.0	position_ratio_plus_oi_level	-0.008584	-0.048413
tff:sp500:other_reportable	SECONDARY_DIRECTIONAL	3w	signed_change_percentile	oi_normalized_flow	POSITIVE_OOS_GAIN_NOT_OVERLAP_CONFIRMED	237	60	0.063359	-0.023673	0.002082	-0.501017	0.987554	1.0	position_ratio_plus_oi_level	0.010243	-0.048274
tff:sp500:other_reportable	SECONDARY_DIRECTIONAL	4w	delta_short_contracts	raw_position_flow	POSITIVE_OOS_GAIN_NOT_OVERLAP_CONFIRMED	236	48	0.048235	0.076748	0.003067	0.679198	0.978377	0.98761	position_ratio_plus_oi_level	0.035568	-0.070673
tff:sp500:other_reportable	SECONDARY_DIRECTIONAL	6w	long_contracts	raw_position_level	NO_OOS_GAIN	233	34	0.122491	0.332009	-2.241491	-1.629161	0.907551	0.707215	position_ratio_plus_oi_level	0.044255	-0.074471
tff:sp500:other_reportable	SECONDARY_DIRECTIONAL	8w	long_oi_pct	oi_normalized_position	OVERLAP_CONFIRMED_NOT_FDR	231	26	-0.181292	-0.264957	0.004165	-12.598372	0.978377	0.969894	position_ratio_plus_oi_level	0.041116	-0.029655
tff:sp500:other_reportable	SECONDARY_DIRECTIONAL	13w	signed_delta_net_contracts_percentile	raw_position_flow_normalized	NO_OOS_GAIN	226	17	-0.081316	0.14951	-0.001409	-1.762613	0.978377	1.0	position_ratio_plus_oi_level	0.046251	0.006396
tff:sp500:other_reportable	SECONDARY_DIRECTIONAL	26w	short_oi_pct	oi_normalized_position	POSITIVE_OOS_GAIN_NOT_OVERLAP_CONFIRMED	213	8	-0.206442	-0.380952	0.033809	-19.67367	0.978377	0.969894	position_ratio_plus_oi_level	0.104332	0.135175
tff:sp500:other_reportable	SECONDARY_DIRECTIONAL	39w	short_oi_pct	oi_normalized_position	POSITIVE_OOS_GAIN_NOT_OVERLAP_CONFIRMED	199	5	-0.12482	-0.9	0.019134	-25.47867	0.841218	0.83293	position_ratio_plus_oi_level	0.208965	0.165492
tff:sp500:other_reportable	SECONDARY_DIRECTIONAL	52w	short_oi_pct	oi_normalized_position	POSITIVE_OOS_GAIN_NOT_OVERLAP_CONFIRMED	186	4	-0.130402	-0.4	0.09058	-28.276835	0.978377	0.969894	position_ratio_plus_oi_level	0.153942	0.236774
tff:vix:asset_mgr	PRIMARY_DIRECTIONAL	monday	long_contracts	raw_position_level	OVERLAP_CONFIRMED_NOT_FDR	225	116	0.10739	0.157391	0.009694		0.978377	0.791246	position_ratio_plus_oi_level	0.009927	-0.071617
tff:vix:asset_mgr	PRIMARY_DIRECTIONAL	tuesday	short_oi_pct	oi_normalized_position	OVERLAP_CONFIRMED_NOT_FDR	225	116	0.125144	0.282267	0.006636	-0.187083	0.469155	0.302532	signed_flow_percentiles	-0.01124	-0.012704
tff:vix:asset_mgr	PRIMARY_DIRECTIONAL	wednesday	short_oi_pct	oi_normalized_position	OVERLAP_CONFIRMED_NOT_FDR	223	116	0.155842	0.339899	0.007609	1.2272	0.210453	0.115403	position_ratio_plus_oi_level	-0.002133	-0.08726
tff:vix:asset_mgr	PRIMARY_DIRECTIONAL	thursday	short_contracts	raw_position_level	OVERLAP_CONFIRMED_NOT_FDR	221	115	0.200264	0.311505	0.038175	19.48595	0.359733	0.426237	position_ratio_plus_oi_level	0.02706	-0.106342
tff:vix:asset_mgr	PRIMARY_DIRECTIONAL	friday	short_oi_pct	oi_normalized_position	OVERLAP_CONFIRMED_NOT_FDR	215	111	0.154914	0.290944	0.005147	6.754167	0.469155	0.302532	position_ratio_plus_oi_level	-0.001573	-0.036569
tff:vix:asset_mgr	PRIMARY_DIRECTIONAL	1w	short_contracts	raw_position_level	OVERLAP_CONFIRMED_NOT_FDR	239	121	0.184545	0.188613	0.008873	26.5773	0.84371	0.668865	position_ratio_plus_oi_level	-0.010428	-0.063764
tff:vix:asset_mgr	PRIMARY_DIRECTIONAL	2w	short_contracts	raw_position_level	OVERLAP_CONFIRMED_NOT_FDR	238	80	0.226167	0.188561	0.011944	47.42255	0.978377	0.791246	signed_flow_percentiles	-0.024019	-0.036099
tff:vix:asset_mgr	PRIMARY_DIRECTIONAL	3w	short_contracts	raw_position_level	OVERLAP_CONFIRMED_NOT_FDR	237	60	0.289864	0.196443	0.026894	81.359043	0.978377	0.847277	net_oi_flow_plus_oi_pct	-0.058787	-0.059301
tff:vix:asset_mgr	PRIMARY_DIRECTIONAL	4w	short_contracts	raw_position_level	OVERLAP_CONFIRMED_NOT_FDR	236	48	0.278291	0.185085	0.023764	100.070029	0.978377	0.898687	signed_flow_percentiles	-0.001109	-0.021492
tff:vix:asset_mgr	PRIMARY_DIRECTIONAL	6w	short_oi_pct	oi_normalized_position	OVERLAP_CONFIRMED_NOT_FDR	233	34	0.299599	0.38518	0.003991	26.084983	0.841218	0.83293	net_oi_flow_plus_oi_pct	0.001291	0.006923
tff:vix:asset_mgr	PRIMARY_DIRECTIONAL	8w	short_contracts	raw_position_level	OVERLAP_CONFIRMED_NOT_FDR	231	26	0.274813	0.345641	0.034204	69.360793	0.973734	0.767967	signed_flow_percentiles	-0.001072	0.02136
tff:vix:asset_mgr	PRIMARY_DIRECTIONAL	13w	delta_short_contracts	raw_position_flow	POSITIVE_OOS_GAIN_NOT_OVERLAP_CONFIRMED	226	17	0.23523	0.188725	0.026221	35.953992	0.978377	0.98761	raw_net_flow_plus_oi_pct	0.003442	0.016579
tff:vix:asset_mgr	PRIMARY_DIRECTIONAL	26w	delta_short_contracts	raw_position_flow	POSITIVE_OOS_GAIN_NOT_OVERLAP_CONFIRMED	213	8	0.195065	0.142857	0.022968	24.40522	0.987554	0.98761	signed_flow_percentiles	-0.005024	-0.033171
tff:vix:asset_mgr	PRIMARY_DIRECTIONAL	39w	short_contracts	raw_position_level	POSITIVE_OOS_GAIN_NOT_OVERLAP_CONFIRMED	200	5	0.29705	0.9	0.098275	261.126029	0.841218	0.668865	signed_flow_percentiles	-0.001103	0.000595
tff:vix:asset_mgr	PRIMARY_DIRECTIONAL	52w	long_contracts	raw_position_level	POSITIVE_OOS_GAIN_NOT_OVERLAP_CONFIRMED	187	4	-0.379101	-0.8	0.148204		0.978377	0.915649	signed_flow_percentiles	-0.016117	-0.036071
tff:vix:dealer	INTERMEDIARY_CONTEXT	monday	short_oi_pct	oi_normalized_position	OVERLAP_CONFIRMED_NOT_FDR	225	116	-0.136142	-0.186284	0.010373		0.870842	0.858617	signed_flow_percentiles	0.000951	-0.037252
tff:vix:dealer	INTERMEDIARY_CONTEXT	tuesday	short_oi_pct	oi_normalized_position	OVERLAP_CONFIRMED_NOT_FDR	225	116	-0.141714	-0.211094	0.010478		0.841218	0.83293	position_ratio_plus_oi_level	-0.004906	-0.002648
tff:vix:dealer	INTERMEDIARY_CONTEXT	wednesday	short_oi_pct	oi_normalized_position	POSITIVE_OOS_GAIN_NOT_OVERLAP_CONFIRMED	223	116	-0.087077	-0.192066	0.00387		0.848593	0.842927	position_ratio_plus_oi_level	0.000931	-0.000161
tff:vix:dealer	INTERMEDIARY_CONTEXT	thursday	short_oi_pct	oi_normalized_position	POSITIVE_OOS_GAIN_NOT_OVERLAP_CONFIRMED	221	115	-0.062785	-0.206597	0.006063		0.841218	0.83293	position_ratio_plus_oi_level	-0.012611	-0.010672
tff:vix:dealer	INTERMEDIARY_CONTEXT	friday	short_oi_pct	oi_normalized_position	POSITIVE_OOS_GAIN_NOT_OVERLAP_CONFIRMED	215	111	-0.038668	-0.208064	0.000161		0.841218	0.83293	position_ratio_plus_oi_level	-0.003179	-0.003391
tff:vix:dealer	INTERMEDIARY_CONTEXT	1w	delta_1w_net_oi_pp	oi_normalized_flow	POSITIVE_OOS_GAIN_NOT_OVERLAP_CONFIRMED	239	121	-0.066899	-0.067802	0.005084	-2.771692	0.978377	1.0	position_ratio_plus_oi_level	-0.001959	-0.00424
tff:vix:dealer	INTERMEDIARY_CONTEXT	2w	net_contracts	raw_position_level	OVERLAP_CONFIRMED_NOT_FDR	238	80	0.127763	0.148008	0.002578		0.978377	0.873351	position_ratio_plus_oi_level	-0.001729	-0.003237
tff:vix:dealer	INTERMEDIARY_CONTEXT	3w	net_contracts	raw_position_level	OVERLAP_CONFIRMED_NOT_FDR	237	60	0.176324	0.121589	0.031883		0.978377	0.938281	position_ratio_plus_oi_level	-0.003975	0.020488
tff:vix:dealer	INTERMEDIARY_CONTEXT	4w	net_contracts	raw_position_level	OVERLAP_CONFIRMED_NOT_FDR	236	48	0.164285	0.159249	0.055065		0.978377	0.924216	position_ratio_plus_oi_level	-0.001686	0.040098
tff:vix:dealer	INTERMEDIARY_CONTEXT	6w	net_contracts	raw_position_level	OVERLAP_CONFIRMED_NOT_FDR	233	34	0.217897	0.27395	0.084231		0.978377	0.846273	raw_net_flow_plus_oi_pct	-0.001906	0.000947
tff:vix:dealer	INTERMEDIARY_CONTEXT	8w	net_contracts	raw_position_level	OVERLAP_CONFIRMED_NOT_FDR	231	26	0.175685	0.262906	0.085476		0.978377	0.880204	signed_flow_percentiles	-0.000242	-0.006061
tff:vix:dealer	INTERMEDIARY_CONTEXT	13w	delta_short_contracts	raw_position_flow	POSITIVE_OOS_GAIN_NOT_OVERLAP_CONFIRMED	226	17	-0.032018	-0.186275	0.007905	-12.635934	0.978377	0.98761	net_oi_flow_plus_oi_pct	0.004316	0.007525
tff:vix:dealer	INTERMEDIARY_CONTEXT	26w	long_contracts	raw_position_level	POSITIVE_OOS_GAIN_NOT_OVERLAP_CONFIRMED	213	8	0.289992	0.190476	0.216519	26.85333	0.978377	0.938281	position_ratio_plus_oi_level	0.001136	0.121584
tff:vix:dealer	INTERMEDIARY_CONTEXT	39w	long_contracts	raw_position_level	POSITIVE_OOS_GAIN_NOT_OVERLAP_CONFIRMED	200	5	0.504686	0.5	0.257028	20.863913	0.978377	0.938281	position_ratio_plus_oi_level	0.003012	0.176151
tff:vix:dealer	INTERMEDIARY_CONTEXT	52w	long_contracts	raw_position_level	POSITIVE_OOS_GAIN_NOT_OVERLAP_CONFIRMED	187	4	0.489393	0.8	0.41655		0.978377	0.915649	position_ratio_plus_oi_level	0.000719	0.232781
tff:vix:lev_money	PRIMARY_DIRECTIONAL	monday	short_contracts	raw_position_level	POSITIVE_OOS_GAIN_NOT_OVERLAP_CONFIRMED	225	116	-0.013397	0.033637	0.006665		0.987554	0.955534	signed_flow_percentiles	0.000619	-0.006667
tff:vix:lev_money	PRIMARY_DIRECTIONAL	tuesday	signed_change_percentile	oi_normalized_flow	POSITIVE_OOS_GAIN_NOT_OVERLAP_CONFIRMED	225	116	0.081803	0.09606	0.007774	3.99571	0.978377	0.96862	position_ratio_plus_oi_level	0.000452	-0.081495
tff:vix:lev_money	PRIMARY_DIRECTIONAL	wednesday	delta_short_contracts	raw_position_flow	OVERLAP_CONFIRMED_NOT_FDR	223	116	-0.150638	-0.209857	0.005807	-5.188253	0.841218	0.785414	position_ratio_plus_oi_level	0.004196	-0.025157
tff:vix:lev_money	PRIMARY_DIRECTIONAL	thursday	signed_change_percentile	oi_normalized_flow	OVERLAP_CONFIRMED_NOT_FDR	221	115	0.113356	0.103938	0.000781	6.147689	0.978377	0.96862	position_ratio_plus_oi_level	-0.00354	-0.052315
tff:vix:lev_money	PRIMARY_DIRECTIONAL	friday	signed_change_percentile	oi_normalized_flow	POSITIVE_OOS_GAIN_NOT_OVERLAP_CONFIRMED	215	111	0.10724	0.093603	0.004741	2.57745	0.978377	0.96862	position_ratio_plus_oi_level	-0.003003	-0.017558
tff:vix:lev_money	PRIMARY_DIRECTIONAL	1w	signed_delta_net_contracts_percentile	raw_position_flow_normalized	POSITIVE_OOS_GAIN_NOT_OVERLAP_CONFIRMED	239	121	0.119523	0.045576	0.007459	3.132996	0.978377	1.0	position_ratio_plus_oi_level	-0.004301	-0.007071
tff:vix:lev_money	PRIMARY_DIRECTIONAL	2w	signed_change_percentile	oi_normalized_flow	POSITIVE_OOS_GAIN_NOT_OVERLAP_CONFIRMED	238	80	0.094015	0.113526	0.010596	-0.843193	0.978377	0.96862	position_ratio_plus_oi_level	-0.002641	-0.014519
tff:vix:lev_money	PRIMARY_DIRECTIONAL	3w	short_contracts	raw_position_level	POSITIVE_OOS_GAIN_NOT_OVERLAP_CONFIRMED	237	60	-0.08441	-0.159544	0.015387		0.978377	0.908866	position_ratio_plus_oi_level	0.006424	-0.058706
tff:vix:lev_money	PRIMARY_DIRECTIONAL	4w	short_contracts	raw_position_level	POSITIVE_OOS_GAIN_NOT_OVERLAP_CONFIRMED	236	48	-0.07316	-0.228615	0.021012		0.978377	0.846273	position_ratio_plus_oi_level	0.013169	-0.114759
tff:vix:lev_money	PRIMARY_DIRECTIONAL	6w	short_contracts	raw_position_level	POSITIVE_OOS_GAIN_NOT_OVERLAP_CONFIRMED	233	34	-0.065542	-0.14958	0.02328		0.978377	0.938281	position_ratio_plus_oi_level	0.020894	-0.075493
tff:vix:lev_money	PRIMARY_DIRECTIONAL	8w	signed_change_percentile	oi_normalized_flow	OVERLAP_CONFIRMED_NOT_FDR	231	26	0.117478	0.361368	0.009305	13.250841	0.936374	0.96862	position_ratio_plus_oi_level	0.018057	-0.037836
tff:vix:lev_money	PRIMARY_DIRECTIONAL	13w	short_contracts	raw_position_level	POSITIVE_OOS_GAIN_NOT_OVERLAP_CONFIRMED	226	17	-0.039807	-0.279412	0.089027		0.978377	0.924216	raw_net_flow_plus_oi_pct	0.004644	0.008371
tff:vix:lev_money	PRIMARY_DIRECTIONAL	26w	delta_net_contracts	raw_position_flow	POSITIVE_OOS_GAIN_NOT_OVERLAP_CONFIRMED	213	8	0.045608	-0.309524	0.000182	5.252594	0.978377	0.98761	position_ratio_plus_oi_level	0.040106	-0.059783
tff:vix:lev_money	PRIMARY_DIRECTIONAL	39w	net_contracts	raw_position_level	POSITIVE_OOS_GAIN_NOT_OVERLAP_CONFIRMED	200	5	0.332622	0.3	0.104668		0.978377	0.938281	position_ratio_plus_oi_level	0.073821	0.034876
tff:vix:lev_money	PRIMARY_DIRECTIONAL	52w	short_contracts	raw_position_level	POSITIVE_OOS_GAIN_NOT_OVERLAP_CONFIRMED	187	4	-0.099175	-0.4	0.296947		0.978377	0.938281	position_ratio_plus_oi_level	0.124419	0.114659
tff:vix:non_reportable	SECONDARY_DIRECTIONAL	monday	short_contracts	raw_position_level	POSITIVE_OOS_GAIN_NOT_OVERLAP_CONFIRMED	225	116	0.046598	0.167624	0.013726	3.123251	0.94037	0.738159	signed_flow_percentiles	-0.00091	-0.009377
tff:vix:non_reportable	SECONDARY_DIRECTIONAL	tuesday	short_contracts	raw_position_level	POSITIVE_OOS_GAIN_NOT_OVERLAP_CONFIRMED	225	116	0.006608	0.055565	0.004036	-1.048614	0.978377	0.938281	position_ratio_plus_oi_level	0.000583	0.003168
tff:vix:non_reportable	SECONDARY_DIRECTIONAL	wednesday	delta_1w_net_oi_pp	oi_normalized_flow	OVERLAP_CONFIRMED_NOT_FDR	223	116	0.10411	0.112013	0.001066	5.286481	0.978377	0.96862	position_ratio_plus_oi_level	0.005953	0.00451
tff:vix:non_reportable	SECONDARY_DIRECTIONAL	thursday	delta_1w_net_oi_pp	oi_normalized_flow	OVERLAP_CONFIRMED_NOT_FDR	221	115	0.101531	0.153618	0.013281	9.249564	0.978377	0.96862	position_ratio_plus_oi_level	-0.005352	-0.012535
tff:vix:non_reportable	SECONDARY_DIRECTIONAL	friday	delta_1w_net_oi_pp	oi_normalized_flow	POSITIVE_OOS_GAIN_NOT_OVERLAP_CONFIRMED	215	111	0.029859	0.022148	0.011897	8.222707	0.987554	1.0	position_ratio_plus_oi_level	-0.01017	-0.001033
tff:vix:non_reportable	SECONDARY_DIRECTIONAL	1w	delta_net_contracts	raw_position_flow	POSITIVE_OOS_GAIN_NOT_OVERLAP_CONFIRMED	239	121	0.053637	0.157208	0.004495	8.169417	0.976318	0.98761	position_ratio_plus_oi_level	-0.012017	-0.01546
tff:vix:non_reportable	SECONDARY_DIRECTIONAL	2w	delta_net_contracts	raw_position_flow	POSITIVE_OOS_GAIN_NOT_OVERLAP_CONFIRMED	238	80	0.062763	0.078903	0.001751	14.067514	0.978377	0.98761	position_ratio_plus_oi_level	-0.010208	-0.014509
tff:vix:non_reportable	SECONDARY_DIRECTIONAL	3w	long_contracts	raw_position_level	NO_OOS_GAIN	237	60	0.01205	0.194887	-0.000433	-2.63539	0.978377	0.847277	position_ratio_plus_oi_level	0.001007	0.000313
tff:vix:non_reportable	SECONDARY_DIRECTIONAL	4w	net_contracts	raw_position_level	POSITIVE_OOS_GAIN_NOT_OVERLAP_CONFIRMED	236	48	0.076691	-0.07284	0.009354	-5.023502	0.978377	0.938281	position_ratio_plus_oi_level	0.018033	0.022101
tff:vix:non_reportable	SECONDARY_DIRECTIONAL	6w	short_contracts	raw_position_level	POSITIVE_OOS_GAIN_NOT_OVERLAP_CONFIRMED	233	34	-0.064248	0.048434	0.002673	0.840424	0.987554	0.973469	position_ratio_plus_oi_level	0.007976	0.003006
tff:vix:non_reportable	SECONDARY_DIRECTIONAL	8w	short_oi_pct	oi_normalized_position	OVERLAP_CONFIRMED_NOT_FDR	231	26	-0.165293	-0.243077	0.005582	-12.028346	0.978377	0.969894	signed_flow_percentiles	-0.002546	0.006258
tff:vix:non_reportable	SECONDARY_DIRECTIONAL	13w	delta_long_contracts	raw_position_flow	POSITIVE_OOS_GAIN_NOT_OVERLAP_CONFIRMED	226	17	0.038795	0.426471	0.001286	-0.252361	0.976318	0.98761	raw_net_flow_plus_oi_pct	0.004209	0.004501
tff:vix:non_reportable	SECONDARY_DIRECTIONAL	26w	short_oi_pct	oi_normalized_position	POSITIVE_OOS_GAIN_NOT_OVERLAP_CONFIRMED	213	8	-0.313111	-0.452381	0.086067	-37.601044	0.978377	0.969894	position_ratio_plus_oi_level	-0.01339	-0.117901
tff:vix:non_reportable	SECONDARY_DIRECTIONAL	39w	short_oi_pct	oi_normalized_position	POSITIVE_OOS_GAIN_NOT_OVERLAP_CONFIRMED	200	5	-0.318051	-0.3	0.11564	-19.040218	0.978377	0.969894	position_ratio_plus_oi_level	0.057964	0.035083
tff:vix:non_reportable	SECONDARY_DIRECTIONAL	52w	short_oi_pct	oi_normalized_position	POSITIVE_OOS_GAIN_NOT_OVERLAP_CONFIRMED	187	4	-0.450416	-0.8	0.263023		0.978377	0.969894	position_ratio_plus_oi_level	0.08941	0.090243
tff:vix:other_reportable	SECONDARY_DIRECTIONAL	monday	long_contracts	raw_position_level	POSITIVE_OOS_GAIN_NOT_OVERLAP_CONFIRMED	225	116	0.060515	0.10466	0.035217	-1.252689	0.978377	0.915649	raw_net_flow_plus_oi_pct	0.005903	-0.051621
tff:vix:other_reportable	SECONDARY_DIRECTIONAL	tuesday	net_contracts_percentile	raw_position_level_normalized	POSITIVE_OOS_GAIN_NOT_OVERLAP_CONFIRMED	225	116	0.018915	-0.066513	0.016163	2.406758	0.978377	0.971823	position_ratio_plus_oi_level	0.001094	0.010847
tff:vix:other_reportable	SECONDARY_DIRECTIONAL	wednesday	net_contracts_percentile	raw_position_level_normalized	POSITIVE_OOS_GAIN_NOT_OVERLAP_CONFIRMED	223	116	0.022141	-0.089194	0.027098	3.563474	0.978377	0.971823	position_ratio_plus_oi_level	0.01196	0.024948
tff:vix:other_reportable	SECONDARY_DIRECTIONAL	thursday	long_contracts	raw_position_level	POSITIVE_OOS_GAIN_NOT_OVERLAP_CONFIRMED	221	115	-0.019254	-0.043017	0.025357	17.49217	0.978377	0.938281	position_ratio_plus_oi_level	0.018633	-0.029266
tff:vix:other_reportable	SECONDARY_DIRECTIONAL	friday	short_contracts	raw_position_level	POSITIVE_OOS_GAIN_NOT_OVERLAP_CONFIRMED	215	111	-0.06211	-0.046841	0.000191	2.397214	0.978377	0.938281	position_ratio_plus_oi_level	0.01381	-0.116214
tff:vix:other_reportable	SECONDARY_DIRECTIONAL	1w	delta_short_contracts	raw_position_flow	POSITIVE_OOS_GAIN_NOT_OVERLAP_CONFIRMED	239	121	-0.041882	-0.061062	0.001088	-5.791246	0.978377	0.98761	position_ratio_plus_oi_level	0.011622	-0.123148
tff:vix:other_reportable	SECONDARY_DIRECTIONAL	2w	short_contracts	raw_position_level	POSITIVE_OOS_GAIN_NOT_OVERLAP_CONFIRMED	238	80	-0.096245	0.055954	0.000539	-8.405913	0.978377	0.938281	position_ratio_plus_oi_level	0.014588	-0.030725
tff:vix:other_reportable	SECONDARY_DIRECTIONAL	3w	long_contracts	raw_position_level	POSITIVE_OOS_GAIN_NOT_OVERLAP_CONFIRMED	237	60	-0.063209	0.064518	0.007247	47.674468	0.978377	0.938281	position_ratio_plus_oi_level	0.032788	-0.004514
tff:vix:other_reportable	SECONDARY_DIRECTIONAL	4w	long_contracts	raw_position_level	POSITIVE_OOS_GAIN_NOT_OVERLAP_CONFIRMED	236	48	-0.019692	0.113717	0.022687	8.668501	0.978377	0.938281	position_ratio_plus_oi_level	0.044239	-0.014332
tff:vix:other_reportable	SECONDARY_DIRECTIONAL	6w	long_contracts	raw_position_level	POSITIVE_OOS_GAIN_NOT_OVERLAP_CONFIRMED	233	34	0.013004	0.275172	0.026299	10.794334	0.978377	0.846273	position_ratio_plus_oi_level	0.050465	-0.017587
tff:vix:other_reportable	SECONDARY_DIRECTIONAL	8w	long_contracts	raw_position_level	POSITIVE_OOS_GAIN_NOT_OVERLAP_CONFIRMED	231	26	-0.02699	-0.182906	0.019417	31.942013	0.978377	0.938281	position_ratio_plus_oi_level	0.035204	0.023623
tff:vix:other_reportable	SECONDARY_DIRECTIONAL	13w	net_contracts_percentile	raw_position_level_normalized	POSITIVE_OOS_GAIN_NOT_OVERLAP_CONFIRMED	226	17	0.077509	0.487745	0.051562	2.425192	0.872827	0.927718	position_ratio_plus_oi_level	0.030596	0.038006
tff:vix:other_reportable	SECONDARY_DIRECTIONAL	26w	delta_short_contracts	raw_position_flow	POSITIVE_OOS_GAIN_NOT_OVERLAP_CONFIRMED	213	8	-0.110419	-0.642857	0.0062	-13.73278	0.976318	0.98761	position_ratio_plus_oi_level	0.015844	0.01888
tff:vix:other_reportable	SECONDARY_DIRECTIONAL	39w	long_contracts	raw_position_level	POSITIVE_OOS_GAIN_NOT_OVERLAP_CONFIRMED	200	5	-0.007901	0.3	0.120254	39.813315	0.978377	0.938281	position_ratio_plus_oi_level	0.072286	0.118152
tff:vix:other_reportable	SECONDARY_DIRECTIONAL	52w	long_contracts	raw_position_level	POSITIVE_OOS_GAIN_NOT_OVERLAP_CONFIRMED	187	4	0.015944	0.4	0.165742	6.946817	0.978377	0.938281	position_ratio_plus_oi_level	0.093015	0.132268
