dataset,market,category,position_change_metric,horizon,bottom_quartile_threshold,top_quartile_threshold,top_quartile_n,top_quartile_mean_return,top_quartile_median_return,top_quartile_hit_rate,top_quartile_stdev,bottom_quartile_n,bottom_quartile_mean_return,bottom_quartile_median_return,bottom_quartile_hit_rate,bottom_quartile_stdev,mean_diff_up_minus_down,welch_t,normal_p_approx
tff_disaggregated,sp500,asset_mgr,net_oi_pct_change,1d_post_release,-1.319377060851014,0.9662109341207593,133,0.0016206965616105175,0.001018020225231675,0.5639097744360902,0.010610232981306965,132,-0.00046136696219980226,0.001221008539297963,0.6136363636363636,0.01689004565276209,0.0020820635238103197,1.2005586125398555,0.2299224636221287
tff_disaggregated,sp500,asset_mgr,net_oi_pct_change,2d_post_release,-1.319377060851014,0.9662109341207593,133,0.0019071645096241365,0.0029673915024697184,0.5714285714285714,0.013315943001519313,132,0.0018975269452807548,0.0030715086681309955,0.6287878787878788,0.01639015300861637,9.637564343381762e-06,0.00525122476156567,0.9958101480935634
tff_disaggregated,sp500,asset_mgr,net_oi_pct_change,3d_post_release,-1.319377060851014,0.9662109341207593,133,0.0034400446368344855,0.004231509130584676,0.6616541353383458,0.016971683684311456,132,0.0028327273228055242,0.003360331279733786,0.5757575757575758,0.023558789437096196,0.0006073173140289613,0.24062088318113953,0.8098489632213361
tff_disaggregated,sp500,asset_mgr,net_oi_pct_change,1w_post_release,-1.319377060851014,0.9662109341207593,133,0.005400141941185253,0.005181178718158375,0.5864661654135338,0.023271878188503122,132,0.0010950681796896978,0.0039307083543012045,0.5681818181818182,0.029167811785295216,0.004305073761495555,1.3274881933766074,0.18434724294901567
tff_disaggregated,sp500,asset_mgr,net_oi_pct_change,2w_post_release,-1.319377060851014,0.9662109341207593,133,0.008364544835874137,0.009470395937571263,0.6616541353383458,0.03109817731444439,132,0.002695879720445313,0.008523516037231671,0.6212121212121212,0.03727129250228233,0.005668665115428824,1.3437813771405855,0.1790190932751386
tff_disaggregated,sp500,asset_mgr,net_oi_pct_change,4w_post_release,-1.319377060851014,0.9662109341207593,133,0.013679235238730486,0.01611869594417925,0.706766917293233,0.04248895956069639,132,0.010562455103331604,0.01589677172724957,0.6590909090909091,0.051026602062691225,0.0031167801353988826,0.5401213698922899,0.5891133341270256
tff_disaggregated,sp500,asset_mgr,net_oi_pct_change,13w_post_release,-1.319377060851014,0.9662109341207593,132,0.040578446469972454,0.0461718921698967,0.7424242424242424,0.07560059258314204,129,0.03769346029419246,0.04655124605732919,0.7596899224806202,0.07724003356950734,0.002884986175779994,0.30487230580665536,0.7604634090230034
tff_disaggregated,sp500,asset_mgr,long_oi_pct_change,1d_post_release,-1.4176902294088762,0.3142106795495643,133,0.0005031566559343878,0.0006406996295162948,0.5488721804511278,0.009112959903017526,132,0.00019905355072910412,0.0017155020603506488,0.5909090909090909,0.01664343756349074,0.0003041031052052837,0.18429064476726775,0.8537854526294235
tff_disaggregated,sp500,asset_mgr,long_oi_pct_change,2d_post_release,-1.4176902294088762,0.3142106795495643,133,0.00041988711652831556,0.0009578435269843588,0.5338345864661654,0.011503139478512784,132,0.0031590685930956925,0.0037577275123428233,0.6590909090909091,0.015371768490263282,-0.002739181476567377,-1.64137965065954,0.10071863133554691
tff_disaggregated,sp500,asset_mgr,long_oi_pct_change,3d_post_release,-1.4176902294088762,0.3142106795495643,133,0.0011197515184841605,0.0022621757258103337,0.6090225563909775,0.01509594867804338,132,0.0032798263771913892,0.0032901288232993764,0.6060606060606061,0.023212564563221204,-0.0021600748587072287,-0.8972754681924621,0.3695719434573661
tff_disaggregated,sp500,asset_mgr,long_oi_pct_change,1w_post_release,-1.4176902294088762,0.3142106795495643,133,0.001814430245490047,0.001832187658811879,0.5413533834586466,0.021074997232131902,132,0.0032317891581595494,0.005219285390562489,0.6515151515151515,0.02883867296387524,-0.0014173589126695023,-0.4564996616760632,0.6480307140673272
tff_disaggregated,sp500,asset_mgr,long_oi_pct_change,2w_post_release,-1.4176902294088762,0.3142106795495643,133,0.007075605535221643,0.007695207896288414,0.631578947368421,0.02962316169785858,132,0.003668766066016725,0.007862009475766096,0.6363636363636364,0.036540916874077546,0.0034068394692049176,0.8333336495501135,0.40465658363677853
tff_disaggregated,sp500,asset_mgr,long_oi_pct_change,4w_post_release,-1.4176902294088762,0.3142106795495643,133,0.012716355397263863,0.016542894928358365,0.6917293233082706,0.04223247443688228,132,0.012877773651389826,0.016182682214204713,0.6666666666666666,0.05008591927934244,-0.0001614182541259633,-0.028351764891326115,0.9773815947597329
tff_disaggregated,sp500,asset_mgr,long_oi_pct_change,13w_post_release,-1.4176902294088762,0.3142106795495643,131,0.03631885049542357,0.04330945147165077,0.732824427480916,0.07121106216223268,129,0.04547993800998076,0.04890276601749943,0.8062015503875969,0.07316330561571176,-0.009161087514557187,-1.0229299618567378,0.30634096192849075
tff_disaggregated,sp500,asset_mgr,short_oi_pct_change,1d_post_release,-0.9284873405508334,0.42397822544939245,133,0.00010234642924110884,0.0014687171966489831,0.6090225563909775,0.016449789054038887,133,0.0010910791757516541,0.000876077054501545,0.5338345864661654,0.009692686406528395,-0.0009887327465105452,-0.5972139206443393,0.5503645662752059
tff_disaggregated,sp500,asset_mgr,short_oi_pct_change,2d_post_release,-0.9284873405508334,0.42397822544939245,133,0.0012282621462702578,0.002593033849604076,0.5789473684210527,0.01545114060450163,133,0.002880848717711263,0.0017721054624633137,0.5714285714285714,0.013468836475253935,-0.0016525865714410051,-0.929799376086184,0.3524749694379489
tff_disaggregated,sp500,asset_mgr,short_oi_pct_change,3d_post_release,-0.9284873405508334,0.42397822544939245,133,0.0013696843100833092,0.0044682365616222075,0.5789473684210527,0.02271373055779005,133,0.0037585586755149686,0.0032182229018784536,0.6240601503759399,0.016317138057841917,-0.0023888743654316594,-0.9850780035202219,0.32458575710471976
tff_disaggregated,sp500,asset_mgr,short_oi_pct_change,1w_post_release,-0.9284873405508334,0.42397822544939245,133,0.0007058927565258566,0.0026047833293867395,0.5488721804511278,0.028943810129400928,133,0.005027173842452258,0.005917169216022922,0.6616541353383458,0.022957596557502884,-0.004321281085926402,-1.3489770609730152,0.17734433421630438
tff_disaggregated,sp500,asset_mgr,short_oi_pct_change,2w_post_release,-0.9284873405508334,0.42397822544939245,133,0.004497858327051381,0.009620362714719333,0.6165413533834586,0.03832975427408148,133,0.005960668135932371,0.008448203684929823,0.6917293233082706,0.032325815858524266,-0.0014628098088809898,-0.33644955207661054,0.7365318879360738
tff_disaggregated,sp500,asset_mgr,short_oi_pct_change,4w_post_release,-0.9284873405508334,0.42397822544939245,131,0.012722518396418707,0.01866825032644548,0.7175572519083969,0.04814128779938525,133,0.013456442482898016,0.017388393791054613,0.7218045112781954,0.0486131251321666,-0.0007339240864793085,-0.12324824396462881,0.901910523591604
tff_disaggregated,sp500,asset_mgr,short_oi_pct_change,13w_post_release,-0.9284873405508334,0.42397822544939245,127,0.03857489806407208,0.0520037767902386,0.7401574803149606,0.08085261914874944,132,0.04218598530932462,0.046907117058721526,0.803030303030303,0.07588340302732155,-0.0036110872452525394,-0.37030072180479096,0.7111584360615171
tff_disaggregated,sp500,dealer,net_oi_pct_change,1d_post_release,-1.1159870351220562,1.1710619988971764,132,0.0002484048951416671,0.0014032650176354355,0.553030303030303,0.01778008062777197,133,0.0009245877460797878,0.0011626229102676966,0.5864661654135338,0.010128644831084367,-0.0006761828509381207,-0.38000497588466403,0.703941721517374
tff_disaggregated,sp500,dealer,net_oi_pct_change,2d_post_release,-1.1159870351220562,1.1710619988971764,132,0.0018132572128747053,0.0036825372047809557,0.6363636363636364,0.016080922542824228,133,0.0009703385012560901,0.0010702605901997675,0.5488721804511278,0.013618584080430325,0.0008429187116186152,0.46029247977432874,0.6453062983228826
tff_disaggregated,sp500,dealer,net_oi_pct_change,3d_post_release,-1.1159870351220562,1.1710619988971764,132,0.0026095983169563274,0.0032901288232993764,0.5681818181818182,0.023275000934396172,133,0.0014189531181352944,0.0019262894549640919,0.5864661654135338,0.017306248196580054,0.001190645198821033,0.4722734537129591,0.6367316159555769
tff_disaggregated,sp500,dealer,net_oi_pct_change,1w_post_release,-1.1159870351220562,1.1710619988971764,132,0.00276324495444018,0.005932169993148051,0.5833333333333334,0.029092133987299883,133,0.0010653263952633127,0.0019320868389702817,0.5413533834586466,0.02209433156887549,0.0016979185591768672,0.5347375400130867,0.5928313589782086
tff_disaggregated,sp500,dealer,net_oi_pct_change,2w_post_release,-1.1159870351220562,1.1710619988971764,132,0.005525656860973104,0.012760254862054454,0.6666666666666666,0.0399000743385709,133,0.006081537439676026,0.0054863212042151055,0.6165413533834586,0.02763150649377342,-0.0005558805787029223,-0.13175141333250556,0.8951809179737316
tff_disaggregated,sp500,dealer,net_oi_pct_change,4w_post_release,-1.1159870351220562,1.1710619988971764,132,0.01312644488697597,0.020570334265220147,0.6818181818181818,0.05378875666438116,132,0.010071585038366474,0.015181912207844706,0.6893939393939394,0.0418530061548071,0.0030548598486094952,0.5149794070778757,0.6065674102253059
tff_disaggregated,sp500,dealer,net_oi_pct_change,13w_post_release,-1.1159870351220562,1.1710619988971764,128,0.037723493724258886,0.046437143698801364,0.75,0.07374440230842119,130,0.03393137931377157,0.04515515643272072,0.7461538461538462,0.0708440461887462,0.003792114410487317,0.4211044057422891,0.6736788445617663
tff_disaggregated,sp500,dealer,long_oi_pct_change,1d_post_release,-0.5184387631300156,0.49546428320720914,132,-0.00047962729304717,8.531299271063997e-05,0.5151515151515151,0.01643730738574908,133,0.000753601577541708,0.0014558660603223306,0.6090225563909775,0.012347847815572379,-0.0012332288705888782,-0.6901249372023116,0.49011562231219263
tff_disaggregated,sp500,dealer,long_oi_pct_change,2d_post_release,-0.5184387631300156,0.49546428320720914,132,-0.0005229237000720812,-2.4935337223475074e-05,0.5,0.01618842801398558,133,0.0028094571210353233,0.002567763765733533,0.6090225563909775,0.01424583778073776,-0.0033323808211074045,-1.7783801112298154,0.07534144693969244
tff_disaggregated,sp500,dealer,long_oi_pct_change,3d_post_release,-0.5184387631300156,0.49546428320720914,132,0.0017451306064546841,3.544182599946044e-05,0.5,0.02086072734403796,133,0.002234830505705011,0.0027339525962040145,0.5939849624060151,0.018375652615150593,-0.0004896998992503269,-0.2027160975559035,0.8393569403762752
tff_disaggregated,sp500,dealer,long_oi_pct_change,1w_post_release,-0.5184387631300156,0.49546428320720914,132,0.001406198567391516,0.0013479906522209095,0.5378787878787878,0.02838405998297559,133,0.0032911388212167295,0.0025331367052392473,0.5789473684210527,0.024127061005553656,-0.0018849402538252135,-0.5822530170443444,0.5603962670296158
tff_disaggregated,sp500,dealer,long_oi_pct_change,2w_post_release,-0.5184387631300156,0.49546428320720914,131,0.006336449873106696,0.009876429483214544,0.6564885496183206,0.036274077781674983,133,0.005300516556157968,0.007830599137362837,0.6616541353383458,0.034961056621694984,0.0010359333169487287,0.2362069521584124,0.8132720850990087
tff_disaggregated,sp500,dealer,long_oi_pct_change,4w_post_release,-0.5184387631300156,0.49546428320720914,131,0.013506191058954497,0.020069667016797244,0.7099236641221374,0.051227597849089396,133,0.014661201300784946,0.01902706943899579,0.7293233082706767,0.05031519776615584,-0.0011550102418304495,-0.18479028287097396,0.8533935297478781
tff_disaggregated,sp500,dealer,long_oi_pct_change,13w_post_release,-0.5184387631300156,0.49546428320720914,129,0.03527172911443366,0.04452311839898293,0.7364341085271318,0.07652605202562023,131,0.03559361124694865,0.04546669889826549,0.7709923664122137,0.07604819521716391,-0.00032188213251499453,-0.03401550053355422,0.9728647902155968
tff_disaggregated,sp500,dealer,short_oi_pct_change,1d_post_release,-1.01172494038304,0.8496378526610968,133,0.0005507110281799958,0.000969053663222974,0.556390977443609,0.010511796372912188,132,-0.0002680249080746354,0.0014316352546909217,0.5606060606060606,0.017962100737104837,0.0008187359362546312,0.45241410228014084,0.6509706894988149
tff_disaggregated,sp500,dealer,short_oi_pct_change,2d_post_release,-1.01172494038304,0.8496378526610968,133,0.0006595062865322488,0.0009340731192437612,0.5488721804511278,0.013529752808150396,132,0.0022697531618643433,0.003422894380440966,0.6363636363636364,0.01625787261172061,-0.0016102468753320946,-0.8760195732024522,0.3810193932136709
tff_disaggregated,sp500,dealer,short_oi_pct_change,3d_post_release,-1.01172494038304,0.8496378526610968,133,0.0007166417687399184,0.0018518856059639432,0.5639097744360902,0.01745244746843301,132,0.0034529119812599166,0.004533594951448006,0.5984848484848485,0.023163783009659895,-0.002736270212519998,-1.0854293470852474,0.27773154032466596
tff_disaggregated,sp500,dealer,short_oi_pct_change,1w_post_release,-1.01172494038304,0.8496378526610968,133,0.0006666016732850394,0.0019320868389702817,0.556390977443609,0.0221477259625936,132,0.0038671711879575896,0.00619504103905999,0.6212121212121212,0.028828040040715232,-0.00320056951467255,-1.0129190218924615,0.3110988417541919
tff_disaggregated,sp500,dealer,short_oi_pct_change,2w_post_release,-1.01172494038304,0.8496378526610968,132,0.006698583286766584,0.00703984306622274,0.6287878787878788,0.02963088984564758,132,0.004467232736400767,0.011777926224706081,0.6666666666666666,0.03863851903071357,0.0022313505503658163,0.526496976474348,0.5985429522088712
tff_disaggregated,sp500,dealer,short_oi_pct_change,4w_post_release,-1.01172494038304,0.8496378526610968,131,0.010388464687571961,0.01531182851795454,0.7099236641221374,0.04642694822422048,132,0.015051042347440171,0.019263103763353606,0.696969696969697,0.047853249294637544,-0.00466257765986821,-0.8019653694414383,0.4225729907674672
tff_disaggregated,sp500,dealer,short_oi_pct_change,13w_post_release,-1.01172494038304,0.8496378526610968,129,0.033376987979217135,0.04546669889826549,0.7131782945736435,0.0735692610422499,129,0.04042760755311543,0.04911108985906654,0.7829457364341085,0.07740622589893623,-0.007050619573898298,-0.749877783451407,0.4533283160824179
tff_disaggregated,sp500,lev_money,net_oi_pct_change,1d_post_release,-1.1728921976008047,1.1806767449984155,133,0.0007132861510713907,0.0011626229102676966,0.6090225563909775,0.013724132544679335,133,-0.0003741567200304857,0.000876077054501545,0.5263157894736842,0.01090869433996491,0.0010874428711018765,0.7153435318062826,0.4743967957854029
tff_disaggregated,sp500,lev_money,net_oi_pct_change,2d_post_release,-1.1728921976008047,1.1806767449984155,133,0.0029109803829964224,0.004164209549404774,0.6466165413533834,0.015945579850217984,133,0.0005241261232379911,0.0021152473456635956,0.5488721804511278,0.014161392888018771,0.0023868542597584312,1.2907387838762718,0.1967942712326129
tff_disaggregated,sp500,lev_money,net_oi_pct_change,3d_post_release,-1.1728921976008047,1.1806767449984155,133,0.002968495685055183,0.0051906736386289065,0.6015037593984962,0.022186125230672742,133,0.0025324154723290588,0.0027339525962040145,0.5939849624060151,0.016769298974162357,0.0004360802127261242,0.1808342546457662,0.8564976750198829
tff_disaggregated,sp500,lev_money,net_oi_pct_change,1w_post_release,-1.1728921976008047,1.1806767449984155,133,0.0009291264983025673,0.002381353789092211,0.5714285714285714,0.028390646478379414,133,0.003881851591604396,0.005400711426474913,0.6165413533834586,0.023679014711230024,-0.0029527250933018287,-0.9211033001849651,0.35699649740946116
tff_disaggregated,sp500,lev_money,net_oi_pct_change,2w_post_release,-1.1728921976008047,1.1806767449984155,132,0.0033873728286775277,0.007803641216043933,0.6136363636363636,0.03817204143589168,133,0.005212846284747575,0.008508474279050438,0.6541353383458647,0.03275346618893712,-0.001825473456070047,-0.4176425500411086,0.676208481915358
tff_disaggregated,sp500,lev_money,net_oi_pct_change,4w_post_release,-1.1728921976008047,1.1806767449984155,131,0.010450877733813516,0.01826110507226475,0.7175572519083969,0.05783933996001368,133,0.010619939396007404,0.018911894528981232,0.6691729323308271,0.0482227837918508,-0.00016906166219388813,-0.02577512583243626,0.9794367019663028
tff_disaggregated,sp500,lev_money,net_oi_pct_change,13w_post_release,-1.1728921976008047,1.1806767449984155,128,0.037929697255086575,0.049562838042229385,0.734375,0.07621808830091069,131,0.027697811404356416,0.04114791840804788,0.7022900763358778,0.0758073506887817,0.01023188585073016,1.08304123229051,0.2787901218975684
tff_disaggregated,sp500,lev_money,long_oi_pct_change,1d_post_release,-0.5475835415383306,0.5313225771705163,132,0.0017447078512448384,0.0017264735745915472,0.6439393939393939,0.012596512750488448,133,0.00028305807556067695,0.0015841770513915776,0.6090225563909775,0.014746700773380873,0.0014616497756841614,0.8677668984837398,0.38552195452713595
tff_disaggregated,sp500,lev_money,long_oi_pct_change,2d_post_release,-0.5475835415383306,0.5313225771705163,132,0.003481933596986743,0.0035060766158145906,0.6287878787878788,0.013180177266191025,133,0.001128598392825033,0.0021152473456635956,0.556390977443609,0.014215456272596664,0.00235333520416171,1.3975722168567497,0.1622415663054438
tff_disaggregated,sp500,lev_money,long_oi_pct_change,3d_post_release,-0.5475835415383306,0.5313225771705163,132,0.0035152443686622243,0.003509141097413293,0.6439393939393939,0.01858119504659414,133,0.002046655317902018,0.0018518856059639432,0.5939849624060151,0.018552933997293172,0.0014685890507602061,0.6437919106886624,0.5197103800360287
tff_disaggregated,sp500,lev_money,long_oi_pct_change,1w_post_release,-0.5475835415383306,0.5313225771705163,132,0.0032915771507630058,0.004906386748085412,0.6212121212121212,0.02394806397493618,133,0.0009071113064222741,0.0028141011506797042,0.5639097744360902,0.026335693590225143,0.0023844658443407316,0.7712085647603459,0.44058331839369486
tff_disaggregated,sp500,lev_money,long_oi_pct_change,2w_post_release,-0.5475835415383306,0.5313225771705163,132,0.006024357471028946,0.006623511767146817,0.5833333333333334,0.03567418850248511,133,0.0063166807323325885,0.011472871850379596,0.6766917293233082,0.034112648205525474,-0.0002923232613036425,-0.06816545907355524,0.9456539226585728
tff_disaggregated,sp500,lev_money,long_oi_pct_change,4w_post_release,-0.5475835415383306,0.5313225771705163,132,0.01511371352533139,0.01793067930874348,0.7045454545454546,0.04412546834463302,133,0.01262929566557814,0.019899403164547858,0.6616541353383458,0.043680924291436544,0.0024844178597532504,0.4605793786180483,0.6451004092145203
tff_disaggregated,sp500,lev_money,long_oi_pct_change,13w_post_release,-0.5475835415383306,0.5313225771705163,129,0.04768074610963536,0.05603438878512823,0.7984496124031008,0.06273405038931391,129,0.03300747911487994,0.037005130690141774,0.7364341085271318,0.07316254556882598,0.014673266994755421,1.72923138953264,0.08376769053269471
tff_disaggregated,sp500,lev_money,short_oi_pct_change,1d_post_release,-1.0892954586673822,0.9726444338302267,132,0.0003712089674046488,0.0002823143952648266,0.5151515151515151,0.011554149398636835,133,0.0016011501389311608,0.0018152110447704484,0.631578947368421,0.01174812546515672,-0.001229941171526512,-0.8592201607297735,0.3902190625083516
tff_disaggregated,sp500,lev_money,short_oi_pct_change,2d_post_release,-1.0892954586673822,0.9726444338302267,132,0.00036595223356586804,0.0006745187871880498,0.5151515151515151,0.014123009878077165,133,0.00252363210480201,0.0028139314796888915,0.631578947368421,0.015362987937829762,-0.002157679871236142,-1.1903540548871216,0.23390726327433603
tff_disaggregated,sp500,lev_money,short_oi_pct_change,3d_post_release,-1.0892954586673822,0.9726444338302267,132,0.0026574808812789967,0.0020328948629702026,0.5833333333333334,0.018119352598758076,133,0.003347122495070626,0.0023182561692678405,0.5864661654135338,0.019971761827653253,-0.0006896416137916295,-0.29443281363722124,0.768427195894601
tff_disaggregated,sp500,lev_money,short_oi_pct_change,1w_post_release,-1.0892954586673822,0.9726444338302267,132,0.0047904014313985945,0.0051262475931410645,0.5833333333333334,0.02382599915768019,133,0.0014485732362211597,0.002381353789092211,0.556390977443609,0.02674528991122396,0.003341828195177435,1.074167107066908,0.28274779190517946
tff_disaggregated,sp500,lev_money,short_oi_pct_change,2w_post_release,-1.0892954586673822,0.9726444338302267,132,0.006772866518773371,0.008959299811250543,0.6515151515151515,0.031172109514688733,132,0.003410024707880202,0.006424460376113994,0.5984848484848485,0.034307092433269404,0.003362841810893169,0.833504283823469,0.4045603828463869
tff_disaggregated,sp500,lev_money,short_oi_pct_change,4w_post_release,-1.0892954586673822,0.9726444338302267,132,0.01234133566199214,0.020394672160101934,0.696969696969697,0.05063821211330402,131,0.010150970440501148,0.016542894928358365,0.6946564885496184,0.05639346196094823,0.002190365221490992,0.3313320787757264,0.7403936630846899
tff_disaggregated,sp500,lev_money,short_oi_pct_change,13w_post_release,-1.0892954586673822,0.9726444338302267,129,0.03429731008159777,0.046200447302772396,0.7364341085271318,0.07856933974709646,128,0.0360287625537955,0.04491731020963963,0.7421875,0.0725060495889569,-0.0017314524721977337,-0.18361085796814278,0.8543187445179878
tff_disaggregated,sp500,other_reportable,net_oi_pct_change,1d_post_release,-0.48881182289650554,0.4927472193263211,133,2.176696430188388e-05,0.0015754139322881056,0.5864661654135338,0.016162018623721523,133,0.0012169911815305334,0.001018020225231675,0.5789473684210527,0.011348301433218534,-0.0011952242172286495,-0.6979845365066794,0.48518686470067496
tff_disaggregated,sp500,other_reportable,net_oi_pct_change,2d_post_release,-0.48881182289650554,0.4927472193263211,133,0.0029529789459075274,0.0037480363873110267,0.6015037593984962,0.015470688462557433,133,0.0004078109234365863,0.0009620259094491601,0.556390977443609,0.014600793410746351,0.0025451680224709413,1.3798148436754607,0.16764366111156315
tff_disaggregated,sp500,other_reportable,net_oi_pct_change,3d_post_release,-0.48881182289650554,0.4927472193263211,133,0.005410852287103649,0.004718806265831876,0.6466165413533834,0.022204180481339007,133,0.002060408129471132,0.003924591772373809,0.6090225563909775,0.01832114082233834,0.003350444157632517,1.3422462501606631,0.179516164862221
tff_disaggregated,sp500,other_reportable,net_oi_pct_change,1w_post_release,-0.48881182289650554,0.4927472193263211,133,0.005795541079446934,0.005363148804654161,0.6390977443609023,0.027691511673061452,133,0.0018017727777477144,0.0038506714739734438,0.5639097744360902,0.024494691606419344,0.003993768301699219,1.2458181519539222,0.21283116394701246
tff_disaggregated,sp500,other_reportable,net_oi_pct_change,2w_post_release,-0.48881182289650554,0.4927472193263211,133,0.007570695058360267,0.008857108291042914,0.6466165413533834,0.03653798743252163,133,0.00650635467869231,0.010223127483689254,0.6917293233082706,0.0331281648540411,0.0010643403796679572,0.24887424183585258,0.8034580605494983
tff_disaggregated,sp500,other_reportable,net_oi_pct_change,4w_post_release,-0.48881182289650554,0.4927472193263211,133,0.014777193657577521,0.01826110507226475,0.6691729323308271,0.049323135225818986,132,0.013408757636801211,0.02243845868312555,0.7348484848484849,0.050791334925702813,0.0013684360207763101,0.22247272016648,0.8239459073242938
tff_disaggregated,sp500,other_reportable,net_oi_pct_change,13w_post_release,-0.48881182289650554,0.4927472193263211,132,0.03763308783566746,0.038831086146323246,0.7272727272727273,0.07905741736810777,131,0.04659988580049038,0.0535811819539016,0.7709923664122137,0.0720509484423662,-0.008966797964822922,-0.9614654426041291,0.3363181930724071
tff_disaggregated,sp500,other_reportable,long_oi_pct_change,1d_post_release,-0.2938202098398459,0.25664232794248687,133,-0.0008623846318864547,0.0009164157208665369,0.5488721804511278,0.015383113616281266,133,0.001235279736598184,0.000813320877067536,0.518796992481203,0.011402558555443856,-0.0020976643684846386,-1.263371069348855,0.20645585618061682
tff_disaggregated,sp500,other_reportable,long_oi_pct_change,2d_post_release,-0.2938202098398459,0.25664232794248687,133,0.0015213188152427876,0.0039208132917152305,0.5939849624060151,0.01567681833018559,133,0.0007296154180347381,0.0009578435269843588,0.5639097744360902,0.013635327977464713,0.0007917033972080495,0.4394454270264149,0.6603388167467437
tff_disaggregated,sp500,other_reportable,long_oi_pct_change,3d_post_release,-0.2938202098398459,0.25664232794248687,133,0.003747158198906762,0.0039588655832027975,0.6090225563909775,0.022680954369670908,133,0.0017247045793513376,0.002212693661259868,0.5864661654135338,0.017389007706016542,0.0020224536195554248,0.8161042786123386,0.4144404970313866
tff_disaggregated,sp500,other_reportable,long_oi_pct_change,1w_post_release,-0.2938202098398459,0.25664232794248687,133,0.005273018462911111,0.0047690675248655,0.6090225563909775,0.028993199120217708,133,0.0025060138712999264,0.0038350101735600273,0.5714285714285714,0.022376214495246943,0.002767004591611185,0.8713098941106847,0.38358496960537203
tff_disaggregated,sp500,other_reportable,long_oi_pct_change,2w_post_release,-0.2938202098398459,0.25664232794248687,133,0.010113484558931424,0.012711411991146893,0.6616541353383458,0.03105061826705704,133,0.004422431423517095,0.007717170140868701,0.6691729323308271,0.03450070319079431,0.00569105313541433,1.4140062140294116,0.1573600779643965
tff_disaggregated,sp500,other_reportable,long_oi_pct_change,4w_post_release,-0.2938202098398459,0.25664232794248687,133,0.01600242209700107,0.01937576731122448,0.6917293233082706,0.05019577523810532,132,0.012079793109945908,0.015130394412888548,0.6439393939393939,0.042456507774559046,0.003922628987055161,0.6870163928909233,0.49207239828054544
tff_disaggregated,sp500,other_reportable,long_oi_pct_change,13w_post_release,-0.2938202098398459,0.25664232794248687,131,0.03643925804082321,0.04655124605732919,0.7175572519083969,0.0871500362108492,129,0.04252120917612996,0.04846650870231328,0.7596899224806202,0.07185763488285692,-0.006081951135306754,-0.6143530192668551,0.5389820739284735
tff_disaggregated,sp500,other_reportable,short_oi_pct_change,1d_post_release,-0.38604114618494534,0.3333545581415702,133,0.0018047549352565326,0.002194301015948863,0.6466165413533834,0.011503161849812574,133,0.0006721811888950455,0.0010474498226595852,0.5639097744360902,0.012264015979989055,0.001132573746361487,0.7767965177466294,0.43727883157564923
tff_disaggregated,sp500,other_reportable,short_oi_pct_change,2d_post_release,-0.38604114618494534,0.3333545581415702,133,0.0008744735871399133,0.0009620259094491601,0.5413533834586466,0.01399595953458695,133,0.002688804134683209,0.0015946406921070189,0.5639097744360902,0.014465611478396666,-0.0018143305475432957,-1.0395353043023972,0.2985558476691448
tff_disaggregated,sp500,other_reportable,short_oi_pct_change,3d_post_release,-0.38604114618494534,0.3333545581415702,133,0.001745842318296185,0.0022321979409936077,0.5864661654135338,0.01809581840387512,133,0.004188983238387224,0.002212693661259868,0.5789473684210527,0.01964165659191359,-0.0024431409200910393,-1.0549999477021916,0.29142534866399056
tff_disaggregated,sp500,other_reportable,short_oi_pct_change,1w_post_release,-0.38604114618494534,0.3333545581415702,133,0.0004824915478807872,0.0019182431538562472,0.5488721804511278,0.02467586706875303,133,0.003247523598679365,0.0026047833293867395,0.5714285714285714,0.024238290683823452,-0.0027650320507985778,-0.9219110728477432,0.35657496293803587
tff_disaggregated,sp500,other_reportable,short_oi_pct_change,2w_post_release,-0.38604114618494534,0.3333545581415702,133,0.00739444990202958,0.009876429483214544,0.6766917293233082,0.030196854755549236,133,0.001882856282585646,0.005564033261344692,0.6240601503759399,0.038283042471507794,0.005511593619443934,1.3036112527823818,0.19236616199699097
tff_disaggregated,sp500,other_reportable,short_oi_pct_change,4w_post_release,-0.38604114618494534,0.3333545581415702,133,0.012819313712191667,0.021536078300209427,0.7293233082706767,0.04933825517669435,133,0.008547829829846398,0.012214607072278616,0.5939849624060151,0.050117712160291226,0.004271483882345269,0.7004472060379727,0.4836480644762004
tff_disaggregated,sp500,other_reportable,short_oi_pct_change,13w_post_release,-0.38604114618494534,0.3333545581415702,130,0.039389165194706165,0.046437143698801364,0.7615384615384615,0.07310536175654345,133,0.028767180188422486,0.03681398422984139,0.7142857142857143,0.07787139819712315,0.010621985006283679,1.1407361363074215,0.25397974394722117
tff_disaggregated,sp500,non_reportable,net_oi_pct_change,1d_post_release,-0.4005955890817441,0.4071797515533996,133,0.0006307250759533938,0.000876077054501545,0.5488721804511278,0.010776114641260374,132,-0.00010425600596357681,0.000950017487509891,0.5757575757575758,0.01695318824084643,0.0007349810819169706,0.42081647879768574,0.6738890975645925
tff_disaggregated,sp500,non_reportable,net_oi_pct_change,2d_post_release,-0.4005955890817441,0.4071797515533996,133,0.0024513475647367005,0.0017191861170664513,0.5939849624060151,0.013043994049820226,132,0.0026183337172991086,0.0031100256745885124,0.6212121212121212,0.016349974344471756,-0.00016698615256240806,-0.09186085694913466,0.9268085915479126
tff_disaggregated,sp500,non_reportable,net_oi_pct_change,3d_post_release,-0.4005955890817441,0.4071797515533996,133,0.003616811318348038,0.0027339525962040145,0.556390977443609,0.017834557506027398,132,0.003631077663430152,0.004709824548931207,0.6212121212121212,0.02308888909815694,-1.4266345082113684e-05,-0.005626041857769059,0.9955110917440149
tff_disaggregated,sp500,non_reportable,net_oi_pct_change,1w_post_release,-0.4005955890817441,0.4071797515533996,133,0.005958748907027732,0.005073325227442416,0.631578947368421,0.020335965587546728,132,0.003698779916064411,0.004027162637077475,0.5757575757575758,0.0295690508713737,0.002259968990963321,0.7243969408607599,0.46882207740540105
tff_disaggregated,sp500,non_reportable,net_oi_pct_change,2w_post_release,-0.4005955890817441,0.4071797515533996,133,0.009475059063953517,0.010175306472532508,0.7218045112781954,0.025595755518282824,131,0.0072441833535809765,0.010074429681048436,0.6564885496183206,0.03935635491285867,0.0022308757103725405,0.545094212851153,0.5856887227004115
tff_disaggregated,sp500,non_reportable,net_oi_pct_change,4w_post_release,-0.4005955890817441,0.4071797515533996,132,0.015716048668545472,0.019413594044402682,0.7348484848484849,0.04289058179780085,131,0.015494802572575921,0.02051462122567771,0.732824427480916,0.04736230102086444,0.00022124609596955135,0.039698605727403885,0.9683334132706019
tff_disaggregated,sp500,non_reportable,net_oi_pct_change,13w_post_release,-0.4005955890817441,0.4071797515533996,131,0.04082419930656757,0.04846650870231328,0.7938931297709924,0.07178021801915299,129,0.04403032293948919,0.04986954519875164,0.7751937984496124,0.07958544080642214,-0.003206123632921623,-0.34094032324047174,0.7331485079304783
tff_disaggregated,sp500,non_reportable,long_oi_pct_change,1d_post_release,-0.3157357827246843,0.34809290590331354,133,0.00014613909366893396,0.0008515744450250384,0.518796992481203,0.014099888039705957,132,0.00203783434418977,0.0016111791985092827,0.5757575757575758,0.00950167360061737,-0.0018916952505208362,-1.2815877200864016,0.19998731017043395
tff_disaggregated,sp500,non_reportable,long_oi_pct_change,2d_post_release,-0.3157357827246843,0.34809290590331354,133,0.00288328782240426,0.0029516318244013906,0.6015037593984962,0.01353286116008823,132,0.0015555231073403862,0.0019468445635250076,0.5757575757575758,0.013065167128409626,0.001327764715063874,0.8125558199361327,0.4164727704753298
tff_disaggregated,sp500,non_reportable,long_oi_pct_change,3d_post_release,-0.3157357827246843,0.34809290590331354,133,0.0043896187974272055,0.0051906736386289065,0.6165413533834586,0.01877908253763813,132,0.0010054871441601612,0.000983296923716126,0.553030303030303,0.01772767108573616,0.003384131653267044,1.5085544970223803,0.1314126699507359
tff_disaggregated,sp500,non_reportable,long_oi_pct_change,1w_post_release,-0.3157357827246843,0.34809290590331354,133,0.005234708008503342,0.005779077786919329,0.6541353383458647,0.024224052153613816,132,0.0018217730193368818,0.0007895169381760825,0.5303030303030303,0.0238132949376368,0.003412934989166461,1.1565568415201566,0.24745346371246307
tff_disaggregated,sp500,non_reportable,long_oi_pct_change,2w_post_release,-0.3157357827246843,0.34809290590331354,133,0.007168931226156316,0.009620362714719333,0.6842105263157895,0.03557302308565921,131,0.007848454972104374,0.008538557795412904,0.6564885496183206,0.0325924335858714,-0.0006795237459480581,-0.16186712308398096,0.8714104933231529
tff_disaggregated,sp500,non_reportable,long_oi_pct_change,4w_post_release,-0.3157357827246843,0.34809290590331354,132,0.01664550857932234,0.019878680182404795,0.75,0.04697113989105022,131,0.012556011880764394,0.01826110507226475,0.6793893129770993,0.04938904271122792,0.004089496698557946,0.6879690467133048,0.49147227380388525
tff_disaggregated,sp500,non_reportable,long_oi_pct_change,13w_post_release,-0.3157357827246843,0.34809290590331354,131,0.05106545519596446,0.05709109944128277,0.8396946564885496,0.07039527144825568,128,0.03706476704031774,0.04686945783705654,0.7421875,0.07330021049187427,0.014000688155646722,1.5672441564285218,0.11705763283456896
tff_disaggregated,sp500,non_reportable,short_oi_pct_change,1d_post_release,-0.3396633724663811,0.38184242888083775,133,0.0001119855733953691,0.0012566610143582846,0.6015037593984962,0.017572293859941975,133,0.001974549721743862,0.0009317695307899942,0.5864661654135338,0.009513754772635835,-0.001862564148348493,-1.074951855075705,0.28239628397551725
tff_disaggregated,sp500,non_reportable,short_oi_pct_change,2d_post_release,-0.3396633724663811,0.38184242888083775,133,0.0029401130720417275,0.003868154698851267,0.6616541353383458,0.015437810710889583,133,0.0017192514175136738,-0.00012038205825803949,0.48872180451127817,0.012376292823942281,0.0012208616545280537,0.7115856052502927,0.4767214234236303
tff_disaggregated,sp500,non_reportable,short_oi_pct_change,3d_post_release,-0.3396633724663811,0.38184242888083775,133,0.0044343434074331535,0.0051906736386289065,0.6466165413533834,0.02235204397288075,133,0.0008340545777076546,9.198302256208102e-05,0.5037593984962406,0.017786431602810054,0.003600288829725499,1.4535360133226978,0.14607498813482392
tff_disaggregated,sp500,non_reportable,short_oi_pct_change,1w_post_release,-0.3396633724663811,0.38184242888083775,133,0.005221152730371901,0.00643634670931692,0.6766917293233082,0.028261104335088348,133,0.0028325419954596527,0.0021165978258637086,0.5413533834586466,0.02038313084287474,0.002388610734912248,0.7905564287010631,0.42920288118850347
tff_disaggregated,sp500,non_reportable,short_oi_pct_change,2w_post_release,-0.3396633724663811,0.38184242888083775,133,0.008292320565035623,0.010422853318833969,0.6691729323308271,0.037012360162157344,133,0.009137261852312069,0.008006848810663492,0.6992481203007519,0.025464438255626037,-0.0008449412872764458,-0.21689715356108918,0.8282884959345159
tff_disaggregated,sp500,non_reportable,short_oi_pct_change,4w_post_release,-0.3396633724663811,0.38184242888083775,132,0.016645652947507066,0.018294230451614046,0.75,0.047623035129619996,132,0.015634395443439468,0.01751529523658024,0.7045454545454546,0.036374678765914124,0.0010112575040675982,0.19388166620419992,0.8462685395544848
tff_disaggregated,sp500,non_reportable,short_oi_pct_change,13w_post_release,-0.3396633724663811,0.38184242888083775,131,0.04799288455957491,0.04986954519875164,0.8015267175572519,0.07246553121172619,129,0.03500219401894909,0.044843613967175955,0.7441860465116279,0.07084578763443075,0.012990690540625814,1.461623741039301,0.1438443449242872
tff_disaggregated,nq,asset_mgr,net_oi_pct_change,1d_post_release,-2.182432810717096,1.6155567808852775,138,0.00176542747909475,0.002139151833120412,0.5797101449275363,0.013964410329028763,137,-0.0005704581489409277,0.0015792136640311316,0.5985401459854015,0.017174319074690886,0.0023358856280356775,1.2369661986479248,0.21609963168873428
tff_disaggregated,nq,asset_mgr,net_oi_pct_change,2d_post_release,-2.182432810717096,1.6155567808852775,138,0.0027027746367095347,0.003383377362272566,0.6376811594202898,0.01677956227180967,137,0.003597770247834036,0.0037049339499706235,0.635036496350365,0.01895852048711215,-0.0008949956111245013,-0.414430301998771,0.6785590009150146
tff_disaggregated,nq,asset_mgr,net_oi_pct_change,3d_post_release,-2.182432810717096,1.6155567808852775,138,0.004174722696833854,0.004742584203771383,0.6231884057971014,0.019635509788476894,137,0.003998754284129391,0.005635084201340623,0.6423357664233577,0.023784746263148672,0.00017596841270446292,0.06687786362534309,0.9466789358442234
tff_disaggregated,nq,asset_mgr,net_oi_pct_change,1w_post_release,-2.182432810717096,1.6155567808852775,138,0.003394220210740287,0.007234031358013704,0.6231884057971014,0.02905071399579302,137,0.0007069751682065904,0.003137477880844619,0.5547445255474452,0.030611129795711723,0.0026872450425336966,0.7465936889340425,0.45530885910997987
tff_disaggregated,nq,asset_mgr,net_oi_pct_change,2w_post_release,-2.182432810717096,1.6155567808852775,138,0.008307710735922527,0.012516585198958041,0.6521739130434783,0.04205883957946835,137,0.006504744048578595,0.011344682530775474,0.6277372262773723,0.034897230458534344,0.0018029666873439322,0.3869738123271518,0.698775595248802
tff_disaggregated,nq,asset_mgr,net_oi_pct_change,4w_post_release,-2.182432810717096,1.6155567808852775,138,0.018345183366600817,0.02741584509580175,0.6811594202898551,0.062207534421049496,137,0.011599862641558366,0.015584957995973259,0.635036496350365,0.062440796912867816,0.0067453207250424505,0.8973789851764983,0.3695167222943598
tff_disaggregated,nq,asset_mgr,net_oi_pct_change,13w_post_release,-2.182432810717096,1.6155567808852775,135,0.055293391859740394,0.057345264727815204,0.762962962962963,0.1010095156935276,134,0.05107146429530099,0.06289723379314627,0.7611940298507462,0.09182498372677213,0.004221927564439405,0.3587433592773665,0.7197870885007172
tff_disaggregated,nq,asset_mgr,long_oi_pct_change,1d_post_release,-1.9160752323166923,0.8913652730138644,138,0.0005121910243042953,0.0019877751624198803,0.5579710144927537,0.014630980119480717,137,-0.0013693390875468762,0.0015109456401620758,0.5620437956204379,0.017427564308878617,0.0018815301118511715,0.9692771971731503,0.3324069033299308
tff_disaggregated,nq,asset_mgr,long_oi_pct_change,2d_post_release,-1.9160752323166923,0.8913652730138644,138,0.0026202680846756205,0.0033049411203974755,0.6304347826086957,0.01660083806263592,137,0.0027506944220566727,0.003585051397305694,0.6204379562043796,0.019179817903188037,-0.00013042633738105224,-0.060275673237258326,0.9519360766541671
tff_disaggregated,nq,asset_mgr,long_oi_pct_change,3d_post_release,-1.9160752323166923,0.8913652730138644,138,0.003973440991469682,0.004961492018198177,0.6231884057971014,0.019246117912570856,137,0.003166992735380754,0.004146041790687782,0.6058394160583942,0.024309313754729847,0.0008064482560889282,0.3048609869565553,0.7604720300679227
tff_disaggregated,nq,asset_mgr,long_oi_pct_change,1w_post_release,-1.9160752323166923,0.8913652730138644,138,0.006108545227823405,0.00787398748281476,0.6376811594202898,0.027875990405009442,137,0.0025427492544235373,0.003137477880844619,0.5547445255474452,0.03176858898803942,0.0035657959733998677,0.9890618498328704,0.32263288166068343
tff_disaggregated,nq,asset_mgr,long_oi_pct_change,2w_post_release,-1.9160752323166923,0.8913652730138644,138,0.00802403354181776,0.013491935136042854,0.6594202898550725,0.0425227923365082,137,0.008279650544157911,0.01196542169549919,0.656934306569343,0.03667794017359969,-0.0002556170023401503,-0.05339007793383557,0.9574211106005357
tff_disaggregated,nq,asset_mgr,long_oi_pct_change,4w_post_release,-1.9160752323166923,0.8913652730138644,138,0.017229667367521406,0.02535858027278004,0.644927536231884,0.05767006159095395,136,0.017218352680804634,0.022513440579938204,0.6764705882352942,0.055671901910388996,1.1314686716772104e-05,0.0016523570988807737,0.9986816103817997
tff_disaggregated,nq,asset_mgr,long_oi_pct_change,13w_post_release,-1.9160752323166923,0.8913652730138644,136,0.05167942550403273,0.05448061071074051,0.7794117647058824,0.09905389238422052,133,0.05604563612196918,0.06794036279916082,0.7669172932330827,0.09919201616719989,-0.004366210617936447,-0.36119863368181404,0.7179509634537042
tff_disaggregated,nq,asset_mgr,short_oi_pct_change,1d_post_release,-1.1415558290816872,0.94371979423275,137,-0.0005126657749703836,0.0009370167266748997,0.5401459854014599,0.018259943108447144,138,0.001725672368490426,0.002431410568785153,0.6159420289855072,0.014033315960383153,-0.0022383381434608095,-1.1391630375255166,0.25463515909442114
tff_disaggregated,nq,asset_mgr,short_oi_pct_change,2d_post_release,-1.1415558290816872,0.94371979423275,137,0.0020963584757989367,0.003321371370365034,0.5912408759124088,0.019014977113171818,138,0.002159172322597625,0.003063868975165196,0.6231884057971014,0.01798259967569973,-6.281384679868813e-05,-0.028140547731955155,0.9775500544540608
tff_disaggregated,nq,asset_mgr,short_oi_pct_change,3d_post_release,-1.1415558290816872,0.94371979423275,137,0.0029779341732710076,0.005171674258052761,0.6058394160583942,0.02427305402506085,138,0.0049006011015519995,0.004210051989048558,0.6086956521739131,0.022190962027267263,-0.001922666928280992,-0.6854007501740061,0.4930910708045487
tff_disaggregated,nq,asset_mgr,short_oi_pct_change,1w_post_release,-1.1415558290816872,0.94371979423275,137,0.0026315951013479847,0.006220821385406472,0.5985401459854015,0.03216360971519314,138,0.004564979972158267,0.00740322989285247,0.6014492753623188,0.03068500560869722,-0.0019333848708102826,-0.5099514027947872,0.6100855086295582
tff_disaggregated,nq,asset_mgr,short_oi_pct_change,2w_post_release,-1.1415558290816872,0.94371979423275,137,0.006446363052826917,0.014264185738308344,0.6423357664233577,0.040583675086353736,138,0.009195437341905656,0.012059984143915625,0.6594202898550725,0.03998989970368524,-0.002749074289078738,-0.5657621504801832,0.5715554794476487
tff_disaggregated,nq,asset_mgr,short_oi_pct_change,4w_post_release,-1.1415558290816872,0.94371979423275,137,0.01142876601213121,0.019675384562532816,0.656934306569343,0.06205400051937044,138,0.01998867713668855,0.027973746442847003,0.6811594202898551,0.06230877785966834,-0.00855991112455734,-1.1414177950135602,0.25369610292450095
tff_disaggregated,nq,asset_mgr,short_oi_pct_change,13w_post_release,-1.1415558290816872,0.94371979423275,134,0.04693472152473123,0.05753329556850828,0.7313432835820896,0.09814835366063836,134,0.0585004802798817,0.0564860282068923,0.7985074626865671,0.10328539256013797,-0.011565758755150472,-0.9396543231911448,0.34739490184167937
tff_disaggregated,nq,dealer,net_oi_pct_change,1d_post_release,-2.973651765081193,3.3837973132401604,137,0.00038518359907755865,0.0014464825601050446,0.5912408759124088,0.018425679959052366,138,0.0019877077842811413,0.002118076836710281,0.6231884057971014,0.013924020278318957,-0.0016025241852035826,-0.8132378584814575,0.41608169750029017
tff_disaggregated,nq,dealer,net_oi_pct_change,2d_post_release,-2.973651765081193,3.3837973132401604,137,0.004396038663848923,0.005111356661975819,0.6204379562043796,0.01740244768176963,138,0.002444430958547354,0.003251531108678485,0.6086956521739131,0.01734935467595792,0.0019516077053015695,0.9312702865917797,0.3517137680348527
tff_disaggregated,nq,dealer,net_oi_pct_change,3d_post_release,-2.973651765081193,3.3837973132401604,137,0.0047638072260200075,0.007848171540207893,0.6715328467153284,0.02330227440778074,138,0.005013016665869336,0.003971989698106082,0.5942028985507246,0.022523016351346275,-0.0002492094398493282,-0.09016398671829913,0.9281569021615459
tff_disaggregated,nq,dealer,net_oi_pct_change,1w_post_release,-2.973651765081193,3.3837973132401604,137,0.0038397107172978067,0.007212070654204927,0.5985401459854015,0.03239046330852957,138,0.0038965387923393076,0.004694158477550281,0.572463768115942,0.029579939381984416,-5.682807504150088e-05,-0.015188834639796221,0.9878815293027179
tff_disaggregated,nq,dealer,net_oi_pct_change,2w_post_release,-2.973651765081193,3.3837973132401604,137,0.005992416611023029,0.011707422290037295,0.6277372262773723,0.04528586699234112,137,0.006269971287298874,0.009401371240264966,0.635036496350365,0.03859720951463636,-0.0002775546762758454,-0.054597555788142814,0.956459086054574
tff_disaggregated,nq,dealer,net_oi_pct_change,4w_post_release,-2.973651765081193,3.3837973132401604,136,0.01758435368558616,0.022226351903877895,0.6911764705882353,0.05590887301340324,137,0.012234339104934667,0.019928865891102987,0.6204379562043796,0.05788428939895452,0.005350014580651494,0.7767466495506906,0.4373082583527143
tff_disaggregated,nq,dealer,net_oi_pct_change,13w_post_release,-2.973651765081193,3.3837973132401604,132,0.05727897102084822,0.07030439182151071,0.7424242424242424,0.10234629719891115,134,0.050582455354620165,0.05224823670305756,0.8059701492537313,0.08671788277950768,0.006696515666228052,0.5753359748941517,0.5650640957929978
tff_disaggregated,nq,dealer,long_oi_pct_change,1d_post_release,-1.4185042048209215,1.6602118547110543,137,0.000292860758460296,0.0013045252052690248,0.5693430656934306,0.01780896972936207,138,0.0014213608484098467,0.002118076836710281,0.6014492753623188,0.014060143085280762,-0.0011285000899495506,-0.5829453112018077,0.5599301164615008
tff_disaggregated,nq,dealer,long_oi_pct_change,2d_post_release,-1.4185042048209215,1.6602118547110543,137,0.003314629168928201,0.004481424292912983,0.6131386861313869,0.017988961860022967,138,0.003360118513922725,0.0037137843477301757,0.6086956521739131,0.01904321440760184,-4.5489344994523954e-05,-0.020363992747846837,0.9837530075147963
tff_disaggregated,nq,dealer,long_oi_pct_change,3d_post_release,-1.4185042048209215,1.6602118547110543,137,0.003445660559195407,0.005014808354731448,0.5985401459854015,0.022824628856523012,138,0.006361440283145028,0.004601302184068956,0.6014492753623188,0.023795873909511222,-0.0029157797239496206,-1.0370027275344116,0.29973458600939934
tff_disaggregated,nq,dealer,long_oi_pct_change,1w_post_release,-1.4185042048209215,1.6602118547110543,137,0.0033085515203463887,0.005931325215613237,0.5693430656934306,0.03203167120588769,138,0.0037422372364160437,0.004694158477550281,0.5507246376811594,0.03138889913361002,-0.000433685716069655,-0.11338879574657869,0.9097223221227694
tff_disaggregated,nq,dealer,long_oi_pct_change,2w_post_release,-1.4185042048209215,1.6602118547110543,137,0.008821429956313001,0.012134126288094738,0.6423357664233577,0.043716138863504395,137,0.005487121347298655,0.009401371240264966,0.583941605839416,0.03870513935043711,0.003334308609014346,0.6684063435985396,0.5038742472870621
tff_disaggregated,nq,dealer,long_oi_pct_change,4w_post_release,-1.4185042048209215,1.6602118547110543,136,0.02211963324607101,0.025700257181568986,0.7205882352941176,0.058212233163876005,137,0.010864597294393603,0.017443219772879104,0.583941605839416,0.0637656783515155,0.011255035951677407,1.5232344405961376,0.12770006244781756
tff_disaggregated,nq,dealer,long_oi_pct_change,13w_post_release,-1.4185042048209215,1.6602118547110543,132,0.057886306152421484,0.07121116304340325,0.7348484848484849,0.10190416654782357,134,0.04936341697396624,0.051515981965602364,0.8134328358208955,0.09744319884382831,0.008522889178455242,0.6969845427663343,0.4858124672747237
tff_disaggregated,nq,dealer,short_oi_pct_change,1d_post_release,-2.1093953586756378,1.7626773685982133,138,0.0023945900405101636,0.0024679968537844044,0.6086956521739131,0.012654284040899398,137,-0.00031400441136764426,0.0015109456401620758,0.5620437956204379,0.018187384974892463,0.0027085944518778077,1.4325717317982178,0.15198026501976658
tff_disaggregated,nq,dealer,short_oi_pct_change,2d_post_release,-2.1093953586756378,1.7626773685982133,138,0.0018506589579605959,0.002604160809305478,0.6014492753623188,0.016354029532700477,137,0.004551054508144361,0.003986164208993337,0.635036496350365,0.018299826953217455,-0.0027003955501837653,-1.2899336466432758,0.19707369726914178
tff_disaggregated,nq,dealer,short_oi_pct_change,3d_post_release,-2.1093953586756378,1.7626773685982133,138,0.005188248115556592,0.003970676026147535,0.6086956521739131,0.02134701804076173,137,0.005057959852238861,0.006595882230822747,0.656934306569343,0.02218083468863428,0.00013028826331773144,0.049623983163229295,0.9604220343734011
tff_disaggregated,nq,dealer,short_oi_pct_change,1w_post_release,-2.1093953586756378,1.7626773685982133,138,0.004026926393099511,0.005295652088799008,0.572463768115942,0.02868863484496989,137,0.005989112883012422,0.007077240041694743,0.6423357664233577,0.028204756047260866,-0.001962186489912911,-0.5719257653758909,0.5673722677863031
tff_disaggregated,nq,dealer,short_oi_pct_change,2w_post_release,-2.1093953586756378,1.7626773685982133,138,0.008360464561023925,0.010502711061141423,0.644927536231884,0.03764548911798045,137,0.007252094231929757,0.011580877276181178,0.656934306569343,0.040742253129883575,0.0011083703290941677,0.23426062068322553,0.8147826555129217
tff_disaggregated,nq,dealer,short_oi_pct_change,4w_post_release,-2.1093953586756378,1.7626773685982133,138,0.014123708661062362,0.02272296928523776,0.6739130434782609,0.05967002365463729,135,0.019604342891942152,0.02224184277007213,0.7037037037037037,0.05492835838139219,-0.005480634230879791,-0.7898292493606963,0.42962749471690204
tff_disaggregated,nq,dealer,short_oi_pct_change,13w_post_release,-2.1093953586756378,1.7626773685982133,135,0.05380909702759824,0.05324302691873828,0.7925925925925926,0.08976276718005939,133,0.0569095453004772,0.0641431603249889,0.7819548872180451,0.10320894105179804,-0.0031004482728789542,-0.26224654696454647,0.7931313694490576
tff_disaggregated,nq,lev_money,net_oi_pct_change,1d_post_release,-2.7278037927439733,2.5870977710088012,138,0.0016635804903856616,0.002118076836710281,0.6159420289855072,0.01393355778697075,137,0.0010485650069327424,0.0015718733288505593,0.583941605839416,0.014433161972088462,0.0006150154834529192,0.3594556013676474,0.7192542862845877
tff_disaggregated,nq,lev_money,net_oi_pct_change,2d_post_release,-2.7278037927439733,2.5870977710088012,138,0.003137204067316095,0.003351928978713725,0.6014492753623188,0.018621762718777506,137,0.0031185287884455647,0.002293849967496042,0.5547445255474452,0.016038503706695007,1.8675278870530516e-05,0.00891277364426001,0.9928887296657354
tff_disaggregated,nq,lev_money,net_oi_pct_change,3d_post_release,-2.7278037927439733,2.5870977710088012,138,0.005314983335379715,0.0036851041489330827,0.5869565217391305,0.02413887418100772,137,0.00380844664273271,0.005347452946797171,0.6204379562043796,0.02136821722148695,0.001506536692647005,0.5480958071708744,0.5836261194082111
tff_disaggregated,nq,lev_money,net_oi_pct_change,1w_post_release,-2.7278037927439733,2.5870977710088012,138,0.0021457108753040535,0.002445789084325134,0.5362318840579711,0.029534297252338398,137,0.006580423750594492,0.007245340514060006,0.6204379562043796,0.027783287744892617,-0.004434712875290439,-1.2825867359971026,0.1996368995916778
tff_disaggregated,nq,lev_money,net_oi_pct_change,2w_post_release,-2.7278037927439733,2.5870977710088012,137,0.006423775623892533,0.006961327722667887,0.5985401459854015,0.03478839126763546,137,0.006845620022759735,0.01196542169549919,0.6423357664233577,0.044390411122829196,-0.0004218443988672025,-0.0875484442585157,0.9302355802736371
tff_disaggregated,nq,lev_money,net_oi_pct_change,4w_post_release,-2.7278037927439733,2.5870977710088012,137,0.011975563154785372,0.01814568254306681,0.5912408759124088,0.05662197616248411,135,0.017075475521131565,0.02163848245387401,0.7037037037037037,0.05537740338979524,-0.005099912366346193,-0.7509801877701676,0.4526645793311964
tff_disaggregated,nq,lev_money,net_oi_pct_change,13w_post_release,-2.7278037927439733,2.5870977710088012,133,0.05663705674457741,0.057345264727815204,0.7894736842105263,0.09134286201827892,132,0.05677208385820737,0.0705996899920951,0.7803030303030303,0.0962329624963897,-0.0001350271136299555,-0.01171315095909364,0.9906544713896995
tff_disaggregated,nq,lev_money,long_oi_pct_change,1d_post_release,-1.6704561780007583,1.4436509051527704,138,0.0006530430434234312,0.0017374620627561566,0.5579710144927537,0.014429996806876988,137,0.0016874090717138544,0.0015109456401620758,0.5985401459854015,0.013123505363409768,-0.0010343660282904233,-0.6219392622965983,0.5339818068867597
tff_disaggregated,nq,lev_money,long_oi_pct_change,2d_post_release,-1.6704561780007583,1.4436509051527704,138,0.0010109791209628723,0.0014457546785971997,0.5652173913043478,0.01864675435614963,137,0.00345826043314488,0.003301725549873513,0.6204379562043796,0.016176173346501996,-0.0024472813121820076,-1.1627954828566096,0.24491249032723914
tff_disaggregated,nq,lev_money,long_oi_pct_change,3d_post_release,-1.6704561780007583,1.4436509051527704,138,0.0029119081431919626,0.0024926278411179226,0.572463768115942,0.02333520939265902,137,0.004797305776863982,0.004202775655437474,0.6131386861313869,0.018654862432444422,-0.0018853976336720194,-0.7403081475863597,0.4591130382980349
tff_disaggregated,nq,lev_money,long_oi_pct_change,1w_post_release,-1.6704561780007583,1.4436509051527704,138,0.0022315344377051793,0.00262770234243348,0.5507246376811594,0.030623764937201942,137,0.005871877880900236,0.00782864492274582,0.6058394160583942,0.026835793426880535,-0.0036403434431950565,-1.0485896343206262,0.2943670286657808
tff_disaggregated,nq,lev_money,long_oi_pct_change,2w_post_release,-1.6704561780007583,1.4436509051527704,137,0.005824085224627622,0.008680642486492918,0.6058394160583942,0.039684490293079314,137,0.00564895772726037,0.011707422290037295,0.635036496350365,0.04130070677203496,0.00017512749736725217,0.03578800682969476,0.9714513961056889
tff_disaggregated,nq,lev_money,long_oi_pct_change,4w_post_release,-1.6704561780007583,1.4436509051527704,137,0.010938456588762722,0.021620782748855705,0.6131386861313869,0.06717070674167461,136,0.013933290821534383,0.01939078416186335,0.6617647058823529,0.057515885294261125,-0.0029948342327716614,-0.39578181570074544,0.6922659927403114
tff_disaggregated,nq,lev_money,long_oi_pct_change,13w_post_release,-1.6704561780007583,1.4436509051527704,134,0.04804139655593497,0.05251996317944585,0.753731343283582,0.0991743391797518,134,0.05161548275019416,0.059081200240859166,0.746268656716418,0.10318641936957901,-0.0035740861942591892,-0.28908181959721535,0.772518765796419
tff_disaggregated,nq,lev_money,short_oi_pct_change,1d_post_release,-1.9711717552711239,1.7915209577602642,137,0.0009889349299291054,0.0018957104614811815,0.5547445255474452,0.01605117484998813,138,0.0010670246574120766,0.0018446013938003825,0.572463768115942,0.01342301906623322,-7.808972748297115e-05,-0.04374778676352103,0.9651054473265014
tff_disaggregated,nq,lev_money,short_oi_pct_change,2d_post_release,-1.9711717552711239,1.7915209577602642,137,0.002674049603907872,0.0016686832692895948,0.5766423357664233,0.01847790635774404,138,0.003037695045175883,0.0036800220601749256,0.644927536231884,0.01781124603422734,-0.00036364544126801096,-0.1661355319785063,0.8680502922194202
tff_disaggregated,nq,lev_money,short_oi_pct_change,3d_post_release,-1.9711717552711239,1.7915209577602642,137,0.005038247134818047,0.0054582005811094625,0.5985401459854015,0.024174907865938032,138,0.004108470318036012,0.00251494711804523,0.572463768115942,0.02119137508996811,0.0009297768167820354,0.3390536678064498,0.7345693009604497
tff_disaggregated,nq,lev_money,short_oi_pct_change,1w_post_release,-1.9711717552711239,1.7915209577602642,137,0.006614170600360333,0.007245340514060006,0.6204379562043796,0.030805377206307702,138,0.002125744510973757,0.003051587846735093,0.5289855072463768,0.02793663862130978,0.004488426089386576,1.2653611764086403,0.20574188570203714
tff_disaggregated,nq,lev_money,short_oi_pct_change,2w_post_release,-1.9711717552711239,1.7915209577602642,137,0.008448006525307738,0.01316192786718573,0.635036496350365,0.04494063036248503,138,0.008985792569366763,0.01125644149039029,0.6521739130434783,0.03644727726987095,-0.0005377860440590257,-0.10894270220627002,0.9132479367257854
tff_disaggregated,nq,lev_money,short_oi_pct_change,4w_post_release,-1.9711717552711239,1.7915209577602642,136,0.021134824814889968,0.024018847995880943,0.7058823529411765,0.06074109723997981,138,0.019814878417061095,0.023579304038421234,0.6666666666666666,0.05704685660102725,0.001319946397828873,0.18535586421078412,0.8529499237681446
tff_disaggregated,nq,lev_money,short_oi_pct_change,13w_post_release,-1.9711717552711239,1.7915209577602642,133,0.06689546059327556,0.07784097447109284,0.7819548872180451,0.10541611949759336,136,0.060835935202455435,0.058698024899964896,0.7720588235294118,0.08988985021857875,0.006059525390820122,0.5067828727275397,0.6123071750251154
tff_disaggregated,nq,other_reportable,net_oi_pct_change,1d_post_release,-0.7853943276168869,0.8919200364245834,137,0.0010244515568519675,0.0017269704171605227,0.6131386861313869,0.01294791539724258,138,0.0009641048204637278,0.0014120843385647674,0.5362318840579711,0.016552417289014906,6.034673638823974e-05,0.03368702671787898,0.9731267242813965
tff_disaggregated,nq,other_reportable,net_oi_pct_change,2d_post_release,-0.7853943276168869,0.8919200364245834,137,0.0013826948636881274,0.0017206728039651509,0.583941605839416,0.01691914950797781,138,0.002548119045490332,0.003463522872939051,0.5579710144927537,0.017478968606783326,-0.0011654241818022048,-0.5617990578955004,0.574252934060351
tff_disaggregated,nq,other_reportable,net_oi_pct_change,3d_post_release,-0.7853943276168869,0.8919200364245834,137,0.00423558541674642,0.004271446373498078,0.5985401459854015,0.021853904022038895,138,0.0023654792160882703,0.002763277847965373,0.5434782608695652,0.022032926358944813,0.00187010620065815,0.7066402293966219,0.47979008207570456
tff_disaggregated,nq,other_reportable,net_oi_pct_change,1w_post_release,-0.7853943276168869,0.8919200364245834,137,0.005658774167925491,0.004328349960828648,0.5693430656934306,0.028003383047417712,138,0.003552536030173341,0.0064458266900274674,0.6159420289855072,0.03103988686901827,0.0021062381377521503,0.5908918424416316,0.5545928921494652
tff_disaggregated,nq,other_reportable,net_oi_pct_change,2w_post_release,-0.7853943276168869,0.8919200364245834,137,0.013026280379190593,0.014264185738308344,0.6934306569343066,0.03819576738272456,138,0.007113044328666159,0.013289152605851173,0.6304347826086957,0.04350379054411613,0.005913236050524434,1.1979991487272652,0.2309173483882859
tff_disaggregated,nq,other_reportable,net_oi_pct_change,4w_post_release,-0.7853943276168869,0.8919200364245834,136,0.021787866965422564,0.01826509129941245,0.6691176470588235,0.05126488243431715,138,0.016109865502513886,0.02600703606639021,0.6666666666666666,0.05689359522354372,0.005678001462908679,0.8681123408148931,0.3853328358442887
tff_disaggregated,nq,other_reportable,net_oi_pct_change,13w_post_release,-0.7853943276168869,0.8919200364245834,135,0.06155265911575032,0.06654768869604699,0.7851851851851852,0.09183932956205121,136,0.05277844446662638,0.06709900087600595,0.7720588235294118,0.09858914492881592,0.008774214649123944,0.7581273196004447,0.4483747661659287
tff_disaggregated,nq,other_reportable,long_oi_pct_change,1d_post_release,-0.44090365364828776,0.4226343589175737,137,0.001823684737850104,0.0018957104614811815,0.6058394160583942,0.014500797867399797,138,0.0019048325638374394,0.001638934273993753,0.6159420289855072,0.01166442247110236,-8.114782598733533e-05,-0.0511104829337194,0.959237482738879
tff_disaggregated,nq,other_reportable,long_oi_pct_change,2d_post_release,-0.44090365364828776,0.4226343589175737,137,0.002002901345469032,0.002219534199502382,0.5766423357664233,0.01933991376003103,138,0.00303819689261446,0.003124409930653438,0.5869565217391305,0.016845572619791277,-0.0010352955471454282,-0.47321197634101686,0.6360619541961984
tff_disaggregated,nq,other_reportable,long_oi_pct_change,3d_post_release,-0.44090365364828776,0.4226343589175737,137,0.0054461046009129915,0.004779047171812101,0.5985401459854015,0.023728897209813988,138,0.0036506517942999656,0.004174998677502817,0.5942028985507246,0.020183811827681187,0.0017954528066130258,0.6756316246523609,0.49927455765277706
tff_disaggregated,nq,other_reportable,long_oi_pct_change,1w_post_release,-0.44090365364828776,0.4226343589175737,137,0.0071377088914388815,0.006112769088167935,0.6131386861313869,0.029706456359123494,138,0.0055620295398269935,0.007498285042289221,0.5797101449275363,0.029599626118946197,0.001575679351611888,0.4405838085864965,0.6595143267409299
tff_disaggregated,nq,other_reportable,long_oi_pct_change,2w_post_release,-0.44090365364828776,0.4226343589175737,136,0.011643344431498297,0.013927677328919086,0.6617647058823529,0.04037558532642491,138,0.009525004511139011,0.01125644149039029,0.6521739130434783,0.03857477387229487,0.0021183399203592856,0.44393567776813714,0.6570890889311365
tff_disaggregated,nq,other_reportable,long_oi_pct_change,4w_post_release,-0.44090365364828776,0.4226343589175737,135,0.0189489649578268,0.015584957995973259,0.6518518518518519,0.05795826996169312,138,0.016078522366502746,0.024018847995880943,0.6304347826086957,0.05829441925791222,0.002870442591324053,0.40795563991178296,0.683306242759973
tff_disaggregated,nq,other_reportable,long_oi_pct_change,13w_post_release,-0.44090365364828776,0.4226343589175737,132,0.05497777240863639,0.062453489143439955,0.7424242424242424,0.10616932012748334,134,0.05321169154274088,0.056485524372343,0.7686567164179104,0.0987549140511908,0.0017660808658955113,0.14042478607578351,0.8883243754204578
tff_disaggregated,nq,other_reportable,short_oi_pct_change,1d_post_release,-0.5610091299593274,0.5587404480039835,138,0.001660625916215688,0.002065992628940694,0.5507246376811594,0.01660386019595007,137,0.0005963867545478575,0.0015626232235552706,0.5985401459854015,0.012449085055456926,0.0010642391616678304,0.6016416549411749,0.547412695012996
tff_disaggregated,nq,other_reportable,short_oi_pct_change,2d_post_release,-0.5610091299593274,0.5587404480039835,138,0.0037111891520444475,0.005696772508571812,0.6304347826086957,0.01965594597050137,137,0.001569189884997346,0.0017206728039651509,0.5693430656934306,0.01789293375845425,0.0021419992670471018,0.945108408220472,0.34460353309987746
tff_disaggregated,nq,other_reportable,short_oi_pct_change,3d_post_release,-0.5610091299593274,0.5587404480039835,138,0.002912931027283085,0.002763277847965373,0.5434782608695652,0.023243409524354344,137,0.002716227863354895,0.002581596088330196,0.5693430656934306,0.020654689289894057,0.00019670316392819036,0.07419388231867954,0.940856113638696
tff_disaggregated,nq,other_reportable,short_oi_pct_change,1w_post_release,-0.5610091299593274,0.5587404480039835,138,0.00293727540447398,0.005553297291688075,0.5942028985507246,0.03196977596612045,137,0.0057453760733135045,0.0038726281174044086,0.5766423357664233,0.028861098805223074,-0.0028081006688395246,-0.7646562435540817,0.4444762682740389
tff_disaggregated,nq,other_reportable,short_oi_pct_change,2w_post_release,-0.5610091299593274,0.5587404480039835,137,0.010022438363835779,0.01781451888561536,0.6642335766423357,0.04332136957783063,137,0.00855920819596576,0.010887283811543247,0.6496350364963503,0.038729692154765794,0.0014632301678700194,0.29473027851311473,0.7681999311408069
tff_disaggregated,nq,other_reportable,short_oi_pct_change,4w_post_release,-0.5610091299593274,0.5587404480039835,137,0.025328520120785694,0.033815936771087296,0.7591240875912408,0.05643356300402502,137,0.014512273456135536,0.01602362362443932,0.656934306569343,0.05996888872729507,0.010816246664650158,1.5374093752471163,0.12419309198072526
tff_disaggregated,nq,other_reportable,short_oi_pct_change,13w_post_release,-0.5610091299593274,0.5587404480039835,136,0.0641442134289265,0.07554202421611378,0.7941176470588235,0.10279235883025954,136,0.05568568625779235,0.06456034678800748,0.7941176470588235,0.09359671927620968,0.008458527171134149,0.7095553949527706,0.47797988842706257
tff_disaggregated,nq,non_reportable,net_oi_pct_change,1d_post_release,-0.9388337922690242,0.9967749874534677,138,-0.00028577806012985985,0.0010845963980553597,0.5362318840579711,0.017394604422162237,137,0.0005317128650093217,0.0018057586974518092,0.5985401459854015,0.015126830022441563,-0.0008174909251391816,-0.4159422341109924,0.6774522737860653
tff_disaggregated,nq,non_reportable,net_oi_pct_change,2d_post_release,-0.9388337922690242,0.9967749874534677,138,0.0011467781032092,0.0017494611115779213,0.5579710144927537,0.01710707346698044,137,0.003581983857182545,0.004755986569787263,0.635036496350365,0.018254482168253875,-0.002435205753973345,-1.1412691660456746,0.25375792924855334
tff_disaggregated,nq,non_reportable,net_oi_pct_change,3d_post_release,-0.9388337922690242,0.9967749874534677,138,0.004146591332052438,0.004157212946827138,0.6086956521739131,0.02162796424920256,137,0.003941857113347325,0.004271446373498078,0.5693430656934306,0.022455830151773094,0.00020473421870511373,0.07699610058886557,0.9386266470397757
tff_disaggregated,nq,non_reportable,net_oi_pct_change,1w_post_release,-0.9388337922690242,0.9967749874534677,138,0.002151074306345556,0.003051587846735093,0.5507246376811594,0.029168055204685808,137,0.004416381799469125,0.0038726281174044086,0.5693430656934306,0.030179403631370595,-0.002265307493123569,-0.6328467525704017,0.5268337226432411
tff_disaggregated,nq,non_reportable,net_oi_pct_change,2w_post_release,-0.9388337922690242,0.9967749874534677,137,0.0032150890668569453,0.008680642486492918,0.5912408759124088,0.03956362503022955,137,0.009411884792166796,0.013799755312273287,0.6496350364963503,0.04459617525863163,-0.006196795725309851,-1.2166416685273134,0.22374058161213184
tff_disaggregated,nq,non_reportable,net_oi_pct_change,4w_post_release,-0.9388337922690242,0.9967749874534677,137,0.009525370667255202,0.017162653754364543,0.6058394160583942,0.057965623422700924,136,0.02049621683831156,0.024277564062395895,0.6764705882352942,0.06205431953579182,-0.010970846171056358,-1.5092428646682656,0.13123672975818018
tff_disaggregated,nq,non_reportable,net_oi_pct_change,13w_post_release,-0.9388337922690242,0.9967749874534677,135,0.04298804648463558,0.05418465041236353,0.7481481481481481,0.0884302084386562,134,0.06161707367460567,0.07355478117274283,0.7238805970149254,0.10995532466900909,-0.018629027189970095,-1.5305192697318097,0.12588824743760443
tff_disaggregated,nq,non_reportable,long_oi_pct_change,1d_post_release,-0.6844004940683264,0.6590758781877364,138,0.0007094948404107504,0.0014547369939348354,0.5507246376811594,0.014075619883920469,138,0.0014148030033758856,0.0029488498886061087,0.6521739130434783,0.015498900251765016,-0.0007053081629651352,-0.3957431488379578,0.6922945205003781
tff_disaggregated,nq,non_reportable,long_oi_pct_change,2d_post_release,-0.6844004940683264,0.6590758781877364,138,0.003154552036602446,0.003383377362272566,0.6086956521739131,0.017501597526585696,138,0.00347689814443427,0.004201332068524466,0.6304347826086957,0.017651791261497008,-0.00032234610783182403,-0.15233714443598578,0.8789210297646292
tff_disaggregated,nq,non_reportable,long_oi_pct_change,3d_post_release,-0.6844004940683264,0.6590758781877364,138,0.006171186817382155,0.005285034155854462,0.6159420289855072,0.020777649026401106,138,0.004344088677642216,0.004227247765284048,0.5652173913043478,0.024168383685856016,0.0018270981397399393,0.6734304117604676,0.5006735063346528
tff_disaggregated,nq,non_reportable,long_oi_pct_change,1w_post_release,-0.6844004940683264,0.6590758781877364,138,0.005358408650905897,0.005190958414951541,0.6014492753623188,0.028670423520031695,138,0.00384855074096,0.0015967051634693252,0.5217391304347826,0.029592442928868572,0.0015098579099458971,0.4304714938675904,0.6668526985050314
tff_disaggregated,nq,non_reportable,long_oi_pct_change,2w_post_release,-0.6844004940683264,0.6590758781877364,138,0.007201547368818829,0.010067641649495362,0.6159420289855072,0.038385492398527635,138,0.007404207437532872,0.011857501782137958,0.6231884057971014,0.04390577736644862,-0.00020266006871404348,-0.04082197250351264,0.9674378224325908
tff_disaggregated,nq,non_reportable,long_oi_pct_change,4w_post_release,-0.6844004940683264,0.6590758781877364,138,0.015918918564905238,0.02201630049960135,0.6304347826086957,0.05551080138060893,137,0.023809144104267474,0.02148434792653342,0.6861313868613139,0.05587582873336537,-0.007890225539362236,-1.1746603800013622,0.24013061629839125
tff_disaggregated,nq,non_reportable,long_oi_pct_change,13w_post_release,-0.6844004940683264,0.6590758781877364,136,0.04771329520331588,0.0513774272925166,0.7794117647058824,0.09228487136324148,136,0.05540321030323387,0.0550607066066362,0.7426470588235294,0.10057291641634641,-0.007689915099917989,-0.657004205343162,0.5111782124451769
tff_disaggregated,nq,non_reportable,short_oi_pct_change,1d_post_release,-0.7081954227908636,0.7032141958958582,137,-0.0001194302397931965,-0.00015304905245472344,0.48905109489051096,0.015097296950374116,138,0.0008778286436413608,0.0019804572159656253,0.6304347826086957,0.017382825600674143,-0.0009972588834345573,-0.5080328362276845,0.6114303154467978
tff_disaggregated,nq,non_reportable,short_oi_pct_change,2d_post_release,-0.7081954227908636,0.7032141958958582,137,0.003380665917225839,0.0036551101703792277,0.6423357664233577,0.019277343217372987,138,0.0018999798687183034,0.0022193626656991094,0.5942028985507246,0.016593728763897513,0.0014806860485075354,0.6824214535963411,0.49497249394063314
tff_disaggregated,nq,non_reportable,short_oi_pct_change,3d_post_release,-0.7081954227908636,0.7032141958958582,137,0.005852920599356478,0.006689730019993734,0.6131386861313869,0.022282774917587622,138,0.003586813052038424,0.003807385230485072,0.5942028985507246,0.02240529641671153,0.002266107547318054,0.8409207688664683,0.40039232248749673
tff_disaggregated,nq,non_reportable,short_oi_pct_change,1w_post_release,-0.7081954227908636,0.7032141958958582,137,0.007889414515247425,0.008840517251208047,0.6642335766423357,0.030119955116621893,138,0.0027293359724415243,0.004359436885132073,0.5434782608695652,0.03136863352269198,0.005160078542805901,1.391450595756062,0.1640888310681834
tff_disaggregated,nq,non_reportable,short_oi_pct_change,2w_post_release,-0.7081954227908636,0.7032141958958582,137,0.014946626843850723,0.015667193695233284,0.708029197080292,0.039541865632993924,137,0.00599276919657936,0.011580877276181178,0.635036496350365,0.04152479993400991,0.008953857647271364,1.827735186320271,0.06758930464064597
tff_disaggregated,nq,non_reportable,short_oi_pct_change,4w_post_release,-0.7081954227908636,0.7032141958958582,137,0.01834497962731869,0.02434258795464972,0.6642335766423357,0.06467374639328496,137,0.015150274183179822,0.02281602012219275,0.6715328467153284,0.062551214951051,0.003194705444138869,0.41559790053881146,0.6777042632162527
tff_disaggregated,nq,non_reportable,short_oi_pct_change,13w_post_release,-0.7081954227908636,0.7032141958958582,136,0.05819408858429469,0.06409949797867531,0.7352941176470589,0.1082661934008232,137,0.051672094984944975,0.05449284341404015,0.7445255474452555,0.09569114627696647,0.0065219935993497125,0.5272272605026495,0.5980357801443911
legacy,sp500,noncommercial,net_oi_pct_change,1d_post_release,-0.7938829475355539,0.8595277527497069,133,0.0016237900400320566,0.0016623225124401397,0.6390977443609023,0.011028233796726048,133,-0.0015363833170663106,3.751109703298283e-05,0.5037593984962406,0.011443516792851435,0.003160173357098367,2.29319334297897,0.021836876243631873
legacy,sp500,noncommercial,net_oi_pct_change,2d_post_release,-0.7938829475355539,0.8595277527497069,133,0.004015404420979134,0.0037480363873110267,0.6090225563909775,0.01420836403983783,133,-0.0002731641346308803,0.0003941092183634698,0.5263157894736842,0.01286227646960174,0.004288568555610014,2.5805863361550205,0.00986326899321921
legacy,sp500,noncommercial,net_oi_pct_change,3d_post_release,-0.7938829475355539,0.8595277527497069,133,0.005361947506406386,0.0051906736386289065,0.6240601503759399,0.019324036196225768,133,-6.801849136943772e-05,0.0012855920263397103,0.5488721804511278,0.016266329689901805,0.005429965997775824,2.479182831889551,0.013168378682254941
legacy,sp500,noncommercial,net_oi_pct_change,1w_post_release,-0.7938829475355539,0.8595277527497069,133,0.0046348394015862295,0.0030814937135317244,0.556390977443609,0.025130650246172875,133,0.0015713891093745607,0.0038350101735600273,0.5864661654135338,0.02326947893814997,0.0030634502922116686,1.0315357339343194,0.3022896599495148
legacy,sp500,noncommercial,net_oi_pct_change,2w_post_release,-0.7938829475355539,0.8595277527497069,133,0.009115425774906212,0.009604274985557604,0.6541353383458647,0.028680018913500315,133,0.002232827350264125,0.006901480066513699,0.6390977443609023,0.035502856457146105,0.006882598424642087,1.739137829098676,0.08201052198655857
legacy,sp500,noncommercial,net_oi_pct_change,4w_post_release,-0.7938829475355539,0.8595277527497069,132,0.01683678115879555,0.018969481983988512,0.7196969696969697,0.04773983847276506,133,0.010028160110820031,0.015342038686444681,0.631578947368421,0.041020542638825326,0.00680862104797552,1.2447887947642693,0.21320939607410377
legacy,sp500,noncommercial,net_oi_pct_change,13w_post_release,-0.7938829475355539,0.8595277527497069,129,0.04401454628285522,0.04911108985906654,0.7441860465116279,0.07377988314841888,130,0.031198561087961242,0.04483730689318155,0.7153846153846154,0.07153257701750595,0.012815985194893978,1.4191161137189225,0.15586516684848345
legacy,sp500,noncommercial,long_oi_pct_change,1d_post_release,-0.6143873662561279,0.4821748078777093,133,0.0017424841947093885,0.0011706865481149187,0.5939849624060151,0.010507228741582211,133,-0.0009257040071941155,0.00017585947169163063,0.5112781954887218,0.015759503090883552,0.002668188201903504,1.6245683058714016,0.10425457498825767
legacy,sp500,noncommercial,long_oi_pct_change,2d_post_release,-0.6143873662561279,0.4821748078777093,133,0.0032973685540604787,0.0032641168443181545,0.6015037593984962,0.013333088513152446,133,0.0010407437253699928,0.0009893460220886663,0.5639097744360902,0.014254474814941088,0.0022566248286904856,1.3333518006665952,0.1824163818689
legacy,sp500,noncommercial,long_oi_pct_change,3d_post_release,-0.6143873662561279,0.4821748078777093,133,0.004367768383960052,0.004079620266625339,0.6240601503759399,0.01843209611744164,133,0.00017223062834607235,0.0010110350779852784,0.5338345864661654,0.020273600335198948,0.00419553775561398,1.7658857058968276,0.0774150257698777
legacy,sp500,noncommercial,long_oi_pct_change,1w_post_release,-0.6143873662561279,0.4821748078777093,133,0.00666329186710066,0.0047690675248655,0.631578947368421,0.022307107871285113,133,0.0018111438755116552,0.005456905544357182,0.6015037593984962,0.0267862645976281,0.004852147991589005,1.605283999440736,0.10843131879864917
legacy,sp500,noncommercial,long_oi_pct_change,2w_post_release,-0.6143873662561279,0.4821748078777093,133,0.010241888833864354,0.010074429681048436,0.6541353383458647,0.029297678154444298,133,0.0035596006705888163,0.009876429483214544,0.706766917293233,0.03818400372652351,0.006682288163275537,1.6012047107017713,0.10933158583707825
legacy,sp500,noncommercial,long_oi_pct_change,4w_post_release,-0.6143873662561279,0.4821748078777093,132,0.018315747520503422,0.01910456021089202,0.7424242424242424,0.0425321901721425,133,0.009706230688731821,0.016098540298632225,0.6541353383458647,0.047163505967536296,0.0086095168317716,1.5607497677680828,0.11858280372181292
legacy,sp500,noncommercial,long_oi_pct_change,13w_post_release,-0.6143873662561279,0.4821748078777093,130,0.043030416028066246,0.04601049740740282,0.7923076923076923,0.06774202300060501,131,0.036367152335006196,0.04275903296539063,0.7175572519083969,0.0754058057129848,0.0066632636930600495,0.7510807609002315,0.45260405349093014
legacy,sp500,noncommercial,short_oi_pct_change,1d_post_release,-0.6997723768765507,0.7033672755323641,132,-0.0005519669515925839,0.0006642200101273366,0.5227272727272727,0.009838632187046935,133,0.00026487254307081844,0.0018000686154020507,0.631578947368421,0.017099576559936724,-0.0008168394946634023,-0.47705736141343635,0.6333212759075799
legacy,sp500,noncommercial,short_oi_pct_change,2d_post_release,-0.6997723768765507,0.7033672755323641,132,-0.0004988342424420077,0.00014939906269351155,0.5151515151515151,0.01293339058620449,133,0.00314465437165118,0.0028348883934714575,0.6090225563909775,0.015244013767142135,-0.003643488614093188,-2.098526722896766,0.03585864181893487
legacy,sp500,noncommercial,short_oi_pct_change,3d_post_release,-0.6997723768765507,0.7033672755323641,132,0.0008428719521830631,0.0024043623459572006,0.5984848484848485,0.013984453178247187,133,0.0031405304268626705,0.003168610002467487,0.5939849624060151,0.022072526355858726,-0.0022976584746796074,-1.0129923020503848,0.3110638378733607
legacy,sp500,noncommercial,short_oi_pct_change,1w_post_release,-0.6997723768765507,0.7033672755323641,132,0.003944255176446097,0.003721252523400609,0.5984848484848485,0.020748255991970138,133,0.0010244238407661505,0.0028141011506797042,0.556390977443609,0.02865124843290276,0.002919831335679947,0.95065530752115,0.34177938264329444
legacy,sp500,noncommercial,short_oi_pct_change,2w_post_release,-0.6997723768765507,0.7033672755323641,132,0.007756784020803426,0.00795368634102378,0.6515151515151515,0.028093013339054063,133,0.004945019570618598,0.007717170140868701,0.631578947368421,0.037852465206569506,0.0028117644501848282,0.6869840164046604,0.49209280075996087
legacy,sp500,noncommercial,short_oi_pct_change,4w_post_release,-0.6997723768765507,0.7033672755323641,132,0.015650000842664654,0.020292144121237476,0.7045454545454546,0.037225072489552744,132,0.015276643741017374,0.018596624437321574,0.7196969696969697,0.048575271731322006,0.0003733571016472804,0.07009228519440162,0.9441202071243813
legacy,sp500,noncommercial,short_oi_pct_change,13w_post_release,-0.6997723768765507,0.7033672755323641,130,0.03866470834453317,0.047431547445871525,0.7769230769230769,0.07066800922798279,129,0.041252759342015895,0.047613786814670656,0.751937984496124,0.07678669332662656,-0.002588050997482723,-0.28217453736810255,0.7778096815648716
legacy,sp500,commercial,net_oi_pct_change,1d_post_release,-0.9700820347664703,0.9570719719485651,133,-0.0008841011282135902,0.0008835217690965624,0.5413533834586466,0.01660103379198098,133,0.0014744113518209488,0.0012713305304810074,0.6240601503759399,0.011693822328915152,-0.002358512480034539,-1.339480418802048,0.18041432484031747
legacy,sp500,commercial,net_oi_pct_change,2d_post_release,-0.9700820347664703,0.9570719719485651,133,0.0004893680811195722,0.001521501878770426,0.5639097744360902,0.01507767396402869,133,0.0035819611657314813,0.003242987254545193,0.6015037593984962,0.014316697596270835,-0.003092593084611909,-1.715354683415134,0.08628021845665852
legacy,sp500,commercial,net_oi_pct_change,3d_post_release,-0.9700820347664703,0.9570719719485651,133,0.0007995486150978962,0.0016615072003320908,0.5864661654135338,0.02076827739502126,133,0.004919267063349056,0.003956787623799807,0.5939849624060151,0.0189690801320124,-0.00411971844825116,-1.6891361973216432,0.09119333249811924
legacy,sp500,commercial,net_oi_pct_change,1w_post_release,-0.9700820347664703,0.9570719719485651,133,0.0012057436716111857,0.004747088753854323,0.5789473684210527,0.02890540604233232,133,0.003515320516729923,0.002381353789092211,0.556390977443609,0.02388121869176469,-0.002309576845118737,-0.7103805227785729,0.4774681980567228
legacy,sp500,commercial,net_oi_pct_change,2w_post_release,-0.9700820347664703,0.9570719719485651,133,0.0022692554936660364,0.007474372246160987,0.631578947368421,0.04029732642359314,133,0.00708412222129608,0.00664845959067728,0.6240601503759399,0.02874837992356402,-0.004814866727630044,-1.121751280054791,0.26196820639071444
legacy,sp500,commercial,net_oi_pct_change,4w_post_release,-0.9700820347664703,0.9570719719485651,133,0.010797810962620126,0.01866825032644548,0.6390977443609023,0.045661020965128384,132,0.013919044202743126,0.015181912207844706,0.7121212121212122,0.048923976439193155,-0.0031212332401230006,-0.5367957642351928,0.5914086978500968
legacy,sp500,commercial,net_oi_pct_change,13w_post_release,-0.9700820347664703,0.9570719719485651,130,0.03664381589343019,0.04427403920952555,0.7,0.07223439692058582,129,0.03611994166346883,0.040338160544412416,0.7209302325581395,0.07336483256920197,0.0005238742299613561,0.05790132429149307,0.9538272282618402
legacy,sp500,commercial,long_oi_pct_change,1d_post_release,-0.6878499163255363,0.5309443119008677,133,-0.00013787650708404312,0.0005031309486422941,0.556390977443609,0.013734252793187999,133,0.001878219608373455,0.0011706865481149187,0.6015037593984962,0.013133420060447131,-0.002016096115457498,-1.22352665148154,0.2211308442465606
legacy,sp500,commercial,long_oi_pct_change,2d_post_release,-0.6878499163255363,0.5309443119008677,133,-1.4458248682023161e-05,0.0009578435269843588,0.5338345864661654,0.012839245272932695,133,0.004608938154770981,0.00376741863737462,0.6165413533834586,0.01487808321360386,-0.004623396403453004,-2.7131812310297447,0.006664064947917433
legacy,sp500,commercial,long_oi_pct_change,3d_post_release,-0.6878499163255363,0.5309443119008677,133,-5.8424896764319976e-05,0.0013227933009247739,0.5488721804511278,0.018003893140847833,133,0.007670492530059466,0.005335918401753403,0.6466165413533834,0.02027225083475877,-0.007728917426823786,-3.2875320832417865,0.0010106967200014495
legacy,sp500,commercial,long_oi_pct_change,1w_post_release,-0.6878499163255363,0.5309443119008677,133,0.00037167559008305996,0.0021165978258637086,0.5413533834586466,0.02569913091851354,133,0.009846183189071296,0.006665709192595903,0.706766917293233,0.02341608147524514,-0.009474507598988236,-3.1427711083341485,0.001673566522216812
legacy,sp500,commercial,long_oi_pct_change,2w_post_release,-0.6878499163255363,0.5309443119008677,133,0.0044155007828395295,0.006901480066513699,0.631578947368421,0.030298071586444795,133,0.010372015602125313,0.010175306472532508,0.6691729323308271,0.031185672838466603,-0.005956514819285784,-1.5798923118295043,0.11413153019854011
legacy,sp500,commercial,long_oi_pct_change,4w_post_release,-0.6878499163255363,0.5309443119008677,133,0.013992045757042278,0.019899403164547858,0.6842105263157895,0.03952984176842257,132,0.017625496106492833,0.019220563565711224,0.7424242424242424,0.05081546504426017,-0.003633450349450555,-0.6493364250863594,0.5161209467446266
legacy,sp500,commercial,long_oi_pct_change,13w_post_release,-0.6878499163255363,0.5309443119008677,130,0.03756815966853448,0.04555993458512686,0.7461538461538462,0.07210966219570544,131,0.04490258611250526,0.0498303660456163,0.7786259541984732,0.07641748727545511,-0.007334426443970782,-0.7975226267031125,0.4251475672281652
legacy,sp500,commercial,short_oi_pct_change,1d_post_release,-0.7902365310716419,0.7885136254992702,133,0.0021663855386867266,0.0018000686154020507,0.6390977443609023,0.009507850944013595,133,-0.0012330802979333571,0.0009164157208665369,0.5488721804511278,0.016460994020780287,0.003399465836620084,2.0623592896732994,0.03917354214597177
legacy,sp500,commercial,short_oi_pct_change,2d_post_release,-0.7902365310716419,0.7885136254992702,133,0.0027164971068542234,0.0022666008273093396,0.5714285714285714,0.012874952081629186,133,0.0010206923989038003,0.002901010877961907,0.6015037593984962,0.014964391277590671,0.001695804707950423,0.990690285537507,0.32183683605877145
legacy,sp500,commercial,short_oi_pct_change,3d_post_release,-0.7902365310716419,0.7885136254992702,133,0.002793088158081344,0.0034563484756819918,0.5789473684210527,0.016349474401825836,133,0.0009281242054865172,0.0019262894549640919,0.5789473684210527,0.019889612118107962,0.0018649639525948267,0.8353560131117835,0.403517288404166
legacy,sp500,commercial,short_oi_pct_change,1w_post_release,-0.7902365310716419,0.7885136254992702,133,0.002726507702763262,0.004264814133235095,0.5714285714285714,0.0209160055706103,133,0.0027992219629590287,0.005917169216022922,0.631578947368421,0.027122485806948517,-7.271426019576661e-05,-0.024483658591023125,0.9804668183638664
legacy,sp500,commercial,short_oi_pct_change,2w_post_release,-0.7902365310716419,0.7885136254992702,133,0.008559356903600482,0.008508474279050438,0.6390977443609023,0.026669225871344696,133,0.0042515876173725,0.007900523871384069,0.6466165413533834,0.036098433894906766,0.004307769286227982,1.1069076229134907,0.2683338697648566
legacy,sp500,commercial,short_oi_pct_change,4w_post_release,-0.7902365310716419,0.7885136254992702,132,0.015605988816773081,0.016329434646131014,0.7348484848484849,0.03909131826127839,133,0.01280449562924529,0.017181167690656807,0.6917293233082706,0.038764765518290355,0.0028014931875277906,0.5857417322332115,0.5580490852304565
legacy,sp500,commercial,short_oi_pct_change,13w_post_release,-0.7902365310716419,0.7885136254992702,129,0.030257901787959365,0.04065944879637318,0.689922480620155,0.07443504725285319,130,0.03775560777171795,0.04787531335368367,0.7846153846153846,0.07045885954092887,-0.007497705983758585,-0.8323682149950241,0.4052011373660733
legacy,sp500,total_reportable,net_oi_pct_change,1d_post_release,-0.4070763990387317,0.4005955890817441,132,-0.00010425600596357681,0.000950017487509891,0.5757575757575758,0.01695318824084643,133,0.0006307250759533938,0.000876077054501545,0.5488721804511278,0.010776114641260374,-0.0007349810819169706,-0.42081647879768574,0.6738890975645925
legacy,sp500,total_reportable,net_oi_pct_change,2d_post_release,-0.4070763990387317,0.4005955890817441,132,0.0026183337172991086,0.0031100256745885124,0.6212121212121212,0.016349974344471756,133,0.0024513475647367005,0.0017191861170664513,0.5939849624060151,0.013043994049820226,0.00016698615256240806,0.09186085694913466,0.9268085915479126
legacy,sp500,total_reportable,net_oi_pct_change,3d_post_release,-0.4070763990387317,0.4005955890817441,132,0.003631077663430152,0.004709824548931207,0.6212121212121212,0.02308888909815694,133,0.003616811318348038,0.0027339525962040145,0.556390977443609,0.017834557506027398,1.4266345082113684e-05,0.005626041857769059,0.9955110917440149
legacy,sp500,total_reportable,net_oi_pct_change,1w_post_release,-0.4070763990387317,0.4005955890817441,132,0.003698779916064411,0.004027162637077475,0.5757575757575758,0.0295690508713737,133,0.005958748907027732,0.005073325227442416,0.631578947368421,0.020335965587546728,-0.002259968990963321,-0.7243969408607599,0.46882207740540105
legacy,sp500,total_reportable,net_oi_pct_change,2w_post_release,-0.4070763990387317,0.4005955890817441,131,0.0072441833535809765,0.010074429681048436,0.6564885496183206,0.03935635491285867,133,0.009475059063953517,0.010175306472532508,0.7218045112781954,0.025595755518282824,-0.0022308757103725405,-0.545094212851153,0.5856887227004115
legacy,sp500,total_reportable,net_oi_pct_change,4w_post_release,-0.4070763990387317,0.4005955890817441,131,0.015494802572575921,0.02051462122567771,0.732824427480916,0.04736230102086444,132,0.015716048668545472,0.019413594044402682,0.7348484848484849,0.04289058179780085,-0.00022124609596955135,-0.039698605727403885,0.9683334132706019
legacy,sp500,total_reportable,net_oi_pct_change,13w_post_release,-0.4070763990387317,0.4005955890817441,129,0.04403032293948919,0.04986954519875164,0.7751937984496124,0.07958544080642214,131,0.04082419930656757,0.04846650870231328,0.7938931297709924,0.07178021801915299,0.003206123632921623,0.34094032324047174,0.7331485079304783
legacy,sp500,total_reportable,long_oi_pct_change,1d_post_release,-0.34809290590331443,0.3156212603745096,132,0.00203783434418977,0.0016111791985092827,0.5757575757575758,0.00950167360061737,133,0.00014613909366893396,0.0008515744450250384,0.518796992481203,0.014099888039705957,0.0018916952505208362,1.2815877200864016,0.19998731017043395
legacy,sp500,total_reportable,long_oi_pct_change,2d_post_release,-0.34809290590331443,0.3156212603745096,132,0.0015555231073403862,0.0019468445635250076,0.5757575757575758,0.013065167128409626,133,0.00288328782240426,0.0029516318244013906,0.6015037593984962,0.01353286116008823,-0.001327764715063874,-0.8125558199361327,0.4164727704753298
legacy,sp500,total_reportable,long_oi_pct_change,3d_post_release,-0.34809290590331443,0.3156212603745096,132,0.0010054871441601612,0.000983296923716126,0.553030303030303,0.01772767108573616,133,0.0043896187974272055,0.0051906736386289065,0.6165413533834586,0.01877908253763813,-0.003384131653267044,-1.5085544970223803,0.1314126699507359
legacy,sp500,total_reportable,long_oi_pct_change,1w_post_release,-0.34809290590331443,0.3156212603745096,132,0.0018217730193368818,0.0007895169381760825,0.5303030303030303,0.0238132949376368,133,0.005234708008503342,0.005779077786919329,0.6541353383458647,0.024224052153613816,-0.003412934989166461,-1.1565568415201566,0.24745346371246307
legacy,sp500,total_reportable,long_oi_pct_change,2w_post_release,-0.34809290590331443,0.3156212603745096,131,0.007848454972104374,0.008538557795412904,0.6564885496183206,0.0325924335858714,133,0.007168931226156316,0.009620362714719333,0.6842105263157895,0.03557302308565921,0.0006795237459480581,0.16186712308398096,0.8714104933231529
legacy,sp500,total_reportable,long_oi_pct_change,4w_post_release,-0.34809290590331443,0.3156212603745096,131,0.012556011880764394,0.01826110507226475,0.6793893129770993,0.04938904271122792,132,0.01664550857932234,0.019878680182404795,0.75,0.04697113989105022,-0.004089496698557946,-0.6879690467133048,0.49147227380388525
legacy,sp500,total_reportable,long_oi_pct_change,13w_post_release,-0.34809290590331443,0.3156212603745096,128,0.03706476704031774,0.04686945783705654,0.7421875,0.07330021049187427,131,0.05106545519596446,0.05709109944128277,0.8396946564885496,0.07039527144825568,-0.014000688155646722,-1.5672441564285218,0.11705763283456896
legacy,sp500,total_reportable,short_oi_pct_change,1d_post_release,-0.3818743448202042,0.3398181912867564,133,0.001974549721743862,0.0009317695307899942,0.5864661654135338,0.009513754772635835,133,0.0001119855733953691,0.0012566610143582846,0.6015037593984962,0.017572293859941975,0.001862564148348493,1.074951855075705,0.28239628397551725
legacy,sp500,total_reportable,short_oi_pct_change,2d_post_release,-0.3818743448202042,0.3398181912867564,133,0.0017192514175136738,-0.00012038205825803949,0.48872180451127817,0.012376292823942281,133,0.0029401130720417275,0.003868154698851267,0.6616541353383458,0.015437810710889583,-0.0012208616545280537,-0.7115856052502927,0.4767214234236303
legacy,sp500,total_reportable,short_oi_pct_change,3d_post_release,-0.3818743448202042,0.3398181912867564,133,0.0008340545777076546,9.198302256208102e-05,0.5037593984962406,0.017786431602810054,133,0.0044343434074331535,0.0051906736386289065,0.6466165413533834,0.02235204397288075,-0.003600288829725499,-1.4535360133226978,0.14607498813482392
legacy,sp500,total_reportable,short_oi_pct_change,1w_post_release,-0.3818743448202042,0.3398181912867564,133,0.0028325419954596527,0.0021165978258637086,0.5413533834586466,0.02038313084287474,133,0.005221152730371901,0.00643634670931692,0.6766917293233082,0.028261104335088348,-0.002388610734912248,-0.7905564287010631,0.42920288118850347
legacy,sp500,total_reportable,short_oi_pct_change,2w_post_release,-0.3818743448202042,0.3398181912867564,133,0.009137261852312069,0.008006848810663492,0.6992481203007519,0.025464438255626037,133,0.008292320565035623,0.010422853318833969,0.6691729323308271,0.037012360162157344,0.0008449412872764458,0.21689715356108918,0.8282884959345159
legacy,sp500,total_reportable,short_oi_pct_change,4w_post_release,-0.3818743448202042,0.3398181912867564,132,0.015634395443439468,0.01751529523658024,0.7045454545454546,0.036374678765914124,132,0.016645652947507066,0.018294230451614046,0.75,0.047623035129619996,-0.0010112575040675982,-0.19388166620419992,0.8462685395544848
legacy,sp500,total_reportable,short_oi_pct_change,13w_post_release,-0.3818743448202042,0.3398181912867564,129,0.03500219401894909,0.044843613967175955,0.7441860465116279,0.07084578763443075,131,0.04799288455957491,0.04986954519875164,0.8015267175572519,0.07246553121172619,-0.012990690540625814,-1.461623741039301,0.1438443449242872
legacy,sp500,nonreportable,net_oi_pct_change,1d_post_release,-0.4005955890817441,0.4071797515533996,133,0.0006307250759533938,0.000876077054501545,0.5488721804511278,0.010776114641260374,132,-0.00010425600596357681,0.000950017487509891,0.5757575757575758,0.01695318824084643,0.0007349810819169706,0.42081647879768574,0.6738890975645925
legacy,sp500,nonreportable,net_oi_pct_change,2d_post_release,-0.4005955890817441,0.4071797515533996,133,0.0024513475647367005,0.0017191861170664513,0.5939849624060151,0.013043994049820226,132,0.0026183337172991086,0.0031100256745885124,0.6212121212121212,0.016349974344471756,-0.00016698615256240806,-0.09186085694913466,0.9268085915479126
legacy,sp500,nonreportable,net_oi_pct_change,3d_post_release,-0.4005955890817441,0.4071797515533996,133,0.003616811318348038,0.0027339525962040145,0.556390977443609,0.017834557506027398,132,0.003631077663430152,0.004709824548931207,0.6212121212121212,0.02308888909815694,-1.4266345082113684e-05,-0.005626041857769059,0.9955110917440149
legacy,sp500,nonreportable,net_oi_pct_change,1w_post_release,-0.4005955890817441,0.4071797515533996,133,0.005958748907027732,0.005073325227442416,0.631578947368421,0.020335965587546728,132,0.003698779916064411,0.004027162637077475,0.5757575757575758,0.0295690508713737,0.002259968990963321,0.7243969408607599,0.46882207740540105
legacy,sp500,nonreportable,net_oi_pct_change,2w_post_release,-0.4005955890817441,0.4071797515533996,133,0.009475059063953517,0.010175306472532508,0.7218045112781954,0.025595755518282824,131,0.0072441833535809765,0.010074429681048436,0.6564885496183206,0.03935635491285867,0.0022308757103725405,0.545094212851153,0.5856887227004115
legacy,sp500,nonreportable,net_oi_pct_change,4w_post_release,-0.4005955890817441,0.4071797515533996,132,0.015716048668545472,0.019413594044402682,0.7348484848484849,0.04289058179780085,131,0.015494802572575921,0.02051462122567771,0.732824427480916,0.04736230102086444,0.00022124609596955135,0.039698605727403885,0.9683334132706019
legacy,sp500,nonreportable,net_oi_pct_change,13w_post_release,-0.4005955890817441,0.4071797515533996,131,0.04082419930656757,0.04846650870231328,0.7938931297709924,0.07178021801915299,129,0.04403032293948919,0.04986954519875164,0.7751937984496124,0.07958544080642214,-0.003206123632921623,-0.34094032324047174,0.7331485079304783
legacy,sp500,nonreportable,long_oi_pct_change,1d_post_release,-0.3157357827246842,0.3480929059033135,133,0.00014613909366893396,0.0008515744450250384,0.518796992481203,0.014099888039705957,132,0.00203783434418977,0.0016111791985092827,0.5757575757575758,0.00950167360061737,-0.0018916952505208362,-1.2815877200864016,0.19998731017043395
legacy,sp500,nonreportable,long_oi_pct_change,2d_post_release,-0.3157357827246842,0.3480929059033135,133,0.00288328782240426,0.0029516318244013906,0.6015037593984962,0.01353286116008823,132,0.0015555231073403862,0.0019468445635250076,0.5757575757575758,0.013065167128409626,0.001327764715063874,0.8125558199361327,0.4164727704753298
legacy,sp500,nonreportable,long_oi_pct_change,3d_post_release,-0.3157357827246842,0.3480929059033135,133,0.0043896187974272055,0.0051906736386289065,0.6165413533834586,0.01877908253763813,132,0.0010054871441601612,0.000983296923716126,0.553030303030303,0.01772767108573616,0.003384131653267044,1.5085544970223803,0.1314126699507359
legacy,sp500,nonreportable,long_oi_pct_change,1w_post_release,-0.3157357827246842,0.3480929059033135,133,0.005234708008503342,0.005779077786919329,0.6541353383458647,0.024224052153613816,132,0.0018217730193368818,0.0007895169381760825,0.5303030303030303,0.0238132949376368,0.003412934989166461,1.1565568415201566,0.24745346371246307
legacy,sp500,nonreportable,long_oi_pct_change,2w_post_release,-0.3157357827246842,0.3480929059033135,133,0.007168931226156316,0.009620362714719333,0.6842105263157895,0.03557302308565921,131,0.007848454972104374,0.008538557795412904,0.6564885496183206,0.0325924335858714,-0.0006795237459480581,-0.16186712308398096,0.8714104933231529
legacy,sp500,nonreportable,long_oi_pct_change,4w_post_release,-0.3157357827246842,0.3480929059033135,132,0.01664550857932234,0.019878680182404795,0.75,0.04697113989105022,131,0.012556011880764394,0.01826110507226475,0.6793893129770993,0.04938904271122792,0.004089496698557946,0.6879690467133048,0.49147227380388525
legacy,sp500,nonreportable,long_oi_pct_change,13w_post_release,-0.3157357827246842,0.3480929059033135,131,0.05106545519596446,0.05709109944128277,0.8396946564885496,0.07039527144825568,128,0.03706476704031774,0.04686945783705654,0.7421875,0.07330021049187427,0.014000688155646722,1.5672441564285218,0.11705763283456896
legacy,sp500,nonreportable,short_oi_pct_change,1d_post_release,-0.3396633724663811,0.38184242888083775,133,0.0001119855733953691,0.0012566610143582846,0.6015037593984962,0.017572293859941975,133,0.001974549721743862,0.0009317695307899942,0.5864661654135338,0.009513754772635835,-0.001862564148348493,-1.074951855075705,0.28239628397551725
legacy,sp500,nonreportable,short_oi_pct_change,2d_post_release,-0.3396633724663811,0.38184242888083775,133,0.0029401130720417275,0.003868154698851267,0.6616541353383458,0.015437810710889583,133,0.0017192514175136738,-0.00012038205825803949,0.48872180451127817,0.012376292823942281,0.0012208616545280537,0.7115856052502927,0.4767214234236303
legacy,sp500,nonreportable,short_oi_pct_change,3d_post_release,-0.3396633724663811,0.38184242888083775,133,0.0044343434074331535,0.0051906736386289065,0.6466165413533834,0.02235204397288075,133,0.0008340545777076546,9.198302256208102e-05,0.5037593984962406,0.017786431602810054,0.003600288829725499,1.4535360133226978,0.14607498813482392
legacy,sp500,nonreportable,short_oi_pct_change,1w_post_release,-0.3396633724663811,0.38184242888083775,133,0.005221152730371901,0.00643634670931692,0.6766917293233082,0.028261104335088348,133,0.0028325419954596527,0.0021165978258637086,0.5413533834586466,0.02038313084287474,0.002388610734912248,0.7905564287010631,0.42920288118850347
legacy,sp500,nonreportable,short_oi_pct_change,2w_post_release,-0.3396633724663811,0.38184242888083775,133,0.008292320565035623,0.010422853318833969,0.6691729323308271,0.037012360162157344,133,0.009137261852312069,0.008006848810663492,0.6992481203007519,0.025464438255626037,-0.0008449412872764458,-0.21689715356108918,0.8282884959345159
legacy,sp500,nonreportable,short_oi_pct_change,4w_post_release,-0.3396633724663811,0.38184242888083775,132,0.016645652947507066,0.018294230451614046,0.75,0.047623035129619996,132,0.015634395443439468,0.01751529523658024,0.7045454545454546,0.036374678765914124,0.0010112575040675982,0.19388166620419992,0.8462685395544848
legacy,sp500,nonreportable,short_oi_pct_change,13w_post_release,-0.3396633724663811,0.38184242888083775,131,0.04799288455957491,0.04986954519875164,0.8015267175572519,0.07246553121172619,129,0.03500219401894909,0.044843613967175955,0.7441860465116279,0.07084578763443075,0.012990690540625814,1.461623741039301,0.1438443449242872
legacy,nq,noncommercial,net_oi_pct_change,1d_post_release,-2.488719307485821,2.7100309176588944,138,0.001535799346994205,0.002751925985044257,0.6086956521739131,0.013915250202198972,137,0.00017251171109180962,0.0020187843737793365,0.6423357664233577,0.0174230913707653,0.0013632876359023955,0.7166327317443477,0.47360074242993255
legacy,nq,noncommercial,net_oi_pct_change,2d_post_release,-2.488719307485821,2.7100309176588944,138,0.0031445342854434,0.004359598567889256,0.644927536231884,0.016161165259408774,137,0.003448960815314043,0.004382269248832893,0.635036496350365,0.016512112933361904,-0.000304426529870643,-0.15449386946963792,0.8772203446436505
legacy,nq,noncommercial,net_oi_pct_change,3d_post_release,-2.488719307485821,2.7100309176588944,138,0.0057456123845223035,0.005236504467920455,0.6376811594202898,0.020178384873854396,137,0.002895400410722231,0.0050044325657796485,0.6131386861313869,0.02227610491475239,0.0028502119738000723,1.111756489865949,0.26624286410499004
legacy,nq,noncommercial,net_oi_pct_change,1w_post_release,-2.488719307485821,2.7100309176588944,138,0.0028186908386899313,0.0017701437287183097,0.5434782608695652,0.029899571144933242,137,0.004627157739847281,0.005646312865994929,0.5766423357664233,0.030065673802462427,-0.00180846690115735,-0.5001132807390861,0.6169953152702006
legacy,nq,noncommercial,net_oi_pct_change,2w_post_release,-2.488719307485821,2.7100309176588944,138,0.007932669538413492,0.00997978143565248,0.6304347826086957,0.037962855761235204,137,0.01044759307288558,0.01281789339673578,0.656934306569343,0.0419256545364716,-0.002514923534472087,-0.5213053203624939,0.6021540953032513
legacy,nq,noncommercial,net_oi_pct_change,4w_post_release,-2.488719307485821,2.7100309176588944,138,0.011264699226513365,0.015455433994818524,0.5942028985507246,0.055779375260253096,137,0.020507162572768103,0.02637457259091036,0.7153284671532847,0.06034109569550003,-0.009242463346254738,-1.3186988623912657,0.18726980725968462
legacy,nq,noncommercial,net_oi_pct_change,13w_post_release,-2.488719307485821,2.7100309176588944,135,0.04983396562913365,0.04992698848995025,0.7703703703703704,0.08931243431870783,135,0.05639773534569413,0.07134265979316412,0.7481481481481481,0.10261776328688774,-0.006563769716560482,-0.5605970956673496,0.5750722318799608
legacy,nq,noncommercial,long_oi_pct_change,1d_post_release,-1.870096106177468,1.590504601892233,138,0.0006665355982953959,0.0019283730081960382,0.5434782608695652,0.013181068188836301,138,0.000703841407359805,0.0013703432144227534,0.5942028985507246,0.01367310053723636,-3.7305809064409174e-05,-0.023075249455628048,0.98159024850179
legacy,nq,noncommercial,long_oi_pct_change,2d_post_release,-1.870096106177468,1.590504601892233,138,0.0008209703684491711,0.0026121208624624304,0.6159420289855072,0.016469263012480063,138,0.0034582223876503033,0.0034837689921840553,0.6594202898550725,0.016487847802603515,-0.002637252019201132,-1.3294039756738276,0.18371472690073345
legacy,nq,noncommercial,long_oi_pct_change,3d_post_release,-1.870096106177468,1.590504601892233,138,0.002193600625855245,0.0021718914307780057,0.572463768115942,0.01954815381704629,138,0.0027862667417816113,0.0045574640534116195,0.5942028985507246,0.020231025227717695,-0.0005926661159263661,-0.24748269777961915,0.804534680284303
legacy,nq,noncommercial,long_oi_pct_change,1w_post_release,-1.870096106177468,1.590504601892233,138,0.001399264550993518,0.002999623932322115,0.572463768115942,0.02925408726956259,138,0.004033580512090853,0.0037361663371515696,0.5434782608695652,0.02689313924530851,-0.0026343159610973353,-0.7787722869556766,0.43611386535634467
legacy,nq,noncommercial,long_oi_pct_change,2w_post_release,-1.870096106177468,1.590504601892233,137,0.00775414085441764,0.012727531285551708,0.635036496350365,0.035691802958905144,138,0.008819947541335587,0.011698900593050232,0.644927536231884,0.03955190125281676,-0.0010658066869179477,-0.23462907408278266,0.8144966415323931
legacy,nq,noncommercial,long_oi_pct_change,4w_post_release,-1.870096106177468,1.590504601892233,137,0.014849443199522343,0.01838450005575809,0.6496350364963503,0.055993709300517024,138,0.017111476469265186,0.01786716129216137,0.6884057971014492,0.057973757977009856,-0.0022620332697428427,-0.3291118062282052,0.7420711808098135
legacy,nq,noncommercial,long_oi_pct_change,13w_post_release,-1.870096106177468,1.590504601892233,134,0.04918706985276149,0.04912140222566064,0.7388059701492538,0.09583444778212302,136,0.049872486490145286,0.06703992563783312,0.7720588235294118,0.09738419568298132,-0.0006854166373837928,-0.05828910858389701,0.9535183428564908
legacy,nq,noncommercial,short_oi_pct_change,1d_post_release,-1.6470586304237975,1.6009582901817454,137,0.001289291624571005,0.0018417598982172212,0.6131386861313869,0.017818869949471412,138,0.0016147304226421908,0.002431410568785153,0.6159420289855072,0.013525596931019181,-0.0003254387980711857,-0.17049966988707052,0.8646171939542807
legacy,nq,noncommercial,short_oi_pct_change,2d_post_release,-1.6470586304237975,1.6009582901817454,137,0.0024996906236390117,0.0031973461929015734,0.6058394160583942,0.018779095303981596,138,0.0033580090194231136,0.004049015622257346,0.644927536231884,0.018106957463053883,-0.000858318395784102,-0.385788126655289,0.6996535894446878
legacy,nq,noncommercial,short_oi_pct_change,3d_post_release,-1.6470586304237975,1.6009582901817454,137,0.0021539112657984966,0.004705032365281747,0.5766423357664233,0.02328848397419735,138,0.00695786389421773,0.00620520885854936,0.6159420289855072,0.022480412172712547,-0.0048039526284192335,-1.74018813725085,0.08182598794171772
legacy,nq,noncommercial,short_oi_pct_change,1w_post_release,-1.6470586304237975,1.6009582901817454,137,0.002295706495637932,0.006717389865954271,0.5693430656934306,0.03241565109582792,138,0.0036079680941463214,0.0012338256404355041,0.5072463768115942,0.028954991366040708,-0.0013122615985083894,-0.35395258539300123,0.7233744172144898
legacy,nq,noncommercial,short_oi_pct_change,2w_post_release,-1.6470586304237975,1.6009582901817454,136,0.009973157496778774,0.016045535019427293,0.6544117647058824,0.04200546680921083,138,0.00884203501521189,0.012515287831731836,0.6521739130434783,0.04013580628733301,0.0011311224815668836,0.2278386185998805,0.8197717028512665
legacy,nq,noncommercial,short_oi_pct_change,4w_post_release,-1.6470586304237975,1.6009582901817454,136,0.019440533893243687,0.02892720979350727,0.7205882352941176,0.062042243769096624,138,0.014492594822550362,0.018274701767036494,0.644927536231884,0.06318000880755321,0.004947939070693325,0.6540597429582192,0.5130733162312588
legacy,nq,noncommercial,short_oi_pct_change,13w_post_release,-1.6470586304237975,1.6009582901817454,133,0.05583329688212526,0.0641431603249889,0.7368421052631579,0.10889520241371409,136,0.056408373703371595,0.05224823670305756,0.7647058823529411,0.09469083693265262,-0.0005750768212463356,-0.04617814318662907,0.9631682630974551
legacy,nq,commercial,net_oi_pct_change,1d_post_release,-2.6454975221785886,2.7607729592668546,137,0.0006436501447710796,0.002298936077887559,0.6496350364963503,0.018692120948295848,138,0.0007913246199841613,0.0016704855378850691,0.5507246376811594,0.014345599532315999,-0.00014767447521308165,-0.0734561778350472,0.9414431148439066
legacy,nq,commercial,net_oi_pct_change,2d_post_release,-2.6454975221785886,2.7607729592668546,137,0.003826855267755252,0.005111356661975819,0.6496350364963503,0.018339663567063295,138,0.001986774071014129,0.003539935273175976,0.6086956521739131,0.016701415263118732,0.0018400811967411233,0.8697115112401858,0.3844580798854872
legacy,nq,commercial,net_oi_pct_change,3d_post_release,-2.6454975221785886,2.7607729592668546,137,0.0035814378670818445,0.005354198364834195,0.6058394160583942,0.02395952057348167,138,0.004767042934662997,0.003954469624341317,0.6304347826086957,0.020750145715460442,-0.0011856050675811526,-0.43850375006870645,0.6610211523039629
legacy,nq,commercial,net_oi_pct_change,1w_post_release,-2.6454975221785886,2.7607729592668546,137,0.006075807699942867,0.007245340514060006,0.583941605839416,0.031450623524907656,138,0.0029227281147409397,0.0030326686383442825,0.5434782608695652,0.03029261693506658,0.003153079585201927,0.8466482460030501,0.3971912136879524
legacy,nq,commercial,net_oi_pct_change,2w_post_release,-2.6454975221785886,2.7607729592668546,137,0.011923626908049469,0.016338141333341216,0.6715328467153284,0.04400057147603389,138,0.004618695470632779,0.005691218451709723,0.5797101449275363,0.04046672605889913,0.007304931437416689,1.4326672370073767,0.15195295673448334
legacy,nq,commercial,net_oi_pct_change,4w_post_release,-2.6454975221785886,2.7607729592668546,137,0.020416190880168737,0.027980459766547616,0.6934306569343066,0.06454549823573813,138,0.009114304878239903,0.015455433994818524,0.5942028985507246,0.05804933509620966,0.011301886001928834,1.5263352759947264,0.1269263876838238
legacy,nq,commercial,net_oi_pct_change,13w_post_release,-2.6454975221785886,2.7607729592668546,135,0.057423021269735905,0.07134265979316412,0.7481481481481481,0.10610881930212625,135,0.04359000362184138,0.045549943465118314,0.7555555555555555,0.08905930146773931,0.013833017647894526,1.1602166080665535,0.24596062677239922
legacy,nq,commercial,long_oi_pct_change,1d_post_release,-1.5956720928231434,1.6801470528736004,138,-0.000533389660651639,0.001347436465217955,0.5942028985507246,0.016591424035311553,138,0.0008968087290220675,0.002001532212375756,0.5652173913043478,0.014538908679759082,-0.0014301983896737064,-0.7615968447941288,0.446300658550732
legacy,nq,commercial,long_oi_pct_change,2d_post_release,-1.5956720928231434,1.6801470528736004,138,0.0031975145667453805,0.0034837689921840553,0.6376811594202898,0.01736056527388261,138,0.002640371931980267,0.0039212999431162965,0.644927536231884,0.01693389887753718,0.0005571426347651134,0.2698754035437447,0.7872561104249288
legacy,nq,commercial,long_oi_pct_change,3d_post_release,-1.5956720928231434,1.6801470528736004,138,0.002713126332733193,0.0038444945120275076,0.572463768115942,0.022601540525593572,138,0.005277056948453164,0.004117124389614535,0.6159420289855072,0.02113299713384834,-0.0025639306157199705,-0.9734005101192729,0.33035428548419793
legacy,nq,commercial,long_oi_pct_change,1w_post_release,-1.5956720928231434,1.6801470528736004,138,0.002471942695451154,0.003368591218871675,0.5434782608695652,0.031689321990150635,138,0.005903193159142788,0.007168103403345061,0.6159420289855072,0.02941907812957338,-0.0034312504636916335,-0.9321945233699729,0.3512360052717985
legacy,nq,commercial,long_oi_pct_change,2w_post_release,-1.5956720928231434,1.6801470528736004,138,0.009382806781471438,0.012944729576368719,0.6521739130434783,0.041090994008277176,137,0.009770506880957801,0.012303044377911965,0.656934306569343,0.03900374773997882,-0.0003877000994863631,-0.08025074943880728,0.9360378280664016
legacy,nq,commercial,long_oi_pct_change,4w_post_release,-1.5956720928231434,1.6801470528736004,138,0.018076445058490216,0.018983243686988227,0.6884057971014492,0.06069308105628954,137,0.013870087864081488,0.01789716121645668,0.6131386861313869,0.05949714097350591,0.004206357194408728,0.5803562979914986,0.5616743695535424
legacy,nq,commercial,long_oi_pct_change,13w_post_release,-1.5956720928231434,1.6801470528736004,136,0.05663945434060299,0.0697004695440615,0.7720588235294118,0.10297974558115568,134,0.04850504755983403,0.047336595980282836,0.7611940298507462,0.09503780966373357,0.00813440678076896,0.6746398561977999,0.49990460448806656
legacy,nq,commercial,short_oi_pct_change,1d_post_release,-1.9496980148444951,1.6685155838265189,138,0.0014511226764001182,0.0018895772758150686,0.5869565217391305,0.01459072778528423,137,0.0016520066309420288,0.0023336152025854595,0.6277372262773723,0.017867642825820977,-0.00020088395454191058,-0.10207565791148418,0.918696622247168
legacy,nq,commercial,short_oi_pct_change,2d_post_release,-1.9496980148444951,1.6685155838265189,138,0.0013388872587329235,0.001992793303193574,0.5797101449275363,0.016055361478912303,137,0.003243975602737457,0.004364312718766916,0.6277372262773723,0.018662319437247082,-0.0019050883440045333,-0.9071707613692842,0.3643165029796841
legacy,nq,commercial,short_oi_pct_change,3d_post_release,-1.9496980148444951,1.6685155838265189,138,0.004783031742413464,0.002575566955300479,0.5797101449275363,0.021570532134034752,137,0.003550342008985097,0.005171674258052761,0.6131386861313869,0.023464290333868914,0.001232689733428367,0.45343900818527505,0.6502326528611961
legacy,nq,commercial,short_oi_pct_change,1w_post_release,-1.9496980148444951,1.6685155838265189,138,-0.0005226875548441617,-0.0014055498943315037,0.47101449275362317,0.028104906520212258,137,0.004571023393068186,0.007141343537756972,0.5766423357664233,0.03158612792546914,-0.005093710947912348,-1.412406037471226,0.15783043978415853
legacy,nq,commercial,short_oi_pct_change,2w_post_release,-1.9496980148444951,1.6685155838265189,138,0.0014246908373294728,0.0048463830893547,0.5507246376811594,0.04146372134285495,137,0.008818533056640265,0.012303044377911965,0.6496350364963503,0.04237474283669883,-0.007393842219310793,-1.4623372514852602,0.14364881522879072
legacy,nq,commercial,short_oi_pct_change,4w_post_release,-1.9496980148444951,1.6685155838265189,138,0.010848510169590458,0.012710162622493137,0.6231884057971014,0.0581923399205302,137,0.018785201416921297,0.028446250944668128,0.7007299270072993,0.06314645257557693,-0.007936691247330839,-1.0836205937226266,0.2785330560587771
legacy,nq,commercial,short_oi_pct_change,13w_post_release,-1.9496980148444951,1.6685155838265189,133,0.052191222851101816,0.05292963279205143,0.7819548872180451,0.08812775865150724,134,0.054406868921363,0.06308764118558463,0.7388059701492538,0.10611185062193756,-0.0022156460702611805,-0.18565686438219084,0.8527138573561207
legacy,nq,total_reportable,net_oi_pct_change,1d_post_release,-0.9967749874534677,0.9388337922690242,137,0.0005317128650093217,0.0018057586974518092,0.5985401459854015,0.015126830022441563,138,-0.00028577806012985985,0.0010845963980553597,0.5362318840579711,0.017394604422162237,0.0008174909251391816,0.4159422341109924,0.6774522737860653
legacy,nq,total_reportable,net_oi_pct_change,2d_post_release,-0.9967749874534677,0.9388337922690242,137,0.003581983857182545,0.004755986569787263,0.635036496350365,0.018254482168253875,138,0.0011467781032092,0.0017494611115779213,0.5579710144927537,0.01710707346698044,0.002435205753973345,1.1412691660456746,0.25375792924855334
legacy,nq,total_reportable,net_oi_pct_change,3d_post_release,-0.9967749874534677,0.9388337922690242,137,0.003941857113347325,0.004271446373498078,0.5693430656934306,0.022455830151773094,138,0.004146591332052438,0.004157212946827138,0.6086956521739131,0.02162796424920256,-0.00020473421870511373,-0.07699610058886557,0.9386266470397757
legacy,nq,total_reportable,net_oi_pct_change,1w_post_release,-0.9967749874534677,0.9388337922690242,137,0.004416381799469125,0.0038726281174044086,0.5693430656934306,0.030179403631370595,138,0.002151074306345556,0.003051587846735093,0.5507246376811594,0.029168055204685808,0.002265307493123569,0.6328467525704017,0.5268337226432411
legacy,nq,total_reportable,net_oi_pct_change,2w_post_release,-0.9967749874534677,0.9388337922690242,137,0.009411884792166796,0.013799755312273287,0.6496350364963503,0.04459617525863163,137,0.0032150890668569453,0.008680642486492918,0.5912408759124088,0.03956362503022955,0.006196795725309851,1.2166416685273134,0.22374058161213184
legacy,nq,total_reportable,net_oi_pct_change,4w_post_release,-0.9967749874534677,0.9388337922690242,136,0.02049621683831156,0.024277564062395895,0.6764705882352942,0.06205431953579182,137,0.009525370667255202,0.017162653754364543,0.6058394160583942,0.057965623422700924,0.010970846171056358,1.5092428646682656,0.13123672975818018
legacy,nq,total_reportable,net_oi_pct_change,13w_post_release,-0.9967749874534677,0.9388337922690242,134,0.06161707367460567,0.07355478117274283,0.7238805970149254,0.10995532466900909,135,0.04298804648463558,0.05418465041236353,0.7481481481481481,0.0884302084386562,0.018629027189970095,1.5305192697318097,0.12588824743760443
legacy,nq,total_reportable,long_oi_pct_change,1d_post_release,-0.6593329846092217,0.6844004940683206,138,0.0014148030033758856,0.0029488498886061087,0.6521739130434783,0.015498900251765016,138,0.0007094948404107504,0.0014547369939348354,0.5507246376811594,0.014075619883920469,0.0007053081629651352,0.3957431488379578,0.6922945205003781
legacy,nq,total_reportable,long_oi_pct_change,2d_post_release,-0.6593329846092217,0.6844004940683206,138,0.00347689814443427,0.004201332068524466,0.6304347826086957,0.017651791261497008,138,0.003154552036602446,0.003383377362272566,0.6086956521739131,0.017501597526585696,0.00032234610783182403,0.15233714443598578,0.8789210297646292
legacy,nq,total_reportable,long_oi_pct_change,3d_post_release,-0.6593329846092217,0.6844004940683206,138,0.004344088677642216,0.004227247765284048,0.5652173913043478,0.024168383685856016,138,0.006171186817382155,0.005285034155854462,0.6159420289855072,0.020777649026401106,-0.0018270981397399393,-0.6734304117604676,0.5006735063346528
legacy,nq,total_reportable,long_oi_pct_change,1w_post_release,-0.6593329846092217,0.6844004940683206,138,0.00384855074096,0.0015967051634693252,0.5217391304347826,0.029592442928868572,138,0.005358408650905897,0.005190958414951541,0.6014492753623188,0.028670423520031695,-0.0015098579099458971,-0.4304714938675904,0.6668526985050314
legacy,nq,total_reportable,long_oi_pct_change,2w_post_release,-0.6593329846092217,0.6844004940683206,138,0.007404207437532872,0.011857501782137958,0.6231884057971014,0.04390577736644862,138,0.007201547368818829,0.010067641649495362,0.6159420289855072,0.038385492398527635,0.00020266006871404348,0.04082197250351264,0.9674378224325908
legacy,nq,total_reportable,long_oi_pct_change,4w_post_release,-0.6593329846092217,0.6844004940683206,137,0.023809144104267474,0.02148434792653342,0.6861313868613139,0.05587582873336537,138,0.015918918564905238,0.02201630049960135,0.6304347826086957,0.05551080138060893,0.007890225539362236,1.1746603800013622,0.24013061629839125
legacy,nq,total_reportable,long_oi_pct_change,13w_post_release,-0.6593329846092217,0.6844004940683206,136,0.05540321030323387,0.0550607066066362,0.7426470588235294,0.10057291641634641,136,0.04771329520331588,0.0513774272925166,0.7794117647058824,0.09228487136324148,0.007689915099917989,0.657004205343162,0.5111782124451769
legacy,nq,total_reportable,short_oi_pct_change,1d_post_release,-0.7016051336573348,0.7079462480527852,138,0.0008778286436413608,0.0019804572159656253,0.6304347826086957,0.017382825600674143,137,-0.0001194302397931965,-0.00015304905245472344,0.48905109489051096,0.015097296950374116,0.0009972588834345573,0.5080328362276845,0.6114303154467978
legacy,nq,total_reportable,short_oi_pct_change,2d_post_release,-0.7016051336573348,0.7079462480527852,138,0.0018999798687183034,0.0022193626656991094,0.5942028985507246,0.016593728763897513,137,0.003380665917225839,0.0036551101703792277,0.6423357664233577,0.019277343217372987,-0.0014806860485075354,-0.6824214535963411,0.49497249394063314
legacy,nq,total_reportable,short_oi_pct_change,3d_post_release,-0.7016051336573348,0.7079462480527852,138,0.003586813052038424,0.003807385230485072,0.5942028985507246,0.02240529641671153,137,0.005852920599356478,0.006689730019993734,0.6131386861313869,0.022282774917587622,-0.002266107547318054,-0.8409207688664683,0.40039232248749673
legacy,nq,total_reportable,short_oi_pct_change,1w_post_release,-0.7016051336573348,0.7079462480527852,138,0.0027293359724415243,0.004359436885132073,0.5434782608695652,0.03136863352269198,137,0.007889414515247425,0.008840517251208047,0.6642335766423357,0.030119955116621893,-0.005160078542805901,-1.391450595756062,0.1640888310681834
legacy,nq,total_reportable,short_oi_pct_change,2w_post_release,-0.7016051336573348,0.7079462480527852,137,0.00599276919657936,0.011580877276181178,0.635036496350365,0.04152479993400991,137,0.014946626843850723,0.015667193695233284,0.708029197080292,0.039541865632993924,-0.008953857647271364,-1.827735186320271,0.06758930464064597
legacy,nq,total_reportable,short_oi_pct_change,4w_post_release,-0.7016051336573348,0.7079462480527852,137,0.015150274183179822,0.02281602012219275,0.6715328467153284,0.062551214951051,137,0.01834497962731869,0.02434258795464972,0.6642335766423357,0.06467374639328496,-0.003194705444138869,-0.41559790053881146,0.6777042632162527
legacy,nq,total_reportable,short_oi_pct_change,13w_post_release,-0.7016051336573348,0.7079462480527852,137,0.051672094984944975,0.05449284341404015,0.7445255474452555,0.09569114627696647,136,0.05819408858429469,0.06409949797867531,0.7352941176470589,0.1082661934008232,-0.0065219935993497125,-0.5272272605026495,0.5980357801443911
legacy,nq,nonreportable,net_oi_pct_change,1d_post_release,-0.9388337922690242,0.9967749874534677,138,-0.00028577806012985985,0.0010845963980553597,0.5362318840579711,0.017394604422162237,137,0.0005317128650093217,0.0018057586974518092,0.5985401459854015,0.015126830022441563,-0.0008174909251391816,-0.4159422341109924,0.6774522737860653
legacy,nq,nonreportable,net_oi_pct_change,2d_post_release,-0.9388337922690242,0.9967749874534677,138,0.0011467781032092,0.0017494611115779213,0.5579710144927537,0.01710707346698044,137,0.003581983857182545,0.004755986569787263,0.635036496350365,0.018254482168253875,-0.002435205753973345,-1.1412691660456746,0.25375792924855334
legacy,nq,nonreportable,net_oi_pct_change,3d_post_release,-0.9388337922690242,0.9967749874534677,138,0.004146591332052438,0.004157212946827138,0.6086956521739131,0.02162796424920256,137,0.003941857113347325,0.004271446373498078,0.5693430656934306,0.022455830151773094,0.00020473421870511373,0.07699610058886557,0.9386266470397757
legacy,nq,nonreportable,net_oi_pct_change,1w_post_release,-0.9388337922690242,0.9967749874534677,138,0.002151074306345556,0.003051587846735093,0.5507246376811594,0.029168055204685808,137,0.004416381799469125,0.0038726281174044086,0.5693430656934306,0.030179403631370595,-0.002265307493123569,-0.6328467525704017,0.5268337226432411
legacy,nq,nonreportable,net_oi_pct_change,2w_post_release,-0.9388337922690242,0.9967749874534677,137,0.0032150890668569453,0.008680642486492918,0.5912408759124088,0.03956362503022955,137,0.009411884792166796,0.013799755312273287,0.6496350364963503,0.04459617525863163,-0.006196795725309851,-1.2166416685273134,0.22374058161213184
legacy,nq,nonreportable,net_oi_pct_change,4w_post_release,-0.9388337922690242,0.9967749874534677,137,0.009525370667255202,0.017162653754364543,0.6058394160583942,0.057965623422700924,136,0.02049621683831156,0.024277564062395895,0.6764705882352942,0.06205431953579182,-0.010970846171056358,-1.5092428646682656,0.13123672975818018
legacy,nq,nonreportable,net_oi_pct_change,13w_post_release,-0.9388337922690242,0.9967749874534677,135,0.04298804648463558,0.05418465041236353,0.7481481481481481,0.0884302084386562,134,0.06161707367460567,0.07355478117274283,0.7238805970149254,0.10995532466900909,-0.018629027189970095,-1.5305192697318097,0.12588824743760443
legacy,nq,nonreportable,long_oi_pct_change,1d_post_release,-0.6844004940683264,0.6590758781877364,138,0.0007094948404107504,0.0014547369939348354,0.5507246376811594,0.014075619883920469,138,0.0014148030033758856,0.0029488498886061087,0.6521739130434783,0.015498900251765016,-0.0007053081629651352,-0.3957431488379578,0.6922945205003781
legacy,nq,nonreportable,long_oi_pct_change,2d_post_release,-0.6844004940683264,0.6590758781877364,138,0.003154552036602446,0.003383377362272566,0.6086956521739131,0.017501597526585696,138,0.00347689814443427,0.004201332068524466,0.6304347826086957,0.017651791261497008,-0.00032234610783182403,-0.15233714443598578,0.8789210297646292
legacy,nq,nonreportable,long_oi_pct_change,3d_post_release,-0.6844004940683264,0.6590758781877364,138,0.006171186817382155,0.005285034155854462,0.6159420289855072,0.020777649026401106,138,0.004344088677642216,0.004227247765284048,0.5652173913043478,0.024168383685856016,0.0018270981397399393,0.6734304117604676,0.5006735063346528
legacy,nq,nonreportable,long_oi_pct_change,1w_post_release,-0.6844004940683264,0.6590758781877364,138,0.005358408650905897,0.005190958414951541,0.6014492753623188,0.028670423520031695,138,0.00384855074096,0.0015967051634693252,0.5217391304347826,0.029592442928868572,0.0015098579099458971,0.4304714938675904,0.6668526985050314
legacy,nq,nonreportable,long_oi_pct_change,2w_post_release,-0.6844004940683264,0.6590758781877364,138,0.007201547368818829,0.010067641649495362,0.6159420289855072,0.038385492398527635,138,0.007404207437532872,0.011857501782137958,0.6231884057971014,0.04390577736644862,-0.00020266006871404348,-0.04082197250351264,0.9674378224325908
legacy,nq,nonreportable,long_oi_pct_change,4w_post_release,-0.6844004940683264,0.6590758781877364,138,0.015918918564905238,0.02201630049960135,0.6304347826086957,0.05551080138060893,137,0.023809144104267474,0.02148434792653342,0.6861313868613139,0.05587582873336537,-0.007890225539362236,-1.1746603800013622,0.24013061629839125
legacy,nq,nonreportable,long_oi_pct_change,13w_post_release,-0.6844004940683264,0.6590758781877364,136,0.04771329520331588,0.0513774272925166,0.7794117647058824,0.09228487136324148,136,0.05540321030323387,0.0550607066066362,0.7426470588235294,0.10057291641634641,-0.007689915099917989,-0.657004205343162,0.5111782124451769
legacy,nq,nonreportable,short_oi_pct_change,1d_post_release,-0.7081954227908631,0.7032141958958582,137,-0.0001194302397931965,-0.00015304905245472344,0.48905109489051096,0.015097296950374116,138,0.0008778286436413608,0.0019804572159656253,0.6304347826086957,0.017382825600674143,-0.0009972588834345573,-0.5080328362276845,0.6114303154467978
legacy,nq,nonreportable,short_oi_pct_change,2d_post_release,-0.7081954227908631,0.7032141958958582,137,0.003380665917225839,0.0036551101703792277,0.6423357664233577,0.019277343217372987,138,0.0018999798687183034,0.0022193626656991094,0.5942028985507246,0.016593728763897513,0.0014806860485075354,0.6824214535963411,0.49497249394063314
legacy,nq,nonreportable,short_oi_pct_change,3d_post_release,-0.7081954227908631,0.7032141958958582,137,0.005852920599356478,0.006689730019993734,0.6131386861313869,0.022282774917587622,138,0.003586813052038424,0.003807385230485072,0.5942028985507246,0.02240529641671153,0.002266107547318054,0.8409207688664683,0.40039232248749673
legacy,nq,nonreportable,short_oi_pct_change,1w_post_release,-0.7081954227908631,0.7032141958958582,137,0.007889414515247425,0.008840517251208047,0.6642335766423357,0.030119955116621893,138,0.0027293359724415243,0.004359436885132073,0.5434782608695652,0.03136863352269198,0.005160078542805901,1.391450595756062,0.1640888310681834
legacy,nq,nonreportable,short_oi_pct_change,2w_post_release,-0.7081954227908631,0.7032141958958582,137,0.014946626843850723,0.015667193695233284,0.708029197080292,0.039541865632993924,137,0.00599276919657936,0.011580877276181178,0.635036496350365,0.04152479993400991,0.008953857647271364,1.827735186320271,0.06758930464064597
legacy,nq,nonreportable,short_oi_pct_change,4w_post_release,-0.7081954227908631,0.7032141958958582,137,0.01834497962731869,0.02434258795464972,0.6642335766423357,0.06467374639328496,137,0.015150274183179822,0.02281602012219275,0.6715328467153284,0.062551214951051,0.003194705444138869,0.41559790053881146,0.6777042632162527
legacy,nq,nonreportable,short_oi_pct_change,13w_post_release,-0.7081954227908631,0.7032141958958582,136,0.05819408858429469,0.06409949797867531,0.7352941176470589,0.1082661934008232,137,0.051672094984944975,0.05449284341404015,0.7445255474452555,0.09569114627696647,0.0065219935993497125,0.5272272605026495,0.5980357801443911
