date,contract,open_interest,noncommercial_long,noncommercial_short,noncommercial_net,noncommercial_net_oi_pct,noncommercial_long_oi_pct,noncommercial_short_oi_pct,noncommercial_spreading,noncommercial_spreading_oi_pct,commercial_long,commercial_short,commercial_net,commercial_net_oi_pct,commercial_long_oi_pct,commercial_short_oi_pct,total_reportable_long,total_reportable_short,total_reportable_net,total_reportable_net_oi_pct,total_reportable_long_oi_pct,total_reportable_short_oi_pct,nonreportable_long,nonreportable_short,nonreportable_net,nonreportable_net_oi_pct,nonreportable_long_oi_pct,nonreportable_short_oi_pct,price,next_week_monday_target,next_week_monday_date,next_week_monday_price,next_week_monday_return,next_week_tuesday_target,next_week_tuesday_date,next_week_tuesday_price,next_week_tuesday_return,next_week_wednesday_target,next_week_wednesday_date,next_week_wednesday_price,next_week_wednesday_return,next_week_thursday_target,next_week_thursday_date,next_week_thursday_price,next_week_thursday_return,next_week_friday_target,next_week_friday_date,next_week_friday_price,next_week_friday_return,next_week_monday_daily_return,next_week_tuesday_daily_return,next_week_wednesday_daily_return,next_week_thursday_daily_return,next_week_friday_daily_return,next_week_mon_fri_return,price_return_1w,noncommercial_net_oi_pct_change,noncommercial_net_change,noncommercial_long_oi_pct_change,noncommercial_short_oi_pct_change,commercial_net_oi_pct_change,commercial_net_change,commercial_long_oi_pct_change,commercial_short_oi_pct_change,total_reportable_net_oi_pct_change,total_reportable_net_change,total_reportable_long_oi_pct_change,total_reportable_short_oi_pct_change,nonreportable_net_oi_pct_change,nonreportable_net_change,nonreportable_long_oi_pct_change,nonreportable_short_oi_pct_change,forward_return_1w,forward_return_2w,forward_return_3w,forward_return_4w,forward_return_13w,forward_return_26w,forward_return_52w,contract_multiplier,contract_unit,contract_notional_usd,noncommercial_long_notional_usd,noncommercial_short_notional_usd,noncommercial_net_notional_usd,noncommercial_net_flow_1w_notional_usd,noncommercial_net_flow_4w_notional_usd,commercial_long_notional_usd,commercial_short_notional_usd,commercial_net_notional_usd,commercial_net_flow_1w_notional_usd,commercial_net_flow_4w_notional_usd,total_reportable_long_notional_usd,total_reportable_short_notional_usd,total_reportable_net_notional_usd,total_reportable_net_flow_1w_notional_usd,total_reportable_net_flow_4w_notional_usd,nonreportable_long_notional_usd,nonreportable_short_notional_usd,nonreportable_net_notional_usd,nonreportable_net_flow_1w_notional_usd,nonreportable_net_flow_4w_notional_usd
2016-01-05,GOLD - COMMODITY EXCHANGE INC.,413688,153532,126972,26560,6.420297422211909,37.112993366981875,30.69269594476997,78561,18.990398561234553,147674,166949,-19275,-4.6593084643499445,35.69695035872445,40.35625882307439,379767,372482,7285,1.7609889578619635,91.80034228694089,90.03935332907892,33921,41206,-7285,-1.7609889578619635,8.199657713059116,9.960646670921081,1078.4000244140625,2016-01-11,2016-01-11,1096.5,0.016784101609949253,2016-01-12,2016-01-12,1085.5999755859375,0.006676512434045101,2016-01-13,2016-01-13,1087.5,0.00843840446951205,2016-01-14,2016-01-14,1073.9000244140625,-0.004172848570218712,2016-01-15,2016-01-15,1091.5,0.012147603198595203,0.016784101609949253,-0.00994074273968304,0.0017502067582830794,-0.012505724676724173,0.016388839916025022,-0.004559963520291865,,,,,,,,,,,,,,,,,,0.006676512434045101,0.01066394634611445,0.040152008324869204,0.045344977102195205,0.1390949523406224,0.2577893116712868,0.07603857394620683,100.0,100 troy oz,107840.00244140625,16556891254.833984,13692660789.990234,2864230464.84375,,,15925164520.532227,18003780567.590332,-2078616047.0581055,,,40954074207.16553,40168459789.37988,785614417.7856445,,,3658040722.8149414,4443655140.600586,-785614417.7856445,,
2016-01-12,GOLD - COMMODITY EXCHANGE INC.,397565,158655,113937,44718,11.247972029730988,39.9066819262259,28.658709896494912,58837,14.799340988266069,142221,185806,-43585,-10.962987184485556,35.77301824858828,46.736005433073835,359713,358580,1133,0.28498484524543155,90.47904116308025,90.19405631783482,37852,38985,-1133,-0.28498484524543155,9.52095883691975,9.80594368216518,1085.5999755859375,2016-01-18,2016-01-19,1089.9000244140625,0.003960988324271275,2016-01-19,2016-01-19,1089.9000244140625,0.003960988324271275,2016-01-20,2016-01-20,1107.0999755859375,0.01980471673131312,2016-01-21,2016-01-21,1099.0999755859375,0.012435519808033924,2016-01-22,2016-01-22,1097.199951171875,0.010685313049750844,0.003960988324271275,0.0,0.015781219182118944,-0.0072260863304292045,-0.0017287093588093105,0.006697794838326665,0.006676512434045101,4.8276746075190795,18158.0,2.793688559244025,-2.0339860482750574,-6.303678720135611,-24310.0,0.07606788986382895,6.379746609999444,-1.476004112616532,-6152.0,-1.3213011238606356,0.1547029887559006,1.476004112616532,6152.0,1.3213011238606338,-0.1547029887559006,0.003960988324271275,0.033253478627293775,0.038412006429606294,0.10418199901385705,0.16009584813625177,0.22890567942936402,0.09082532959041334,100.0,100 troy oz,108559.99755859375,17223586412.65869,12369000441.833496,4854585970.825195,1971232435.6689453,,15439511412.780762,20171098906.37207,-4731587493.591309,-2639093540.649414,,39050442401.79443,38927443924.56055,122998477.23388672,-667861104.9804688,,4109213027.5878906,4232211504.8217773,-122998477.23388672,667861104.9804688,
2016-01-19,GOLD - COMMODITY EXCHANGE INC.,408835,158320,114626,43694,10.687441143737693,38.724668876197,28.037227732459307,76043,18.59992417478934,140723,180866,-40143,-9.818875585505154,34.42048748272531,44.23936306823046,375086,371535,3551,0.8685655582325388,91.74508053371164,90.87651497547911,33749,37300,-3551,-0.8685655582325388,8.254919466288356,9.123485024520894,1089.9000244140625,2016-01-25,2016-01-25,1106.199951171875,0.014955432968794868,2016-01-26,2016-01-26,1121.699951171875,0.029176920860157107,2016-01-27,2016-01-27,1116.0999755859375,0.024038857312587147,2016-01-28,2016-01-28,1115.5999755859375,0.023580099638672358,2016-01-29,2016-01-29,1116.4000244140625,0.024314156717490265,0.014955432968794868,0.014011933361215423,-0.004992400668366814,-0.0004479885412931317,0.0007171466884487998,0.009220822358003034,0.003960988324271275,-0.5605308859932947,-1024.0,-1.1820130500288997,-0.621482164035605,1.1441115989804018,3442.0,-1.3525307658629728,-2.4966423648433747,0.5835807129871072,2418.0,1.2660393706313897,0.6824586576442897,-0.5835807129871072,-2418.0,-1.2660393706313933,-0.6824586576442861,0.029176920860157107,0.034315096409112344,0.09982560264305351,0.10826681104391889,0.14964673083076696,0.22167168563540796,0.11202860156974426,100.0,100 troy oz,108990.00244140625,17255297186.523438,12493088019.848633,4762209166.674805,-111605762.5,,15337400113.562012,19712585781.567383,-4375185668.005371,375143588.4033203,,40880624055.737305,40493600557.06787,387023498.6694336,263537825.9033203,,3678303592.3950195,4065327091.064453,-387023498.6694336,-263537825.9033203,
2016-01-26,GOLD - COMMODITY EXCHANGE INC.,385350,170471,111431,59040,15.321136629038538,44.23796548592189,28.916828856883352,60993,15.827948618139354,115343,175176,-59833,-15.526923575969898,29.932009861165177,45.45893343713507,346807,347600,-793,-0.2057869469313611,89.99792396522642,90.20371091215777,38543,37750,793,0.2057869469313611,10.002076034773582,9.79628908784222,1121.699951171875,2016-02-01,2016-02-01,1127.9000244140625,0.005527390132905152,2016-02-02,2016-02-02,1127.300048828125,0.004992509494539332,2016-02-03,2016-02-03,1141.300048828125,0.017473565578542738,2016-02-04,2016-02-04,1157.5999755859375,0.03200501558064306,2016-02-05,2016-02-05,1157.800048828125,0.03218338167754675,0.005527390132905152,-0.0005319403962680269,0.012419053839795025,0.014281894383995741,0.00017283452523075837,0.026509463398225686,0.029176920860157107,4.633695485300844,15346.0,5.51329660972489,0.8796011244240454,-5.708047990464744,-19690.0,-4.488477621560129,1.2195703689046127,-1.0743525051638998,-4344.0,-1.7471565684852237,-0.6728040633213368,1.0743525051638998,4344.0,1.7471565684852255,0.6728040633213261,0.004992509494539332,0.06864580846201851,0.07684771061292417,0.08968539006456222,0.10742623272302887,0.17740929719404774,0.0789873419925593,100.0,100 troy oz,112169.9951171875,19121731237.62207,12499214725.90332,6622516511.71875,1721360745.0683594,,12938023746.801758,19649491064.648438,-6711467317.84668,-2208627203.857422,,38901339496.606445,38990290302.734375,-88950806.12792969,-487266458.7890625,,4323368121.801758,4234417315.673828,88950806.12792969,487266458.7890625,
2016-02-02,GOLD - COMMODITY EXCHANGE INC.,379185,176968,104146,72822,19.204873610506745,46.670622519350715,27.465748908843967,46169,12.175850837981459,116469,193824,-77355,-20.40033229162546,30.71561375054393,51.11594604216939,339606,344139,-4533,-1.1954586811187151,89.5620871078761,90.75754578899482,39579,35046,4533,1.1954586811187151,10.437912892123897,9.242454211005183,1127.300048828125,2016-02-08,2016-02-08,1197.9000244140625,0.06262749270642631,2016-02-09,2016-02-09,1198.699951171875,0.06333708795450965,2016-02-10,2016-02-10,1194.699951171875,0.05978878685742539,2016-02-11,2016-02-11,1247.9000244140625,0.10698125641997991,2016-02-12,2016-02-12,1239.0999755859375,0.09917495069217219,0.06262749270642631,0.0006677742228144989,-0.0033369484966521146,0.044530070659167365,-0.007051886093404791,0.034393480534427257,0.004992509494539332,3.883736981468207,13782.0,2.432657033428825,-1.4510799480393857,-4.873408715655563,-17522.0,0.7836038893787531,5.657012605034318,-0.989671734187354,-3740.0,-0.4358368573503242,0.553834876837044,0.989671734187354,3740.0,0.4358368573503153,-0.5538348768370369,0.06333708795450965,0.07149824544913708,0.08427215105575159,0.09136875324992033,0.1449480131874481,0.2103255258725596,0.07211915482690445,100.0,100 troy oz,112730.0048828125,19949603504.101562,11740379088.52539,8209224415.576172,1553644927.2949219,5215115485.888672,13129550938.69629,21849780466.40625,-8720229527.70996,-1975255145.5566406,-6547358683.59375,38283786038.23242,38794791150.36621,-511005112.13378906,-421610218.26171875,-1332243197.7050781,4461740863.256836,3950735751.123047,511005112.13378906,421610218.26171875,1332243197.7050781
2016-02-09,GOLD - COMMODITY EXCHANGE INC.,410833,201754,103326,98428,23.958153312903296,49.108518546465355,25.150365233562056,45747,11.135181448423081,121357,226280,-104923,-25.539087658488974,29.539253175864644,55.078340834353625,368858,375353,-6495,-1.580934345585676,89.78295317075307,91.36388751633876,41975,35480,6495,1.580934345585676,10.21704682924692,8.636112483661245,1198.699951171875,2016-02-15,2016-02-16,1207.9000244140625,0.007675042643651819,2016-02-16,2016-02-16,1207.9000244140625,0.007675042643651819,2016-02-17,2016-02-17,1211.0999755859375,0.010344560706738948,2016-02-18,2016-02-18,1226.0999755859375,0.022858117569184655,2016-02-19,2016-02-19,1230.4000244140625,0.026445377937320158,0.007675042643651819,0.0,0.002649185451773839,0.012385434978431809,0.003507094783253839,0.018627369438885877,0.06333708795450965,4.753279702396551,25606.0,2.4378960271146397,-2.315383675281911,-5.1387553668635135,-27568.0,-1.1763605746792862,3.9623947921842344,-0.3854756644669608,-1962.0,0.22086606287697919,0.6063417273439455,0.3854756644669608,1962.0,-0.2208660628769774,-0.6063417273439384,0.007675042643651819,0.019688077598716935,0.026361974592021165,0.05289065403905391,0.05439232159678209,0.11704350925430895,0.029615417907787878,100.0,100 troy oz,119869.9951171875,24184250994.873047,12385687115.478516,11798563879.394531,3069391094.970703,6438217437.744141,14547062997.436523,27124182495.117188,-12577119497.680664,-3304576025.390625,-7352585760.498047,44215006658.93555,44993562277.22168,-778555618.2861328,-235184930.41992188,-914368322.7539062,5031543045.043945,4252987426.7578125,778555618.2861328,235184930.41992188,914368322.7539062
2016-02-16,GOLD - COMMODITY EXCHANGE INC.,428912,209101,91741,117360,27.362256127130973,48.751492147573394,21.38923602044242,46240,10.780766217778938,127800,259784,-131984,-30.771813332338567,29.796321856231582,60.568135188570146,383141,397765,-14624,-3.4095572052075953,89.32858022158392,92.73813742679151,45771,31147,14624,3.4095572052075953,10.671419778416086,7.26186257320849,1207.9000244140625,2016-02-22,2016-02-22,1209.5,0.0013245927258869195,2016-02-23,2016-02-23,1222.300048828125,0.01192153665287643,2016-02-24,2016-02-24,1238.699951171875,0.02549873841815109,2016-02-25,2016-02-25,1238.199951171875,0.025084796875064708,2016-02-26,2016-02-26,1219.800048828125,0.009851828937444518,0.0013245927258869195,0.010582925860376236,0.013417247556746226,-0.00040364900275247084,-0.014860202769621855,0.008515956038135597,0.007675042643651819,3.4041028142276772,18932.0,-0.35702639889196064,-3.7611292131196343,-5.232725673849593,-27061.0,0.2570686803669382,5.489794354216521,-1.8286228596219194,-8129.0,-0.45437294916915505,1.3742499104527468,1.8286228596219194,8129.0,0.4543729491691657,-1.3742499104527548,0.01192153665287643,0.018544601342258105,0.04487122284658174,0.018627369438885877,0.05654435414962755,0.11805610787623833,0.01324612937876335,100.0,100 troy oz,120790.00244140625,25257310300.50049,11081395613.97705,14175914686.523438,2286796326.220703,8898116319.848633,15436962312.011719,31379309994.23828,-15942347682.226562,-3268698256.0668945,-11093474614.221191,46279602325.40283,48046035321.10596,-1766432995.703125,-981901929.8461914,-2195358294.3725586,5528679201.745605,3762246206.0424805,1766432995.703125,981901929.8461914,2195358294.3725586
2016-02-23,GOLD - COMMODITY EXCHANGE INC.,445290,227381,82403,144978,32.558108199151114,51.063576545621956,18.50546834647084,47607,10.691234925554133,120854,284003,-163149,-36.638819645624196,27.140515169889284,63.77933481551349,395842,414013,-18171,-4.080711446473085,88.89532664106538,92.97603808753846,49448,31277,18171,4.080711446473085,11.104673358934628,7.023961912461542,1222.300048828125,2016-02-29,2016-02-29,1233.9000244140625,0.009490284809412275,2016-03-01,2016-03-01,1230.300048828125,0.0065450377815741145,2016-03-02,2016-03-02,1241.0999755859375,0.015380778865088596,2016-03-03,2016-03-03,1257.4000244140625,0.028716333292786445,2016-03-04,2016-03-04,1269.9000244140625,0.0389429548264959,0.009490284809412275,-0.0029175585660977665,0.00877828686433002,0.013133550196413157,0.009941148208443051,0.02917578352192285,0.01192153665287643,5.195852072020141,27618.0,2.3120843980485617,-2.883767673971583,-5.8670063132856285,-31165.0,-2.6558066863422987,3.2111996269433405,-0.6711542412654898,-3547.0,-0.4332535805185387,0.23790066074694494,0.6711542412654898,3547.0,0.43325358051854224,-0.2379006607469485,0.0065450377815741145,0.032561503041720785,0.006626830779973725,0.02118947992236553,0.005399636195928537,0.09678468627341719,0.012435531837250435,100.0,100 troy oz,122230.0048828125,27792780740.25879,10072119092.358398,17720661647.90039,3375748274.8535156,10504202159.61914,14771985010.107422,34713688076.7334,-19941703066.625977,-3809298102.1728516,-12628315184.472656,48383769592.822266,50604811011.54785,-2221041418.725586,-433549827.31933594,-2124113024.8535156,6044029281.4453125,3822987862.7197266,2221041418.725586,433549827.31933594,2124113024.8535156
2016-03-01,GOLD - COMMODITY EXCHANGE INC.,450555,223186,70773,152413,33.82783455959872,49.53579474204037,15.707960182441655,60650,13.461175661129051,115571,287002,-171431,-38.048850861714996,25.65080844735937,63.69965930907436,399407,418425,-19018,-4.221016302116279,88.6477788505288,92.86879515264506,51148,32130,19018,4.221016302116279,11.352221149471207,7.131204847354929,1230.300048828125,2016-03-07,2016-03-07,1263.199951171875,0.02674136473869737,2016-03-08,2016-03-08,1262.0999755859375,0.025847293746027455,2016-03-09,2016-03-09,1256.5999755859375,0.021376839562725847,2016-03-10,2016-03-10,1272.0,0.03389413111996098,2016-03-11,2016-03-11,1258.699951171875,0.023083720406904984,0.02674136473869737,-0.0008707850130275085,-0.004357816422147165,0.012255311724705065,-0.010456013229658057,-0.0035623813916596525,0.0065450377815741145,1.2697263604476063,7435.0,-1.5277818035815827,-2.7975081640291837,-1.4100312160908004,-8282.0,-1.4897067225299132,-0.07967550643912347,-0.14030485564319406,-847.0,-0.24754779053658638,-0.10724293489339232,0.14030485564319406,847.0,0.24754779053657927,0.10724293489338699,0.025847293746027455,8.126114116047134e-05,0.014549216966056155,0.00430783268102819,-0.012598552698395715,0.0661626425369033,0.01812560015668807,100.0,100 troy oz,123030.0048828125,27458574669.77539,8707202535.57129,18751372134.2041,914728086.3037109,9792081118.62793,14218700694.311523,35309857461.37695,-21091156767.06543,-1018934500.4394531,-11574170739.355469,49139045160.22949,51478829793.09082,-2339784632.861328,-104206414.13574219,-1782089620.727539,6292738689.746094,3952954056.8847656,2339784632.861328,104206414.13574219,1782089620.727539
2016-03-08,GOLD - COMMODITY EXCHANGE INC.,499110,252895,78085,174810,35.02434333112941,50.66919116026527,15.64484782913586,76202,15.267576285788703,116493,311865,-195372,-39.144076456091845,23.340145458916872,62.48422191500872,445590,466152,-20562,-4.119733124962433,89.27691290497086,93.39664602993328,53520,32958,20562,4.119733124962433,10.723087095029152,6.60335397006672,1262.0999755859375,2016-03-14,2016-03-14,1244.4000244140625,-0.014024206888727409,2016-03-15,2016-03-15,1230.4000244140625,-0.025116830508738475,2016-03-16,2016-03-16,1229.300048828125,-0.025988374449167462,2016-03-17,2016-03-17,1264.5,0.001901611964573835,2016-03-18,2016-03-18,1253.800048828125,-0.0065762831141480405,-0.014024206888727409,-0.011250401579341096,-0.0008939983453440936,0.028634141197204643,-0.00846180401097274,0.007553860679557989,0.025847293746027455,1.196508771530688,22397.0,1.1333964182248977,-0.06311235330579379,-1.0952255943768492,-23941.0,-2.3106629884424983,-1.2154373940656455,0.10128317715384583,-1544.0,0.629134054442062,0.5278508772882162,-0.10128317715384583,1544.0,-0.629134054442055,-0.5278508772882091,-0.025116830508738475,-0.011013409938154362,-0.020996751852163875,-0.02670149102588293,-0.014024206888727409,0.06917047026135581,-0.03723952215289439,100.0,100 troy oz,126209.99755859375,31917877332.580566,9855107659.362793,22062769673.217773,2826725315.319824,9640172033.520508,14702581245.593262,39360480888.61084,-24657899643.01758,-3021593551.550293,-11415568069.177246,56237912812.13379,58833042781.93359,-2595129969.7998047,-194868236.23046875,-1775396035.6567383,6754759069.3359375,4159629099.536133,2595129969.7998047,194868236.23046875,1775396035.6567383
2016-03-15,GOLD - COMMODITY EXCHANGE INC.,493086,247659,78147,169512,34.37777588493691,50.226329686910596,15.848553801973692,77007,15.617356809968241,118610,304141,-185531,-37.626499231371405,24.05462738751455,61.68112661888595,443276,459295,-16019,-3.2487233464344962,89.89831388439339,93.14703723082789,49810,33791,16019,3.2487233464344962,10.101686115606608,6.8529627691721124,1230.4000244140625,2016-03-21,2016-03-21,1243.800048828125,0.010890786856448509,2016-03-22,2016-03-22,1248.199951171875,0.014466780237824883,2016-03-23,2016-03-23,1223.699951171875,-0.005445443034169495,2016-03-24,2016-03-24,1221.4000244140625,-0.007314694263181543,2016-03-25,2016-03-28,1219.9000244140625,-0.008533809973711781,0.010890786856448509,0.0035374675759947127,-0.019628265469004536,-0.0018794858622083188,-0.0012280988783504032,-0.019215326801587218,-0.025116830508738475,-0.6465674461924991,-5298.0,-0.4428614733546752,0.20370597283783098,1.5175772247204407,9841.0,0.714481928597678,-0.8030952961227698,0.8710097785279372,4543.0,0.6214009794225319,-0.24960879910538836,-0.8710097785279372,-4543.0,-0.6214009794225444,0.2496087991053928,0.014466780237824883,0.004226228111748664,-0.0016254876140403551,0.023569570403584983,0.04486341846275743,0.07200908145960927,-0.023163198500074977,100.0,100 troy oz,123040.00244140625,30471963964.63623,9615207070.788574,20856756893.847656,-651865932.9345703,6416782207.324219,14593774689.575195,37421509382.53174,-22827734692.956543,1210836664.025879,-6588423010.72998,54540680122.2168,56511657921.32568,-1970977799.1088867,558970731.0913086,-171640803.40576172,6128622521.606445,4157644722.4975586,1970977799.1088867,-558970731.0913086,171640803.40576172
2016-03-22,GOLD - COMMODITY EXCHANGE INC.,510579,258646,79815,178831,35.02513812749839,50.65739092285425,15.63225279535586,73290,14.354291892145977,127081,327075,-199994,-39.170040287595064,24.889586136523437,64.0596264241185,459017,480180,-21163,-4.144902160096675,89.90126895152366,94.04617111162034,51562,30399,21163,4.144902160096675,10.098731048476338,5.953828888379663,1248.199951171875,2016-03-28,2016-03-28,1219.9000244140625,-0.022672590822682692,2016-03-29,2016-03-29,1235.5999755859375,-0.0100945169675003,2016-03-30,2016-03-30,1226.9000244140625,-0.01706451497439576,2016-03-31,2016-03-31,1234.199951171875,-0.011216151696573973,2016-04-01,2016-04-01,1222.199951171875,-0.020829996007923124,-0.022672590822682692,0.012869867085555597,-0.007041074250385471,0.005949895356224033,-0.009722897808094988,0.0018853403654264245,0.014466780237824883,0.6473622425614778,9319.0,0.43106123594365187,-0.21630100661783125,-1.5435410562236598,-14463.0,0.8349587490088872,2.3784998052325577,-0.8961788136621784,-5144.0,0.002955067130272937,0.8991338807924478,0.8961788136621784,5144.0,-0.0029550671302693843,-0.8991338807924496,-0.0100945169675003,-0.015862784435477062,0.00897298003550806,0.003845576843372278,0.017865766464089772,0.0524755668661141,-0.0016824031950697371,100.0,100 troy oz,124819.9951171875,32284192457.08008,9962507910.27832,22321684546.801758,1163197534.4970703,4225531294.7021484,15862249799.487305,40825499902.9541,-24963250103.466797,-1805271589.3798828,-4598992720.092773,57294499698.706055,59936065255.37109,-2641565556.665039,-642074054.8828125,-373461425.390625,6435968588.232422,3794403031.567383,2641565556.665039,642074054.8828125,373461425.390625
2016-03-29,GOLD - COMMODITY EXCHANGE INC.,480461,262082,72276,189806,39.50497542984758,54.5480278316034,15.043052401755814,45729,9.517734009628253,123227,331191,-207964,-43.284262406313935,25.647659227283796,68.93192163359774,431038,449196,-18158,-3.779286976466352,89.71342106851544,93.4927080449818,49423,31265,18158,3.779286976466352,10.286578931484554,6.507291955018202,1235.5999755859375,2016-04-04,2016-04-04,1218.0,-0.014244072461713442,2016-04-05,2016-04-05,1228.4000244140625,-0.005827089117949158,2016-04-06,2016-04-06,1222.5,-0.010602117064404504,2016-04-07,2016-04-07,1236.199951171875,0.0004855742941018981,2016-04-08,2016-04-08,1242.5,0.005584351368079554,-0.014244072461713442,0.00853860789331895,-0.004803015546077316,0.011206504026073594,0.00509630244051773,0.02011494252873569,-0.0100945169675003,4.479837302349196,10975.0,3.8906369087491512,-0.5892003936000467,-4.114222118718871,-7970.0,0.7580730907603588,4.872295209479233,0.3656151836303225,3005.0,-0.1878478830082173,-0.5534630666385425,-0.3656151836303225,-3005.0,0.18784788300821553,0.553463066638539,-0.005827089117949158,0.019261936952401415,0.014082247295133854,0.005341514823847149,0.06450313598006718,0.07308194449041117,0.015943730682614676,100.0,100 troy oz,123559.99755859375,32382851280.151367,8930422383.544922,23452428896.606445,1356070973.2055664,4620278988.708496,15225927819.152832,40921959151.42822,-25696031332.27539,-984773180.5419922,-4514017390.808105,53259054227.66113,55502656663.33008,-2243602435.6689453,371297792.6635742,106261597.90039062,6106705759.338379,3863103323.6694336,2243602435.6689453,-371297792.6635742,-106261597.90039062
2016-04-05,GOLD - COMMODITY EXCHANGE INC.,474094,263781,73381,190400,40.16081199087101,55.6389661122056,15.478154121334587,44650,9.417963526220538,118103,325348,-207245,-43.7139048374373,24.911304509232345,68.62520934666965,426534,443379,-16845,-3.553092846566293,89.96823414765848,93.52132699422478,47560,30715,16845,3.553092846566293,10.031765852341518,6.478673005775226,1228.4000244140625,2016-04-11,2016-04-11,1256.699951171875,0.023038038257375826,2016-04-12,2016-04-12,1259.4000244140625,0.025236078951387908,2016-04-13,2016-04-13,1246.800048828125,0.014978853832927186,2016-04-14,2016-04-14,1225.0,-0.00276784788870732,2016-04-15,2016-04-15,1233.0999755859375,0.003826075446487165,0.023038038257375826,0.00214854248993146,-0.010004744593997916,-0.01748479946613335,0.006612224968112201,-0.0187793240255405,-0.005827089117949158,0.6558365610234276,594.0,1.0909382806022023,0.43510171957877297,-0.4296424311233622,719.0,-0.7363547180514516,-0.3067122869280894,0.22619412990005916,1313.0,0.25481307914303386,0.028618949242982694,-0.22619412990005916,-1313.0,-0.25481307914303564,-0.02861894924297559,0.025236078951387908,0.020026029873836393,0.011234065844629937,0.050716318397607596,0.10420058405734323,0.030853161560413067,0.021654163999732523,100.0,100 troy oz,122840.00244140625,32402858683.996582,9014122219.152832,23388736464.84375,72966961.45019531,1915075638.0615234,14507772808.337402,39965749114.30664,-25457976305.96924,88321961.7553711,-1458479348.9868164,52395437601.34277,54464677442.46826,-2069239841.1254883,161288923.2055664,456596289.07470703,5842270516.113281,3773030674.987793,2069239841.1254883,-161288923.2055664,-456596289.07470703
2016-04-12,GOLD - COMMODITY EXCHANGE INC.,504523,286341,72534,213807,42.378048176198114,56.754796114349595,14.376747938151482,46969,9.309585489660531,122181,353968,-231787,-45.941810383272916,24.21713182550647,70.15894220877938,455491,473471,-17980,-3.5637622070748014,90.2815134295166,93.8452756365914,49032,31052,17980,3.5637622070748014,9.718486570483407,6.154724363408605,1259.4000244140625,2016-04-18,2016-04-18,1233.5999755859375,-0.02048598406223512,2016-04-19,2016-04-19,1253.0,-0.005081804263931233,2016-04-20,2016-04-20,1253.199951171875,-0.004923037257421159,2016-04-21,2016-04-21,1249.0,-0.008257919812968972,2016-04-22,2016-04-22,1228.699951171875,-0.0243767449952772,-0.02048598406223512,0.015726349544428198,0.0001595779504190986,-0.0033513815316922324,-0.016253041495696507,-0.003972134007002581,0.025236078951387908,2.2172361853271028,23407.0,1.1158300021439942,-1.101406183183105,-2.2279055458356183,-24542.0,-0.6941726837258742,1.53373286210973,-0.010669360508508419,-1135.0,0.31327928185811516,0.32394864236661647,0.010669360508508419,1135.0,-0.3132792818581116,-0.3239486423666209,-0.005081804263931233,-0.01365735501727483,0.024853046014807534,0.0035731299926673454,0.05931391910733774,-0.005081804263931233,0.009369482713248667,100.0,100 troy oz,125940.00244140625,36061786239.07471,9134932137.08496,26926854101.989746,2947877637.145996,5578512408.14209,15387475438.293457,44578730784.17969,-29191255345.88623,-3090819539.916992,-5825480752.9296875,57364537652.038574,59628938895.93506,-2264401243.8964844,-142941902.7709961,-246968344.78759766,6175090199.707031,3910688955.810547,2264401243.8964844,142941902.7709961,246968344.78759766
2016-04-19,GOLD - COMMODITY EXCHANGE INC.,503331,291143,74306,216837,43.08039838595278,57.843248279958914,14.76284989400613,44240,8.789444719280155,117743,357864,-240121,-47.70638009580177,23.392757449868974,71.09913754567074,453126,476410,-23284,-4.625981709848986,90.02545044910805,94.65143215895702,50205,26921,23284,4.625981709848986,9.974549550891957,5.348567841042972,1253.0,2016-04-25,2016-04-25,1238.9000244140625,-0.011252973332751437,2016-04-26,2016-04-26,1242.199951171875,-0.008619352616221043,2016-04-27,2016-04-27,1249.199951171875,-0.003032760437450155,2016-04-28,2016-04-28,1265.5,0.00997605746209107,2016-04-29,2016-04-29,1289.199951171875,0.028890623441240937,-0.011252973332751437,0.002663594069564512,0.005635163641245056,0.01304839054214968,0.018727736998715994,0.040600472811841204,-0.005081804263931233,0.7023502097546697,3030.0,1.0884521656093185,0.3861019558546488,-1.7645697125288535,-8334.0,-0.8243743756374968,0.9401953368913638,-1.0622195027741848,-5304.0,-0.2560629804085437,0.806156522365626,1.0622195027741848,5304.0,0.2560629804085508,-0.8061565223656331,-0.008619352616221043,0.030087750336691865,0.008699141591430593,0.018515523680666446,0.06264964086193126,0.006225098825319186,0.03088583493365915,100.0,100 troy oz,125300.0,36480217900.0,9310541800.0,27169676100.0,379659000.0,4762151800.0,14753197900.0,44840359200.0,-30087161300.0,-1044250200.0,-5027913100.0,56776687800.0,59694173000.0,-2917485200.0,-664591200.0,-265761300.0,6290686500.0,3373201300.0,2917485200.0,664591200.0,265761300.0
2016-04-26,GOLD - COMMODITY EXCHANGE INC.,497884,288173,67316,220857,44.35912782897221,57.879546239686356,13.520418410714141,46236,9.286500469988994,116445,356553,-240108,-48.225691124840324,23.38797792256831,71.61366904740864,450854,470105,-19251,-3.866563295868114,90.55402463224365,94.42058792811177,47030,27779,19251,3.866563295868114,9.445975367756345,5.579412071888231,1242.199951171875,2016-05-02,2016-05-02,1294.699951171875,0.04226372730933714,2016-05-03,2016-05-03,1290.699951171875,0.03904363380005438,2016-05-04,2016-05-04,1273.300048828125,0.025036305650238067,2016-05-05,2016-05-05,1271.4000244140625,0.023506741579437884,2016-05-06,2016-05-06,1292.9000244140625,0.04081474419183295,0.04226372730933714,-0.0030895189239633636,-0.013480981639421241,-0.0014922047759372559,0.016910492045891345,-0.0013902269450024596,-0.008619352616221043,1.2787294430194294,4020.0,0.036297959727441764,-1.2424314832919894,-0.5193110290385548,13.0,-0.004779527300662778,0.514531501737892,0.759418413980872,4033.0,0.5285741831356034,-0.23084423084524985,-0.759418413980872,-4033.0,-0.5285741831356123,0.23084423084525874,0.03904363380005438,0.017469066249532483,0.027370794828904144,-0.01070675195669224,0.06319433511967554,0.02390925326809823,0.018837566683195694,100.0,100 troy oz,124219.9951171875,35796848652.90527,8361993191.308594,27434855461.59668,499364380.37109375,3857155068.383789,14464797331.420898,44291011919.018555,-29826214587.597656,1614859.9365234375,-3992927523.046875,56005081678.56445,58396440804.56543,-2391359126.0009766,500979240.3076172,-135772454.66308594,5842066370.361328,3450707244.3603516,2391359126.0009766,-500979240.3076172,135772454.66308594
2016-05-03,GOLD - COMMODITY EXCHANGE INC.,565774,338476,66828,271648,48.01351776504399,59.825301268704465,11.811783503660472,59431,10.504371003262786,116644,411545,-294901,-52.123462725399186,20.616712680328185,72.74017540572737,514551,537804,-23253,-4.109944960355195,90.94638495229545,95.05632991265064,51223,27970,23253,4.109944960355195,9.053615047704561,4.943670087349366,1290.699951171875,2016-05-09,2016-05-09,1265.5999755859375,-0.019446793627867054,2016-05-10,2016-05-10,1263.9000244140625,-0.020763870590899014,2016-05-11,2016-05-11,1274.5999755859375,-0.01247383295499449,2016-05-12,2016-05-12,1270.300048828125,-0.015805301863712096,2016-05-13,2016-05-13,1271.9000244140625,-0.014565683326123402,-0.019446793627867054,-0.001343197854510092,0.008465820844362648,-0.003373550007982562,0.0012595257218273037,0.004977914783230286,0.03904363380005438,3.65438993607178,50791.0,1.945755029018109,-1.7086349070536695,-3.897771600558862,-54793.0,-2.7712652422401263,1.1265063583187356,-0.24338166448708076,-4002.0,0.3923603200517931,0.6357419845388677,0.24338166448708076,4002.0,-0.39236032005178423,-0.635741984538865,-0.020763870590899014,-0.011234214417405797,-0.047880939874292205,-0.05880522601309279,0.05710085692284439,-0.0033314689087176053,-0.027581914412885045,100.0,100 troy oz,129069.9951171875,43687095667.28516,8625489633.691406,35061606033.59375,6555594121.99707,10486678963.28125,15055240510.449219,53118111140.50293,-38062870630.05371,-7072132242.456055,-11313759491.992188,66413095057.543945,69414359654.0039,-3001264596.459961,-516538120.4589844,-827080528.7109375,6611352359.887695,3610087763.4277344,3001264596.459961,516538120.4589844,827080528.7109375
2016-05-10,GOLD - COMMODITY EXCHANGE INC.,579777,337251,72353,264898,45.68963584274643,58.1690891497938,12.479453307047365,67605,11.66051775079039,123211,408207,-284996,-49.15614106803133,21.251446676911986,70.40758774494331,528067,548165,-20098,-3.4665052252848936,91.08105357749618,94.54755880278107,51710,31612,20098,3.4665052252848936,8.918946422503824,5.452441197218931,1263.9000244140625,2016-05-16,2016-05-16,1273.4000244140625,0.00751641729289787,2016-05-17,2016-05-17,1276.199951171875,0.009731724440400047,2016-05-18,2016-05-18,1273.699951171875,0.007753719889637356,2016-05-19,2016-05-19,1254.199951171875,-0.0076747156063110555,2016-05-20,2016-05-20,1252.4000244140625,-0.009098820933508,0.00751641729289787,0.0021987801979985733,-0.001958940679871013,-0.015309728152269275,-0.0014351194609206752,-0.016491282862714618,-0.020763870590899014,-2.3238819222975593,-6750.0,-1.6562121189106662,0.6676698033868931,2.9673216573678545,9905.0,0.634733996583801,-2.332587660784057,0.6434397350703014,3155.0,0.13466862520073164,-0.5087711098695706,-0.6434397350703014,-3155.0,-0.13466862520073697,0.5087711098695653,0.009731724440400047,-0.027692063710676673,-0.03884799006052708,-0.015428435495948412,0.059419237388458335,0.00751641729289787,-0.03924359097067964,100.0,100 troy oz,126390.00244140625,42625154713.3667,9144695846.643066,33480458866.723633,-853132516.4794922,6457391614.733887,15572638590.808105,51593283726.59912,-36020645135.791016,1251892974.182129,-6725085639.904785,66742389419.226074,69282575688.29346,-2540186269.067383,398760457.7026367,-267694025.17089844,6535627026.245117,3995440757.1777344,2540186269.067383,-398760457.7026367,267694025.17089844
2016-05-17,GOLD - COMMODITY EXCHANGE INC.,595077,340748,74460,266288,44.74849473261443,57.26116116065651,12.512666428042085,79137,13.29861513720073,122477,412720,-290243,-48.77402420191,20.58170623297489,69.3557304348849,542362,566317,-23955,-4.02552946929557,91.14148253083214,95.16701200012771,52715,28760,23955,4.02552946929557,8.858517469167856,4.832987999872286,1276.199951171875,2016-05-23,2016-05-23,1251.0999755859375,-0.019667745295624983,2016-05-24,2016-05-24,1228.9000244140625,-0.037063100272319516,2016-05-25,2016-05-25,1223.5,-0.04129443127112098,2016-05-26,2016-05-26,1220.0999755859375,-0.04395860972602572,2016-05-27,2016-05-27,1213.800048828125,-0.04889508284846045,-0.019667745295624983,-0.017744346259361055,-0.004394193430533266,-0.002778932908919063,-0.005163451261268159,-0.0298137059273329,0.009731724440400047,-0.9411411101320013,1390.0,-0.9079279891372849,0.03321312099471996,0.3821168661213292,-5247.0,-0.6697404439370942,-1.0518573100584092,-0.5590242440106765,-3857.0,0.06042895333595766,0.619453197346644,0.5590242440106765,3857.0,-0.060428953335968316,-0.6194531973466457,-0.037063100272319516,-0.048111506576512086,-0.024917668057119147,0.007365636086595018,0.058219755266327056,-0.0409026431351468,-0.032283304143714275,100.0,100 troy oz,127619.9951171875,43486258096.19141,9502584836.425781,33983673259.765625,177391793.21289062,6310936378.540039,15630514141.967773,52671324384.765625,-37040810242.79785,-669622114.3798828,-6396569395.263672,69216235791.74805,72273372774.78027,-3057136983.0322266,-492230321.1669922,-85633016.72363281,6727488042.602539,3670351059.5703125,3057136983.0322266,492230321.1669922,85633016.72363281
2016-05-24,GOLD - COMMODITY EXCHANGE INC.,542958,291266,84634,206632,38.056718935902964,53.64429661226099,15.587577676358025,52773,9.719536317726233,146205,371418,-225213,-41.47889892035848,26.927497154476036,68.40639607483452,490244,508825,-18581,-3.422179984455519,90.29133008446325,93.71351006891877,52714,34133,18581,3.422179984455519,9.708669915536746,6.286489931081225,1228.9000244140625,2016-05-30,2016-05-31,1214.800048828125,-0.011473655550344963,2016-05-31,2016-05-31,1214.800048828125,-0.011473655550344963,2016-06-01,2016-06-01,1211.9000244140625,-0.01383350936794514,2016-06-02,2016-06-02,1209.800048828125,-0.015542334776211253,2016-06-03,2016-06-03,1240.0999755859375,0.009113801732744786,-0.011473655550344963,0.0,-0.0023872442356748236,-0.0017327960587778524,0.025045400508259652,0.020826412364914226,-0.037063100272319516,-6.691775796711468,-59656.0,-3.616864548395526,3.0749112483159404,7.29512528155152,65030.0,6.345790921501145,-0.9493343600503863,0.6033494848400509,5374.0,-0.850152446368881,-1.4535019312089474,-0.6033494848400509,-5374.0,0.8501524463688899,1.4535019312089394,-0.011473655550344963,0.012612905600185353,0.04613878268812743,0.03385139129260928,0.09089425417265606,-0.014565891495198935,0.02107577825658491,100.0,100 troy oz,122890.00244140625,35793679451.09863,10400672466.625977,25393006984.472656,-7331125985.644531,-1748110284.729004,17967132806.9458,45643558926.78223,-27676426119.836426,7991536858.764648,1830446586.364746,60246086356.884766,62529505492.248535,-2283419135.3637695,660410873.1201172,82336301.63574219,6478023588.696289,4194604453.3325195,2283419135.3637695,-660410873.1201172,-82336301.63574219
2016-05-31,GOLD - COMMODITY EXCHANGE INC.,494321,274589,77454,197135,39.87995654645463,55.54872238889305,15.668765842438415,38761,7.841261042925549,133624,347662,-214038,-43.299394522992145,27.031827496707606,70.33122201969975,446974,463877,-16903,-3.419437976537513,90.4218109285262,93.84124890506371,47347,30444,16903,3.419437976537513,9.5781890714738,6.158751094936286,1214.800048828125,2016-06-06,2016-06-06,1244.5999755859375,0.024530725683259202,2016-06-07,2016-06-07,1244.4000244140625,0.024366129730148955,2016-06-08,2016-06-08,1259.800048828125,0.03704313318344843,2016-06-09,2016-06-09,1270.199951171875,0.045604132463768376,2016-06-10,2016-06-10,1273.4000244140625,0.04823837111503804,0.024530725683259202,-0.00016065497010864238,0.012375461356418427,0.008255200778428451,0.002519346059834948,0.023140004333172426,-0.011473655550344963,1.823237610551665,-9497.0,1.9044257766320598,0.08118816608038948,-1.8204956026336632,11175.0,0.10433034223157023,1.9248259448652334,0.002742007918006273,1678.0,0.13048084406294436,0.12773883614494252,-0.002742007918006273,-1678.0,-0.13048084406294613,-0.12773883614493897,0.024366129730148955,0.05828113591706785,0.045851126879363324,0.08272966410970173,0.079766133066282,-0.022143581933514067,0.03893638858793347,100.0,100 troy oz,121480.0048828125,33357073060.7666,9409112298.19336,23947960762.573242,-1153695606.3720703,-9051839603.833008,16232644172.460938,42233981457.56836,-26001337285.10742,1357539054.5654297,9823237634.838867,54298403702.490234,56351780225.024414,-2053376522.5341797,203843448.19335938,771398031.0058594,5751713791.186523,3698337268.6523438,2053376522.5341797,-203843448.19335938,-771398031.0058594
2016-06-07,GOLD - COMMODITY EXCHANGE INC.,496330,295688,67069,228619,46.061894304192776,59.57487961638426,13.512985312191486,41132,8.287228255394597,112940,356632,-243692,-49.09878508250559,22.755021860455745,71.85380694296134,449760,464833,-15073,-3.036890778312816,90.6171297322346,93.65402051054743,46570,31497,15073,3.036890778312816,9.382870267765398,6.345979489452581,1244.4000244140625,2016-06-13,2016-06-13,1284.4000244140625,0.03214400451240307,2016-06-14,2016-06-14,1285.5999755859375,0.0331082854094884,2016-06-15,2016-06-15,1285.800048828125,0.0332690642894804,2016-06-16,2016-06-16,1296.0999755859375,0.04154608659399406,2016-06-17,2016-06-17,1292.5,0.03865314580702117,0.03214400451240307,0.0009342503496310162,0.00015562635811061654,0.008010519806092686,-0.0027775446753712796,0.006306427461828079,0.024366129730148955,6.181937757738147,31484.0,4.026157227491211,-2.155780530246929,-5.799390559513448,-29654.0,-4.276805636251861,1.52258492326159,0.38254719822469685,1830.0,0.19531880370840327,-0.18722839451628204,-0.38254719822469685,-1830.0,-0.1953188037084015,0.18722839451629536,0.0331082854094884,0.02097394332519964,0.05697526761737759,0.09000321263472832,0.08437801184505789,-0.06171652790210047,0.040180005640503724,100.0,100 troy oz,124440.00244140625,36795415441.89453,8346066523.742676,28449348918.151855,3917869036.8652344,-4514558848.571777,14054253875.732422,44379286950.68359,-30325033074.95117,-3690143832.397461,5139869860.839844,55968135498.046875,57843819654.84619,-1875684156.7993164,227725204.46777344,625311012.2680664,5795170913.696289,3919486756.8969727,1875684156.7993164,-227725204.46777344,-625311012.2680664
2016-06-14,GOLD - COMMODITY EXCHANGE INC.,545357,347557,67695,279862,51.317210561155356,63.73018041393069,12.412969852775339,38925,7.137526427642809,113281,411358,-298077,-54.6572245336541,20.771898041099686,75.42912257475378,499763,517978,-18215,-3.340013972498748,91.63960488267318,94.97961885517194,45594,27379,18215,3.340013972498748,8.360395117326815,5.020381144828067,1285.5999755859375,2016-06-20,2016-06-20,1290.0,0.0034225455021941187,2016-06-21,2016-06-21,1270.5,-0.01174546972051349,2016-06-22,2016-06-22,1268.0,-0.013690087056758005,2016-06-23,2016-06-23,1261.199951171875,-0.018979484192150564,2016-06-24,2016-06-24,1320.0,0.026757953537128953,0.0034225455021941187,-0.015116279069767424,-0.001967729240456517,-0.005362814533221627,0.0466223050306096,0.023255813953488413,0.0331082854094884,5.25531625696258,51243.0,4.155300797546431,-1.1000154594161469,-5.558439451148509,-54385.0,-1.9831238193560594,3.575315631792435,-0.30312319418593203,-3142.0,1.0224751504385807,1.3255983446245097,0.30312319418593203,3142.0,-1.0224751504385825,-1.325598344624514,-0.01174546972051349,0.023102110925796504,0.05507160094325325,0.03772557632314455,0.02598010660263106,-0.10026448884717332,-0.01540131233184594,100.0,100 troy oz,128559.99755859375,44681927071.47217,8702869034.729004,35979058036.743164,6587799954.89502,1745073406.8603516,14563405083.435059,52884183475.70801,-38320778392.27295,-6991735467.224121,-1007139020.8740234,64249530059.87549,66591250415.40527,-2341720355.529785,-403935512.32910156,737934385.9863281,5861564528.686523,3519844173.1567383,2341720355.529785,403935512.32910156,-737934385.9863281
2016-06-21,GOLD - COMMODITY EXCHANGE INC.,571517,358825,66096,292729,51.219648759354484,62.784659074008296,11.565010314653808,45399,7.9435957285610055,119782,431919,-312137,-54.61552324777741,20.958606655620045,75.57412990339745,524006,543414,-19408,-3.395874488422917,91.68686145818936,95.08273594661226,47511,28103,19408,3.395874488422917,8.313138541810655,4.917264053387738,1270.5,2016-06-27,2016-06-27,1322.5,0.04092876820149538,2016-06-28,2016-06-28,1315.300048828125,0.0352617464211924,2016-06-29,2016-06-29,1323.9000244140625,0.042030715792257034,2016-06-30,2016-06-30,1318.4000244140625,0.03770171146325274,2016-07-01,2016-07-01,1336.699951171875,0.052105431855076656,0.04092876820149538,-0.005444197483459368,0.0065384134924952875,-0.004154392249093086,0.013880405354168346,0.010737203154536967,-0.01174546972051349,-0.0975618018008717,12867.0,-0.9455213399223936,-0.8479595381215308,0.041701285876690974,-14060.0,0.18670861452035936,0.14500732864367194,-0.05586051592416874,-1193.0,0.04725657551617246,0.10311709144032477,0.05586051592416874,1193.0,-0.047256575516160026,-0.10311709144032921,0.0352617464211924,0.06761119591819176,0.05005901266110779,0.04801259346713893,0.03400232284287674,-0.10940574576938211,-0.023219205037386836,100.0,100 troy oz,127050.0,45588716250.0,8397496800.0,37191219450.0,1634752350.0,10938623850.0,15218303100.0,54875308950.0,-39657005850.0,-1786323000.0,-11043694200.0,66574962300.0,69040748700.0,-2465786400.0,-151570650.0,-105070350.0,6036272550.0,3570486150.0,2465786400.0,151570650.0,105070350.0
2016-06-28,GOLD - COMMODITY EXCHANGE INC.,613792,373128,71208,301920,49.18930191335175,60.79062614045149,11.601324227099735,64364,10.486288514675982,127169,453490,-326321,-53.164752880454614,20.718582190709554,73.88333507116417,564661,589062,-24401,-3.975450967102862,91.99549684583702,95.97094781293988,49131,24730,24401,3.975450967102862,8.004503154162974,4.0290521870601115,1315.300048828125,2016-07-04,2016-07-05,1356.4000244140625,0.031247604394568196,2016-07-05,2016-07-05,1356.4000244140625,0.031247604394568196,2016-07-06,2016-07-06,1364.9000244140625,0.03771000816895653,2016-07-07,2016-07-07,1360.0999755859375,0.03406061362023616,2016-07-08,2016-07-08,1356.5999755859375,0.0313996238307821,0.031247604394568196,0.0,0.006266587914337318,-0.00351677686443419,-0.002573340241765809,0.00014741312907395887,0.0352617464211924,-2.030346846002736,9191.0,-1.9940329335568094,0.03631391244592663,1.4507703673227965,-14184.0,-0.24002446491049056,-1.69079483223328,-0.5795764786799453,-4993.0,0.3086353876476693,0.8882118663276231,0.5795764786799453,4993.0,-0.3086353876476817,-0.8882118663276266,0.031247604394568196,0.014293260898577742,0.012316544188003764,0.00410545285736208,0.00805897908646891,-0.135330337863661,-0.05238350327398633,100.0,100 troy oz,131530.0048828125,49077527661.91406,9365988587.695312,39711539074.21875,1208892274.8779297,13782371561.645508,16726539190.942383,59647541914.30664,-42921002723.36426,-1865621589.2578125,-14768583538.256836,74269864087.13379,77479327736.2793,-3209463649.145508,-656729314.3798828,-986211976.6113281,6462200669.897461,3252737020.751953,3209463649.145508,656729314.3798828,986211976.6113281
2016-07-05,GOLD - COMMODITY EXCHANGE INC.,652971,389590,73627,315963,48.38851955140427,59.66421173375234,11.275692182348067,88857,13.608108170194388,123735,463942,-340207,-52.101395008354125,18.949539872367993,71.05093488072211,602182,626426,-24244,-3.712875456949849,92.22185977631472,95.93473523326456,50789,26545,24244,3.712875456949849,7.778140223685279,4.065264766735429,1356.4000244140625,2016-07-11,2016-07-11,1355.0,-0.0010321618909342467,2016-07-12,2016-07-12,1334.0999755859375,-0.01644061370299532,2016-07-13,2016-07-13,1342.4000244140625,-0.010321438917732073,2016-07-14,2016-07-14,1331.300048828125,-0.018504847489058562,2016-07-15,2016-07-15,1326.5,-0.022043662544888765,-0.0010321618909342467,-0.015424372261300778,0.0062214593958593856,-0.008268754010774426,-0.0036055349298230732,-0.02103321033210337,0.031247604394568196,-0.8007823619474763,14043.0,-1.1264144066991477,-0.32563204475166785,1.0633578721004895,-13886.0,-1.7690423183415618,-2.8324001904420584,0.26257551015301317,157.0,0.2263629304776913,-0.036212579675321876,-0.26257551015301317,-157.0,-0.22636293047769485,0.036212579675317436,-0.01644061370299532,-0.018357434359984492,-0.026319723237699932,0.0058979650958468355,-0.06642581389281443,-0.14450014484824858,-0.10210852072184917,100.0,100 troy oz,135640.00244140625,52843988551.14746,9986766459.753418,42857222091.39404,1904792554.284668,11847340373.242188,16783415702.087402,62929094012.6709,-46145678310.583496,-1883497073.9013672,-13091294835.632324,81679967950.1709,84968424169.36035,-3288456219.189453,21295480.38330078,-1243954462.3901367,6889020083.996582,3600563864.807129,3288456219.189453,-21295480.38330078,1243954462.3901367
2016-07-12,GOLD - COMMODITY EXCHANGE INC.,633020,378081,80618,297463,46.99109032889956,59.7265489242046,12.735458595305046,79128,12.500078986445926,123258,448710,-325452,-51.41259359893843,19.471422703864015,70.88401630280245,580467,608456,-27989,-4.421503270038862,91.69805061451454,96.11955388455341,52553,24564,27989,4.421503270038862,8.30194938548545,3.8804461154465897,1334.0999755859375,2016-07-18,2016-07-18,1328.4000244140625,-0.004272506765747863,2016-07-19,2016-07-19,1331.5,-0.0019488611299880443,2016-07-20,2016-07-20,1318.800048828125,-0.011468350976539643,2016-07-21,2016-07-21,1330.5,-0.0026984301415314826,2016-07-22,2016-07-22,1323.0999755859375,-0.008245259126977156,-0.004272506765747863,0.0023336160260196692,-0.009538078236481451,0.008871664193727868,-0.005561837214627996,-0.003989798803611722,-0.01644061370299532,-1.3974292225047122,-18500.0,0.06233719045226138,1.459766412956979,0.6888014094156958,14755.0,0.521882831496022,-0.16691857791965958,-0.7086278130890129,-3745.0,-0.5238091618001732,0.18481865128885033,0.7086278130890129,3745.0,0.5238091618001715,-0.18481865128883923,-0.0019488611299880443,-0.01004424305470597,0.02271197764981392,0.003672906456587244,-0.06079002853614346,-0.11236041313037748,-0.09032306589097738,100.0,100 troy oz,133409.99755859375,50439785286.95068,10755247183.17871,39684538103.77197,-2468084954.8339844,2348149367.0288086,16443849479.077148,59862400004.5166,-43418550525.43945,1968464513.9770508,-3652098683.166504,77440101052.84424,81174113474.51172,-3734012421.6674805,-499620440.8569336,-1303949316.1376953,7011095601.696777,3277083180.029297,3734012421.6674805,499620440.8569336,1303949316.1376953
2016-07-19,GOLD - COMMODITY EXCHANGE INC.,617069,366871,80960,285911,46.33371632669928,59.45380500397849,13.1200886772792,75151,12.178702867912666,119433,434910,-315477,-51.12507677423432,19.354885758318762,70.47996253255309,561455,591021,-29566,-4.79136044753504,90.98739363020991,95.77875407774495,55614,26048,29566,4.79136044753504,9.012606369790088,4.221245922255048,1331.5,2016-07-25,2016-07-25,1319.300048828125,-0.009162561901520871,2016-07-26,2016-07-26,1320.699951171875,-0.00811118950666545,2016-07-27,2016-07-27,1326.5999755859375,-0.0036800784183721458,2016-07-28,2016-07-28,1332.300048828125,0.0006008628074540834,2016-07-29,2016-07-29,1349.0,0.013143071723620059,-0.009162561901520871,0.0010610947411042737,0.00446734658302006,0.00429675361607762,0.012534677294776086,0.02251190030520811,-0.0019488611299880443,-0.6573740022002781,-11552.0,-0.2727439202261124,0.38463008197415505,0.287516824704106,9975.0,-0.11653694554525273,-0.4040537702493623,-0.3698571774961783,-1577.0,-0.7106569843046344,-0.34079980680846234,0.3698571774961783,1577.0,0.710656984304638,0.34079980680845834,-0.00811118950666545,0.02470899317616415,0.00563274502440847,0.014269620728501797,-0.05309797309190767,-0.08974840405557638,-0.06789337169662979,100.0,100 troy oz,133150.0,48848873650.0,10779824000.0,38069049650.0,-1538148800.0,-907816700.0,15902503950.0,57908266500.0,-42005762550.0,1328171250.0,-444721000.0,74757733250.0,78694446150.0,-3936712900.0,-209977550.0,-1352537700.0,7405004100.0,3468291200.0,3936712900.0,209977550.0,1352537700.0
2016-07-26,GOLD - COMMODITY EXCHANGE INC.,576325,347426,68471,278955,48.402377130959096,60.2830000433783,11.880622912419208,55650,9.656010063766104,117420,426443,-309023,-53.61957228994058,20.37392096473344,73.99349325467401,520496,550564,-30068,-5.217195158981477,90.31293107187784,95.53012623085932,55829,25761,30068,5.217195158981477,9.687068928122153,4.469873769140676,1320.699951171875,2016-08-01,2016-08-01,1351.4000244140625,0.023245305048241294,2016-08-02,2016-08-02,1364.4000244140625,0.033088570347422186,2016-08-03,2016-08-03,1356.0999755859375,0.026803987069622837,2016-08-04,2016-08-04,1358.800048828125,0.02884841301193597,2016-08-05,2016-08-05,1336.4000244140625,0.011887691241494025,0.023245305048241294,0.00961965351868077,-0.006083295719442328,0.001991057658577766,-0.016485151316693702,-0.01109960021386236,-0.00811118950666545,2.068660804259814,-6956.0,0.8291950393998135,-1.2394657648599932,-2.494495515706255,6454.0,1.019035206414678,3.513530722120919,-0.4258347114464369,-502.0,-0.6744625583320669,-0.24862784688562556,0.4258347114464369,502.0,0.6744625583320651,0.24862784688562822,0.033088570347422186,0.013856325815630566,0.022563829734136842,0.01506778613598403,-0.036950048127518786,-0.08359196367486099,-0.05224502351103699,100.0,100 troy oz,132069.9951171875,45884550123.583984,9042964635.668945,36841585487.91504,-918678886.0351562,-3032987437.866211,15507658826.660156,56320324927.75879,-40812666101.09863,852379748.4863281,2284546775.5371094,68741904178.51562,72712984791.69922,-3971080613.1835938,-66299137.548828125,-748440662.3291016,7373335757.397461,3402255144.213867,3971080613.1835938,66299137.548828125,748440662.3291016
2016-08-02,GOLD - COMMODITY EXCHANGE INC.,582211,365801,71618,294183,50.52858843271597,62.82962705960554,12.301038626889564,48048,8.252678152765922,113911,437938,-324027,-55.65456509753337,19.56524352854893,75.2198086260823,527760,557604,-29844,-5.125976664817395,90.64754874092039,95.77352540573779,54451,24607,29844,5.125976664817395,9.352451259079613,4.226474594262218,1364.4000244140625,2016-08-08,2016-08-08,1333.4000244140625,-0.022720609385295853,2016-08-09,2016-08-09,1339.0,-0.01861625913189968,2016-08-10,2016-08-10,1344.300048828125,-0.01473173206264733,2016-08-11,2016-08-11,1342.5,-0.016051029040011433,2016-08-12,2016-08-12,1335.800048828125,-0.02096157657151876,-0.022720609385295853,0.004199771623971893,0.003958214210698197,-0.0013390231070021796,-0.004990652641992499,0.001799928281175145,0.033088570347422186,2.126211301756875,15228.0,2.546627016227241,0.42041571447035686,-2.0349928075927934,-15004.0,-0.8086774361845102,1.2263153714082904,0.09121849416408256,224.0,0.33461766904254375,0.24339917487846208,-0.09121849416408256,-224.0,-0.3346176690425402,-0.24339917487845852,-0.01861625913189968,-0.010187645972838388,-0.017443600412090143,-0.038625089635878185,-0.05716798490493791,-0.1141894210204466,-0.06728235648306169,100.0,100 troy oz,136440.00244140625,49909889333.06885,9771560094.848633,40138329238.220215,2077708357.1777344,-2971663253.173828,15542017118.103027,59752261789.18457,-44210244671.08154,-2047145796.6308594,2207599239.501953,72007575688.47656,76079491121.33789,-4071915432.861328,30562560.546875,-764064013.671875,7429294572.937012,3357379140.0756836,4071915432.861328,-30562560.546875,764064013.671875
2016-08-09,GOLD - COMMODITY EXCHANGE INC.,575399,356471,70024,286447,49.78232496059256,61.95196724359966,12.169642283007095,50020,8.693098180566876,116251,429192,-312941,-54.386782041678906,20.203545713496197,74.5903277551751,522742,549236,-26494,-4.604457081086342,90.84861113766274,95.45306821874908,52657,26163,26494,4.604457081086342,9.151388862337265,4.546931781250923,1339.0,2016-08-15,2016-08-15,1340.300048828125,0.000970910252520607,2016-08-16,2016-08-16,1350.5,0.008588498879761097,2016-08-17,2016-08-17,1342.699951171875,0.0027632196952016574,2016-08-18,2016-08-18,1351.199951171875,0.009111240606329396,2016-08-19,2016-08-19,1340.4000244140625,0.0010455746184185877,0.000970910252520607,0.007610199806224793,-0.0057756748079415,0.006330528270729108,-0.007992841287809305,7.459194381498335e-05,-0.01861625913189968,-0.7462634721234096,-7736.0,-0.877659816005881,-0.13139634388246968,1.2677830558544656,11086.0,0.6383021849472676,-0.6294808709072015,0.5215195837310524,3350.0,0.20106239674235837,-0.32045718698870473,-0.5215195837310524,-3350.0,-0.20106239674234772,0.3204571869887056,0.008588498879761097,0.001194903350214771,-0.020388385980675827,0.007767008524318442,-0.048991766681058646,-0.0782674001703697,-0.06168780850331401,100.0,100 troy oz,133900.0,47731466900.0,9376213600.0,38355253300.0,-1035850400.0,-1475042400.0,15566008900.0,57468808800.0,-41902799900.0,1484415400.0,1675222900.0,69995153800.0,73542700400.0,-3547546600.0,448565000.0,200180500.0,7050772300.0,3503225700.0,3547546600.0,-448565000.0,-200180500.0
2016-08-16,GOLD - COMMODITY EXCHANGE INC.,572496,351535,67684,283851,49.58130711830301,61.403922472820774,11.822615354517762,52308,9.136832397082252,116128,427121,-310993,-54.32230094184064,20.284508538050922,74.60680947989157,519971,547113,-27142,-4.740993823537631,90.82526340795394,95.56625723149156,52525,25383,27142,4.740993823537631,9.174736592046058,4.433742768508426,1350.5,2016-08-22,2016-08-22,1337.699951171875,-0.009478007277397227,2016-08-23,2016-08-23,1340.5999755859375,-0.007330636367317678,2016-08-24,2016-08-24,1324.4000244140625,-0.019326157412763778,2016-08-25,2016-08-25,1320.0999755859375,-0.022510199492086214,2016-08-26,2016-08-26,1321.5,-0.021473528322843438,-0.009478007277397227,0.002167918456991824,-0.012084105226687347,-0.003246790055011828,0.0010605442314632896,-0.012110302581444521,0.008588498879761097,-0.2010178422895521,-2596.0,-0.5480447707788869,-0.34702692848933303,0.06448109983826811,1948.0,0.08096282455472448,0.01648172471647058,-0.13653674245128933,-648.0,-0.023347729708802945,0.11318901274248105,0.13653674245128933,648.0,0.023347729708792286,-0.11318901274249704,-0.007330636367317678,-0.02873013611856723,-0.0008144950654850325,-0.023324694557571246,-0.09366901147723061,-0.0937430400488245,-0.056867862886430975,100.0,100 troy oz,135050.0,47474801750.0,9140724200.0,38334077550.0,-350589800.0,-278203000.0,15683086400.0,57682691050.0,-41999604650.0,263077400.0,605564200.0,70222083550.0,73887610650.0,-3665527100.0,-87512400.0,327361200.0,7093501250.0,3427974150.0,3665527100.0,87512400.0,-327361200.0
2016-08-23,GOLD - COMMODITY EXCHANGE INC.,572973,359785,65176,294609,51.417606065207266,62.7926621324216,11.375056067214336,52821,9.218758999115142,108571,426046,-317475,-55.408370027907075,18.948711370343805,74.35708139825088,521177,544043,-22866,-3.990763962699813,90.96013250188054,94.95089646458035,51796,28930,22866,3.990763962699813,9.039867498119458,5.049103535419644,1340.5999755859375,2016-08-29,2016-08-29,1322.9000244140625,-0.01320300723125023,2016-08-30,2016-08-30,1311.699951171875,-0.02155753016587303,2016-08-31,2016-08-31,1306.9000244140625,-0.02513796194658713,2016-09-01,2016-09-01,1312.199951171875,-0.02118456283101877,2016-09-02,2016-09-02,1322.0999755859375,-0.013799791389608407,-0.01320300723125023,-0.008466303602306047,-0.003659317630929415,0.004055342152272656,0.007544600504840071,-0.0006047689268728895,-0.007330636367317678,1.8362989469042574,10758.0,1.388739659600823,-0.44755928730342553,-1.0860690860664377,-6482.0,-1.335797167707117,-0.24972808164068283,0.7502298608378184,4276.0,0.1348690939265964,-0.6153607669112091,-0.7502298608378184,-4276.0,-0.13486909392659996,0.615360766911218,-0.02155753016587303,0.006564261516026626,-0.016112170654409286,-0.02006566082645589,-0.09667311498293374,-0.07690584623565688,-0.04139937416882511,100.0,100 troy oz,134059.99755859375,48232776221.61865,8737494400.878906,39495281820.739746,1442217453.7353516,2098575201.7822266,14555027994.934082,57115725719.84863,-42560697724.91455,-868976904.1748047,-1133075099.3652344,69868987347.59521,72934403251.77002,-3065415904.1748047,573240549.5605469,965500102.4169922,6943771633.544922,3878355729.370117,3065415904.1748047,-573240549.5605469,-965500102.4169922
2016-08-30,GOLD - COMMODITY EXCHANGE INC.,558398,340586,64245,276341,49.488178682588405,60.9934133001909,11.505234617602499,54292,9.722814193460579,109854,411067,-301213,-53.94234936371549,19.673064731607205,73.61541409532269,504732,529604,-24872,-4.454170681127081,90.38929222525869,94.84346290638577,53666,28794,24872,4.454170681127081,9.610707774741313,5.156537093614232,1311.699951171875,2016-09-05,2016-09-06,1349.4000244140625,0.02874138495507772,2016-09-06,2016-09-06,1349.4000244140625,0.02874138495507772,2016-09-07,2016-09-07,1344.300048828125,0.02485331925729284,2016-09-08,2016-09-08,1336.800048828125,0.019135548212703357,2016-09-09,2016-09-09,1330.0999755859375,0.014027616908595553,0.02874138495507772,0.0,-0.0037794393757715206,-0.00557911160275415,-0.005012023487028561,-0.014302688957268606,-0.02155753016587303,-1.9294273826188615,-18268.0,-1.7992488322306954,0.1301785503881625,1.466020664191582,16262.0,0.7243533612634003,-0.7416673029281924,-0.4634067184272683,-2006.0,-0.5708402766218512,-0.107433558194586,0.4634067184272683,2006.0,0.5708402766218548,0.10743355819458777,0.02874138495507772,0.005565334375138953,0.001524738945223758,0.010825702348697286,-0.09438128487174935,-0.045056017218829236,0.0010673358741926098,100.0,100 troy oz,131169.9951171875,44674663956.98242,8427016336.303711,36247647620.67871,-2396213470.8007812,-2340335052.8808594,14409548643.603516,53919656382.836914,-39510107739.2334,2133086460.5957031,2992512268.6035156,66205693975.48828,69468154094.04297,-3262460118.5546875,-263127010.20507812,652177215.7226562,7039368957.958984,3776908839.404297,3262460118.5546875,263127010.20507812,-652177215.7226562
2016-09-06,GOLD - COMMODITY EXCHANGE INC.,590656,370375,62515,307860,52.12170874417596,62.70570348900206,10.583994744826091,55872,9.459313034998376,110470,440443,-329973,-55.86551224401344,18.702933687290063,74.5684459313035,536717,558830,-22113,-3.743803499837469,90.86795021129049,94.61175371112796,53939,31826,22113,3.743803499837469,9.132049788709502,5.388246288872034,1349.4000244140625,2016-09-12,2016-09-12,1321.0,-0.021046408700336583,2016-09-13,2016-09-13,1319.0,-0.02252854888398481,2016-09-14,2016-09-14,1321.5,-0.02067587365442447,2016-09-15,2016-09-15,1313.5,-0.026604434389017495,2016-09-16,2016-09-16,1305.800048828125,-0.032310637911000084,-0.021046408700336583,-0.0015140045420136694,0.0018953752843062777,-0.006053726825577033,-0.005862163054339509,-0.011506397556302006,0.02874138495507772,2.6335300615875568,31519.0,1.71229018881116,-0.9212398727764075,-1.9231628802979444,-28760.0,-0.9701310443171423,0.9530318359808092,0.7103671812896124,2759.0,0.47865798603180565,-0.23170919525780675,-0.7103671812896124,-2759.0,-0.478657986031811,0.23170919525780231,-0.02252854888398481,-0.026456256555715707,-0.01741514715786685,-0.06158290653805287,-0.13472657887868822,-0.09952574951704252,-0.007558969214200628,100.0,100 troy oz,134940.00244140625,49978403404.23584,8435774252.624512,41542629151.61133,4253173936.9506836,2889470272.277832,14906822069.702148,59433379495.30029,-44526557425.598145,-3880874470.2148438,-2298298121.5820312,72424593290.34424,75408521564.33105,-2983928273.9868164,372299466.73583984,591172150.6958008,7278528791.687012,4294600517.7001953,2983928273.9868164,-372299466.73583984,-591172150.6958008
2016-09-13,GOLD - COMMODITY EXCHANGE INC.,575002,351776,66363,285413,49.636870828275384,61.178221988793084,11.541351160517703,52492,9.129011725176609,116841,428212,-311371,-54.15128990855684,20.32010323442353,74.47139314298038,521109,547067,-25958,-4.51441908028146,90.62733694839322,95.14175602867468,53893,27935,25958,4.51441908028146,9.372663051606779,4.858243971325317,1319.0,2016-09-19,2016-09-19,1313.5,-0.004169825625473855,2016-09-20,2016-09-20,1313.699951171875,-0.004018232621777917,2016-09-21,2016-09-21,1326.9000244140625,0.005989404407932053,2016-09-22,2016-09-22,1340.4000244140625,0.01622443094318604,2016-09-23,2016-09-23,1337.199951171875,0.013798295050701181,-0.004169825625473855,0.00015222776693946116,0.010048012280439389,0.010174089796977315,-0.0023874016591325375,0.018043358334126403,-0.02252854888398481,-2.4848379159005773,-22447.0,-1.527481500208978,0.9573564156916117,1.714222335456597,18602.0,1.617169547133468,-0.09705278832312558,-0.7706155804439909,-3845.0,-0.24061326289726992,0.5300023175467174,0.7706155804439909,3845.0,0.24061326289727702,-0.5300023175467174,-0.004018232621777917,0.005231254294209675,-0.0399544739741281,-0.05003790750568615,-0.123047800476213,-0.0887793598073825,0.006823351023502733,100.0,100 troy oz,131900.0,46399254400.0,8753279700.0,37645974700.0,-2960759300.0,206027800.0,15411327900.0,56481162800.0,-41069834900.0,2453603800.0,-49858200.0,68734277100.0,72158137300.0,-3423860200.0,-507155500.0,156169600.0,7108486700.0,3684626500.0,3423860200.0,507155500.0,-156169600.0
2016-09-20,GOLD - COMMODITY EXCHANGE INC.,558791,326326,70147,256179,45.84522656950452,58.398578359350815,12.553351789846293,50995,9.125952279116879,120314,410929,-290615,-52.00781687607711,21.531127022446675,73.53894389852378,497635,532071,-34436,-6.162590306572582,89.05565766091436,95.21824796748695,61156,26720,34436,6.162590306572582,10.944342339085633,4.781752032513051,1313.699951171875,2016-09-26,2016-09-26,1339.699951171875,0.0197914295245325,2016-09-27,2016-09-27,1325.9000244140625,0.0092868034525726,2016-09-28,2016-09-28,1319.4000244140625,0.004338946071439587,2016-09-29,2016-09-29,1321.699951171875,0.0060896706229331965,2016-09-30,2016-09-30,1313.300048828125,-0.00030440919434704394,0.0197914295245325,-0.010300759319832209,-0.0049023304022280945,0.0017431610696185817,-0.006355377660642536,-0.01970583213103594,-0.004018232621777917,-3.791644258770866,-29234.0,-2.779643629442269,1.0120006293285897,2.143473032479733,20756.0,1.2110237880231445,-0.9324492444565919,-1.6481712262911223,-8478.0,-1.571679287478858,0.07649193881226779,1.6481712262911223,8478.0,1.5716792874788545,-0.07649193881226601,0.0092868034525726,-0.03608122410407899,-0.04620533868310506,-0.04026787265734544,-0.1386922112689013,-0.05145769817958468,-0.005709066208999802,100.0,100 troy oz,131369.9951171875,42869445026.61133,9215211047.485352,33654233979.125977,-3840470437.2558594,-5048548912.353516,15805649592.529297,53983740723.51074,-38178091130.981445,2726715618.6523438,3528598068.8476562,65374307520.1416,69898164671.99707,-4523857151.855469,-1113754818.6035156,-1519950843.5058594,8034063421.386719,3510206269.53125,4523857151.855469,1113754818.6035156,1519950843.5058594
2016-09-27,GOLD - COMMODITY EXCHANGE INC.,583161,358972,67068,291904,50.05547353132326,61.55624261567561,11.50076908435235,47925,8.218142159712325,123156,437750,-314594,-53.94633728935921,21.118696209108634,75.06503349846784,530053,552743,-22690,-3.890863758035946,90.89308098449656,94.78394474253251,53108,30418,22690,3.890863758035946,9.106919015503436,5.216055257467492,1325.9000244140625,2016-10-03,2016-10-03,1309.0,-0.012746077458993144,2016-10-04,2016-10-04,1266.300048828125,-0.04495058035184496,2016-10-05,2016-10-05,1265.199951171875,-0.04578027914963789,2016-10-06,2016-10-06,1249.800048828125,-0.05739495752673163,2016-10-07,2016-10-07,1248.9000244140625,-0.058073760149470965,-0.012746077458993144,-0.03262028355376245,-0.000868749596328322,-0.012171911901740162,-0.0007201347246756917,-0.04591289196786674,0.0092868034525726,4.21024696181874,35725.0,3.157664256324793,-1.0525827054939434,-1.9385204132820988,-23979.0,-0.412430813338041,1.5260895999440578,2.2717265485366362,11746.0,1.8374233235822004,-0.43430322495443363,-2.2717265485366362,-11746.0,-1.8374233235821968,0.43430322495444074,-0.04495058035184496,-0.05498153938588113,-0.04909870607680722,-0.040727052572356315,-0.14224298371914046,-0.05324683180176937,-0.021796533586183386,100.0,100 troy oz,132590.00244140625,47596098356.396484,8892546283.740234,38703552072.65625,4736777837.219238,2063498207.9956055,16329254340.673828,58041273568.725586,-41712019228.05176,-3179375668.5424805,-1774186822.668457,70279728564.0747,73288195719.47021,-3008467155.395508,1557402168.6767578,289311385.32714844,7041589849.658203,4033122694.2626953,3008467155.395508,-1557402168.6767578,-289311385.32714844
2016-10-04,GOLD - COMMODITY EXCHANGE INC.,544824,324136,78628,245508,45.061891546627905,59.493708059850526,14.43181651322262,53866,9.886862546437014,111864,383106,-271242,-49.785251751024184,20.532135148231355,70.31738689925554,489866,515600,-25734,-4.723360204396282,89.9127057545189,94.63606595891517,54958,29224,25734,4.723360204396282,10.08729424548111,5.3639340410848275,1266.300048828125,2016-10-10,2016-10-11,1253.0,-0.010503078508472985,2016-10-11,2016-10-11,1253.0,-0.010503078508472985,2016-10-12,2016-10-12,1251.0999755859375,-0.01200353206671212,2016-10-13,2016-10-13,1255.0,-0.008923674004895132,2016-10-14,2016-10-14,1253.0999755859375,-0.010424127563134267,-0.010503078508472985,0.0,-0.001516380218725022,0.003117276388912016,-0.0015139636765437725,7.97889752095493e-05,-0.04495058035184496,-4.9935819846953535,-46396.0,-2.0625345558250814,2.9310474288702704,4.161085538335023,43352.0,-0.5865610608772798,-4.7476465992123025,-0.8324964463603357,-3044.0,-0.9803752299776676,-0.14787878361734386,0.8324964463603357,3044.0,0.9803752299776729,0.14787878361733586,-0.010503078508472985,-0.004343362384839122,0.004422313330177952,0.015872995981117244,-0.08362948774428758,-0.008923674004895132,0.0041064131496222345,100.0,100 troy oz,126630.0048828125,41045343262.69531,9956664023.925781,31088679238.76953,-5875125706.542969,-7895634064.453125,14165338866.210938,48512714650.634766,-34347375784.42383,5489663971.6796875,7437106816.772461,62031733971.92383,65290430517.578125,-3258696545.654297,-385461734.86328125,-458527247.68066406,6959331808.349609,3700635262.6953125,3258696545.654297,385461734.86328125,458527247.68066406
2016-10-11,GOLD - COMMODITY EXCHANGE INC.,500328,283386,88167,195219,39.01820405813786,56.640044131050026,17.62184007291217,50883,10.169928526886363,112362,333561,-221199,-44.21079771669785,22.45766776994292,66.66846548664076,446631,472611,-25980,-5.192593658559985,89.26764042787931,94.4602340864393,53697,27717,25980,5.192593658559985,10.73235957212069,5.5397659135607045,1253.0,2016-10-17,2016-10-17,1254.4000244140625,0.0011173379202413791,2016-10-18,2016-10-18,1260.800048828125,0.006225098825319186,2016-10-19,2016-10-19,1267.9000244140625,0.011891479979299735,2016-10-20,2016-10-20,1265.5999755859375,0.010055846437300398,2016-10-21,2016-10-21,1265.9000244140625,0.010295310785365164,0.0011173379202413791,0.0051020601797675535,0.005631325595630177,-0.0018140616640400786,0.00023708030492497478,0.0091677294134076,-0.010503078508472985,-6.043687488490043,-50289.0,-2.8536639288005006,3.1900235596895516,5.574454034326337,50043.0,1.9255326217115645,-3.648921412614783,-0.4692334541637031,-246.0,-0.6450653266395818,-0.17583187247586807,0.4692334541637031,246.0,0.64506532663958,0.17583187247587695,0.006225098825319186,0.015083818367168877,0.026656045023194297,0.016280945262619806,-0.054908259240323276,0.014525100695830018,0.030007961361482538,100.0,100 troy oz,125300.0,35508265800.0,11047325100.0,24460940700.0,-6301211700.0,-11301308200.0,14078958600.0,41795193300.0,-27716234700.0,6270387900.0,11298551600.0,55962864300.0,59218158300.0,-3255294000.0,-30823800.0,-2756600.0,6728234100.0,3472940100.0,3255294000.0,30823800.0,2756600.0
2016-10-18,GOLD - COMMODITY EXCHANGE INC.,497061,274345,94727,179618,36.13600745180169,55.19342696369258,19.057419511890895,56255,11.317524408473004,115441,318112,-202671,-40.77386880081117,23.224714874029544,63.99858367484072,446041,469094,-23053,-4.637861349009477,89.73566624619514,94.3735275952046,51020,27967,23053,4.637861349009477,10.264333753804864,5.626472404795387,1260.800048828125,2016-10-24,2016-10-24,1262.0,0.000951737884996362,2016-10-25,2016-10-25,1271.9000244140625,0.00880391430524985,2016-10-26,2016-10-26,1264.800048828125,0.0031725887096196725,2016-10-27,2016-10-27,1267.9000244140625,0.005631325595630177,2016-10-28,2016-10-28,1275.5,0.011659224779962729,0.000951737884996362,0.007844710312252312,-0.005582180556375382,0.0024509609948304423,0.005994144206637797,0.010697305863708317,0.006225098825319186,-2.882196606336173,-15601.0,-1.446617167357445,1.4355794389787242,3.436928915886675,18528.0,0.7670471040866254,-2.669881811800039,0.5547323095505075,2927.0,0.468025818315823,-0.08670649123469332,-0.5547323095505075,-2927.0,-0.4680258183158248,0.08670649123468266,0.00880391430524985,0.020304548377620968,0.009993635071357199,-0.029187854856390194,-0.0387056209852491,0.024508170326032586,0.017607828610499476,100.0,100 troy oz,126080.0048828125,34589418939.575195,11943180622.53418,22646238317.041016,-1966974156.1767578,-9652811253.833008,14554801843.676758,40107562513.28125,-25552760669.604492,2336010330.46875,11087979949.414062,56236851457.93457,59143373810.49805,-2906522352.5634766,369036174.2919922,1435168695.5810547,6432601849.121094,3526079496.557617,2906522352.5634766,-369036174.2919922,-1435168695.5810547
2016-10-25,GOLD - COMMODITY EXCHANGE INC.,507617,285376,88396,196980,38.80484696139018,56.21876335898916,17.413916397598978,57916,11.4093893624524,114700,332299,-217599,-42.866767661445536,22.59577594919004,65.46254361063558,457992,478611,-20619,-4.0619207000553565,90.22392867063161,94.28584937068696,49625,29006,20619,4.0619207000553565,9.776071329368403,5.714150629313045,1271.9000244140625,2016-10-31,2016-10-31,1271.5,-0.0003145093217894468,2016-11-01,2016-11-01,1286.4000244140625,0.0114002670977853,2016-11-02,2016-11-02,1306.800048828125,0.02743928276134766,2016-11-03,2016-11-03,1302.0999755859375,0.02374396618616892,2016-11-04,2016-11-04,1303.300048828125,0.02468749415153737,-0.0003145093217894468,0.011718461985106066,0.015858227632850497,-0.003596627690978682,0.0009216444702315751,0.025009869310361754,0.00880391430524985,2.6688395095884943,17362.0,1.025336395296577,-1.6435031142919172,-2.0928988606343637,-14928.0,-0.6289389248395061,1.4639599357948612,0.5759406489541208,2434.0,0.4882624244364706,-0.08767822451764573,-0.5759406489541208,-2434.0,-0.48826242443646173,0.08767822451765817,0.0114002670977853,0.0011793379756328548,-0.037660211883500105,-0.04788114100565244,-0.0484314603377064,-0.004953257887566509,0.002437279288020733,100.0,100 troy oz,127190.00244140625,36296974136.71875,11243087455.810547,25053886680.908203,2208272822.3876953,-12073383791.748047,14588693280.029297,42265110621.276855,-27676417341.24756,-1898692356.4453125,12336794286.8042,58252003598.14453,60874534258.48389,-2622530660.3393555,309580465.9423828,263410495.05615234,6311803871.154785,3689273210.8154297,2622530660.3393555,-309580465.9423828,-263410495.05615234
2016-11-01,GOLD - COMMODITY EXCHANGE INC.,521506,288308,73177,215131,41.25187437920177,55.2837359493467,14.031861570144926,65953,12.646642608138736,115398,354649,-239251,-45.876941013142705,22.127837455369644,68.00477846851236,469659,493779,-24120,-4.625066633940932,90.05821601285507,94.683282646796,51847,27727,24120,4.625066633940932,9.941783987144923,5.316717353203989,1286.4000244140625,2016-11-07,2016-11-07,1278.300048828125,-0.006296622692950393,2016-11-08,2016-11-08,1273.4000244140625,-0.010105721201242424,2016-11-09,2016-11-09,1272.5999755859375,-0.010727649693889507,2016-11-10,2016-11-10,1265.5,-0.016246909217513594,2016-11-11,2016-11-14,1221.199951171875,-0.05068413557585649,-0.006296622692950393,-0.00383323494241794,-0.0006282776918377087,-0.005579110264141374,-0.03500596509531806,-0.044668775307171615,0.0114002670977853,2.44702741781159,18151.0,-0.9350274096424585,-3.382054827454052,-3.010173351697169,-21652.0,-0.46793849382039454,2.542234857876778,-0.5631459338855755,-3501.0,-0.1657126577765382,0.3974332761090409,0.5631459338855755,3501.0,0.16571265777652044,-0.397433276109056,-0.010105721201242424,-0.0485074807445568,-0.05861320194579922,-0.07657027217864476,-0.06047889253077543,-0.024331505157100475,-0.01508086446352408,100.0,100 troy oz,128640.00244140625,37087941823.87695,9413489458.654785,27674452365.222168,2334944684.313965,-3907697354.1625977,14844799001.733398,45622048225.842285,-30777249224.108887,-2785313332.861328,4115322318.1030273,60416934906.62842,63519731765.51514,-3102796858.8867188,-450368648.5473633,207624963.9404297,6669598206.57959,3566801347.692871,3102796858.8867188,450368648.5473633,-207624963.9404297
2016-11-08,GOLD - COMMODITY EXCHANGE INC.,528203,289860,72622,217238,41.127748233160354,54.876628871854194,13.748880638693835,72413,13.709312518103836,114915,360501,-245586,-46.49462422591314,21.75584008421005,68.25046431012319,477188,505536,-28348,-5.366875992752786,90.34178147416807,95.70865746692087,51015,22667,28348,5.366875992752786,9.658218525831924,4.2913425330791375,1273.4000244140625,2016-11-14,2016-11-14,1221.199951171875,-0.04099267491863501,2016-11-15,2016-11-15,1224.0,-0.03879379885891965,2016-11-16,2016-11-16,1223.4000244140625,-0.03926495919693951,2016-11-17,2016-11-17,1216.5,-0.044683542738460535,2016-11-18,2016-11-18,1208.5,-0.05096593620997092,-0.04099267491863501,0.0022928668032111688,-0.000490176132301845,-0.005640039460819257,-0.006576243321002928,-0.010399567376077945,-0.010105721201242424,-0.12412614604141936,2107.0,-0.40710707749250474,-0.2829809314510907,-0.6176832127704373,-6335.0,-0.3719973711595941,0.24568584161083606,-0.741809358811854,-4228.0,0.2835654613130032,1.025374820124867,0.741809358811854,4228.0,-0.28356546131299964,-1.0253748201248518,-0.03879379885891965,-0.04900268825012388,-0.06714308022676663,-0.0830846920054108,-0.030783785527430663,-0.04641116259843925,0.0002355322381515368,100.0,100 troy oz,127340.00244140625,36910773107.666016,9247685657.299805,27663087450.36621,268305385.14404297,2803899513.757324,14633276380.5542,45906198220.129395,-31272921839.575195,-806698915.4663086,-3105440639.538574,60765121085.009766,64374955474.21875,-3609834389.2089844,-538393530.3222656,-301541125.78125,6496250224.54834,2886415835.3393555,3609834389.2089844,538393530.3222656,301541125.78125
2016-11-15,GOLD - COMMODITY EXCHANGE INC.,479237,245750,68090,177660,37.071428124289234,51.279429593291006,14.208001469001768,69056,14.409571881970715,115191,315157,-199966,-41.72591014466746,24.03633275394012,65.76224289860758,429997,452303,-22306,-4.654482020378226,89.72533422920183,94.37981624958006,49240,26934,22306,4.654482020378226,10.274665770798165,5.620183750419939,1224.0,2016-11-21,2016-11-21,1209.5999755859375,-0.011764725828482425,2016-11-22,2016-11-22,1211.0,-0.0106209150326797,2016-11-23,2016-11-23,1189.0999755859375,-0.028513091841554372,2016-11-24,2016-11-25,1178.199951171875,-0.0374183405458538,2016-11-25,2016-11-25,1178.199951171875,-0.0374183405458538,-0.011764725828482425,0.0011574276143517803,-0.018084248071067344,-0.0091666173054048,0.0,-0.025959015416524123,-0.03879379885891965,-4.05632010887112,-39578.0,-3.5971992785631883,0.45912083030793305,4.768714081245683,45620.0,2.2804926697300694,-2.4882214115156103,0.71239397237456,6042.0,-0.6164472449662384,-1.328841217340809,-0.71239397237456,-6042.0,0.6164472449662419,1.328841217340801,-0.0106209150326797,-0.029493444106158062,-0.04607845131867849,-0.05498370002297792,-8.167940027570264e-05,0.008986928104575131,0.04697712418300659,100.0,100 troy oz,122400.0,30079800000.0,8334216000.0,21745584000.0,-4844347200.0,-239659200.0,14099378400.0,38575216800.0,-24475838400.0,5583888000.0,331092000.0,52631632800.0,55361887200.0,-2730254400.0,739540800.0,91432800.0,6026976000.0,3296721600.0,2730254400.0,-739540800.0,-91432800.0
2016-11-22,GOLD - COMMODITY EXCHANGE INC.,461062,241646,74561,167085,36.23916089376266,52.41073868590341,16.171577792140752,68746,14.910359127405858,97975,290147,-192172,-41.680294624150335,21.24985359886523,62.93014822301556,408367,433454,-25087,-5.44113373038767,88.57095141217451,94.01208514256217,52695,27608,25087,5.44113373038767,11.429048587825498,5.987914857437828,1211.0,2016-11-28,2016-11-28,1190.5999755859375,-0.016845602323750986,2016-11-29,2016-11-29,1187.9000244140625,-0.019075124348420736,2016-11-30,2016-11-30,1170.800048828125,-0.03319566570757637,2016-12-01,2016-12-01,1166.9000244140625,-0.03641616481084842,2016-12-02,2016-12-02,1175.0999755859375,-0.029644941712685835,-0.016845602323750986,-0.002267723187669546,-0.014395130258855082,-0.0033310764019578443,0.007027124004040042,-0.013018646327765837,-0.0106209150326797,-0.8322672305265755,-10575.0,1.1313090926124048,1.9635763231389838,0.04561552051712425,7794.0,-2.7864791550748897,-2.8320946755920247,-0.7866517100094441,-2781.0,-1.1543828170273258,-0.3677311070178888,0.7866517100094441,2781.0,1.154382817027333,0.3677311070178897,-0.019075124348420736,-0.03583817044926718,-0.04483901637334842,-0.0656482246077622,0.021882741535920625,0.03616849614213469,0.05788602443099711,100.0,100 troy oz,121100.0,29263330600.0,9029337100.0,20233993500.0,-1280632500.0,-3620284500.0,11864772500.0,35136801700.0,-23272029200.0,943853400.0,3079209700.0,49453243700.0,52491279400.0,-3038035700.0,-336779100.0,-541074800.0,6381364500.0,3343328800.0,3038035700.0,336779100.0,541074800.0
2016-11-29,GOLD - COMMODITY EXCHANGE INC.,405661,229731,78161,151570,37.36371009291009,56.631275868274244,19.267565775364158,37735,9.302102001424835,92628,260451,-167823,-41.370257431697894,22.833844022471965,64.20410145416986,360094,376347,-16253,-4.006547338787805,88.76722189217105,92.77376923095886,45567,29314,16253,4.006547338787805,11.23277810782895,7.226230769041145,1187.9000244140625,2016-12-05,2016-12-05,1174.0,-0.011701341971870671,2016-12-06,2016-12-06,1167.5999755859375,-0.01708902130727552,2016-12-07,2016-12-07,1175.0,-0.01085952028700854,2016-12-08,2016-12-08,1169.800048828125,-0.015236951943717103,2016-12-09,2016-12-09,1159.4000244140625,-0.02399191801857048,-0.011701341971870671,-0.005451468836509821,0.00633780795545924,-0.004425490359042605,-0.008890429116053644,-0.012436095047646978,-0.019075124348420736,1.124549199147431,-15515.0,4.220537182370833,3.095987983223406,0.310037192452441,24349.0,1.5839904236067355,1.2739532311543016,1.434586391599865,8834.0,0.19627047999654224,-1.2383159116033085,-1.434586391599865,-8834.0,-0.19627047999654756,1.2383159116033164,-0.01708902130727552,-0.026264898224559796,-0.047478763578510774,-0.04259615670173611,0.0544658219060048,0.06246312791219477,0.08990649428641273,100.0,100 troy oz,118790.00244140625,27289746050.8667,9284745380.822754,18005000670.043945,-1843026887.878418,-7550411345.178223,11003280346.142578,30938974925.8667,-19935694579.72412,2892417769.445801,8484932294.384766,42775567139.13574,44706261048.81592,-1930693909.6801758,1049390881.5673828,934520949.206543,5412904041.247559,3482210131.567383,1930693909.6801758,-1049390881.5673828,-934520949.206543
2016-12-06,GOLD - COMMODITY EXCHANGE INC.,393524,227675,91295,136380,34.65608196704648,57.855429402018686,23.1993474349722,33973,8.633018570658969,86237,241181,-154944,-39.37345625679755,21.914038279749136,61.287494536546696,347885,366449,-18564,-4.71737428975107,88.4024862524268,93.11986054217786,45639,27075,18564,4.71737428975107,11.59751374757321,6.88013945782214,1167.5999755859375,2016-12-12,2016-12-12,1163.5,-0.0035114556968708355,2016-12-13,2016-12-13,1156.699951171875,-0.00933540993660309,2016-12-14,2016-12-14,1161.300048828125,-0.005395620837223003,2016-12-15,2016-12-15,1127.800048828125,-0.03408695408531481,2016-12-16,2016-12-16,1135.300048828125,-0.02766352126857785,-0.0035114556968708355,-0.0058444768613020726,0.003976915233366851,-0.02884698061780422,0.0066501149807478566,-0.024237173332079975,-0.01708902130727552,-2.7076281258636072,-15190.0,1.2241535337444418,3.931781659608042,1.996801174900341,12879.0,-0.9198057427228292,-2.916606917623163,-0.7108269509632645,-2311.0,-0.3647356397442536,0.3460913112189985,0.7108269509632645,2311.0,0.36473563974425893,-0.3460913112190047,-0.00933540993660309,-0.030918102381615298,-0.02595060585078124,-0.006166453684843476,0.04068174117266743,0.10859887930752388,0.08050702463643677,100.0,100 troy oz,116759.99755859375,26583332444.152832,10659603977.111816,15923728467.041016,-1773584362.915039,-9440979882.592773,10069031909.46045,28160292971.1792,-18091261061.71875,1503752008.557129,10583359698.706055,40619051750.67139,42786584345.34912,-2167532594.6777344,-269832354.35791016,1142379816.1132812,5328809528.57666,3161276933.898926,2167532594.6777344,269832354.35791016,-1142379816.1132812
2016-12-13,GOLD - COMMODITY EXCHANGE INC.,397034,229755,100444,129311,32.569250996136354,57.867840033851,25.298589037714653,35044,8.826448112756086,86143,236029,-149886,-37.75142682994404,21.696630515270733,59.448057345214764,350942,371517,-20575,-5.182175833807684,88.39091866187783,93.57309449568551,46092,25517,20575,5.182175833807684,11.609081338122177,6.426905504314492,1156.699951171875,2016-12-19,2016-12-19,1140.5,-0.014005318453988447,2016-12-20,2016-12-20,1131.5,-0.021786074380261256,2016-12-21,2016-12-21,1131.0999755859375,-0.02213190686141353,2016-12-22,2016-12-22,1128.800048828125,-0.02412025894484049,2016-12-23,2016-12-23,1131.9000244140625,-0.02144024189910898,-0.014005318453988447,-0.007891275756247262,-0.0003535346125165262,-0.0020333540866899202,0.002746257487458381,-0.00754053098284746,-0.00933540993660309,-2.0868309709101283,-7069.0,0.012410631832317165,2.0992416027424525,1.6220294268535156,5058.0,-0.21740776447840204,-1.8394371913319318,-0.46480154405661445,-2011.0,-0.011567590548963835,0.45323395350764883,0.46480154405661445,2011.0,0.011567590548967388,-0.45323395350764795,-0.021786074380261256,-0.016771767236694046,0.0031988185340880992,0.02377453199694468,0.03907674863856814,0.09432013682175633,0.0707184682987596,100.0,100 troy oz,115669.9951171875,26575759728.149414,11618356989.550781,14957402738.598633,-817671195.4833984,-5592528593.920898,9964160389.379883,27301473277.51465,-17337312888.134766,585058835.3027344,5792753355.46875,40593459426.416016,42973369575.95215,-2379910149.536133,-232612360.18066406,200224761.54785156,5331461414.941406,2951551265.4052734,2379910149.536133,232612360.18066406,-200224761.54785156
2016-12-20,GOLD - COMMODITY EXCHANGE INC.,398661,219067,104233,114834,28.804924484712576,54.9506974597465,26.145772975033925,44342,11.122733349888753,87960,221982,-134022,-33.618036376771244,22.06385876722328,55.68189514399452,351369,370557,-19188,-4.813111892058666,88.13728957685854,92.95040146891719,47292,28104,19188,4.813111892058666,11.862710423141467,7.0495985310827995,1131.5,2016-12-26,2016-12-27,1137.300048828125,0.005125982172448085,2016-12-27,2016-12-27,1137.300048828125,0.005125982172448085,2016-12-28,2016-12-28,1139.4000244140625,0.006981904033638964,2016-12-29,2016-12-29,1156.4000244140625,0.022006208054849763,2016-12-30,2016-12-30,1150.0,0.016349977905435242,0.005125982172448085,0.0,0.0018464569557534727,0.014920133083850207,-0.005534438151975407,0.011166755145188834,-0.021786074380261256,-3.7643265114237785,-14477.0,-2.9171425741045027,0.8471839373192722,4.133390453172794,15864.0,0.3672282519525467,-3.766162201220247,0.369063941749018,1387.0,-0.2536290850192984,-0.6226930267683173,-0.369063941749018,-1387.0,0.2536290850192895,0.6226930267683075,0.005125982172448085,0.02554133841278161,0.04657529931230675,0.07114449845338044,0.101281463178027,0.09677419354838701,0.11418466740775512,100.0,100 troy oz,113150.0,24787431050.0,11793963950.0,12993467100.0,-1638072550.0,-5912200650.0,9952674000.0,25117263300.0,-15164589300.0,1795011600.0,6579672500.0,39757402350.0,41928524550.0,-2171122200.0,156939050.0,667471850.0,5351089800.0,3179967600.0,2171122200.0,-156939050.0,-667471850.0
2016-12-27,GOLD - COMMODITY EXCHANGE INC.,401513,206538,108195,98343,24.49310483097683,51.439928470560105,26.94682363958328,55836,13.90639904560998,89975,210942,-120967,-30.127791628166463,22.40898800287911,52.53677963104557,352349,374973,-22624,-5.63468679718963,87.75531551904919,93.39000231623884,49164,26540,22624,5.63468679718963,12.244684480950802,6.609997683761174,1137.300048828125,2017-01-02,2017-01-03,1160.4000244140625,0.020311241180143824,2017-01-03,2017-01-03,1160.4000244140625,0.020311241180143824,2017-01-04,2017-01-04,1163.800048828125,0.023300799140302253,2017-01-05,2017-01-05,1179.699951171875,0.037281192757741444,2017-01-06,2017-01-06,1171.9000244140625,0.0304229087315957,0.020311241180143824,0.0,0.0029300451073148714,0.013662056776643228,-0.006611788658687612,0.009910375523998205,0.005125982172448085,-4.311819653735746,-16491.0,-3.5107689891863956,0.8010506645493543,3.4902447486047805,13055.0,0.3451292356558291,-3.145115512948948,-0.821574905130964,-3436.0,-0.38197405780934446,0.4396008473216426,0.821574905130964,3436.0,0.3819740578093356,-0.43960084732162574,0.020311241180143824,0.041237932234396535,0.0656818323791033,0.06418710706573805,0.10375450183228896,0.09592892895621885,0.12907757008282483,100.0,100 troy oz,113730.0048828125,23489567748.48633,12305017878.295898,11184549870.19043,-1875521510.522461,-6053506969.897461,10232857189.331055,23990434689.990234,-13757577500.65918,1484745213.7451172,5328933108.7890625,40072653490.4541,42645681120.92285,-2573027630.46875,-390776296.77734375,-724573861.1083984,5591421960.058594,3018394329.5898438,2573027630.46875,390776296.77734375,724573861.1083984
2017-01-03,GOLD - COMMODITY EXCHANGE INC.,424673,208855,112305,96550,22.735139742813885,49.18019276007657,26.445053017262694,71021,16.723690933965663,97410,215022,-117612,-27.69472040840835,22.93764849660798,50.632368905016335,377286,398348,-21062,-4.959580665594469,88.84153219065021,93.80111285624469,47387,26325,21062,4.959580665594469,11.158467809349784,6.198887143755313,1160.4000244140625,2017-01-09,2017-01-09,1183.5,0.01990690718711563,2017-01-10,2017-01-10,1184.199951171875,0.020510105357702146,2017-01-11,2017-01-11,1195.5999755859375,0.03033432474258091,2017-01-12,2017-01-12,1198.9000244140625,0.03317821371077656,2017-01-13,2017-01-13,1195.300048828125,0.030075856325222805,0.01990690718711563,0.0005914247333123068,0.009626773251241172,0.002760161337831857,-0.003002732098280614,0.009970467957858054,0.020311241180143824,-1.757965088162944,-1793.0,-2.2597357104835325,-0.5017706223205849,2.433071219758112,3355.0,0.5286604937288715,-1.9044107260292336,0.675106131595161,1562.0,1.0862166716010222,0.41111054000585057,-0.675106131595161,-1562.0,-1.0862166716010186,-0.4111105400058612,0.020510105357702146,0.044467403050937104,0.043002433095655324,0.04153735794362223,0.08152358979284346,0.0495518776199908,0.13210955147576842,100.0,100 troy oz,116040.00244140625,24235534709.899902,13031872474.182129,11203662235.717773,-208059724.3774414,-4621873297.241211,11303456637.817383,24951153404.956055,-13647696767.138672,389314208.19091797,4332005371.142578,43780268361.1084,46224302892.5293,-2444034531.4208984,181254483.81347656,-289867926.0986328,5498787595.690918,3054753064.2700195,2444034531.4208984,-181254483.81347656,289867926.0986328
2017-01-10,GOLD - COMMODITY EXCHANGE INC.,444001,214000,104518,109482,24.658052571953668,48.19808964394225,23.540037071988575,89161,20.081261078240814,96763,222579,-125816,-28.33687311515064,21.793419384190578,50.13029249934122,399924,416258,-16334,-3.678820543196975,90.07277010637364,93.7515906495706,44077,27743,16334,3.678820543196975,9.927229893626366,6.248409350429391,1184.199951171875,2017-01-16,2017-01-17,1212.0,0.023475806429998913,2017-01-17,2017-01-17,1212.0,0.023475806429998913,2017-01-18,2017-01-18,1211.300048828125,0.022884731273153713,2017-01-19,2017-01-19,1200.9000244140625,0.014102410007415855,2017-01-20,2017-01-20,1204.300048828125,0.016973567374630516,0.023475806429998913,0.0,-0.0005775174685437312,-0.008585836700100824,0.0028312301981352483,-0.006353095026299549,0.020510105357702146,1.9229128291397828,12932.0,-0.9821031161343257,-2.905015945274119,-0.6421527067422907,-8204.0,-1.1442291124174027,-0.5020764056751119,1.2807601223974943,4728.0,1.2312379157234261,-0.04952220667408369,-1.2807601223974943,-4728.0,-1.2312379157234172,0.04952220667407836,0.023475806429998913,0.0220402792876504,0.02060464906278403,0.04222259927516503,0.07346732273878698,0.0248269089903006,0.10766762815167064,100.0,100 troy oz,118419.9951171875,25341878955.078125,12377021049.658203,12964857905.419922,1531407376.8554688,-2348150083.178711,11458673987.524414,26357804093.188477,-14899130105.664062,-971517639.9414062,2850369282.470703,47358998127.24609,49293270327.490234,-1934272200.2441406,559889736.9140625,502219199.2919922,5219598124.780273,3285325924.536133,1934272200.2441406,-559889736.9140625,-502219199.2919922
2017-01-17,GOLD - COMMODITY EXCHANGE INC.,467937,218144,111103,107041,22.875087885762397,46.61824134445449,23.743153458692092,104399,22.310481966589517,101399,224510,-123111,-26.309310868770797,21.66937002203288,47.97868089080367,423942,440012,-16070,-3.434222983008396,90.59809333307689,94.03231631608529,43995,27925,16070,3.434222983008396,9.40190666692311,5.967683683914715,1212.0,2017-01-23,2017-01-23,1215.0,0.0024752475247524774,2017-01-24,2017-01-24,1210.300048828125,-0.001402599976794594,2017-01-25,2017-01-25,1197.300048828125,-0.012128672584055256,2017-01-26,2017-01-26,1189.5,-0.01856435643564358,2017-01-27,2017-01-27,1188.0999755859375,-0.019719492090810697,0.0024752475247524774,-0.003868272569444442,-0.010741138127348893,-0.006514698496637883,-0.001176985636034078,-0.02213993778935186,0.023475806429998913,-1.7829646861912707,-2441.0,-1.5798482994877574,0.20311638670351684,2.027562246379844,2705.0,-0.1240493621576988,-2.15161160853755,0.2445975601885788,264.0,0.5253232267032502,0.2807256665146838,-0.2445975601885788,-264.0,-0.5253232267032555,-0.2807256665146758,-0.001402599976794594,-0.002805300671668731,0.01831679139593656,0.009818501991800677,0.06575903562035901,0.024009880846483034,0.10181520166176772,100.0,100 troy oz,121200.0,26439052800.0,13465683600.0,12973369200.0,-295849200.0,-944511600.0,12289558800.0,27210612000.0,-14921053200.0,327846000.0,1322413200.0,51381770400.0,53329454400.0,-1947684000.0,31996800.0,377901600.0,5332194000.0,3384510000.0,1947684000.0,-31996800.0,-377901600.0
2017-01-24,GOLD - COMMODITY EXCHANGE INC.,482374,209854,100447,109407,22.680948807356945,43.50441773395747,20.823468926600523,119798,24.835086468176147,109000,235374,-126374,-26.198344023517024,22.596574442237767,48.79491846575479,438652,455619,-16967,-3.5173952161600748,90.93607864437138,94.45347386053146,43722,26755,16967,3.5173952161600748,9.06392135562862,5.546526139468545,1210.300048828125,2017-01-30,2017-01-30,1193.199951171875,-0.01412880853207199,2017-01-31,2017-01-31,1208.5999755859375,-0.0014046708862266444,2017-02-01,2017-02-01,1205.5999755859375,-0.003883395069461004,2017-02-02,2017-02-02,1216.699951171875,0.005287864236597217,2017-02-03,2017-02-03,1218.5,0.006775139090355875,-0.01412880853207199,0.012906490985804764,-0.0024822108725806036,0.009207013777967843,0.0014794517139506969,0.02120352821275029,-0.001402599976794594,-0.19413907840545264,2366.0,-3.113823610497022,-2.919684532091569,0.11096684525377398,-3263.0,0.9272044202048875,0.816237574951117,-0.08317223315167865,-897.0,0.3379853112944886,0.42115754444617437,0.08317223315167865,897.0,-0.3379853112944904,-0.42115754444616993,-0.0014046708862266444,0.019747088638797594,0.011236862792086688,0.022473725584173376,0.04569108859522619,0.03420631304099797,0.10361059017156005,100.0,100 troy oz,121030.0048828125,25398630644.677734,12157100900.463867,13241529744.213867,286356991.5527344,1339075974.0234375,13192270532.226562,28487316369.28711,-15295045837.060547,-394920905.9326172,-654409236.4013672,53090053701.85547,55143569794.70215,-2053516092.8466797,-108563914.37988281,684666737.6220703,5291673873.486328,3238157780.6396484,2053516092.8466797,108563914.37988281,-684666737.6220703
2017-01-31,GOLD - COMMODITY EXCHANGE INC.,398433,212414,93259,119155,29.905906388276073,53.31235113557361,23.406444747297538,45008,11.296253071407238,101784,233587,-131803,-33.08034224072805,25.546076755690418,58.62641899641847,359206,371854,-12648,-3.1744358524519805,90.15468096267126,93.32911681512324,39227,26579,12648,3.1744358524519805,9.845319037328736,6.670883184876756,1208.5999755859375,2017-02-06,2017-02-06,1230.0,0.01770645775802504,2017-02-07,2017-02-07,1234.199951171875,0.021181512579070194,2017-02-08,2017-02-08,1237.5999755859375,0.023994705101612057,2017-02-09,2017-02-09,1235.0999755859375,0.02192619604112811,2017-02-10,2017-02-10,1234.4000244140625,0.021347053904760216,0.01770645775802504,0.003414594448678754,0.0027548408269131297,-0.002020038824593895,-0.0005667162057411135,0.003577255621189046,-0.0014046708862266444,7.224957580919128,9748.0,9.80793340161614,2.5829758206970155,-6.881998217211027,-5429.0,2.9495023134526512,9.831500530663682,0.3429593637080943,4319.0,-0.7813976817001134,-1.1243570454082175,-0.3429593637080943,-4319.0,0.7813976817001151,1.1243570454082104,0.021181512579070194,0.012659315850728436,0.02391198493947644,0.03640575946451463,0.03847426852499858,0.0529538319483851,0.10491481994830543,100.0,100 troy oz,120859.99755859375,25672355521.411133,11271282512.316895,14401073009.094238,1178143256.2011719,2732040244.8120117,12301613991.503906,28231324249.71924,-15929710258.215332,-656148926.7456055,-1715124225.354004,43413636283.03223,44942273532.15332,-1528637249.1210938,521994329.4555664,1016916019.4580078,4740975124.230957,3212337875.1098633,1528637249.1210938,-521994329.4555664,-1016916019.4580078
2017-02-07,GOLD - COMMODITY EXCHANGE INC.,415543,216408,99259,117149,28.19178761283429,52.07836493455551,23.886577321721216,51747,12.452862880616447,106024,240170,-134146,-32.28209836286497,25.51456768613597,57.79666604900095,374179,391176,-16997,-4.090310750030683,90.04579550130792,94.13610625133862,41364,24367,16997,4.090310750030683,9.954204498692071,5.86389374866139,1234.199951171875,2017-02-13,2017-02-13,1224.4000244140625,-0.00794030719941885,2017-02-14,2017-02-14,1223.9000244140625,-0.0083454279414229,2017-02-15,2017-02-15,1231.699951171875,-0.0020256037100198077,2017-02-16,2017-02-16,1240.0,0.004699440169818381,2017-02-17,2017-02-17,1237.5999755859375,0.0027548408269131297,-0.00794030719941885,-0.0004083632718312469,0.006373009724831569,0.00673869380300629,-0.0019355035597278247,0.010780750497119573,0.021181512579070194,-1.7141187754417828,-2006.0,-1.233986201018098,0.48013257442367774,0.7982438778630794,-2343.0,-0.0315090695544491,-0.8297529474175249,-0.9158748975787021,-4349.0,-0.10888546136334298,0.8069894362153747,0.9158748975787021,4349.0,0.10888546136333588,-0.8069894362153658,-0.0083454279414229,0.002673836459798684,0.014908463087031976,-0.015475592563265028,-0.016123726406612637,0.017987420288834377,0.07446121216161394,100.0,100 troy oz,123419.9951171875,26709074303.320312,12250545295.336914,14458529007.983398,-247580510.20507812,946261102.5634766,13085481562.304688,29641780227.29492,-16556298664.990234,-289173048.5595703,-1028088559.3261719,46181170352.9541,48278940009.96094,-2097769657.006836,-536753558.76464844,-81827456.76269531,5105144678.027344,3007375021.020508,2097769657.006836,536753558.76464844,81827456.76269531
2017-02-14,GOLD - COMMODITY EXCHANGE INC.,415128,212259,102507,109752,26.438110655026883,51.13097646990808,24.692865814881195,57432,13.834769035092789,105674,233462,-127788,-30.78279470428398,25.455763041760616,56.23855774604459,375365,393401,-18036,-4.344684049257096,90.42150854676147,94.76619259601857,39763,21727,18036,4.344684049257096,9.578491453238518,5.233807403981423,1223.9000244140625,2017-02-20,2017-02-21,1237.5,0.011111998786378363,2017-02-21,2017-02-21,1237.5,0.011111998786378363,2017-02-22,2017-02-22,1232.0,0.006618167680661147,2017-02-23,2017-02-23,1250.199951171875,0.021488623444062327,2017-02-24,2017-02-24,1256.9000244140625,0.02696298663430352,0.011111998786378363,0.0,-0.004444444444444473,0.014772687639508897,0.005359201330880969,0.015676787405302983,-0.0083454279414229,-1.7536769578074072,-7397.0,-0.9473884646474318,0.806288493159979,1.4993036585809918,6358.0,-0.058804644375353377,-1.5581083029563558,-0.2543732992264136,-1039.0,0.37571304545355133,0.6300863446799525,0.2543732992264136,1039.0,-0.3757130454535531,-0.6300863446799667,0.011111998786378363,0.023449587874315947,-0.007190169664665236,-0.017975324422868977,0.009069348283779588,0.040689538168490635,0.08513763305279798,100.0,100 troy oz,122390.00244140625,25978379528.21045,12545831980.26123,13432547547.949219,-905318848.059082,331799296.61865234,12933441117.993164,28573414749.975586,-15639973631.982422,778155635.5224609,-572418041.418457,45940923266.41846,48148349350.45166,-2207426084.033203,-127163212.5366211,-240618744.7998047,4866593667.077637,2659167583.0444336,2207426084.033203,127163212.5366211,240618744.7998047
2017-02-21,GOLD - COMMODITY EXCHANGE INC.,427168,219673,95910,123763,28.972909955801935,51.42543448947487,22.452524533672936,63290,14.816184732938797,103861,243425,-139564,-32.67192299048618,24.31385309761031,56.985776088096486,386824,402625,-15801,-3.699013034684246,90.55547232002397,94.25448535470822,40344,24543,15801,3.699013034684246,9.444527679976028,5.745514645291782,1237.5,2017-02-27,2017-02-27,1257.4000244140625,0.01608082780934339,2017-02-28,2017-02-28,1252.5999755859375,0.012202000473484853,2017-03-01,2017-03-01,1248.9000244140625,0.009212140940656477,2017-03-02,2017-03-02,1231.9000244140625,-0.004525232796717127,2017-03-03,2017-03-03,1225.5,-0.009696969696969648,0.01608082780934339,-0.003817439744652318,-0.002953817055715846,-0.013611978275023029,-0.005195246600556369,-0.025369829644251496,0.011111998786378363,2.5347993007750524,14011.0,0.29445801956678963,-2.2403412812082593,-1.889128286202201,-11776.0,-1.1419099441503064,0.7472183420518945,0.6456710145728501,2235.0,0.13396377326249365,-0.5117072413103472,-0.6456710145728501,-2235.0,-0.1339637732624901,0.5117072413103587,0.012202000473484853,-0.018101029829545423,-0.028767657039141414,0.006949475220959567,0.013979837436868703,0.03846462673611106,0.07377781723484844,100.0,100 troy oz,123750.0,27184533750.0,11868862500.0,15315671250.0,1733861250.0,1776555000.0,12852798750.0,30123843750.0,-17271045000.0,-1457280000.0,-1632262500.0,47869470000.0,49824843750.0,-1955373750.0,276581250.0,144292500.0,4992570000.0,3037196250.0,1955373750.0,-276581250.0,-144292500.0
2017-02-28,GOLD - COMMODITY EXCHANGE INC.,446081,247494,83696,163798,36.71934020951352,55.4818519506547,18.762511741141182,54410,12.197336358195036,100180,280087,-179907,-40.33056776684055,22.457804748464966,62.78837251530551,402084,418193,-16109,-3.6112275573270325,90.13699305731471,93.74822061464172,43997,27888,16109,3.6112275573270325,9.863006942685297,6.251779385358265,1252.5999755859375,2017-03-06,2017-03-06,1224.5,-0.022433319602128354,2017-03-07,2017-03-07,1215.0999755859375,-0.02993773010610057,2017-03-08,2017-03-08,1208.5,-0.03520675111406457,2017-03-09,2017-03-09,1202.4000244140625,-0.04007660238728061,2017-03-10,2017-03-10,1200.699951171875,-0.041433837957552955,-0.022433319602128354,-0.0076766226329624265,-0.0054316317328167996,-0.005047559442232119,-0.0014138998733104202,-0.019436544571764025,0.012202000473484853,7.7464302537115834,40035.0,4.056417461179834,-3.6900127925317534,-7.658644776354372,-40343.0,-1.8560483491453432,5.802596427209025,0.08778547735721354,-308.0,-0.41847926270925484,-0.5062647400664986,-0.08778547735721354,308.0,0.41847926270926905,0.5062647400664835,-0.02993773010610057,-0.040475772122028575,-0.005189206551724057,0.002155575039768376,0.007584224960212049,0.04829953790450903,0.05021557212200922,100.0,100 troy oz,125259.99755859375,31001097835.7666,10483760755.664062,20517337080.10254,5014784002.258301,5591982071.008301,12548546555.419922,35083696936.19385,-22535150380.773926,-5053364081.506348,-6025506922.558594,50365040858.34961,52382854159.020996,-2017813300.6713867,-38580079.248046875,-433524851.55029297,5511064112.585449,3493250811.9140625,2017813300.6713867,38580079.248046875,433524851.55029297
2017-03-07,GOLD - COMMODITY EXCHANGE INC.,434401,229969,96284,133685,30.774560832042287,52.93933485420153,22.16477402215925,61157,14.078466670196432,99484,252132,-152648,-35.13988227467248,22.90142057684029,58.041302851512775,390610,409573,-18963,-4.365321442630197,89.91922210123826,94.28454354386845,43791,24828,18963,4.365321442630197,10.080777898761744,5.715456456131546,1215.0999755859375,2017-03-13,2017-03-13,1202.4000244140625,-0.010451774691009219,2017-03-14,2017-03-14,1201.9000244140625,-0.010863263465633599,2017-03-15,2017-03-15,1200.0999755859375,-0.012344663238732068,2017-03-16,2017-03-16,1226.5,0.00938196415366166,2017-03-17,2017-03-17,1229.800048828125,0.012097830250633379,-0.010451774691009219,-0.00041583498823005716,-0.0014976693498300886,0.021998187610305475,0.002690622770586959,0.02278777765944806,-0.02993773010610057,-5.944779377471232,-30113.0,-2.5425170964531674,3.402262281018068,5.190685492168072,27259.0,0.4436158283753251,-4.747069663792736,-0.7540938853031647,-2854.0,-0.2177709560764498,0.5363229292267278,0.7540938853031647,2854.0,0.21777095607644625,-0.5363229292267189,-0.010863263465633599,0.025512304026713117,0.03308375775647798,0.032836824307252765,0.06526215983988104,0.10213149376955166,0.09752283958598373,100.0,100 troy oz,121509.99755859375,27943532628.552246,11699468604.93164,16244064023.620605,-3659030556.4819336,2009289319.6289062,12088300597.11914,30636558704.44336,-18548258107.32422,3312241023.449707,-2248177974.8291016,47463020146.362305,49767214230.06592,-2304194083.7036133,-346789533.03222656,-238888655.2001953,5321044303.088379,3016850219.3847656,2304194083.7036133,346789533.03222656,238888655.2001953
2017-03-14,GOLD - COMMODITY EXCHANGE INC.,426170,210315,104277,106038,24.881620010793814,49.35002463805523,24.46840462726142,69088,16.211371049111854,102535,225822,-123287,-28.929065865734334,24.05964755848605,52.98871342422038,381938,399187,-17249,-4.047445854940516,89.62104324565314,93.66848910059366,44232,26983,17249,4.047445854940516,10.378956754346857,6.331510899406339,1201.9000244140625,2017-03-20,2017-03-20,1233.5999755859375,0.026374865236673095,2017-03-21,2017-03-21,1246.0999755859375,0.03677506470924885,2017-03-22,2017-03-22,1249.300048828125,0.03943757671289716,2017-03-23,2017-03-23,1246.9000244140625,0.03744071810127303,2017-03-24,2017-03-24,1248.199951171875,0.03852227790775209,0.026374865236673095,0.010132944428815183,0.002568071025507157,-0.0019210952695581929,0.001042526852482295,0.011835259301949064,-0.010863263465633599,-5.892940821248473,-27647.0,-3.589310216146302,2.303630605102171,6.210816408938147,29361.0,1.1582269816457575,-5.052589427292396,0.3178755876896808,1714.0,-0.298178855585121,-0.6160544432747912,-0.3178755876896808,-1714.0,0.2981788555851139,0.616054443274793,0.03677506470924885,0.044429672459733505,0.04418002704661239,0.05765864493729156,0.05316584001669722,0.10491719196645533,0.10316997876795209,100.0,100 troy oz,120190.00244140625,25277760363.464355,12533052884.58252,12744707478.881836,-3322892997.4975586,-446385669.0673828,12323681900.32959,27141546731.323242,-14817864830.993652,3528898661.682129,540975200.9887695,45905129152.46582,47978286504.57764,-2073157352.1118164,206005664.1845703,94589531.92138672,5316244187.988281,3243086835.876465,2073157352.1118164,-206005664.1845703,-94589531.92138672
2017-03-21,GOLD - COMMODITY EXCHANGE INC.,446880,219719,103467,116252,26.014142499104903,49.16733798782671,23.153195488721803,82582,18.479681346222698,101282,230279,-128997,-28.866138560687432,22.66424991049051,51.53038847117794,403583,416328,-12745,-2.8519960615825277,90.31126924453993,93.16326530612244,43297,30552,12745,2.8519960615825277,9.688730755460078,6.836734693877551,1246.0999755859375,2017-03-27,2017-03-27,1255.4000244140625,0.007463324781586511,2017-03-28,2017-03-28,1255.300048828125,0.007383093991203626,2017-03-29,2017-03-29,1253.4000244140625,0.005858317126354429,2017-03-30,2017-03-30,1245.0,-0.000882734617999037,2017-03-31,2017-03-31,1247.300048828125,0.0009630633702750746,0.007463324781586511,-7.963643778341467e-05,-0.0015136018004908713,-0.0067017905301137715,0.0018474287776104603,-0.006452107239457772,0.03677506470924885,1.1325224883110891,10214.0,-0.1826866502285185,-1.3152091385396183,0.0629273050469017,-5710.0,-1.3953976479955372,-1.4583249530424354,1.1954497933579886,4504.0,0.6902259988867883,-0.5052237944712203,-1.1954497933579886,-4504.0,-0.6902259988867794,0.5052237944712115,0.007383093991203626,0.007142303658161486,0.02014282648078458,0.03659415494691398,-0.004092749928463313,0.04823046044734691,0.052162748795044234,100.0,100 troy oz,124609.99755859375,27379184053.57666,12893022617.39502,14486161436.18164,1272766515.0634766,-935945691.6625977,12620749772.729492,28695065627.79541,-16074315855.065918,-711523086.0595703,1316753844.2016602,50290476644.68994,51878631063.57422,-1588154418.8842773,561243429.0039062,380808152.5390625,5395239064.294434,3807084645.4101562,1588154418.8842773,-561243429.0039062,-380808152.5390625
2017-03-28,GOLD - COMMODITY EXCHANGE INC.,449418,227839,90019,137820,30.666328451463894,50.696456305710946,20.03012785424705,74805,16.64486068648786,104760,256874,-152114,-33.84688641754447,23.310147791143212,57.15703420868768,407404,421698,-14294,-3.180557966080575,90.651464783342,93.83202274942258,42014,27720,14294,3.180557966080575,9.348535216657988,6.1679772505774135,1255.300048828125,2017-04-03,2017-04-03,1250.800048828125,-0.003584800306668412,2017-04-04,2017-04-04,1255.0,-0.00023902558468402724,2017-04-05,2017-04-05,1245.4000244140625,-0.007886580123456999,2017-04-06,2017-04-06,1250.300048828125,-0.003983111451853816,2017-04-07,2017-04-07,1254.300048828125,-0.0007966222903708076,-0.003584800306668412,0.0033578118067791873,-0.007649382937002014,0.003934498408547871,0.0031992320593356993,0.0027982090369114143,0.007383093991203626,4.652185952358991,21568.0,1.5291183178842331,-3.1230676344747543,-4.980747856857036,-23117.0,0.6458978806527007,5.62664573750974,-0.32856190449804723,-1549.0,0.3401955388020781,0.6687574433001373,0.32856190449804723,1549.0,-0.3401955388020905,-0.6687574433001373,-0.00023902558468402724,0.012666216621749715,0.028996973574350493,0.008205151244459863,-0.007089957833086191,0.033219110610888336,0.06850951697188612,100.0,100 troy oz,125530.0048828125,28600630782.495117,11300085509.545898,17300545272.94922,2707431145.3125,-3261018466.845703,13150523311.523438,32245394474.26758,-19094871162.74414,-2901877122.8759766,3488855425.708008,51141426109.27734,52935751999.072266,-1794325889.7949219,-194445977.56347656,227836958.8623047,5274017625.146484,3479691735.3515625,1794325889.7949219,194445977.56347656,-227836958.8623047
2017-04-04,GOLD - COMMODITY EXCHANGE INC.,427808,239061,83625,155436,36.33312140025432,55.880441693469976,19.54732029321565,49043,11.463787493455008,96115,267131,-171016,-39.97494203006956,22.46685428977485,62.441796319844414,384219,399799,-15580,-3.641820629815244,89.81108347669982,93.45290410651506,43589,28009,15580,3.641820629815244,10.188916523300172,6.5470958934849275,1255.0,2017-04-10,2017-04-10,1251.0999755859375,-0.0031075891745517836,2017-04-11,2017-04-11,1271.199951171875,0.012908327626992122,2017-04-12,2017-04-12,1275.300048828125,0.01617533771165336,2017-04-13,2017-04-13,1285.9000244140625,0.02462153339765938,2017-04-14,2017-04-17,1289.4000244140625,0.02741037801917323,-0.0031075891745517836,0.01606584284083601,0.0032253758761320306,0.008311750317643085,0.0027218290174579884,0.03061310013229579,-0.00023902558468402724,5.666792948790427,17616.0,5.18398538775903,-0.4828075610314002,-6.128055612525095,-18902.0,-0.8432935013683611,5.284762111156731,-0.46126266373466907,-1286.0,-0.8403813066421861,-0.37911864290751396,0.46126266373466907,1286.0,0.8403813066421844,0.37911864290751396,0.012908327626992122,0.029242988981573736,0.00844619568600602,7.966182146423861e-05,-0.029561733534611556,0.013147410358565814,0.0619920707793824,100.0,100 troy oz,125500.0,30002155500.0,10494937500.0,19507218000.0,2210808000.0,2729750500.0,12062432500.0,33524940500.0,-21462508000.0,-2372201000.0,-2305184000.0,48219484500.0,50174774500.0,-1955290000.0,-161393000.0,424566500.0,5470419500.0,3515129500.0,1955290000.0,161393000.0,-424566500.0
2017-04-11,GOLD - COMMODITY EXCHANGE INC.,456131,253004,80338,172666,37.85447601675834,55.467398620133245,17.61292260337491,57490,12.603835301700608,98119,285483,-187364,-41.07679592047022,21.511144824622754,62.587940745092965,408613,423311,-14698,-3.2223199037118726,89.58237874645661,92.80469865016848,47518,32820,14698,3.2223199037118726,10.41762125354339,7.195301349831517,1271.199951171875,2017-04-17,2017-04-17,1289.4000244140625,0.014317238783253083,2017-04-18,2017-04-18,1291.699951171875,0.016126495270159413,2017-04-19,2017-04-19,1281.4000244140625,0.008023972336361762,2017-04-20,2017-04-20,1281.9000244140625,0.008417301489292539,2017-04-21,2017-04-21,1287.4000244140625,0.012743922171530198,0.014317238783253083,0.0017837185623272855,-0.007973931367317943,0.00039019821326169435,0.0042905061980273995,-0.0015511090135963412,0.012908327626992122,1.52135461650402,17230.0,-0.4130430733367305,-1.9343976898407398,-1.1018538904006547,-16348.0,-0.955709465152097,0.14614442524855065,0.4195007261033714,882.0,-0.2287047302432086,-0.648205456346588,-0.4195007261033714,-882.0,0.22870473024321747,0.6482054563465898,0.016126495270159413,-0.0044052673072989545,-0.012665179518843939,-0.04476078078141521,-0.04531149921209332,0.015261190339236785,0.0556954464660393,100.0,100 troy oz,127119.9951171875,32161867244.628906,10212566167.72461,21949301076.904297,2190277515.8691406,8469751034.667969,12472886800.90332,36290597566.04004,-23817710765.13672,-2078157680.1757812,-8145467927.124023,51942882564.819336,53811292253.05176,-1868409688.2324219,112119835.69335938,324283107.5439453,6040487927.978516,4172078239.7460938,1868409688.2324219,-112119835.69335938,-324283107.5439453
2017-04-18,GOLD - COMMODITY EXCHANGE INC.,472263,279311,83543,195768,41.45317333773766,59.14310458367478,17.689931245937114,48361,10.24026866385891,97769,308833,-211064,-44.692046592682466,20.702235830458875,65.39428242314135,425441,440737,-15296,-3.2388732549448083,90.08560907799256,93.32448233293736,46822,31526,15296,3.2388732549448083,9.91439092200744,6.675517667062633,1291.699951171875,2017-04-24,2017-04-24,1275.800048828125,-0.01230928462087888,2017-04-25,2017-04-25,1265.5999755859375,-0.020205912032634776,2017-04-26,2017-04-26,1262.0999755859375,-0.02291551962906202,2017-04-27,2017-04-27,1263.699951171875,-0.02167686077141784,2017-04-28,2017-04-28,1266.0999755859375,-0.019818825233145154,-0.01230928462087888,-0.00799504064258083,-0.002765486779011339,0.0012677090697150728,0.0018992043260244174,-0.007603129699749855,0.016126495270159413,3.598697320979319,23102.0,3.6757059635415317,0.07700864256220541,-3.615250672212248,-23700.0,-0.808908994163879,2.8063416780483834,-0.016553351232935665,-598.0,0.5032303315359457,0.5197836827688889,0.016553351232935665,598.0,-0.5032303315359492,-0.5197836827688844,-0.020205912032634776,-0.028334734821916396,-0.05992096095810029,-0.04389560526067593,-0.03917316520762537,-0.006735272509673873,0.042966634743346166,100.0,100 troy oz,129169.9951171875,36078600506.17676,10791248902.075195,25287351604.101562,2984085227.1972656,10271081331.738281,12628821252.612305,39891957102.02637,-27263135849.414062,-3061328884.2773438,-10600593989.282227,54954211892.65137,56929996137.96387,-1975784245.3125,-77243657.08007812,-329512657.5439453,6047997511.376953,4072213266.064453,1975784245.3125,77243657.08007812,329512657.5439453
2017-04-25,GOLD - COMMODITY EXCHANGE INC.,475985,287468,86791,200677,42.1603621962877,60.39434015777808,18.233977961490382,43513,9.14167463260397,100335,314915,-214580,-45.08125256047985,21.07944578085444,66.1606983413343,431316,445219,-13903,-2.920890364192149,90.61546057123648,93.53635093542863,44669,30766,13903,2.920890364192149,9.38453942876351,6.463649064571363,1265.5999755859375,2017-05-01,2017-05-01,1253.300048828125,-0.009718652809010964,2017-05-02,2017-05-02,1255.0999755859375,-0.008296460337034017,2017-05-03,2017-05-03,1246.4000244140625,-0.015170631749566788,2017-05-04,2017-05-04,1226.5,-0.03089441872645049,2017-05-05,2017-05-05,1224.800048828125,-0.03223761658096058,-0.009718652809010964,0.0014361499143764611,-0.0069316798192219364,-0.015966001303167165,-0.0013860180773542785,-0.022739965602529444,-0.020205912032634776,0.7071888585500403,4909.0,1.2512355741033048,0.544046715553268,-0.3892059677973805,-3516.0,0.3772099503955637,0.7664159181929477,0.3179828907526594,1393.0,0.5298514932439247,0.21186860249126482,-0.3179828907526594,-1393.0,-0.52985149324393,-0.21186860249127015,-0.008296460337034017,-0.0405340769179946,-0.02417823654885154,-0.008533444189434691,-0.010982952498578502,0.007427326639849685,0.05199119002642316,100.0,100 troy oz,126559.99755859375,36381949378.17383,10984268748.10791,25397680630.065918,621283028.0151367,7955181766.540527,12698397355.041504,39855641631.16455,-27157244276.123047,-444984951.4160156,-7905696807.495117,54587351906.98242,56346915553.03955,-1759563646.057129,176298076.5991211,49484959.045410156,5653308530.944824,3893744884.8876953,1759563646.057129,-176298076.5991211,-49484959.045410156
2017-05-02,GOLD - COMMODITY EXCHANGE INC.,461905,276032,86398,189634,41.05476234290601,59.75947435078641,18.70471200788041,42037,9.100789123304576,99054,303040,-203986,-44.16189476190991,21.444669358417855,65.60656412032777,417123,431475,-14352,-3.1071324190039076,90.30493283250884,93.41206525151276,44782,30430,14352,3.1071324190039076,9.69506716749115,6.587934748487243,1255.0999755859375,2017-05-08,2017-05-08,1225.300048828125,-0.023743070143795175,2017-05-09,2017-05-09,1214.300048828125,-0.03250731220735248,2017-05-10,2017-05-10,1217.300048828125,-0.03011706437183681,2017-05-11,2017-05-11,1222.699951171875,-0.02581469607545539,2017-05-12,2017-05-12,1226.199951171875,-0.023026073600687202,-0.023743070143795175,-0.008977392933690265,0.002470559070548717,0.004435966587652995,0.002862517493883443,0.0007344342674355797,-0.008296460337034017,-1.1055998533816904,-11043.0,-0.6348658069916695,0.470734046390028,0.9193577985699335,10594.0,0.36522357756341606,-0.554134221006521,-0.1862420548117587,-449.0,-0.31052773872764305,-0.12428568391587191,0.1862420548117587,449.0,0.3105277387276395,0.12428568391587991,-0.03250731220735248,-0.01601464104606798,-0.00023896642789156264,0.005577244949536375,0.01394311237384116,0.009481335866098561,0.03880174821886362,100.0,100 troy oz,125509.99755859375,34644775646.09375,10843812769.067383,23800962877.026367,-1386006903.0395508,4292190896.508789,12432267298.168945,38034549660.15625,-25602282361.987305,1329652914.1357422,-4138064619.506836,52353106711.6333,54154426196.59424,-1801319484.9609375,-56353988.903808594,154126277.00195312,5620588710.668945,3819269225.708008,1801319484.9609375,56353988.903808594,-154126277.00195312
2017-05-09,GOLD - COMMODITY EXCHANGE INC.,433033,236115,86109,150006,34.64077795456697,54.52586754358213,19.885089589015156,46859,10.82111524987703,104960,269382,-164422,-37.96985449145908,24.23833749390924,62.20819198536832,387934,402350,-14416,-3.3290765368921074,89.5853202873684,92.9143968242605,45099,30683,14416,3.3290765368921074,10.414679712631601,7.085603175739494,1214.300048828125,2017-05-15,2017-05-15,1228.5999755859375,0.011776271253231663,2017-05-16,2017-05-16,1235.0,0.017046817375863332,2017-05-17,2017-05-17,1257.5,0.035576010404978264,2017-05-18,2017-05-18,1251.699951171875,0.030799555990995264,2017-05-19,2017-05-19,1252.699951171875,0.03162307568117795,0.011776271253231663,0.005209201156796572,0.018218623481781382,-0.004612364873260444,0.0007989135088355415,0.019615803406185073,-0.03250731220735248,-6.413984388339038,-39628.0,-5.233606807204282,1.1803775811347457,6.192040270450832,39564.0,2.7936681354913837,-3.398372134959452,-0.2219441178881998,-64.0,-0.7196125451404356,-0.49766842725225047,0.2219441178881998,64.0,0.7196125451404516,0.49766842725225136,0.017046817375863332,0.03335254745240679,0.039364180874358334,0.06596390707818789,0.034670158851238364,0.048916989175018744,0.08045783351994551,100.0,100 troy oz,121430.0048828125,28671445602.905273,10456216290.454102,18215229312.45117,-4812028233.496094,-2751603910.6445312,12745293312.5,32711057575.341797,-19965764262.841797,4804256713.183594,2785847172.0214844,47106827514.208984,48857362464.59961,-1750534950.390625,-7771520.3125,34243261.376953125,5476371790.209961,3725836839.819336,1750534950.390625,7771520.3125,-34243261.376953125
2017-05-16,GOLD - COMMODITY EXCHANGE INC.,435021,221532,94808,126724,29.130547720684746,50.924438130573,21.79389040988826,54659,12.564680785525296,113719,256578,-142859,-32.83956406702205,26.141036869484463,58.98060093650651,389910,406045,-16135,-3.709016346337303,89.63015578558277,93.33917213192007,45111,28976,16135,3.709016346337303,10.369844214417236,6.660827868079931,1235.0,2017-05-22,2017-05-22,1260.699951171875,0.020809677062247012,2017-05-23,2017-05-23,1254.800048828125,0.016032428200910998,2017-05-24,2017-05-24,1252.4000244140625,0.014089088594382515,2017-05-25,2017-05-25,1255.800048828125,0.016842144800101266,2017-05-26,2017-05-26,1267.5999755859375,0.026396741365131593,0.020809677062247012,-0.004679862435360449,-0.001912674785360391,0.002714807048692869,0.009396342012268466,0.0054731694148544285,0.017046817375863332,-5.5102302338822255,-23282.0,-3.6014294130091287,1.908800820873104,5.130290424437028,21563.0,1.9026993755752244,-3.227591048861811,-0.37993980944519556,-1719.0,0.044835498214368386,0.4247753076595586,0.37993980944519556,1719.0,-0.04483549821436483,-0.42477530765956306,0.016032428200910998,0.021943300069585003,0.04809718576037447,0.024939310792003955,0.03133599285172073,0.03765182186234828,0.04364374446482788,100.0,100 troy oz,123500.0,27359202000.0,11708788000.0,15650414000.0,-2875327000.0,-8526934000.0,14044296500.0,31687383000.0,-17643086500.0,2663030500.0,8423317500.0,48153885000.0,50146557500.0,-1992672500.0,-212296500.0,-103616500.0,5571208500.0,3578536000.0,1992672500.0,212296500.0,103616500.0
2017-05-23,GOLD - COMMODITY EXCHANGE INC.,462572,241752,81985,159767,34.53883935906194,52.262566692320334,17.723727333258392,63428,13.712027533011078,112114,286405,-174291,-37.678674887368885,24.237091739231946,61.915766626600835,417294,431818,-14524,-3.1398355283069446,90.21168596456336,93.3515214928703,45278,30754,14524,3.1398355283069446,9.788314035436645,6.648478507129702,1254.800048828125,2017-05-29,2017-05-30,1262.0999755859375,0.005817601588898658,2017-05-30,2017-05-30,1262.0999755859375,0.005817601588898658,2017-05-31,2017-05-31,1272.0,0.013707324276834632,2017-06-01,2017-06-01,1267.0,0.009722625675117502,2017-06-02,2017-06-02,1276.800048828125,0.017532673847555413,0.005817601588898658,0.0,0.007844088903865343,-0.0039308176100628645,0.007734845168212212,0.011647312833013013,0.016032428200910998,5.408291638377193,33043.0,1.3381285617473324,-4.070163076629868,-4.839110820346832,-31432.0,-1.9039451302525165,2.9351656900943226,0.5691808180303584,1611.0,0.5815301789805858,0.012349360950238975,-0.5691808180303584,-1611.0,-0.5815301789805911,-0.012349360950229205,0.005817601588898658,0.03155879346906332,0.008766336923777596,-0.010997807053811481,0.024147215156797408,0.020959456275423616,0.029406997854527717,100.0,100 troy oz,125480.0048828125,30335042140.429688,10287478200.317383,20047563940.112305,4146235801.3427734,-5133386999.755859,14068065267.43164,35938100798.461914,-21870035531.030273,-3944087513.4765625,5055463916.723633,52362053157.56836,54184524748.48633,-1822471590.9179688,202148287.86621094,-77923083.03222656,5681483661.083984,3859012070.1660156,1822471590.9179688,-202148287.86621094,77923083.03222656
2017-05-30,GOLD - COMMODITY EXCHANGE INC.,434246,250542,83452,167090,38.47818978182873,57.69586824058253,19.217678458753795,35549,8.186373622324673,103751,286970,-183219,-42.192443914279,23.892217775178125,66.08466168945712,389842,405971,-16129,-3.7142541324502703,89.77445963808532,93.4887137705356,44404,28275,16129,3.7142541324502703,10.225540361914675,6.511286229464405,1262.0999755859375,2017-06-05,2017-06-05,1279.300048828125,0.013628138479443663,2017-06-06,2017-06-06,1294.4000244140625,0.025592306039883717,2017-06-07,2017-06-07,1290.0999755859375,0.022185247240022132,2017-06-08,2017-06-08,1276.300048828125,0.011251147703726927,2017-06-09,2017-06-09,1268.5,0.005070932998862743,0.013628138479443663,0.011803310411634405,-0.0033220401321233384,-0.010696788635737198,-0.006111453835081271,-0.008442154628242382,0.005817601588898658,3.9393504227667933,7323.0,5.433301548262193,1.4939511254954034,-4.5137690269101185,-8928.0,-0.3448739640538214,4.168895062856286,-0.5744186041433257,-1605.0,-0.43722632647804005,0.1371922776652923,0.5744186041433257,1605.0,0.4372263264780294,-0.13719227766529674,0.025592306039883717,0.002931679988718683,-0.016718149111873415,-0.012439546371582955,0.040408843187183185,0.02582994708545394,0.02899926811974285,100.0,100 troy oz,126209.99755859375,31620905208.325195,10532476716.259766,21088428492.06543,924235812.121582,-2845278184.9609375,13094413456.70166,36218482999.38965,-23124069542.68799,-1126802858.203125,2621003019.2993164,49201957868.237305,51237598918.85986,-2035641050.6225586,-202567046.08154297,-224275165.6616211,5604228731.591797,3568587680.9692383,2035641050.6225586,202567046.08154297,224275165.6616211
2017-06-06,GOLD - COMMODITY EXCHANGE INC.,494041,312240,107775,204465,41.386241222894455,63.201232286389185,21.81499106349473,29475,5.96610402780336,108298,324652,-216354,-43.7927216567046,21.920852722749732,65.71357437945433,450013,461902,-11889,-2.4064804338101493,91.08818903694228,93.49466947075243,44028,32139,11889,2.4064804338101493,8.911810963057722,6.505330529247573,1294.4000244140625,2017-06-12,2017-06-12,1266.0999755859375,-0.021863448929503537,2017-06-13,2017-06-13,1265.800048828125,-0.022095159955581645,2017-06-14,2017-06-14,1272.800048828125,-0.016687249056345776,2017-06-15,2017-06-15,1252.199951171875,-0.03260203371928261,2017-06-16,2017-06-16,1254.0,-0.031211390336886358,-0.021863448929503537,-0.000236890264272982,0.005530099328468596,-0.016184865545233573,0.001437509102631962,-0.009556887938756753,0.025592306039883717,2.908051441065723,37375.0,5.505364045806658,2.597312604740935,-1.6002777424255967,-33135.0,-1.9713650524283928,-0.3710873100027925,1.307773698640121,4240.0,1.3137293988569638,0.005955700216830451,-1.307773698640121,-4240.0,-1.3137293988569532,-0.005955700216832227,-0.022095159955581645,-0.0412546534354673,-0.03708281759476029,-0.059100740541649266,0.034610573171220516,-0.025339963079012318,0.0023949131083651487,100.0,100 troy oz,129440.00244140625,40416346362.30469,13950396263.122559,26465950099.18213,4837820091.247559,7049173092.956543,14018093384.399414,42022955672.60742,-28004862288.208008,-4288994480.895996,-6722078206.787109,58249683818.66455,59788596007.69043,-1538912189.025879,548825610.3515625,327094886.1694336,5698984427.490234,4160072238.4643555,1538912189.025879,-548825610.3515625,-327094886.1694336
2017-06-13,GOLD - COMMODITY EXCHANGE INC.,471134,297178,106904,190274,40.386386887806864,63.077171250642074,22.6907843628352,28577,6.065577945977154,105193,308804,-203611,-43.21721633335739,22.327618044972343,65.54483437832972,430948,444285,-13337,-2.8308294455505227,91.47036724159156,94.30119668714208,40186,26849,13337,2.8308294455505227,8.529632758408436,5.698803312857913,1265.800048828125,2017-06-19,2017-06-19,1244.199951171875,-0.017064383649097903,2017-06-20,2017-06-20,1241.0,-0.01959239048148631,2017-06-21,2017-06-21,1243.4000244140625,-0.01769633713855545,2017-06-22,2017-06-22,1247.5999755859375,-0.014378316116385959,2017-06-23,2017-06-23,1256.199951171875,-0.007584213371723103,-0.017064383649097903,-0.002571894629043392,0.0019339439275281034,0.0033777956324667624,0.0068932155772916115,0.009644752026149561,-0.022095159955581645,-0.9998543350875906,-14191.0,-0.12406103574711125,0.8757932993404687,0.5755053233472083,12743.0,0.4067653222226113,-0.16874000112460408,-0.4243490117403734,-1448.0,0.38217820464927854,0.8065272163896537,0.4243490117403734,1448.0,-0.38217820464928565,-0.80652721638966,-0.01959239048148631,-0.015326294569211751,-0.037841698977976956,-0.041238798568947965,0.04913884402948132,-0.0215674259559393,0.023147357898222864,100.0,100 troy oz,126580.0048828125,37616792691.06445,13531908841.992188,24084883849.072266,-1796296849.2919922,8044159310.302734,13315330453.637695,39088411827.83203,-25773081374.194336,1613009002.2216797,-7689988456.640625,54549399944.23828,56237597469.36035,-1688197525.1220703,-183287847.0703125,354170853.6621094,5086744076.220703,3398546551.098633,1688197525.1220703,183287847.0703125,-354170853.6621094
2017-06-20,GOLD - COMMODITY EXCHANGE INC.,445841,252620,101945,150675,33.79568052287699,56.66145554132527,22.865775018448282,39733,8.911921514620683,110287,275303,-165016,-37.01229810627555,24.736845646766447,61.749143753042,402640,416981,-14341,-3.2166175833985657,90.31022270271241,93.52684028611097,43201,28860,14341,3.2166175833985657,9.689777297287598,6.473159713889032,1241.0,2017-06-26,2017-06-26,1246.300048828125,0.0042707887414383805,2017-06-27,2017-06-27,1246.4000244140625,0.004351349245819813,2017-06-28,2017-06-28,1248.0,0.005640612409347323,2017-06-29,2017-06-29,1244.199951171875,0.0025785263270547976,2017-06-30,2017-06-30,1240.699951171875,-0.000241779877618864,0.0042707887414383805,8.02179106320633e-05,0.0012836774346900448,-0.0030449109199719437,-0.002813052674293548,-0.0044933783493915636,-0.01959239048148631,-6.590706364929872,-39599.0,-6.415715709316807,0.17499065561308313,6.204918227081841,38595.0,2.409227601794104,-3.795690625287726,-0.385788137848043,-1004.0,-1.1601445388791518,-0.7743564010311133,0.385788137848043,1004.0,1.1601445388791625,0.7743564010311195,0.004351349245819813,-0.01861400127795121,-0.022078988246625686,8.056050438165485e-05,0.05253823623841658,0.015874255577659202,0.027880721664736097,100.0,100 troy oz,124100.0,31350142000.0,12651374500.0,18698767500.0,-4914235900.0,-1128317200.0,13686616700.0,34165102300.0,-20478485600.0,4789639500.0,1151027500.0,49967624000.0,51747342100.0,-1779718100.0,-124596400.0,22710300.0,5361244100.0,3581526000.0,1779718100.0,124596400.0,-22710300.0
2017-06-27,GOLD - COMMODITY EXCHANGE INC.,453144,236586,104914,131672,29.057429867768303,52.209893543774164,23.152463676005862,51658,11.399908196952845,117497,267360,-149863,-33.07182705718271,25.929285172042444,59.00111222922515,405741,423932,-18191,-4.014397189414402,89.53908691276945,93.55348410218384,47403,29212,18191,4.014397189414402,10.460913087230548,6.4465158978161465,1246.4000244140625,2017-07-03,2017-07-03,1217.9000244140625,-0.022865853210647935,2017-07-04,2017-07-05,1220.4000244140625,-0.020860076613222756,2017-07-05,2017-07-05,1220.4000244140625,-0.020860076613222756,2017-07-06,2017-07-06,1222.199951171875,-0.019415976226062726,2017-07-07,2017-07-07,1208.5999755859375,-0.030327381328394076,-0.022865853210647935,0.0020527136463461826,0.0,0.0014748662092798348,-0.0111274555140487,-0.007636134856470966,0.004351349245819813,-4.73825065510869,-19003.0,-4.451561997551103,0.2866886575575798,3.9404710490928423,15153.0,1.1924395252759972,-2.7480315238168487,-0.7977796060158364,-3850.0,-0.7711357899429601,0.026643816072876803,0.7977796060158364,3850.0,0.7711357899429494,-0.026643816072885684,-0.022865853210647935,-0.026315828133543606,-0.004252285561865743,0.004252187623555281,0.04059689874422512,0.03024707191384879,0.008183529342170814,100.0,100 troy oz,124640.00244140625,29488079617.60254,13076481216.137695,16411598401.464844,-2368533966.394043,-4414499606.469727,14644826366.85791,33323751052.734375,-18678924685.876465,1888669956.994629,4157491921.435547,50571559230.57861,52838885514.990234,-2267326284.411621,-479864009.39941406,-257007685.0341797,5908310035.72998,3640983751.3183594,2267326284.411621,479864009.39941406,257007685.0341797
2017-07-03,GOLD - COMMODITY EXCHANGE INC.,457201,221681,127882,93799,20.515921881185736,48.48655186668446,27.970629985498718,56968,12.460165222735734,131190,238416,-107226,-23.452704609132528,28.69416296114838,52.14686757028091,409839,423266,-13427,-2.936782727946789,89.64088005056857,92.57766277851536,47362,33935,13427,2.936782727946789,10.359119949431433,7.422337221484643,1217.9000244140625,2017-07-10,2017-07-10,1212.0999755859375,-0.004762335751586355,2017-07-11,2017-07-11,1213.5999755859375,-0.003530707563778712,2017-07-12,2017-07-12,1218.0999755859375,0.00016417699964432764,2017-07-13,2017-07-13,1216.300048828125,-0.0013137166876298068,2017-07-14,2017-07-14,1226.5999755859375,0.007143403397221082,-0.004762335751586355,0.0012375216815549983,0.0037079763435454716,-0.0014776510909514373,0.008468244959569216,0.011962709588365872,-0.022865853210647935,-8.541507986582566,-37873.0,-3.7233416770897065,4.818166309492856,9.619122448050181,42637.0,2.7648777891059346,-6.854244658944239,1.077614461467613,4764.0,0.10179313779912036,-0.9758213236684838,-1.077614461467613,-4764.0,-0.10179313779911503,0.9758213236684963,-0.003530707563778712,0.019049142546028408,0.027752628360504294,0.044913334489989465,0.04401016053162876,0.07865992678988754,0.02767053986068202,100.0,100 troy oz,121790.00244140625,26998529531.21338,15574749092.211914,11423780439.001465,-4612552762.463379,-13478012410.180664,15977630420.288086,29036685222.070312,-13059054801.782227,5192760334.094238,13290699386.425781,49914292810.583496,51549567173.36426,-1635274362.7807617,580207571.6308594,-187313023.7548828,5768218095.629883,4132943732.849121,1635274362.7807617,-580207571.6308594,187313023.7548828
2017-07-11,GOLD - COMMODITY EXCHANGE INC.,475669,217637,157377,60260,12.668473245050654,45.75387506858761,33.085401823536955,64759,13.614299018855549,147818,221734,-73916,-15.539377171940993,31.07581112075834,46.61518829269934,430214,443870,-13656,-2.8709039268903376,90.44398520820151,93.31488913509183,45455,31799,13656,2.8709039268903376,9.5560147917985,6.685110864908161,1213.5999755859375,2017-07-17,2017-07-17,1232.800048828125,0.015820759416971475,2017-07-18,2017-07-18,1241.0999755859375,0.02265985543277771,2017-07-19,2017-07-19,1241.199951171875,0.02274223479001969,2017-07-20,2017-07-20,1244.800048828125,0.025708696333092584,2017-07-21,2017-07-21,1254.300048828125,0.03353664639168863,0.015820759416971475,0.006732581464206078,8.055401490958403e-05,0.002900497742407193,0.00763174777261888,0.01743997335207559,-0.003530707563778712,-7.847448636135082,-33539.0,-2.732676798096847,5.114771838038237,7.913327437191535,33310.0,2.3816481596099592,-5.531679277581574,0.0658788010564515,-229.0,0.8031051576329418,0.7372263565764712,-0.0658788010564515,229.0,-0.8031051576329329,-0.7372263565764818,0.02265985543277771,0.031394179591625715,0.04861568983759601,0.03526701523495057,0.0634475952117779,0.0808338641722317,0.03312464902018353,100.0,100 troy oz,121359.99755859375,26412425788.659668,19099272335.77881,7313153452.880859,-4070292958.117676,-15778498722.583008,17939192119.11621,26909637698.657227,-8970445579.541016,4042501518.676758,15739784883.361816,52210769989.67285,53868062116.33301,-1657292126.6601562,-27791439.44091797,-38713839.221191406,5516418689.025879,3859126562.3657227,1657292126.6601562,27791439.44091797,38713839.221191406
2017-07-18,GOLD - COMMODITY EXCHANGE INC.,484204,217232,157094,60138,12.419971747445292,44.863735119908135,32.44376337246285,69714,14.397650577029516,153064,226699,-73635,-15.207433230621803,31.61146954589388,46.818902776515685,440010,453507,-13497,-2.7874614831765125,90.87285524283153,93.66031672600805,44194,30697,13497,2.7874614831765125,9.127144757168466,6.339683273991954,1241.0999755859375,2017-07-24,2017-07-24,1253.9000244140625,0.010313471178727607,2017-07-25,2017-07-25,1251.699951171875,0.008540791067966236,2017-07-26,2017-07-26,1249.0,0.006365340882657611,2017-07-27,2017-07-27,1259.5999755859375,0.014906131950623847,2017-07-28,2017-07-28,1268.4000244140625,0.021996655680567745,0.010313471178727607,-0.0017545842566001335,-0.0021570274644072684,0.008486769884657797,0.0069863837715871124,0.011563920342672951,0.02265985543277771,-0.24850149760536233,-122.0,-0.8901399486794759,-0.6416384510741082,0.33194394131919047,281.0,0.5356584251355407,0.2037144838163485,0.08344244371382503,159.0,0.42887003463002316,0.34542759091621633,-0.08344244371382503,-159.0,-0.4288700346300338,-0.34542759091620656,0.008540791067966236,0.0253807111591704,0.012327813334217286,0.026267002036275633,0.03376039419731769,0.07598102544769203,-0.012408367349126759,100.0,100 troy oz,124109.99755859375,26960662989.648438,19496935956.469727,7463727033.178711,-15141419.702148438,-11236546848.962402,18996772666.308594,28135612336.535645,-9138839670.22705,34874909.313964844,11341295686.901855,54609640025.756836,56284752662.805176,-1675112637.0483398,19733489.611816406,104748837.93945312,5484917232.104492,3809804595.0561523,1675112637.0483398,-19733489.611816406,-104748837.93945312
2017-07-25,GOLD - COMMODITY EXCHANGE INC.,463827,220299,129468,90831,19.582947952577147,47.49594137469359,27.912993422116433,51215,11.04183240734153,148926,252269,-103343,-22.280505447074017,32.10809202569062,54.38859747276463,420440,432952,-12512,-2.6975574944968708,90.64586580772573,93.34342330222259,43387,30875,12512,2.6975574944968708,9.354134192274275,6.656576697777404,1251.699951171875,2017-07-31,2017-07-31,1266.5999755859375,0.011903830786373915,2017-08-01,2017-08-01,1272.5999755859375,0.016697311839387163,2017-08-02,2017-08-02,1271.800048828125,0.01605823954649166,2017-08-03,2017-08-03,1267.800048828125,0.012862585511149494,2017-08-04,2017-08-04,1258.300048828125,0.005272907177211961,0.011903830786373915,0.004737091517173164,-0.0006285767508711348,-0.003145148487520233,-0.00749329518387476,-0.006552918772932181,0.008540791067966236,7.162976205131855,30693.0,2.6322062547854514,-4.530769950346414,-7.073072216452214,-29708.0,0.4966224797967378,7.569694696248945,0.08990398867964178,985.0,-0.22698943510580705,-0.3168934237854586,-0.08990398867964178,-985.0,0.22698943510580882,0.3168934237854497,0.016697311839387163,0.003754952005700085,0.017576097194381912,0.026683730699831543,0.01861472376531692,0.06710873474218548,-0.022209737031455123,100.0,100 troy oz,125169.9951171875,27574824754.32129,16205508927.832031,11369315826.489258,3841842660.131836,-5112067770.581055,18641066692.822266,31576509498.217773,-12935442805.395508,-3718550214.9414062,5822908172.8515625,52626472747.07031,54192599725.97656,-1566126978.90625,123292445.19042969,710840402.2705078,5430750578.149414,3864623599.243164,1566126978.90625,-123292445.19042969,-710840402.2705078
2017-08-01,GOLD - COMMODITY EXCHANGE INC.,448709,239766,110094,129672,28.898907755360376,53.43463135350528,24.5357235981449,39997,8.913794909395621,126891,270276,-143385,-31.955008702744987,28.279129680929067,60.23413838367405,406654,420367,-13713,-3.056100947384608,90.62755594382996,93.68365689121457,42055,28342,13713,3.056100947384608,9.372444056170034,6.316343108785427,1272.5999755859375,2017-08-07,2017-08-07,1258.199951171875,-0.011315436657487243,2017-08-08,2017-08-08,1256.4000244140625,-0.01272980628843412,2017-08-09,2017-08-09,1273.0,0.000314336336426857,2017-08-10,2017-08-10,1283.699951171875,0.008722281784444341,2017-08-11,2017-08-11,1287.699951171875,0.011865453304747309,-0.011315436657487243,-0.0014305570081576402,0.013212333065401705,0.008405303355754068,0.003115992951739477,0.023446193883988053,0.016697311839387163,9.31595980278323,38841.0,5.938689978811695,-3.377269823971531,-9.67450325567097,-40042.0,-3.8289623447615497,5.8455409109094205,-0.35854345288773715,-1201.0,-0.018309863895765943,0.3402335889919783,0.35854345288773715,1201.0,0.018309863895758838,-0.3402335889919774,-0.01272980628843412,0.0008643529836869224,0.009822411000946829,0.031824611643067824,-0.004400420944027705,0.04934783123754993,-0.038425291020100505,100.0,100 troy oz,127259.99755859375,30512620574.63379,14010562171.21582,16502058403.417969,4942905565.17334,4565197892.419434,16148148350.20752,34395323100.146484,-18247174749.938965,-5095744822.241211,-4601594251.721191,51750787047.19238,53495903393.71338,-1745116346.520996,-152839257.0678711,-36396359.30175781,5351919197.32666,3606802850.805664,1745116346.520996,152839257.0678711,36396359.30175781
2017-08-08,GOLD - COMMODITY EXCHANGE INC.,448727,246377,97540,148837,33.16871951097215,54.90576675796197,21.737047246989817,36408,8.113619193852832,125168,284679,-159511,-35.54744867146395,27.894020194906926,63.44146886637086,407953,418627,-10674,-2.3787291604917913,90.91340614672173,93.29213530721351,40774,30100,10674,2.3787291604917913,9.086593853278274,6.707864692786483,1256.4000244140625,2017-08-14,2017-08-14,1284.199951171875,0.0221266525132211,2017-08-15,2017-08-15,1273.699951171875,0.013769441596342302,2017-08-16,2017-08-16,1276.9000244140625,0.01631645940914428,2017-08-17,2017-08-17,1286.4000244140625,0.023877745476796663,2017-08-18,2017-08-18,1285.699951171875,0.023320539787061056,0.0221266525132211,-0.008176296837901553,0.0025124231489868087,0.007439893349801885,-0.0005442111543074724,0.001168042405414571,-0.01272980628843412,4.2698117556117765,19165.0,1.4711354044566889,-2.798676351155084,-3.59243996871896,-16126.0,-0.38510948602214157,3.207330482696811,0.6773717868928166,3039.0,0.28585020289176555,-0.39152158400105463,-0.6773717868928166,-3039.0,-0.2858502028917602,0.3915215840010564,0.013769441596342302,0.022843004309283987,0.0451289000876276,0.06590251922068147,0.013769441596342302,0.05547592312757277,-0.03724932180732066,100.0,100 troy oz,125640.00244140625,30954806881.506348,12254925838.134766,18699881043.371582,2407890646.789551,11128814496.252441,15726107825.585938,35767070255.01709,-20040962429.431152,-2026070679.3701172,-10754156008.972168,51255215915.979004,52596297302.038574,-1341081386.0595703,381819967.4194336,374658487.28027344,5122845459.545898,3781764073.486328,1341081386.0595703,-381819967.4194336,-374658487.28027344
2017-08-15,GOLD - COMMODITY EXCHANGE INC.,477921,277730,89996,187734,39.281387509651175,58.1121147637371,18.83072725408593,37693,7.886868331795423,122138,318769,-196631,-41.14299225185752,25.556106553175105,66.69909880503263,437561,446458,-8897,-1.8616047422063478,91.55508964870764,93.41669439091397,40360,31463,8897,1.8616047422063478,8.44491035129237,6.583305609086021,1273.699951171875,2017-08-21,2017-08-21,1290.800048828125,0.013425530589458612,2017-08-22,2017-08-22,1285.0999755859375,0.008950321779924497,2017-08-23,2017-08-23,1288.9000244140625,0.011933794319614055,2017-08-24,2017-08-24,1286.5,0.01004950091765977,2017-08-25,2017-08-25,1292.5,0.014760186502973394,0.013425530589458612,-0.004415922704188335,0.002957006381073546,-0.001862071819847766,0.004663816556548683,0.0013169748276802284,0.013769441596342302,6.112667998679022,38897.0,3.2063480057751264,-2.9063199929038888,-5.595543580393574,-37120.0,-2.33791364173182,3.257629938661772,0.5171244182854435,1777.0,0.6416835019859093,0.12455908370046131,-0.5171244182854435,-1777.0,-0.641683501985904,-0.1245590837004622,0.008950321779924497,0.030933521178054812,0.05142498430634035,0.04263174288274563,0.0061239295965651586,0.04271023514133887,-0.06335868278681067,100.0,100 troy oz,127369.9951171875,35374468743.896484,11462790080.566406,23911678663.33008,4954310700.073242,16251901896.972656,15556716463.623047,40601605973.51074,-25044889509.887695,-4727974218.75,-15665999919.433594,55732142433.47168,56865353280.0293,-1133210846.5576172,226336481.3232422,585901977.5390625,5140653002.9296875,4007442156.3720703,1133210846.5576172,-226336481.3232422,-585901977.5390625
2017-08-22,GOLD - COMMODITY EXCHANGE INC.,500443,295711,87273,208438,41.65069748203092,59.08984639609306,17.43914891406214,37626,7.518538574822707,125036,344954,-219918,-43.94466502678627,24.9850632339747,68.92972826076097,458373,469853,-11480,-2.2939675447553465,91.59344820489046,93.88741574964581,42070,30590,11480,2.2939675447553465,8.406551795109534,6.112584250354186,1285.0999755859375,2017-08-28,2017-08-28,1309.699951171875,0.01914246055037183,2017-08-29,2017-08-29,1313.0999755859375,0.021788188103601502,2017-08-30,2017-08-30,1308.0999755859375,0.01789744022795836,2017-08-31,2017-08-31,1316.199951171875,0.02420043278870776,2017-09-01,2017-09-01,1324.5,0.03065911225786011,0.01914246055037183,0.002596033092175265,-0.003807783179471058,0.006192168593466496,0.006306069849596252,0.011300335481331025,0.008950321779924497,2.369309972379746,20704.0,0.9777316323559617,-1.3915783400237878,-2.801672774928747,-23287.0,-0.5710433192004061,2.2306294557283337,-0.4323628025489987,-2583.0,0.03835855618282835,0.4707213587318364,0.4323628025489987,2583.0,-0.03835855618283546,-0.4707213587318346,0.021788188103601502,0.04209787301666612,0.03338263577081024,0.016418937037421477,-0.0031125983005144686,0.03400519342649777,-0.07197883569939756,100.0,100 troy oz,128509.99755859375,38001819888.04932,11215453016.931152,26786366871.118164,2660670989.453125,15113675282.873535,16068376054.736328,44330037697.82715,-28261661643.09082,-2992612313.1469727,-14981052965.393066,58905513110.92529,60380807882.89795,-1475294771.9726562,-331941323.69384766,132622317.48046875,5406415597.290039,3931120825.317383,1475294771.9726562,331941323.69384766,-132622317.48046875
2017-08-29,GOLD - COMMODITY EXCHANGE INC.,538875,318883,87836,231047,42.87580607747623,59.17569009510555,16.29988401762932,53981,10.017350962653676,119030,367059,-248029,-46.027186267687306,22.088610531199258,68.11579679888658,491894,508876,-16982,-3.151380190211088,91.28165158895848,94.43303177916957,46981,29999,16982,3.151380190211088,8.718348411041521,5.566968220830434,1313.0999755859375,2017-09-04,2017-09-05,1339.199951171875,0.01987660960414761,2017-09-05,2017-09-05,1339.199951171875,0.01987660960414761,2017-09-06,2017-09-06,1333.9000244140625,0.015840415211982206,2017-09-07,2017-09-07,1345.0999755859375,0.024369812348614905,2017-09-08,2017-09-08,1346.0,0.02505523191361081,0.01987660960414761,0.0,-0.003957532072170977,0.008396394757391734,0.0006691133970695429,0.005077694949267686,0.021788188103601502,1.225108595445306,22609.0,0.08584369901249289,-1.1392648964328203,-2.0825212409010376,-28111.0,-2.8964527027754414,-0.8139314618743896,-0.8574126454557414,-5502.0,-0.31179661593198205,0.5456160295237567,0.8574126454557414,5502.0,0.3117966159319874,-0.5456160295237522,0.01987660960414761,0.011347212467515133,-0.005254759380361351,-0.012261043245205494,-0.014012660693144774,0.0018277545188374322,-0.08049649922863567,100.0,100 troy oz,131309.99755859375,41872525951.47705,11533744945.55664,30338781005.92041,2968787734.802246,13311551002.502441,15629829009.399414,48198516393.85986,-32568687384.46045,-3691255341.369629,-13740803384.521484,64590599939.086914,66820506317.62695,-2229906378.540039,-722467606.5673828,-429252382.01904297,6169074995.300293,3939168616.760254,2229906378.540039,722467606.5673828,429252382.01904297
2017-09-05,GOLD - COMMODITY EXCHANGE INC.,566817,336073,90775,245298,43.2764013782226,59.29127037474176,16.01486899651916,54858,9.678255945040464,125145,386952,-261807,-46.188981628991364,22.07855445408306,68.26753608307443,516076,532585,-16509,-2.9125802507687664,91.04808077386528,93.96066102463405,50741,34232,16509,2.9125802507687664,8.951919226134713,6.039338975365947,1339.199951171875,2017-09-11,2017-09-11,1331.0,-0.006123022304996062,2017-09-12,2017-09-12,1328.0,-0.008363165755848834,2017-09-13,2017-09-13,1323.4000244140625,-0.011798034150155567,2017-09-14,2017-09-14,1324.699951171875,-0.01082736001245499,2017-09-15,2017-09-15,1320.4000244140625,-0.01403817760100834,-0.006123022304996062,-0.002253944402704766,-0.0034638370376035565,0.0009822629090459056,-0.003245962796336377,-0.007963918546910254,0.01987660960414761,0.4005953007463745,14251.0,0.11558027963620532,-0.2850150211101621,-0.16179536130405836,-13778.0,-0.010056077116196604,0.15173928418785465,0.23879993944232147,473.0,-0.2335708150932021,-0.47237075453551824,-0.23879993944232147,-473.0,0.23357081509319144,0.4723707545355129,-0.008363165755848834,-0.024641577959380268,-0.031511314747993846,-0.050552534080242295,-0.05794502569839044,-0.004181582877924361,-0.10939367184997606,100.0,100 troy oz,133919.9951171875,45006894519.018555,12156587556.762695,32850306962.25586,1908493850.415039,12918056648.999023,16759417788.94043,51820609950.58594,-35061192161.64551,-1845149692.7246094,-13699479820.507812,69112895400.09766,71323780599.4873,-2210885199.3896484,63344157.69042969,-781423171.5087891,6795234472.241211,4584349272.8515625,2210885199.3896484,-63344157.69042969,781423171.5087891
2017-09-12,GOLD - COMMODITY EXCHANGE INC.,580606,351492,96732,254760,43.87829268040633,60.53881634016872,16.660523659762386,57172,9.846953011164198,123298,395396,-272098,-46.86448297124039,21.236087811700187,68.10057078294058,531962,549300,-17338,-2.9861902908340596,91.6218571630331,94.60804745386716,48644,31306,17338,2.9861902908340596,8.378142836966893,5.391952546132834,1328.0,2017-09-18,2017-09-18,1306.300048828125,-0.016340324677616702,2017-09-19,2017-09-19,1306.199951171875,-0.01641569941876886,2017-09-20,2017-09-20,1312.0,-0.012048192771084376,2017-09-21,2017-09-21,1290.5999755859375,-0.02816266898649289,2017-09-22,2017-09-22,1293.300048828125,-0.026129481304122737,-0.016340324677616702,-7.662684873954717e-05,0.004440398901348397,-0.01631099421803539,0.0020921069992749786,-0.009951771808982324,-0.008363165755848834,0.6018913021837307,9462.0,1.2475459654269656,0.6456546632432278,-0.6755013422490279,-10291.0,-0.8424666423828739,-0.16696530013385313,-0.07361004006529326,-829.0,0.5737763891678185,0.6473864292331086,0.07361004006529326,829.0,-0.5737763891678203,-0.6473864292331131,-0.01641569941876886,-0.02334337349397586,-0.042545180722891596,-0.02816266898649289,-0.06739457831325302,-0.001581306917121661,-0.09984937920627823,100.0,100 troy oz,132800.0,46678137600.0,12846009600.0,33832128000.0,1256553600.0,8901052800.0,16373974400.0,52508588800.0,-36134614400.0,-1366644800.0,-10022017600.0,70644553600.0,72947040000.0,-2302486400.0,-110091200.0,-1120964800.0,6459923200.0,4157436800.0,2302486400.0,110091200.0,1120964800.0
2017-09-19,GOLD - COMMODITY EXCHANGE INC.,570096,330646,94557,236089,41.412148129437846,57.99830204035812,16.586153910920267,63976,11.221969633184587,129222,382263,-253041,-44.38568241138335,22.666708764839605,67.05239117622295,523844,540796,-16952,-2.973534281945497,91.88698043838231,94.8605147203278,46252,29300,16952,2.973534281945497,8.113019561617692,5.139485279672195,1306.199951171875,2017-09-25,2017-09-25,1306.800048828125,0.0004594225070300162,2017-09-26,2017-09-26,1297.0,-0.007043294683651724,2017-09-27,2017-09-27,1283.4000244140625,-0.017455158176477692,2017-09-28,2017-09-28,1285.5,-0.015847459765485183,2017-09-29,2017-09-29,1281.5,-0.018909778054818527,0.0004594225070300162,-0.0074992718564046434,-0.010485717491085178,0.0016362595807930536,-0.003111629716063824,-0.019360306001528604,-0.01641569941876886,-2.4661445509684867,-18671.0,-2.540514299810603,-0.07436974884211978,2.478800559857042,19057.0,1.4306209531394174,-1.0481796067176248,0.012656008888562553,386.0,0.265123275349211,0.2524672664606413,-0.012656008888562553,-386.0,-0.2651232753492003,-0.25246726646063866,-0.007043294683651724,-0.026565573778152052,-0.011943022637492695,-0.017761408696318592,-0.034833870541167156,0.0037513585953408146,-0.08375433044963787,100.0,100 troy oz,130619.9951171875,43188978905.51758,12351034878.295898,30837944027.22168,-2438805928.833008,3611773484.9853516,16878977009.033203,49931191193.481445,-33052214184.448242,2489225246.948242,-4326526098.266602,68424500722.16797,70638770879.39453,-2214270157.2265625,50419318.115234375,-714752613.28125,6041436014.160156,3827165856.9335938,2214270157.2265625,-50419318.115234375,714752613.28125
2017-09-26,GOLD - COMMODITY EXCHANGE INC.,549637,303255,90661,212594,38.678982674019394,55.17368736093095,16.494704686911543,63295,11.515782234456559,134501,367972,-233471,-42.47730775038798,24.47087805224175,66.94818580262974,501051,521928,-20877,-3.7983250763685854,91.16034764762927,94.95867272399784,48586,27709,20877,3.7983250763685854,8.839652352370747,5.0413272760021615,1297.0,2017-10-02,2017-10-02,1272.699951171875,-0.018735581209040064,2017-10-03,2017-10-03,1271.5,-0.01966075558982272,2017-10-04,2017-10-04,1273.699951171875,-0.017964571185909772,2017-10-05,2017-10-05,1269.9000244140625,-0.020894352803344285,2017-10-06,2017-10-06,1271.5999755859375,-0.019583673410996538,-0.018735581209040064,-0.0009428390177670387,0.0017302014721785053,-0.0029833767005458256,0.0013386496095701972,-0.0008642850853609607,-0.007043294683651724,-2.733165455418451,-23495.0,-2.824614679427171,-0.09144922400872346,1.9083746609953707,19570.0,1.8041692874021464,-0.10420537359321713,-0.8247907944230883,-3925.0,-0.7266327907530439,0.09815800367003646,0.8247907944230883,3925.0,0.7266327907530545,-0.0981580036700338,-0.01966075558982272,-0.0049344829715207705,-0.010794140323824197,-0.016962220508866643,-0.009946048121867723,0.03415578167164601,-0.0747879722436392,100.0,100 troy oz,129700.0,39332173500.0,11758731700.0,27573441800.0,-3047301500.0,-2393354100.0,17444779700.0,47725968400.0,-30281188700.0,2538229000.0,1888172600.0,64986314700.0,67694061600.0,-2707746900.0,-509072500.0,-505181500.0,6301604200.0,3593857300.0,2707746900.0,509072500.0,505181500.0
2017-10-03,GOLD - COMMODITY EXCHANGE INC.,525127,287296,83441,203855,38.820133034484996,54.70981305474676,15.889680020261764,64511,12.284837763055414,126749,351172,-224423,-42.736899835658804,24.136827853071733,66.87372768873054,478556,499124,-20568,-3.9167668011738113,91.1314786708739,95.04824547204771,46571,26003,20568,3.9167668011738113,8.868521329126096,4.951754527952286,1271.5,2017-10-09,2017-10-09,1281.800048828125,0.008100706903755306,2017-10-10,2017-10-10,1290.5999755859375,0.015021608797434194,2017-10-11,2017-10-11,1285.800048828125,0.01124659758405433,2017-10-12,2017-10-12,1293.300048828125,0.017145142609614528,2017-10-13,2017-10-13,1301.5,0.023594180102241458,0.008100706903755306,0.00686528820611132,-0.003719143691780502,0.005832944248863159,0.006340331603099436,0.01536897364755574,-0.01966075558982272,0.14115036046560192,-8739.0,-0.4638743061841879,-0.6050246666497792,-0.25959208527082467,9048.0,-0.33405019917001866,-0.07445811389919754,-0.11844172480522586,309.0,-0.02886897675536204,0.08957274804987492,0.11844172480522586,-309.0,0.028868976755349607,-0.0895727480498758,0.015021608797434194,0.009044435705859222,0.002752654345261396,-0.0035391270153362075,0.03318910827516719,0.048210813077565806,-0.05434524230116988,100.0,100 troy oz,127150.0,36529686400.0,10609523150.0,25920163250.0,-1111163850.0,-5269477450.0,16116135350.0,44651519800.0,-28535384450.0,1150453200.0,4753375600.0,60848395400.0,63463616600.0,-2615221200.0,39289350.0,-516101850.0,5921502650.0,3306281450.0,2615221200.0,-39289350.0,516101850.0
2017-10-10,GOLD - COMMODITY EXCHANGE INC.,520005,279227,79115,200112,38.48270689704907,53.69698368284921,15.214276785800138,68514,13.175642541898636,124178,347175,-222997,-42.88362611897962,23.880154998509628,66.76378111748924,471919,494804,-22885,-4.400919221930558,90.75278122325747,95.15370044518802,48086,25201,22885,4.400919221930558,9.247218776742532,4.846299554811973,1290.5999755859375,2017-10-16,2017-10-16,1299.9000244140625,0.007205988690572207,2017-10-17,2017-10-17,1283.0,-0.005888715116771248,2017-10-18,2017-10-18,1279.9000244140625,-0.008290679818909186,2017-10-19,2017-10-19,1286.9000244140625,-0.002866845840590715,2017-10-20,2017-10-20,1277.4000244140625,-0.010227763382594346,0.007205988690572207,-0.013001018614243298,-0.0024161929742303467,0.005469177175150497,-0.007382080829725246,-0.017309023445969962,0.015021608797434194,-0.3374261374359264,-3743.0,-1.0128293718975527,-0.6754032344616263,-0.14672628332081672,1426.0,-0.25667285456210465,-0.10994657124129503,-0.48415242075674714,-2317.0,-0.37869744761643176,0.10545497314031138,0.48415242075674714,2317.0,0.3786974476164353,-0.10545497314031227,-0.005888715116771248,-0.012087382520563739,-0.01828604992435634,-0.013094703807343455,0.01634896636067107,0.0398264569861988,-0.08011779511085027,100.0,100 troy oz,129059.99755859375,36037035938.29346,10210581706.848145,25826454231.445312,-483071570.8618164,-7052870746.582031,16026412376.831055,44806404652.404785,-28779992275.57373,184039556.5185547,6336974940.124512,60905864987.854004,63859403031.98242,-2953538044.128418,-299032014.3432617,-715895806.4575195,6205979042.602539,3252440998.474121,2953538044.128418,299032014.3432617,715895806.4575195
2017-10-17,GOLD - COMMODITY EXCHANGE INC.,528800,284617,83893,200724,37.958396369137674,53.8231845688351,15.864788199697427,70277,13.289901664145235,126678,348302,-221624,-41.910741301059,23.955748865355524,65.86649016641452,481572,502472,-20900,-3.9523449319213313,91.06883509833585,95.02118003025718,47228,26328,20900,3.9523449319213313,8.931164901664147,4.978819969742814,1283.0,2017-10-23,2017-10-23,1277.699951171875,-0.004130981159879199,2017-10-24,2017-10-24,1275.0,-0.00623538581449723,2017-10-25,2017-10-25,1275.4000244140625,-0.0059235974948850245,2017-10-26,2017-10-26,1266.300048828125,-0.013016329829988349,2017-10-27,2017-10-27,1268.5,-0.01130163678877627,-0.004130981159879199,-0.0021131339712415764,0.0003137446384804399,-0.00713499718656363,0.0017373063942554001,-0.007200400347074476,-0.005888715116771248,-0.5243105279113962,612.0,0.12620088598589518,0.6505114138972896,0.9728848179206224,1373.0,0.07559386684589597,-0.8972909510747229,0.4485742900092271,1985.0,0.31605387507838145,-0.13252041493083766,-0.4485742900092271,-1985.0,-0.316053875078385,0.13252041493084032,-0.00623538581449723,-0.01247077162899457,-0.007248674067127814,-0.001169134840218189,0.04084179611384453,0.050038933103565775,-0.04341383567566248,100.0,100 troy oz,128300.0,36516361100.0,10763471900.0,25752889200.0,78519600.0,-4537329500.0,16252787400.0,44687146600.0,-28434359200.0,176155900.0,4030801100.0,61785687600.0,64467157600.0,-2681470000.0,254675500.0,-506528400.0,6059352400.0,3377882400.0,2681470000.0,-254675500.0,506528400.0
2017-10-24,GOLD - COMMODITY EXCHANGE INC.,526674,275521,84136,191385,36.33841807265975,52.31338550982202,15.974967437162269,80570,15.297888257252115,125468,336121,-210653,-39.996848145152406,23.822706266115283,63.81955441126769,481559,500827,-19268,-3.6584300724926613,91.43398003318941,95.09241010568206,45115,25847,19268,3.6584300724926613,8.566019966810588,4.907589894317927,1275.0,2017-10-30,2017-10-30,1274.0999755859375,-0.0007059015012255143,2017-10-31,2017-10-31,1267.0,-0.006274509803921524,2017-11-01,2017-11-01,1274.0999755859375,-0.0007059015012255143,2017-11-02,2017-11-02,1274.9000244140625,-7.841222426474559e-05,2017-11-03,2017-11-03,1266.5,-0.00666666666666671,-0.0007059015012255143,-0.005572541968437261,0.005603769207527698,0.0006279325354803245,-0.0065887710825977,-0.005964975850849097,-0.00623538581449723,-1.6199782964779246,-9339.0,-1.5097990590130834,0.11017923746484115,1.9138931559065924,10971.0,-0.1330425992402411,-2.0469357551468335,0.29391485942867,1632.0,0.3651449348535607,0.07123007542487869,-0.29391485942867,-1632.0,-0.3651449348535589,-0.07123007542488669,-0.006274509803921524,-0.0010196461397058432,0.005098039215686301,0.004784294577205861,0.047607804840686274,0.04423531326593144,-0.03262743183210781,100.0,100 troy oz,127500.0,35128927500.0,10727340000.0,24401587500.0,-1190722500.0,-2704147500.0,15997170000.0,42855427500.0,-26858257500.0,1398802500.0,2909295000.0,61398772500.0,63855442500.0,-2456670000.0,208080000.0,205147500.0,5752162500.0,3295492500.0,2456670000.0,-208080000.0,-205147500.0
2017-10-31,GOLD - COMMODITY EXCHANGE INC.,531918,268710,75615,193095,36.30164799837569,50.517184979639715,14.215536981264028,89354,16.79845389702924,128371,339019,-210648,-39.60159272669848,24.13360705973477,63.73519978643325,486435,503988,-17553,-3.2999447283227865,91.44924593640373,94.74919066472651,45483,27930,17553,3.2999447283227865,8.550754063596269,5.250809335273482,1267.0,2017-11-06,2017-11-06,1279.4000244140625,0.009786917453877164,2017-11-07,2017-11-07,1273.699951171875,0.005288043545284227,2017-11-08,2017-11-08,1281.5999755859375,0.011523264077298645,2017-11-09,2017-11-09,1285.5999755859375,0.014680328007843357,2017-11-10,2017-11-10,1272.4000244140625,0.004262055575424251,0.009786917453877164,-0.004455270543548773,0.006202421855158402,0.0031210986861724965,-0.010267541554563886,-0.005471314574349684,-0.006274509803921524,-0.036770074284056875,1710.0,-1.796200530182304,-1.75943045589824,0.3952554184539281,5.0,0.3109007936194885,-0.08435462483443956,0.35848534416987476,1715.0,0.015265903214313425,-0.3432194409555507,-0.35848534416987476,-1715.0,-0.015265903214318755,0.3432194409555551,0.005288043545284227,0.011444356748224083,0.011128631085980611,0.02186262918064319,0.05398581248150158,0.029045026699388243,-0.035043428898233975,100.0,100 troy oz,126700.0,34045557000.0,9580420500.0,24465136500.0,216657000.0,-1363292000.0,16264605700.0,42953707300.0,-26689101600.0,633500.0,1745292500.0,61631314500.0,63855279600.0,-2223965100.0,217290500.0,382000500.0,5762696100.0,3538731000.0,2223965100.0,-217290500.0,-382000500.0
2017-11-07,GOLD - COMMODITY EXCHANGE INC.,536843,272571,76781,195790,36.47062549013398,50.77294479019005,14.302319300056068,94638,17.628617677794068,123149,338436,-215287,-40.10241355480094,22.93948137537418,63.04189493017511,490358,509855,-19497,-3.631788064666951,91.3410438433583,94.97283190802524,46485,26988,19497,3.631788064666951,8.658956156641699,5.027168091974748,1273.699951171875,2017-11-13,2017-11-13,1277.300048828125,0.002826488022503071,2017-11-14,2017-11-14,1281.5,0.0061239295965651586,2017-11-15,2017-11-15,1276.5,0.0021983582754705466,2017-11-16,2017-11-16,1277.4000244140625,0.0029049802810963143,2017-11-17,2017-11-17,1295.800048828125,0.017351101910553224,0.002826488022503071,0.003288147664073371,-0.003901677721420249,0.0007050720047492298,0.014404277487392703,0.014483675951451724,0.005288043545284227,0.1689774917582909,2695.0,0.25575981055033736,0.08678231879203935,-0.5008208281024622,-4639.0,-1.1941256843605927,-0.6933048562581376,-0.33184333634416463,-1944.0,-0.10820209304542061,0.22364124329872936,0.33184333634416463,1944.0,0.10820209304542949,-0.2236412432987338,0.0061239295965651586,0.0058098647230488965,0.01648739954859768,-0.009499863429220379,0.04114000661290085,0.030069914655242558,-0.03917712511321003,100.0,100 troy oz,127369.9951171875,34717366939.086914,9779595595.092773,24937771343.99414,343262136.8408203,-550493118.8964844,15685487528.686523,43106591667.48047,-27421104138.793945,-590869407.3486328,982022662.3535156,62456896065.67383,64940228860.47363,-2483332794.7998047,-247607270.5078125,431529543.45703125,5920794223.022461,3437461428.2226562,2483332794.7998047,247607270.5078125,-431529543.45703125
2017-11-14,GOLD - COMMODITY EXCHANGE INC.,533054,271496,76412,195084,36.59741789762388,50.932175727037034,14.334757829413155,91605,17.18493811133581,122703,338494,-215791,-40.48201495533286,23.018868632446242,63.5008835877791,485804,506511,-20707,-3.8845970577089752,91.13598247081909,95.02057952852807,47250,26543,20707,3.8845970577089752,8.864017529180908,4.979420471471934,1281.5,2017-11-20,2017-11-20,1274.5999755859375,-0.005384334306720695,2017-11-21,2017-11-21,1281.0999755859375,-0.0003121532688743489,2017-11-22,2017-11-22,1291.5999755859375,0.007881369946107997,2017-11-23,2017-11-24,1286.699951171875,0.004057706727955468,2017-11-24,2017-11-24,1286.699951171875,0.004057706727955468,-0.005384334306720695,0.0050996392001434465,0.008196081648661036,-0.003793763167144415,0.0,0.009493155356742555,0.0061239295965651586,0.1267924074898943,-706.0,0.1592309368469813,0.03243852935708702,-0.37960140053191793,-504.0,0.07938725707206373,0.45898865760398877,-0.2528089930420241,-1210.0,-0.20506137253921963,0.04774762050283243,0.2528089930420241,1210.0,0.20506137253920897,-0.04774762050281467,-0.0003121532688743489,0.010300391082227911,-0.015528696382413165,-0.033554428404213854,0.036363617312475505,0.005774502078862653,-0.06422165339689812,100.0,100 troy oz,128150.0,34792212400.0,9792197800.0,25000014600.0,-90473900.0,-722766000.0,15724389450.0,43378006100.0,-27653616650.0,-64587600.0,747498950.0,62255782600.0,64909384650.0,-2653602050.0,-155061500.0,24732950.0,6055087500.0,3401485450.0,2653602050.0,155061500.0,-24732950.0
2017-11-21,GOLD - COMMODITY EXCHANGE INC.,531612,272934,71107,201827,37.965094843607744,51.34082752082346,13.375732677215712,84095,15.818867896134774,124856,349912,-225056,-42.334635034574085,23.48630203983356,65.82093707440765,481885,505114,-23229,-4.369540190966344,90.64599745679179,95.01553764775814,49727,26498,23229,4.369540190966344,9.354002543208205,4.98446235224186,1281.0999755859375,2017-11-27,2017-11-27,1293.800048828125,0.009913413070185229,2017-11-28,2017-11-28,1294.699951171875,0.010615858125918143,2017-11-29,2017-11-29,1282.0999755859375,0.0007805792046344795,2017-11-30,2017-11-30,1273.199951171875,-0.006166594773721168,2017-12-01,2017-12-01,1278.800048828125,-0.0017952749993306316,0.009913413070185229,0.0006955497834191249,-0.009731965753557725,-0.00694175538845565,0.004398443191185875,-0.011593754393181888,-0.0003121532688743489,1.3676769459838667,6743.0,0.4086517937864258,-0.9590251521974427,-1.8526200792412268,-9265.0,0.4674334073873183,2.3200534866285523,-0.4849431332573686,-2522.0,-0.48998501402729744,-0.005041880769937279,0.4849431332573686,2522.0,0.48998501402729744,0.005041880769926621,0.010615858125918143,-0.015221294490370463,-0.03325265506031527,-0.01592383483165094,0.03723368523238868,0.008274120512014926,-0.048473949550685735,100.0,100 troy oz,128109.99755859375,34965574073.65723,9109517596.398926,25856056477.2583,863845713.5375977,1337724594.506836,15995301855.175781,44827225465.72266,-28831923610.546875,-1186939127.380371,-1845168294.8364258,61734286173.52295,64710153306.81152,-2975867133.288574,-323093413.84277344,-507443700.32958984,6370525848.596191,3394658715.307617,2975867133.288574,323093413.84277344,507443700.32958984
2017-11-28,GOLD - COMMODITY EXCHANGE INC.,503810,287384,62967,224417,44.54397491117683,57.04213890157004,12.498163990393204,52355,10.391814374466565,116831,363372,-246541,-48.93531291558325,23.189496040173875,72.12480895575713,456570,478694,-22124,-4.391338004406423,90.62344931621048,95.0147873206169,47240,25116,22124,4.391338004406423,9.376550683789524,4.985212679383101,1294.699951171875,2017-12-04,2017-12-04,1274.300048828125,-0.015756471084505286,2017-12-05,2017-12-05,1261.5999755859375,-0.02556575023887009,2017-12-06,2017-12-06,1262.800048828125,-0.024638837990900053,2017-12-07,2017-12-07,1249.800048828125,-0.034679774493781124,2017-12-08,2017-12-08,1245.199951171875,-0.03823279668404711,-0.015756471084505286,-0.009966313078200728,0.0009512311869142032,-0.010294583067259166,-0.0036806668879260096,-0.022836142620422217,0.010615858125918143,6.578880067569088,22590.0,5.701311380746581,-0.8775686868225083,-6.600677881009169,-21485.0,-0.2968059996596857,6.30387188134948,-0.02179781344007914,1105.0,-0.022548140581307052,-0.0007503271412332424,0.02179781344007914,-1105.0,0.022548140581319487,0.0007503271412403478,-0.02556575023887009,-0.04340770316783171,-0.026260910853688868,-0.008187206291575988,0.01606553611846384,0.0030895189239634746,-0.06449370753773598,100.0,100 troy oz,129469.9951171875,37207605076.75781,8152337182.543945,29055267894.213867,2924727189.6972656,4055259187.060547,15126108999.536133,47045771065.72266,-31919662066.186523,-2781662845.0927734,-4647066534.741211,59112115670.6543,61976509842.62695,-2864394171.9726562,143064344.6044922,-591807347.6806641,6116162569.3359375,3251768397.3632812,2864394171.9726562,-143064344.6044922,591807347.6806641
2017-12-05,GOLD - COMMODITY EXCHANGE INC.,472795,251234,77905,173329,36.66049767869796,53.13804079992386,16.477543121225903,44905,9.497773876627292,132509,322399,-189890,-40.16328429869182,28.026734631288402,68.19001892998023,428648,445209,-16561,-3.502786619993866,90.66254930783954,94.16533592783341,44147,27586,16561,3.502786619993866,9.33745069216045,5.834664072166584,1261.5999755859375,2017-12-11,2017-12-11,1243.699951171875,-0.014188351902709062,2017-12-12,2017-12-12,1238.5,-0.018310063437666835,2017-12-13,2017-12-13,1245.4000244140625,-0.012840798577497647,2017-12-14,2017-12-14,1253.800048828125,-0.0061825673024366035,2017-12-15,2017-12-15,1254.300048828125,-0.005786245164139392,-0.014188351902709062,-0.004181033509710552,0.005571275263675846,0.0067448404122318895,0.00039878766990586456,0.008523034552073483,-0.02556575023887009,-7.883477232478874,-51088.0,-3.904098101646184,3.979379130832699,8.772028616891433,56651.0,4.837238591114527,-3.9347900257769055,0.888551384412557,5563.0,0.039099991629058195,-0.849451392783493,-0.888551384412557,-5563.0,-0.03909999162907418,0.8494513927834833,-0.018310063437666835,-0.0007133992006019829,0.01783449622337696,0.04129674745890832,0.057070387914806675,0.028455948881410675,-0.016249207670188004,100.0,100 troy oz,126159.99755859375,31695680826.635742,9828494609.802246,21867186216.833496,-6445261955.2734375,-2833679705.163574,16717335116.4917,40673857052.89307,-23956521936.401367,7147090021.691895,3204085457.9956055,54078230633.49609,56167566353.063965,-2089335719.567871,701828066.418457,370405752.83203125,5569585412.219238,3480249692.651367,2089335719.567871,-701828066.418457,-370405752.83203125
2017-12-12,GOLD - COMMODITY EXCHANGE INC.,446618,201912,94844,107068,23.973059751286335,45.20910487262045,21.236045121334115,45407,10.166854000510503,155730,275193,-119463,-26.748362134978887,34.868724502818964,61.61708663779785,403049,415444,-12395,-2.7753023836925514,90.24468337594992,93.01998575964247,43569,31174,12395,2.7753023836925514,9.755316624050083,6.980014240357532,1238.5,2017-12-18,2017-12-18,1262.199951171875,0.019136012250201784,2017-12-19,2017-12-19,1260.699951171875,0.01792486973909968,2017-12-20,2017-12-20,1266.0999755859375,0.022285002491673422,2017-12-21,2017-12-21,1267.300048828125,0.023253975638372948,2017-12-22,2017-12-22,1275.4000244140625,0.02979412548571858,0.019136012250201784,-0.001188401250219795,0.004283354186730204,0.0009478503003936822,0.006391521560681346,0.01045798902933881,-0.018310063437666835,-12.687437927411622,-66261.0,-7.928935927303407,4.758502000108212,13.414922163712934,70427.0,6.841989871530561,-6.572932292182379,0.7274842363013145,4166.0,-0.4178659318896223,-1.1453501681909444,-0.7274842363013145,-4166.0,0.41786593188963295,1.145350168190948,0.01792486973909968,0.03681871262489911,0.060718571798042076,0.05910371511657253,0.07056925669282399,0.045700424372981496,0.002745276071104197,100.0,100 troy oz,123850.0,25006801200.0,11746429400.0,13260371800.0,-8206424850.0,-10900781600.0,19287160500.0,34082653050.0,-14795492550.0,8722383950.0,11930222800.0,49917618650.0,51452739400.0,-1535120750.0,515959100.0,1029441200.0,5396020650.0,3860899900.0,1535120750.0,-515959100.0,-1029441200.0
2017-12-19,GOLD - COMMODITY EXCHANGE INC.,453595,197473,83678,113795,25.087357664877256,43.53509187711504,18.44773421223779,56410,12.43620410277891,156226,284443,-128217,-28.266845974933585,34.44173767347524,62.70858364840882,410109,424531,-14422,-3.1794883100563274,90.41303365336918,93.59252196342553,43486,29064,14422,3.1794883100563274,9.586966346630806,6.407478036574476,1260.699951171875,2017-12-25,2017-12-26,1284.0999755859375,0.01856113692422312,2017-12-26,2017-12-26,1284.0999755859375,0.01856113692422312,2017-12-27,2017-12-27,1287.0,0.020861465730745765,2017-12-28,2017-12-28,1294.0999755859375,0.02649323844505247,2017-12-29,2017-12-29,1306.300048828125,0.036170460396911075,0.01856113692422312,0.0,0.0022584101465614737,0.005516686546960026,0.009427458057607696,0.017288430546116507,0.01792486973909968,1.1142979135909208,6727.0,-1.6740129955054073,-2.7883109090963245,-1.5184838399546976,-8754.0,-0.42698682934372556,1.091497010610972,-0.4041859263637759,-2027.0,0.16835027741926467,0.5725362037830592,0.4041859263637759,2027.0,-0.1683502774192771,-0.5725362037830557,0.01856113692422312,0.04204013806039586,0.04045371775623008,0.05925285645704248,0.039977811030462496,0.011818850631517996,-0.009121916748953796,100.0,100 troy oz,126069.9951171875,24895420145.776367,10549285051.416016,14346135094.360352,848072857.1533203,-11098193810.15625,19695411057.177734,35859727621.118164,-16164316563.94043,-1103616737.2558594,12208492257.15332,51702439627.51465,53520621097.09473,-1818181469.5800781,-255543880.10253906,1110298446.9970703,5482279807.666016,3664098338.0859375,1818181469.5800781,255543880.10253906,-1110298446.9970703
2017-12-26,GOLD - COMMODITY EXCHANGE INC.,456470,202590,66642,135948,29.7824610598725,44.38188709006069,14.599426030188184,57643,12.627993077310668,155469,304938,-149469,-32.74453961925209,34.058974302801936,66.80351392205402,415702,429223,-13521,-2.9620785593795866,91.06885447017329,94.03093302955287,40768,27247,13521,2.9620785593795866,8.931145529826713,5.969066970447127,1284.0999755859375,2018-01-01,2018-01-02,1313.699951171875,0.023051145665220485,2018-01-02,2018-01-02,1313.699951171875,0.023051145665220485,2018-01-03,2018-01-03,1316.199951171875,0.024998034573818995,2018-01-04,2018-01-04,1319.4000244140625,0.027490109414586295,2018-01-05,2018-01-05,1320.300048828125,0.028191008434268694,0.023051145665220485,0.0,0.0019030220696665268,0.002431297189563253,0.0006821467313995466,0.005024052600719475,0.01856113692422312,4.695103394995243,22153.0,0.8467952129456435,-3.848308182049607,-4.477693644318503,-21252.0,-0.38276337067330246,4.094930273645204,0.21740975067674073,901.0,0.6558208168041091,0.43841106612734393,-0.21740975067674073,-901.0,-0.6558208168040931,-0.43841106612734926,0.023051145665220485,0.021493634538341633,0.039950198429617334,0.04018376806088808,0.044544875266496975,-0.021415777994584606,-0.012927323340507724,100.0,100 troy oz,128409.99755859375,26014581405.395508,8557499057.299805,17457082348.095703,2844666675.9155273,-11360304074.01123,19963773910.43701,39157087835.52246,-19193313925.08545,-2728969268.1152344,12465015283.007812,53380292805.10254,55116524382.092285,-1736231576.989746,115697407.80029297,1104711208.996582,5235018780.46875,3498787203.479004,1736231576.989746,-115697407.80029297,-1104711208.996582
2018-01-02,GOLD - COMMODITY EXCHANGE INC.,500731,241428,78160,163268,32.605930130149716,48.21510950989653,15.60917937974681,60048,11.992067597172932,155104,332704,-177600,-35.468145571174944,30.975513798826114,66.44365937000106,456580,470912,-14332,-2.862215441025221,91.18269090589558,94.0449063469208,44151,29819,14332,2.862215441025221,8.81730909410442,5.9550936530791985,1313.699951171875,2018-01-08,2018-01-08,1318.5999755859375,0.003729941840746376,2018-01-09,2018-01-09,1311.699951171875,-0.0015224176557332436,2018-01-10,2018-01-10,1317.4000244140625,0.002816528415706232,2018-01-11,2018-01-11,1320.5999755859375,0.0052523594964797304,2018-01-12,2018-01-12,1333.4000244140625,0.014995869661572403,0.003729941840746376,-0.005232841302758584,0.004345561831495814,0.0024289897620870526,0.00969260113945225,0.011224062719664696,0.023051145665220485,2.8234690702772163,27320.0,3.8332224198358418,1.0097533495586255,-2.723605951922856,-28131.0,-3.0834605039758216,-0.35985455205296546,0.09986311835436545,-811.0,0.11383643572229118,0.013973317367927507,-0.09986311835436545,811.0,-0.11383643572229296,-0.013973317367928395,-0.0015224176557332436,0.016518287317305758,0.016746594213066013,0.016518287317305758,0.014539162949052331,-0.04727104962631823,-0.026946718169679307,100.0,100 troy oz,131369.9951171875,31716395181.152344,10267878818.359375,21448516362.79297,3589028266.6015625,-1321713520.8740234,20376011722.65625,43707322855.46875,-23331311132.8125,-3695569332.6416016,1614537239.9902344,59980912370.60547,61863707140.625,-1882794770.0195312,-106541066.04003906,292823719.11621094,5800116654.418945,3917321884.399414,1882794770.0195312,106541066.04003906,-292823719.11621094
2018-01-09,GOLD - COMMODITY EXCHANGE INC.,555455,289161,85873,203288,36.59846432204229,52.058402570865326,15.459938248823038,69270,12.470857225157754,150099,370370,-220271,-39.65595772834883,27.02271111071104,66.67866883905987,508530,525513,-16983,-3.0574934063065418,91.55197090673411,94.60946431304066,46925,29942,16983,3.0574934063065418,8.44802909326588,5.39053568695934,1311.699951171875,2018-01-15,2018-01-16,1335.4000244140625,0.018068212338510747,2018-01-16,2018-01-16,1335.4000244140625,0.018068212338510747,2018-01-17,2018-01-17,1338.0,0.020050354354765654,2018-01-18,2018-01-18,1326.0,0.01090192068342244,2018-01-19,2018-01-19,1331.9000244140625,0.015399919184369004,0.018068212338510747,0.0,0.0019469638598204053,-0.008968609865470878,0.004449490508342757,-0.0026209374988859224,-0.0015224176557332436,3.992534191892574,40020.0,3.843293060968797,-0.14924113092377134,-4.187812157173887,-42671.0,-3.9528026881150744,0.23500946905880937,-0.19527796528132058,-2651.0,0.3692800008385291,0.5645579661198639,0.19527796528132058,2651.0,-0.36928000083853973,-0.5645579661198585,0.018068212338510747,0.01829686734268643,0.018068212338510747,0.010978139018147814,0.023099832245213392,-0.044141118014087044,-0.02172752996944005,100.0,100 troy oz,131169.9951171875,37929246958.081055,11263960990.698242,26665285967.382812,5249423204.589844,12621176930.175781,19688485097.094727,48581431091.552734,-28892945994.458008,-5597154861.645508,-13222984867.773438,66703877616.94336,68931537644.01855,-2227660027.0751953,-347731657.05566406,-601807937.5976562,6155152020.874023,3927491993.798828,2227660027.0751953,347731657.05566406,601807937.5976562
2018-01-16,GOLD - COMMODITY EXCHANGE INC.,582333,301863,90152,211711,36.35565904731485,51.83683562497746,15.481176577662609,73170,12.564975709774304,158202,390709,-232507,-39.92681163526711,27.166930261551382,67.09374189681849,533235,554031,-20796,-3.571152587952254,91.56874159630316,95.1398941842554,49098,28302,20796,3.571152587952254,8.431258403696853,4.8601058157446,1335.4000244140625,2018-01-22,2018-01-22,1330.9000244140625,-0.0033697767842818527,2018-01-23,2018-01-23,1335.699951171875,0.00022459693899135047,2018-01-24,2018-01-24,1355.9000244140625,0.015351205350617514,2018-01-25,2018-01-25,1362.4000244140625,0.020218660705691338,2018-01-26,2018-01-26,1351.5999755859375,0.012131159858996599,-0.0033697767842818527,0.0036065269139398115,0.015123211784551671,0.0047938637679492135,-0.007927223014231655,0.015553347954132324,0.018068212338510747,-0.24280527472743785,8423.0,-0.22156694588786507,0.021238328839570997,-0.27085390691827627,-12236.0,0.14421915084034254,0.4150730577586188,-0.5136591816457123,-3813.0,0.01677068956904293,0.5304298712147357,0.5136591816457123,3813.0,-0.016770689569026942,-0.5304298712147402,0.00022459693899135047,0.0,-0.006964241918600789,-0.005466563347808928,0.008836248721045159,-0.0821477244545663,-0.036842947688109584,100.0,100 troy oz,133540.00244140625,40310785756.970215,12038898300.097656,28271887456.87256,1124807440.5639648,13075702879.052734,21126295466.23535,52175280813.879395,-31048985347.644043,-1633995469.8730469,-13926886854.614258,71208203201.84326,73985301092.61475,-2777097890.7714844,-509188029.30908203,-851183975.5615234,6556547039.868164,3779449149.0966797,2777097890.7714844,509188029.30908203,851183975.5615234
2018-01-23,GOLD - COMMODITY EXCHANGE INC.,582421,305812,91128,214684,36.860621440504374,52.50703528890613,15.646413848401759,64523,11.078412351202996,161458,396010,-234552,-40.27189953658951,27.721871292415624,67.99377082900514,531793,551661,-19868,-3.4112780960851343,91.30731893252475,94.71859702860989,50628,30760,19868,3.4112780960851343,8.692681067475245,5.281402971390111,1335.699951171875,2018-01-29,2018-01-30,1335.4000244140625,-0.00022454650653336294,2018-01-30,2018-01-30,1335.4000244140625,-0.00022454650653336294,2018-01-31,2018-01-31,1339.0,0.00247065130550439,2018-02-01,2018-02-01,1344.300048828125,0.0064386448833098076,2018-02-02,2018-02-02,1333.699951171875,-0.0014973422723010277,-0.00022454650653336294,0.0,0.0026958031452164466,0.003958214210698197,-0.007885217043241521,-0.00127308163180051,0.00022459693899135047,0.5049623931895226,2973.0,0.6701996639286705,0.16523727073914962,-0.3450879013224011,-2045.0,0.5549410308642422,0.9000289321866575,0.15987449186711977,928.0,-0.2614226637784043,-0.4212971556455045,-0.15987449186711977,-928.0,0.26142266377839185,0.4212971556455116,-0.00022454650653336294,-0.007187224628940836,-0.005689882356639808,-0.005165757727022768,-0.0032192310511354183,-0.08370137818731294,-0.03982926788699814,100.0,100 troy oz,133569.9951171875,40847307346.77734,12171966515.039062,28675340831.73828,397103595.48339844,10516767135.546875,21565944271.63086,52895053766.35742,-31329109494.726562,-273150640.01464844,-11364535894.555664,71031588413.35449,73685357076.34277,-2653768662.9882812,123952955.46875,-847768759.0087891,6762381712.792969,4108613049.8046875,2653768662.9882812,-123952955.46875,847768759.0087891
2018-01-30,GOLD - COMMODITY EXCHANGE INC.,559332,298327,91065,207262,37.055273075740345,53.33630115923995,16.281028083499603,57648,10.306579991847418,154690,379766,-225076,-40.240143599865554,27.65620418642237,67.89634778628792,510665,528479,-17814,-3.1848705241252064,91.29908533750975,94.48395586163495,48667,30853,17814,3.1848705241252064,8.700914662490256,5.51604413836505,1335.4000244140625,2018-02-05,2018-02-05,1333.0,-0.001797232567159468,2018-02-06,2018-02-06,1326.0999755859375,-0.006964241918600789,2018-02-07,2018-02-07,1311.5999755859375,-0.0178224115568425,2018-02-08,2018-02-08,1316.9000244140625,-0.013853526779825653,2018-02-09,2018-02-09,1313.0999755859375,-0.016699152628748548,-0.001797232567159468,-0.005176312388644022,-0.010934318880138072,0.0040409034208446215,-0.0028856016080763824,-0.01492875049817144,-0.00022454650653336294,0.19465163523597084,-7422.0,0.8292658703338205,0.6346142350978443,0.03175593672395394,9476.0,-0.06566710599325276,-0.09742304271722446,0.2264075719599279,2054.0,-0.00823359501499965,-0.23464116697493864,-0.2264075719599279,-2054.0,0.008233595015010309,0.23464116697493864,-0.006964241918600789,-0.005466563347808928,-0.004942321001404348,-0.01490192006158908,-0.023663303136303826,-0.08364540302535828,-0.02036848340939801,100.0,100 troy oz,133540.00244140625,39838588308.3374,12160820322.32666,27677767986.010742,-991133898.1201172,5874958867.407227,20657302977.661133,50713952567.163086,-30056649589.501953,1265425063.1347656,-6339945155.908203,68194205346.74072,70573086950.23193,-2378881603.491211,274291165.01464844,-464986288.50097656,6498991298.815918,4120109695.324707,2378881603.491211,-274291165.01464844,464986288.50097656
2018-02-06,GOLD - COMMODITY EXCHANGE INC.,535321,273828,82951,190877,35.6565499952365,51.152112470835256,15.495562475598753,60557,11.31227805372851,158650,364101,-205451,-38.37902865757181,29.6364237532247,68.01545241079651,493035,507609,-14574,-2.722478662335309,92.10081427778847,94.82329294012376,42286,27712,14574,2.722478662335309,7.8991857222115325,5.176707059876224,1326.0999755859375,2018-02-12,2018-02-12,1324.199951171875,-0.0014327912292004807,2018-02-13,2018-02-13,1328.0999755859375,0.0015081819145017494,2018-02-14,2018-02-14,1355.5,0.022170292553600257,2018-02-15,2018-02-15,1352.0999755859375,0.01960636488852341,2018-02-16,2018-02-16,1353.199951171875,0.020435846531075663,-0.0014327912292004807,0.002945192990387202,0.02063099534504098,-0.0025083175315843143,0.0008135312519776949,0.021900015910992776,-0.006964241918600789,-1.3987230805038422,-16385.0,-2.1841886884046957,-0.78546560790085,1.8611149422937459,19625.0,1.9802195668023295,0.11910462450859427,0.46239186178989744,3240.0,0.8017289402787213,0.33933707848881056,-0.46239186178989744,-3240.0,-0.8017289402787231,-0.33933707848882566,0.0015081819145017494,0.002036100815848707,-0.007993345736435842,0.005655682179381838,-0.010632664086813959,-0.08785159651973029,-0.008973700801709561,100.0,100 troy oz,132609.99755859375,36312330411.47461,11000131907.48291,25312198503.9917,-2172814809.9975586,-1645822679.699707,21038576112.6709,48283432721.08154,-27244856608.410645,2602471202.0874023,1965280163.8183594,65381370146.30127,67314028250.720215,-1932658104.4189453,429656392.08984375,319457484.11865234,5607546356.762695,3674888252.34375,1932658104.4189453,-429656392.08984375,-319457484.11865234
2018-02-13,GOLD - COMMODITY EXCHANGE INC.,511745,251860,76254,175606,34.315137421958205,49.215918084202094,14.90078066224389,64242,12.553517865343093,150847,345383,-194536,-38.014245376115056,29.47698560806652,67.49123098418157,466949,485879,-18930,-3.699107954156856,91.2464215576117,94.94552951176856,44796,25866,18930,3.699107954156856,8.7535784423883,5.054470488231443,1328.0999755859375,2018-02-19,2018-02-20,1328.800048828125,0.000527123902610338,2018-02-20,2018-02-20,1328.800048828125,0.000527123902610338,2018-02-21,2018-02-21,1330.0,0.0014306335735185804,2018-02-22,2018-02-22,1330.5999755859375,0.0018823884089727017,2018-02-23,2018-02-23,1328.199951171875,7.527715365962528e-05,0.000527123902610338,0.0,0.0009030336602811051,0.0004511094631109991,-0.001803715961294583,-0.0004516086952127685,0.0015081819145017494,-1.3414125732782978,-15271.0,-1.9361943866331615,-0.5947818133548637,0.3647832814567522,10915.0,-0.15943814515818033,-0.5242214266149432,-0.9766292918215469,-4356.0,-0.8543927201767758,0.12223657164479107,0.9766292918215469,4356.0,0.8543927201767669,-0.1222365716447813,0.000527123902610338,-0.009487219198523467,0.004141254499740121,-0.0016564650344974563,-0.029515813487294595,-0.10172425123818973,-0.014230874754533551,100.0,100 troy oz,132809.99755859375,33449525985.10742,10127293553.833008,23322232431.274414,-2028141472.7172852,-4795104961.853027,20033989701.72119,45870315386.779785,-25836325685.058594,1449621123.3520508,5042928417.297363,62015495549.98779,64529588803.77197,-2514093253.7841797,-578520349.3652344,247823455.44433594,5949356650.634766,3435263396.850586,2514093253.7841797,578520349.3652344,-247823455.44433594
2018-02-20,GOLD - COMMODITY EXCHANGE INC.,528154,257205,66283,190922,36.148926260143824,48.69886434638382,12.549938086239997,67636,12.806113368449354,154913,369791,-214878,-40.684724531102674,29.331028450035408,70.01575298113808,479754,503710,-23956,-4.535798270958849,90.83600616486858,95.37180443582743,48400,24444,23956,4.535798270958849,9.16399383513142,4.628195564172571,1328.800048828125,2018-02-26,2018-02-26,1330.699951171875,0.0014297879845996952,2018-02-27,2018-02-27,1315.5,-0.010009067082631717,2018-02-28,2018-02-28,1315.5,-0.010009067082631717,2018-03-01,2018-03-01,1302.9000244140625,-0.019491287975872518,2018-03-02,2018-03-02,1321.0999755859375,-0.005794756892866015,0.0014297879845996952,-0.011422523280690933,0.0,-0.00957808862480991,0.013968801006093878,-0.0072142300580106955,0.000527123902610338,1.8337888381856189,15316.0,-0.5170537378182729,-2.350842576003892,-2.6704791549876177,-20342.0,-0.14595715803111275,2.5245219969565085,-0.836690316801993,-5026.0,-0.41041539274311845,0.42627492405887324,0.836690316801993,5026.0,0.4104153927431202,-0.42627492405887235,-0.010009067082631717,0.0036122265061968584,-0.002182438521597052,-0.013320343612116314,-0.027920000220476138,-0.10249854623523158,0.00850385787370933,100.0,100 troy oz,132880.0048828125,34177401655.88379,8807685363.64746,25369716292.23633,2035190154.7851562,-3157494676.0253906,20584840196.411133,49137829885.62012,-28552989689.208984,-2703045059.326172,2614281216.064453,63749713862.54883,66932987259.521484,-3183273396.9726562,-667854904.5410156,-543213459.9609375,6431392236.328125,3248118839.3554688,3183273396.9726562,667854904.5410156,543213459.9609375
2018-02-27,GOLD - COMMODITY EXCHANGE INC.,532860,251981,73263,178718,33.53939120969861,47.28840596028976,13.749014750591149,72017,13.515182224223999,161527,361323,-199796,-37.49502683631723,30.313215478737384,67.80824231505461,485525,506603,-21078,-3.955635626618624,91.11680366325113,95.07243928986976,47335,26257,21078,3.955635626618624,8.883196336748865,4.9275607101302406,1315.5,2018-03-05,2018-03-05,1318.0999755859375,0.0019764162568889354,2018-03-06,2018-03-06,1333.5999755859375,0.013759008427166375,2018-03-07,2018-03-07,1326.0,0.007981755986316896,2018-03-08,2018-03-08,1319.9000244140625,0.003344754400655736,2018-03-09,2018-03-09,1322.4000244140625,0.005245172492635897,0.0019764162568889354,0.01175935079818946,-0.005698842025396944,-0.004600283247313319,0.0018940828500324525,0.0032623085560816723,-0.010009067082631717,-2.609535050445217,-12204.0,-1.4104583860940636,1.1990766643511517,3.189697694785444,15082.0,0.9821870287019756,-2.207510666083465,0.5801626443402248,2878.0,0.2807974983825545,-0.2993651459576654,-0.5801626443402248,-2878.0,-0.2807974983825545,0.29936514595766983,0.013759008427166375,0.007905757821408121,-0.003344754400655625,0.019612351826776786,-0.012770846695648097,-0.08217405973845493,0.007297586914433607,100.0,100 troy oz,131550.0,33148100550.0,9637747650.0,23510352900.0,-1605436200.0,-3754963200.0,21248876850.0,47532040650.0,-26283163800.0,1984037100.0,3325584000.0,63870813750.0,66643624650.0,-2772810900.0,378600900.0,-429379200.0,6226919250.0,3454108350.0,2772810900.0,-378600900.0,429379200.0
2018-03-06,GOLD - COMMODITY EXCHANGE INC.,508100,245587,61764,183823,36.178508167683525,48.33438299547333,12.155874827789805,62811,12.361936626648298,153421,358324,-204903,-40.327297776028345,30.195040346388506,70.52233812241685,461819,482899,-21080,-4.148789608344814,90.89135996851013,95.04014957685494,46281,25201,21080,4.148789608344814,9.108640031489864,4.95985042314505,1333.5999755859375,2018-03-12,2018-03-12,1319.4000244140625,-0.010647834007072476,2018-03-13,2018-03-13,1325.9000244140625,-0.005773808722883245,2018-03-14,2018-03-14,1324.4000244140625,-0.006898583788465418,2018-03-15,2018-03-15,1316.800048828125,-0.012597425813862362,2018-03-16,2018-03-16,1311.300048828125,-0.016721601054330182,-0.010647834007072476,0.004926481642962388,-0.0011313070158988081,-0.0057384290590751785,-0.004176792068693147,-0.006139135543471452,0.013759008427166375,2.6391169579849176,5105.0,1.0459770351835687,-1.5931399228013436,-2.8322709397111154,-5107.0,-0.11817513234887755,2.7140958073622414,-0.19315398172619025,-2.0,-0.2254436947410028,-0.0322897130148192,0.19315398172619025,2.0,0.22544369474099923,0.03228971301480943,-0.005773808722883245,-0.01687162598373193,0.005773900257312503,-0.0005998251143196631,-0.027069568271457456,-0.10565388946723397,-0.03869224394913939,100.0,100 troy oz,133359.99755859375,32751481720.422363,8236846889.208984,24514634831.21338,680802787.5366211,-940721422.7783203,20460224185.43701,47786087765.18555,-27325863579.748535,-681069507.5317383,73081278.66210938,61588180712.51221,64399409461.04736,-2811228748.5351562,-266719.9951171875,-867640144.1162109,6172034047.009277,3360805298.474121,2811228748.5351562,266719.9951171875,867640144.1162109
2018-03-13,GOLD - COMMODITY EXCHANGE INC.,526762,234431,66483,167948,31.883089516707734,44.50415937368299,12.621069856975256,82713,15.702157710692873,161604,350414,-188810,-35.84351187063607,30.678750555279233,66.52226242591532,478748,499610,-20862,-3.96042235392834,90.8850676396551,94.84548999358344,48014,27152,20862,3.96042235392834,9.114932360344898,5.15451000641656,1325.9000244140625,2018-03-19,2018-03-19,1316.800048828125,-0.006863244149919123,2018-03-20,2018-03-20,1311.0999755859375,-0.011162266049934977,2018-03-21,2018-03-21,1320.699951171875,-0.0039219195613828806,2018-03-22,2018-03-22,1326.5999755859375,0.0005279064476857442,2018-03-23,2018-03-23,1349.300048828125,0.017648407861221127,-0.006863244149919123,-0.004328731037988809,0.007322077465257593,0.00446734658302006,0.017111468159164644,0.024681044042277334,-0.005773808722883245,-4.29541865097579,-15875.0,-3.8302236217903385,0.4651950291854501,4.483785905392274,16093.0,0.48371020889072724,-4.00007569650154,0.1883672544164745,218.0,-0.0062923288550251755,-0.1946595832715019,-0.1883672544164745,-218.0,0.006292328855034057,0.1946595832715099,-0.011162266049934977,0.011614770443094224,0.005204030686334571,0.01214267689078019,-0.02322954088618867,-0.09842371038319431,-0.02232444003386924,100.0,100 troy oz,132590.00244140625,31083206862.34131,8814981132.312012,22268225730.029297,-2104866288.7573242,-1015374238.6962891,21427074754.541016,46461393115.50293,-25034318360.961914,2133770909.2895508,759210353.9794922,63477198488.81836,66243291119.75098,-2766092630.932617,28904620.532226562,-256163884.71679688,6366176377.22168,3600083746.2890625,2766092630.932617,-28904620.532226562,256163884.71679688
2018-03-20,GOLD - COMMODITY EXCHANGE INC.,545499,223882,75151,148731,27.265127892076794,41.04168843572582,13.776560543649024,102004,18.69920934777149,173307,340577,-167270,-30.663667577759078,31.77036071560168,62.434028293360754,499193,517732,-18539,-3.398539685682284,91.51125849909899,94.90979818478127,46306,27767,18539,3.398539685682284,8.48874150090101,5.090201815218727,1311.0999755859375,2018-03-26,2018-03-26,1354.4000244140625,0.03302574146473769,2018-03-27,2018-03-27,1341.300048828125,0.023034149801345993,2018-03-28,2018-03-28,1324.199951171875,0.009991591663391697,2018-03-29,2018-03-29,1322.800048828125,0.008923860468351252,2018-03-30,2018-04-02,1342.0999755859375,0.02364426861204527,0.03302574146473769,-0.00967216136281801,-0.012748898109106954,-0.001057168400067643,0.014590207170698477,-0.009081547996461548,-0.011162266049934977,-4.61796162463094,-19217.0,-3.462470937957171,1.1554906866737689,5.179844292876993,21540.0,1.0916101603224462,-4.088234132554561,0.561882668246056,2323.0,0.6261908594438808,0.06430819119782427,-0.561882668246056,-2323.0,-0.6261908594438879,-0.06430819119783315,0.023034149801345993,0.016551043891591677,0.023568015398866216,0.027534113536844762,-0.027076501152503485,-0.08717865066447827,-0.004652563267123377,100.0,100 troy oz,131109.99755859375,29353168473.413086,9853047426.525879,19500121046.887207,-2519540823.083496,-5531661906.994629,22722280346.887207,44653049638.51318,-21930769291.625977,2824109347.4121094,6241884763.769531,65449193011.26709,67879841256.00586,-2430648244.7387695,304568524.3286133,710222856.7749023,6071179546.948242,3640531302.2094727,2430648244.7387695,-304568524.3286133,-710222856.7749023
2018-03-27,GOLD - COMMODITY EXCHANGE INC.,529690,259032,55678,203354,38.391134437123604,48.902565651607546,10.511431214483943,63396,11.968509883139195,157443,383803,-226360,-42.73442957201382,29.723611923955524,72.45804149596934,479871,502877,-23006,-4.343295134890219,90.59468745870227,94.93798259359248,49819,26813,23006,4.343295134890219,9.405312541297741,5.062017406407522,1341.300048828125,2018-04-02,2018-04-02,1342.0999755859375,0.0005963816660645715,2018-04-03,2018-04-03,1332.800048828125,-0.006337135384007708,2018-04-04,2018-04-04,1335.800048828125,-0.004100499366122667,2018-04-05,2018-04-05,1324.300048828125,-0.012674270768015417,2018-04-06,2018-04-06,1331.9000244140625,-0.0070081443911637065,0.0005963816660645715,-0.006929384492203927,0.002250900277680712,-0.00860907289986157,0.0057388622711769255,-0.007599993560406637,0.023034149801345993,11.12600654504681,54623.0,7.860877215881729,-3.265129329165081,-12.070761994254745,-59090.0,-2.0467487916461558,10.024013202608586,-0.9447554492079355,-4467.0,-0.9165710403967182,0.028184408811213757,0.9447554492079355,4467.0,0.9165710403967307,-0.028184408811204875,-0.006337135384007708,0.0005218453339255191,0.004398644694678655,-0.007380917060811232,-0.06314774484366026,-0.10534559284596823,-0.0201297241609657,100.0,100 troy oz,134130.0048828125,34743963424.80469,7468090411.865234,27275873012.939453,7326583256.713867,3304426800.2929688,21117830358.76465,51479498264.038086,-30361667905.273438,-7925741988.525391,-3563029449.7070312,64365099573.12012,67450894465.4541,-3085794892.3339844,-599158731.8115234,-258602649.4140625,6682222713.256836,3596427820.9228516,3085794892.3339844,599158731.8115234,258602649.4140625
2018-04-03,GOLD - COMMODITY EXCHANGE INC.,493141,234677,68088,166589,33.781210647664665,47.58821513522501,13.807004487560354,52011,10.546882129046256,162608,351473,-188865,-38.29837713757323,32.97393646036326,71.27231359793649,449296,471572,-22276,-4.517166489908566,91.10903372463454,95.6262002145431,43845,21569,22276,4.517166489908566,8.890966275365464,4.373799785456898,1332.800048828125,2018-04-09,2018-04-09,1336.300048828125,0.0026260503239607935,2018-04-10,2018-04-10,1342.0,0.006902724215807288,2018-04-11,2018-04-11,1356.5,0.01778207555793032,2018-04-12,2018-04-12,1338.4000244140625,0.004201662200463918,2018-04-13,2018-04-13,1344.800048828125,0.009003601110722625,0.0026260503239607935,0.00426547254628451,0.0108047690014903,-0.013343144552847352,0.004781847203614964,0.006360846882744742,-0.006337135384007708,-4.609923789458939,-36765.0,-1.3143505163825324,3.2955732730764105,4.43605243444059,37495.0,3.2503245364077387,-1.1857278980328516,-0.17387135501834639,730.0,0.5143462659322751,0.6882176209506241,0.17387135501834639,-730.0,-0.5143462659322768,-0.6882176209506241,0.006902724215807288,0.0108042480613737,-0.001050438447457669,-0.02175870268424618,-0.060924422469509465,-0.09783915038772528,-0.03211288059732387,100.0,100 troy oz,133280.0048828125,31277751705.88379,9074768972.460938,22202982733.42285,-4900039379.516602,-2296947604.1503906,21672395033.984375,46844323156.17676,-25171928122.192383,4997333783.081055,2137544718.3105469,59882173073.828125,62851118462.59766,-2968945388.7695312,97294403.56445312,-159402885.83984375,5843661814.086914,2874716425.317383,2968945388.7695312,-97294403.56445312,159402885.83984375
2018-04-10,GOLD - COMMODITY EXCHANGE INC.,499588,234457,79085,155372,31.10002642177154,46.93007037799147,15.830043956219924,52761,10.56090218339912,166796,342448,-175652,-35.1593713219693,33.38671064957525,68.54608197154455,454014,474294,-20280,-4.059344900197763,90.87768321096583,94.9370281111636,45574,25294,20280,4.059344900197763,9.122316789034164,5.062971888836401,1342.0,2018-04-16,2018-04-16,1347.5,0.004098360655737654,2018-04-17,2018-04-17,1347.199951171875,0.0038747773262854945,2018-04-18,2018-04-18,1351.199951171875,0.006855403257731041,2018-04-19,2018-04-19,1346.800048828125,0.0035767875023287043,2018-04-20,2018-04-20,1336.699951171875,-0.00394936574375937,0.004098360655737654,-0.00022267074443416135,0.002969121247755835,-0.0032562925568003775,-0.007499329737208016,-0.008014878536641956,0.006902724215807288,-2.6811842258931264,-11217.0,-0.6581447572335435,2.0230394686595705,3.13900581560393,13213.0,0.41277418921198716,-2.726231626391936,0.4578215897108029,1996.0,-0.2313505136687155,-0.6891721033795051,-0.4578215897108029,-1996.0,0.23135051366869952,0.6891721033795033,0.0038747773262854945,-0.007898640526033951,-0.02846494126071164,-0.02235469448584204,-0.06572276540378164,-0.1153502599315388,-0.02868852459016391,100.0,100 troy oz,134200.0,31464129400.0,10613207000.0,20850922400.0,-1505321400.0,-1687699200.0,22384023200.0,45956521600.0,-23572498400.0,1773184600.0,1765803600.0,60928678800.0,63650254800.0,-2721576000.0,267863200.0,78104400.0,6116030800.0,3394454800.0,2721576000.0,-267863200.0,-78104400.0
2018-04-17,GOLD - COMMODITY EXCHANGE INC.,510229,237288,74219,163069,31.959963075403397,46.50617663833299,14.546213562929585,52500,10.289497460944007,173535,358797,-185262,-36.30957864017921,34.011198893046064,70.32077753322528,463323,485516,-22193,-4.349615564775816,90.80687299232305,95.15648855709887,46906,24713,22193,4.349615564775816,9.193127007676944,4.843511442901129,1347.199951171875,2018-04-23,2018-04-23,1322.5,-0.018334287460736287,2018-04-24,2018-04-24,1331.4000244140625,-0.0117279745624016,2018-04-25,2018-04-25,1321.199951171875,-0.019299288110412705,2018-04-26,2018-04-26,1316.300048828125,-0.02293638915060192,2018-04-27,2018-04-27,1320.300048828125,-0.019967267902846086,-0.018334287460736287,0.006729697099480125,-0.007661163478404176,-0.0037086758438069634,0.003038820824751154,-0.0016634791469753996,0.0038747773262854945,0.8599366536318591,7697.0,-0.42389373965848165,-1.283830393290339,-1.1502073182099082,-9610.0,0.6244882434708146,1.7746955616807298,-0.2902706645780535,-1913.0,-0.07081021864277659,0.21946044593526892,0.2902706645780535,1913.0,0.07081021864278014,-0.21946044593527247,-0.0117279745624016,-0.03221489304983882,-0.02612823073609527,-0.04327488781980715,-0.09018705790058268,-0.08899933691316864,-0.05537409314856789,100.0,100 troy oz,134719.9951171875,31967438201.367188,9998783317.60254,21968654883.76465,1036939802.4169922,1931615289.9902344,23378634352.661133,48337130088.06152,-24958495735.40039,-1294659153.0761719,-2423882152.1484375,62418872297.680664,65408713149.31641,-2989840851.635742,-257719350.6591797,-492266862.1582031,6319176090.966797,3329335239.3310547,2989840851.635742,257719350.6591797,492266862.1582031
2018-04-24,GOLD - COMMODITY EXCHANGE INC.,506410,225804,89158,136646,26.9832744219111,44.589166880590824,17.605892458679726,54354,10.733200371240695,175715,337515,-161800,-31.9503959242511,34.69816946742758,66.64856539167869,455873,481027,-25154,-4.967121502340001,90.0205367192591,94.9876582215991,50537,25383,25154,4.967121502340001,9.979463280740902,5.0123417784009,1331.4000244140625,2018-04-30,2018-04-30,1316.199951171875,-0.011416608805364103,2018-05-01,2018-05-01,1303.800048828125,-0.020730039867682848,2018-05-02,2018-05-02,1302.5999755859375,-0.0216314017575594,2018-05-03,2018-05-03,1310.699951171875,-0.015547598665019868,2018-05-04,2018-05-04,1312.699951171875,-0.014045420534235964,-0.011416608805364103,-0.009420986782980645,-0.0009204427038226326,0.006218313939622133,0.001525902246514832,-0.002659170437503633,-0.0117279745624016,-4.976688653492296,-26423.0,-1.9170097577421643,3.0596788957501406,4.35918271592811,23462.0,0.6869705743815189,-3.672212141546595,-0.6175059375641849,-2961.0,-0.7863362730639523,-0.1688303354997629,0.6175059375641849,2961.0,0.7863362730639576,0.16883033549977178,-0.020730039867682848,-0.014571146205739516,-0.03192128527915861,-0.029818290907467238,-0.08074207452963644,-0.07360672840841276,-0.046642612623705726,100.0,100 troy oz,133140.00244140625,30063545111.279297,11870496337.670898,18193048773.6084,-3517958284.5092773,-8881503282.861328,23394695528.9917,44936747924.01123,-21542052395.01953,3123730737.2802734,8595518557.617188,60694932332.97119,64043935954.382324,-3349003621.411133,-394227547.2290039,-285984725.2441406,6728496303.381348,3379492681.970215,3349003621.411133,394227547.2290039,285984725.2441406
2018-05-01,GOLD - COMMODITY EXCHANGE INC.,507756,209577,102798,106779,21.029589015196276,41.27514002788741,20.245551012691134,66156,13.029092713823175,179735,311607,-131872,-25.971529632343092,35.397907656433404,61.369437288776496,455468,480561,-25093,-4.941940617146819,89.702140398144,94.64408101529081,52288,27195,25093,4.941940617146819,10.29785960185601,5.3559189847091915,1303.800048828125,2018-05-07,2018-05-07,1312.199951171875,0.006442630793962678,2018-05-08,2018-05-08,1312.0,0.006289270489938437,2018-05-09,2018-05-09,1311.300048828125,0.00575241579929453,2018-05-10,2018-05-10,1320.800048828125,0.01303880914506772,2018-05-11,2018-05-11,1319.0,0.011658191902613302,0.006442630793962678,-0.00015237858505967594,-0.0005334993688071998,0.007244718711396203,-0.001362847336144557,0.005182174273099305,-0.020730039867682848,-5.9536854067148255,-29867.0,-3.314026852703414,2.639658554011408,5.978866291908009,29928.0,0.6997381890058207,-5.279128102902192,0.02518088519318251,61.0,-0.3183963211151024,-0.34357720630829647,-0.02518088519318251,-61.0,0.31839632111510774,0.34357720630829114,0.006289270489938437,-0.011428151446577162,-0.009280639057442697,-0.0039117176447677204,-0.06143587563771391,-0.06227954456296525,-0.01610676423802493,100.0,100 troy oz,130380.0048828125,27324650283.325195,13402803741.94336,13921846541.381836,-3894059605.834961,-7798028092.041016,23433850177.612305,40627322181.518555,-17193472003.90625,3902012786.1328125,7430747618.286133,59383920063.96484,62655545526.48926,-3271625462.524414,7953180.2978515625,-367280473.7548828,6817309695.3125,3545684232.788086,3271625462.524414,-7953180.2978515625,367280473.7548828
2018-05-08,GOLD - COMMODITY EXCHANGE INC.,491398,198548,91108,107440,21.864150851244815,40.40472285194486,18.540572000700042,57613,11.724304942226057,181586,316570,-134984,-27.46938326977318,36.95293835139744,64.42232162117062,437747,465291,-27544,-5.605232418528362,89.08196614556836,94.68719856409672,53651,26107,27544,5.605232418528362,10.918033854431641,5.31280143590328,1312.0,2018-05-14,2018-05-14,1316.5,0.003429878048780477,2018-05-15,2018-05-15,1288.9000244140625,-0.017606688708793783,2018-05-16,2018-05-16,1290.199951171875,-0.016615890875095296,2018-05-17,2018-05-17,1288.199951171875,-0.01814028111899768,2018-05-18,2018-05-18,1290.199951171875,-0.016615890875095296,0.003429878048780477,-0.020964660528627,0.0010085551502752033,-0.0015501473226560147,0.0015525540100980173,-0.019977249394701913,0.006289270489938437,0.8345618360485396,661.0,-0.8704171759425492,-1.7049790119910924,-1.4978536374300866,-3112.0,1.5550306949640387,3.052884332394129,-0.6632918013815434,-2451.0,-0.6201742525756373,0.04311754880590968,0.6632918013815434,2451.0,0.620174252575632,-0.043117548805911454,-0.017606688708793783,-0.015472598192168396,-0.010137232338509938,-0.011051829268292734,-0.0780487990960842,-0.06722557253953887,-0.02172256097560976,100.0,100 troy oz,131200.0,26049497600.0,11953369600.0,14096128000.0,86723200.0,-6288678400.0,23824083200.0,41533984000.0,-17709900800.0,-408294400.0,5335641600.0,57432406400.0,61046179200.0,-3613772800.0,-321571200.0,-953036800.0,7039011200.0,3425238400.0,3613772800.0,321571200.0,953036800.0
2018-05-15,GOLD - COMMODITY EXCHANGE INC.,519958,201468,109025,92443,17.77893599098389,38.74697571726947,20.968039726285586,65319,12.562360806065106,195925,314014,-118089,-22.711257447716932,37.6809280749599,60.39218552267683,462712,488358,-25646,-4.932321456733043,88.99026459829447,93.92258605502752,57246,31600,25646,4.932321456733043,11.009735401705523,6.077413944972478,1288.9000244140625,2018-05-21,2018-05-21,1290.199951171875,0.0010085551502752033,2018-05-22,2018-05-22,1291.699951171875,0.0021723381990665924,2018-05-23,2018-05-23,1289.300048828125,0.0003103610881258767,2018-05-24,2018-05-24,1303.699951171875,0.011482602589398372,2018-05-25,2018-05-25,1303.300048828125,0.011172336210179434,0.0010085551502752033,0.0011626104919919555,-0.001857941034659527,0.01116877514806447,-0.00030674415795639565,0.010153540654184168,-0.017606688708793783,-4.085214860260926,-14997.0,-1.6577471346753896,2.4274677255855437,4.758125822056247,16895.0,0.7279897235624588,-4.0301360984937915,0.6729109617953188,1898.0,-0.09170154727388535,-0.7646125090691953,-0.6729109617953188,-1898.0,0.0917015472738818,0.764612509069198,0.0021723381990665924,0.007603325760093371,0.006672337204623124,0.0048102653847752475,-0.0744045485278495,-0.06959428314307414,0.004499904296649593,100.0,100 troy oz,128890.00244140625,25967211011.865234,14052232516.174316,11914978495.690918,-1932963366.6137695,-9102985312.426758,25252773728.33252,40473265226.63574,-15220491498.303223,2177596591.2475586,8657928133.996582,59638950809.66797,62944463812.28027,-3305513002.6123047,244633224.63378906,-445057178.4301758,7378437079.760742,4072924077.1484375,3305513002.6123047,-244633224.63378906,445057178.4301758
2018-05-22,GOLD - COMMODITY EXCHANGE INC.,502942,189677,98720,90957,18.084987931013913,37.71349380246629,19.628505871452372,55606,11.056145639059773,203101,318676,-115575,-22.979786933682213,40.38258884722294,63.362375780905154,448384,473002,-24618,-4.8947990026683,89.152228288749,94.0470272914173,54558,29940,24618,4.8947990026683,10.847771711251,5.9529727085827,1291.699951171875,2018-05-28,2018-05-29,1298.699951171875,0.005419215192854487,2018-05-29,2018-05-29,1298.699951171875,0.005419215192854487,2018-05-30,2018-05-30,1301.5,0.00758693907144159,2018-05-31,2018-05-31,1300.0999755859375,0.0065030771321479275,2018-06-01,2018-06-01,1294.800048828125,0.002400013759725983,0.005419215192854487,0.0,0.0021560398347582055,-0.0010757006638973943,-0.004076553232318814,-0.0030029279205184833,0.0021723381990665924,0.3060519400300237,-1486.0,-1.0334819148031826,-1.3395338548332134,-0.26852948596528137,2514.0,2.7016607722630397,2.970190258228321,0.037522454064743194,1028.0,0.1619636904545274,0.12444123638977089,-0.037522454064743194,-1028.0,-0.16196369045452386,-0.124441236389778,0.005419215192854487,0.004490244675524613,0.0026322091372519285,-0.012464176042842667,-0.07672058475811705,-0.05628238284434328,-0.015251182098445115,100.0,100 troy oz,129169.9951171875,24500577163.842773,12751661917.96875,11748915245.874023,-191946612.74414062,-5901647906.90918,26234555178.2959,41163377363.96484,-14928822185.668945,324733367.7246094,5970883024.291992,57917759090.625,61097666030.41992,-3179906939.794922,132786754.98046875,69235117.3828125,7047256593.603516,3867349653.8085938,3179906939.794922,-132786754.98046875,-69235117.3828125
2018-05-29,GOLD - COMMODITY EXCHANGE INC.,469382,193652,78522,115130,24.52799638673831,41.25680149643574,16.728805109697433,52942,11.279086117490658,171361,308050,-136689,-29.121057049482086,36.507791095525604,65.6288481450077,417955,439514,-21559,-4.593060662743778,89.043678709452,93.63673937219578,51427,29868,21559,4.593060662743778,10.956321290547997,6.36326062780422,1298.699951171875,2018-06-04,2018-06-04,1293.0999755859375,-0.004311985675278129,2018-06-05,2018-06-05,1297.5,-0.000923963361045943,2018-06-06,2018-06-06,1297.0999755859375,-0.0012319824794739809,2018-06-07,2018-06-07,1298.699951171875,0.0,2018-06-08,2018-06-08,1298.0999755859375,-0.000461981680523027,-0.004311985675278129,0.0034026946849710082,-0.00030830398000958326,0.0012335021324896278,-0.000461981680523027,0.0038666770508091197,0.005419215192854487,6.443008455724396,24173.0,3.543307693969453,-2.8997007617549393,-6.141270115799873,-21114.0,-3.8747977516973364,2.2664723641025404,0.3017383399245217,3059.0,-0.10854957929700504,-0.410287919221517,-0.3017383399245217,-3059.0,0.10854957929699793,0.41028791922151964,-0.000923963361045943,-0.0027719840773761106,-0.017786999656920988,-0.03241701483699044,-0.07030101654768561,-0.06737506990821462,-0.01709398013901753,100.0,100 troy oz,129869.9951171875,25149584294.433594,10197651756.591797,14951932537.841797,3139347391.9677734,1084544329.2236328,22254652233.276367,40006451995.84961,-17751799762.573242,-2742075076.904297,-625583766.4794922,54279813809.2041,57079681033.93555,-2799867224.7314453,397272315.06347656,458960562.7441406,6678824238.891602,3878957014.1601562,2799867224.7314453,-397272315.06347656,-458960562.7441406
2018-06-05,GOLD - COMMODITY EXCHANGE INC.,450641,185321,73905,111416,24.7238932986568,41.12386578229677,16.39997248363997,50712,11.253303627499495,164024,298371,-134347,-29.812422748928746,36.39793094725069,66.21035369617945,400057,422988,-22931,-5.088529450271946,88.77510035704697,93.8636298073189,50584,27653,22931,5.088529450271946,11.224899642953037,6.136370192681092,1297.5,2018-06-11,2018-06-11,1298.9000244140625,0.001079016889450779,2018-06-12,2018-06-12,1295.0999755859375,-0.0018497297988920858,2018-06-13,2018-06-13,1296.9000244140625,-0.0004624089294316125,2018-06-14,2018-06-14,1304.0,0.005009633911368105,2018-06-15,2018-06-15,1274.5999755859375,-0.017649344442437376,0.001079016889450779,-0.0029255899273996633,0.0013898917937285038,0.005474574332855919,-0.022546030992379174,-0.018708174895205487,-0.000923963361045943,0.19589691191849212,-3714.0,-0.13293571413897354,-0.3288326260574621,-0.6913656994466599,2342.0,-0.10986014827491175,0.5815055511717588,-0.4954687875281678,-1372.0,-0.26857835240502936,0.22689043512312423,0.4954687875281678,1372.0,0.26857835240504,-0.2268904351231278,-0.0018497297988920858,-0.01687863153299618,-0.031522176812379565,-0.035375741359585766,-0.08077075054190752,-0.043468226908718655,0.019961483170761074,100.0,100 troy oz,129750.0,24045399750.0,9589173750.0,14456226000.0,-481891500.0,515886000.0,21282114000.0,38713637250.0,-17431523250.0,303874500.0,82650750.0,51907395750.0,54882693000.0,-2975297250.0,-178017000.0,598536750.0,6563274000.0,3587976750.0,2975297250.0,178017000.0,-598536750.0
2018-06-12,GOLD - COMMODITY EXCHANGE INC.,448695,192752,72512,120240,26.797713368769433,42.95835701311581,16.160643644346383,48368,10.77970559065735,159416,300003,-140587,-31.332419572315267,35.52881133063662,66.8612309029519,400536,420883,-20347,-4.534706203545839,89.26687393440979,93.80158013795563,48159,27812,20347,4.534706203545839,10.733126065590213,6.198419862044373,1295.0999755859375,2018-06-18,2018-06-18,1276.199951171875,-0.014593486812098488,2018-06-19,2018-06-19,1275.5999755859375,-0.015056752658170414,2018-06-20,2018-06-20,1271.199951171875,-0.018454192621885857,2018-06-21,2018-06-21,1267.199951171875,-0.021542757269715662,2018-06-22,2018-06-22,1267.4000244140625,-0.021388272484016424,-0.014593486812098488,-0.0004701266328889231,-0.00344937637055176,-0.0031466332234457717,0.00015788608735545218,-0.006895413802305739,-0.0018497297988920858,2.0738200701126317,8824.0,1.8344912308190402,-0.23932883929358795,-1.5199968233865206,-6240.0,-0.8691196166140713,0.6508772067724493,0.5538232467261075,2584.0,0.4917735773628209,-0.06204966936327594,-0.5538232467261075,-2584.0,-0.49177357736282445,0.06204966936328127,-0.015056752658170414,-0.0297274347353621,-0.03358814054514936,-0.03188937343553522,-0.07698243614495326,-0.041077872113931546,0.024168056071473654,100.0,100 troy oz,129509.99755859375,24963311049.414062,9391028942.96875,15572282106.445312,1142796218.4570312,3599989402.1362305,20645965770.80078,38853387797.5708,-18207422026.77002,-808142384.765625,-2913715925.073242,51873416382.12891,54508556302.45361,-2635139920.324707,334653833.69140625,686273477.0629883,6237071972.424316,3601932052.0996094,2635139920.324707,-334653833.69140625,-686273477.0629883
2018-06-19,GOLD - COMMODITY EXCHANGE INC.,468345,202915,106403,96512,20.607031141572985,43.32596696879437,22.718935827221387,56882,12.145320223339633,161475,275599,-114124,-24.367506859259734,34.47778880953143,58.84529566879117,421272,438884,-17612,-3.7604757176867483,89.94907600166545,93.70955171935219,47073,29461,17612,3.7604757176867483,10.05092399833456,6.290448280647813,1275.5999755859375,2018-06-25,2018-06-25,1265.5999755859375,-0.007839448252894954,2018-06-26,2018-06-26,1256.5999755859375,-0.014894951680500368,2018-06-27,2018-06-27,1252.800048828125,-0.0178738845987666,2018-06-28,2018-06-28,1247.800048828125,-0.021793608725214075,2018-06-29,2018-06-29,1251.300048828125,-0.019049801836700797,-0.007839448252894954,-0.007111251717457745,-0.003023974877956359,-0.0039910598699904876,0.0028049365788109792,-0.01129893096844603,-0.015056752658170414,-6.190682227196447,-23728.0,0.36760995567856014,6.558292182875004,6.964912713055533,26463.0,-1.051022521105189,-8.015935234160736,0.7742304858590905,2735.0,0.682202067255659,-0.09202841860343369,-0.7742304858590905,-2735.0,-0.6822020672556519,0.09202841860343991,-0.014894951680500368,-0.018814675806947845,-0.01708993977347706,-0.03911886592122371,-0.06177479481497816,-0.020696162526920636,0.055660082595553995,100.0,100 troy oz,127559.99755859375,25883836904.60205,13572766420.22705,12311070484.375,-3026743622.0703125,708595786.4379883,20597750605.773926,35155407767.15088,-14557657161.376953,3375620215.3930664,185089556.45751953,53737455291.50391,55984041968.50586,-2246586677.001953,348876593.3227539,893685342.8955078,6004631765.075684,3758045088.0737305,2246586677.001953,-348876593.3227539,-893685342.8955078
2018-06-26,GOLD - COMMODITY EXCHANGE INC.,468573,195118,118446,76672,16.36287195378308,41.640896936016375,25.278024982233294,51434,10.976731480473694,171601,266564,-94963,-20.26642593576668,36.622041816323176,56.88846775208985,418153,436444,-18291,-3.903553981983597,89.23967023281324,93.14322421479685,50420,32129,18291,3.903553981983597,10.760329767186755,6.856775785203159,1256.5999755859375,2018-07-02,2018-07-02,1239.800048828125,-0.013369351491495096,2018-07-03,2018-07-03,1251.5999755859375,-0.003978991005207155,2018-07-04,2018-07-05,1257.300048828125,0.000557117026730003,2018-07-05,2018-07-05,1257.300048828125,0.000557117026730003,2018-07-06,2018-07-06,1254.300048828125,-0.0018302775763942014,-0.013369351491495096,0.009517604688728643,0.004554229269235099,0.0,-0.0023860652855268727,0.01169543428692843,-0.014894951680500368,-4.244159187789904,-19840.0,-1.6850700327779933,2.5590891550119075,4.101080923493054,19161.0,2.144253006791743,-1.9568279167013145,-0.1430782642968489,-679.0,-0.7094057688522071,-0.5663275045553462,0.1430782642968489,679.0,0.7094057688521946,0.5663275045553462,-0.003978991005207155,-0.0022281766769149947,-0.024590183840847324,-0.026022562316720843,-0.04504215875027817,0.008674219820018703,0.1259748940821932,100.0,100 troy oz,125659.99755859375,24518527403.637695,14883924070.825195,9634603332.8125,-2493094351.5625,-4832632186.108398,21563381241.052246,33496431589.208984,-11933050348.156738,2407771213.220215,5243289058.129883,52545104959.11865,54843551974.46289,-2298447015.3442383,-85323138.34228516,410656872.0214844,6335777076.904297,4037330061.5600586,2298447015.3442383,85323138.34228516,-410656872.0214844
2018-07-03,GOLD - COMMODITY EXCHANGE INC.,494164,210483,132156,78327,15.850405938109615,42.59375430019184,26.743348362082227,59665,12.073926874478918,172917,266067,-93150,-18.85001740312933,34.991824576456395,53.84184197958572,443065,457888,-14823,-2.99961146501971,89.65950575112716,92.65911721614687,51099,36276,14823,2.99961146501971,10.340494248872844,7.340882783853134,1251.5999755859375,2018-07-09,2018-07-09,1258.0999755859375,0.005193352610091795,2018-07-10,2018-07-10,1253.800048828125,0.0017578086330318765,2018-07-11,2018-07-11,1242.800048828125,-0.007030941937892554,2018-07-12,2018-07-12,1245.0,-0.005273230836272402,2018-07-13,2018-07-13,1239.5999755859375,-0.009587727895553955,0.005193352610091795,-0.003417794166802879,-0.008773328737928576,0.0017701569725150357,-0.004337369007279102,-0.01470471374215232,-0.003978991005207155,-0.512466015673466,1655.0,0.9528573641754647,1.4653233798489325,1.4164085326373517,1813.0,-1.6302172398667807,-3.046625772504129,0.903942516963887,3468.0,0.4198355183139171,-0.4841069986499775,-0.903942516963887,-3468.0,-0.41983551831391175,0.48410699864997486,0.0017578086330318765,-0.02069353221418635,-0.022131632879672458,-0.022291486863445398,-0.03930964535920678,0.02133275308645466,0.12224353066831362,100.0,100 troy oz,125159.99755859375,26344051766.12549,16540644637.353516,9803407128.771973,207139795.95947266,-4141419159.2163086,21642291297.839355,33300945070.422363,-11658653772.583008,226915075.57373047,5156216419.421387,55454014318.29834,57309260962.109375,-1855246643.8110352,434054871.5332031,1014797260.2050781,6395550715.246582,4540304071.435547,1855246643.8110352,-434054871.5332031,-1014797260.2050781
2018-07-10,GOLD - COMMODITY EXCHANGE INC.,503593,214310,132876,81434,16.170598082181446,42.55619120996519,26.385593127783746,70367,13.972990093190335,165561,265955,-100394,-19.935543186660656,32.87595339887568,52.81149658553633,450238,469198,-18960,-3.7649451044792124,89.4051347020312,93.17007980651042,53355,34395,18960,3.7649451044792124,10.594865297968797,6.829920193489585,1253.800048828125,2018-07-16,2018-07-16,1238.0999755859375,-0.01252199125120601,2018-07-17,2018-07-17,1225.699951171875,-0.02241194493692511,2018-07-18,2018-07-18,1226.300048828125,-0.02193332184482133,2018-07-19,2018-07-19,1222.4000244140625,-0.025043885142141176,2018-07-20,2018-07-20,1229.5,-0.019381119701532334,-0.01252199125120601,-0.01001536601129005,0.0004895958881911966,-0.0031803182408656205,0.005808225985058257,-0.006946107548275737,0.0017578086330318765,0.3201921440718305,3107.0,-0.037563090226647944,-0.3577552342984802,-1.0855257835313274,-7244.0,-2.115871177580715,-1.030345394049391,-0.7653336394595023,-4137.0,-0.2543710490959512,0.5109625903635475,0.7653336394595023,4137.0,0.254371049095953,-0.5109625903635493,-0.02241194493692511,-0.023847522132423582,-0.02400709561654857,-0.03525288843583907,-0.053118595519675016,0.023448637102246872,0.11461153738683083,100.0,100 troy oz,125380.0048828125,26870188846.435547,16659993528.808594,10210195317.626953,389555675.17089844,-4865496469.482422,20758038988.40332,33345439198.6084,-12587400210.205078,-908252755.3710938,5039398536.254883,56450842638.427734,58828047531.00586,-2377204892.578125,-518697080.2001953,173902066.77246094,6689650160.522461,4312445267.944336,2377204892.578125,518697080.2001953,-173902066.77246094
2018-07-17,GOLD - COMMODITY EXCHANGE INC.,528278,218427,160586,57841,10.948970049860112,41.34698018846138,30.39801013860127,77094,14.593452689682326,181266,254901,-73635,-13.938683799060344,34.312615706124426,48.25129950518477,476787,492581,-15794,-2.9897137492002317,90.25304858426814,93.24276233346836,51491,35697,15794,2.9897137492002317,9.746951415731868,6.757237666531636,1225.699951171875,2018-07-23,2018-07-23,1224.0,-0.001386922770331922,2018-07-24,2018-07-24,1223.9000244140625,-0.001468488887587549,2018-07-25,2018-07-25,1231.4000244140625,0.004650463791515902,2018-07-26,2018-07-26,1225.300048828125,-0.00032626446902250805,2018-07-27,2018-07-27,1222.5999755859375,-0.002529147188896963,-0.001386922770331922,-8.167940027570264e-05,0.006127951507796325,-0.004953691298520191,-0.0022036016768054445,-0.0011438107958027244,-0.02241194493692511,-5.221628032321334,-23593.0,-1.2092110215038119,4.012417010817522,5.996859387600312,26759.0,1.4366623072487457,-4.560197080351564,0.7752313552789807,3166.0,0.8479138822369379,0.07268252695794786,-0.7752313552789807,-3166.0,-0.847913882236929,-0.07268252695794875,-0.001468488887587549,-0.0016317207144275203,-0.013135331832676123,-0.026678593843959097,0.0013054562454051233,0.049359551611433794,0.1497103755487288,100.0,100 troy oz,122569.9951171875,26772596323.461914,19683025235.88867,7089571087.573242,-2891793894.7998047,-4739904281.176758,22217772734.91211,31243214325.36621,-9025441590.454102,3279850499.3408203,4962736532.299805,58439780261.93848,60375650764.819336,-1935870502.8808594,388056604.5410156,222832251.12304688,6311251618.579102,4375381115.698242,1935870502.8808594,-388056604.5410156,-222832251.12304688
2018-07-24,GOLD - COMMODITY EXCHANGE INC.,496620,220620,172023,48597,9.78555032016431,44.424308324272076,34.638758004107764,58618,11.803390922637027,162640,228308,-65668,-13.22298739478877,32.74938584833475,45.97237324312351,441878,458949,-17071,-3.437437074624462,88.97708509524385,92.4145221698683,54742,37671,17071,3.437437074624462,11.022914904756153,7.58547783013169,1223.9000244140625,2018-07-30,2018-07-30,1221.300048828125,-0.0021243365749439302,2018-07-31,2018-07-31,1223.699951171875,-0.00016347188348431185,2018-08-01,2018-08-01,1217.9000244140625,-0.004902361206236994,2018-08-02,2018-08-02,1210.5999755859375,-0.010866940569342898,2018-08-03,2018-08-03,1214.199951171875,-0.007925543793359524,-0.0021243365749439302,0.001965039095882082,-0.004739664124574161,-0.005993963939393998,0.0029737119267618795,-0.0058135571705436595,-0.001468488887587549,-1.1634197296958018,-9244.0,3.0773281358106956,4.240747865506496,0.7156964042715739,7967.0,-1.563229857789679,-2.2789262620612547,-0.4477233254242301,-1277.0,-1.2759634890242921,-0.8282401636000571,0.4477233254242301,1277.0,1.275963489024285,0.8282401636000536,-0.00016347188348431185,-0.011684000770382452,-0.025247180159879257,-0.02557402418805388,0.007762071909875212,0.04787970783315565,0.16030717154843188,100.0,100 troy oz,122390.00244140625,27001682338.623047,21053895389.978027,5947786948.64502,-1131373182.5683594,-3436099318.5424805,19905509997.070312,27942616677.39258,-8037106680.322266,975081149.4506836,3585415121.520996,54081449498.80371,56170769230.48096,-2089319731.677246,-156292033.11767578,149315802.97851562,6699873513.647461,4610553781.970215,2089319731.677246,156292033.11767578,-149315802.97851562
2018-07-31,GOLD - COMMODITY EXCHANGE INC.,452655,209255,173918,35337,7.806607681346721,46.22836376489821,38.421756083551486,48128,10.632380068705748,145254,193172,-47918,-10.585987120433884,32.08933956324353,42.67532668367742,402637,415218,-12581,-2.7793794390871636,88.95008339684749,91.72946283593465,50018,37437,12581,2.7793794390871636,11.04991660315251,8.270537164065347,1223.699951171875,2018-08-06,2018-08-06,1208.5999755859375,-0.012339606266615455,2018-08-07,2018-08-07,1209.5999755859375,-0.011522412477368071,2018-08-08,2018-08-08,1212.5999755859375,-0.009070831109625921,2018-08-09,2018-08-09,1211.9000244140625,-0.009642826860058573,2018-08-10,2018-08-10,1211.0999755859375,-0.010296621793496996,-0.012339606266615455,0.0008274036241935345,0.0024801587802172342,-0.0005772317218930567,-0.0006601607492431327,0.0020685090604837253,-0.00016347188348431185,-1.978942638817589,-13260.0,1.8040554406261364,3.782998079443722,2.637000274354886,17750.0,-0.6600462850912194,-3.2970465594460947,0.6580576355372982,4490.0,-0.027001698396361462,-0.6850593339336513,-0.6580576355372982,-4490.0,0.02700169839635791,0.6850593339336575,-0.011522412477368071,-0.0250878094278546,-0.025414706894573813,-0.013320198911671799,-0.0008988932171518638,0.06905287519140502,0.1683419205849639,100.0,100 troy oz,122369.9951171875,25606533328.24707,21282344810.791016,4324188517.456055,-1622626135.2539062,-5260686090.087891,17774731270.751953,23638456696.777344,-5863725426.025391,2172067413.330078,5535039619.140625,49270687723.99902,50810224632.56836,-1539536908.569336,549441278.0761719,274353529.0527344,6120702415.771484,4581165507.202148,1539536908.569336,-549441278.0761719,-274353529.0527344
2018-08-07,GOLD - COMMODITY EXCHANGE INC.,459474,208292,195604,12688,2.7614184915795015,45.33270652964042,42.57128803806091,48577,10.572306594061907,154203,179812,-25609,-5.573547143037473,33.56076731218741,39.13431445522489,411072,423993,-12921,-2.8121286514579715,89.46578043588973,92.27790908734771,48402,35481,12921,2.8121286514579715,10.534219564110266,7.722090912652294,1209.5999755859375,2018-08-13,2018-08-13,1191.300048828125,-0.015128908008573583,2018-08-14,2018-08-14,1193.0,-0.013723525066951514,2018-08-15,2018-08-15,1177.5,-0.026537678764740447,2018-08-16,2018-08-16,1176.199951171875,-0.027612454603335612,2018-08-17,2018-08-17,1176.5,-0.02736439835814619,-0.015128908008573583,0.0014269714615955387,-0.012992455993294239,-0.0011040754378981443,0.00025510018753704955,-0.012423443483179364,-0.011522412477368071,-5.045189189767219,-22649.0,-0.8956572352577936,4.149531954509428,5.0124399773964115,22309.0,1.4714277489438814,-3.54101222845253,-0.03274921237080797,-340.0,0.5156970390422373,0.5484462514130541,0.03274921237080797,340.0,-0.5156970390422444,-0.5484462514130533,-0.013723525066951514,-0.01405423308789755,-0.001818742738324941,-0.013971581312140824,0.01173947877711301,0.08647484928665672,0.2172619495141963,100.0,100 troy oz,120959.99755859375,25194999811.47461,23660259362.45117,1534740449.0234375,-2739622984.70459,-8315515992.163086,18652394503.527832,21750059081.00586,-3097664577.4780273,2698496585.534668,9045993417.419434,49723268116.40625,51286192244.86084,-1562924128.4545898,-41126399.169921875,730477425.2563477,5854705801.831055,4291781673.376465,1562924128.4545898,41126399.169921875,-730477425.2563477
2018-08-14,GOLD - COMMODITY EXCHANGE INC.,476739,211779,215467,-3688,-0.7735889029427002,44.422419814615544,45.19600871755824,54392,11.409177768128892,164195,171545,-7350,-1.5417240880230063,34.441277092916664,35.98300118093968,430366,441404,-11038,-2.3153129909657064,90.27287467566111,92.58818766662681,46373,35335,11038,2.3153129909657064,9.727125324338894,7.411812333373187,1193.0,2018-08-20,2018-08-20,1186.800048828125,-0.005196941468461835,2018-08-21,2018-08-21,1192.5999755859375,-0.00033530965135164514,2018-08-22,2018-08-22,1196.300048828125,0.0027661767209765653,2018-08-23,2018-08-23,1187.0,-0.005029337803855838,2018-08-24,2018-08-24,1206.300048828125,0.011148406394069665,-0.005196941468461835,0.004887029422976141,0.00310252667946731,-0.007774010238681517,0.016259518810551876,0.01643073744330792,-0.013723525066951514,-3.535007394522202,-16376.0,-0.9102867150248741,2.6247206794973295,4.031823055014467,18259.0,0.8805097807292555,-3.151313274285208,0.4968156604922651,1883.0,0.8070942397713878,0.31027857927909963,-0.4968156604922651,-1883.0,-0.8070942397713718,-0.31027857927910674,-0.00033530965135164514,0.012070431193681896,-0.0002515078190485909,0.0020117555859702207,0.005196941468461835,0.09740146787248527,0.25917850056318104,100.0,100 troy oz,119300.0,25265234700.0,25705213100.0,-439978400.0,-1953656800.0,-7340409700.0,19588463500.0,20465318500.0,-876855000.0,2178298700.0,7907800500.0,51342663800.0,52659497200.0,-1316833400.0,224641900.0,567390800.0,5532298900.0,4215465500.0,1316833400.0,-224641900.0,-567390800.0
2018-08-21,GOLD - COMMODITY EXCHANGE INC.,483730,213500,222210,-8710,-1.8005912389142704,44.13619167717528,45.936782916089555,58806,12.156781675728196,166529,168214,-1685,-0.34833481487606727,34.42602278130362,34.77435759617969,438835,449230,-10395,-2.1489260537903374,90.7189961342071,92.86792218799744,44895,34500,10395,2.1489260537903374,9.2810038657929,7.132077812002563,1192.5999755859375,2018-08-27,2018-08-27,1209.0,0.013751488134992718,2018-08-28,2018-08-28,1207.4000244140625,0.012409902004948181,2018-08-29,2018-08-29,1204.5,0.009978219568733238,2018-08-30,2018-08-30,1197.699951171875,0.004276350570468379,2018-08-31,2018-08-31,1200.300048828125,0.0064565431828089714,0.013751488134992718,-0.0013233875814205875,-0.0024018753978987117,-0.005645536594541256,0.0021709090442110224,-0.007195989389474744,-0.00033530965135164514,-1.02700233597157,-5022.0,-0.2862281374402613,0.7407741985313123,1.193389273146939,5665.0,-0.015254311613041693,-1.2086435847599901,0.166386937175369,643.0,0.4461214585459885,0.27973452137062793,-0.166386937175369,-643.0,-0.44612145854599383,-0.2797345213706244,0.012409902004948181,8.382994129130239e-05,0.002347852494923419,0.0035217787423851288,0.02213652939334665,0.12367935856072076,0.26161328726064315,100.0,100 troy oz,119259.99755859375,25462009478.759766,26500764057.495117,-1038754578.7353516,-598923707.7392578,-6834432680.090332,19860248133.43506,20061201229.32129,-200953095.88623047,675607886.1694336,7630612423.791504,52335461028.62549,53575168703.24707,-1239707674.621582,76684178.43017578,796179743.7011719,5354177590.393066,4114469915.7714844,1239707674.621582,-76684178.43017578,-796179743.7011719
2018-08-28,GOLD - COMMODITY EXCHANGE INC.,479283,207370,210433,-3063,-0.6390796251901277,43.26671298585595,43.90579261104609,60824,12.690623285198932,165581,173843,-8262,-1.7238249635392868,34.54764721469362,36.2714721782329,433775,445100,-11325,-2.3629045887294144,90.5049834857485,92.86788807447792,45508,34183,11325,2.3629045887294144,9.495016514251496,7.132111925522082,1207.4000244140625,2018-09-03,2018-09-04,1192.699951171875,-0.012174981733432788,2018-09-04,2018-09-04,1192.699951171875,-0.012174981733432788,2018-09-05,2018-09-05,1194.9000244140625,-0.010352824041117703,2018-09-06,2018-09-06,1197.9000244140625,-0.007868146271249432,2018-09-07,2018-09-07,1193.5999755859375,-0.011429558182112887,-0.012174981733432788,0.0,0.0018446158566753912,0.002510670297685369,-0.003589655848139972,0.0007546109255545108,0.012409902004948181,1.1615116137241426,5647.0,-0.8694786913193298,-2.030990305043467,-1.3754901486632196,-6577.0,0.12162443338999651,1.4971145820532072,-0.21397853493907704,-930.0,-0.21401264845860624,-3.411351951854158e-05,0.21397853493907704,930.0,0.21401264845859558,3.411351951942976e-05,-0.012174981733432788,-0.009938711079472973,-0.008779174566508341,-0.006128892052701174,0.003147197847421346,0.0974821507304453,0.2762961477889896,100.0,100 troy oz,120740.00244140625,25037854306.274414,25407680933.75244,-369826627.47802734,681818793.7866211,-4636416093.75,19992250344.25049,20989804244.421387,-997553900.1708984,-794106996.0571289,4788065536.816406,52373994559.020996,53741375086.66992,-1367380527.6489258,-112288202.27050781,151649443.06640625,5494636031.103516,4127255503.45459,1367380527.6489258,112288202.27050781,-151649443.06640625
2018-09-04,GOLD - COMMODITY EXCHANGE INC.,473118,199762,213259,-13497,-2.852776685731678,42.2224476769009,45.075224362632575,55455,11.721177380695726,168732,162207,6525,1.3791485422241385,35.66383016499055,34.28468162276641,423949,430921,-6972,-1.4736281435075393,89.60745522258718,91.08108336609472,49169,42197,6972,1.4736281435075393,10.392544777412823,8.918916633905285,1192.699951171875,2018-09-10,2018-09-10,1193.0,0.00025157109114504195,2018-09-11,2018-09-11,1195.4000244140625,0.0022638327766633104,2018-09-12,2018-09-12,1204.699951171875,0.010061206079709839,2018-09-13,2018-09-13,1202.0,0.007797475650927366,2018-09-14,2018-09-14,1195.0,0.0019284387710967188,0.00025157109114504195,0.0020117555859702207,0.007779761224591786,-0.002241181440447937,-0.005823627287853572,0.0016764459346185756,-0.012174981733432788,-2.2136970605415502,-10434.0,-1.0442653089550546,1.1694317515864867,3.1029735057634253,14787.0,1.1161829502969312,-1.9867905554664844,0.8892764452218751,4353.0,-0.8975282631613197,-1.786804708383201,-0.8892764452218751,-4353.0,0.8975282631613268,1.7868047083832028,0.0022638327766633104,0.0034376606222055184,0.006120607970975689,0.008132869656493957,0.040580218324405504,0.07487218284899244,0.2961348936881858,100.0,100 troy oz,119269.9951171875,23825612764.59961,25435399888.69629,-1609787124.0966797,-1244463129.0527344,-3123084822.1435547,20124664816.11328,19346428097.973633,778236718.1396484,1763645417.7978516,3832622023.095703,50564395159.93652,51395945565.893555,-831550405.9570312,519182288.7451172,709537200.9521484,5864386389.916992,5032835983.959961,831550405.9570312,-519182288.7451172,-709537200.9521484
2018-09-11,GOLD - COMMODITY EXCHANGE INC.,469450,198367,205957,-7590,-1.6167856001704122,42.255192246245606,43.87197784641602,54025,11.508147832570028,169192,169179,13,0.0027691979976568323,36.04047289381191,36.03770369581425,421584,429161,-7577,-1.6140164021727552,89.80381297262754,91.41782937480029,47866,40289,7577,1.6140164021727552,10.196187027372456,8.582170625199701,1195.4000244140625,2018-09-17,2018-09-17,1199.699951171875,0.003597060958669518,2018-09-18,2018-09-18,1196.800048828125,0.0011711764977992978,2018-09-19,2018-09-19,1202.199951171875,0.005688411091630652,2018-09-20,2018-09-20,1206.199951171875,0.009034571304368244,2018-09-21,2018-09-21,1196.199951171875,0.0006691707725241525,0.003597060958669518,-0.0024171896822345884,0.004511950303676349,0.003327233540561192,-0.008290499423652453,-0.0029173961344094446,0.0022638327766633104,1.235991085561266,5907.0,0.032744569344707486,-1.2032465162165522,-1.3763793442264818,-6512.0,0.3766427288213592,1.7530220730478376,-0.14038825866521587,-605.0,0.19635775004036304,0.3367460087055747,0.14038825866521587,605.0,-0.1963577500403666,-0.3367460087055836,0.0011711764977992978,0.0038480638213072016,0.005855780372290953,-0.006859689706135708,0.03889911247307576,0.08440691178964932,0.24669568210742732,100.0,100 troy oz,119540.00244140625,23712791664.294434,24620100282.824707,-907308618.5302734,706122794.4213867,-466445089.5263672,20225212093.066406,20223658073.034668,1554020.0317382812,-778444495.8984375,880173037.9760742,50396152389.25781,51301906987.75635,-905754598.4985352,-72321701.47705078,413727948.44970703,5721901756.860352,4816147158.361816,905754598.4985352,72321701.47705078,-413727948.44970703
2018-09-18,GOLD - COMMODITY EXCHANGE INC.,469436,197797,208641,-10844,-2.310006049812967,42.13503012125189,44.44503617106485,56478,12.031032984261964,171293,169602,1691,0.36021949743948056,36.48910607622764,36.12888657878816,425568,434721,-9153,-1.9497865523734865,90.65516918174148,92.60495573411498,43868,34715,9153,1.9497865523734865,9.344830818258506,7.395044265885018,1196.800048828125,2018-09-24,2018-09-24,1199.300048828125,0.0020889036580904463,2018-09-25,2018-09-25,1200.0,0.002673755883456419,2018-09-26,2018-09-26,1194.0,-0.002339612895960963,2018-09-27,2018-09-27,1182.300048828125,-0.0121156412169251,2018-09-28,2018-09-28,1191.5,-0.00442851655405152,0.0020889036580904463,0.0005836330721065153,-0.0050000000000000044,-0.009798954080297295,0.0077814013295471884,-0.006503834328820957,0.0011711764977992978,-0.6932204496425549,-3254.0,-0.12016212499371903,0.5730583246488266,0.3574502994418237,1678.0,0.44863318241573324,0.09118288297391075,-0.3357701502007313,-1576.0,0.8513562091139448,1.1871263593146892,0.3357701502007313,1576.0,-0.8513562091139502,-1.187126359314683,0.002673755883456419,0.004679123794673057,-0.008021471644866773,0.0254846246287046,0.04378333907577847,0.09040770952325872,0.25760353791737534,100.0,100 troy oz,119680.0048828125,23672345925.805664,24970155898.754883,-1297809972.9492188,-389438735.8886719,-255397130.41992188,20500347076.3916,20297968188.134766,202378888.25683594,200823048.19335938,404039696.484375,50931980317.96875,52027411402.66113,-1095431084.6923828,-188615687.6953125,148642566.06445312,5250122454.199219,4154691369.506836,1095431084.6923828,188615687.6953125,-148642566.06445312
2018-09-25,GOLD - COMMODITY EXCHANGE INC.,460279,192940,210588,-17648,-3.8341962157734764,41.9180540498263,45.75225026559978,51897,11.27511791761084,167904,160824,7080,1.5381974845691417,36.478744413714296,34.94054692914515,412741,423309,-10568,-2.295998731204335,89.67191638115143,91.96791511235577,47538,36970,10568,2.295998731204335,10.328083618848568,8.032084887644233,1200.0,2018-10-01,2018-10-01,1187.0999755859375,-0.010750020345052125,2018-10-02,2018-10-02,1202.4000244140625,0.0020000203450520893,2018-10-03,2018-10-03,1198.300048828125,-0.0014166259765624467,2018-10-04,2018-10-04,1197.199951171875,-0.0023333740234374734,2018-10-05,2018-10-05,1201.199951171875,0.000999959309895937,-0.010750020345052125,0.012888593330627529,-0.0034098265990434307,-0.0009180485783387704,0.003341129437972823,0.011877664793125797,0.002673755883456419,-1.5241901659605093,-6804.0,-0.2169760714255844,1.3072140945349275,1.1779779871296612,5389.0,-0.010361662513346914,-1.1883396496430123,-0.3462121788308483,-1415.0,-0.9832528005900514,-0.637040621759212,0.3462121788308483,1415.0,0.983252800590062,0.6370406217592146,0.0020000203450520893,-0.010666707356770888,0.022750040690104223,0.027833353678385464,0.05624999999999991,0.09525004069010423,0.27674997965494796,100.0,100 troy oz,120000.0,23152800000.0,25270560000.0,-2117760000.0,-816480000.0,-1750200000.0,20148480000.0,19298880000.0,849600000.0,646680000.0,1841040000.0,49528920000.0,50797080000.0,-1268160000.0,-169800000.0,90840000.0,5704560000.0,4436400000.0,1268160000.0,169800000.0,-90840000.0
2018-10-02,GOLD - COMMODITY EXCHANGE INC.,459776,192490,214312,-21822,-4.7462242483296215,41.86603911469933,46.61226336302896,48629,10.576672118596882,169371,160496,8875,1.9302877923162585,36.83772097717149,34.907433184855236,410490,423437,-12947,-2.815936456013363,89.28043221046771,92.09636866648107,49286,36339,12947,2.815936456013363,10.719567789532295,7.9036313335189305,1202.4000244140625,2018-10-08,2018-10-08,1184.4000244140625,-0.014970059576280836,2018-10-09,2018-10-09,1187.199951171875,-0.012641444555521075,2018-10-10,2018-10-10,1189.300048828125,-0.010894856387183793,2018-10-11,2018-10-11,1223.5,0.01754821619886404,2018-10-12,2018-10-12,1218.0999755859375,0.013057178021537164,-0.014970059576280836,0.002364004306059986,0.0017689502549060876,0.028756369097582946,-0.004413587588118051,0.028453183449187014,0.0020000203450520893,-0.9120280325561452,-4174.0,-0.05201493512696942,0.8600130974291815,0.39209030774711673,1795.0,0.35897656345719753,-0.03311374428991343,-0.519937724809028,-2379.0,-0.3914841706837251,0.12845355412530068,0.519937724809028,2379.0,0.3914841706837269,-0.12845355412530246,-0.012641444555521075,0.020708602718297886,0.025781769270261323,0.016799692915607345,0.06312377151776016,0.07285426963345709,0.2325349051137855,100.0,100 troy oz,120240.00244140625,23144998069.94629,25768875403.222656,-2623877333.276367,-501881770.1904297,-1000998020.324707,20365169453.503418,19298039431.835938,1067130021.6674805,215830804.38232422,282564005.7373047,49357318602.17285,50914065913.78174,-1556747311.6088867,-286050965.80810547,-718434014.5874023,5926148760.327148,4369401448.718262,1556747311.6088867,286050965.80810547,718434014.5874023
2018-10-09,GOLD - COMMODITY EXCHANGE INC.,465253,179746,217921,-38175,-8.205213077615834,38.634033525845076,46.83924660346091,63757,13.703726789510224,174309,148443,25866,5.559555768581825,37.46542203919158,31.905866270609756,417812,430121,-12309,-2.6456573090340094,89.80318235454689,92.4488396635809,47441,35132,12309,2.6456573090340094,10.196817645453118,7.551160336419109,1187.199951171875,2018-10-15,2018-10-15,1226.4000244140625,0.03301893097577491,2018-10-16,2018-10-16,1227.300048828125,0.03377703782472996,2018-10-17,2018-10-17,1223.699951171875,0.030744610428909747,2018-10-18,2018-10-18,1226.5,0.033103142220762605,2018-10-19,2018-10-19,1225.300048828125,0.03209240163684446,0.03301893097577491,0.0007338750783967285,-0.0029333476028844396,0.00228818251193319,-0.000978353992560077,-0.0008969141911612244,-0.012641444555521075,-3.4589888292862128,-16353.0,-3.232005588854257,0.22698324043194873,3.6292679762655666,16991.0,0.6277010620200869,-3.0015669142454797,0.17027914697935342,638.0,0.5227501440791826,0.35247099709982876,-0.17027914697935342,-638.0,-0.5227501440791773,-0.35247099709982166,0.03377703782472996,0.038915157633374164,0.029818081089979298,0.030828924495930332,0.08086253701850232,0.0979616354543531,0.26111860912224727,100.0,100 troy oz,118719.9951171875,21339444242.333984,25871580055.932617,-4532135813.598633,-1941428080.1513672,-3631051050.6591797,20693963628.881836,17623152235.180664,3070811393.701172,2017171437.0361328,3069268033.7646484,49602638599.90234,51063963019.799805,-1461324419.897461,75743356.88476562,-561783016.8945312,5632195288.354492,4170870868.4570312,1461324419.897461,-75743356.88476562,561783016.8945312
2018-10-16,GOLD - COMMODITY EXCHANGE INC.,474418,189200,171533,17667,3.7239312167750804,39.880442984878314,36.156511768103236,71278,15.024303462347548,166143,198139,-31996,-6.744263497590733,35.02038286911542,41.76464636670615,426621,440950,-14329,-3.020332280815652,89.92512931634128,92.94546159715694,47797,33468,14329,3.020332280815652,10.074870683658714,7.054538402843062,1227.300048828125,2018-10-22,2018-10-22,1221.199951171875,-0.004970339292395987,2018-10-23,2018-10-23,1233.4000244140625,0.004970239829911183,2018-10-24,2018-10-24,1227.800048828125,0.000407398337902265,2018-10-25,2018-10-25,1229.0999755859375,0.0014665743389574715,2018-10-26,2018-10-26,1232.5,0.0042369029291899896,-0.004970339292395987,0.009990233974772167,-0.004540275235196178,0.0010587446702361447,0.0027662716472203197,0.009253233933788962,0.03377703782472996,11.929144294390914,55842.0,1.246409459033238,-10.682734835357671,-12.303819266172558,-57862.0,-2.445039170076157,9.858780096096396,-0.37467497178164244,-2020.0,0.1219469617943929,0.4966219335760371,0.37467497178164244,2020.0,-0.12194696179440356,-0.4966219335760469,0.004970239829911183,-0.0038296040537726395,-0.002851788365316188,-0.022895866160097644,0.047991444634904123,0.0369102297364583,0.2039435482764047,100.0,100 troy oz,122730.0048828125,23220516923.828125,21052245927.563477,2168270996.2646484,6853488932.666016,3499155169.213867,20390731201.245117,24317600437.475586,-3926869236.2304688,-7101403542.529297,-4134405674.4873047,52359197413.11035,54117795653.07617,-1758598239.9658203,-247914609.86328125,-635250505.2734375,5866126043.383789,4107527803.4179688,1758598239.9658203,247914609.86328125,635250505.2734375
2018-10-23,GOLD - COMMODITY EXCHANGE INC.,477832,192578,163190,29388,6.150278759061762,40.30244939644059,34.15217063737882,73950,15.47615061360478,163414,209934,-46520,-9.735639304190594,34.19904903815567,43.93468834234626,429942,447074,-17132,-3.5853605451288315,89.97764904820103,93.56300959332987,47890,30758,17132,3.5853605451288315,10.022350951798959,6.436990406670126,1233.4000244140625,2018-10-29,2018-10-29,1224.5,-0.007215845822842848,2018-10-30,2018-10-30,1222.5999755859375,-0.00875632285904615,2018-10-31,2018-10-31,1212.300048828125,-0.017107163262755076,2018-11-01,2018-11-01,1236.0,0.0021079743266363415,2018-11-02,2018-11-02,1230.9000244140625,-0.00202691742379979,-0.007215845822842848,-0.001551673674203724,-0.0084246090000748,0.01954957536691082,-0.00412619383975521,0.005226643049458968,0.004970239829911183,2.4263475422866816,11721.0,0.422006411562279,-2.004341130724413,-2.9913758065998604,-14524.0,-0.8213338309597518,2.1700419756401104,-0.5650282643131797,-2803.0,0.052519731859746344,0.6175479961729309,0.5650282643131797,2803.0,-0.052519731859755225,-0.6175479961729362,-0.00875632285904615,-0.007783343113275887,-0.027728289739928136,-0.011675064155202475,0.03980863840931326,0.029106553999880935,0.2013133791494528,100.0,100 troy oz,123340.00244140625,23752570990.161133,20127854998.413086,3624715991.748047,1445668168.6157227,5801420354.833984,20155483158.95996,25893260072.53418,-5737776913.574219,-1791390195.4589844,-6611024130.859375,53029047329.663086,55142108251.48926,-2113060921.8261719,-345722026.8432617,-809603776.0253906,5906752716.918945,3793691795.0927734,2113060921.8261719,345722026.8432617,809603776.0253906
2018-10-30,GOLD - COMMODITY EXCHANGE INC.,474941,168754,155560,13194,2.7780292710041876,35.53157128990759,32.7535420189034,91460,19.257128780206383,165857,197062,-31205,-6.570289783362565,34.921600788308446,41.49189057167101,426071,444082,-18011,-3.7922605123583772,89.71030085842241,93.5025613707808,48870,30859,18011,3.7922605123583772,10.289699141577586,6.497438629219208,1222.5999755859375,2018-11-05,2018-11-05,1229.800048828125,0.005889148851599524,2018-11-06,2018-11-06,1223.800048828125,0.0009815747310255585,2018-11-07,2018-11-07,1226.199951171875,0.002944524503374124,2018-11-08,2018-11-08,1222.9000244140625,0.0002454186439690975,2018-11-09,2018-11-09,1206.4000244140625,-0.013250410187609418,0.005889148851599524,-0.004878841894434327,0.0019610248798798136,-0.0026911816092136664,-0.013492517516226044,-0.019027503240352295,-0.00875632285904615,-3.3722494880575744,-16194.0,-4.770878106533004,-1.3986286184754206,3.1653495208280287,15315.0,0.7225517501527747,-2.4427977706752557,-0.20689996722954573,-879.0,-0.2673481897786161,-0.0604482225490699,0.20689996722954573,879.0,0.26734818977862673,0.06044822254908233,0.0009815747310255585,-0.019139559039208942,-0.002944524503374235,-0.0093244107980609,0.07001470415121935,0.04923938691667029,0.21626045288226625,100.0,100 troy oz,122259.99755859375,20631863628.00293,19018765220.214844,1613098407.788086,-1979878400.4638672,4281056074.5117188,20277676415.075684,24092799638.8916,-3815123223.815918,1872411862.6098633,-4900180702.1484375,52091439419.7876,54293464235.81543,-2202024816.027832,-107466537.8540039,-619124627.6367188,5974846080.688477,3772821264.6606445,2202024816.027832,107466537.8540039,619124627.6367188
2018-11-06,GOLD - COMMODITY EXCHANGE INC.,494911,169141,150115,19026,3.844327565966406,34.176043773526956,30.33171620756055,103258,20.86395331685899,173897,212033,-38136,-7.705627880568426,35.13702463675287,42.8426525173213,446296,465406,-19110,-3.8613003146020195,90.17702172713882,94.03832204174084,48615,29505,19110,3.8613003146020195,9.822978272861182,5.961677958259162,1223.800048828125,2018-11-12,2018-11-12,1201.300048828125,-0.01838535635093763,2018-11-13,2018-11-13,1199.199951171875,-0.0201014027412455,2018-11-14,2018-11-14,1207.9000244140625,-0.012992338437384343,2018-11-15,2018-11-15,1212.800048828125,-0.008988396438236235,2018-11-16,2018-11-16,1220.800048828125,-0.00245138084679164,-0.01838535635093763,-0.0017481874393484587,0.0072548979289781546,0.004056647334235608,0.006596305803030056,0.01623241422409194,0.0009815747310255585,1.0662982949622184,5832.0,-1.3555275163806328,-2.4218258113428526,-1.135338097205861,-6931.0,0.21542384844442353,1.3507619456502908,-0.06903980224364226,-1099.0,0.4667208687164077,0.5357606709600446,0.06903980224364226,1099.0,-0.46672086871640417,-0.5357606709600464,-0.0201014027412455,-0.003922249253643484,-0.010295879354078719,0.014136236368333499,0.07386819638576925,0.04878243895237788,0.2100016258751547,100.0,100 troy oz,122380.0048828125,20699476405.88379,18371074432.9834,2328401972.9003906,713720188.4765625,7000258659.301758,21281515709.106445,25948599575.317383,-4667083866.2109375,-848215813.8427734,-7832565072.509766,54617706659.17969,56956388552.490234,-2338681893.310547,-134495625.36621094,-832306413.2080078,5949503937.37793,3610822044.067383,2338681893.310547,134495625.36621094,832306413.2080078
2018-11-13,GOLD - COMMODITY EXCHANGE INC.,539520,168416,177663,-9247,-1.7139309015421114,31.215895610913403,32.92982651245552,122818,22.764309015421116,201354,203177,-1823,-0.3378929418742586,37.32095195729537,37.65884489916963,492588,503658,-11070,-2.0518238434163703,91.30115658362989,93.35298042704626,46932,35862,11070,2.0518238434163703,8.698843416370106,6.647019572953737,1199.199951171875,2018-11-19,2018-11-19,1223.0999755859375,0.01992997447231981,2018-11-20,2018-11-20,1219.0,0.01651104872775888,2018-11-21,2018-11-21,1225.800048828125,0.02218153664053779,2018-11-22,2018-11-23,1221.0,0.018178827314679014,2018-11-23,2018-11-23,1221.0,0.018178827314679014,0.01992997447231981,-0.0033521181160790503,0.005578382959905648,-0.003915849760908308,0.0,-0.00171692881028096,-0.0201014027412455,-5.558258467508518,-28273.0,-2.960148162613553,2.59811030489497,7.367734938694167,36313.0,2.1839273205425016,-5.183807618151668,1.8094764711856492,8040.0,1.124134856491068,-0.685341614694579,-1.8094764711856492,-8040.0,-1.1241348564910751,0.6853416146945754,0.01651104872775888,0.010006671521520127,0.03493998175459989,0.03560713390661863,0.09172782228060172,0.07963642752543154,0.2108906226746632,100.0,100 troy oz,119919.9951171875,20196445897.65625,21305346092.504883,-1108900194.8486328,-3390498021.948242,-3227526748.5839844,24146370696.82617,24364984847.924805,-218614151.0986328,4354654782.69043,3618346012.6708984,59071150554.78516,60398664900.73242,-1327514345.9472656,964156760.7421875,390819264.08691406,5628085210.839844,4300570864.892578,1327514345.9472656,-964156760.7421875,-390819264.08691406
2018-11-20,GOLD - COMMODITY EXCHANGE INC.,525940,165506,156610,8896,1.6914476936532685,31.468608586530785,29.777160892877514,115384,21.938624177662852,201259,224399,-23140,-4.399741415370575,38.2665323040651,42.66627371943568,482149,496393,-14244,-2.708293721717306,91.67376506825875,94.38205878997604,43791,29547,14244,2.708293721717306,8.326234931741263,5.617941210023957,1219.0,2018-11-26,2018-11-26,1220.199951171875,0.0009843733977645819,2018-11-27,2018-11-27,1211.199951171875,-0.006398727504614454,2018-11-28,2018-11-28,1221.4000244140625,0.0019688469352441285,2018-11-29,2018-11-29,1224.0999755859375,0.004183737150071698,2018-11-30,2018-11-30,1220.199951171875,0.0009843733977645819,0.0009843733977645819,-0.0073758403213805,0.00842146107446462,0.0022105380038535127,-0.003186034222568912,0.0,0.01651104872775888,3.40537859519538,18143.0,0.2527129756173814,-3.1526656195780056,-4.061848473496316,-21317.0,0.9455803467697308,5.00742882026605,-0.656469878300936,-3174.0,0.37260848462885576,1.0290783629297806,0.656469878300936,3174.0,-0.37260848462884333,-1.0290783629297797,-0.006398727504614454,0.018129594410120964,0.018785910101773995,0.02477436519431908,0.09934370433628992,0.04347826086956519,0.20861365777532814,100.0,100 troy oz,121900.0,20175181400.0,19090759000.0,1084422400.0,2211631700.0,-2497974800.0,24533472100.0,27354238100.0,-2820766000.0,-2598542300.0,2850022000.0,58773963100.0,60510306700.0,-1736343600.0,-386910600.0,352047200.0,5338122900.0,3601779300.0,1736343600.0,386910600.0,-352047200.0
2018-11-27,GOLD - COMMODITY EXCHANGE INC.,442801,156779,154908,1871,0.4225374378106644,35.406198269651604,34.98366083184094,65544,14.802134593191976,172358,188458,-16100,-3.6359448149394424,38.92448300703928,42.56042782197872,394681,408910,-14229,-3.213407377128778,89.13281586988286,92.34622324701164,48120,33891,14229,3.213407377128778,10.867184130117142,7.653776752988363,1211.199951171875,2018-12-03,2018-12-03,1233.9000244140625,0.018741804951547758,2018-12-04,2018-12-04,1241.0999755859375,0.02468628271090445,2018-12-05,2018-12-06,1238.0999755859375,0.022209400180404515,2018-12-06,2018-12-06,1238.0999755859375,0.022209400180404515,2018-12-07,2018-12-07,1246.800048828125,0.029392419989619167,0.018741804951547758,0.005835117132195533,-0.002417210586587615,0.0,0.007026955345888153,0.010454675548116965,-0.006398727504614454,-1.2689102558426042,-7025.0,3.9375896831208195,5.206499938963429,0.7637966004311325,7040.0,0.6579507029741762,-0.10584589745695894,-0.5051136554114719,15.0,-2.540949198375884,-2.0358355429644064,0.5051136554114719,-15.0,2.5409491983758787,2.0358355429644055,0.02468628271090445,0.025346825032880993,0.03137384538633259,0.04648286913622557,0.09403899356490286,0.053913516727725375,0.20525107965511502,100.0,100 troy oz,121119.9951171875,18989071714.47754,18762456203.61328,226615510.8642578,-850867965.6982422,-1371441704.711914,20876000118.408203,22826032039.79492,-1950031921.3867188,852684765.625,1829517526.2451172,47803760792.84668,49527177203.36914,-1723416410.522461,1816799.9267578125,458075821.5332031,5828294165.0390625,4104877754.5166016,1723416410.522461,-1816799.9267578125,-458075821.5332031
2018-12-04,GOLD - COMMODITY EXCHANGE INC.,399919,173019,124018,49001,12.25273117806356,43.263510860949346,31.010779682885786,52329,13.084899692187669,135067,193316,-58249,-14.56519945288921,33.77358915180324,48.33878860469245,360415,369663,-9248,-2.3124682748256524,90.12199970494025,92.4344679797659,39504,30256,9248,2.3124682748256524,9.87800029505975,7.565532020234097,1241.0999755859375,2018-12-10,2018-12-10,1243.699951171875,0.002094896170399263,2018-12-11,2018-12-11,1241.9000244140625,0.0006446288323769256,2018-12-12,2018-12-12,1244.4000244140625,0.0026589709878666046,2018-12-13,2018-12-13,1242.699951171875,0.0012891593082033914,2018-12-14,2018-12-14,1237.0,-0.0033035014636929594,0.002094896170399263,-0.0014472355298531525,0.0020130444889712162,-0.0013661790492072168,-0.004586747723374307,-0.005387112193388721,0.02468628271090445,11.830193740252895,47130.0,7.857312591297742,-3.9728811489551568,-10.929254637949768,-42149.0,-5.150893855236035,5.778360782713733,0.9009391023031257,4981.0,0.9891838350573892,0.08824473275426215,-0.9009391023031257,-4981.0,-0.9891838350573927,-0.0882447327542657,0.0006446288323769256,0.006526448912476557,0.021271472833281457,0.0299734702876171,0.03295465733512182,0.06631218310134135,0.1910401903553336,100.0,100 troy oz,124109.99755859375,21473387667.590332,15391873677.22168,6081513990.368652,5849304184.936523,3720197176.8188477,16763165040.246582,23992448288.03711,-7229283247.790527,-5231112287.097168,-2496224380.895996,44731104770.08057,45878874027.50244,-1147769257.421875,618191897.8393555,1223972795.9228516,4902841343.5546875,3755072086.1328125,1147769257.421875,-618191897.8393555,-1223972795.9228516
2018-12-11,GOLD - COMMODITY EXCHANGE INC.,402250,169600,109101,60499,15.040149160969547,42.162834058421375,27.122684897451833,53101,13.200994406463643,134285,211653,-77368,-19.233809819763827,33.38346799254195,52.61727781230579,356986,373855,-16869,-4.193660658794282,88.74729645742697,92.94095711622126,45264,28395,16869,4.193660658794282,11.252703542573027,7.059042883778745,1241.9000244140625,2018-12-17,2018-12-17,1247.4000244140625,0.004428697875736853,2018-12-18,2018-12-18,1249.199951171875,0.005878030931883327,2018-12-19,2018-12-19,1252.0999755859375,0.008213182197727598,2018-12-20,2018-12-20,1263.5999755859375,0.01747318684699528,2018-12-21,2018-12-21,1253.800048828125,0.009582111426140738,0.004428697875736853,0.0014429426988811223,0.0023215053853804513,0.00918457010161533,-0.007755561053464088,0.0051306912688804385,0.0006446288323769256,2.7874179829059873,11498.0,-1.1006768025279712,-3.888094785433953,-4.668610366874617,-19119.0,-0.390121159261291,4.278489207613333,-1.8811923839686293,-7621.0,-1.3747032475132812,0.5064891364553574,1.8811923839686293,7621.0,1.3747032475132777,-0.5064891364553521,0.005878030931883327,0.02061355590842817,0.029309947418059146,0.0332554359818924,0.04380386773865208,0.06804090372722849,0.1777115281691075,100.0,100 troy oz,124190.00244140625,21062624414.0625,13549253456.359863,7513370957.702637,1427936648.071289,8661755910.27832,16676854477.844238,26285186586.730957,-9608332108.886719,-2374388656.677246,-9381933734.436035,44334092211.54785,46429053362.73193,-2094961151.184082,-946452008.605957,-720177824.1577148,5621336270.5078125,3526375119.3237305,2094961151.184082,946452008.605957,720177824.1577148
2018-12-18,GOLD - COMMODITY EXCHANGE INC.,412485,182168,106208,75960,18.415215098730865,44.163545341042706,25.74833024231184,53411,12.948592070014667,132148,224823,-92675,-22.467483666072706,32.03704377128865,54.50452743736136,367727,384442,-16715,-4.052268567341843,89.14918118234603,93.20144974968787,44758,28043,16715,4.052268567341843,10.850818817653975,6.7985502503121324,1249.199951171875,2018-12-24,2018-12-24,1267.5,0.014649415260509446,2018-12-25,2018-12-26,1269.199951171875,0.016010247183597892,2018-12-26,2018-12-26,1269.199951171875,0.016010247183597892,2018-12-27,2018-12-27,1277.300048828125,0.022494475467989883,2018-12-28,2018-12-28,1279.9000244140625,0.024575788058099013,0.014649415260509446,0.0013411843565089843,0.0,0.006382050084993374,0.0020355245334273686,0.009783056736933027,0.005878030931883327,3.3750659377613186,15461.0,2.0007112826213316,-1.3743546551399923,-3.2336738463088786,-15307.0,-1.3464242212533009,1.8872496250555741,0.14139209145243914,154.0,0.40188472491905713,0.2604926334666118,-0.14139209145243914,-154.0,-0.4018847249190518,-0.26049263346661267,0.014649415260509446,0.023294987827169766,0.02721742021211626,0.02961895728965591,0.0446686287297553,0.07796992332787989,0.18043550530290586,100.0,100 troy oz,124919.9951171875,22756425670.507812,13267502841.40625,9488922829.101562,1931388044.506836,8377634552.5390625,16507927514.746094,28084888062.231445,-11576960547.485352,-1912150365.258789,-8686311860.473633,45936455044.45801,48024492762.8418,-2088037718.383789,19237679.248046875,-308677307.9345703,5591169141.455078,3503131423.071289,2088037718.383789,-19237679.248046875,308677307.9345703
2018-12-24,GOLD - COMMODITY EXCHANGE INC.,442727,208622,97637,110985,25.06849593541844,47.12204134828009,22.05354541286165,60149,13.586024796319176,130090,258309,-128219,-28.96118827177922,29.383796334987476,58.3449846067667,398861,416095,-17234,-3.892692336360782,90.09186247958675,93.98455481594753,43866,26632,17234,3.892692336360782,9.908137520413257,6.015445184052474,1267.5,2018-12-31,2018-12-31,1278.300048828125,0.008520748582347082,2019-01-01,2019-01-02,1281.0,0.010650887573964596,2019-01-02,2019-01-02,1281.0,0.010650887573964596,2019-01-03,2019-01-03,1291.800048828125,0.019171636156311678,2019-01-04,2019-01-04,1282.699951171875,0.011992071930473358,0.008520748582347082,0.0021121419609975156,0.0,0.008430951466139813,-0.0070445094536923936,0.0034419949743282885,0.014649415260509446,6.653280836687575,35025.0,2.958496007237386,-3.6947848294501924,-6.493704605706515,-35544.0,-2.653247436301175,3.84045716940534,0.15957623098106044,-519.0,0.9426812972407248,0.7831050662596653,-0.15957623098106044,519.0,-0.9426812972407177,-0.7831050662596581,0.008520748582347082,0.012386549248027512,0.014753413153353101,0.01183431952662728,0.036923115446252375,0.11629193247657788,0.18272187422953645,100.0,100 troy oz,126750.0,26442838500.0,12375489750.0,14067348750.0,4439418750.0,13830199500.0,16488907500.0,32740665750.0,-16251758250.0,-4505202000.0,-14211083250.0,50555631750.0,52740041250.0,-2184409500.0,-65783250.0,-380883750.0,5560015500.0,3375606000.0,2184409500.0,65783250.0,380883750.0
2018-12-31,GOLD - COMMODITY EXCHANGE INC.,451360,210141,86369,123772,27.422013470400568,46.55729351293868,19.13528004253811,64227,14.229661467564695,130285,274899,-144614,-32.03961361219426,28.864985820630984,60.904599432825236,404653,425495,-20842,-4.61760014179369,89.65194080113434,94.26954094292805,46707,25865,20842,4.61760014179369,10.34805919886565,5.73045905707196,1278.300048828125,2019-01-07,2019-01-07,1286.800048828125,0.006649456055166647,2019-01-08,2019-01-08,1283.199951171875,0.00383313944816166,2019-01-09,2019-01-09,1289.300048828125,0.008605178424333282,2019-01-10,2019-01-10,1284.699951171875,0.005006572869661552,2019-01-11,2019-01-11,1287.0999755859375,0.006884085442912857,0.006649456055166647,-0.002797713335128127,0.004753816932956623,-0.003567903111794002,0.0018681594965994641,0.00023307953561668704,0.008520748582347082,2.353517534982128,12787.0,-0.5647478353414144,-2.918265370323539,-3.0784253404150377,-16395.0,-0.5188105143564918,2.559614826058535,-0.7249078054329079,-3608.0,-0.43992167845240715,0.2849861269805132,0.7249078054329079,3608.0,0.43992167845239294,-0.28498612698051407,0.00383313944816166,0.006180006291161666,0.0032855753824974077,0.02339036313982823,0.009152742489997534,0.09880303679374602,0.188688055979497,100.0,100 troy oz,127830.0048828125,26862325056.0791,11040549691.723633,15821775364.355469,1634562272.4365234,9557977295.092773,16654332186.157227,35140340512.28027,-18486008326.123047,-2095772930.053711,-11040038371.704102,51726794965.84473,54391027927.612305,-2664232961.767578,-461210657.6171875,-1482061076.6113281,5970556038.061523,3306323076.2939453,2664232961.767578,461210657.6171875,1482061076.6113281
2019-01-08,GOLD - COMMODITY EXCHANGE INC.,455232,199560,100344,99216,21.794601433994096,43.83698861239983,22.042387178405736,69559,15.279901237171375,137605,258792,-121187,-26.620931744692815,30.22744446787572,56.84837621256854,406724,428695,-21971,-4.8263303106987205,89.34433431744692,94.17066462814564,48508,26537,21971,4.8263303106987205,10.655665682553071,5.829335371854351,1283.199951171875,2019-01-14,2019-01-14,1289.0999755859375,0.004597899500131897,2019-01-15,2019-01-15,1286.199951171875,0.002337905325869416,2019-01-16,2019-01-16,1291.5999755859375,0.006546153938356447,2019-01-17,2019-01-17,1291.0,0.006078591899104868,2019-01-18,2019-01-18,1281.300048828125,-0.001480597269361561,0.004597899500131897,-0.0022496505073195117,0.004198433073444363,-0.00046452121189100026,-0.007513517561483329,-0.006050676367647223,0.00383313944816166,-5.627412036406472,-24556.0,-2.7203049005388493,2.9071071358676264,5.418681867501444,23427.0,1.3624586472447362,-4.0562232202566975,-0.2087301689050305,-1129.0,-0.3076064836874224,-0.09887631478240166,0.2087301689050305,1129.0,0.3076064836874206,0.098876314782391,0.002337905325869416,-0.0005454731908584032,0.019482544382244393,0.024158355033983225,0.015819864090226954,0.08907423096746614,0.22490656845231927,100.0,100 troy oz,128319.9951171875,25607538225.585938,12876141590.039062,12731396635.546875,-3151025800.0976562,4968165250.952148,17657472928.100586,33208188176.367188,-15550715248.266602,3006152525.6103516,-5622853866.040039,52190821694.04297,55010140306.762695,-2819318612.7197266,-144873274.4873047,-654688615.0878906,6224546323.144531,3405227710.4248047,2819318612.7197266,144873274.4873047,654688615.0878906
2019-01-15,GOLD - COMMODITY EXCHANGE INC.,501605,201796,113883,87913,17.5263404471646,40.23006150257673,22.703721055412128,71416,14.237497632599355,179059,287172,-108113,-21.55341354252848,35.69721194964165,57.25062549217014,452271,472471,-20200,-4.027073095363882,90.16477108481773,94.19184418018162,49334,29134,20200,4.027073095363882,9.835228915182265,5.808155819818383,1286.199951171875,2019-01-21,2019-01-22,1282.5,-0.002876653173951582,2019-01-22,2019-01-22,1282.5,-0.002876653173951582,2019-01-23,2019-01-23,1283.0999755859375,-0.002410181700841396,2019-01-24,2019-01-24,1279.0999755859375,-0.005520118065211133,2019-01-25,2019-01-25,1297.4000244140625,0.008707878764870891,-0.002876653173951582,0.0,0.0004678172210039744,-0.0031174499852775206,0.014306973010254298,0.011617952759502836,0.002337905325869416,-4.268260986829496,-11303.0,-3.606927109823097,0.6613338770063919,5.067518202164333,13074.0,5.469767481765928,0.4022492796015982,0.7992572153348387,1771.0,0.8204367673708077,0.021179552035974325,-0.7992572153348387,-1771.0,-0.820436767370806,-0.021179552035968108,-0.002876653173951582,0.017104650004033495,0.021769554550588266,0.017882134095126068,-0.010573764657311968,0.09563054320436959,0.1991914810825175,100.0,100 troy oz,128619.9951171875,25955000534.66797,14647630903.930664,11307369630.737305,-1453791804.8095703,1537394801.6357422,23030567705.688477,36936061237.79297,-13905493532.104492,1681577816.1621094,-1985635484.6191406,58171093811.64551,60769217713.012695,-2598123901.3671875,227786011.35253906,-448240682.98339844,6345338839.111328,3747214937.7441406,2598123901.3671875,-227786011.35253906,448240682.98339844
2019-01-22,GOLD - COMMODITY EXCHANGE INC.,513509,186510,112006,74504,14.508801208936942,36.32068766078102,21.811886451844074,80981,15.770122821605852,197278,289355,-92077,-17.930941814067523,38.417632407611165,56.34857422167868,464769,482342,-17573,-3.422140605130582,90.50844288999804,93.93058349512862,48740,31167,17573,3.422140605130582,9.491557110001967,6.069416504871385,1282.5,2019-01-28,2019-01-28,1302.4000244140625,0.015516588237085793,2019-01-29,2019-01-29,1308.199951171875,0.020038948282163682,2019-01-30,2019-01-30,1309.9000244140625,0.021364541453460006,2019-01-31,2019-01-31,1319.699951171875,0.029005809880604305,2019-02-01,2019-02-01,1316.9000244140625,0.026822631122076057,0.015516588237085793,0.004453260633515255,0.0012995515254869971,0.007481431082647871,-0.0021216389038479777,0.011133292174593912,-0.002876653173951582,-3.0175392382276573,-13409.0,-3.9093738417957127,-0.8918346035680536,3.622471728460958,16036.0,2.7204204579695173,-0.9020512704914552,0.6049324902333,2627.0,0.34367180518030693,-0.2612606850530028,-0.6049324902333,-2627.0,-0.34367180518029805,0.26126068505300193,0.020038948282163682,0.024717310855263186,0.02081867537768023,0.04491226166544826,-0.010292359588206623,0.1072904293067738,0.21356727049829427,100.0,100 troy oz,128250.0,23919907500.0,14364769500.0,9555138000.0,-1719704250.0,-4678688250.0,25300903500.0,37109778750.0,-11808875250.0,2056617000.0,4635211500.0,59606624250.0,61860361500.0,-2253737250.0,336912750.0,-43476750.0,6250905000.0,3997167750.0,2253737250.0,-336912750.0,43476750.0
2019-01-29,GOLD - COMMODITY EXCHANGE INC.,483390,212318,112725,99593,20.603032747884733,43.922712509567845,23.319679761683112,58008,12.000248246757277,163922,282531,-118609,-24.53691636153003,33.910920788597195,58.44783715012723,434248,453264,-19016,-3.933883613645297,89.83388154492232,93.76776515856761,49142,30126,19016,3.933883613645297,10.16611845507768,6.232234841432384,1308.199951171875,2019-02-04,2019-02-04,1314.300048828125,0.004662970405086453,2019-02-05,2019-02-05,1314.199951171875,0.004586454841727594,2019-02-06,2019-02-06,1309.5,0.0009937692070394188,2019-02-07,2019-02-07,1309.4000244140625,0.000917346955343179,2019-02-08,2019-02-08,1313.699951171875,0.004204250271583554,0.004662970405086453,-7.616042952995894e-05,-0.003576283173412076,-7.634638101372548e-05,0.003283890848968518,-0.0004565910628894221,0.020038948282163682,6.09423153894779,25089.0,7.602024848786826,1.5077933098390375,-6.605974547462505,-26532.0,-4.50671161901397,2.099262928448546,-0.5117430085147152,-1443.0,-0.6745613450757162,-0.16281833656100275,0.5117430085147152,1443.0,0.6745613450757126,0.1628183365609992,0.004586454841727594,0.0007644091402878583,0.024384670237517447,0.012918533133198462,-0.019415917513983194,0.09287571054498311,0.1995107856151488,100.0,100 troy oz,130819.9951171875,27775439723.291016,14746683949.58496,13028755773.706055,3282142857.495117,-3163096661.9384766,21444275239.59961,36960704040.4541,-15516428800.854492,-3470916110.4492188,3401973973.022461,56808321239.64844,59295994266.796875,-2487673027.1484375,-188773252.95410156,238877311.08398438,6428756200.048828,3941083172.9003906,2487673027.1484375,188773252.95410156,-238877311.08398438
2019-02-05,GOLD - COMMODITY EXCHANGE INC.,479736,218200,109105,109095,22.740632347791284,45.48334917537979,22.74271682758851,53593,11.171352577250822,157588,288830,-131242,-27.357129754698416,32.84890022845899,60.20602998315741,429381,451528,-22147,-4.616497406907132,89.5036019810896,94.12009938799673,50355,28208,22147,4.616497406907132,10.496398018910401,5.879900612003269,1314.199951171875,2019-02-11,2019-02-11,1307.0,-0.00547858122004552,2019-02-12,2019-02-12,1309.199951171875,-0.0038045960932668876,2019-02-13,2019-02-13,1310.800048828125,-0.0025870510349039755,2019-02-14,2019-02-14,1309.800048828125,-0.003347970253557375,2019-02-15,2019-02-15,1318.0999755859375,0.0029676035298775716,-0.00547858122004552,0.0016832067114576077,0.001222195016748806,-0.0007628928614200614,0.0063367891650625285,0.008492712766593247,0.004586454841727594,2.137599599906551,9502.0,1.5606366658119484,-0.5769629340946025,-2.8202133931683875,-12633.0,-1.0620205601382082,1.7581928330301793,-0.6826137932618348,-3131.0,-0.3302795638327183,0.3523342294291183,0.6826137932618348,3131.0,0.33027956383272183,-0.35233422942911563,-0.0038045960932668876,0.0197078263402517,0.008294038060451037,-0.024501561686379736,-0.023360182858399692,0.12037747612235128,0.17972917517731402,100.0,100 troy oz,131419.9951171875,28675842934.570312,14338578567.260742,14337264367.30957,1248752793.6035156,1298298131.7626953,20710214190.527344,37958037189.697266,-17247822999.16992,-1660228798.3154297,-1321428050.9033203,56429248923.413086,59339807555.27344,-2910558631.8603516,-411476004.71191406,-23129919.140625,6617653854.125977,3707095222.265625,2910558631.8603516,411476004.71191406,23129919.140625
2019-02-12,GOLD - COMMODITY EXCHANGE INC.,476083,214170,109296,104874,22.028511835121186,44.98585330709141,22.957341471970224,53388,11.214011002283215,159676,285787,-126111,-26.489288632444342,33.539529871892086,60.028818504336435,427234,448471,-21237,-4.460776797323156,89.7393941812667,94.20017097858987,48849,27612,21237,4.460776797323156,10.26060581873329,5.799829021410132,1309.199951171875,2019-02-18,2019-02-19,1340.0999755859375,0.023602219345030928,2019-02-19,2019-02-19,1340.0999755859375,0.023602219345030928,2019-02-20,2019-02-20,1343.300048828125,0.026046516138139797,2019-02-21,2019-02-21,1323.5,0.010922738589567604,2019-02-22,2019-02-22,1329.199951171875,0.01527650530547131,0.023602219345030928,0.0,0.002387936199154339,-0.014739855660243828,0.004306725479316098,-0.008133739730348588,-0.0038045960932668876,-0.7121205126700971,-4221.0,-0.4974958682883823,0.2146246443817148,0.8678411222540738,5131.0,0.6906296434330983,-0.177211478820972,0.15572060958397582,910.0,0.23579220017710156,0.08007159059313551,-0.15572060958397582,-910.0,-0.23579220017711222,-0.0800715905931364,0.023602219345030928,0.012144840365927445,-0.02077600991928552,-0.009853271329717916,-0.011075466346466722,0.14741827619779868,0.1958448166642206,100.0,100 troy oz,130919.9951171875,28039135354.248047,14309031786.328125,13730103567.919922,-552613299.3896484,2220534037.182617,20904781140.33203,37415232644.555664,-16510451504.223633,671750494.9462891,-2356298072.1191406,55933473193.896484,58713821130.200195,-2780347936.303711,119137195.55664062,-135764034.93652344,6395310841.479492,3614962905.1757812,2780347936.303711,-119137195.55664062,135764034.93652344
2019-02-19,GOLD - COMMODITY EXCHANGE INC.,504639,254086,108439,145647,28.86162187226909,50.35005221554418,21.488430343275095,53521,10.605799393229615,146161,312638,-166477,-32.98932504225793,28.963476861677357,61.95280190393528,453768,474598,-20830,-4.127703169988844,89.91932847045115,94.04703164044,50871,30041,20830,4.127703169988844,10.080671529548846,5.9529683595600025,1340.0999755859375,2019-02-25,2019-02-25,1325.9000244140625,-0.01059618791923811,2019-02-26,2019-02-26,1325.0999755859375,-0.011193194741639712,2019-02-27,2019-02-27,1317.699951171875,-0.016715189032272315,2019-02-28,2019-02-28,1312.800048828125,-0.02037155977551308,2019-03-01,2019-03-01,1296.4000244140625,-0.032609470911129534,-0.01059618791923811,-0.0006034005682129528,-0.005584502717080109,-0.003718526618591955,-0.012492400825778516,-0.022249037979342745,0.023602219345030928,6.833110037147904,40773.0,5.364198908452771,-1.4689111286951295,-6.500036409813589,-40366.0,-4.5760530102147285,1.9239833995988462,0.33307362733431223,407.0,0.17993428918444465,-0.15313933814987024,-0.33307362733431223,-407.0,-0.17993428918444287,0.15313933814987024,-0.011193194741639712,-0.043354956081193996,-0.032684073991316676,-0.026192057477346542,-0.05081708590895384,0.12275203566664872,0.1939407724415676,100.0,100 troy oz,134009.99755859375,34050064239.67285,14531910125.256348,19518154114.416504,5463989630.456543,9533873256.311035,19587035253.16162,41896617616.72363,-22309582363.56201,-5409447561.450195,-9970343818.359375,60809448572.16797,63600876821.31348,-2791428249.145508,54542069.006347656,-436470562.04833984,6817222585.803223,4025794336.657715,2791428249.145508,-54542069.006347656,436470562.04833984
2019-02-26,GOLD - COMMODITY EXCHANGE INC.,501268,236835,101139,135696,27.070549087514063,47.24718114860713,20.176632061093066,65402,13.047312016725584,146042,305887,-159845,-31.88813169801384,29.134514870288946,61.02264656830278,448279,472428,-24149,-4.817582610499772,89.42900803562166,94.24659064612143,52989,28840,24149,4.817582610499772,10.570991964378337,5.753409353878564,1325.0999755859375,2019-03-04,2019-03-04,1284.800048828125,-0.03041274432141816,2019-03-05,2019-03-05,1282.0,-0.03252582928082792,2019-03-06,2019-03-06,1284.9000244140625,-0.030337296741779207,2019-03-07,2019-03-07,1283.800048828125,-0.031167404360980644,2019-03-08,2019-03-08,1297.0,-0.021205928687389908,-0.03041274432141816,-0.0021793654434236753,0.0022621095273498426,-0.0008560787337824616,0.01028193696045121,0.00949560297962515,-0.011193194741639712,-1.791072784755027,-9951.0,-3.1028710669370483,-1.3117982821820284,1.1011933442440913,6632.0,0.17103800861158902,-0.9301553356324987,-0.6898794405109285,-3319.0,-0.49032043482948495,0.19955900568143647,0.6898794405109285,3319.0,0.4903204348294903,-0.19955900568143825,-0.03252582928082792,-0.021734153866448946,-0.015168648370889604,-0.008150273154323262,-0.03667645949842191,0.16293112096586904,0.242849637579859,100.0,100 troy oz,132509.99755859375,31383005271.78955,13401928643.078613,17981076628.710938,-1318606985.7055664,4784008441.85791,19352025063.45215,40533085623.20557,-21181060559.753418,878806303.8085938,-5464182259.326172,59401449195.56885,62601433126.61133,-3199983931.0424805,-439800681.89697266,-680173817.4682617,7021572260.632324,3821588329.5898438,3199983931.0424805,439800681.89697266,680173817.4682617
2019-03-05,GOLD - COMMODITY EXCHANGE INC.,471311,202628,114610,88018,18.67514231579573,42.99241901844005,24.317276702644325,59730,12.673160609448963,155732,269729,-113997,-24.187213962754953,33.04230115571247,57.229515118467425,418090,444069,-25979,-5.512071646959226,88.7078807836015,94.21995243056071,53221,27242,25979,5.512071646959226,11.292119216398513,5.780047569439287,1282.0,2019-03-11,2019-03-11,1288.800048828125,0.005304250255947718,2019-03-12,2019-03-12,1296.300048828125,0.011154484265308184,2019-03-13,2019-03-13,1307.5,0.019890795631825275,2019-03-14,2019-03-14,1293.4000244140625,0.008892374737958342,2019-03-15,2019-03-15,1301.800048828125,0.015444655872172364,0.005304250255947718,0.005819366632410894,0.008639937321609947,-0.010783920142208414,0.006494529345526967,0.010086902162845579,-0.03252582928082792,-8.395406771718335,-47678.0,-4.25476213016708,4.140644641551258,7.700917735258887,45848.0,3.9077862854235264,-3.793131449835357,-0.694489036459454,-1830.0,-0.7211272520201675,-0.02663821556072321,0.694489036459454,1830.0,0.7211272520201764,0.02663821556072321,0.011154484265308184,0.017940717628705194,0.025195045887772993,0.006240249609984483,0.032293310775399764,0.2058502530530908,0.2808892165256922,100.0,100 troy oz,128200.0,25976909600.0,14693002000.0,11283907600.0,-6112319600.0,-2702071400.0,19964842400.0,34579257800.0,-14614415400.0,5877713600.0,2210809000.0,53599138000.0,56929645800.0,-3330507800.0,-234606000.0,-491262400.0,6822932200.0,3492424400.0,3330507800.0,234606000.0,491262400.0
2019-03-12,GOLD - COMMODITY EXCHANGE INC.,530030,205250,126431,78819,14.870667698054826,38.72422315717978,23.853555459124955,75211,14.189951512178556,192029,300503,-108474,-20.465634020715807,36.22983604701621,56.69547006773201,472490,502145,-29655,-5.594966322660982,89.14401071637454,94.73897703903552,57540,27885,29655,5.594966322660982,10.855989283625455,5.261022960964474,1296.300048828125,2019-03-18,2019-03-18,1300.300048828125,0.003085705353182755,2019-03-19,2019-03-19,1305.0,0.006711371475870864,2019-03-20,2019-03-20,1300.5,0.0032399529535402927,2019-03-21,2019-03-21,1306.0999755859375,0.007559921614345155,2019-03-22,2019-03-22,1311.5999755859375,0.011802766474971582,0.003085705353182755,0.0036145128011881855,-0.0034482758620689724,0.004306017367118331,0.004211009955445988,0.008690245584468181,0.011154484265308184,-3.804474617740903,-9199.0,-4.268195861260274,-0.4637212435193696,3.7215799420391455,5523.0,3.1875348913037342,-0.5340450507354149,-0.08289467570175546,-3676.0,0.43612993277304213,0.5190246084748082,0.08289467570175546,3676.0,-0.4361299327730581,-0.5190246084748136,0.006711371475870864,0.013885674089322286,-0.004860023598564522,0.005554231968427192,0.02321991394904943,0.14965670962936306,0.27987341903272256,100.0,100 troy oz,129630.0048828125,26606558502.197266,16389251147.338867,10217307354.858398,-1192466414.9169922,-3377509777.2216797,24892720207.6416,38954205357.299805,-14061485149.658203,715946516.9677734,2286284396.118164,61248881007.08008,65093058801.87988,-3844177794.7998047,-476519897.94921875,-1091225381.1035156,7458910480.957031,3614732686.1572266,3844177794.7998047,476519897.94921875,1091225381.1035156
2019-03-19,GOLD - COMMODITY EXCHANGE INC.,514163,204325,115929,88396,17.192213364244413,39.739343359985064,22.54712999574065,68691,13.359771123165224,186704,302363,-115659,-22.494617465667503,36.31222005472973,58.806837520397224,459720,486983,-27263,-5.30240410142309,89.41133453788001,94.7137386393031,54443,27180,27263,5.30240410142309,10.58866546211999,5.2862613606969,1305.0,2019-03-25,2019-03-25,1321.9000244140625,0.012950210278975138,2019-03-26,2019-03-26,1314.300048828125,0.007126474197796995,2019-03-27,2019-03-27,1309.9000244140625,0.0037548079801246192,2019-03-28,2019-03-28,1289.800048828125,-0.011647472162356287,2019-03-29,2019-03-29,1293.0,-0.00919540229885063,0.012950210278975138,-0.005749281674539808,-0.003347808149277376,-0.015344663876106557,0.0024809668558956055,-0.021862488751274944,0.006711371475870864,2.3215456661895875,9577.0,1.015120202805285,-1.3064254633843042,-2.0289834449516952,-7185.0,0.08238400771352161,2.1113674526652133,0.2925622212378922,2392.0,0.26732382150547096,-0.025238399732415928,-0.2925622212378922,-2392.0,-0.26732382150546563,0.025238399732425698,0.007126474197796995,-0.011494252873563204,-0.0011494252873562871,-0.024827604914990475,0.03187737592792139,0.15333331462523936,0.16850576583453059,100.0,100 troy oz,130500.0,26664412500.0,15128734500.0,11535678000.0,1249798500.0,-7471255500.0,24364872000.0,39458371500.0,-15093499500.0,-937642500.0,6631749000.0,59993460000.0,63551281500.0,-3557821500.0,312156000.0,-839506500.0,7104811500.0,3546990000.0,3557821500.0,-312156000.0,839506500.0
2019-03-26,GOLD - COMMODITY EXCHANGE INC.,509575,214897,94959,119938,23.536868959426975,42.17180984153461,18.63494088210764,69207,13.581317764804005,161201,312635,-151434,-29.717705931413434,31.63440121670019,61.352107148113625,445305,476801,-31496,-6.1808369719864595,87.3875288230388,93.56836579502527,64270,32774,31496,6.1808369719864595,12.612471176961193,6.431634204974735,1314.300048828125,2019-04-01,2019-04-01,1288.4000244140625,-0.019706325383732515,2019-04-02,2019-04-02,1290.0,-0.018488965932696888,2019-04-03,2019-04-03,1289.9000244140625,-0.018565033483654236,2019-04-04,2019-04-04,1289.0,-0.019249827199415703,2019-04-05,2019-04-05,1290.4000244140625,-0.018184602850294773,-0.019706325383732515,0.0012418313843676199,-7.750045421506258e-05,-0.0006977474199765243,0.0010861322064099621,0.001552312916875076,0.007126474197796995,6.344655595182562,31542.0,2.4324664815495467,-3.912189113633012,-7.223088465745931,-35775.0,-4.677818838029538,2.545269627716401,-0.8784328705633699,-4233.0,-2.0238057148412025,-1.14537284427783,0.8784328705633699,4233.0,2.0238057148412043,1.1453728442778353,-0.018488965932696888,-0.008217338831992493,-0.031727970549319195,-0.0342387570023478,0.07654262485620067,0.16571552816421975,0.26318183785518845,100.0,100 troy oz,131430.0048828125,28243913759.301758,12480461833.666992,15763451925.634766,4145565214.013672,-2071074016.9433594,21186648217.114258,41089619576.538086,-19902971359.42383,-4701908424.682617,1105457771.069336,58526438324.34082,62665957758.12988,-4139519433.7890625,-556343210.6689453,-965616245.8740234,8447006413.818359,4307486980.029297,4139519433.7890625,556343210.6689453,965616245.8740234
2019-04-02,GOLD - COMMODITY EXCHANGE INC.,440170,193784,99228,94556,21.481700252175294,44.024808596678554,22.54310834450326,56826,12.910012040802417,139514,257744,-118230,-26.860076788513528,31.69548129131926,58.55555807983279,390124,413798,-23674,-5.378376536338233,88.63030192880024,94.00867846513847,50046,26372,23674,5.378376536338233,11.369698071199764,5.991321534861531,1290.0,2019-04-08,2019-04-08,1297.0999755859375,0.005503857043362315,2019-04-09,2019-04-09,1303.5,0.010465116279069875,2019-04-10,2019-04-10,1309.0999755859375,0.014806182624757858,2019-04-11,2019-04-11,1288.5999755859375,-0.0010852902434592693,2019-04-12,2019-04-12,1290.5999755859375,0.0004650973534399139,0.005503857043362315,0.004934102640138827,0.004296107085490997,-0.015659613766950464,0.0015520720455473036,-0.0050111788777605915,-0.018488965932696888,-2.0551687072516813,-25382.0,1.8529987551439433,3.908167462395621,2.8576291428999063,33204.0,0.0610800746190705,-2.7965490682808323,0.8024604356482268,7822.0,1.2427731057614295,0.44031267011320097,-0.8024604356482268,-7822.0,-1.2427731057614295,-0.44031267011320363,0.010465116279069875,-0.013488391018653068,-0.016046473776647252,-0.005581357497577488,0.0888371903766958,0.14883720930232558,0.22744187939074623,100.0,100 troy oz,129000.0,24998136000.0,12800412000.0,12197724000.0,-3274278000.0,843402000.0,17997306000.0,33248976000.0,-15251670000.0,4283316000.0,-546057000.0,50325996000.0,53379942000.0,-3053946000.0,1009038000.0,297345000.0,6455934000.0,3401988000.0,3053946000.0,-1009038000.0,-297345000.0
2019-04-09,GOLD - COMMODITY EXCHANGE INC.,447539,199507,94143,105364,23.542976142861292,44.57868476266873,21.035708619807437,61105,13.653558684271092,132478,265287,-132809,-29.675402590612215,29.601442555844294,59.276845146456516,393090,420535,-27445,-6.132426447750922,87.83368600278412,93.96611245053504,54449,27004,27445,6.132426447750922,12.166313997215886,6.033887549464962,1303.5,2019-04-15,2019-04-15,1286.800048828125,-0.012811623453682364,2019-04-16,2019-04-16,1272.5999755859375,-0.02370542724515723,2019-04-17,2019-04-17,1272.199951171875,-0.024012312104430333,2019-04-18,2019-04-18,1271.9000244140625,-0.0242424055128021,2019-04-19,2019-04-22,1273.5,-0.023014959723820505,-0.012811623453682364,-0.011035182393037135,-0.00031433633642674597,-0.00023575441701295663,0.001257941312387878,-0.010335754059255131,0.010465116279069875,2.061275890685998,10808.0,0.5538761659901752,-1.5073997246958228,-2.8153258020986875,-14579.0,-2.0940387354749674,0.7212870666237237,-0.7540499114126895,-3771.0,-0.7966159260161163,-0.04256601460343745,0.7540499114126895,3771.0,0.7966159260161216,0.042566014603431235,-0.02370542724515723,-0.026237016625911047,-0.015880284750191764,-0.015343306482547003,0.07211354046797092,0.14859988582422323,0.2771768690664558,100.0,100 troy oz,130350.0,26005737450.0,12271540050.0,13734197400.0,1408822800.0,3460140750.0,17268507300.0,34580160450.0,-17311653150.0,-1900372650.0,-3172067250.0,51239281500.0,54816737250.0,-3577455750.0,-491549850.0,288073500.0,7097427150.0,3519971400.0,3577455750.0,491549850.0,-288073500.0
2019-04-16,GOLD - COMMODITY EXCHANGE INC.,440581,183213,126940,56273,12.772452738542968,41.58440786143751,28.81195512289454,58444,13.265211164348894,145702,224132,-78430,-17.801493936415778,33.07042291882764,50.87191685524341,387359,409516,-22157,-5.029041197872809,87.92004194461404,92.94908314248686,53222,31065,22157,5.029041197872809,12.079958055385957,7.050916857513147,1272.5999755859375,2019-04-22,2019-04-22,1273.5,0.0007072327764645614,2019-04-23,2019-04-23,1269.300048828125,-0.002593058951060545,2019-04-24,2019-04-24,1275.5,0.002278818536616045,2019-04-25,2019-04-25,1275.800048828125,0.0025145947694318327,2019-04-26,2019-04-26,1284.9000244140625,0.00966529079372469,0.0007072327764645614,-0.0032979593026108978,0.004884543396653118,0.00023524016317133523,0.007132760023246698,0.00895172706247549,-0.02370542724515723,-10.770523404318324,-49091.0,-2.994276901231217,7.776246503087101,11.873908654196438,54379.0,3.468980362983345,-8.404928291213103,1.1033852498781132,5288.0,0.08635594182992179,-1.0170293080481798,-1.1033852498781132,-5288.0,-0.0863559418299289,1.0170293080481843,-0.002593058951060545,0.008015144929962137,0.008565161577222202,0.017366003465277613,0.10733928823395056,0.1610875404155283,0.38040231406027303,100.0,100 troy oz,127259.99755859375,23315685932.702637,16154384090.08789,7161301842.614746,-6247320540.148926,-4087972901.574707,18542036164.282227,28523037772.802734,-9981001608.520508,6920271407.23877,4737762449.108887,49295305394.29932,52115005160.20508,-2819699765.9057617,672950867.0898438,649789547.5341797,6773031590.063477,3953331824.157715,2819699765.9057617,-672950867.0898438,-649789547.5341797
2019-04-23,GOLD - COMMODITY EXCHANGE INC.,440048,176691,139296,37395,8.497936588735774,40.15266516380031,31.65472857506454,59299,13.475575391775443,154403,211799,-57396,-13.04312256844708,35.087763153110565,48.13088572155765,390393,410394,-20001,-4.545185979711304,88.71600370868633,93.26118968839762,49655,29654,20001,4.545185979711304,11.283996291313676,6.7388103116023705,1269.300048828125,2019-04-29,2019-04-29,1278.5999755859375,0.007326815094979899,2019-04-30,2019-04-30,1282.800048828125,0.010635783093574824,2019-05-01,2019-05-01,1281.4000244140625,0.009532793760709923,2019-05-02,2019-05-02,1269.699951171875,0.00031505737679538015,2019-05-03,2019-05-03,1279.199951171875,0.007799497331533178,0.007326815094979899,0.003284900142644487,-0.0010913816345279326,-0.009130695348267603,0.007482082669399093,0.0004692441712761397,-0.002593058951060545,-4.274516149807194,-18878.0,-1.4317426976372047,2.8427734521700003,4.758371367968698,21034.0,2.0173402342829263,-2.741031133685766,0.483855218161505,2156.0,0.7959617640722882,0.3121065459107655,-0.483855218161505,-2156.0,-0.7959617640722811,-0.31210654591077613,0.010635783093574824,0.01118722967432717,0.020010951994526627,0.002127118150170748,0.11880557863133911,0.1673362437351571,0.3221459754305256,100.0,100 troy oz,126930.0048828125,22427389492.749023,17680841960.15625,4746547532.592773,-2396184632.1777344,-10477183393.041992,19598373543.9209,26883648104.174805,-7285274560.253906,2669845722.705078,11936243799.169922,49552585396.21582,52091312423.87695,-2538727027.661133,273661090.52734375,1459060406.1279297,6302709392.456055,3763982364.794922,2538727027.661133,-273661090.52734375,-1459060406.1279297
2019-04-30,GOLD - COMMODITY EXCHANGE INC.,430011,177275,111056,66219,15.399373504398724,41.22568957538296,25.82631607098423,56305,13.09385108753032,147288,235600,-88312,-20.537149049675474,34.252147038099025,54.789296087774495,380868,402961,-22093,-5.137775545276749,88.57168770101231,93.70946324628905,49143,27050,22093,5.137775545276749,11.4283122989877,6.290536753710951,1282.800048828125,2019-05-06,2019-05-06,1281.699951171875,-0.0008575753152293419,2019-05-07,2019-05-07,1283.5,0.0005456432376302889,2019-05-08,2019-05-08,1279.4000244140625,-0.002650471066919957,2019-05-09,2019-05-09,1283.5,0.0005456432376302889,2019-05-10,2019-05-10,1285.699951171875,0.0022606035495549293,-0.0008575753152293419,0.001404422951314821,-0.0031943713174424904,0.0032046080254024556,0.001714025065738145,0.003120855233194497,0.010635783093574824,6.90143691566295,28824.0,1.0730244115826508,-5.828412504080308,-7.494026481228394,-30916.0,-0.8356161150115398,6.658410366216849,-0.5925895655654445,-2092.0,-0.1443160076740213,0.44827355789142587,0.5925895655654445,2092.0,0.14431600767402486,-0.44827355789141965,0.0005456432376302889,0.009276505995319262,-0.008419120998624186,-0.004911169775741908,0.11451504268178603,0.15918299298352667,0.33341123705334375,100.0,100 troy oz,128280.0048828125,22740837865.600586,14246264222.265625,8494573643.334961,3697542860.7421875,-3635070498.364258,18894105359.179688,30222769150.390625,-11328663791.210938,-3965904630.9570312,3837881186.0839844,48857748899.70703,51691839047.58301,-2834090147.8759766,-268361770.21484375,202810687.71972656,6304064279.956055,3469974132.080078,2834090147.8759766,268361770.21484375,-202810687.71972656
2019-05-07,GOLD - COMMODITY EXCHANGE INC.,450039,185801,110390,75411,16.75654776586029,41.28553303158171,24.528985265721413,73060,16.234148596010566,142078,238437,-96359,-21.411255468970467,31.57015280897878,52.98140827794925,400939,421887,-20948,-4.654707703110176,89.08983443657105,93.74454213968123,49100,28152,20948,4.654707703110176,10.910165563428947,6.2554578603187725,1283.5,2019-05-13,2019-05-13,1300.0999755859375,0.012933366253165213,2019-05-14,2019-05-14,1294.699951171875,0.00872610141945862,2019-05-15,2019-05-15,1296.300048828125,0.009972768857128944,2019-05-16,2019-05-16,1285.0,0.001168679392286709,2019-05-17,2019-05-17,1274.5,-0.0070120763537202535,0.012933366253165213,-0.004153545508397416,0.0012358829972933805,-0.00871715529004291,-0.008171206225680905,-0.019690774607083572,0.0005456432376302889,1.3571742614615658,9192.0,0.05984345619874887,-1.297330805262817,-0.8741064192949928,-8047.0,-2.681994229120246,-1.807887809825246,0.48306784216657306,1145.0,0.5181467355587444,0.03507889339218195,-0.48306784216657306,-1145.0,-0.5181467355587532,-0.0350788933921784,0.00872610141945862,-0.008959875340864842,-0.005453837164004716,0.03108689085630112,0.14717571049011502,0.15372033410839503,0.32793145649712696,100.0,100 troy oz,128350.0,23847558350.0,14168556500.0,9679001850.0,1179793200.0,-3844467550.0,18235711300.0,30603388950.0,-12367677650.0,-1032832450.0,4678357500.0,51460520650.0,54149196450.0,-2688675800.0,146960750.0,833889950.0,6301985000.0,3613309200.0,2688675800.0,-146960750.0,-833889950.0
2019-05-14,GOLD - COMMODITY EXCHANGE INC.,517995,226361,101825,124536,24.041930906668984,43.699456558460994,19.657525651792003,78759,15.204586916862132,159444,296627,-137183,-26.483460265060472,30.78099209451829,57.26445235957877,464564,477211,-12647,-2.4415293583914903,89.6850355698414,92.1265649282329,53431,40784,12647,2.4415293583914903,10.314964430158593,7.873435071767101,1294.699951171875,2019-05-20,2019-05-20,1276.0999755859375,-0.014366244139502826,2019-05-21,2019-05-21,1272.0,-0.01753298217963828,2019-05-22,2019-05-22,1273.5999755859375,-0.016297193466979887,2019-05-23,2019-05-23,1284.800048828125,-0.007646483909101276,2019-05-24,2019-05-24,1283.0,-0.009036805138738946,-0.014366244139502826,-0.003212895278095207,0.001257842441774848,0.008794027525820924,-0.0014010342152204203,0.005407118992298621,0.00872610141945862,7.285383140808694,49125.0,2.4139235268792874,-4.87145961392941,-5.072204796090006,-40824.0,-0.7891607144604897,4.283044081629519,2.2131783447186852,8301.0,0.5952011332703506,-1.6179772114483342,-2.2131783447186852,-8301.0,-0.5952011332703542,1.6179772114483288,-0.01753298217963828,-0.01405727339017937,0.02216735485021859,0.024484494043190974,0.16026879418060136,0.12157258851488684,0.31644403235773244,100.0,100 troy oz,129469.9951171875,29306957564.72168,13183282252.807617,16123675311.914062,6360213510.131836,8838010276.68457,20643213901.464844,38404296241.62598,-17761082340.161133,-5285483080.6640625,-7606750623.120117,60147098811.62109,61784505839.868164,-1637407028.2470703,1074730429.4677734,1231259653.5644531,6917711309.106445,5280304280.859375,1637407028.2470703,-1074730429.4677734,-1231259653.5644531
2019-05-21,GOLD - COMMODITY EXCHANGE INC.,508643,203628,114823,88805,17.45920026423248,40.03357954400237,22.5743792797699,83533,16.42271691540039,167827,275765,-107938,-21.220777637753788,32.995047607064286,54.21582524481807,454988,474121,-19133,-3.7615773735213103,89.45134406646706,93.21292143998836,53655,34522,19133,3.7615773735213103,10.548655933532949,6.787078560011639,1272.0,2019-05-27,2019-05-28,1276.5,0.0035377358490567,2019-05-28,2019-05-28,1276.5,0.0035377358490567,2019-05-29,2019-05-29,1280.5999755859375,0.006760987095862925,2019-05-30,2019-05-30,1287.0999755859375,0.011871049988944504,2019-05-31,2019-05-31,1305.800048828125,0.02657236543091579,0.0035377358490567,0.0,0.0032118884339502607,0.005075745840949164,0.014528842822543409,0.022953426422346324,-0.01753298217963828,-6.5827306424365055,-35731.0,-3.665877014458623,2.916853627977897,5.262682627306685,29245.0,2.214055512545997,-3.0486271147606985,-1.32004801512982,-6486.0,-0.2336915033743452,1.0863565117554685,1.32004801512982,6486.0,0.23369150337435585,-1.0863565117554623,0.0035377358490567,0.04040882422489189,0.042767314790929545,0.058647779548693046,0.1828616160266805,0.1582547553680227,0.37122637670744885,100.0,100 troy oz,127200.0,25901481600.0,14605485600.0,11295996000.0,-4544983200.0,6539352000.0,21347594400.0,35077308000.0,-13729713600.0,3719964000.0,-6428942400.0,57874473600.0,60308191200.0,-2433717600.0,-825019200.0,110409600.0,6824916000.0,4391198400.0,2433717600.0,825019200.0,-110409600.0
2019-05-28,GOLD - COMMODITY EXCHANGE INC.,505126,194463,107775,86688,17.161658675261222,38.4979193310184,21.33626065575718,62206,12.314947161698269,191290,301244,-109954,-21.76763817344583,37.86975922839054,59.63739740183638,447959,471225,-23266,-4.605979498184611,88.68262572110721,93.28860521929182,57167,33901,23266,4.605979498184611,11.317374278892792,6.711394780708179,1276.5,2019-06-03,2019-06-03,1322.699951171875,0.03619267620201727,2019-06-04,2019-06-04,1323.4000244140625,0.03674110804078534,2019-06-05,2019-06-05,1328.300048828125,0.04057974839649425,2019-06-06,2019-06-06,1337.5999755859375,0.047865237435125385,2019-06-07,2019-06-07,1341.199951171875,0.05068542982520574,0.03619267620201727,0.0005292759265373981,0.0037026026323612182,0.007001375002596122,0.0026913693567918173,0.013986543194176138,0.0035377358490567,-0.2975415889712565,-2117.0,-1.53566021298397,-1.2381186240127207,-0.5468605356920442,-2016.0,4.874711621326256,5.421572157018311,-0.8444021246633011,-4133.0,-0.7687183453598436,0.0756837793034606,0.8444021246633011,4133.0,0.7687183453598436,-0.07568377930345971,0.03674110804078534,0.03909128430400499,0.05491576622478456,0.10842148406898744,0.2072072072072073,0.14359580793429294,0.335526869430572,100.0,100 troy oz,127650.0,24823201950.0,13757478750.0,11065723200.0,-270235050.0,2612867850.0,24418168500.0,38453796600.0,-14035628100.0,-257342400.0,-2762601300.0,57181966350.0,60151871250.0,-2969904900.0,-527577450.0,-149733450.0,7297367550.0,4327462650.0,2969904900.0,527577450.0,149733450.0
2019-06-04,GOLD - COMMODITY EXCHANGE INC.,481495,240477,84362,156115,32.42297427802988,49.94382080810808,17.520846530078195,56898,11.816945139617234,132517,305093,-172576,-35.84170136761545,27.521988805698918,63.36369017331437,429892,446353,-16461,-3.4187270895855617,89.28275475342423,92.70148184300979,51603,35142,16461,3.4187270895855617,10.71724524657577,7.298518156990208,1323.4000244140625,2019-06-10,2019-06-10,1324.699951171875,0.0009822629090459056,2019-06-11,2019-06-11,1326.4000244140625,0.0022668882761494036,2019-06-12,2019-06-12,1331.9000244140625,0.006422850115756384,2019-06-13,2019-06-13,1339.199951171875,0.011938889577101097,2019-06-14,2019-06-14,1340.0999755859375,0.012618974507929925,0.0009822629090459056,0.0012833647654955094,0.0041465620467171505,0.005480836867634897,0.0006720612655899405,0.011625292505249352,0.03674110804078534,15.261315602768661,69427.0,11.445901477089677,-3.815414125678984,-14.074063194169618,-62622.0,-10.347770422691625,3.7262927714779863,1.1872524085990497,6805.0,0.6001290323170139,-0.5871233762820367,-1.1872524085990497,-6805.0,-0.6001290323170227,0.5871233762820287,0.0022668882761494036,0.017530565772920337,0.06914009242255514,0.0613570724451411,0.16812754714774325,0.11697137970535443,0.3102614236143235,100.0,100 troy oz,132340.00244140625,31824726767.10205,11164467285.961914,20660259481.140137,9187969349.499512,10680367557.03125,17537300103.527832,40376008364.85596,-22838708261.328125,-8287395632.885742,-10086557966.07666,56891908329.541016,59070357109.729004,-2178448780.1879883,900573716.6137695,593809590.9545898,6829141145.983887,4650692365.795898,2178448780.1879883,-900573716.6137695,-593809590.9545898
2019-06-11,GOLD - COMMODITY EXCHANGE INC.,496663,250114,65876,184238,37.09517318584231,50.35889526701204,13.263722081169727,59835,12.047404376810835,137719,339746,-202027,-40.676877480303546,27.728862427843424,68.40573990814697,447668,465457,-17789,-3.581704294461234,90.1351620716663,93.71686636612753,48995,31206,17789,3.581704294461234,9.8648379283337,6.283133633872465,1326.4000244140625,2019-06-17,2019-06-17,1338.699951171875,0.009273165358426372,2019-06-18,2019-06-18,1346.5999755859375,0.01522915470451558,2019-06-19,2019-06-19,1344.5999755859375,0.013721313960254777,2019-06-20,2019-06-20,1392.9000244140625,0.05013570474667062,2019-06-21,2019-06-21,1396.199951171875,0.05262358675592349,0.009273165358426372,0.005901265931284261,-0.0014852220676223604,0.0359215005987763,0.0023691052480243613,0.04295211929279996,0.0022668882761494036,4.6721989078124295,28123.0,0.415074458903959,-4.257124448908469,-4.835176112688096,-29451.0,0.20687362214450644,5.042049734832602,-0.16297720487567213,-1328.0,0.8524073182420722,1.0153845231177456,0.16297720487567213,1328.0,-0.8524073182420704,-1.015384523117743,0.01522915470451558,0.066721952933539,0.05895653628807773,0.05360372005221126,0.12356756739842889,0.1026839178716401,0.2981755071775667,100.0,100 troy oz,132640.00244140625,33175121570.629883,8737792800.830078,24437328769.799805,3730234788.659668,7918873425.756836,18267048496.228027,45063910269.45801,-26796861773.22998,-3906380711.9018555,-8600908318.310547,59378684612.93945,61738217616.36963,-2359533003.430176,-176145923.2421875,-682034892.5537109,6498696919.616699,4139163916.1865234,2359533003.430176,176145923.2421875,682034892.5537109
2019-06-18,GOLD - COMMODITY EXCHANGE INC.,525636,274633,70310,204323,38.87157652824388,52.24775319803058,13.376176669786696,56655,10.778371344428464,141993,365848,-223855,-42.5874559581155,27.01356071501952,69.60101667313502,473281,492813,-19532,-3.715879429871622,90.03968525747857,93.75556468735017,52355,32823,19532,3.715879429871622,9.96031474252144,6.244435312649819,1346.5999755859375,2019-06-24,2019-06-24,1414.300048828125,0.050274821379474366,2019-06-25,2019-06-25,1414.9000244140625,0.05072036986960882,2019-06-26,2019-06-26,1411.5999755859375,0.048269717197727546,2019-06-27,2019-06-27,1408.4000244140625,0.04589339814983617,2019-06-28,2019-06-28,1409.699951171875,0.046858738103334074,0.050274821379474366,0.00042422086206861387,-0.002332354775024914,-0.002266896590549128,0.0009229812093713985,-0.003252561335949644,0.01522915470451558,1.776403342401565,20085.0,1.888857931018542,0.11245458861696989,-1.9105784778119528,-21828.0,-0.715301712823905,1.1952767649880514,-0.13417513541038817,-1743.0,-0.0954768141877338,0.03869832122263972,0.13417513541038817,1743.0,0.0954768141877409,-0.03869832122264594,0.05072036986960882,0.04307143996104923,0.03779891975114191,0.0464874325864284,0.11770384885907403,0.09505421232783262,0.2895440602131363,100.0,100 troy oz,134659.99755859375,36982079109.50928,9467944428.344727,27514134681.16455,2704646050.9643555,15555653597.973633,19120777033.337402,49265090786.81641,-30144313753.479004,-2939358426.7089844,-15609382936.999512,63732018304.52881,66362197376.84326,-2630179072.314453,-234712375.7446289,-53729339.025878906,7050124172.180176,4419945099.865723,2630179072.314453,234712375.7446289,53729339.025878906
2019-06-25,GOLD - COMMODITY EXCHANGE INC.,577605,298108,61554,236554,40.95428536802832,51.611049073328665,10.656763705300335,59841,10.360194250396033,160228,420378,-260150,-45.03943006033535,27.740064577003317,72.77949463733867,518177,541773,-23596,-4.0851446923070265,89.71130790072802,93.79645259303503,59428,35832,23596,4.0851446923070265,10.288692099271994,6.203547406964968,1414.9000244140625,2019-07-01,2019-07-01,1385.5999755859375,-0.020708211408971278,2019-07-02,2019-07-02,1404.5999755859375,-0.00727970079185658,2019-07-03,2019-07-03,1417.699951171875,0.0019788866418120055,2019-07-04,2019-07-05,1396.699951171875,-0.012863151408683104,2019-07-05,2019-07-05,1396.699951171875,-0.012863151408683104,-0.020708211408971278,0.013712471373251489,0.009326481427904598,-0.014812725346178723,0.0,0.008010952498208379,0.05072036986960882,2.082708839784445,32231.0,-0.6367041247019145,-2.719412964486361,-2.4519741022198502,-36295.0,0.7265038619837973,3.178477964203651,-0.3692652624354045,-4064.0,-0.3283773567505506,0.040887905684854786,0.3692652624354045,4064.0,0.32837735675055413,-0.04088790568485123,-0.00727970079185658,-0.012297705925383817,-0.004028604950055081,0.0036751368168421727,0.0828326730861495,0.05950947043537136,0.25945294314201517,100.0,100 troy oz,141490.00244140625,42179301647.802734,8709275610.27832,33470026037.524414,4560364268.688965,21204540705.88379,22670660111.18164,59479284246.31348,-36808624135.131836,-5135379638.61084,-21251232406.689453,73316864995.08057,76655463092.68799,-3338598097.607422,-575015369.921875,-46691700.80566406,8408467865.087891,5069869767.480469,3338598097.607422,575015369.921875,46691700.80566406
2019-07-02,GOLD - COMMODITY EXCHANGE INC.,605949,312702,53756,258946,42.73395945863431,51.605333122094436,8.871373663460126,71633,11.821621951682403,160282,447104,-286822,-47.33434661993006,26.451401025498843,73.7857476454289,544617,572493,-27876,-4.600387161295752,89.87835609927568,94.47874326057143,61332,33456,27876,4.600387161295752,10.121643900724319,5.521256739428566,1404.5999755859375,2019-07-08,2019-07-08,1397.0,-0.0054107758209002155,2019-07-09,2019-07-09,1397.5,-0.005054802583899898,2019-07-10,2019-07-10,1410.0999755859375,0.003915705607004272,2019-07-11,2019-07-11,1404.300048828125,-0.0002135317976831308,2019-07-12,2019-07-12,1409.9000244140625,0.003773351075215592,-0.0054107758209002155,0.0003579098067287845,0.00901608270907861,-0.004113131592249353,0.00398773438098976,0.009234090489665281,-0.00727970079185658,1.7796740906059867,22392.0,-0.0057159512342295216,-1.785390041840209,-2.2949165595947107,-26672.0,-1.2886635515044738,1.0062530080902263,-0.5152424689887258,-4280.0,0.1670481985476613,0.6822906675364067,0.5152424689887258,4280.0,-0.1670481985476755,-0.6822906675364022,-0.005054802583899898,0.0032749363988979763,0.01103517034701218,0.017869839115914,0.05510467446916656,0.08180266724419627,0.28185962643841744,100.0,100 troy oz,140459.99755859375,43922122156.56738,7550567628.759766,36371554527.80762,3145180265.3320312,14443642008.947754,22513209328.686523,62800226748.4375,-40287017419.75098,-3746349054.8828125,-16046992881.079102,76496902490.36865,80412365382.31201,-3915462891.9433594,-601168789.5507812,-1603350872.1313477,8614692570.263672,4699229678.3203125,3915462891.9433594,601168789.5507812,1603350872.1313477
2019-07-09,GOLD - COMMODITY EXCHANGE INC.,598977,306105,61342,244763,40.863505610399066,51.104633399946906,10.241127789547846,62529,10.439299004803189,163955,442371,-278416,-46.481918337431985,27.37250345171851,73.8544217891505,532589,566242,-33653,-5.618412727032925,88.91643585646861,94.53484858350154,66388,32735,33653,5.618412727032925,11.083564143531389,5.465151416498464,1397.5,2019-07-15,2019-07-15,1411.4000244140625,0.009946350206842647,2019-07-16,2019-07-16,1409.199951171875,0.008372058083631506,2019-07-17,2019-07-17,1421.300048828125,0.017030446388640375,2019-07-18,2019-07-18,1426.0999755859375,0.02046509880925762,2019-07-19,2019-07-19,1425.0999755859375,0.01974953530299639,0.009946350206842647,-0.001558787873126799,0.008586501614755049,0.00337713824872532,-0.0007012131106650665,0.00970663946074568,-0.005054802583899898,-1.8704538482352433,-14183.0,-0.5006997221475302,1.3697541260877202,0.8524282824980745,8406.0,0.9211024262196688,0.06867414372160852,-1.0180255657371724,-5777.0,-0.9619202428070679,0.05610532293010806,1.0180255657371724,5777.0,0.9619202428070697,-0.05610532293010184,0.008372058083631506,0.016171717771690464,0.023041109961985606,0.053595724088774555,0.07134164663461529,0.12472275408094813,0.2950984074519232,100.0,100 troy oz,139750.0,42778173750.0,8572544500.0,34205629250.0,-1982074250.0,8458368750.0,22912711250.0,61821347250.0,-38908636000.0,1174738500.0,-10675362750.0,74429312750.0,79132319500.0,-4703006750.0,-807335750.0,-2216994000.0,9277723000.0,4574716250.0,4703006750.0,807335750.0,2216994000.0
2019-07-16,GOLD - COMMODITY EXCHANGE INC.,601900,309535,64034,245501,40.78767237082572,51.42631666389765,10.63864429307194,48434,8.046851636484465,175785,453193,-277408,-46.08871905632165,29.205017444758262,75.2937365010799,533754,565661,-31907,-5.30104668549593,88.6781857451404,93.97923243063632,68146,36239,31907,5.30104668549593,11.32181425485961,6.020767569363682,1409.199951171875,2019-07-22,2019-07-22,1425.300048828125,0.011424991636468151,2019-07-23,2019-07-23,1420.0999755859375,0.007734902633936391,2019-07-24,2019-07-24,1422.800048828125,0.009650935372897518,2019-07-25,2019-07-25,1413.9000244140625,0.0033352777498174557,2019-07-26,2019-07-26,1418.5,0.0065995239500193925,0.011424991636468151,-0.003648405994557402,0.0019013261661902092,-0.006255288240531676,0.003253395223501654,-0.0047709595139043826,0.008372058083631506,-0.07583323957334898,738.0,0.32168326395074587,0.39751650352409307,0.3931992811103342,1008.0,1.8325139930397505,1.4393147119293985,0.317366041536995,1746.0,-0.23825011132821317,-0.5556161528652268,-0.317366041536995,-1746.0,0.23825011132822205,0.5556161528652179,0.007734902633936391,0.014547261361279817,0.04484819431737219,0.06599489300483041,0.04853819669606274,0.09452176969735193,0.2868294686684165,100.0,100 troy oz,140919.9951171875,43619670688.59863,9023670967.333984,34595999721.26465,103998956.39648438,5802803558.935547,24771621341.674805,63863955347.143555,-39092334005.46875,142047355.078125,-7546688498.510742,75216611073.7793,79712945357.9834,-4496334284.204102,246046311.47460938,-1743884939.5751953,9603133987.25586,5106799703.051758,4496334284.204102,-246046311.47460938,1743884939.5751953
2019-07-23,GOLD - COMMODITY EXCHANGE INC.,616859,311881,60631,251250,40.73053971815277,50.55952819039683,9.828988472244063,56198,9.110347745595023,175785,463624,-287839,-46.66204108232189,28.496787758628795,75.15882884095069,543864,580453,-36589,-5.931501364169121,88.16666369462065,94.09816505878977,72995,36406,36589,5.931501364169121,11.83333630537935,5.901834941210228,1420.0999755859375,2019-07-29,2019-07-29,1419.5999755859375,-0.0003520878871881017,2019-07-30,2019-07-30,1429.699951171875,0.00676007024222125,2019-07-31,2019-07-31,1426.0999755859375,0.004225054646257886,2019-08-01,2019-08-01,1420.9000244140625,0.0005633750030837881,2019-08-02,2019-08-02,1445.5999755859375,0.01795648224659585,-0.0003520878871881017,0.007114663116113862,-0.0025179937811333764,-0.0036462739365369368,0.017383313918979404,0.018315018629997182,0.007734902633936391,-0.05713265267294787,5749.0,-0.8667884735008187,-0.8096558208278761,-0.5733220260002412,-10431.0,-0.7082296861294672,-0.1349076601292154,-0.6304546786731917,-4682.0,-0.5115220505197442,0.11893262815345906,0.6304546786731917,4682.0,0.5115220505197389,-0.11893262815345373,0.00676007024222125,0.03682842738346359,0.05781281388450332,0.059502852934797845,0.043377210509789155,0.09597919243107311,0.2984297275642609,100.0,100 troy oz,142009.99755859375,44290220048.57178,8610208161.975098,35680011886.59668,816415475.9643555,2086978924.1210938,24963227420.837402,65839243108.10547,-40876015687.26807,-1481306284.5336914,-3932114822.3999023,77234125312.20703,82430129112.87842,-5196003800.671387,-664890808.5693359,-1845135898.2788086,10366019771.78955,5170015971.118164,5196003800.671387,664890808.5693359,1845135898.2788086
2019-07-30,GOLD - COMMODITY EXCHANGE INC.,563298,312214,57826,254388,45.16046568601344,55.42607997898094,10.265614292967488,45699,8.112757368213627,141164,429131,-287967,-51.12160881096685,25.060270052441158,76.181878863408,499077,532656,-33579,-5.9611431249533995,88.59910739963571,94.56025052458912,64221,30642,33579,5.9611431249533995,11.400892600364283,5.439749475410884,1429.699951171875,2019-08-05,2019-08-05,1464.5999755859375,0.024410733444773625,2019-08-06,2019-08-06,1472.4000244140625,0.029866457788704448,2019-08-07,2019-08-07,1507.300048828125,0.05427719123347807,2019-08-08,2019-08-08,1497.699951171875,0.047562427308095456,2019-08-09,2019-08-09,1496.5999755859375,0.04679305217799512,0.024410733444773625,0.0053257196218403635,0.023702814340790912,-0.006369068762197561,-0.0007344432274815071,0.02184896936598535,0.00676007024222125,4.429925967860669,3138.0,4.866551788584104,0.4366258207234246,-4.459567728644956,-128.0,-3.4365177061876366,1.023050022457312,-0.02964176078427805,3010.0,0.4324437050150607,0.4620854657993476,0.02964176078427805,-3010.0,-0.432443705015066,-0.46208546579934406,0.029866457788704448,0.05070994087995473,0.052388631861300494,0.07784853649669365,0.0400783736343826,0.09757292072763701,0.3601455144430947,100.0,100 troy oz,142969.9951171875,44637234055.51758,8267382937.646484,36369851117.87109,448639844.6777344,-651657237.7441406,20182216390.722656,61352856974.63379,-41170640583.91113,-18300159.375,-163700644.4091797,71353036253.10059,76153825719.14062,-4800789466.040039,430339685.3027344,-815357882.1533203,9181676056.420898,4380886590.380859,4800789466.040039,-430339685.3027344,815357882.1533203
2019-08-06,GOLD - COMMODITY EXCHANGE INC.,600317,350558,58013,292545,48.73175339029213,58.39548105417638,9.663727663884247,49905,8.313107907988613,137010,461335,-324325,-54.025623129113455,22.822941879040574,76.84856500815403,537473,569253,-31780,-5.293869738821322,89.53153084120557,94.82540058002688,62844,31064,31780,5.293869738821322,10.468469158794438,5.174599419973115,1472.4000244140625,2019-08-12,2019-08-12,1505.300048828125,0.022344487821612802,2019-08-13,2019-08-13,1502.199951171875,0.020239015392349735,2019-08-14,2019-08-14,1515.9000244140625,0.02954360179212223,2019-08-15,2019-08-15,1519.5999755859375,0.03205647269033296,2019-08-16,2019-08-16,1512.5,0.027234430128385334,0.022344487821612802,-0.0020594549629248116,0.009120006448875229,0.0024407619976820616,-0.004672266188474938,0.004783067121721052,0.029866457788704448,3.5712877042786886,38157.0,2.9694010751954423,-0.601886629083241,-2.904014318146608,-36358.0,-2.2373281734005843,0.6666861447460235,0.6672733861320772,1799.0,0.9324234415698527,0.2651500554377577,-0.6672733861320772,-1799.0,-0.9324234415698456,-0.26515005543776926,0.020239015392349735,0.0218690237964978,0.04659058302667218,0.04991849957979255,0.005704987961681951,0.05297473424794319,0.3725889476293993,100.0,100 troy oz,147240.00244140625,51616160775.85449,8541834261.633301,43074326514.22119,5618236773.156738,7035421796.655273,20173352734.49707,67926966526.30615,-47753613791.80908,-5353352008.764648,-6759641272.08252,79137525832.18994,83816813109.77783,-4679287277.587891,264884764.39208984,275780524.5727539,9253150713.427734,4573863435.839844,4679287277.587891,-264884764.39208984,-275780524.5727539
2019-08-13,GOLD - COMMODITY EXCHANGE INC.,593962,346223,56133,290090,48.83982476993477,58.29042935406642,9.450604584131645,47458,7.990073439041555,136823,460550,-323727,-54.50298167222819,23.035648745205922,77.5386304174341,530504,564141,-33637,-5.663156902293412,89.3161515383139,94.97930844060731,63458,29821,33637,5.663156902293412,10.683848461686102,5.020691559392689,1502.199951171875,2019-08-19,2019-08-19,1500.4000244140625,-0.001198193859884178,2019-08-20,2019-08-20,1504.5999755859375,0.0015976730742071066,2019-08-21,2019-08-21,1504.5999755859375,0.0015976730742071066,2019-08-22,2019-08-22,1497.300048828125,-0.0032618176694304557,2019-08-23,2019-08-23,1526.5999755859375,0.016242860609220422,-0.001198193859884178,0.0027992209434382076,0.0,-0.0048517392504739965,0.019568507181138672,0.017461977303090626,0.020239015392349735,0.10807137964264513,-2455.0,-0.10505170010996068,-0.21312307975260225,-0.47735854311473247,598.0,0.21270686616534817,0.6900654092800806,-0.36928716347209,-1857.0,-0.2153793028916624,0.15390786058043204,0.36928716347209,1857.0,0.21537930289166418,-0.15390786058042583,0.0015976730742071066,0.02582881779343471,0.029090716723893406,-0.007921650066934682,-0.033351069907074815,0.0422047839667441,0.2956331461133419,100.0,100 troy oz,150219.9951171875,52009617369.45801,8432298985.913086,43577318383.54492,-368790088.0126953,6698159362.280273,20553550391.918945,69183818751.2207,-48630268359.30176,89831557.08007812,-6958039953.833008,79692308289.64844,84745258265.40527,-5052949975.756836,-278958530.9326172,-259880591.55273438,9532660450.146484,4479710474.389648,5052949975.756836,278958530.9326172,259880591.55273438
2019-08-20,GOLD - COMMODITY EXCHANGE INC.,594807,352294,52301,299993,50.435351298824656,59.22828749493533,8.79293619611067,45250,7.6075096627981855,133408,469658,-336250,-56.53094196941193,22.42878782529459,78.95972979470652,530952,567209,-36257,-6.095590670587266,89.2645849830281,95.36017565361537,63855,27598,36257,6.095590670587266,10.735415016971892,4.639824346384626,1504.5999755859375,2019-08-26,2019-08-26,1526.300048828125,0.014422486770104381,2019-08-27,2019-08-27,1541.0,0.02419249302452453,2019-08-28,2019-08-28,1537.800048828125,0.02206571432998894,2019-08-29,2019-08-29,1526.5,0.014555380014235286,2019-08-30,2019-08-30,1519.0999755859375,0.009637113010289244,0.014422486770104381,0.009631101815898768,-0.002076541967472423,-0.007348191227290024,-0.004847706789428474,-0.004717338014707972,0.0015976730742071066,1.5955265288898843,9903.0,0.9378581408689115,-0.6576683880209746,-2.027960297183739,-12523.0,-0.6068609199113304,1.4210993772724123,-0.43243376829385394,-2620.0,-0.05156655528580245,0.3808672130080595,0.43243376829385394,2620.0,0.05156655528579002,-0.38086721300806303,0.02419249302452453,0.027449188819800074,-0.009504138634751524,0.00033231424173418844,-0.020802822853711267,0.06340557354914944,0.3379635838435888,100.0,100 troy oz,150459.99755859375,53006154379.90723,7869208332.312012,45136946047.595215,1490005355.822754,7333871660.998535,20072567354.296875,70664741533.37402,-50592174179.07715,-1884210549.4262695,-7283918941.809082,79887036623.73047,85342264755.2124,-5455228131.481934,-394205193.6035156,49952719.189453125,9607623144.104004,4152395012.6220703,5455228131.481934,394205193.6035156,-49952719.189453125
2019-08-27,GOLD - COMMODITY EXCHANGE INC.,636183,362609,65771,296838,46.65921598030756,56.9975934597435,10.338377479435948,54297,8.534808380607467,148866,482672,-333806,-52.47012259051248,23.399870791894788,75.86999338240726,565772,602740,-36968,-5.810906610204925,88.93227263224576,94.74317924245068,70411,33443,36968,5.810906610204925,11.067727367754248,5.256820757549321,1541.0,2019-09-02,2019-09-03,1545.9000244140625,0.0031797692498782837,2019-09-03,2019-09-03,1545.9000244140625,0.0031797692498782837,2019-09-04,2019-09-04,1550.300048828125,0.0060350738664016745,2019-09-05,2019-09-05,1515.4000244140625,-0.01661257338477451,2019-09-06,2019-09-06,1506.199951171875,-0.022582770167504873,0.0031797692498782837,0.0,0.002846254184988517,-0.022511786954043878,-0.006071052589394554,-0.025680880144390295,0.02419249302452453,-3.776135318517099,-3155.0,-2.2306940351918314,1.5454412833252782,4.0608193788994456,2444.0,0.9710829666001963,-3.08973641229926,0.2846840603823413,-711.0,-0.33231235078234533,-0.616996411164692,-0.2846840603823413,711.0,0.332312350782356,0.6169964111646955,0.0031797692498782837,-0.032900682136194015,-0.02329657651788608,-0.0057754863167180925,-0.05269302477084681,0.06872162518758107,0.24795585696686384,100.0,100 troy oz,154100.0,55878046900.0,10135311100.0,45742735800.0,-486185500.0,6541545000.0,22940250600.0,74379755200.0,-51439504600.0,376620400.0,-7063789900.0,87185465200.0,92882234000.0,-5696768800.0,-109565100.0,-522244900.0,10850335100.0,5153566300.0,5696768800.0,109565100.0,522244900.0
2019-09-03,GOLD - COMMODITY EXCHANGE INC.,634358,365385,64838,300547,47.378136635779796,57.59917901248192,10.221042376702115,55608,8.766028015726137,147717,485458,-337741,-53.24138735540499,23.286062444234958,76.52744979963995,568710,605904,-37194,-5.863250719625196,89.651269472443,95.5145201920682,65648,28454,37194,5.863250719625196,10.348730527556995,4.4854798079317995,1545.9000244140625,2019-09-09,2019-09-09,1502.199951171875,-0.02826836959185053,2019-09-10,2019-09-10,1490.300048828125,-0.03596608752691588,2019-09-11,2019-09-11,1494.4000244140625,-0.03331392663605126,2019-09-12,2019-09-12,1498.699951171875,-0.030532422858378316,2019-09-13,2019-09-13,1490.9000244140625,-0.03557797990257905,-0.02826836959185053,-0.007921650066934682,0.0027511074626627163,0.0028773599354687818,-0.005204461874915967,-0.007522252113639993,0.0031797692498782837,0.7189206554722389,3709.0,0.6015855527384204,-0.11733510273383274,-0.7712647648925071,-3935.0,-0.11380834765983039,0.6574564172326944,-0.05234410942027079,-226.0,0.7189968401972493,0.7713409496175245,0.05234410942027079,226.0,-0.7189968401972529,-0.7713409496175219,-0.03596608752691588,-0.02639242394965957,-0.008926870179302604,-0.04133515971596047,-0.043793306276612265,0.062229089625855494,0.28009573268757704,100.0,100 troy oz,154590.00244140625,56484868042.05322,10023306578.295898,46461561463.757324,573374319.0551758,1237029199.5361328,22835571390.637207,75046953405.2002,-52211382014.56299,-608311659.6069336,-2073979472.7539062,87916880288.45215,93666700839.25781,-5749820550.805664,-34937340.55175781,-836950273.2177734,10148524480.273438,4398703929.467773,5749820550.805664,34937340.55175781,836950273.2177734
2019-09-10,GOLD - COMMODITY EXCHANGE INC.,614753,334114,64389,269725,43.87534505728317,54.349307770763225,10.473962713480049,61037,9.928703072616155,156061,461672,-305611,-49.712811486889855,25.385968022929532,75.0987795098194,551212,587098,-35886,-5.837466429606688,89.66397886630891,95.5014452959156,63541,27655,35886,5.837466429606688,10.336021133691093,4.4985547040844045,1490.300048828125,2019-09-16,2019-09-16,1503.0999755859375,0.008588825295870794,2019-09-17,2019-09-17,1505.0999755859375,0.009930836927402709,2019-09-18,2019-09-18,1507.5,0.011541267267219046,2019-09-19,2019-09-19,1498.4000244140625,0.005435130725726545,2019-09-20,2019-09-20,1507.300048828125,0.011407098868021714,0.008588825295870794,0.001330583482459513,0.0015945946800830502,-0.006036468050373167,0.005939685176889142,0.002794274040587519,-0.03596608752691588,-3.502791578496627,-30822.0,-3.2498712417186937,0.25292033677793313,3.5285758685151336,32130.0,2.0999055786945746,-1.428670289820559,0.025784290018507683,1308.0,0.012709393865904417,-0.013074896152602378,-0.025784290018507683,-1308.0,-0.01270939386590264,0.013074896152605042,0.009930836927402709,0.028047993953084216,-0.005569381034813525,0.004629874600873496,-0.018586910242651467,0.1132657325553641,0.3038984684325019,100.0,100 troy oz,149030.0048828125,49793011051.416016,9595892984.399414,40197118067.0166,-4593402810.498047,-3034996049.4384766,23257771592.0166,68802980414.25781,-45545208822.24121,4788334056.884766,2699827568.4570312,82147127051.46484,87495217806.68945,-5348090755.224609,194931246.38671875,-335168480.9814453,9469515540.25879,4121424785.0341797,5348090755.224609,-194931246.38671875,335168480.9814453
2019-09-17,GOLD - COMMODITY EXCHANGE INC.,630990,341511,58912,282599,44.78660517599328,54.12304473921932,9.336439563226042,65382,10.361812390053725,163008,481407,-318399,-50.460229163695146,25.833689915846524,76.29391907954167,569901,605701,-35800,-5.673623987701865,90.31854704511957,95.99217103282143,61089,25289,35800,5.673623987701865,9.681452954880426,4.007828967178561,1505.0999755859375,2019-09-23,2019-09-23,1523.699951171875,0.0123579668378484,2019-09-24,2019-09-24,1532.0999755859375,0.017939007665911832,2019-09-25,2019-09-25,1504.5999755859375,-0.0003322038456650134,2019-09-26,2019-09-26,1507.5,0.0015945946800830502,2019-09-27,2019-09-27,1499.0999755859375,-0.0039864461479803825,0.0123579668378484,0.0055129124389627915,-0.01794922031082391,0.001927438828339234,-0.005572155498548947,-0.01614489490993143,0.009930836927402709,0.9112601187101106,12874.0,-0.22626303154390826,-1.1375231502540064,-0.7474176768052914,-12788.0,0.4477218929169915,1.1951395697222722,0.16384244190482278,86.0,0.6545681788106634,0.49072573690583,-0.16384244190482278,-86.0,-0.654568178810667,-0.4907257369058433,0.017939007665911832,-0.015347801448833742,-0.005248836982398419,-0.018271211511576957,-0.020264434585567148,0.013155304730117168,0.3063583702514052,100.0,100 troy oz,150509.99755859375,51400819776.23291,8866844976.171875,42533974800.061035,1937665708.569336,-2617970897.5341797,24534333682.03125,72456566394.68994,-47922232712.65869,-1924721848.7792969,2686753966.418457,85775798118.64014,91164056031.2378,-5388257912.597656,12943859.790039062,68783068.88427734,9194505240.856934,3806247328.2592773,5388257912.597656,-12943859.790039062,-68783068.88427734
2019-09-24,GOLD - COMMODITY EXCHANGE INC.,658944,370393,57949,312444,47.41586538461539,56.21008765540015,8.794222270784772,61489,9.331445464257964,163585,508730,-345145,-52.37850257381508,24.82532658313908,77.20382915695416,595467,628168,-32701,-4.962637189199689,90.3668597027972,95.3294968919969,63477,30776,32701,4.962637189199689,9.633140297202797,4.670503108003108,1532.0999755859375,2019-09-30,2019-09-30,1465.699951171875,-0.04333922424916714,2019-10-01,2019-10-01,1482.0,-0.03270019997668705,2019-10-02,2019-10-02,1501.0,-0.02029892048920867,2019-10-03,2019-10-03,1507.0999755859375,-0.01631747300983999,2019-10-04,2019-10-04,1506.199951171875,-0.016904917973226463,-0.04333922424916714,0.01112099977563119,0.012820512820512775,0.004063941096560608,-0.0005971895883765121,0.027631849184151847,0.017939007665911832,2.6292602086221066,29845.0,2.0870429161808346,-0.5422172924412703,-1.9182734101199301,-26746.0,-1.008363332707443,0.9099100774124906,0.7109867985021765,3099.0,0.04831265767762716,-0.6626741408245351,-0.7109867985021765,-3099.0,-0.048312657677628934,0.6626741408245467,-0.03270019997668705,-0.022779208256768824,-0.0355720911614511,-0.03289604152286962,-0.021539064372988803,0.08361071576738777,0.2450884446077961,100.0,100 troy oz,153209.99755859375,56747910625.720215,8878366148.52295,47869544477.197266,4572552377.13623,2390995221.899414,25062857450.62256,77942522057.9834,-52879664607.36084,-4097754594.7021484,-1737248162.3168945,91231497616.22314,96241617746.38672,-5010120130.163574,474797782.43408203,653747059.5825195,9725311015.026855,4715190884.863281,5010120130.163574,-474797782.43408203,-653747059.5825195
2019-10-01,GOLD - COMMODITY EXCHANGE INC.,604885,322800,53807,268993,44.47010588789605,53.36551575919389,8.89540987129785,58499,9.671094505567174,163050,466738,-303688,-50.20590690792465,26.955537002901377,77.16144391082602,544349,579044,-34695,-5.7358010200286005,89.99214726766245,95.72794828769105,60536,25841,34695,5.7358010200286005,10.007852732337552,4.272051712308951,1482.0,2019-10-07,2019-10-07,1497.699951171875,0.010593759225286714,2019-10-08,2019-10-08,1497.199951171875,0.010256377308957454,2019-10-09,2019-10-09,1506.0999755859375,0.0162617918933452,2019-10-10,2019-10-10,1494.800048828125,0.008637010005482448,2019-10-11,2019-10-11,1482.699951171875,0.0004723017354082426,0.010593759225286714,-0.0003338452402357195,0.005944446102269962,-0.007502773349037706,-0.00809479345798525,-0.010015357207071585,-0.03270019997668705,-2.94575949671934,-43451.0,-2.8445718962062614,0.10118760051307873,2.1725956658904266,41457.0,2.130210419762296,-0.04238524612813421,-0.7731638308289117,-1994.0,-0.3747124351347537,0.39845139569415267,0.7731638308289117,1994.0,0.3747124351347555,-0.3984513956941571,0.010256377308957454,-0.0029689773374240724,-0.00020246209725038877,0.003373819163292824,0.02530364372469629,0.06842106910530532,0.2842104933683367,100.0,100 troy oz,148200.0,47838960000.0,7974197400.0,39864762600.0,-6439438200.0,-4676302800.0,24164010000.0,69170571600.0,-45006561600.0,6143927400.0,5046654600.0,80672521800.0,85814320800.0,-5141799000.0,-295510800.0,370351800.0,8971435200.0,3829636200.0,5141799000.0,295510800.0,-370351800.0
2019-10-08,GOLD - COMMODITY EXCHANGE INC.,616957,334383,58820,275563,44.66486319143797,54.19875291146708,9.53388972002911,53301,8.639337911718322,167755,478697,-310942,-50.399298492439506,27.190711832429166,77.59001032486867,555439,590818,-35379,-5.734435301001529,90.02880265561457,95.7632379566161,61518,26139,35379,5.734435301001529,9.971197344385427,4.236762043383899,1497.199951171875,2019-10-14,2019-10-14,1491.699951171875,-0.003673524031105546,2019-10-15,2019-10-15,1477.5999755859375,-0.013091087513458999,2019-10-16,2019-10-16,1488.0,-0.006144771220887413,2019-10-17,2019-10-17,1492.300048828125,-0.0032727107290611013,2019-10-18,2019-10-18,1488.199951171875,-0.0060112211418091865,-0.003673524031105546,-0.009452286684638267,0.007038457353749195,0.0028898177608367437,-0.0027475021926520737,-0.0023463163602375214,0.010256377308957454,0.19475730354192677,6570.0,0.8332371522731918,0.6384798487312597,-0.19339158451485616,-7254.0,0.23517482952778934,0.42856641404264906,0.0013657190270714992,-684.0,0.03665538795212342,0.0352896689250457,-0.0013657190270714992,684.0,-0.036655387952125196,-0.03528966892505192,-0.013091087513458999,-0.010352658633115741,-0.006812684681088421,-0.010953715521372809,0.04982640935691962,0.11194236115561429,0.27491324544466234,100.0,100 troy oz,149719.9951171875,50063821127.27051,8806530112.792969,41257291014.47754,983660367.9199219,874065331.4941406,25116277780.88379,71670512502.6123,-46554234721.728516,-1086068844.5800781,-798157293.9697266,83160324367.89551,88457268075.14648,-5296943707.250977,-102408476.66015625,75908037.52441406,9210474659.61914,3913530952.368164,5296943707.250977,102408476.66015625,-75908037.52441406
2019-10-15,GOLD - COMMODITY EXCHANGE INC.,607387,319370,66343,253027,41.65828376307033,52.58097390955025,10.92269014647992,57254,9.426280114655071,167700,455975,-288275,-47.46150312733068,27.610073972607253,75.07157709993794,544324,579572,-35248,-5.8032193642603485,89.61732799681258,95.42054736107292,63063,27815,35248,5.8032193642603485,10.382672003187423,4.579452638927076,1477.5999755859375,2019-10-21,2019-10-21,1482.4000244140625,0.003248544198318326,2019-10-22,2019-10-22,1481.699951171875,0.002774753420195175,2019-10-23,2019-10-23,1489.9000244140625,0.00832434287449657,2019-10-24,2019-10-24,1498.9000244140625,0.014415301285910287,2019-10-25,2019-10-25,1499.5,0.0148213486572224,0.003248544198318326,-0.00047225663158245723,0.005534233321464299,0.006040673771744887,0.000400277254096304,0.01153533142492802,-0.013091087513458999,-3.006579428367644,-22536.0,-1.6177790019168299,1.3888004264508105,2.937795365108826,22667.0,0.4193621401780874,-2.5184332249307317,-0.06878406325881947,131.0,-0.41147465880199263,-0.34269059554317494,0.06878406325881947,-131.0,0.4114746588019962,0.3426905955431776,0.002774753420195175,0.006361684196925399,0.002165723670182418,-0.017257715499005788,0.04385493360774362,0.1888873715467283,0.2822144063955061,100.0,100 troy oz,147759.99755859375,47190110420.288086,9802841518.029785,37387268902.2583,-3329919304.9804688,-4369558647.802734,24779351590.57617,67374864886.779785,-42595513296.20361,3349275864.6606445,4451122166.455078,80429312911.08398,85637557305.0293,-5208244393.9453125,19356559.68017578,81563518.65234375,9318188726.037598,4109944332.092285,5208244393.9453125,-19356559.68017578,-81563518.65234375
2019-10-22,GOLD - COMMODITY EXCHANGE INC.,625528,322917,63785,259132,41.42612321111125,51.62310879768771,10.19698558657646,67189,10.741165863078871,171329,466686,-295357,-47.21723088334975,27.389501349260144,74.6067322326099,561435,597660,-36225,-5.791107672238493,89.75377601002673,95.54488368226522,64093,27868,36225,5.791107672238493,10.24622398997327,4.4551163177347775,1481.699951171875,2019-10-28,2019-10-28,1490.0,0.00560170689184436,2019-10-29,2019-10-29,1487.0,0.003577005468572203,2019-10-30,2019-10-30,1493.199951171875,0.0077613554558766396,2019-10-31,2019-10-31,1511.4000244140625,0.02004459352158161,2019-11-01,2019-11-01,1508.0,0.017749915431477525,0.00560170689184436,-0.00201342281879191,0.004169435892316775,0.012188637715869088,-0.002249586052098018,0.012080536912751683,0.002774753420195175,-0.23216055195907614,6105.0,-0.9578651118625388,-0.7257045599034608,0.24427224398093017,-7082.0,-0.2205726233471097,-0.46484486732803987,0.012111692021855802,-977.0,0.13644801321414946,0.12433632119230253,-0.012111692021855802,977.0,-0.136448013214153,-0.12433632119229898,0.003577005468572203,-0.0006073445187322335,-0.019977037565889755,-0.0056690980769126265,0.05041511487066419,0.13261794322432707,0.2927043851889004,100.0,100 troy oz,148169.9951171875,47846610313.256836,9451023138.549805,38395587174.70703,904577820.1904297,-7899238779.6875,25385817093.432617,69148862341.25977,-43763045247.82715,-1049339905.4199219,7377087716.894531,83187821208.61816,88555279281.73828,-5367458073.120117,-144762085.2294922,-522151062.79296875,9496659497.045898,4129201423.9257812,5367458073.120117,144762085.2294922,522151062.79296875
2019-10-29,GOLD - COMMODITY EXCHANGE INC.,643442,335423,58908,276515,42.97434733822163,52.129484864214646,9.15513752599302,65405,10.164863344326296,176997,478213,-301216,-46.8132325835118,27.507840644533616,74.32107322804542,577825,602526,-24701,-3.838885245290174,89.80218885307455,93.64107409836473,65617,40916,24701,3.838885245290174,10.19781114692544,6.358925901635268,1487.0,2019-11-04,2019-11-04,1508.0,0.014122394082044298,2019-11-05,2019-11-05,1480.800048828125,-0.004169435892316775,2019-11-06,2019-11-06,1490.199951171875,0.0021519510234533357,2019-11-07,2019-11-07,1464.199951171875,-0.015332917840030214,2019-11-08,2019-11-08,1461.300048828125,-0.017283087539929354,0.014122394082044298,-0.018037102899121304,0.006347853885599886,-0.01744732307872776,-0.0019805371127277205,-0.03096813738187998,0.003577005468572203,1.5482241271103732,17383.0,0.5063760665269328,-1.0418480605834404,0.40399829983795144,-5859.0,0.11833929527347209,-0.28565900456447935,1.9522224269483188,11524.0,0.04841284304782789,-1.9038095839004967,-1.9522224269483188,-11524.0,-0.04841284304782967,1.9038095839004905,-0.004169435892316775,-0.02347009039277903,-0.009213148064475485,-0.018291829974361185,0.05527905257019161,0.15030262273032946,0.28574312334503205,100.0,100 troy oz,148700.0,49877400100.0,8759619600.0,41117780500.0,2584852100.0,1118521400.0,26319453900.0,71110273100.0,-44790819200.0,-871233300.0,367586400.0,85922577500.0,89595616200.0,-3673038700.0,1713618800.0,1486107800.0,9757247900.0,6084209200.0,3673038700.0,-1713618800.0,-1486107800.0
2019-11-05,GOLD - COMMODITY EXCHANGE INC.,690181,344591,64763,279828,40.54414711503214,49.92762768027517,9.38348056524303,98524,14.275095953090567,181688,498826,-317138,-45.94997544122484,26.324688741069373,72.27466418229422,624803,662113,-37310,-5.405828326192695,90.52741237443512,95.9332407006278,65378,28068,37310,5.405828326192695,9.472587625564888,4.066759299372193,1480.800048828125,2019-11-11,2019-11-11,1455.5,-0.017085391676038175,2019-11-12,2019-11-12,1452.0999755859375,-0.019381464273248827,2019-11-13,2019-11-13,1461.699951171875,-0.012898498802296432,2019-11-14,2019-11-14,1471.800048828125,-0.006077795585651469,2019-11-15,2019-11-15,1467.300048828125,-0.009116693378477092,-0.017085391676038175,-0.00233598379530231,0.006611098235205004,0.006909829646058796,-0.003057480534521595,0.008107213210666542,-0.004169435892316775,-2.4302002231894875,3313.0,-2.201857183939474,0.2283430392500101,0.8632571422869617,-15922.0,-1.1831519034642426,-2.0464090457512043,-1.5669430809025209,-12609.0,0.7252235213605616,2.29216660226308,1.5669430809025209,12609.0,-0.7252235213605527,-2.292166602263075,-0.019381464273248827,-0.005064829654709557,-0.01418152303318665,-0.001755873561935406,0.04700160270862863,0.15099943828533102,0.2901134261346858,100.0,100 troy oz,148080.0048828125,51027036962.57324,9590105356.225586,41436931606.34766,490589056.1767578,631561220.8251953,26904359927.148438,73866156515.67383,-46961796588.52539,-2357729837.7441406,-917503710.2539062,92520831290.7959,98045696272.97363,-5524864982.177734,-1867140781.5673828,-285942489.42871094,9681174559.228516,4156309577.0507812,5524864982.177734,1867140781.5673828,285942489.42871094
2019-11-12,GOLD - COMMODITY EXCHANGE INC.,708463,323189,56123,267066,37.69653461084065,45.618331514842694,7.921796904002044,107486,15.171716801018542,210067,511535,-301468,-42.552398643260126,29.651089753452194,72.20348839671232,640742,675144,-34402,-4.855864032419477,90.44113806931342,95.29700210173291,67721,33319,34402,4.855864032419477,9.558861930686572,4.7029978982670935,1452.0999755859375,2019-11-18,2019-11-18,1470.9000244140625,0.012946800595144303,2019-11-19,2019-11-19,1473.300048828125,0.014599596170114193,2019-11-20,2019-11-20,1473.300048828125,0.014599596170114193,2019-11-21,2019-11-21,1463.0999755859375,0.007575235992660412,2019-11-22,2019-11-22,1463.0999755859375,0.007575235992660412,0.012946800595144303,0.0016316706602941267,0.0,-0.0069232830408855195,0.0,-0.0053029088984020145,-0.019381464273248827,-2.8476125041914884,-12762.0,-4.309296165432478,-1.4616836612409854,3.3975767979647102,15670.0,3.3264010123828207,-0.07117578558190019,0.5499642937732174,2908.0,-0.08627430512169099,-0.6362385988948915,-0.5499642937732174,-2908.0,0.08627430512168388,0.6362385988949004,0.014599596170114193,0.005302715633667354,0.017973952224195733,0.007230907083903171,0.07816266228790592,0.17374840098480093,0.29219754559731026,100.0,100 troy oz,145209.99755859375,46930273900.964355,8149620692.980957,38780653207.9834,-1853169988.8427734,2038603155.7250977,30503828557.141113,74279996101.13525,-43776167543.99414,2275440661.743164,-1915755497.7905273,93042144255.68848,98037658591.69922,-4995514336.010742,422270672.9003906,122847657.93457031,9833766244.665527,4838251908.654785,4995514336.010742,-422270672.9003906,-122847657.93457031
2019-11-19,GOLD - COMMODITY EXCHANGE INC.,719211,337296,51437,285859,39.74619409324941,46.89805912312242,7.151865029873014,109736,15.257831151080836,206626,525721,-319095,-44.36736924212783,28.729538341321252,73.0969075834491,653658,686894,-33236,-4.621175148878423,90.88542861552452,95.50660376440293,65553,32317,33236,4.621175148878423,9.114571384475488,4.493396235597064,1473.300048828125,2019-11-25,2019-11-25,1456.5999755859375,-0.011335147416489222,2019-11-26,2019-11-26,1459.800048828125,-0.009163102933946177,2019-11-27,2019-11-27,1453.4000244140625,-0.013507109044007093,2019-11-28,2019-11-29,1465.5999755859375,-0.005226412127191771,2019-11-29,2019-11-29,1465.5999755859375,-0.005226412127191771,-0.011335147416489222,0.0021969472029548243,-0.00438417879160935,0.008394076625114488,0.0,0.006178772587428938,0.014599596170114193,2.0496594824087566,18793.0,1.2797276082797282,-0.7699318741290302,-1.8149705988677027,-17627.0,-0.9215514121309418,0.8934191867367787,0.23468888354105388,1166.0,0.4442905462110929,0.20960166267001057,-0.23468888354105388,-1166.0,-0.444290546211084,-0.20960166267002922,-0.009163102933946177,0.003325800706819537,-0.00726265722362418,0.0008823231621057914,0.08599738476398833,0.18387286592383267,0.27950852719061636,100.0,100 troy oz,147330.0048828125,49693821326.953125,7578213461.157227,42115607865.7959,2768772781.7626953,3937689040.5029297,30442209588.916016,77454477496.99707,-47012267908.081055,-2596985996.069336,-3497319655.908203,96303436331.68945,101200096373.97461,-4896660042.285156,171786785.69335938,440369384.59472656,9657923810.083008,4761263767.797852,4896660042.285156,-171786785.69335938,-440369384.59472656
2019-11-26,GOLD - COMMODITY EXCHANGE INC.,669268,325286,53652,271634,40.58673057728742,48.60325011803941,8.016519540751986,93522,13.973774332554372,191548,497015,-305467,-45.641955091234,28.620522720345214,74.26247781157922,610356,644189,-33833,-5.05522451394658,91.197547170939,96.25277168488557,58912,25079,33833,5.05522451394658,8.802452829061004,3.7472283151144237,1459.800048828125,2019-12-02,2019-12-02,1462.300048828125,0.0017125633075618651,2019-12-03,2019-12-03,1478.199951171875,0.012604399046650894,2019-12-04,2019-12-04,1474.0,0.009727326138448955,2019-12-05,2019-12-05,1476.9000244140625,0.011713916299471716,2019-12-06,2019-12-06,1459.0999755859375,-0.0004795678988704921,0.0017125633075618651,0.010873214670608755,-0.002841260526727396,0.001967452112661139,-0.012052304512072065,-0.00218838346121375,-0.009163102933946177,0.8405364840380116,-14225.0,1.7051909949169897,0.8646545108789718,-1.274585849106174,13628.0,-0.10901562097603801,1.1655702281301217,-0.43404936506815694,-597.0,0.31211855541448585,0.7461679204826481,0.43404936506815694,597.0,-0.3121185554144841,-0.7461679204826406,0.012604399046650894,0.0019180207317159859,0.010138324608012894,0.026921445022118684,0.12816822121367566,0.16783120414105834,0.23619668120617288,100.0,100 troy oz,145980.0048828125,47485251868.31055,7832119221.972656,39653132646.33789,-2076565569.4580078,-712528403.8330078,27962177975.29297,72554252126.83105,-44592074151.538086,1989415506.5429688,-620561000.7568359,89099771860.2539,94038713365.4541,-4938941505.200195,-87150062.91503906,-1333089404.5898438,8599974047.65625,3661032542.4560547,4938941505.200195,87150062.91503906,1333089404.5898438
2019-12-03,GOLD - COMMODITY EXCHANGE INC.,701016,346525,55820,290705,41.46909628310909,49.431824665913474,7.962728382804387,93891,13.393560204046699,203920,526707,-322787,-46.04559667682335,29.08920766430438,75.13480434112773,644336,676418,-32082,-4.576500393714266,91.91459253426456,96.49109292797881,56680,24598,32082,4.576500393714266,8.085407465735447,3.508907072021181,1478.199951171875,2019-12-09,2019-12-09,1459.300048828125,-0.012785754950652484,2019-12-10,2019-12-10,1462.5999755859375,-0.010553359559760667,2019-12-11,2019-12-11,1469.4000244140625,-0.005953136956090566,2019-12-12,2019-12-12,1466.699951171875,-0.007779732363597414,2019-12-13,2019-12-13,1475.5999755859375,-0.0017588794965636145,-0.012785754950652484,0.002261307919822597,0.004649288213888214,-0.001837534502059257,0.006068060755679117,0.01116968835223564,0.012604399046650894,0.8823657058216696,19071.0,0.8285745478740623,-0.053791157947599366,-0.40364158558934804,-17320.0,0.4686849439591647,0.8723265295485163,0.4787241202323145,1751.0,0.7170453633255534,0.23832124309323888,-0.4787241202323145,-1751.0,-0.7170453633255569,-0.23832124309324287,-0.010553359559760667,-0.0024353779629633365,0.01413883446383113,0.027939419694462453,0.11087811515899948,0.17304834073721476,0.227235851379761,100.0,100 troy oz,147819.9951171875,51223323807.9834,8251312127.441406,42972011680.54199,2819075126.879883,1607838086.8896484,30143453404.296875,77857826168.18848,-47714372763.8916,-2560242315.4296875,-835035152.4169922,95245744373.82812,99988105457.17773,-4742361083.349609,258832811.4501953,772802934.4726562,8378437323.2421875,3636076239.892578,4742361083.349609,-258832811.4501953,-772802934.4726562
2019-12-10,GOLD - COMMODITY EXCHANGE INC.,690003,329169,58249,270920,39.26359740464896,47.70544475893583,8.441847354286866,101409,14.69689262220599,203374,505657,-302283,-43.808939961130605,29.474364604211868,73.28330456534246,633952,665315,-31363,-4.545342556481638,91.87670198535368,96.42204454183533,56051,24688,31363,4.545342556481638,8.123298014646313,3.577955458164675,1462.5999755859375,2019-12-16,2019-12-16,1475.0,0.008478069616468353,2019-12-17,2019-12-17,1474.5999755859375,0.008204567346032254,2019-12-18,2019-12-18,1472.5999755859375,0.006837139455026842,2019-12-19,2019-12-19,1478.199951171875,0.01066592085760698,2019-12-20,2019-12-20,1474.699951171875,0.008272922048347509,0.008478069616468353,-0.00027120299258476255,-0.0013563000360183874,0.003802781256810217,-0.0023677446323991935,-0.0002034229343220728,-0.010553359559760667,-2.2054988784601264,-19785.0,-1.726379906977641,0.47911897148247906,2.236656715692746,20504.0,0.385156939907489,-1.8514997757852711,0.03115783723262755,719.0,-0.037890548910880284,-0.06904838614347852,-0.03115783723262755,-719.0,0.03789054891086607,0.06904838614349407,0.008204567346032254,0.024955559010848116,0.03890334019133812,0.07466161292559881,0.1343497902912787,0.17728705945331757,0.2818952931152292,100.0,100 troy oz,146259.99755859375,48144257136.364746,8519498597.790527,39624758538.57422,-2893754051.6967773,563686030.5908203,29745480743.481445,73957391585.48584,-44211910842.004395,2998914989.9414062,-119201898.0102539,92721817972.26562,97308970275.6958,-4587152303.430176,105160938.2446289,444484132.5805664,8198019123.156738,3610866819.7265625,4587152303.430176,-105160938.2446289,-444484132.5805664
2019-12-17,GOLD - COMMODITY EXCHANGE INC.,716987,344493,58218,286275,39.92750217228485,48.047314665398396,8.119812493113542,114165,15.922882841669376,202432,521051,-318619,-44.43860209459864,28.23370577151329,72.67230786611194,661090,693434,-32344,-4.511099922313794,92.20390327858107,96.71500320089486,55897,23553,32344,4.511099922313794,7.796096721418938,3.2849967991051443,1474.5999755859375,2019-12-23,2019-12-23,1482.5,0.005357401698669717,2019-12-24,2019-12-24,1499.0999755859375,0.016614675441225968,2019-12-25,2019-12-26,1509.300048828125,0.023531855294110837,2019-12-26,2019-12-26,1509.300048828125,0.023531855294110837,2019-12-27,2019-12-27,1513.800048828125,0.026583530375152264,0.005357401698669717,0.011197285386804312,0.00680413141771985,0.0,0.0029815145129650222,0.021113017759274877,0.008204567346032254,0.6639047676358913,15355.0,0.34186990646256277,-0.32203486117332325,-0.6296621334680381,-16336.0,-1.2406588326985784,-0.610996699230526,0.034242634167844344,-981.0,0.32720129322738956,0.2929586590595221,-0.034242634167844344,981.0,-0.32720129322737446,-0.29295865905953056,0.016614675441225968,0.030448952365010884,0.06591623141968705,0.04597860433381906,0.03411097901865756,0.1776075062730118,0.2581717615253012,100.0,100 troy oz,147459.99755859375,50798936938.95264,8584826137.866211,42214110801.086426,2264248262.512207,61343358.984375,29850622225.78125,76834179187.90283,-46983556962.12158,-2408906520.1171875,70190958.83789062,97484329786.01074,102253775947.0459,-4769446161.035156,-144658257.60498047,131534317.82226562,8242571483.532715,3473125322.4975586,4769446161.035156,144658257.60498047,-131534317.82226562
2019-12-24,GOLD - COMMODITY EXCHANGE INC.,748737,364310,58658,305652,40.82234482869151,48.65660438845683,7.834259559765311,122022,16.297044222470642,203204,543600,-340396,-45.46269250751599,27.13956970204491,72.60226220956089,689536,724280,-34744,-4.640347678824474,92.09321831297238,96.73356599179685,59201,24457,34744,4.640347678824474,7.906781687027621,3.2664340082031473,1499.0999755859375,2019-12-30,2019-12-30,1514.5,0.010272846818000447,2019-12-31,2019-12-31,1519.5,0.013608181406372877,2020-01-01,2020-01-02,1524.5,0.016943515994745306,2020-01-02,2020-01-02,1524.5,0.016943515994745306,2020-01-03,2020-01-03,1549.199951171875,0.033420036289677935,0.010272846818000447,0.003301419610432399,0.0032905561039815456,0.0,0.01620200142464734,0.02291181985597568,0.016614675441225968,0.8948426564066594,19377.0,0.6092897230584313,-0.2855529333482316,-1.0240904129173458,-21777.0,-1.0941360694683802,-0.070045656551045,-0.1292477565106802,-2400.0,-0.11068496560868368,0.01856279090199564,0.1292477565106802,2400.0,0.1106849656086828,-0.018562790901996973,0.013608181406372877,0.048495813772374996,0.028884030106931746,0.03822296695437455,0.10746446415154542,0.18871324729592387,0.25595362516913833,100.0,100 troy oz,149909.99755859375,54613711210.57129,8793420636.791992,45820290573.7793,2904806022.692871,5099638296.948242,30462311143.896484,81491074672.85156,-51028763528.95508,-3264590016.833496,-5236206304.724121,103368340076.5625,108576813031.73828,-5208472955.175781,-359783994.140625,-136568007.7758789,8874821765.466309,3666348810.2905273,5208472955.175781,359783994.140625,136568007.7758789
2019-12-31,GOLD - COMMODITY EXCHANGE INC.,786166,381620,53695,327925,41.71192852400129,48.541910995896544,6.829982471895249,140611,17.885662824390778,202925,569416,-366491,-46.61750826161396,25.811978640643325,72.4294869022573,725156,763722,-38566,-4.905579737612667,92.23955246093064,97.14513219854331,61010,22444,38566,4.905579737612667,7.760447539069356,2.85486780145669,1519.5,2020-01-06,2020-01-06,1566.199951171875,0.03073376187685084,2020-01-07,2020-01-07,1571.800048828125,0.03441924898198412,2020-01-08,2020-01-08,1557.4000244140625,0.02494243133534879,2020-01-09,2020-01-09,1551.699951171875,0.02119114917530429,2020-01-10,2020-01-10,1557.5,0.025008226390260013,0.03073376187685084,0.003575595601353454,-0.009161486173001832,-0.0036599930350791343,0.0037378675070167677,-0.005554815121380563,0.013608181406372877,0.8895836953097742,22273.0,-0.11469339256028377,-1.0042770878700615,-1.1548157540979744,-26095.0,-1.3275910614015842,-0.17277530730359558,-0.2652320587881931,-3822.0,0.14633414795825672,0.41156620674645694,0.2652320587881931,3822.0,-0.14633414795826472,-0.4115662067464574,0.03441924898198412,0.015070763023404155,0.024284320114552393,0.03270809553923981,0.04205332307605292,0.18492925304376429,0.23915763370454912,100.0,100 troy oz,151950.0,57987159000.0,8158955250.0,49828203750.0,3384382350.0,5655579000.0,30834453750.0,86522761200.0,-55688307450.0,-3965135250.0,-6640822800.0,110187454200.0,116047557900.0,-5860103700.0,-580752900.0,-985243800.0,9270469500.0,3410365800.0,5860103700.0,580752900.0,985243800.0
2020-01-07,GOLD - COMMODITY EXCHANGE INC.,785857,383480,61189,322291,41.011405382913175,48.79768202102927,7.786276638116095,139363,17.733887971984725,202452,558533,-356081,-45.311169843877444,25.761938876920354,71.0731087207978,725295,759085,-33790,-4.299764460964272,92.29350886993434,96.59327333089863,60562,26772,33790,4.299764460964272,7.706491130065649,3.406726669101376,1571.800048828125,2020-01-13,2020-01-13,1548.4000244140625,-0.014887405323284364,2020-01-14,2020-01-14,1542.4000244140625,-0.01870468475680609,2020-01-15,2020-01-15,1552.0999755859375,-0.012533447404378895,2020-01-16,2020-01-16,1549.0,-0.014505692912482049,2020-01-17,2020-01-17,1558.800048828125,-0.00827077210596372,-0.014887405323284364,-0.0038749676475047234,0.0062888686581550335,-0.001997278290509108,0.006326693885167822,0.006716626356291888,0.03441924898198412,-0.7005231410881123,-5634.0,0.25577102513272365,0.9562941662208457,1.3063384177365194,10410.0,-0.05003976372297103,-1.3563781814594904,0.6058152766483955,4776.0,0.05395640900370324,-0.5518588676446825,-0.6058152766483955,-4776.0,-0.053956409003707684,0.5518588676446861,-0.01870468475680609,-0.0097976994119221,-0.0016542165513918627,-0.013614978845443826,0.05916783121958624,0.1514823566543695,0.24341516967835042,100.0,100 troy oz,157180.0048828125,60275388272.46094,9617687318.774414,50657700953.68652,-885552147.5097656,8074494030.834961,31821406348.535156,87790219667.21191,-55968813318.67676,1636243850.8300781,-8455969902.685547,114001871641.47949,119312984006.46973,-5311112364.990234,750691703.3203125,-381475871.85058594,9519135455.71289,4208023090.7226562,5311112364.990234,-750691703.3203125,381475871.85058594
2020-01-14,GOLD - COMMODITY EXCHANGE INC.,796883,376809,57574,319235,40.06046056949389,47.28536058618392,7.224900016690028,137119,17.206917452122834,221358,571177,-349819,-43.89841419631238,27.77797995439732,71.6763941507097,735286,765870,-30584,-3.837953626818492,92.27025799270407,96.10821161952256,61597,31013,30584,3.837953626818492,7.729742007295927,3.8917883804774354,1542.4000244140625,2020-01-20,2020-01-21,1556.4000244140625,0.009076763341804517,2020-01-21,2020-01-21,1556.4000244140625,0.009076763341804517,2020-01-22,2020-01-22,1555.300048828125,0.008363604907853261,2020-01-23,2020-01-23,1564.5999755859375,0.01439312164190909,2020-01-24,2020-01-24,1571.0999755859375,0.018607333193461084,0.009076763341804517,0.0,-0.000706743490544226,0.005979506504111276,0.004154416529097649,0.009444841262713943,-0.01870468475680609,-0.9509448134192837,-3056.0,-1.5123214348453473,-0.5613766214260671,1.4127556475650636,6262.0,2.0160410774769666,0.6032854299118924,0.46181083414577984,3206.0,-0.023250877230267974,-0.485061711376062,-0.46181083414577984,-3206.0,0.023250877230278633,0.48506171137605936,0.009076763341804517,0.01737547091131142,0.005186721909602676,0.015041461880609397,0.13893926566762227,0.17570020468778802,0.19566903655390067,100.0,100 troy oz,154240.00244140625,58119021079.94385,8880213900.561523,49238807179.382324,-471357447.4609375,5083750480.46875,34142258460.424805,88098341874.4751,-53956083414.05029,965850895.2880859,-4812288076.171875,113410514435.13184,118127790669.7998,-4717276234.667969,494493447.82714844,271462404.296875,9500721430.3833,4783445195.715332,4717276234.667969,-494493447.82714844,-271462404.296875
2020-01-21,GOLD - COMMODITY EXCHANGE INC.,793829,374793,57098,317695,40.020583778118464,47.21331672186327,7.1927329437448115,141474,17.821722310472406,212445,564348,-351903,-44.32982418127834,26.762060846857445,71.09188502813578,728712,762920,-34208,-4.309240403159874,91.79709987919313,96.106340282353,65117,30909,34208,4.309240403159874,8.202900120806875,3.8936597176469996,1556.4000244140625,2020-01-27,2020-01-27,1576.800048828125,0.013107185873851845,2020-01-28,2020-01-28,1569.199951171875,0.008224059725667976,2020-01-29,2020-01-29,1569.800048828125,0.008609627476141357,2020-01-30,2020-01-30,1583.5,0.01741196039632542,2020-01-31,2020-01-31,1582.9000244140625,0.017026471077046246,0.013107185873851845,-0.004819950165462217,0.000382422683483874,0.008727195022131706,-0.00037889206563779254,0.0038685790189256775,0.009076763341804517,-0.03987679137542699,-1540.0,-0.0720438643206478,-0.03216707294521637,-0.43140998496595984,-2084.0,-1.015919107539876,-0.5845091225739196,-0.4712867763413824,-3624.0,-0.47315811351094794,-0.0018713371695611158,0.4712867763413824,3624.0,0.47315811351094794,0.0018713371695642245,0.008224059725667976,-0.0038550500551802758,0.005911045378798718,0.028013348048071096,0.07825746906144282,0.18472114847738785,0.18234382055131015,100.0,100 troy oz,155640.00244140625,58332783435.02197,8886732859.399414,49446050575.62256,-239685603.75976562,1874372549.4018555,33064940318.66455,87835124097.80273,-54770183779.13818,-324353765.0878906,-1790949508.0932617,113416737459.08203,118740870662.59766,-5324133203.515625,-564039368.8476562,83423041.30859375,10134810038.97705,4810676835.461426,5324133203.515625,564039368.8476562,-83423041.30859375
2020-01-28,GOLD - COMMODITY EXCHANGE INC.,715539,376401,46309,330092,46.1319369035091,52.603841300054924,6.4719043965458205,86056,12.02673788570574,192300,553114,-360814,-50.425483446744344,26.87484539626771,77.30032884301205,654757,685479,-30722,-4.29354654323524,91.50542458202837,95.7989711252636,60782,30060,30722,4.29354654323524,8.494575417971626,4.201028874736387,1569.199951171875,2020-02-03,2020-02-03,1577.199951171875,0.005098139337836205,2020-02-04,2020-02-04,1550.4000244140625,-0.011980580769055393,2020-02-05,2020-02-05,1557.800048828125,-0.0072647863232704335,2020-02-06,2020-02-06,1565.0999755859375,-0.0026127808523545015,2020-02-07,2020-02-07,1568.5999755859375,-0.0003823448920511341,0.005098139337836205,-0.01699209205395924,0.004772977488090024,0.004686048612788207,0.0022362788669072486,-0.005452685678532743,0.008224059725667976,6.111353125390636,12397.0,5.390524578191652,-0.720828547198991,-6.095659265466004,-8911.0,0.11278454941026439,6.208443814876276,0.015693859924634346,3486.0,-0.29167529716475826,-0.30736915708939705,-0.015693859924634346,-3486.0,0.29167529716475116,0.3073691570893877,-0.011980580769055393,-0.0022941471437397665,0.019627867567242552,0.0495157249935938,0.09004591717110522,0.2392302039862506,0.17951827810841725,100.0,100 troy oz,156919.9951171875,59064843082.10449,7266808053.881836,51798035028.22266,1945337179.4677734,340045629.4189453,30175715061.035156,86794646179.24805,-56618931118.21289,-1398314076.4892578,890834812.2802734,102744465242.94434,107565361332.93457,-4820896089.990234,547023102.9785156,1230880441.6992188,9537911143.21289,4717015053.222656,4820896089.990234,-547023102.9785156,-1230880441.6992188
2020-02-04,GOLD - COMMODITY EXCHANGE INC.,654572,355909,56103,299806,45.801836925502464,54.372780992770856,8.570944067268382,61212,9.35145407991787,176786,508473,-331687,-50.672347732564184,27.007876902770057,77.68022463533424,593907,625788,-31881,-4.870510807061714,90.73211197545878,95.60262278252048,60665,28784,31881,4.870510807061714,9.267888024541227,4.397377217479513,1550.4000244140625,2020-02-10,2020-02-10,1574.699951171875,0.015673327125363068,2020-02-11,2020-02-11,1565.5999755859375,0.009803889920357411,2020-02-12,2020-02-12,1567.4000244140625,0.01096491210803796,2020-02-13,2020-02-13,1575.0999755859375,0.01593134080426095,2020-02-14,2020-02-14,1582.699951171875,0.02083328576443977,0.015673327125363068,-0.005778863191787997,0.001149750163640162,0.004912562876061788,0.004825075045227001,0.0050803329193263025,-0.011980580769055393,-0.33009997800663626,-30286.0,1.7689396927159322,2.0990396707225614,-0.24686428581983932,29127.0,0.1330315065023484,0.37989579232218773,-0.5769642638264738,-1159.0,-0.7733126065695899,-0.1963483427431214,0.5769642638264738,1159.0,0.7733126065696005,0.19634834274312585,0.009803889920357411,0.03199172781533122,0.06224200108386224,0.05914599440652801,0.09932920380222554,0.3035345511967402,0.18253353685733664,100.0,100 troy oz,155040.00244140625,55180132228.91846,8698209256.970215,46481922971.94824,-4695541513.94043,-3486074454.8950195,27408901871.606445,78833655161.38916,-51424753289.782715,4515850151.11084,3782045819.555664,92079342729.96826,97022173047.80273,-4942830317.834473,-179691362.82958984,295971364.66064453,9405501748.10791,4462671430.2734375,4942830317.834473,179691362.82958984,-295971364.66064453
2020-02-11,GOLD - COMMODITY EXCHANGE INC.,658024,356535,48561,307974,46.802852175604535,54.182674188175504,7.379822012570971,59263,9.00620646055463,181629,519420,-337791,-51.334145867020055,27.602184722745676,78.93633058976573,597427,627244,-29817,-4.53129369141551,90.79106537147581,95.32235906289132,60597,30780,29817,4.53129369141551,9.208934628524187,4.677640937108677,1565.5999755859375,2020-02-17,2020-02-18,1600.0,0.021972422681718617,2020-02-18,2020-02-18,1600.0,0.021972422681718617,2020-02-19,2020-02-19,1607.5,0.026762918413039127,2020-02-20,2020-02-20,1616.5999755859375,0.03257537097297969,2020-02-21,2020-02-21,1644.5999755859375,0.05045988836990989,0.021972422681718617,0.0,0.004687499999999956,0.0056609490425738596,0.017320302129691267,0.027874984741210973,0.009803889920357411,1.0010152501020713,8168.0,-0.19010680459535223,-1.191122054697411,-0.6617981344558714,-6104.0,0.5943078199756187,1.25610595443149,0.3392171156462034,2064.0,0.05895339601703142,-0.2802637196291613,-0.3392171156462034,-2064.0,-0.058953396017040305,0.28026371962916397,0.021972422681718617,0.05192900491563801,0.048863056459469645,0.05972151345046295,0.08865613885576229,0.24316561010401627,0.17367145417353624,100.0,100 troy oz,156559.99755859375,55819118729.55322,7602710041.442871,48216408688.11035,1278782060.0585938,-1763022132.5073242,28435835796.569824,81320393931.88477,-52884558135.31494,-955642225.0976562,1883103650.6347656,93533169661.43799,98201319108.64258,-4668149447.20459,323139834.9609375,120081518.1274414,9487066172.058105,4818916724.853516,4668149447.20459,-323139834.9609375,-120081518.1274414
2020-02-18,GOLD - COMMODITY EXCHANGE INC.,715317,408349,54700,353649,49.4394792798158,57.086438599949396,7.646959320133591,66606,9.31139620615755,175519,561131,-385612,-53.907847849275214,24.53723314278844,78.44508099206365,650474,682437,-31963,-4.468368569459415,90.93506794889538,95.4034365183548,64843,32880,31963,4.468368569459415,9.064932051104616,4.596563481645201,1600.0,2020-02-24,2020-02-24,1672.4000244140625,0.045250015258789134,2020-02-25,2020-02-25,1646.9000244140625,0.029312515258788974,2020-02-26,2020-02-26,1640.0,0.02499999999999991,2020-02-27,2020-02-27,1640.0,0.02499999999999991,2020-02-28,2020-02-28,1564.0999755859375,-0.02243751525878901,0.045250015258789134,-0.015247548210802098,-0.004189704482223999,0.0,-0.046280502691501524,-0.06475726336231591,0.021972422681718617,2.6366271042112643,45675.0,2.903764411773892,0.2671373075626198,-2.573701982255159,-47821.0,-3.064951579957235,-0.49124959770207965,0.06292512195609579,-2146.0,0.14400257741957034,0.08107745546347189,-0.06292512195609579,2146.0,-0.14400257741957034,-0.08107745546347633,0.029312515258788974,0.02631248474121084,0.036937484741210946,-0.046937484741210955,0.09012496948242177,0.2581874847412109,0.1243749999999999,100.0,100 troy oz,160000.0,65335840000.0,8752000000.0,56583840000.0,7308000000.0,5752640000.0,28083040000.0,89780960000.0,-61697920000.0,-7651360000.0,-5393440000.0,104075840000.0,109189920000.0,-5114080000.0,-343360000.0,359200000.0,10374880000.0,5260800000.0,5114080000.0,343360000.0,-359200000.0
2020-02-25,GOLD - COMMODITY EXCHANGE INC.,732917,389339,53474,335865,45.82578927763989,53.121840535831474,7.296051258191582,90728,12.379027911755355,176619,552240,-375621,-51.25014155763886,24.09809023395555,75.34823179159442,656686,696442,-39756,-5.424352279998963,89.59895868154238,95.02331096154136,76231,36475,39756,5.424352279998963,10.401041318457615,4.976689038458653,1646.9000244140625,2020-03-02,2020-03-02,1592.300048828125,-0.033153181599692494,2020-03-03,2020-03-03,1642.0999755859375,-0.0029145963670944575,2020-03-04,2020-03-04,1641.0999755859375,-0.003521797766800394,2020-03-05,2020-03-05,1666.4000244140625,0.011840427294266265,2020-03-06,2020-03-06,1670.800048828125,0.014512128277225367,-0.033153181599692494,0.03127546645147916,-0.0006089763198755538,0.015416518922981348,0.0026404370796919707,0.049299753559495896,0.029312515258788974,-3.6136900021759075,-17784.0,-3.964598064117922,-0.3509080619420084,2.6577062916363516,9991.0,-0.439142908832892,-3.0968492004692365,-0.9559837105395488,-7793.0,-1.3361092673529953,-0.3801255568134394,0.9559837105395488,7793.0,1.3361092673529988,0.38012555681345184,-0.0029145963670944575,0.007407827427906799,-0.07407857076412727,0.008075734143330404,0.0351569758672281,0.16770899695028052,0.09654502255324782,100.0,100 troy oz,164690.00244140625,64120240860.53467,8806633190.551758,55313607669.98291,-2928847003.4179688,950755384.0942383,29087383541.19873,90948406948.24219,-61861023407.04346,1645417814.3920898,-2438564866.1499023,108149618943.2373,114697034680.29785,-6547415737.060547,-1283429189.025879,-1487809482.055664,12554483576.11084,6007067839.050293,6547415737.060547,1283429189.025879,1487809482.055664
2020-03-03,GOLD - COMMODITY EXCHANGE INC.,691985,366173,46440,319733,46.205192309081845,52.91632044047198,6.711128131390131,85359,12.335382992405904,178134,529145,-351011,-50.72523248336308,25.74246551587101,76.46769799923409,629666,660944,-31278,-4.520040174281235,90.9941689487489,95.51420912303013,62319,31041,31278,4.520040174281235,9.00583105125111,4.485790876969877,1642.0999755859375,2020-03-09,2020-03-09,1674.5,0.01973084763155275,2020-03-10,2020-03-10,1659.0999755859375,0.010352597437883748,2020-03-11,2020-03-11,1641.4000244140625,-0.0004262536887409407,2020-03-12,2020-03-12,1589.300048828125,-0.03215390508666949,2020-03-13,2020-03-13,1515.699951171875,-0.07697462169985125,0.01973084763155275,-0.009196789736675148,-0.010668405420007354,-0.031741181193497225,-0.04630975611591981,-0.09483430804904447,-0.0029145963670944575,0.379403031441953,-16132.0,-0.20552009535949622,-0.584923126801451,0.5249090742757829,24610.0,1.6443752819154618,1.1194662076396753,0.9043121057177288,8478.0,1.395210267206508,0.4908981614887722,-0.9043121057177288,-8478.0,-1.3952102672065045,-0.49089816148877574,0.010352597437883748,-0.07137199495423874,0.011022456522160828,-0.03574688024152095,0.05596493866414587,0.20510325426924592,0.05572133326860973,100.0,100 troy oz,164209.99755859375,60129267436.02295,7625912286.621094,52503355149.401855,-2649035680.6152344,3272212621.3500977,29251383705.10254,86890899158.14209,-57639515453.03955,4041208039.916992,-3173193992.8222656,103397452322.72949,108533612626.36719,-5136160303.637695,1392172359.3017578,99018628.52783203,10233402837.854004,5097242534.216309,5136160303.637695,-1392172359.3017578,-99018628.52783203
2020-03-10,GOLD - COMMODITY EXCHANGE INC.,633470,336290,36759,299531,47.28416499597456,53.08696544429886,5.80280044832431,54064,8.534579380239,182948,511252,-328304,-51.82629011634331,28.880294252292927,80.70658436863624,573302,602075,-28773,-4.5421251203687625,90.50183907683079,95.04396419719954,60168,31395,28773,4.5421251203687625,9.49816092316921,4.956035802800448,1659.0999755859375,2020-03-16,2020-03-16,1485.9000244140625,-0.10439392063200215,2020-03-17,2020-03-17,1524.9000244140625,-0.0808871997749745,2020-03-18,2020-03-18,1477.300048828125,-0.10957743923394792,2020-03-19,2020-03-19,1478.5999755859375,-0.1087939260177817,2020-03-20,2020-03-20,1484.0,-0.10553913456848685,-0.10439392063200215,0.026246718728858642,-0.031215145139910194,0.0008799341466505517,0.003652119912907814,-0.0012787027275349416,0.010352597437883748,1.0789726868927119,-20202.0,0.17064500382688408,-0.9083276830658216,-1.101057632980229,22707.0,3.137828736421916,4.238886369402152,-0.022084946087527868,2505.0,-0.49232987191810196,-0.47024492583058475,0.022084946087527868,-2505.0,0.4923298719181002,0.4702449258305714,-0.0808871997749745,0.0006629953602097505,-0.045627118489433016,0.003435641809454104,0.037851877374626586,0.17123740568171786,0.034838195213469314,100.0,100 troy oz,165909.99755859375,55793873078.97949,6098685600.256348,49695187478.723145,-3351713770.678711,-1400778109.387207,30352902233.34961,84821818071.82617,-54468915838.47656,3767318314.5629883,1573988146.838379,95116533420.33691,99890261780.09033,-4773728359.753418,415604543.88427734,173210037.45117188,9982472733.105469,5208744373.352051,4773728359.753418,-415604543.88427734,-173210037.45117188
2020-03-17,GOLD - COMMODITY EXCHANGE INC.,573925,317405,35489,281916,49.12070392472884,55.30426449448969,6.183560569760857,50438,8.788256305266367,154761,456470,-301709,-52.56941237966634,26.965370039639325,79.53478241930566,522604,542397,-19793,-3.448708454937492,91.0578908393954,94.50659929433289,51321,31528,19793,3.448708454937492,8.942109160604609,5.493400705667117,1524.9000244140625,2020-03-23,2020-03-23,1567.0,0.027608351309531987,2020-03-24,2020-03-24,1660.199951171875,0.08872708019648767,2020-03-25,2020-03-25,1632.300048828125,0.07043086280710797,2020-03-26,2020-03-26,1650.0999755859375,0.08210371117279158,2020-03-27,2020-03-27,1623.9000244140625,0.06492228894680507,0.027608351309531987,0.059476675923340716,-0.016805145864542737,0.010904812978834055,-0.01587779623023844,0.03631143868159703,-0.0808871997749745,1.8365389287542868,-17615.0,2.2172990501908316,0.38076012143654747,-0.7431222633230306,26595.0,-1.9149242126536024,-1.171801949330586,1.0934166654312705,8980.0,0.5560517625646071,-0.5373649028666563,-1.0934166654312705,-8980.0,-0.5560517625646018,0.5373649028666687,0.08872708019648767,0.03836317074129392,0.09174373544116032,0.1520099174022118,0.13876317935481963,0.2893959733047944,0.1350908234650694,100.0,100 troy oz,152490.00244140625,48401089224.91455,5411717696.643066,42989371528.271484,-2686111393.005371,-10938565345.129395,23599505267.834473,69607111414.42871,-46007606146.59424,4055471614.929199,12794368674.841309,79691885235.88867,82710119854.21143,-3018234618.322754,1369360221.9238281,1855803329.711914,7825939415.29541,4807704796.972656,3018234618.322754,-1369360221.9238281,-1855803329.711914
2020-03-24,GOLD - COMMODITY EXCHANGE INC.,547334,317928,29562,288366,52.68556311137258,58.08665275681759,5.401089645445012,43879,8.016859906382575,135711,447534,-311823,-56.97124607643595,24.794914987923278,81.76616106435924,497518,520975,-23457,-4.28568296506338,90.89842765112344,95.18411061618683,49816,26359,23457,4.28568296506338,9.101572348876555,4.815889383813174,1660.199951171875,2020-03-30,2020-03-30,1622.0,-0.0230092472565796,2020-03-31,2020-03-31,1583.4000244140625,-0.04625944405286975,2020-04-01,2020-04-01,1578.199951171875,-0.04939164101415561,2020-04-02,2020-04-02,1625.699951171875,-0.020780629451077726,2020-04-03,2020-04-03,1633.699951171875,-0.015961932766769826,-0.0230092472565796,-0.023797765466052723,-0.0032841184552284686,0.03009758045216593,0.004920957273962578,0.007213286789072182,0.08872708019648767,3.564859186643737,6450.0,2.782388262327899,-0.7824709243158452,-4.401833696769614,-10114.0,-2.170455051716047,2.2313786450535815,-0.8369745101258879,-3664.0,-0.15946318827195682,0.6775113218539417,0.8369745101258879,3664.0,0.15946318827194617,-0.6775113218539426,-0.04625944405286975,0.002770809415457931,0.05812552875446375,0.010842067539692746,0.07336468642957783,0.14901820966771595,0.03909169155694281,100.0,100 troy oz,166019.9951171875,52782405007.61719,4907883095.654297,47874521911.96289,1070828968.5058594,-7885783748.071289,22530739557.348633,74299592494.77539,-51768852937.42676,-1679126230.6152344,10591743648.486328,82597935930.71289,86492266956.17676,-3894331025.463867,-608297262.109375,2705959900.415039,8270452076.7578125,4376121051.293945,3894331025.463867,608297262.109375,-2705959900.415039
2020-03-31,GOLD - COMMODITY EXCHANGE INC.,495652,287529,28680,258849,52.22393937682084,58.01025719658147,5.786317819760638,32344,6.525546149314438,128083,412042,-283959,-57.289993785962736,25.84131608467231,83.13130987063504,447956,473066,-25110,-5.0660544091418975,90.37711943056821,95.44317383971011,47696,22586,25110,5.0660544091418975,9.622880569431778,4.556826160289881,1583.4000244140625,2020-04-06,2020-04-06,1677.0,0.059113284162398694,2020-04-07,2020-04-07,1664.800048828125,0.05140837637929474,2020-04-08,2020-04-08,1665.4000244140625,0.05178729236810775,2020-04-09,2020-04-09,1736.199951171875,0.09650115220527189,2020-04-10,2020-04-13,1744.800048828125,0.10193256405549733,0.059113284162398694,-0.007274866530635027,0.0003603889766581325,0.04251226475316172,0.004953402775092375,0.04042936722011037,-0.04625944405286975,-0.4616237345517433,-29517.0,-0.07639556023612215,0.3852281743156265,-0.31874770952678233,27864.0,1.0464010967490331,1.3651488062757977,-0.7803714440785177,-1653.0,-0.5213082205552269,0.2590632235232846,0.7803714440785177,1653.0,0.5213082205552233,-0.2590632235232935,0.05140837637929474,0.10944797529729877,0.05987111614002494,0.08027028775180867,0.1371099988875366,0.2019703939793449,0.0634710107682297,100.0,100 troy oz,158340.00244140625,45527342561.9751,4541191270.019531,40986151291.95557,-4673721852.062988,-9640372708.642578,20280662532.702637,65242731285.961914,-44962068753.25928,4411985828.027344,10617013843.701172,70929354133.64258,74905271594.94629,-3975917461.303711,-261736024.03564453,976641135.0585938,7552184756.4453125,3576267295.1416016,3975917461.303711,261736024.03564453,-976641135.0585938
2020-04-07,GOLD - COMMODITY EXCHANGE INC.,480050,279880,30938,248942,51.85751484220393,58.30226018123113,6.444745339027184,29821,6.2120612436204565,118885,394496,-275611,-57.41297781481096,24.765128632434124,82.17810644724509,428586,455255,-26669,-5.55546297260702,89.2794500572857,94.83491302989272,51464,24795,26669,5.55546297260702,10.720549942714301,5.16508697010728,1664.800048828125,2020-04-13,2020-04-13,1744.800048828125,0.04805381886930693,2020-04-14,2020-04-14,1756.699951171875,0.055201765766669464,2020-04-15,2020-04-15,1727.199951171875,0.037481920058612506,2020-04-16,2020-04-16,1720.4000244140625,0.03339738944930648,2020-04-17,2020-04-17,1689.199951171875,0.014656356095691825,0.04805381886930693,0.006820209772313124,-0.016792850697309403,-0.0039369655801569925,-0.018135359683463026,-0.031866171538448285,0.05140837637929474,-0.36642453461690394,-9907.0,0.2920029846496561,0.6584275192665459,-0.12298402884822224,8348.0,-1.0761874522381873,-0.9532034233899509,-0.4894085634651226,-1559.0,-1.097669373282514,-0.6082608098173949,0.4894085634651226,1559.0,1.097669373282523,0.6082608098173994,0.055201765766669464,0.008048956001162066,0.027450714699368106,0.023786625675445094,0.08715759930934364,0.14656414755138614,0.04697257861502413,100.0,100 troy oz,166480.0048828125,46594423766.60156,5150558391.064453,41443865375.53711,-1649317408.3740234,-8422056967.016602,19791975380.493164,65675696006.25,-45883720625.756836,1389775080.7617188,8772330897.29004,71350999372.70508,75790854622.9248,-4439855250.219727,-259542327.6123047,350273930.2734375,8567726971.2890625,4127871721.069336,4439855250.219727,259542327.6123047,-350273930.2734375
2020-04-14,GOLD - COMMODITY EXCHANGE INC.,489965,286617,34116,252501,51.53449736205648,58.49744369495781,6.962946332901329,33338,6.80415948077924,116839,397247,-280408,-57.23021032114539,23.846397191636136,81.07660751278154,436794,464701,-27907,-5.695712959088914,89.14800036737319,94.8437133264621,53171,25264,27907,5.695712959088914,10.85199963262682,5.156286673537905,1756.699951171875,2020-04-20,2020-04-20,1701.5999755859375,-0.03136561570983187,2020-04-21,2020-04-21,1678.199951171875,-0.04468606033012834,2020-04-22,2020-04-22,1728.699951171875,-0.015938976933039473,2020-04-23,2020-04-23,1733.300048828125,-0.013320375131871676,2020-04-24,2020-04-24,1723.5,-0.018899044853805336,-0.03136561570983187,-0.013751777591560432,0.030091765861830932,0.002661015668526945,-0.005653982895085452,0.012870254306698303,0.055201765766669464,-0.3230174801474561,3559.0,0.19518351372668263,0.518200993874145,0.18276749366556544,-4797.0,-0.9187314407979876,-1.1014989344635495,-0.14024998648189424,-1238.0,-0.1314496899125146,0.008800296569376087,0.14024998648189424,1238.0,0.13144968991251815,-0.008800296569375199,-0.04468606033012834,-0.026299284144145174,-0.029771690221157998,-0.029771690221157998,0.03227646998245981,0.07849947529290402,-0.005180153605552795,100.0,100 troy oz,175669.9951171875,50350006990.50293,5993157553.417969,44356849437.08496,625209512.6220703,-5167332906.37207,20525106559.49707,69784378550.31738,-49259271990.82031,-842688966.5771484,3741946565.991211,76731599847.2168,81634022400.95215,-4902422553.735352,-217479453.95507812,-1425386340.3808594,9340549310.375977,4438126756.640625,4902422553.735352,217479453.95507812,1425386340.3808594
2020-04-21,GOLD - COMMODITY EXCHANGE INC.,493158,282263,32692,249571,50.60670211169646,57.23581489096801,6.629112779271552,40929,8.29936855936637,116808,396881,-280073,-56.79173814477308,23.685715328555958,80.47745347332904,440000,470502,-30502,-6.185036033076621,89.22089877889033,95.40593481196696,53158,22656,30502,6.185036033076621,10.779101221109665,4.594065188033044,1678.199951171875,2020-04-27,2020-04-27,1711.9000244140625,0.020081083436246594,2020-04-28,2020-04-28,1710.5,0.01924684171607205,2020-04-29,2020-04-29,1703.4000244140625,0.015016132746631605,2020-04-30,2020-04-30,1684.199951171875,0.0035752593103164365,2020-05-01,2020-05-01,1694.5,0.009712816888561404,0.020081083436246594,-0.0008178190280367925,-0.004150818816683666,-0.011271617334156159,0.006115692392080874,-0.010164159218362112,-0.04468606033012834,-0.9277952503600204,-2930.0,-1.261628803989801,-0.33383355362977696,0.43847217637231495,335.0,-0.1606818630801783,-0.5991540394525003,-0.48932307398770636,-2595.0,0.07289841151714427,0.562221485504864,0.48932307398770636,2595.0,-0.07289841151715493,-0.5622214855048613,0.01924684171607205,0.015612009298350937,0.015612009298350937,0.03932785241348191,0.09873678826321042,0.1413419617111491,0.05970687412558817,100.0,100 troy oz,167819.9951171875,47369375281.762695,5486371280.371094,41883004001.3916,-491712585.6933594,-6510576710.571289,19602717989.648438,66604567482.10449,-47001849492.456055,56219698.36425781,5328284844.970703,73840797851.5625,78959643342.62695,-5118845491.064453,-435492887.32910156,-1182291865.600586,8920975300.439453,3802129809.375,5118845491.064453,435492887.32910156,1182291865.600586
2020-04-28,GOLD - COMMODITY EXCHANGE INC.,500816,287382,24653,262729,52.46018497811572,57.38275134979713,4.922566371681416,44448,8.875115810996453,114902,408531,-293629,-58.63011565125716,22.942957094022557,81.5730727452797,446732,477632,-30900,-6.169930673141433,89.20082425481614,95.37075492795756,54084,23184,30900,6.169930673141433,10.79917574518386,4.629245072042427,1710.5,2020-05-04,2020-05-04,1706.9000244140625,-0.0021046334907556252,2020-05-05,2020-05-05,1704.4000244140625,-0.0035661944378471144,2020-05-06,2020-05-06,1684.199951171875,-0.015375649709514772,2020-05-07,2020-05-07,1721.800048828125,0.006606284026965836,2020-05-08,2020-05-08,1709.9000244140625,-0.0003507603542458604,-0.0021046334907556252,-0.0014646434848216705,-0.01185172081250807,0.022325198163132498,-0.006911385803573311,0.0017575721817859602,0.01924684171607205,1.853482866419263,13158.0,0.1469364588291242,-1.7065464075901362,-1.838377506484079,-13556.0,-0.742758234533401,1.0956192719506674,0.015105359935187579,-398.0,-0.020074524074189526,-0.03517988400939487,-0.015105359935187579,398.0,0.020074524074194855,0.03517988400938332,-0.0035661944378471144,-0.0035661944378471144,0.01970181302068119,-0.0033323304132563125,0.13686055281259124,0.11774336417074682,0.03992987362065192,100.0,100 troy oz,171050.0,49156691100.0,4216895650.0,44939795450.0,2250675900.0,663674000.0,19653987100.0,69879227550.0,-50225240450.0,-2318753800.0,-1654053500.0,76413508600.0,81698953600.0,-5285445000.0,-68077900.0,-990379500.0,9251068200.0,3965623200.0,5285445000.0,68077900.0,990379500.0
2020-05-05,GOLD - COMMODITY EXCHANGE INC.,490343,275571,25567,250004,50.98553461556502,56.19963984394597,5.21410522838095,40010,8.159594406364524,120045,401681,-281636,-57.43652912349111,24.481842302225175,81.91837142571629,435626,467258,-31632,-6.450994507926085,88.84107655253567,95.29207106046175,54717,23085,31632,6.450994507926085,11.158923447464327,4.707928939538242,1704.4000244140625,2020-05-11,2020-05-11,1695.300048828125,-0.005339107871150106,2020-05-12,2020-05-12,1704.4000244140625,0.0,2020-05-13,2020-05-13,1713.9000244140625,0.005573808885191767,2020-05-14,2020-05-14,1738.0999755859375,0.019772324976033984,2020-05-15,2020-05-15,1753.4000244140625,0.02874911951309378,-0.005339107871150106,0.005367766957965925,0.005573808885191767,0.01411981494086767,0.00880274382546209,0.034271205044852815,-0.0035661944378471144,-1.4746503625506975,-12725.0,-1.1831115058511656,0.2915388566995336,1.193586527766044,11993.0,1.5388852082026183,0.34529868043658496,-0.2810638347846517,-732.0,-0.3597477022804725,-0.07868386749581191,0.2810638347846517,732.0,0.35974770228046715,0.07868386749581457,0.0,0.023351282672912976,0.00023470101404154953,0.01736680072866892,0.18575450073393296,0.12086364529994564,0.04200890316846362,100.0,100 troy oz,170440.00244140625,46968321912.78076,4357639542.419434,42610682370.36133,-2168849031.0668945,181007282.59277344,20460470093.078613,68462510620.666504,-48002040527.58789,2044086949.2797852,-1026901014.7094727,74248096503.54004,79639454660.7666,-5391358157.2265625,-124762081.78710938,-845893732.1166992,9325965613.586426,3934607456.3598633,5391358157.2265625,124762081.78710938,845893732.1166992
2020-05-12,GOLD - COMMODITY EXCHANGE INC.,496739,277771,34943,242828,48.88442421472846,55.91890308592641,7.034478871197954,35158,7.077761158274265,126023,404556,-278533,-56.072303563843384,25.370063554502465,81.44236711834584,438952,474657,-35705,-7.187879349114927,88.36672779870314,95.55460714781807,57787,22082,35705,7.187879349114927,11.633272201296858,4.44539285218193,1704.4000244140625,2020-05-18,2020-05-18,1731.800048828125,0.016076052582481015,2020-05-19,2020-05-19,1744.199951171875,0.023351282672912976,2020-05-20,2020-05-20,1750.5999755859375,0.027106284035496753,2020-05-21,2020-05-21,1720.5,0.009446124944449297,2020-05-22,2020-05-22,1734.5999755859375,0.017718816439384444,0.016076052582481015,0.007160123567464316,0.0036693180789062474,-0.017194091172006765,0.008195277876162477,0.0016167725365912045,0.0,-2.1011104008365606,-7176.0,-0.28073675801955744,1.820373642817004,1.3642255596477284,3103.0,0.8882212522772903,-0.4760043073704452,-0.736884841188842,-4073.0,-0.4743487538325297,0.26253608735632383,0.736884841188842,4073.0,0.4743487538325315,-0.2625360873563114,0.023351282672912976,0.00023470101404154953,0.01736680072866892,0.010267542683247921,0.14192679004286135,0.1009152766582071,0.07727056400222154,100.0,100 troy oz,170440.00244140625,47343289918.151855,5955685005.310059,41387604912.8418,-1223077457.5195312,-1648666143.6157227,21479360427.67334,68952525627.68555,-47473165200.01221,528875327.5756836,319575004.5776367,74814979951.66016,80900540238.83057,-6085560287.17041,-694202129.9438477,-1329091139.038086,9849216421.081543,3763656133.911133,6085560287.17041,694202129.9438477,1329091139.038086
2020-05-19,GOLD - COMMODITY EXCHANGE INC.,528205,295394,43606,251788,47.66861351179939,55.924120369932126,8.255506858132733,39245,7.42988044414574,133715,423889,-290174,-54.935867702880515,25.314981872568413,80.25084957544892,468354,506740,-38386,-7.267254191081114,88.66898268664627,95.9362368777274,59851,21465,38386,7.267254191081114,11.331017313353717,4.0637631222726025,1744.199951171875,2020-05-25,2020-05-26,1704.800048828125,-0.02258909726334901,2020-05-26,2020-05-26,1704.800048828125,-0.02258909726334901,2020-05-27,2020-05-27,1710.300048828125,-0.01943578906820498,2020-05-28,2020-05-28,1713.300048828125,-0.017715802779944667,2020-05-29,2020-05-29,1751.699951171875,0.0042999657206508335,-0.02258909726334901,0.0,0.003226184797320286,0.0017540781818112805,0.022412829772587184,0.02751050035221958,0.023351282672912976,-1.215810702929069,8960.0,0.005217284005716749,1.2210279869347795,1.1364358609628695,-11641.0,-0.05508168193405183,-1.1915175428969178,-0.07937484196618705,-2681.0,0.3022548879431355,0.38162972990932076,0.07937484196618705,2681.0,-0.3022548879431408,-0.38162972990932786,-0.02258909726334901,-0.005847925385516706,-0.012785189417549248,-0.0044146034786330945,0.15416811830168697,0.08078203666924533,0.07097812882344567,100.0,100 troy oz,174419.9951171875,51522620037.646484,7605758307.080078,43916861730.56641,1562803156.25,386689129.1748047,23322569647.094727,73934717310.22949,-50612147663.134766,-2030423163.1591797,-1761816370.678711,81690302393.11523,88385588325.6836,-6695285932.568359,-467620006.9091797,-1375127241.5039062,10439211127.75879,3743925195.1904297,6695285932.568359,467620006.9091797,1375127241.5039062
2020-05-26,GOLD - COMMODITY EXCHANGE INC.,519374,288148,50234,237914,45.807837897160816,55.47986614655335,9.672028249392538,39951,7.692144774285967,131977,406299,-274322,-52.81781529302584,25.41078298105026,78.2285982740761,460076,496484,-36408,-7.009977395865022,88.58279390188957,95.59277129775461,59298,22890,36408,7.009977395865022,11.417206098110418,4.407228702245396,1704.800048828125,2020-06-01,2020-06-01,1750.300048828125,0.026689346959648752,2020-06-02,2020-06-02,1734.0,0.017128079736944413,2020-06-03,2020-06-03,1704.800048828125,0.0,2020-06-04,2020-06-04,1727.4000244140625,0.013256672300937966,2020-06-05,2020-06-05,1683.0,-0.012787452020024404,0.026689346959648752,-0.009312716890477302,-0.016839648888047898,0.013256672300937966,-0.02570338299556474,-0.03845057815840447,-0.02258909726334901,-1.8607756146385768,-13874.0,-0.4442542233787776,1.4165213912598045,2.118052409854677,15852.0,0.09580110848184731,-2.022251301372819,0.25727679521609215,1978.0,-0.08618878475670044,-0.3434655799727864,-0.25727679521609215,-1978.0,0.08618878475670044,0.3434655799727935,0.017128079736944413,0.01003048750361768,0.018594527372089997,0.04528387433173875,0.1280501645385752,0.058540546632676715,0.11332704460249166,100.0,100 troy oz,170480.0048828125,49123472446.97266,8563892565.283203,40559579881.68945,-2365239587.7441406,-4230461321.166992,22499439604.418945,69265855503.88184,-46766415899.46289,2702449037.4023438,3291457454.272461,78433758726.46484,84640594744.23828,-6206836017.7734375,337209449.6582031,-939003866.8945312,10109123329.541016,3902287311.767578,6206836017.7734375,-337209449.6582031,939003866.8945312
2020-06-02,GOLD - COMMODITY EXCHANGE INC.,475745,272196,53162,219034,46.04021061703224,57.214684337197454,11.174473720165215,37007,7.778747017835184,108654,365277,-256623,-53.94129207873966,22.83870560909731,76.77999768783698,417857,455446,-37589,-7.901081461707428,87.83213696412994,95.73321842583738,57888,20299,37589,7.901081461707428,12.167863035870056,4.266781574162629,1734.0,2020-06-08,2020-06-08,1705.0999755859375,-0.01666668074628752,2020-06-09,2020-06-09,1721.9000244140625,-0.006978071272166986,2020-06-10,2020-06-10,1720.699951171875,-0.0076701550335207536,2020-06-11,2020-06-11,1739.800048828125,0.0033448955179498085,2020-06-12,2020-06-12,1737.300048828125,0.001903142346092901,-0.01666668074628752,0.009852823335096073,-0.0006969471079459888,0.011100190735312099,-0.001436946735163036,0.018884566127052027,0.017128079736944413,0.23237271987142094,-18880.0,1.7348181906441056,1.5024454707726775,-1.1234767857138195,17699.0,-2.5720773719529504,-1.4486005862391238,-0.8911040658424065,-1181.0,-0.7506569377596293,0.14044712808276927,0.8911040658424065,1181.0,0.7506569377596382,-0.1404471280827666,-0.006978071272166986,0.0014417531718569077,0.02768166089965396,0.03835063437139552,0.14123415479473045,0.04619375754667665,0.09861591695501737,100.0,100 troy oz,173400.0,47198786400.0,9218290800.0,37980495600.0,-3273792000.0,-5370198000.0,18840603600.0,63339031800.0,-44498428200.0,3069006600.0,4337254200.0,72456403800.0,78974336400.0,-6517932600.0,-204785400.0,-1032943800.0,10037779200.0,3519846600.0,6517932600.0,204785400.0,1032943800.0
2020-06-09,GOLD - COMMODITY EXCHANGE INC.,475661,263972,55359,208613,43.85749514885601,55.49582580871672,11.6383306598607,46644,9.806143450903058,110115,353572,-243457,-51.1828802445439,23.149890363094723,74.33277060763864,420731,455575,-34844,-7.325385095687896,88.45185962271451,95.77724471840239,54930,20086,34844,7.325385095687896,11.548140377285504,4.222755281597609,1721.9000244140625,2020-06-15,2020-06-15,1727.199951171875,0.00307795265849764,2020-06-16,2020-06-16,1736.5,0.008478991450682871,2020-06-17,2020-06-17,1735.5999755859375,0.007956298842923148,2020-06-18,2020-06-18,1731.0999755859375,0.0053429066969237216,2020-06-19,2020-06-19,1753.0,0.01806142931934751,0.00307795265849764,0.0053844656617869635,-0.0005182979637561314,-0.0025927633459897903,0.01265092988442218,0.014937499743802096,-0.006978071272166986,-2.1827154681762266,-10421.0,-1.7188585284807374,0.4638569396954839,2.758411834195755,13166.0,0.31118475399741286,-2.4472270801983456,0.5756963660195327,2745.0,0.6197226585845641,0.04402629256500745,-0.5756963660195327,-2745.0,-0.6197226585845517,-0.044026292565020775,0.008478991450682871,0.03490328981578861,0.04564723530489756,0.051106335299545114,0.12852077566647213,0.08885533296398185,0.10018003226331285,100.0,100 troy oz,172190.00244140625,45453339324.46289,9532266345.153809,35921072979.30908,-1794392015.4418945,-5891480933.532715,18960702118.83545,60881563543.21289,-41920861424.37744,2267053572.1435547,6039736525.634766,72445671917.1753,78445460362.24365,-5999788445.068359,472661556.70166016,148255592.10205078,9458396834.106445,3458608389.038086,5999788445.068359,-472661556.70166016,-148255592.10205078
2020-06-16,GOLD - COMMODITY EXCHANGE INC.,489563,277395,53047,224348,45.826175589250006,56.661757526610465,10.835581937360462,46087,9.413905871154478,110922,368942,-258020,-52.70414635092929,22.65734951375002,75.36149586467931,434404,468076,-33672,-6.877970761679293,88.73301291151496,95.61098367319426,55159,21487,33672,6.877970761679293,11.266987088485036,4.389016326805743,1736.5,2020-06-22,2020-06-22,1766.4000244140625,0.01721855710570841,2020-06-23,2020-06-23,1782.0,0.026202130722718042,2020-06-24,2020-06-24,1775.0999755859375,0.02222860672959248,2020-06-25,2020-06-25,1770.5999755859375,0.019637187207565576,2020-06-26,2020-06-26,1780.300048828125,0.025223178133098267,0.01721855710570841,0.008831507795699967,-0.0038720675724256415,-0.0025350684817144753,0.005478410355776342,0.007869126031445406,0.008478991450682871,1.968680440393996,15735.0,1.1659317178937485,-0.8027487225002368,-1.52126610638539,-14563.0,-0.492540849344703,1.0287252570406764,0.4474143340086023,1172.0,0.28115328880045354,-0.166261045208131,-0.4474143340086023,-1172.0,-0.28115328880046775,0.16626104520813456,0.026202130722718042,0.036855744313273764,0.042268945818636716,0.044284494335768754,0.13227754170565786,0.06841350350021602,0.06904694754624963,100.0,100 troy oz,173650.0,48169641750.0,9211611550.0,38958030200.0,2732382750.0,-4764956000.0,19261605300.0,64066778300.0,-44805173000.0,-2528864950.0,5583542100.0,75434254600.0,81281397400.0,-5847142800.0,203517800.0,818586100.0,9578360350.0,3731217550.0,5847142800.0,-203517800.0,-818586100.0
2020-06-23,GOLD - COMMODITY EXCHANGE INC.,532101,308459,56502,251957,47.35134871011331,57.97000945309255,10.618660742979246,47555,8.937213047898801,114410,401702,-287292,-53.99200527719361,21.501557035224515,75.49356231241813,470424,505759,-35335,-6.64065656708031,88.40877953621586,95.04943610329619,61677,26342,35335,6.64065656708031,11.591220463784131,4.950563896703821,1782.0,2020-06-29,2020-06-29,1781.199951171875,-0.00044896118301063215,2020-06-30,2020-06-30,1800.5,0.010381593714926973,2020-07-01,2020-07-01,1779.9000244140625,-0.0011784374780794415,2020-07-02,2020-07-02,1790.0,0.004489337822671136,2020-07-03,2020-07-06,1793.5,0.006453423120089896,-0.00044896118301063215,0.010835419580731198,-0.011441252755311049,0.005674462299792626,0.001955307262569761,0.006905484597634626,0.026202130722718042,1.5251731208633004,27609.0,1.308251926482086,-0.21692119438121615,-1.2878589262643203,-29272.0,-1.1557924785255054,0.13206644773882203,0.23731419459898362,-1663.0,-0.32423337529910157,-0.5615475698980674,-0.23731419459898362,1663.0,0.32423337529909446,0.5615475698980781,0.010381593714926973,0.015656579356937428,0.017620664654355966,0.034736265103289865,0.07048259011556524,0.05656568396640016,-0.0025813555476641437,100.0,100 troy oz,178200.0,54967393800.0,10068656400.0,44898737400.0,4919923800.0,2502462600.0,20387862000.0,71583296400.0,-51195434400.0,-5216270400.0,-2311254000.0,83829556800.0,90126253800.0,-6296697000.0,-296346600.0,191208600.0,10990841400.0,4694144400.0,6296697000.0,296346600.0,-191208600.0
2020-06-30,GOLD - COMMODITY EXCHANGE INC.,561628,328942,62272,266670,47.48160704238393,58.56937332184293,11.087766279459,53868,9.59140213807004,116697,418160,-301463,-53.67663293140655,20.77834438453923,74.4549773159458,499507,534300,-34793,-6.195025889022627,88.9391198444522,95.13414573347482,62121,27328,34793,6.195025889022627,11.0608801555478,4.865854266525173,1800.5,2020-07-06,2020-07-06,1793.5,-0.0038878089419606132,2020-07-07,2020-07-07,1809.9000244140625,0.005220785567377151,2020-07-08,2020-07-08,1820.5999755859373,0.011163552116599362,2020-07-09,2020-07-09,1803.800048828125,0.001832851334698793,2020-07-10,2020-07-10,1801.9000244140625,0.0007775753479937197,-0.0038878089419606132,0.009144145198808129,0.005911901777745365,-0.009227687016971076,-0.001053345361253788,0.004683593205498937,0.010381593714926973,0.13025833227062122,14713.0,0.5993638687503804,0.46910553647975384,0.3153723457870612,-14171.0,-0.7232126506852836,-1.0385849964723377,0.4456306780576824,542.0,0.5303403082363332,0.08470963017863653,-0.4456306780576824,-542.0,-0.5303403082363314,-0.08470963017864808,0.005220785567377151,0.007164690038357291,0.024104428999756955,0.08003331051704365,0.05703968407213278,0.045765078819251626,-0.020494320696507917,100.0,100 troy oz,180050.0,59226007100.0,11212073600.0,48013933500.0,2649075650.0,8576861800.0,21011294850.0,75289708000.0,-54278413150.0,-2551488550.0,-8073442000.0,89936235350.0,96200715000.0,-6264479650.0,97587100.0,503419800.0,11184886050.0,4920406400.0,6264479650.0,-97587100.0,-503419800.0
2020-07-07,GOLD - COMMODITY EXCHANGE INC.,572776,337030,69672,267358,46.67758425632359,58.84150173889967,12.163917482576085,54030,9.433006969565765,118424,421016,-302592,-52.82902914926603,20.675447295277735,73.50447644454377,509484,544718,-35234,-6.1514448929424415,88.94995600374317,95.10140089668562,63292,28058,35234,6.1514448929424415,11.050043996256827,4.8985991033143845,1809.9000244140625,2020-07-13,2020-07-13,1814.0999755859373,0.0023205431875910065,2020-07-14,2020-07-14,1813.4000244140625,0.001933808471621612,2020-07-15,2020-07-15,1813.800048828125,0.0021548286432699904,2020-07-16,2020-07-16,1800.300048828125,-0.005304146890127481,2020-07-17,2020-07-17,1810.0,5.523818144026471e-05,0.0023205431875910065,-0.00038583935907321454,0.000220593585903206,-0.007442937278958728,0.005387963622057956,-0.0022600604382969625,0.005220785567377151,-0.8040227860603366,688.0,0.2721284170567415,1.0761512031170852,0.8476037821405242,-1129.0,-0.10289708926149643,-0.9505008714020278,0.04358099608018584,-441.0,0.010836159290974479,-0.03274483678920603,-0.04358099608018584,441.0,-0.010836159290972702,0.03274483678921136,0.001933808471621612,0.018785568010038167,0.0744239733437666,0.11663626318491205,0.05464391573014127,0.07983866404266204,-0.008674552754520337,100.0,100 troy oz,180990.00244140625,60999060522.82715,12609935450.097656,48389125072.72949,124521121.6796875,10632257693.42041,21433560049.121094,76199686867.8711,-54766126818.75,-204337712.75634766,-10702843794.372559,92211510403.85742,98588512149.87793,-6377001746.020508,-79816591.07666016,-70586100.95214844,11455219234.521484,5078217488.500977,6377001746.020508,79816591.07666016,70586100.95214844
2020-07-14,GOLD - COMMODITY EXCHANGE INC.,580175,330205,67777,262428,45.2325591416383,56.914724005687944,11.682164864049641,59596,10.272073081397854,125909,427927,-302018,-52.0563623044771,21.701900288705993,73.75826259318309,515710,555300,-39590,-6.823803162838798,88.88869737579179,95.71250053863058,64465,24875,39590,6.823803162838798,11.111302624208214,4.287499461369414,1813.4000244140625,2020-07-20,2020-07-20,1817.4000244140625,0.002205801227609605,2020-07-21,2020-07-21,1843.9000244140625,0.016819234360524016,2020-07-22,2020-07-22,1865.0999755859373,0.028509953940570654,2020-07-23,2020-07-23,1890.0,0.04224108004558347,2020-07-24,2020-07-24,1897.5,0.04637695734735159,0.002205801227609605,0.014581269750199244,0.01149734307238881,0.013350503855022566,0.003968253968253954,0.04407393777369517,0.001933808471621612,-1.4450251146852935,-4930.0,-1.926777733211729,-0.48175261852644446,0.7726668447889296,574.0,1.0264529934282578,0.25378614863932114,-0.6723582698963568,-4356.0,-0.06125862795137493,0.6110996419449606,0.6723582698963568,4356.0,0.06125862795138737,-0.6110996419449704,0.016819234360524016,0.07235025333931344,0.11448107024980114,0.0732877592504746,0.04477773799419227,0.01698462906316789,-0.0019300760741585155,100.0,100 troy oz,181340.00244140625,59879375506.16455,12290681345.471191,47588694160.69336,-894006212.0361328,6905427292.96875,22832338367.39502,77600283224.74365,-54767944857.34863,104089161.40136719,-7978597427.416992,93518852659.05762,100698103355.71289,-7179250696.655273,-789917050.6347656,-1073170134.4482422,11690083257.385254,4510832560.72998,7179250696.655273,789917050.6347656,1073170134.4482422
2020-07-21,GOLD - COMMODITY EXCHANGE INC.,603138,334237,67801,266436,44.17496493339833,55.41633921258485,11.241374279186521,71987,11.935411133107182,129690,433549,-303859,-50.37968093537466,21.502541706873053,71.88222264224771,535914,573337,-37423,-6.2047160019763306,88.85429205256509,95.05900805454142,67224,29801,37423,6.2047160019763306,11.145707947434916,4.9409919454585856,1843.9000244140625,2020-07-27,2020-07-27,1931.0,0.04723682110347349,2020-07-28,2020-07-28,1944.5999755859373,0.054612478897208216,2020-07-29,2020-07-29,1953.4000244140625,0.05938499840022282,2020-07-30,2020-07-30,1942.300048828125,0.05336516248777157,2020-07-31,2020-07-31,1962.800048828125,0.0644829019142974,0.04723682110347349,0.007042970267186588,0.004525377423947319,-0.005682387348831419,0.010554496980200723,0.01646817650343091,0.016819234360524016,-1.0575942082399692,4008.0,-1.4983847931030922,-0.4407905848631195,1.6766813691024396,-1841.0,-0.1993585818329393,-1.876039950935379,0.6190871608624677,2167.0,-0.034405323226707196,-0.6534924840891563,-0.6190871608624677,-2167.0,0.03440532322670187,0.6534924840891714,0.054612478897208216,0.09604640882968418,0.055534477497825474,0.0917619984443796,0.038776505804711814,-0.002006656105643989,-0.017625684456687107,100.0,100 troy oz,184390.00244140625,61629961246.0083,12501826555.529785,49128134690.478516,739035129.7851562,2669782845.349121,23913539416.625977,79942101168.46924,-56028561751.84326,-339461994.4946289,-3054789170.4467773,98817183768.38379,105717610829.74854,-6900427061.364746,399573135.29052734,-385006325.09765625,12395433524.121094,5495006462.756348,6900427061.364746,-399573135.29052734,385006325.09765625
2020-07-28,GOLD - COMMODITY EXCHANGE INC.,598629,312588,75787,236801,39.557221584654265,52.2173165683587,12.66009498370443,80837,13.503689263299973,139803,418180,-278377,-46.502424707122444,23.353863578276364,69.8562882853988,533228,574804,-41576,-6.945203122468173,89.07486940993503,96.0200725324032,65401,23825,41576,6.945203122468173,10.925130590064965,3.9799274675967924,1944.5999755859373,2020-08-03,2020-08-03,1966.0,0.011004846591965212,2020-08-04,2020-08-04,2021.0,0.03928829855664384,2020-08-05,2020-08-05,2049.300048828125,0.05384144531352275,2020-08-06,2020-08-06,2069.39990234375,0.06417768606636365,2020-08-07,2020-08-07,2028.0,0.04288801062487568,0.011004846591965212,0.027975584944048837,0.014002992987691698,0.009808155485634629,-0.02000575253572856,0.03153611393692768,0.054612478897208216,-4.617743348744064,-29635.0,-3.1990226442261545,1.4187207045179093,3.8772562282522145,25482.0,1.8513218714033108,-2.025934356848907,-0.7404871204918422,-4153.0,0.22057735736994744,0.9610644778617825,0.7404871204918422,4153.0,-0.220577357369951,-0.9610644778617932,0.03928829855664384,0.0008742534523973333,0.03522575381055426,-0.011056258495283466,-0.01681577269485557,-0.048184692146589936,-0.07446257768988296,100.0,100 troy oz,194459.99755859372,60785861716.845695,14737539834.973143,46048321881.87255,-5762822027.648925,-5808325667.077636,27186091038.68408,81319281779.05272,-54133190740.368645,4955229657.788085,4489303503.637694,103691515578.17381,111776384436.6699,-8084868858.496093,-807592369.8608397,-1319022163.4399412,12717878300.329588,4633009441.833495,8084868858.496093,807592369.8608397,1319022163.4399412
2020-08-04,GOLD - COMMODITY EXCHANGE INC.,561837,321847,83101,238746,42.49381938177799,57.284764086380925,14.790944704602937,53454,9.51414734166671,119109,395454,-276345,-49.18597386786559,21.19992097352079,70.38589484138637,494410,532009,-37599,-6.6921544860876025,87.99883240156842,94.69098688765602,67427,29828,37599,6.6921544860876025,12.001167598431573,5.309013112343972,2021.0,2020-08-10,2020-08-10,2039.699951171875,0.009252820965796715,2020-08-11,2020-08-11,1946.300048828125,-0.036961875889101936,2020-08-12,2020-08-12,1949.0,-0.03562592775853535,2020-08-13,2020-08-13,1970.4000244140625,-0.02503709826122591,2020-08-14,2020-08-14,1949.800048828125,-0.03523005995639539,0.009252820965796715,-0.04579100092152699,0.0013872224755380191,0.01098000226478324,-0.01045471748411253,-0.04407506226202518,0.03928829855664384,2.9365977971237243,1945.0,5.067447518022227,2.1308497208985067,-2.683549160743148,2032.0,-2.1539426047555743,0.52960655598757,0.2530486363805702,3977.0,-1.0760370083666118,-1.329085644747181,-0.2530486363805702,-3977.0,1.0760370083666082,1.3290856447471793,-0.036961875889101936,-0.003908968042584227,-0.04844137774075341,-0.020831259567509863,-0.05472537139333866,-0.09282532191288351,-0.1023750739307584,100.0,100 troy oz,202100.0,65045278700.0,16794712100.0,48250566600.0,393084500.0,-5782485200.0,24071928900.0,79921253400.0,-55849324500.0,410667200.0,5304518700.0,99920261000.0,107519018900.0,-7598757900.0,803751700.0,-477966500.0,13626996700.0,6028238800.0,7598757900.0,-803751700.0,477966500.0
2020-08-11,GOLD - COMMODITY EXCHANGE INC.,553345,306867,82814,224053,40.490652305523675,55.45672229802384,14.966069992500158,55281,9.990331529154506,123125,391456,-268331,-48.49253178396841,22.251036875728524,70.74356865969693,485273,529551,-44278,-8.001879478444732,87.69809070290687,95.6999701813516,68072,23794,44278,8.001879478444732,12.301909297093133,4.300029818648402,1946.300048828125,2020-08-17,2020-08-17,1998.699951171875,0.026922828458695314,2020-08-18,2020-08-18,2013.0999755859373,0.03432149467294776,2020-08-19,2020-08-19,1970.300048828125,0.012331089450699384,2020-08-20,2020-08-20,1946.5,0.00010273399109017589,2020-08-21,2020-08-21,1947.0,0.00035963168797970013,0.026922828458695314,0.007204695434959829,-0.021260706014044284,-0.012079403257529542,0.00025687130747487075,-0.025866789630710874,-0.036961875889101936,-2.0031670762543143,-14693.0,-1.8280417883570834,0.17512528789722026,0.6934420838971818,8014.0,1.0511159022077337,0.357673818310559,-1.309724992357129,-6679.0,-0.30074169866155387,1.0089832936955787,1.309724992357129,6679.0,0.3007416986615592,-1.0089832936955698,0.03432149467294776,-0.011920090767174707,0.01674971729336705,-0.001592815896046762,-0.03591431056899452,-0.05590096393083577,-0.11026054168033417,100.0,100 troy oz,194630.0048828125,59725525708.37402,16118089224.365234,43607436484.00879,-2859698661.743164,-7468926437.37793,23963819351.19629,76189083191.40625,-52225263840.20996,1559764859.1308594,6556500974.487305,94448686359.49707,103066513715.69824,-8617827356.201172,-1299933802.6123047,-912425462.890625,13248853692.382812,4631026336.181641,8617827356.201172,1299933802.6123047,912425462.890625
2020-08-18,GOLD - COMMODITY EXCHANGE INC.,544010,302369,78851,223518,41.087112369257916,55.58151504567931,14.49440267642139,51177,9.407363835223617,123511,391282,-267771,-49.22170548335508,22.703810591717062,71.92551607507215,477057,521310,-44253,-8.134593114097168,87.69268947261999,95.82728258671716,66953,22700,44253,8.134593114097168,12.307310527380011,4.172717413282844,2013.0999755859373,2020-08-24,2020-08-24,1939.199951171875,-0.036709565004367395,2020-08-25,2020-08-25,1923.0999755859373,-0.04470716859146773,2020-08-26,2020-08-26,1952.5,-0.030102814723992455,2020-08-27,2020-08-27,1932.5999755859373,-0.03998807857347941,2020-08-28,2020-08-28,1974.9000244140625,-0.018975685080298232,-0.036709565004367395,-0.00830238035856401,0.015287829435443268,-0.010192073963668502,0.02188763808470018,0.018409691698173525,0.03432149467294776,0.5964600637342414,-535.0,0.12479274765546933,-0.47166731607876855,-0.7291736993866706,560.0,0.45277371598853833,1.1819474153752196,-0.13271363565243632,25.0,-0.0054012302868784445,0.12731240536555788,0.13271363565243632,-25.0,0.0054012302868784445,-0.12731240536555788,-0.04470716859146773,-0.0169886998095663,-0.03472257973363546,-0.02329741442692701,-0.06358352866342076,-0.10635337448832904,-0.11191690899118711,100.0,100 troy oz,201309.99755859372,60869902651.794426,15873494617.492674,44996408034.30175,-107700848.69384764,-8639822475.219725,24863999108.45947,78768978464.72166,-53904979356.2622,112733598.63281249,7264875191.89453,96036343505.31004,104944914827.2705,-8908571321.960447,5032749.938964843,-1374947283.325195,13478308266.540525,4569736944.580077,8908571321.960447,-5032749.938964843,1374947283.325195
2020-08-25,GOLD - COMMODITY EXCHANGE INC.,549282,301559,80521,221038,40.24126040904308,54.900579301706586,14.659318892663514,53072,9.662067935960035,128266,394711,-266445,-48.507870274285345,23.351575329248,71.85944560353335,482897,528304,-45407,-8.266609865242263,87.91422256691462,96.18083243215689,66385,20978,45407,8.266609865242263,12.085777433085374,3.819167567843112,1923.0999755859373,2020-08-31,2020-08-31,1978.5999755859373,0.0288596540505337,2020-09-01,2020-09-01,1978.9000244140625,0.029015677570857434,2020-09-02,2020-09-02,1944.699951171875,0.011231852665047448,2020-09-03,2020-09-03,1937.800048828125,0.007643946455622386,2020-09-04,2020-09-04,1934.300048828125,0.005823968272255398,0.0288596540505337,0.00015164703923353784,-0.017282365364725272,-0.003548054978657289,-0.001806171902058007,-0.022389531640772065,-0.04470716859146773,-0.8458519602148371,-2480.0,-0.680935743972725,0.1649162162421245,0.7138352090697353,1326.0,0.6477647375309381,-0.06607047153880785,-0.1320167511450947,-1154.0,0.22153309429462809,0.3535498454397299,0.1320167511450947,1154.0,-0.22153309429463697,-0.3535498454397321,0.029015677570857434,0.01045186201503312,0.02241171864858771,-0.008059903383482392,-0.0616192613511396,-0.060943244064139646,-0.05959127296594158,100.0,100 troy oz,192309.99755859372,57992810553.771965,15484993313.415525,42507817240.35644,-476928793.94531244,-3031382491.516113,24666834146.850582,75906871446.35008,-51240037299.499504,255003056.76269528,2294642890.86914,92865920891.05223,101598140950.1953,-8732220059.143064,-221925737.18261716,-736739600.6469725,12766499187.927244,4034279128.784179,8732220059.143064,221925737.18261716,736739600.6469725
2020-09-01,GOLD - COMMODITY EXCHANGE INC.,547704,306118,75322,230796,42.138819508347574,55.891138279070454,13.752318770722871,50981,9.308129938799059,121254,398660,-277406,-50.64889064166046,22.13860041190132,72.78749105356178,478353,524963,-46610,-8.510071133312884,87.33786862977082,95.84793976308372,69351,22741,46610,8.510071133312884,12.662131370229174,4.152060236916291,1978.9000244140625,2020-09-07,2020-09-08,1943.199951171875,-0.018040362222319972,2020-09-08,2020-09-08,1943.199951171875,-0.018040362222319972,2020-09-09,2020-09-09,1954.9000244140625,-0.012127949721515763,2020-09-10,2020-09-10,1964.300048828125,-0.007377823743400347,2020-09-11,2020-09-11,1947.9000244140625,-0.015665268390291143,-0.018040362222319972,0.0,0.006021034137599468,0.004808442527325596,-0.00834904241021961,0.002418728571577544,0.029015677570857434,1.8975590993044946,9758.0,0.9905589773638681,-0.9070001219406425,-2.1410203673751127,-10961.0,-1.2129749173466813,0.928045450028435,-0.24346126807062163,-1203.0,-0.5763539371437929,-0.33289266907317483,0.24346126807062163,1203.0,0.5763539371438,0.3328926690731788,-0.018040362222319972,-0.006417743739200676,-0.03603014197204668,-0.03825361175817954,-0.08327861276211834,-0.1239577774530356,-0.08125728780853236,100.0,100 troy oz,197890.00244140625,60577691767.3584,14905470763.891602,45672221003.4668,1931010643.8232422,-1573225519.4091797,23994954356.030273,78890828373.29102,-54895874017.26074,-2169072316.760254,-209961292.59033203,94661276337.854,103884929351.64795,-9223653013.793945,-238061672.93701172,-1783186811.9995117,13723869559.313965,4500216545.52002,9223653013.793945,238061672.93701172,1783186811.9995117
2020-09-08,GOLD - COMMODITY EXCHANGE INC.,557457,313173,76700,236473,42.41995346726294,56.1788622261448,13.758908758881851,54949,9.857083147220322,122050,403090,-281040,-50.414650816116755,21.89406537185828,72.30871618797504,490172,534739,-44567,-7.994697348853813,87.9300107452234,95.92470809407722,67285,22718,44567,7.994697348853813,12.069989254776601,4.075291905922788,1943.199951171875,2020-09-14,2020-09-14,1963.699951171875,0.010549609157635587,2020-09-15,2020-09-15,1966.199951171875,0.01183614685978629,2020-09-16,2020-09-16,1970.5,0.01404901683517501,2020-09-17,2020-09-17,1949.9000244140625,0.003447958733298062,2020-09-18,2020-09-18,1962.0999755859373,0.009726237592103892,0.010549609157635587,0.001273106921710676,0.002186984505600398,-0.01045418705198553,0.0062567059947296055,-0.0008147759972102486,-0.018040362222319972,0.28113395891536896,5677.0,0.28772394707434756,0.0065899881589803755,0.23423982554370326,-3634.0,-0.24453504004303994,-0.4787748655867432,0.5153737844590713,2043.0,0.5921421154525746,0.07676833099350233,-0.5153737844590713,-2043.0,-0.5921421154525728,-0.07676833099350233,0.01183614685978629,-0.018320284314781166,-0.020584603234411025,-0.017702708526214472,-0.03514817233122269,-0.11645735510714639,-0.07446477707279253,100.0,100 troy oz,194319.9951171875,60855775830.83496,14904343625.488281,45951432205.34668,1103154612.2802734,2413454339.3554688,23716755404.052734,78328446831.78711,-54611691427.734375,-706158862.2558594,-2469612817.944336,95250220646.58203,103910479868.96973,-8660259222.387695,396995750.02441406,-56158478.58886719,13074820871.45996,4414561649.072266,8660259222.387695,-396995750.02441406,56158478.58886719
2020-09-15,GOLD - COMMODITY EXCHANGE INC.,578925,324512,83535,240977,41.6249082350909,56.0542384592132,14.429330224122294,59586,10.292524938463533,126290,411476,-285186,-49.26130327762663,21.81457010839055,71.07587338601718,510388,554597,-44209,-7.636395042535734,88.16133350606728,95.79772854860302,68537,24328,44209,7.636395042535734,11.83866649393272,4.202271451396985,1966.199951171875,2020-09-21,2020-09-21,1910.5999755859373,-0.028277884735374736,2020-09-22,2020-09-22,1907.5999755859373,-0.029803670552942307,2020-09-23,2020-09-23,1868.4000244140625,-0.049740580402070855,2020-09-24,2020-09-24,1876.9000244140625,-0.045417520585629534,2020-09-25,2020-09-25,1866.300048828125,-0.05080861805749137,-0.028277884735374736,-0.0015701873957576495,-0.020549356088051973,0.00454934697545073,-0.005647597340325383,-0.023186395542701965,0.01183614685978629,-0.7950452321720434,4504.0,-0.12462376693159882,0.6704214652404428,1.1533475384901237,-4146.0,-0.07949526346772728,-1.2328428019578581,0.3583023063180786,358.0,0.23132276084388081,-0.12697954547419954,-0.3583023063180786,-358.0,-0.23132276084388081,0.12697954547419688,-0.029803670552942307,-0.03204150216891799,-0.029193318975284877,-0.03641540909573482,-0.056403166055238985,-0.11967243037391562,-0.08091749544145421,100.0,100 troy oz,196619.9951171875,63805547855.46875,16424651292.114258,47380896563.35449,885576458.0078125,3432788494.7509766,24831139183.34961,80904409110.83984,-56073269927.490234,-815186499.7558594,-3424137214.9658203,100352486067.8711,109044859432.00684,-8692373364.135742,70389958.25195312,8651279.78515625,13475744605.34668,4783371241.2109375,8692373364.135742,-70389958.25195312,-8651279.78515625
2020-09-22,GOLD - COMMODITY EXCHANGE INC.,575877,309015,89955,219060,38.03937299110748,53.65989612365141,15.620523132543928,59292,10.295948614026953,137900,404308,-266408,-46.26126759707368,23.946085709274723,70.20735330634841,506207,553555,-47348,-8.221894605966204,87.90193044695307,96.12382505291929,69670,22322,47348,8.221894605966204,12.098069553046917,3.8761749470807136,1907.5999755859373,2020-09-28,2020-09-28,1882.300048828125,-0.013262700294405905,2020-09-29,2020-09-29,1903.199951171875,-0.00230657604863449,2020-09-30,2020-09-30,1895.5,-0.00634303614006948,2020-10-01,2020-10-01,1916.300048828125,0.004560743003530154,2020-10-02,2020-10-02,1907.5999755859373,0.0,-0.013262700294405905,0.011103385114802355,-0.004045792018402383,0.010973383713070328,-0.004540037061267155,0.013440963768535985,-0.029803670552942307,-3.585535243983422,-21917.0,-2.394342335561795,1.191192908421634,3.000035680552948,18778.0,2.131515600884171,-0.8685200796687695,-0.5854995634304698,-3139.0,-0.2594030591142058,0.32609650431626847,0.5854995634304698,3139.0,0.2594030591141969,-0.3260965043162716,-0.00230657604863449,0.0006291010995735924,-0.006814845966857885,0.004088933176741749,-0.013000590834142067,-0.0956699529962739,-0.06783394111457552,100.0,100 troy oz,190759.99755859372,58947700645.56884,17159815580.383299,41787885065.18554,-4180886866.4916987,-377323275.1708984,26305803663.330074,77125793092.9199,-50819989429.589836,3582091234.155273,7058119.909667968,96564046084.14305,105596150448.54735,-9032104364.404295,-598795632.3364257,-370265155.2612304,13290249029.907225,4258144665.502929,9032104364.404295,598795632.3364257,370265155.2612304
2020-09-29,GOLD - COMMODITY EXCHANGE INC.,562396,316106,72447,243659,43.32516589733924,56.20701427463922,12.881848377299981,48077,8.548602763888791,133657,419835,-286178,-50.88549705189938,23.76563844693063,74.65113549883,497840,540359,-42519,-7.560331154560132,88.52125548545865,96.08158664001878,64556,22037,42519,7.560331154560132,11.478744514541356,3.918413359981223,1903.199951171875,2020-10-05,2020-10-05,1920.0999755859373,0.008879794476484903,2020-10-06,2020-10-06,1908.800048828125,0.0029424641655764194,2020-10-07,2020-10-07,1890.800048828125,-0.006515291436464565,2020-10-08,2020-10-08,1895.0999755859373,-0.0042559771930165136,2020-10-09,2020-10-09,1926.199951171875,0.012084909935941246,0.008879794476484903,-0.005885072080355602,-0.00943000814100503,0.002274130868822999,0.016410730825070052,0.00317690519426006,-0.00230657604863449,5.285792906231762,24599.0,2.5471181509878136,-2.738674755243947,-4.624229454825695,-19770.0,-0.18044726234409225,4.443782192481592,0.6615634514060718,4829.0,0.6193250385055791,-0.04223841290050245,-0.6615634514060718,-4829.0,-0.6193250385055613,0.04223841290050956,0.0029424641655764194,-0.004518692626406584,0.006410295058422832,0.004571287024692561,-0.010666208111929087,-0.1152269506011604,-0.08706386896965135,100.0,100 troy oz,190319.9951171875,60161292376.51367,13788112686.254883,46373179690.25879,4681681559.887695,2448086097.192383,25437599587.37793,79902995150.02441,-54465395562.646484,-3762626303.466797,-1669486997.1679688,94748906369.14062,102841122241.52832,-8092215872.387695,919055256.4208984,778599100.0244141,12286297604.785156,4194081732.397461,8092215872.387695,-919055256.4208984,-778599100.0244141
2020-10-06,GOLD - COMMODITY EXCHANGE INC.,555555,320922,72335,248587,44.74570474570474,57.76601776601776,13.02031302031302,43710,7.867807867807867,124401,412869,-288468,-51.92429192429192,22.392202392202393,74.31649431649431,489033,528914,-39881,-7.178587178587178,88.02602802602803,95.20461520461521,66522,26641,39881,7.178587178587178,11.973971973971974,4.795384795384796,1908.800048828125,2020-10-12,2020-10-12,1928.9000244140625,0.010530162967188561,2020-10-13,2020-10-13,1894.5999755859373,-0.00743926701537212,2020-10-14,2020-10-14,1907.300048828125,-0.0007858340117503637,2020-10-15,2020-10-15,1908.9000244140625,5.2376143849564016e-05,2020-10-16,2020-10-16,1906.4000244140625,-0.0012573472090677829,0.010530162967188561,-0.01778218072164961,0.006703300647019184,0.000838869367680628,-0.0013096547582513995,-0.011664679203285733,0.0029424641655764194,1.4205388483655028,4928.0,1.5590034913785402,0.13846464301303918,-1.0387948723925433,-2290.0,-1.3734360547282378,-0.3346411823356874,0.3817439759729542,2638.0,-0.4952274594306232,-0.8769714354035756,-0.3817439759729542,-2638.0,0.49522745943061786,0.8769714354035725,-0.00743926701537212,0.0034576568614346215,0.0016240441673505135,0.0008382101555999277,0.023889341166945632,-0.08686087834601386,-0.07748324634885839,100.0,100 troy oz,190880.0048828125,61257592927.00195,13807305153.198242,47450287773.80371,940656664.0625,2312320379.1503906,23745663487.426758,78808436735.96191,-55062773248.53516,-437115211.1816406,-1417856676.2695312,93346621427.85645,100959106902.58789,-7612485474.731445,503541452.8808594,894463702.8808594,12697719684.814453,5085234210.083008,7612485474.731445,-503541452.8808594,-894463702.8808594
2020-10-13,GOLD - COMMODITY EXCHANGE INC.,553197,326986,86315,240671,43.50547815696759,59.10841888151961,15.602940724552013,42010,7.594039736296473,116429,401084,-284655,-51.456352800177875,21.046571113003143,72.50292391318102,485425,529409,-43984,-7.950874643210285,87.74902973081922,95.69990437402951,67772,23788,43984,7.950874643210285,12.25097026918078,4.300095625970495,1894.5999755859373,2020-10-19,2020-10-19,1911.699951171875,0.009025639082809178,2020-10-20,2020-10-20,1915.4000244140625,0.010978596588281153,2020-10-21,2020-10-21,1929.5,0.018420787957241114,2020-10-22,2020-10-22,1904.5999755859373,0.005278159046163466,2020-10-23,2020-10-23,1905.199951171875,0.005594835702802836,0.009025639082809178,0.0019354884849578369,0.0073613738155040576,-0.012904910294927574,0.0003150139628418369,-0.0034001151676629204,-0.00743926701537212,-1.2402265887371513,-7916.0,1.3424011155018505,2.582627704238993,0.4679391241140465,3813.0,-1.3456312791992495,-1.8135704033132924,-0.7722874646231066,-4103.0,-0.2769982952088128,0.49528916941430623,0.7722874646231066,4103.0,0.2769982952088057,-0.4952891694143009,0.010978596588281153,0.009131240922123807,0.00833951706519942,-0.009606223691756455,-0.02660193447879422,-0.07758893797860289,-0.07141345323620019,100.0,100 troy oz,189459.99755859372,61950766761.69433,16353239689.270018,45597527072.42431,-1499765340.673828,-57974759.25292968,22058638055.749508,75989373660.791,-53930735605.0415,722410970.6909178,100603258.70361327,91968619314.88036,100301827847.49754,-8333208532.617187,-777354369.98291,42628499.45068359,12840082954.541014,4506874421.923827,8333208532.617187,777354369.98291,-42628499.45068359
2020-10-20,GOLD - COMMODITY EXCHANGE INC.,562993,340206,90602,249604,44.33518711600322,60.42810478993522,16.092917673932003,39875,7.08268131220104,116918,411042,-294124,-52.24292309140611,20.76722090683188,73.010143998238,496999,541519,-44520,-7.907735975402891,88.27800700896815,96.18574298437103,65994,21474,44520,7.907735975402891,11.72199299103186,3.814257015628969,1915.4000244140625,2020-10-26,2020-10-26,1905.699951171875,-0.005064254525711798,2020-10-27,2020-10-27,1911.9000244140625,-0.001827294536592028,2020-10-28,2020-10-28,1879.199951171875,-0.018899484588479898,2020-10-29,2020-10-29,1868.0,-0.02474680161318399,2020-10-30,2020-10-30,1879.9000244140625,-0.01853398744257595,-0.005064254525711798,0.003253436218211947,-0.017103443079984793,-0.005959957142873895,0.006370462748427563,-0.013538294284967223,0.010978596588281153,0.8297089590356279,8933.0,1.3196859084156074,0.48997694937999015,-0.7865702912282373,-9469.0,-0.27935020617126227,0.5072200850569715,0.04313866780739417,-536.0,0.528977278148929,0.4858386103415171,-0.04313866780739417,536.0,-0.5289772781489201,-0.485838610341526,-0.001827294536592028,-0.00261042076656004,-0.020361281979167978,-0.015819175337744018,-0.039260766567647876,-0.07152552900374398,-0.07565000656110399,100.0,100 troy oz,191540.00244140625,65163058070.581055,17353907301.19629,47809150769.384766,1711026841.809082,5850397834.5703125,22394474005.444336,78730985683.52051,-56336511678.07617,-1813692283.1176758,-5308722707.666016,95195189673.37646,103722550582.06787,-8527360908.691406,-102665441.30859375,541675126.9042969,12640490921.118164,4113130012.426758,8527360908.691406,102665441.30859375,-541675126.9042969
2020-10-27,GOLD - COMMODITY EXCHANGE INC.,560900,326063,77429,248634,44.327687644856475,58.13210911035836,13.804421465501873,49849,8.887323943661972,114210,410672,-296462,-52.85469780709574,20.361918345516134,73.21661615261186,490122,537950,-47828,-8.52701016223926,87.38135139953646,95.9083615617757,70778,22950,47828,8.52701016223926,12.618648600463542,4.091638438224282,1911.9000244140625,2020-11-02,2020-11-02,1892.5,-0.010146986854089324,2020-11-03,2020-11-03,1910.4000244140625,-0.0007845598518989583,2020-11-04,2020-11-04,1896.199951171875,-0.008211764758462747,2020-11-05,2020-11-05,1946.800048828125,0.01825410532371241,2020-11-06,2020-11-06,1951.699951171875,0.020816949761800485,-0.010146986854089324,0.009458401275594497,-0.007433036568633256,0.02668500103323934,0.002516900668201316,0.03128134804326277,-0.001827294536592028,-0.007499471146743986,-970.0,-2.295995679576862,-2.2884962084301304,-0.6117747156896272,-2338.0,-0.4053025613157466,0.2064721543738699,-0.6192741868363685,-3308.0,-0.89665560943169,-0.27738142259532594,0.6192741868363685,3308.0,0.8966556094316829,0.2773814225953135,-0.0007845598518989583,-0.01856791649494316,-0.014017494892986648,-0.05612220694489989,-0.03190543397722623,-0.06961659808897613,-0.06198022830002137,100.0,100 troy oz,191190.00244140625,62339985766.052246,14803650699.035645,47536335067.0166,-185454302.36816406,951170262.1459961,21835810178.833008,78516380682.61719,-56680570503.78418,-447002225.7080078,-1966197985.1074219,93706426376.58691,102850661813.35449,-9144235436.767578,-632456528.0761719,-1015027722.9614258,13532045992.797852,4387810556.030273,9144235436.767578,632456528.0761719,1015027722.9614258
2020-11-03,GOLD - COMMODITY EXCHANGE INC.,544774,321798,78889,242909,44.588948811800854,59.06999966958776,14.481050857786897,47471,8.713888695128622,108679,398017,-289338,-53.111565529926175,19.94937350167225,73.06093903159842,477948,524377,-46429,-8.522616718125315,87.73326186638863,96.25587858451394,66826,20397,46429,8.522616718125315,12.26673813361137,3.7441214154860547,1910.4000244140625,2020-11-09,2020-11-09,1854.4000244140625,-0.029313232456210647,2020-11-10,2020-11-10,1876.4000244140625,-0.017797319705556536,2020-11-11,2020-11-11,1861.5999755859373,-0.02554441384237982,2020-11-12,2020-11-12,1873.300048828125,-0.019420003722684376,2020-11-13,2020-11-13,1886.199951171875,-0.012667542364385165,-0.029313232456210647,0.011863675426207587,-0.007887469961394222,0.006284955627217981,0.006886191217375881,0.017148364074175637,-0.0007845598518989583,0.2612611669443794,-5725.0,0.9378905592294018,0.6766293922850242,-0.25686772283043524,7124.0,-0.41254484384388235,-0.15567712101344,0.004393444113944156,1399.0,0.35191046685217486,0.3475170227382307,-0.004393444113944156,-1399.0,-0.3519104668521731,-0.3475170227382276,-0.017797319705556536,-0.013243325222362823,-0.055381096878165614,-0.050408316372201334,-0.04030569462728972,-0.07035177067446086,-0.06333752012859806,100.0,100 troy oz,191040.00244140625,61476290705.63965,15070954752.600098,46405335953.03955,-1093704013.9770508,-1084725133.8623047,20762036425.32959,76037168651.72119,-55275132226.3916,1360968977.3925781,-166204802.12402344,91307187086.86523,100176983360.21729,-8869796273.35205,267264963.41552734,-1250929935.9863281,12766439203.149414,3896642929.7973633,8869796273.35205,-267264963.41552734,1250929935.9863281
2020-11-10,GOLD - COMMODITY EXCHANGE INC.,547449,318516,78780,239736,43.79147646630097,58.181858036091036,14.390381569790062,53544,9.780637100442233,111142,394565,-283423,-51.771580549055706,20.30179980235602,72.07338035141173,483202,526889,-43687,-7.980104082754741,88.2642949388893,96.24439902164403,64247,20560,43687,7.980104082754741,11.735705061110716,3.7556009783559747,1876.4000244140625,2020-11-16,2020-11-16,1887.800048828125,0.006075476585874817,2020-11-17,2020-11-17,1885.0999755859373,0.004636511969025037,2020-11-18,2020-11-18,1873.9000244140625,-0.001332338503236108,2020-11-19,2020-11-19,1861.5,-0.007940750490405324,2020-11-20,2020-11-20,1872.4000244140625,-0.002131741605177706,0.006075476585874817,-0.0014302750144877807,-0.005941303547252752,-0.006617228375318307,0.005855505997347521,-0.008157656539749647,-0.017797319705556536,-0.7974723454998838,-3173.0,-0.8881416334967227,-0.09066928799683538,1.3399849808704687,5915.0,0.3524263006837671,-0.9875586801866945,0.5425126353705743,2742.0,0.5310330725006622,-0.011479562869908477,-0.5425126353705743,-2742.0,-0.5310330725006533,0.011479562869920024,0.004636511969025037,-0.03826478783517706,-0.03320190152287994,-0.0007994031019417092,-0.020731200121471782,-0.02147732269440228,-0.024301841287908132,100.0,100 troy oz,187640.00244140625,59766343017.62695,14782279392.333984,44984063625.29297,-595381727.746582,-175443402.28271484,20854685151.342773,74036177563.29346,-53181492411.95068,1109890614.440918,231172483.0078125,90668024459.69238,98865453246.3501,-8197428786.657715,514508886.69433594,55729080.725097656,12055307236.853027,3857878450.1953125,8197428786.657715,-514508886.69433594,-55729080.725097656
2020-11-17,GOLD - COMMODITY EXCHANGE INC.,557533,329698,78428,251270,45.06818430478555,59.13515433167185,14.066970026886299,56853,10.197243929955716,106681,401253,-294572,-52.83489945886611,19.134472757666362,71.96937221653248,493232,536534,-43302,-7.766715154080566,88.46687101929392,96.23358617337449,64301,20999,43302,7.766715154080566,11.533128980706074,3.7664138266255094,1885.0999755859373,2020-11-23,2020-11-23,1837.800048828125,-0.025091468553603002,2020-11-24,2020-11-24,1804.5999755859373,-0.04270330541751699,2020-11-25,2020-11-25,1805.5,-0.042225864207120156,2020-11-26,2020-11-27,1781.9000244140625,-0.05474508116727206,2020-11-27,2020-11-27,1781.9000244140625,-0.05474508116727206,-0.025091468553603002,-0.018065117183644563,0.0004987390148725179,-0.013071157898608465,0.0,-0.030416815175136835,0.004636511969025037,1.276707838484576,11534.0,0.9532962955808131,-0.32341154290376295,-1.0633189098104054,-11149.0,-1.1673270446896566,-0.1040081348792512,0.21338892867417503,385.0,0.2025760804046257,-0.010812848269537767,-0.21338892867417503,-385.0,-0.2025760804046417,0.010812848269534658,-0.04270330541751699,-0.037663784902406294,-0.005410827703556831,-0.01580814128892538,-0.0456739571911432,-0.009071123976128748,-0.01644475115457178,100.0,100 troy oz,188509.99755859372,62151369175.073235,14784462088.525389,47366907086.547844,2174274311.84082,314057655.9326171,20110435049.548336,75640202050.3784,-55529767000.83007,-2101697962.7807615,-84452478.90624999,92979163115.8203,101142023030.10252,-8162859914.282226,72576349.06005858,229605177.02636716,12121381353.015135,3958521438.7329097,8162859914.282226,-72576349.06005858,-229605177.02636716
2020-11-24,GOLD - COMMODITY EXCHANGE INC.,555253,320324,76422,243902,43.92628225331516,57.689737831222885,13.76345557790773,60914,10.970494531321757,108625,393454,-284829,-51.29715643139253,19.56315409371944,70.86031052511198,489863,530790,-40927,-7.370874178077382,88.22338645626408,95.59426063434147,65390,24463,40927,7.370874178077382,11.776613543735918,4.405739365658538,1804.5999755859373,2020-11-30,2020-11-30,1775.699951171875,-0.016014643026180164,2020-12-01,2020-12-01,1814.0999755859373,0.005264324575265267,2020-12-02,2020-12-02,1830.199951171875,0.014185955852972665,2020-12-03,2020-12-03,1841.0999755859373,0.020226089157597826,2020-12-04,2020-12-04,1840.0,0.019616549314519727,-0.016014643026180164,0.02162528888324866,0.008874910866330632,0.005955646762575206,-0.0005974556517970298,0.03621110018372753,-0.04270330541751699,-1.1419020514703888,-7368.0,-1.4454165004489639,-0.3035144489785697,1.5377430274735815,9743.0,0.4286813360530779,-1.109061691420493,0.3958409760031838,2375.0,-0.24348456302983834,-0.6393255390330239,-0.3958409760031838,-2375.0,0.24348456302984367,0.6393255390330284,0.005264324575265267,0.038956028914551855,0.02809490963543082,0.0433337439322512,0.0007204083152572149,0.05175663619508608,-0.011526059536301814,100.0,100 troy oz,180459.99755859372,57805668257.95898,13791113933.42285,44014554324.536125,-1329629262.0117185,-853936708.4472655,19602467234.802242,71002707879.41893,-51400240644.61669,1758221756.2133787,2099291151.5991209,88400675784.0454,95786362104.12596,-7385686320.080565,428592494.2016601,1245354443.1518552,11800279240.356443,4414592920.275878,7385686320.080565,-428592494.2016601,-1245354443.1518552
2020-12-01,GOLD - COMMODITY EXCHANGE INC.,538042,324344,64030,260314,48.38172484675918,60.282282795766875,11.900557949007698,48151,8.94930135565625,110108,403371,-293263,-54.50559621739567,20.464573397615798,74.97016961501147,482603,515552,-32949,-6.123871370636493,89.69615754903893,95.82002891967541,55439,22490,32949,6.123871370636493,10.303842450961078,4.179971080324584,1814.0999755859373,2020-12-07,2020-12-07,1866.0,0.02860924155919209,2020-12-08,2020-12-08,1874.9000244140625,0.0335152690845979,2020-12-09,2020-12-09,1838.5,0.013450209328282225,2020-12-10,2020-12-10,1837.4000244140625,0.01284386149699368,2020-12-11,2020-12-11,1843.5999755859373,0.016261507302248734,0.02860924155919209,0.004769573640976743,-0.019414381535057146,-0.0005983005634688787,0.0033743066776392716,-0.012004300329079731,0.005264324575265267,4.455442593444019,16412.0,2.5925449645439897,-1.862897628900031,-3.20843978600314,-8434.0,0.9014193038963576,4.109859089899487,1.2470028074408885,7978.0,1.472771092774849,0.22576828533394178,-1.2470028074408885,-7978.0,-1.47277109277484,-0.22576828533395332,0.0335152690845979,0.022711026843424298,0.03787005907433416,0.037925169369953604,-0.0443746216213905,0.05010750545030063,-0.022325120194612524,100.0,100 troy oz,181409.99755859372,58839244248.14452,11615682143.676756,47223562104.467766,2977300879.93164,3157441007.5073237,19974692011.181637,73175532125.2075,-53200840114.02587,-1530011919.4091794,-712034240.4174803,87549009051.77,93526287061.32811,-5977278009.5581045,1447288960.5224607,2445406767.0898433,10057188854.650877,4079910845.092773,5977278009.5581045,-1447288960.5224607,-2445406767.0898433
2020-12-08,GOLD - COMMODITY EXCHANGE INC.,549520,338271,69051,269220,48.99184743048479,61.557541126801574,12.565693696316785,51481,9.368357839569079,104016,404739,-300723,-54.724668801863444,18.9285194351434,73.65318823700684,493768,525271,-31503,-5.732821371378657,89.85441840151405,95.5872397728927,55752,24249,31503,5.732821371378657,10.145581598485952,4.412760227107293,1874.9000244140625,2020-12-14,2020-12-14,1832.0999755859373,-0.022827909899623022,2020-12-15,2020-12-15,1855.300048828125,-0.010453877716526727,2020-12-16,2020-12-16,1859.0999755859373,-0.008427142046180891,2020-12-17,2020-12-17,1890.4000244140625,0.008267107471420454,2020-12-18,2020-12-18,1888.9000244140625,0.0074670648128960515,-0.022827909899623022,0.0126631043891412,0.0020481467459736447,0.01683612997642059,-0.0007934828505226088,0.031002701591085202,0.0335152690845979,0.6101225837256123,8906.0,1.2752583310346992,0.6651357473090869,-0.21907258446777433,-7460.0,-1.5360539624723977,-1.316981378004627,0.39104999925783623,1446.0,0.15826085247512367,-0.23278914678270723,-0.39104999925783623,-1446.0,-0.15826085247512545,0.232789146782709,-0.010453877716526727,0.00421357102309039,0.0042668941787977754,0.04240226090180199,-0.08427116003125423,0.010400554560819453,-0.04810927093052686,100.0,100 troy oz,187490.00244140625,63422430615.85693,12946372158.581543,50476058457.27539,1669785961.743164,5527955231.982422,19501960093.945312,75884516098.13232,-56382556004.18701,-1398675418.2128906,-3243577042.236328,92576563525.48828,98483061072.3999,-5906497546.911621,271110543.53027344,2284378189.7460938,10452942616.113281,4546445069.20166,5906497546.911621,-271110543.53027344,-2284378189.7460938
2020-12-15,GOLD - COMMODITY EXCHANGE INC.,550366,340610,69026,271584,49.346071523313576,61.88790731985624,12.541835796542664,50941,9.255840658761624,101736,408078,-306342,-55.661505252868096,18.485153516023882,74.14665876889197,493287,528045,-34758,-6.315433729554515,89.62890149464174,95.94433522419627,57079,22321,34758,6.315433729554515,10.371098505358251,4.055664775803738,1855.300048828125,2020-12-21,2020-12-21,1882.800048828125,0.01482240029981674,2020-12-22,2020-12-22,1870.300048828125,0.008084945618081818,2020-12-23,2020-12-23,1878.0999755859373,0.012289077862210673,2020-12-24,2020-12-24,1883.199951171875,0.015037946213267483,2020-12-25,2020-12-28,1880.4000244140625,0.01352879584183242,0.01482240029981674,-0.006639048053870722,0.004170414668330569,0.0027154973921696968,-0.0014867920722226868,-0.0012747101932338856,-0.010453877716526727,0.35422409282878675,2364.0,0.3303661930546653,-0.02385789977412145,-0.9368364510046518,-5619.0,-0.4433659191195183,0.4934705318851229,-0.582612358175858,-3255.0,-0.22551690687231485,0.35709545130356446,0.582612358175858,3255.0,0.22551690687229886,-0.3570954513035556,0.01482240029981674,0.014876286778179537,0.05341452755770293,-0.0059829123937452655,-0.06705116215171669,0.0005928828529015995,-0.04473669908671962,100.0,100 troy oz,185530.0048828125,63193374963.134766,12806394117.041016,50386980846.09375,438592931.54296875,3768856519.189453,18875080576.757812,75710713332.56836,-56835632755.81055,-1042493097.4365234,-2183688157.470703,91519539518.62793,97968191428.34473,-6448651909.716797,-603900165.8935547,1585168361.71875,10589867148.706055,4141215238.989258,6448651909.716797,603900165.8935547,-1585168361.71875
2020-12-21,GOLD - COMMODITY EXCHANGE INC.,560769,349870,71674,278196,49.609732349684094,62.39110935162251,12.78137700193841,52816,9.418494959600121,99303,414402,-315099,-56.190516950830016,17.70836119685646,73.89887814768647,501989,538892,-36903,-6.580784601145926,89.51796550807909,96.09875010922501,58780,21877,36903,6.580784601145926,10.482034491920917,3.9012498907749897,1882.800048828125,2020-12-28,2020-12-28,1880.4000244140625,-0.0012747101932338856,2020-12-29,2020-12-29,1882.9000244140625,5.3099417540281024e-05,2020-12-30,2020-12-30,1893.4000244140625,0.005629899782791714,2020-12-31,2020-12-31,1895.0999755859373,0.006532784384336354,2021-01-01,2021-01-04,1946.5999755859373,0.033885662366283764,-0.0012747101932338856,0.0013295043435128662,0.005576504256123549,0.000897829909134451,0.027175347297483388,0.035205249049336196,0.01482240029981674,0.26366082637051846,6612.0,0.5032020317662713,0.23954120539574575,-0.5290116979619199,-8757.0,-0.7767923191674235,-0.24778062120549293,-0.26535087159141124,-2145.0,-0.11093598656265158,0.1544148850287428,0.26535087159141124,2145.0,0.11093598656266579,-0.15441488502874812,5.3099417540281024e-05,0.03802845428568058,-0.020501432257915564,-0.022625927635154253,-0.08375826914830475,-0.05598046615712837,-0.04997880561710144,100.0,100 troy oz,188280.0048828125,65873525308.34961,13494781069.970703,52378744238.37891,1244907392.2851562,6456874487.451172,18696769324.87793,78023610583.44727,-59326841258.569336,-1648768002.758789,-5699235747.802734,94514491371.11816,101462588391.3086,-6948097020.19043,-403860610.4736328,757638739.6484375,11067098687.011719,4119001666.821289,6948097020.19043,403860610.4736328,-757638739.6484375
2020-12-29,GOLD - COMMODITY EXCHANGE INC.,556414,341812,72940,268872,48.322292393793106,61.431236453432156,13.108944059639047,54593,9.811579147900664,101283,408537,-307254,-55.22039344804408,18.202813013331802,73.42320646137588,497688,536070,-38382,-6.898101054250971,89.44562861466461,96.34372966891559,58726,20344,38382,6.898101054250971,10.55437138533538,3.656270331084408,1882.9000244140625,2021-01-04,2021-01-04,1946.5999755859373,0.033830766554744374,2021-01-05,2021-01-05,1954.4000244140625,0.0379733385059835,2021-01-06,2021-01-06,1908.5999755859373,0.013649132104011974,2021-01-07,2021-01-07,1913.5999755859373,0.016304610321213442,2021-01-08,2021-01-08,1835.4000244140625,-0.02522704306341572,0.033830766554744374,0.0040070116746906415,-0.023434326778549952,0.002619721295168187,-0.040865359620382624,-0.05712521964786477,5.3099417540281024e-05,-1.2874399558909886,-9324.0,-0.9598728981903548,0.3275670577006373,0.9701235027859383,7845.0,0.494451816475344,-0.47567168631059076,-0.31731645310504497,-1479.0,-0.07233689341447302,0.24497955969057728,0.31731645310504497,1479.0,0.07233689341446237,-0.24497955969058172,0.0379733385059835,-0.020553440299747483,-0.022677822873508835,-0.016995060590090594,-0.1056880330446257,-0.06335973619483581,-0.03823888632770378,100.0,100 troy oz,188290.00244140625,64359782314.50195,13733872778.076172,50625909536.42578,-1755615982.7636719,1611385840.8935547,19070576317.27295,76923432727.40479,-57852856410.131836,1477135069.152832,-2634365424.157715,93709674735.0586,100936621608.76465,-7226946873.706055,-278480913.61083984,-1022979583.2641602,11057518683.374023,3830571809.6679688,7226946873.706055,278480913.61083984,1022979583.2641602
2021-01-05,GOLD - COMMODITY EXCHANGE INC.,568888,349946,70628,279318,49.09894390459985,61.514041428189735,12.415097523589882,59807,10.51296564525882,97405,418328,-320923,-56.41233423802225,17.121999409374077,73.53433364739632,507158,548763,-41605,-7.3133903334223955,89.14900648282263,96.46239681624502,61730,20125,41605,7.3133903334223955,10.85099351717737,3.5376031837549746,1954.4000244140625,2021-01-11,2021-01-11,1850.800048828125,-0.05300858283451837,2021-01-12,2021-01-12,1844.199951171875,-0.0563856282570534,2021-01-13,2021-01-13,1854.9000244140625,-0.05091076481634338,2021-01-14,2021-01-14,1851.4000244140625,-0.05270159573953126,2021-01-15,2021-01-15,1829.9000244140625,-0.06370241426768586,-0.05300858283451837,-0.003566078172749676,0.005802013624058633,-0.0018868941473574319,-0.011612833378245369,-0.011292426984371384,0.0379733385059835,0.7766515108067438,10446.0,0.08280497475757898,-0.6938465360491648,-1.1919407899781689,-13669.0,-1.0808136039577256,0.1111271860204397,-0.4152892791714242,-3223.0,-0.2966221318419855,0.11866714732943251,0.4152892791714242,3223.0,0.2966221318419908,-0.1186671473294334,-0.0563856282570534,-0.05843229216926826,-0.05295742872855813,-0.06191158334449787,-0.10816620025239776,-0.08196892715973858,-0.07153092871559796,100.0,100 troy oz,195440.00244140625,68393447094.36035,13803536492.43164,54589910601.92871,2041566265.5029297,1973553144.6533203,19036833437.805176,81758025341.3086,-62721191903.50342,-2671469393.371582,-3947888049.3164062,99118960758.17871,107250242059.75342,-8131281301.574707,-629903127.8686523,-1974334904.663086,12064511350.708008,3933230049.133301,8131281301.574707,629903127.8686523,1974334904.663086
2021-01-12,GOLD - COMMODITY EXCHANGE INC.,555538,313217,66990,246227,44.322260583434435,56.380841634595654,12.058581051161218,73535,13.236718280297657,105980,396281,-290301,-52.25583128426858,19.077002833289534,71.33283411755812,492732,536806,-44074,-7.933570700834146,88.69456274818285,96.62813344901699,62806,18732,44074,7.933570700834146,11.305437251817157,3.371866550983011,1844.199951171875,2021-01-18,2021-01-19,1840.199951171875,-0.002168962209037173,2021-01-19,2021-01-19,1840.199951171875,-0.002168962209037173,2021-01-20,2021-01-20,1866.5,0.012091990791971652,2021-01-21,2021-01-21,1865.9000244140625,0.011766659698910775,2021-01-22,2021-01-22,1856.199951171875,0.00650688662711163,-0.002168962209037173,0.0,0.014291951704148653,-0.00032144419284085846,-0.005198602880791325,0.00869470732776123,-0.0563856282570534,-4.7766833211654145,-33091.0,-5.1331997935940805,-0.35651647242866424,4.156502953753666,30622.0,1.955003423915457,-2.201499529838202,-0.6201803674117503,-2469.0,-0.4544437346397814,0.16573663277196715,0.6201803674117503,2469.0,0.4544437346397867,-0.1657366327719636,-0.002168962209037173,0.003633051415021571,-0.00585615824951613,-0.0036329852235478244,-0.05238042410995303,-0.018598811227609535,-0.013935555716474424,100.0,100 troy oz,184419.9951171875,57763477610.62012,12354295472.90039,45409182137.71973,-6102642058.422852,-4676337816.186523,19544831082.51953,73082140085.03418,-53537309002.51465,5647309090.478516,2958281141.6748047,90869633034.08203,98997759898.87695,-8128126864.794922,-455332967.94433594,-1718056674.5117188,11582682213.330078,3454555348.5351562,8128126864.794922,455332967.94433594,1718056674.5117188
2021-01-19,GOLD - COMMODITY EXCHANGE INC.,541330,307507,60869,246638,45.561487447582806,56.80583008516062,11.244342637577818,73648,13.605009883065783,99444,386911,-287467,-53.103836846286,18.370310162008387,71.47414700829438,480599,521428,-40829,-7.542349398703194,88.78115013023479,96.32349952893799,60731,19902,40829,7.542349398703194,11.218849869765208,3.6765004710620137,1840.199951171875,2021-01-25,2021-01-25,1855.199951171875,0.008151288119776279,2021-01-26,2021-01-26,1850.9000244140625,0.005814625326651779,2021-01-27,2021-01-27,1844.9000244140625,0.0025541100787414006,2021-01-28,2021-01-28,1837.9000244140625,-0.0012498243771541517,2021-01-29,2021-01-29,1847.300048828125,0.003858329444976105,0.008151288119776279,-0.00231776998220401,-0.003241666173676494,-0.0037942435402282815,0.005114546106532281,-0.0042582484646789265,-0.002168962209037173,1.239226864148371,411.0,0.4249884505649675,-0.8142384135834,-0.8480055620174198,2834.0,-0.7066926712811465,0.14131289073625908,0.3912213021309521,3245.0,0.08658738205194538,-0.3046339200789987,-0.3912213021309521,-3245.0,-0.08658738205194894,0.3046339200790027,0.005814625326651779,-0.003695210813086991,-0.0014672053274187302,-0.022388844834844157,-0.03358326725226635,-0.01565043338875871,-0.015107014180773648,100.0,100 troy oz,184019.9951171875,56587436638.50098,11201113082.788086,45386323555.71289,75632217.99316406,-5807303005.908203,18299684394.433594,71199360330.78613,-52899675936.35254,521512666.1621094,5084840505.078125,88439825633.3252,95953178013.96484,-7513352380.639648,597144884.1552734,-722462500.8300781,11175718323.461914,3662365942.8222656,7513352380.639648,-597144884.1552734,722462500.8300781
2021-01-26,GOLD - COMMODITY EXCHANGE INC.,534574,313532,55986,257546,48.17780138951763,58.65081354499097,10.473012155473329,65184,12.193634557610359,94890,393838,-298948,-55.922659912378826,17.750582706977895,73.67324261935673,473606,515008,-41402,-7.744858522861193,88.59503080957921,96.3398893324404,60968,19566,41402,7.744858522861193,11.404969190420784,3.6601106675595894,1850.9000244140625,2021-02-01,2021-02-01,1863.9000244140625,0.0070236100429657,2021-02-02,2021-02-02,1833.4000244140625,-0.009454859673223015,2021-02-03,2021-02-03,1835.0999755859373,-0.008536413971428347,2021-02-04,2021-02-04,1791.199951171875,-0.03225461799920104,2021-02-05,2021-02-05,1813.0,-0.02047653785409642,0.0070236100429657,-0.01636353860212436,0.0009272123645891472,-0.023922415671138175,0.012170639472082634,-0.027308344732740464,0.005814625326651779,2.616313941934827,10908.0,1.8449834598303454,-0.7713304821044886,-2.8188230660928255,-11481.0,-0.6197274550304925,2.199095611062347,-0.2025091241579995,-573.0,-0.18611932065557824,0.016389803502420364,0.2025091241579995,573.0,0.18611932065557646,-0.01638980350242436,-0.009454859673223015,-0.0072397343115842006,-0.028040425592674834,-0.024312496302573483,-0.03895400866330534,-0.02760817705543772,0.0008644311226069235,100.0,100 troy oz,185090.00244140625,58031638645.458984,10362448876.68457,47669189768.774414,2018961746.6308594,-2096329367.6513672,17563190331.66504,72895476381.51855,-55332286049.853516,-2125018318.0297852,1537357560.2783203,87659735696.26465,95322831977.34375,-7663096281.079102,-106056571.39892578,-558971807.3730469,11284567268.847656,3621470987.7685547,7663096281.079102,106056571.39892578,558971807.3730469
2021-02-02,GOLD - COMMODITY EXCHANGE INC.,520011,314352,57226,257126,49.44626171369452,60.45102892054206,11.004767206847548,56076,10.783618038849179,90132,388089,-297957,-57.298210999382704,17.33271026959045,74.63092126897315,460560,501391,-40831,-7.851949285688187,88.56735722898169,96.41930651466988,59451,18620,40831,7.851949285688187,11.432642771018307,3.580693485330118,1833.4000244140625,2021-02-08,2021-02-08,1834.199951171875,0.0004363078145306343,2021-02-09,2021-02-09,1837.5,0.00223626897095075,2021-02-10,2021-02-10,1842.699951171875,0.0050725028002465145,2021-02-11,2021-02-11,1826.800048828125,-0.0035998557314553814,2021-02-12,2021-02-12,1823.199951171875,-0.005563473931689988,0.0004363078145306343,0.0017991761618010305,0.002829905399659882,-0.008628589984841728,-0.001970712480853898,-0.005997165136206739,-0.009454859673223015,1.2684603241768855,-420.0,1.8002153755510903,0.5317550513742191,-1.3755510870038776,991.0,-0.4178724373874445,0.957678649616426,-0.10709076282699392,571.0,-0.02767358059752212,0.07941718222947713,0.10709076282699392,-571.0,0.02767358059752212,-0.07941718222947136,0.00223626897095075,-0.018762967140821596,-0.014999454365551612,-0.05443441011190131,-0.031307965337464716,-0.010526916423650334,-0.017399380380316853,100.0,100 troy oz,183340.00244140625,57633296447.46094,10491814979.711914,47141481467.74902,-77002801.02539062,-4068681334.1796875,16524801100.048828,71152238207.48291,-54627437107.43408,181689942.4194336,4210586496.069336,84439071524.41406,91925027164.09912,-7485955639.685059,104687141.39404297,141905161.88964844,10899746485.144043,3413790845.4589844,7485955639.685059,-104687141.39404297,-141905161.88964844
2021-02-09,GOLD - COMMODITY EXCHANGE INC.,506741,309326,57919,251407,49.612523952078085,61.04222867303021,11.429704720952124,51574,10.177585788400782,87800,379995,-292195,-57.661606224876216,17.32640540236531,74.98801162724152,448700,489488,-40788,-8.049082272798136,88.5462198637963,96.59530213659443,58041,17253,40788,8.049082272798136,11.453780136203703,3.4046978634055662,1837.5,2021-02-15,2021-02-16,1799.0,-0.020952380952380945,2021-02-16,2021-02-16,1799.0,-0.020952380952380945,2021-02-17,2021-02-17,1772.800048828125,-0.03521085778061228,2021-02-18,2021-02-18,1775.0,-0.03401360544217691,2021-02-19,2021-02-19,1777.4000244140625,-0.03270746970663263,-0.020952380952380945,0.0,-0.014563619328446409,0.001240947152121974,0.0013521264304576786,-0.012006656801521687,0.00223626897095075,0.1662622383835668,-5719.0,0.5911997524881514,0.4249375141045757,-0.36339522549351244,5762.0,-0.0063048672251397875,0.35709035826836555,-0.1971329871099492,43.0,-0.021137365185396106,0.17599562192454243,0.1971329871099492,-43.0,0.021137365185396106,-0.17599562192455176,-0.020952380952380945,-0.017197265625000013,-0.056544230973639475,-0.06563263977465983,-0.0007619180484694787,-0.0575782578656463,-0.005224476509353759,100.0,100 troy oz,183750.0,56838652500.0,10642616250.0,46196036250.0,-1050866250.0,951825000.0,16133250000.0,69824081250.0,-53690831250.0,1058767500.0,-348022500.0,82448625000.0,89943420000.0,-7494795000.0,7901250.0,603802500.0,10665033750.0,3170238750.0,7494795000.0,-7901250.0,-603802500.0
2021-02-16,GOLD - COMMODITY EXCHANGE INC.,503016,303583,68614,234969,46.712033016842405,60.35255339790384,13.640520381061439,49141,9.769271752787189,91152,366230,-275078,-54.68573564260382,18.121093563624218,72.80682920622803,443876,483985,-40109,-7.973702625761407,88.24291871431525,96.21662134007666,59140,19031,40109,7.973702625761407,11.75708128568475,3.783378659923342,1799.0,2021-02-22,2021-02-22,1808.4000244140625,0.0052251386403905364,2021-02-23,2021-02-23,1805.9000244140625,0.0038354777176556887,2021-02-24,2021-02-24,1797.9000244140625,-0.0006114372350959352,2021-02-25,2021-02-25,1775.4000244140625,-0.013118385539709565,2021-02-26,2021-02-26,1728.800048828125,-0.03902165156857973,0.0052251386403905364,-0.001382437495160982,-0.004429924077660741,-0.012514600197156556,-0.02624759206101568,-0.044016796345558884,-0.020952380952380945,-2.9004909352356805,-16438.0,-0.6896752751263691,2.210815660109315,2.9758705822723996,17117.0,0.7946881612589074,-2.1811824210134887,0.07537964703672895,679.0,-0.3033011494810438,-0.3786807965177701,-0.07537964703672895,-679.0,0.30330114948104736,0.37868079651777586,0.0038354777176556887,-0.03635354330965124,-0.045636451131705114,-0.037854349964389966,0.03835464146748202,-0.006225653792037211,0.03179541477035852,100.0,100 troy oz,179900.0,54614581700.0,12343658600.0,42270923100.0,-2957196200.0,-2099253100.0,16398244800.0,65884777000.0,-49486532200.0,3079348300.0,2228781100.0,79853292400.0,87068901500.0,-7215609100.0,122152100.0,129528000.0,10639286000.0,3423676900.0,7215609100.0,-122152100.0,-129528000.0
2021-02-23,GOLD - COMMODITY EXCHANGE INC.,481125,284081,68348,215733,44.83928293063133,59.04515458560665,14.205871654975319,49235,10.233307352559107,92086,343815,-251729,-52.320914523252796,19.139724603793194,71.460639127046,425402,461398,-35996,-7.48163159262146,88.41818654195896,95.8998181345804,55723,19727,35996,7.48163159262146,11.58181345804105,4.100181865419589,1805.9000244140625,2021-03-01,2021-03-01,1723.0,-0.045905101773815016,2021-03-02,2021-03-02,1733.5999755859375,-0.04003546588996987,2021-03-03,2021-03-03,1715.800048828125,-0.04989200640559888,2021-03-04,2021-03-04,1700.699951171875,-0.05825354217840517,2021-03-05,2021-03-05,1698.5,-0.05947174426165103,-0.045905101773815016,0.0061520461903292745,-0.010267609026584301,-0.008800616171192654,-0.001293556320948408,-0.014219384793964007,0.0038354777176556887,-1.8727500862110773,-19236.0,-1.307398812297187,0.5653512739138797,2.3648211193510207,23349.0,1.0186310401689767,-1.346190079182037,0.4920710331399478,4113.0,0.17526782764370807,-0.3168032054962566,-0.4920710331399478,-4113.0,-0.1752678276436992,0.3168032054962473,-0.04003546588996987,-0.04928290536397595,-0.041530538228069624,-0.0447422602224844,0.05099948742501392,0.0014397118061844072,0.056204661735320904,100.0,100 troy oz,180590.00244140625,51302188483.55713,12342965486.865234,38959222996.691895,-3473829286.9628906,-7551009772.08252,16629810964.819336,62089551689.39209,-45459740724.572754,4216595967.0043945,8527279325.280762,76823348218.5791,83323865946.45996,-6500517727.880859,742766680.0415039,976269553.1982422,10063016706.04248,3562498978.161621,6500517727.880859,-742766680.0415039,-976269553.1982422
2021-03-02,GOLD - COMMODITY EXCHANGE INC.,467008,265533,75895,189638,40.60701315609154,56.858340756475265,16.251327600383718,53221,11.396164519665616,94844,317047,-222203,-47.580127107030286,20.30885980539948,67.88898691242976,413598,446163,-32565,-6.973113950938742,88.56336508154035,95.53647903247911,53410,20845,32565,6.973113950938742,11.43663491845964,4.463520967520899,1733.5999755859375,2021-03-08,2021-03-08,1678.0,-0.03207197529357675,2021-03-09,2021-03-09,1716.9000244140625,-0.00963310533402062,2021-03-10,2021-03-10,1721.800048828125,-0.006806602978766341,2021-03-11,2021-03-11,1722.5999755859375,-0.006345177754332965,2021-03-12,2021-03-12,1719.800048828125,-0.007960271661372365,-0.03207197529357675,0.023182374501825143,0.002853995191557379,0.00046458748700639596,-0.0016254074059534052,0.024910636965509436,-0.04003546588996987,-4.2322697745397875,-26095.0,-2.1868138291313883,2.045455945408399,4.74078741622251,29526.0,1.1691352016062844,-3.571652214616236,0.508517641682718,3431.0,0.14517853958139426,-0.3633391021012926,-0.508517641682718,-3431.0,-0.14517853958141025,0.3633391021013095,-0.00963310533402062,-0.0015574245557787858,-0.004903091901075407,-0.028668638597019513,0.09886942018220268,0.04874250184010287,0.1212506207904982,100.0,100 troy oz,173359.99755859375,46032800231.726074,13157157014.709473,32875643217.0166,-4523829136.291504,-11699719515.234375,16442155608.447266,54963267145.95947,-38521111537.51221,5118627287.915039,13132713255.05371,71701348270.23926,77346816590.73486,-5645468320.495605,594798151.6235352,1432993739.819336,9259157469.604492,3613689149.1088867,5645468320.495605,-594798151.6235352,-1432993739.819336
2021-03-09,GOLD - COMMODITY EXCHANGE INC.,473871,254839,79676,175163,36.964279308081736,53.77813793205324,16.8138586239715,59860,12.632129841243714,104656,312536,-207880,-43.8684789742356,22.085335460494523,65.95381443473013,419355,452072,-32717,-6.904199666153869,88.49560323379147,95.39980289994534,54516,21799,32717,6.904199666153869,11.504396766208524,4.600197100054657,1716.9000244140625,2021-03-15,2021-03-15,1729.199951171875,0.007164032024526312,2021-03-16,2021-03-16,1730.9000244140625,0.008154231347732521,2021-03-17,2021-03-17,1727.0999755859375,0.005940911542217542,2021-03-18,2021-03-18,1732.5,0.009086129281908217,2021-03-19,2021-03-19,1741.699951171875,0.014444595727859166,0.007164032024526312,0.0009831559624065012,-0.0021954178603766916,0.0031266426323874885,0.005310217126623273,0.007228776516867708,-0.00963310533402062,-3.6427338480098044,-14475.0,-3.080202824422024,0.5625310235877841,3.7116481327946858,14323.0,1.7764756550950445,-1.9351724776996235,0.06891428478487249,-152.0,-0.0677618477488835,-0.13667613253376487,-0.06891428478487249,152.0,0.0677618477488835,0.13667613253375777,0.008154231347732521,0.004776021349684356,-0.01922068817679823,0.015201802792707664,0.103384004587324,0.047527505635504674,0.19011009364127363,100.0,100 troy oz,171690.00244140625,43753308532.16553,13679572634.521484,30073735897.644043,-2485212785.3393555,-13090332546.142578,17968388895.507812,53659306603.02734,-35690917707.51953,2459115904.9682617,14476042555.847168,71999060973.81592,77616242783.6914,-5617181809.875488,-26096880.37109375,1385710009.7045898,9359852173.095703,3742670363.220215,5617181809.875488,26096880.37109375,-1385710009.7045898
2021-03-16,GOLD - COMMODITY EXCHANGE INC.,476467,256237,76041,180196,37.819198391494055,53.778540801356655,15.959342409862593,54258,11.387567239703904,115396,324871,-209475,-43.96421997745909,24.219095970969658,68.18331594842874,425891,455170,-29279,-6.14502158596503,89.38520401203021,95.53022559799524,50576,21297,29279,6.14502158596503,10.614795987969785,4.469774402004756,1730.9000244140625,2021-03-22,2021-03-22,1738.0999755859375,0.004159657444289699,2021-03-23,2021-03-23,1725.0999755859375,-0.0033508860975887123,2021-03-24,2021-03-24,1733.199951171875,0.0013287461582831561,2021-03-25,2021-03-25,1725.0999755859375,-0.0033508860975887123,2021-03-26,2021-03-26,1732.300048828125,0.0008088418708853684,0.004159657444289699,-0.007479431668260372,0.004695365892163128,-0.00467342246372715,0.004173713607376284,-0.003336935066613367,0.008154231347732521,0.8549190834123195,5033.0,0.0004028693034143771,-0.8545162141089087,-0.09574100322348755,-1595.0,2.1337605104751347,2.229501513698608,0.759178080188839,3438.0,0.8896007782387443,0.13042269804989814,-0.759178080188839,-3438.0,-0.889600778238739,-0.1304226980499008,-0.0033508860975887123,-0.027153503574482984,0.006990568730296021,0.009648131571046825,0.07250563188505565,0.04402331162810502,0.11485350046436649,100.0,100 troy oz,173090.00244140625,44352062955.57861,13161936875.646973,31190126079.93164,871161982.2875977,-9480658703.723145,19973893921.728516,56231922183.14209,-36258028261.413574,-276078553.89404297,11355223430.163574,73717474229.77295,78785376411.25488,-5067902181.481934,595083428.3935547,1874564726.4404297,8754199963.476562,3686297781.994629,5067902181.481934,-595083428.3935547,-1874564726.4404297
2021-03-23,GOLD - COMMODITY EXCHANGE INC.,485457,262774,88707,174067,35.85631683135684,54.12920196845447,18.27288513709762,55845,11.503593521156354,116781,318584,-201803,-41.56969618318409,24.055889605052556,65.62558578823665,435400,463136,-27736,-5.713379351827248,89.68868509466338,95.40206444649063,50057,22321,27736,5.713379351827248,10.311314905336621,4.597935553509374,1725.0999755859375,2021-03-29,2021-03-29,1712.199951171875,-0.007477841630413873,2021-03-30,2021-03-30,1683.9000244140625,-0.02388264550167951,2021-03-31,2021-03-31,1713.800048828125,-0.006550302543465336,2021-04-01,2021-04-01,1728.4000244140625,0.0019129609152095384,2021-04-02,2021-04-05,1728.800048828125,0.002144845686946839,-0.007477841630413873,-0.01652840063360783,0.017756413077116395,0.008519065917824475,0.0002314420321753996,0.009695186385730414,-0.0033508860975887123,-1.9628815601372125,-6129.0,0.3506611670978117,2.3135427272350277,2.3945237942749955,7672.0,-0.1632063659171017,-2.5577301601920936,0.43164223413778213,1543.0,0.3034810826331693,-0.1281611515046137,-0.43164223413778213,-1543.0,-0.303481082633164,0.12816115150461815,-0.02388264550167951,0.010376224373884524,0.013042722345618207,0.030896788349916493,0.03031711180122243,0.03078081058339932,0.11384848831578842,100.0,100 troy oz,172509.99755859375,45331142098.461914,15302844353.430176,30028297745.03174,-1057313775.0366211,-7187801558.276367,20145890024.890137,54958925062.20703,-34813035037.316895,1323496701.2695312,8612734138.110352,75110852937.01172,79895590229.29688,-4784737292.285156,266182926.23291016,1424932579.8339844,8635332947.790527,3850595655.505371,4784737292.285156,-266182926.23291016,-1424932579.8339844
2021-03-30,GOLD - COMMODITY EXCHANGE INC.,467321,263453,95925,167528,35.848592295231754,56.37516824623759,20.52657595100584,42816,9.162010695004076,112072,305798,-193726,-41.45458902981034,23.981802658130064,65.43639168794041,418341,444539,-26198,-5.6059967345785875,89.51898159937174,95.12497833395032,48980,22782,26198,5.6059967345785875,10.481018400628262,4.875021666049674,1683.9000244140625,2021-04-05,2021-04-05,1728.800048828125,0.026664305340625027,2021-04-06,2021-04-06,1743.0,0.035097081019701326,2021-04-07,2021-04-07,1741.5999755859375,0.03426566324325142,2021-04-08,2021-04-08,1758.199951171875,0.044123716183011696,2021-04-09,2021-04-09,1744.800048828125,0.03616605708836751,0.026664305340625027,0.008213761436147937,-0.0008032268583261226,0.00953145143468026,-0.007621375677333342,0.009254974287423057,-0.02388264550167951,-0.007724536125088832,-6539.0,2.2459662777831255,2.253690813908218,0.11510715337374933,8077.0,-0.07408694692249185,-0.18919410029623407,0.1073826172486605,1538.0,-0.16970349529164253,-0.277086112540303,-0.1073826172486605,-1538.0,0.16970349529164075,0.27708611254030036,0.035097081019701326,0.03782882014865474,0.05611972126010434,0.056357279552320394,0.04733057189639722,0.03183085385641493,0.13557807675503342,100.0,100 troy oz,168390.00244140625,44362851313.1958,16152810984.191895,28210040329.003906,-1101102225.9643555,-3723102953.979492,18871804353.61328,51493325966.57715,-32621521612.963867,1360086049.7192383,4795242099.523926,70444442011.34033,74855923295.3003,-4411481283.959961,258983823.7548828,1072139145.5444336,8247742319.580078,3836261035.620117,4411481283.959961,-258983823.7548828,-1072139145.5444336
2021-04-06,GOLD - COMMODITY EXCHANGE INC.,463353,275703,86194,189509,40.89948700019208,59.501718991783804,18.602231991591726,43153,9.313201813735963,98196,312995,-214799,-46.357528709213064,21.192481757968544,67.55001046718161,417052,442342,-25290,-5.458041709020984,90.00740256348831,95.46544427250929,46301,21011,25290,5.458041709020984,9.992597436511689,4.534555727490703,1743.0,2021-04-12,2021-04-12,1732.699951171875,-0.005909379706325324,2021-04-13,2021-04-13,1747.5999755859375,0.002639113933412318,2021-04-14,2021-04-14,1736.300048828125,-0.0038439192036001657,2021-04-15,2021-04-15,1766.800048828125,0.013654646487736732,2021-04-16,2021-04-16,1780.199951171875,0.021342484894936842,-0.005909379706325324,0.00859931022909377,-0.006465968708899705,0.01756608831554507,0.007584277775313453,0.027413863530078908,0.035097081019701326,5.050894704960328,21981.0,3.1265507455462114,-1.924343959414113,-4.902939679402721,-21073.0,-2.7893209001615205,2.113618779241193,0.14795502555760365,908.0,0.4884209641165711,0.3404659385589639,-0.14795502555760365,-908.0,-0.4884209641165729,-0.340465938558971,0.002639113933412318,0.02030982467817699,0.020539328071213392,0.018932874354561147,0.029374613408993167,0.010269664035606807,0.10585197934595536,100.0,100 troy oz,174300.0,48055032900.0,15023614200.0,33031418700.0,3831288300.0,2500507800.0,17115562800.0,54555028500.0,-37439465700.0,-3673023900.0,-1205981700.0,72692163600.0,77100210600.0,-4408047000.0,158264400.0,1294526100.0,8070264300.0,3662217300.0,4408047000.0,-158264400.0,-1294526100.0
2021-04-13,GOLD - COMMODITY EXCHANGE INC.,460733,269513,88639,180874,39.257878207117784,58.49656959670786,19.238691389590066,42820,9.29388604679934,100227,309015,-208788,-45.316484818756194,21.753814031119976,67.07029884987618,412560,440474,-27914,-6.058606611638411,89.54426967462717,95.60287628626558,48173,20259,27914,6.058606611638411,10.45573032537283,4.397123713734419,1747.5999755859375,2021-04-19,2021-04-19,1770.5999755859375,0.013160906569759101,2021-04-20,2021-04-20,1778.4000244140625,0.01762419847699892,2021-04-21,2021-04-21,1793.0999755859375,0.026035706474958342,2021-04-22,2021-04-22,1782.0,0.019684152491778795,2021-04-23,2021-04-23,1777.800048828125,0.01728088444957887,0.013160906569759101,0.004405313981518555,0.008265829380382561,-0.006190382988717769,-0.002356874956158772,0.00406645958514984,0.002639113933412318,-1.6416087930742975,-8635.0,-1.0051493950759465,0.6364593979983404,1.0410438904568693,6011.0,0.5613322731514323,-0.47971161730542633,-0.6005649026174273,-2624.0,-0.46313288886113924,0.1374320137562961,0.6005649026174273,2624.0,0.463132888861141,-0.13743201375628455,0.01762419847699892,0.017853097778698812,0.016250872517058923,0.05064087962711694,0.03564891834427786,0.006694937860859618,0.1307507457039121,100.0,100 troy oz,174759.99755859375,47100091222.00928,15490551423.596191,31609539798.413086,-1509052578.918457,118487278.34472656,17515670275.305176,54003460645.56885,-36487790370.26367,1050482345.324707,120060118.3227539,72098984592.77344,76977235164.62402,-4878250571.850586,-458570233.59375,238547396.66748047,8418713362.390137,3540462790.539551,4878250571.850586,458570233.59375,-238547396.66748047
2021-04-20,GOLD - COMMODITY EXCHANGE INC.,471738,275985,94487,181498,38.47432261127999,58.503872912506516,20.02955030122653,44475,9.427902776541215,100905,314098,-213193,-45.19309447193145,21.390051257265686,66.58314572919714,421365,453060,-31695,-6.718771860651464,89.32182694631342,96.04059880696488,50373,18678,31695,6.718771860651464,10.678173053686582,3.959401193035117,1778.4000244140625,2021-04-26,2021-04-26,1780.0999755859375,0.000955887960266466,2021-04-27,2021-04-27,1778.800048828125,0.000224935002570259,2021-04-28,2021-04-28,1773.9000244140625,-0.0025303643377325713,2021-04-29,2021-04-29,1768.300048828125,-0.005679248452138963,2021-04-30,2021-04-30,1767.699951171875,-0.006016685276257205,0.000955887960266466,-0.0007302549158142435,-0.0027546797164136327,-0.0031568721511163744,-0.0003393641574842565,-0.006965914602622747,0.01762419847699892,-0.7835555958377967,624.0,0.007303315798658616,0.7908589116364624,0.12339034682474193,-4405.0,-0.36376277385429034,-0.4871531206790394,-0.660165249013053,-3781.0,-0.22244272831375156,0.43772252069929607,0.660165249013053,3781.0,0.22244272831375156,-0.43772252069930184,0.000224935002570259,-0.0013495413748958462,0.03244486638538224,0.05038235175208028,0.018556005143371967,-0.0044422088987911,0.10155194169289361,100.0,100 troy oz,177840.00244140625,49081173073.791504,16803568310.681152,32277604763.11035,110972161.5234375,1321529058.1420898,17944945446.350098,55859189086.84082,-37914243640.49072,-783385210.7543945,-2025597627.8076172,74935552628.72314,80572191506.10352,-5636638877.380371,-672413049.230957,-704068569.6655273,8958334442.980957,3321695565.600586,5636638877.380371,672413049.230957,704068569.6655273
2021-04-27,GOLD - COMMODITY EXCHANGE INC.,473305,270717,100098,170619,36.04842543391682,57.19715616779878,21.14873073388196,44657,9.435142244430123,103732,310909,-207177,-43.77240891180106,21.916523172161714,65.68893208396277,419106,455664,-36558,-7.72398347788424,88.54882158439061,96.27280506227486,54199,17641,36558,7.72398347788424,11.451178415609386,3.727194937725146,1778.800048828125,2021-05-03,2021-05-03,1791.800048828125,0.007308297528192842,2021-05-04,2021-05-04,1776.0,-0.0015741223022619488,2021-05-05,2021-05-05,1784.300048828125,0.0030919720311586296,2021-05-06,2021-05-06,1815.699951171875,0.020744266545337453,2021-05-07,2021-05-07,1831.300048828125,0.029514278479240597,0.007308297528192842,-0.008817975442325987,0.0046734509167369875,0.017597882354132288,0.008591781723726655,0.02204487047861936,0.000224935002570259,-2.4258971773631686,-10879.0,-1.3067167447077352,1.1191804326554298,1.4206855601303943,6016.0,0.5264719148960282,-0.8942136452343732,-1.005211617232776,-4863.0,-0.773005361922813,0.23220625530997552,1.005211617232776,4863.0,0.7730053619228041,-0.23220625530997108,-0.0015741223022619488,0.03221268562228885,0.05014613712802629,0.0670114391161638,0.011805711391696283,0.008207766575875741,0.0704407034620671,100.0,100 troy oz,177880.0048828125,48155141281.86035,17805432728.759766,30349708553.100586,-1935156573.1201172,549827095.0927734,18451848666.503906,55304494438.11035,-36852645771.606445,1070126109.375,-2392663945.678711,74550577326.41602,81053514544.92188,-6502937218.505859,-865030463.7451172,-1842836850.5859375,9640918384.643555,3137981166.1376953,6502937218.505859,865030463.7451172,1842836850.5859375
2021-05-04,GOLD - COMMODITY EXCHANGE INC.,470341,270194,99453,170741,36.3015344186452,57.44640590550261,21.144871486857408,45060,9.580283241307901,103961,305884,-201923,-42.93119247524668,22.103325034389943,65.03451750963663,419215,450397,-31182,-6.629658056601487,89.13001418120045,95.75967223780194,51126,19944,31182,6.629658056601487,10.869985818799552,4.240327762198065,1776.0,2021-05-10,2021-05-10,1837.5999755859373,0.03468467093802774,2021-05-11,2021-05-11,1836.0999755859373,0.03384007634343322,2021-05-12,2021-05-12,1822.800048828125,0.026351378844664985,2021-05-13,2021-05-13,1824.0,0.027027027027026973,2021-05-14,2021-05-14,1838.0999755859373,0.03496620246955917,0.03468467093802774,-0.0008162821179411583,-0.007243574388463236,0.0006583010422049895,0.0077302497729918596,0.00027209403931371945,-0.0015741223022619488,0.25310898472837806,122.0,0.24924973770382763,-0.0038592470245504273,0.841216436554376,5254.0,0.18680186222822925,-0.6544145743261396,1.0943254212827531,5376.0,0.5811925968098421,-0.513132824472919,-1.0943254212827531,-5376.0,-0.5811925968098333,0.5131328244729194,0.03384007634343322,0.05180180180180183,0.06869369369369371,0.07263513513513509,0.021452688956045796,0.007545058791701864,0.05326575201910888,100.0,100 troy oz,177600.0,47986454400.0,17662852800.0,30323601600.0,21667200.0,-3333196800.0,18463473600.0,54324998400.0,-35861524800.0,933110400.0,2286777600.0,74452584000.0,79990507200.0,-5537923200.0,954777600.0,-1046419200.0,9079977600.0,3542054400.0,5537923200.0,-954777600.0,1046419200.0
2021-05-11,GOLD - COMMODITY EXCHANGE INC.,498693,282161,89906,192255,38.55177433811984,56.58010038239959,18.028326044279748,50381,10.102608217881542,111751,338835,-227084,-45.53583066134876,22.408776541880478,67.94460720322924,444293,479122,-34829,-6.984056323228921,89.0914851421616,96.07554146539053,54400,19571,34829,6.984056323228921,10.908514857838389,3.924458534609469,1836.0999755859373,2021-05-17,2021-05-17,1867.5999755859373,0.01715592855446113,2021-05-18,2021-05-18,1868.0,0.01737379491216573,2021-05-19,2021-05-19,1881.5,0.024726335721220627,2021-05-20,2021-05-20,1881.9000244140625,0.024944202078925226,2021-05-21,2021-05-21,1876.699951171875,0.022112072395720883,0.01715592855446113,0.00021419170019920664,0.007226980728051391,0.00021260930856370486,-0.0027632037699806267,0.004872550709411172,0.03384007634343322,2.2502399194746445,21514.0,-0.8663055231030157,-3.11654544257766,-2.604638186102079,-25161.0,0.3054515074905346,2.91008969359261,-0.3543982666274337,-3647.0,-0.03852903903884908,0.3158692275885926,0.3543982666274337,3647.0,0.03852903903883664,-0.31586922758859615,0.01737379491216573,0.033712774487842934,0.03752520305550111,0.03175211023545743,-0.05685966222005212,-0.0028865131682827005,0.0026687132940563796,100.0,100 troy oz,183609.99755859372,51807580521.13036,16507640440.502928,35299940080.62743,3950185487.4755855,2089665382.2143552,20518600837.170406,62213493522.766106,-41694892685.595695,-4619811148.571776,-3359328515.332031,81576636645.30028,87971589250.26854,-6394952604.968261,-669625661.0961913,-1269663133.1176755,9988383867.187498,3593431262.219238,6394952604.968261,669625661.0961913,1269663133.1176755
2021-05-18,GOLD - COMMODITY EXCHANGE INC.,520410,290267,91378,198889,38.21775138832844,55.77659921984589,17.558847831517458,53158,10.214638458138776,121839,354740,-232901,-44.75336753713418,23.41211736899752,68.1654849061317,465264,499276,-34012,-6.535616148805749,89.40335504698218,95.93897119578794,55146,21134,34012,6.535616148805749,10.596644953017814,4.0610288042120635,1868.0,2021-05-24,2021-05-24,1884.5,0.008832976445396046,2021-05-25,2021-05-25,1898.0,0.016059957173447437,2021-05-26,2021-05-26,1901.199951171875,0.017772993132695314,2021-05-27,2021-05-27,1895.699951171875,0.014828667650896632,2021-05-28,2021-05-28,1902.5,0.01846895074946464,0.008832976445396046,0.007163703900238794,0.0016859595215357182,-0.0028929098155140442,0.0035870913136444305,0.009551605200318392,0.01737379491216573,-0.3340229497914038,6634.0,-0.803501162553701,-0.46947821276229007,0.7824631242145799,-5817.0,1.003340827117043,0.220877702902456,0.44844017442317163,817.0,0.31186990482058263,-0.13657026960258634,-0.44844017442317163,-817.0,-0.3118699048205755,0.13657026960259433,0.016059957173447437,0.019807280513918668,0.014132775382260432,-0.006209837037439825,-0.04293359270442987,-0.007441126559990741,-0.02628478350424923,100.0,100 troy oz,186800.0,54221875600.0,17069410400.0,37152465200.0,1239231200.0,3248638800.0,22759525200.0,66265432000.0,-43505906800.0,-1086615600.0,-3681454400.0,86911315200.0,93264756800.0,-6353441600.0,152615600.0,-432815600.0,10301272800.0,3947831200.0,6353441600.0,-152615600.0,432815600.0
2021-05-25,GOLD - COMMODITY EXCHANGE INC.,510164,288266,73624,214642,42.07313726566359,56.50457499941195,14.431437733748364,51363,10.067938937282912,111024,361893,-250869,-49.174187124140474,21.762413655216754,70.93660077935724,450653,486880,-36227,-7.101049858476882,88.33492759191162,95.43597745038849,59511,23284,36227,7.101049858476882,11.66507240808838,4.564022549611497,1898.0,2021-05-31,2021-06-01,1905.0,0.0036880927291886856,2021-06-01,2021-06-01,1905.0,0.0036880927291886856,2021-06-02,2021-06-02,1909.9000244140625,0.0062697705026673045,2021-06-03,2021-06-03,1873.300048828125,-0.01301367290404376,2021-06-04,2021-06-04,1892.0,-0.0031612223393044925,0.0036880927291886856,0.0,0.0025721912934710822,-0.01916329395155958,0.009982357702693179,-0.006824146981627255,0.016059957173447437,3.855385877335152,15753.0,0.7279757795660586,-3.1274100977690935,-4.420819587006292,-17968.0,-1.6497037137807666,2.77111587322554,-0.565433709671133,-2215.0,-1.0684274550705624,-0.5029937453994506,0.565433709671133,2215.0,1.068427455070566,0.5029937453994338,0.0036880927291886856,-0.0018967205405361343,-0.021917795356131475,-0.0635405561569744,-0.04715489989462596,-0.060168572798669606,-0.017175961847174626,100.0,100 troy oz,189800.0,54712886800.0,13973835200.0,40739051600.0,2989919400.0,8355565400.0,21072355200.0,68687291400.0,-47614936200.0,-3410326400.0,-8292741600.0,85533939400.0,92409824000.0,-6875884600.0,-420407000.0,62823800.0,11295187800.0,4419303200.0,6875884600.0,420407000.0,-62823800.0
2021-06-01,GOLD - COMMODITY EXCHANGE INC.,489198,288826,75125,213701,43.68394801287005,59.0407156202601,15.356767607390054,44080,9.010666437720515,102986,351161,-248175,-50.73099235892216,21.052007571576333,71.78299993049849,435892,470366,-34474,-7.04704434605211,89.10338962955694,96.15043397560906,53306,18832,34474,7.04704434605211,10.896610370443053,3.849566024390942,1905.0,2021-06-07,2021-06-07,1898.800048828125,-0.0032545675442913202,2021-06-08,2021-06-08,1894.4000244140625,-0.005564291646161457,2021-06-09,2021-06-09,1895.5,-0.004986876640419968,2021-06-10,2021-06-10,1896.4000244140625,-0.0045144228797572294,2021-06-11,2021-06-11,1879.5999755859373,-0.0133333461491143,-0.0032545675442913202,-0.0023172657999340762,0.0005806458888100163,0.0004748216375956016,-0.008858916163173913,-0.010111687775675726,0.0036880927291886856,1.6108107472064574,-941.0,2.536140620848151,0.9253298736416902,-1.5568052347816845,2694.0,-0.7104060836404216,0.8463991511412559,0.05400551242477203,1753.0,0.7684620376453211,0.7144565252205695,-0.05400551242477203,-1753.0,-0.7684620376453264,-0.7144565252205552,-0.005564291646161457,-0.02551179820784122,-0.06698161448080708,-0.0742257346005577,-0.0456168107160434,-0.06897639076853679,-0.03270343770505246,100.0,100 troy oz,190500.0,55021353000.0,14311312500.0,40710040500.0,-179260500.0,8183880000.0,19618833000.0,66896170500.0,-47277337500.0,513207000.0,-8811006000.0,83037426000.0,89604723000.0,-6567297000.0,333946500.0,-627126000.0,10154793000.0,3587496000.0,6567297000.0,-333946500.0,627126000.0
2021-06-08,GOLD - COMMODITY EXCHANGE INC.,491858,288781,79394,209387,42.57061997568404,58.71227061468961,16.14165063900557,45752,9.30187167841125,103496,348302,-244806,-49.771682070841585,21.041845410667307,70.81352748150888,438029,473448,-35419,-7.201062095157545,89.05598770376815,96.2570497989257,53829,18410,35419,7.201062095157545,10.94401229623184,3.7429502010742937,1894.4000244140625,2021-06-14,2021-06-14,1865.9000244140625,-0.01504434102233243,2021-06-15,2021-06-15,1856.4000244140625,-0.020059121363109833,2021-06-16,2021-06-16,1861.4000244140625,-0.01741976328901651,2021-06-17,2021-06-17,1774.800048828125,-0.0631334322448237,2021-06-18,2021-06-18,1769.0,-0.06619511338575323,-0.01504434102233243,-0.00509137674886051,0.0026933850109047697,-0.046524107902705,-0.0032680012782029255,-0.05193205592271288,-0.005564291646161457,-1.1133280371860081,-4314.0,-0.3284450055704937,0.7848830316155144,0.9593102880805731,3369.0,-0.010162160909025886,-0.969472448989606,-0.1540177491054351,-945.0,-0.04740192578879032,0.10661582331664476,0.1540177491054351,945.0,0.04740192578878677,-0.10661582331664832,-0.020059121363109833,-0.06176097893378574,-0.06904563299326472,-0.05289277446730367,-0.050622900748602095,-0.057907554808081074,-0.02232899508181152,100.0,100 troy oz,189440.00244140625,54706673345.03174,15040399553.833008,39666273791.19873,-817244170.5322266,3245486121.826172,19606282492.67578,65982331730.34668,-46376049237.6709,638223368.2250977,-3357255723.2666016,82980214829.40674,89689990275.8789,-6709775446.472168,-179020802.3071289,-111769601.44042969,10197365891.418457,3487590444.946289,6709775446.472168,179020802.3071289,111769601.44042969
2021-06-15,GOLD - COMMODITY EXCHANGE INC.,480127,273947,81911,192036,39.996917482249486,57.057195283747845,17.06027780149835,43537,9.067809142164469,106323,337549,-231226,-48.1593411743143,22.14476586403181,70.3041070383461,423807,462997,-39190,-8.162423692064808,88.26977028994412,96.43219398200893,56320,17130,39190,8.162423692064808,11.73022971005588,3.567806017991073,1856.4000244140625,2021-06-21,2021-06-21,1782.9000244140625,-0.039592759660299404,2021-06-22,2021-06-22,1777.4000244140625,-0.04255548317229463,2021-06-23,2021-06-23,1783.4000244140625,-0.03932342115920895,2021-06-24,2021-06-24,1776.699951171875,-0.042932596527703315,2021-06-25,2021-06-25,1777.800048828125,-0.04233999922012821,-0.039592759660299404,-0.003084861699863106,0.0033757172935664492,-0.0037569099195167155,0.0006191803267199258,-0.0028604944282355493,-0.020059121363109833,-2.5737024934345527,-17351.0,-1.655075330941763,0.9186271624927826,1.6123408965272858,13580.0,1.1029204533645043,-0.5094204431627816,-0.9613615969072624,-3771.0,-0.7862174138240334,0.17514418308321922,0.9613615969072624,3771.0,0.7862174138240405,-0.17514418308322055,-0.04255548317229463,-0.04998925210497973,-0.03350574898953673,-0.02504848060141396,-0.026556802510108724,-0.045302722732123435,-0.023109256544856516,100.0,100 troy oz,185640.00244140625,50855521748.81592,15205958239.978027,35649563508.83789,-3221039682.36084,-1272190936.730957,19737801979.577637,62662597184.09424,-42924795204.5166,2520991233.154297,310947004.08935547,78675532514.68506,85950764210.36377,-7275231695.678711,-700048449.206543,-961243932.6416016,10455244937.5,3180013241.821289,7275231695.678711,700048449.206543,961243932.6416016
2021-06-22,GOLD - COMMODITY EXCHANGE INC.,453940,253153,86939,166214,36.61585231528396,55.767942899942724,19.152090584658765,41805,9.209366876679738,105830,308212,-202382,-44.58342512226285,23.31365378684408,67.89707890910694,400788,436956,-36168,-7.967572806978895,88.29096356346653,96.25853637044544,53152,16984,36168,7.967572806978895,11.709036436533463,3.7414636295545667,1777.4000244140625,2021-06-28,2021-06-28,1780.699951171875,0.0018566033039750796,2021-06-29,2021-06-29,1763.5999755859375,-0.007764177246860515,2021-06-30,2021-06-30,1771.5999755859375,-0.00326322085543862,2021-07-01,2021-07-01,1776.800048828125,-0.0003375579935278594,2021-07-02,2021-07-02,1783.300048828125,0.0033194690745024236,0.0018566033039750796,-0.009602951679020366,0.0045361760664246464,0.0029352412022176644,0.0036582619435918673,0.0014601548422230604,-0.04255548317229463,-3.381065166965527,-25822.0,-1.2892523838051204,2.091812783160414,3.575916052051447,28844.0,1.1688879228122673,-2.4070281292391655,0.19485088508591275,3022.0,0.021193273522413847,-0.1736576115634847,-0.19485088508591275,-3022.0,-0.0211932735224174,0.17365761156349357,-0.007764177246860515,0.009451967214499701,0.018285135340151637,0.01912906466354336,0.0004500544316556887,0.006357559695397086,0.03454485403999219,100.0,100 troy oz,177740.00244140625,44995414838.04932,15452538072.253418,29542876765.7959,-4589602343.041992,-8607592838.232422,18810224458.374023,54781601632.4707,-35971377174.09668,5126732630.419922,8618079498.376465,71236060098.48633,77664560506.78711,-6428500408.300781,537130287.3779297,10486660.144042969,9447236609.765625,3018736201.4648438,6428500408.300781,-537130287.3779297,-10486660.144042969
2021-06-29,GOLD - COMMODITY EXCHANGE INC.,453360,254206,91980,162226,35.78304217398976,56.07155461443445,20.28851244044468,40708,8.979177695429682,107398,302518,-195120,-43.03864478560085,23.68934180342333,66.72798658902418,402312,435206,-32894,-7.255602611611081,88.74007411328745,95.99567672489854,51048,18154,32894,7.255602611611081,11.259925886712546,4.004323275101465,1763.5999755859375,2021-07-05,2021-07-06,1794.199951171875,0.017350859610763436,2021-07-06,2021-07-06,1794.199951171875,0.017350859610763436,2021-07-07,2021-07-07,1802.0999755859373,0.021830347319668375,2021-07-08,2021-07-08,1800.199951171875,0.020752991660581976,2021-07-09,2021-07-09,1810.5999755859373,0.026650034390244492,0.017350859610763436,0.0,0.0044030903071323735,-0.0010543390709744083,0.00577714959235065,0.009140577895652369,-0.007764177246860515,-0.8328101412941962,-3988.0,0.30361171449172275,1.1364218557859154,1.5447803366620008,7262.0,0.3756880165792502,-1.169092320082754,0.7119701953678135,3274.0,0.44911054982091514,-0.26285964554689656,-0.7119701953678135,-3274.0,-0.4491105498209169,0.2628596455468979,0.017350859610763436,0.02625314667105405,0.027103679683508686,0.020526238230503813,-0.014799260573399642,0.026820168679357215,0.032660453834946646,100.0,100 troy oz,176359.99755859375,44831769539.37988,16221592575.439453,28610176963.94043,-703323670.2636719,-9078130874.328613,18940711017.79785,53352073741.430664,-34411362723.63281,1280726302.2705078,9356779670.471191,70951743337.79297,76752929097.48535,-5801185759.692383,577402632.0068359,278648796.1425781,9002825155.371094,3201639395.678711,5801185759.692383,-577402632.0068359,-278648796.1425781
2021-07-06,GOLD - COMMODITY EXCHANGE INC.,465811,270545,87724,182821,39.24789238553834,58.08042317592328,18.83253079038494,37663,8.085468140511924,107675,322401,-214726,-46.097236862160834,23.115598386470047,69.21283524863088,415883,447788,-31905,-6.849344476622493,89.28148970290526,96.13083417952775,49928,18023,31905,6.849344476622493,10.718510297094744,3.869165820472251,1794.199951171875,2021-07-12,2021-07-12,1805.9000244140625,0.006521053149369349,2021-07-13,2021-07-13,1809.9000244140625,0.00875045907337868,2021-07-14,2021-07-14,1825.0,0.017166452829300294,2021-07-15,2021-07-15,1829.0,0.019395858753309847,2021-07-16,2021-07-16,1815.0,0.011592938019276744,0.006521053149369349,0.002214962038830315,0.00834298877410422,0.0021917808219178436,-0.007654455986878084,0.00503902511928378,0.017350859610763436,3.4648502115485798,20595.0,2.008868561488832,-1.4559816500597407,-3.0585920765599823,-19606.0,-0.5737434169532811,2.4848486596066977,0.40625813498858854,989.0,0.541415589617813,0.13515745462920847,-0.40625813498858854,-989.0,-0.5414155896178023,-0.13515745462921336,0.00875045907337868,0.009586486294882235,0.0031212227224688416,0.011091308079160589,-0.018559763495736847,0.011369983819661922,-0.016887709052729738,100.0,100 troy oz,179419.9951171875,48541182578.97949,15739439651.660156,32801742927.319336,3695154799.4384766,-4766471590.283203,19319047974.243164,57845185845.77637,-38526137871.5332,-3517708424.267578,5396953453.125,74617725829.32129,80342120773.53516,-5724394944.213867,177446375.17089844,630481862.8417969,8958081516.210938,3233686571.9970703,5724394944.213867,-177446375.17089844,-630481862.8417969
2021-07-13,GOLD - COMMODITY EXCHANGE INC.,495798,275543,84707,190836,38.49067563806228,55.575657828389794,17.084982190327512,57737,11.645266822375241,112439,333467,-221028,-44.58025244151852,22.67838918269134,67.25864162420986,445719,475911,-30192,-6.089576803456246,89.89931383345636,95.98889063691261,50079,19887,30192,6.089576803456246,10.100686166543632,4.011109363087386,1809.9000244140625,2021-07-19,2021-07-19,1809.199951171875,-0.0003868021618564921,2021-07-20,2021-07-20,1811.4000244140625,0.0008287750592663734,2021-07-21,2021-07-21,1803.4000244140625,-0.0035913585901543588,2021-07-22,2021-07-22,1805.4000244140625,-0.00248632517779912,2021-07-23,2021-07-23,1801.800048828125,-0.004475371830861108,-0.0003868021618564921,0.0012160475909599455,-0.004416473386428144,0.0011090162875260212,-0.0019940043963972975,-0.004090151748543214,0.00875045907337868,-0.7572167474760647,8015.0,-2.5047653475334855,-1.7475486000574278,1.5169844206423164,-6302.0,-0.437209203778707,-1.9541936244210234,0.7597676731662473,1713.0,0.6178241305510994,-0.14194354261513809,-0.7597676731662473,-1713.0,-0.6178241305511118,0.14194354261513498,0.0008287750592663734,-0.005580405243216235,0.0023205431875910065,-0.04320684689061982,-0.02795733184340876,0.004751630183949862,-0.04701915820653568,100.0,100 troy oz,180990.00244140625,49870528242.7124,15331120136.8042,34539408105.9082,1450634869.567871,-217188002.9296875,20350334884.509277,60354193144.12842,-40003858259.61914,-1140598995.3857422,1845736044.897461,80670682898.18115,86135133051.89209,-5464450153.7109375,310035874.1821289,1628548041.9677734,9063798332.263184,3599348178.552246,5464450153.7109375,-310035874.1821289,-1628548041.9677734
2021-07-20,GOLD - COMMODITY EXCHANGE INC.,490520,277312,81340,195972,39.951887792546685,56.53429014107477,16.582402348528092,40467,8.249816521242764,123541,352089,-228548,-46.593003343390684,25.18572127538123,71.77872461877192,441320,473896,-32576,-6.6411155508440025,89.96982793769877,96.61094348854277,49200,16624,32576,6.6411155508440025,10.030172062301231,3.3890565114572295,1811.4000244140625,2021-07-26,2021-07-26,1799.199951171875,-0.006735162348324386,2021-07-27,2021-07-27,1799.800048828125,-0.006403872932313703,2021-07-28,2021-07-28,1799.699951171875,-0.006459132761672648,2021-07-29,2021-07-29,1831.199951171875,0.010930731197388077,2021-07-30,2021-07-30,1812.5999755859373,0.0006624440519498176,-0.006735162348324386,0.00033353583400175246,-5.5615987073265316e-05,0.017502917627735037,-0.010157260857305395,0.0074477683291034324,0.0008287750592663734,1.4612121544844072,5136.0,0.9586323126849763,-0.5025798417994203,-2.0127509018721668,-7520.0,2.5073320926898894,4.52008299456206,-0.5515387473877569,-2384.0,0.070514104242406,0.6220528516301584,0.5515387473877569,2384.0,-0.07051410424240068,-0.6220528516301567,-0.006403872932313703,0.001490532811905032,-0.043999156546311924,-0.013028583011955863,-0.022579233666121024,0.0005520591733034763,-0.055592399185685815,100.0,100 troy oz,181140.00244140625,50232296357.03125,14733927798.583984,35498368558.447266,930335052.5390625,5390364192.651367,22378217041.61377,63777402319.592285,-41399185277.978516,-1362172818.359375,-4739709303.881836,79940705877.4414,85841522596.97266,-5900816719.53125,-431837765.8203125,650654888.7695312,8912088120.117188,3011271400.5859375,5900816719.53125,431837765.8203125,-650654888.7695312
2021-07-27,GOLD - COMMODITY EXCHANGE INC.,500187,273688,74300,199388,39.86269135343382,54.71713579121409,14.85444443778027,61921,12.37957004080474,116498,345312,-228814,-45.74569111152429,23.290889207436418,69.0365803189607,452107,481533,-29426,-5.882999758090475,90.38759503945525,96.27059479754571,48080,18654,29426,5.882999758090475,9.612404960544756,3.729405202454282,1799.800048828125,2021-08-02,2021-08-02,1822.199951171875,0.012445772716994208,2021-08-03,2021-08-03,1814.0999755859373,0.007945286348404634,2021-08-04,2021-08-04,1814.5,0.008167546823574234,2021-08-05,2021-08-05,1808.9000244140625,0.005056103644325738,2021-08-06,2021-08-06,1763.0999755859375,-0.020391194714148075,0.012445772716994208,-0.004445162881674181,0.0002205084722155526,-0.0030862362005718014,-0.025319281447276465,-0.0324333098285563,-0.006403872932313703,-0.08919643911286812,3416.0,-1.8171543498606795,-1.727957910747822,0.8473122318663968,-266.0,-1.8948320679448116,-2.7421442998112155,0.7581157927535278,3150.0,0.4177671017564819,-0.340348690997061,-0.7581157927535278,-3150.0,-0.4177671017564748,0.34034869099705256,0.007945286348404634,-0.03783759073714377,-0.006667407308835971,0.00483384316915636,-0.0035559641295874744,0.02928100330155492,-0.0456162325974524,100.0,100 troy oz,179980.0048828125,49258367576.36719,13372514362.792969,35885853213.57422,614811696.6796875,6688416941.455078,20967310608.83789,62149255446.09375,-41181944837.25586,-47874681.298828125,-6064246284.521484,81370220067.55371,86666311691.23535,-5296091623.681641,566937015.3808594,624170656.9335938,8653438634.765625,3357347011.0839844,5296091623.681641,-566937015.3808594,-624170656.9335938
2021-08-03,GOLD - COMMODITY EXCHANGE INC.,485663,273143,76808,196335,40.42618029374278,56.24126194501125,15.815081651268473,39580,8.14968404016777,121349,352633,-231284,-47.62232247463776,24.986255901726093,72.60857837636385,434072,469021,-34949,-7.196142180894983,89.37720188690513,96.57334406780011,51591,16642,34949,7.196142180894983,10.622798113094882,3.4266559321998997,1814.0999755859373,2021-08-09,2021-08-09,1726.5,-0.04828839466669599,2021-08-10,2021-08-10,1731.699951171875,-0.04542198639711015,2021-08-11,2021-08-11,1753.300048828125,-0.03351520179485945,2021-08-12,2021-08-12,1751.800048828125,-0.03434205809836366,2021-08-13,2021-08-13,1778.199951171875,-0.01978944098848079,-0.04828839466669599,0.0030118454514189708,0.01247334888566165,-0.0008555295489797166,0.015070157328406442,0.02994494710215756,0.007945286348404634,0.5634889403089645,-3053.0,1.5241261537971624,0.9606372134882033,-1.876631363113475,-2470.0,1.6953666942896746,3.5719980574031496,-1.3131424228045079,-5523.0,-1.0103931525501224,0.30274927025439524,1.3131424228045079,5523.0,1.010393152550126,-0.30274927025438236,-0.04542198639711015,-0.014497506814263428,-0.003086916741801171,0.002204950142677742,-0.013615540215139998,-0.00694557949148733,-0.013450209328282114,100.0,100 troy oz,181409.99755859372,49550870963.146965,13933739092.480467,35617131870.6665,-553844722.5463866,2451574707.0068355,22013921793.73779,63971151669.07958,-41957229875.34179,-448082693.9697265,-3003786739.575195,78745000460.25389,85085098464.92918,-6340098004.675292,-1001927416.5161132,-552212032.5683593,9359123184.045408,3019025179.3701167,6340098004.675292,1001927416.5161132,552212032.5683593
2021-08-10,GOLD - COMMODITY EXCHANGE INC.,477232,277260,108854,168406,35.288077915982164,58.097529084386636,22.809451168404465,27767,5.818344117745667,124720,320361,-195641,-40.99494585442719,26.13403962852449,67.12898548295169,429747,456982,-27235,-5.706867938445033,90.04991283065678,95.75678076910182,47485,20250,27235,5.706867938445033,9.950087169343211,4.2432192308981795,1731.699951171875,2021-08-16,2021-08-16,1789.800048828125,0.033550903328797066,2021-08-17,2021-08-17,1787.800048828125,0.03239596883876206,2021-08-18,2021-08-18,1784.4000244140625,0.030432566107381653,2021-08-19,2021-08-19,1783.0999755859375,0.029681830492216177,2021-08-20,2021-08-20,1784.0,0.030201565111053208,0.033550903328797066,-0.0011174432592676586,-0.001901792326435614,-0.000728563556566808,0.0005047526366359634,-0.003240612733205972,-0.04542198639711015,-5.138102377760617,-27929.0,1.8562671393753831,6.994369517135992,6.627376620210569,35643.0,1.147783726798398,-5.4795928934121605,1.4892742424499499,7714.0,0.6727109437516532,-0.8165632986982843,-1.4892742424499499,-7714.0,-0.672710943751671,0.8165632986982798,0.03239596883876206,0.04434951261397968,0.04989318406782517,0.038574840163805524,0.05722706037451064,0.05555239126563882,0.04654391634168853,100.0,100 troy oz,173169.9951171875,48013112846.19141,18850246648.48633,29162866197.70508,-4836464793.62793,-3884202990.4785156,21597761791.015625,55476912805.737305,-33879151014.72168,6172298135.961914,4396266666.040039,74419285891.62598,79135570708.64258,-4716284817.016602,1335833342.3339844,512063675.56152344,8222977218.139648,3506692401.123047,4716284817.016602,-1335833342.3339844,-512063675.56152344
2021-08-17,GOLD - COMMODITY EXCHANGE INC.,485485,284437,92895,191542,39.45374213415451,58.58821590780353,19.13447377364903,33432,6.886309566721938,123301,337301,-214000,-44.079631708497686,25.397489108829312,69.477120817327,441170,463628,-22458,-4.625889574343183,90.87201458335478,95.49790415769797,44315,21857,22458,4.625889574343183,9.127985416645211,4.502095842302028,1787.800048828125,2021-08-23,2021-08-23,1806.300048828125,0.010347913354251448,2021-08-24,2021-08-24,1808.5,0.011578448711556666,2021-08-25,2021-08-25,1791.0,0.0017898820251025516,2021-08-26,2021-08-26,1795.199951171875,0.004139110718002659,2021-08-27,2021-08-27,1819.5,0.01773126205732778,0.010347913354251448,0.0012179322993997044,-0.0096765275089854,0.0023450313634143516,0.013536123824124724,0.007307728957012927,0.03239596883876206,4.165664218172346,23136.0,0.49068682341689396,-3.674977394755434,-3.084685854070493,-18359.0,-0.7365505196951787,2.348135334375314,1.08097836410185,4777.0,0.8221017526980035,-0.2588766114038492,-1.08097836410185,-4777.0,-0.8221017526979999,0.2588766114038483,0.011578448711556666,0.016948163066486943,0.005984982033582886,0.01079534972071583,0.037084643107192505,0.03825925745364267,0.0010627040451169911,100.0,100 troy oz,178780.0048828125,50851648248.85254,16607768553.588867,34243879695.26367,4136254192.96875,-791995421.6308594,22043753382.055664,60302674426.97754,-38258921044.921875,-3282222109.6435547,2600891511.0351562,78872374754.15039,82887416103.8086,-4015041349.658203,854032083.3251953,1808896089.4042969,7922635916.381836,3907594566.723633,4015041349.658203,-854032083.3251953,-1808896089.4042969
2021-08-24,GOLD - COMMODITY EXCHANGE INC.,504735,299084,88431,210653,41.73536608319217,59.25564900393275,17.520282920740588,38033,7.535241265218382,123101,357779,-234678,-46.49528960741775,24.389233954451345,70.88452356186909,460218,484243,-24025,-4.7599235242255835,91.18012422360249,95.94004774782807,44517,20492,24025,4.7599235242255835,8.819875776397515,4.059952252171932,1808.5,2021-08-30,2021-08-30,1812.199951171875,0.0020458673883743117,2021-08-31,2021-08-31,1818.0999755859373,0.005308253019594922,2021-09-01,2021-09-01,1816.0,0.004147083218136505,2021-09-02,2021-09-02,1811.5,0.0016588332872546907,2021-09-03,2021-09-03,1833.699951171875,0.013934172613699225,0.0020458673883743117,0.003255724849924535,-0.001155038564510491,-0.0024779735682819437,0.012255010307411052,0.011864032987141782,0.011578448711556666,2.281623949037659,19111.0,0.6674330961292227,-1.6141908529084432,-2.4156578989200668,-20678.0,-1.0082551543779665,1.4074027445420825,-0.1340339498824008,-1567.0,0.30810964024770726,0.44214359013010096,0.1340339498824008,1567.0,-0.3081096402476966,-0.44214359013009563,0.005308253019594922,-0.005529444290848784,-0.0007741357003387961,-0.016754243200511443,-0.013657700399156814,0.054686217536114246,-0.02615429849495443,100.0,100 troy oz,180850.0,54089341400.0,15992746350.0,38096595050.0,3456224350.0,2037275250.0,22262815850.0,64704332150.0,-42441516300.0,-3739616300.0,-1060504400.0,83230425300.0,87575346550.0,-4344921250.0,-283391950.0,976770850.0,8050899450.0,3705978200.0,4344921250.0,283391950.0,-976770850.0
2021-08-31,GOLD - COMMODITY EXCHANGE INC.,507113,311004,94454,216550,42.70251403533335,61.32834299258745,18.625828957254104,32699,6.448069759599931,119896,360408,-240512,-47.427693630413735,23.642856720297054,71.07055035071079,463599,487561,-23962,-4.7251795950803865,91.41926947248443,96.14444906756482,43514,19552,23962,4.7251795950803865,8.580730527515563,3.855550932435177,1818.0999755859373,2021-09-06,2021-09-07,1798.5,-0.01078047183825559,2021-09-07,2021-09-07,1798.5,-0.01078047183825559,2021-09-08,2021-09-08,1793.5,-0.013530595630754094,2021-09-09,2021-09-09,1800.0,-0.009955434700505972,2021-09-10,2021-09-10,1792.0999755859375,-0.0143006437209926,-0.01078047183825559,0.0,-0.0027800945232138163,0.003624198494563746,-0.004388902452256982,-0.0035585345643939226,0.005308253019594922,0.9671479521411825,5897.0,2.0726939886546987,1.1055460365135161,-0.932404022995982,-5834.0,-0.7463772341542914,0.18602678884170132,0.03474392914519697,63.0,0.23914524888193966,0.20440131973674625,-0.03474392914519697,-63.0,-0.2391452488819521,-0.20440131973675513,-0.01078047183825559,-0.006050272343496865,-0.02194600129247748,-0.04433198210673839,-0.024476101753237334,0.06913815242843135,-0.044991984960260356,100.0,100 troy oz,181809.99755859372,56543636480.71288,17172681509.399412,39370954971.31347,1072133555.6030272,3675289100.646972,21798291467.285152,65525777600.09765,-43727486132.81249,-1060679525.7568358,-1677742657.470703,84286933058.16649,88643464219.66551,-4356531161.4990225,11454029.846191404,1997546443.1762693,7911280233.7646475,3554749072.2656245,4356531161.4990225,-11454029.846191404,-1997546443.1762693
2021-09-07,GOLD - COMMODITY EXCHANGE INC.,506772,306017,99978,206039,40.65713969990449,60.38553826967551,19.728398569771024,31635,6.242452227037011,119906,355714,-235808,-46.53137900278626,23.660738951639,70.19211795442526,457558,487327,-29769,-5.87423930288177,90.28872944835152,96.1629687512333,49214,19445,29769,5.87423930288177,9.711270551648473,3.8370312487667038,1798.5,2021-09-13,2021-09-13,1794.4000244140625,-0.0022796639343549696,2021-09-14,2021-09-14,1807.0999755859373,0.004781749005247304,2021-09-15,2021-09-15,1794.800048828125,-0.0020572427978176044,2021-09-16,2021-09-16,1756.699951171875,-0.02324161736342789,2021-09-17,2021-09-17,1751.4000244140625,-0.026188476833993612,-0.0022796639343549696,0.007077547369083392,-0.0068064450910216845,-0.021228045809964513,-0.0030169789406989667,-0.023963441492953153,-0.01078047183825559,-2.0453743354288605,-10511.0,-0.9428047229119443,1.1025696125169198,0.8963146276274756,4704.0,0.017882231341946664,-0.8784323962855325,-1.1490597078013831,-5807.0,-1.1305400241329124,0.018519683668472453,1.1490597078013831,5807.0,1.1305400241329107,-0.01851968366847334,0.004781749005247304,-0.011287210913608514,-0.033917153183208204,-0.02090629723988746,-0.007673088033430586,0.13611345500590777,-0.04759520466273981,100.0,100 troy oz,179850.0,55037157450.0,17981043300.0,37056114150.0,-1890403350.0,6768295050.0,21565094100.0,63975162900.0,-42410068800.0,846014400.0,-7224034950.0,82291806300.0,87645760950.0,-5353954650.0,-1044388950.0,-455739900.0,8851137900.0,3497183250.0,5353954650.0,1044388950.0,455739900.0
2021-09-14,GOLD - COMMODITY EXCHANGE INC.,506356,306988,99228,207760,41.03042128462979,60.62691071104125,19.596489426411456,33119,6.540655191209346,119152,353403,-234251,-46.26211598164138,23.531270489537008,69.79338647117838,459259,485750,-26491,-5.231694697011589,90.6988363917876,95.93053108879919,47097,20606,26491,5.231694697011589,9.301163608212404,4.069468911200815,1807.0999755859373,2021-09-20,2021-09-20,1763.800048828125,-0.023961002347848814,2021-09-21,2021-09-21,1778.199951171875,-0.015992487855959192,2021-09-22,2021-09-22,1778.800048828125,-0.015660410126803415,2021-09-23,2021-09-23,1749.800048828125,-0.031708221754157884,2021-09-24,2021-09-24,1751.699951171875,-0.03065686744647278,-0.023961002347848814,0.008164135358379898,0.00033747479064683006,-0.016303125255199502,0.0010857825412808886,-0.006860243407005973,0.004781749005247304,0.37328158472529793,1721.0,0.24137244136574054,-0.13190914335956805,0.2692630211448801,1557.0,-0.12946846210199325,-0.3987314832468769,0.6425446058701807,3278.0,0.4101069434360767,-0.23243766243410846,-0.6425446058701807,-3278.0,-0.41010694343606957,0.23243766243411113,-0.015992487855959192,-0.03851473439557218,-0.02556579702066275,-0.026451180014162468,-0.01925733342258984,0.06784349357659947,-0.04963751446169451,100.0,100 troy oz,180709.99755859372,55475800730.51757,17931491637.744137,37544309092.77343,311001905.7983398,2930754740.405273,21531957629.10156,63863455267.1997,-42331497638.09814,281365466.1987304,-3659558160.5590816,82992692768.76219,87779881314.0869,-4787188545.324706,592367371.9970702,-728803420.1538085,8510898755.017089,3723710209.6923823,4787188545.324706,-592367371.9970702,728803420.1538085
2021-09-21,GOLD - COMMODITY EXCHANGE INC.,492765,296670,109023,187647,38.08042373139326,60.20516879242641,22.12474506103315,31152,6.321877568414965,119307,331951,-212644,-43.153227197548524,24.211743934735626,67.36497113228415,447129,472126,-24997,-5.072803466155267,90.738790295577,95.81159376173225,45636,20639,24997,5.072803466155267,9.261209704423,4.188406238267734,1778.199951171875,2021-09-27,2021-09-27,1752.0,-0.014733973620125629,2021-09-28,2021-09-28,1737.5,-0.022888287194616552,2021-09-29,2021-09-29,1722.9000244140625,-0.031098823684799104,2021-09-30,2021-09-30,1757.0,-0.01192214135305969,2021-10-01,2021-10-01,1758.4000244140625,-0.011134814588631525,-0.014733973620125629,-0.008276255707762581,-0.008402863646582714,0.01979219635656726,0.0007968266443156846,0.0036529819714967715,-0.015992487855959192,-2.9499975532365283,-20113.0,-0.4217419186148348,2.5282556346216936,3.108888784092855,21607.0,0.6804734451986185,-2.428415338894226,0.15889123085632217,1494.0,0.039953903789410106,-0.11893732706693072,-0.15889123085632217,-1494.0,-0.039953903789403,0.11893732706691917,-0.022888287194616552,-0.009728898455098611,-0.010628671050909921,-0.004330194231981888,0.005904847760838328,0.08058714023340685,-0.060229433430900814,100.0,100 troy oz,177819.9951171875,52753857951.416016,19386469327.661133,33367388623.754883,-3576493561.791992,-4090926807.6660156,21215170157.44629,59027525199.14551,-37812355041.69922,3842156634.4970703,3918085772.4121094,79508476596.75293,83953443014.69727,-4444966417.944336,265663072.70507812,-172841035.25390625,8114993297.167969,3670026879.223633,4444966417.944336,-265663072.70507812,172841035.25390625
2021-09-28,GOLD - COMMODITY EXCHANGE INC.,490858,293814,125415,168399,34.30707047659405,59.85722958574578,25.550159109151732,28150,5.734856109098762,124073,314224,-190151,-38.73849463592322,25.276760285051893,64.01525492097511,446037,467789,-21752,-4.4314241593291746,90.86884597989643,95.3002701392256,44821,23069,21752,4.4314241593291746,9.131154020103574,4.6997298607744,1737.5,2021-10-04,2021-10-04,1767.5999755859375,0.017323726955935204,2021-10-05,2021-10-05,1760.9000244140625,0.013467639950539567,2021-10-06,2021-10-06,1761.800048828125,0.013985639613309342,2021-10-07,2021-10-07,1759.199951171875,0.012489180530575572,2021-10-08,2021-10-08,1757.4000244140625,0.011453251461331027,0.017323726955935204,-0.003790422756514311,0.0005111161346949,-0.0014758188126851035,-0.0010231507547584506,-0.0057705087761691365,-0.022888287194616552,-3.7733532547992112,-19248.0,-0.3479392066806355,3.425414048118583,4.414732561625307,22493.0,1.0650163503162666,-3.349716211309044,0.6413793068260922,3245.0,0.13005568431943004,-0.5113236225066515,-0.6413793068260922,-3245.0,-0.1300556843194265,0.5113236225066657,0.013467639950539567,0.01254679069244613,0.018992805755395636,0.03217267592176265,0.0422446183678058,0.10054673448741003,-0.058302186375899234,100.0,100 troy oz,173750.0,51050182500.0,21790856250.0,29259326250.0,-3344340000.0,-8366236250.0,21557683750.0,54596420000.0,-33038736250.0,3908158750.0,8750223750.0,77498928750.0,81278338750.0,-3779410000.0,563818750.0,383987500.0,7787648750.0,4008238750.0,3779410000.0,-563818750.0,-383987500.0
2021-10-05,GOLD - COMMODITY EXCHANGE INC.,483789,295939,113357,182582,37.74000649043281,61.1710890491516,23.43108255871878,29604,6.119196591902668,114229,317931,-203702,-42.10554601282791,23.611326425363124,65.71687243819103,439772,460892,-21120,-4.365539522395094,90.90161206641739,95.26715158881248,44017,22897,21120,4.365539522395094,9.098387933582616,4.732848411187522,1760.9000244140625,2021-10-11,2021-10-11,1755.699951171875,-0.002953076932302179,2021-10-12,2021-10-12,1759.300048828125,-0.0009086123935229118,2021-10-13,2021-10-13,1794.699951171875,0.01919468810789504,2021-10-14,2021-10-14,1797.9000244140625,0.021011982217622904,2021-10-15,2021-10-15,1768.300048828125,0.0042024103080609,-0.002953076932302179,0.0020505198817413195,0.02012158322130997,0.0017830686628692582,-0.016463638235715727,0.007176680530087021,0.013467639950539567,3.432936013838763,14183.0,1.3138594634058194,-2.1190765504329505,-3.3670513769046906,-13551.0,-1.6654338596887683,1.7016175172159222,0.0658846369340802,632.0,0.03276608652095092,-0.033118550413121284,-0.0658846369340802,-632.0,-0.03276608652095803,0.03311855041312217,-0.0009086123935229118,0.005451743683819732,0.018456470866830887,0.016184905221682477,0.030495741057044556,0.09461069525589538,-0.01726391276766437,100.0,100 troy oz,176090.00244140625,52111899232.507324,19961034406.75049,32150864825.756836,2497484504.626465,-4130543187.2680664,20114584888.879395,55984470566.19873,-35869885677.319336,-2386195623.083496,5653545618.383789,77439452553.66211,81158473405.22461,-3719020851.5625,111288881.54296875,1523002431.1157227,7750953637.463379,4031932785.900879,3719020851.5625,-111288881.54296875,-1523002431.1157227
2021-10-12,GOLD - COMMODITY EXCHANGE INC.,484382,298503,112964,185539,38.304272247936545,61.62553521807169,23.32126297013514,31363,6.4748483634817156,110697,318311,-207614,-42.86162574166671,22.853243927313567,65.71486966898027,440563,462638,-22075,-4.557353493730155,90.95362750886696,95.51098100259713,43819,21744,22075,4.557353493730155,9.046372491133031,4.4890189974028765,1759.300048828125,2021-10-18,2021-10-18,1765.699951171875,0.0036377548832633444,2021-10-19,2021-10-19,1770.5,0.0063661404314376835,2021-10-20,2021-10-20,1784.9000244140625,0.014551227690233759,2021-10-21,2021-10-21,1781.9000244140625,0.01284600406905656,2021-10-22,2021-10-22,1796.300048828125,0.021031091327852636,0.0036377548832633444,0.0027184963248931826,0.008133309468546956,-0.0016807664065021655,0.008081275165141566,0.017330293086286197,-0.0009086123935229118,0.5642657575037333,2957.0,0.45444616892009293,-0.10981958858364038,-0.7560797288387988,-3912.0,-0.7580824980495571,-0.0020027692107618122,-0.19181397133506106,-955.0,0.0520154424495729,0.24382941378465262,0.19181397133506106,955.0,-0.052015442449585336,-0.2438294137846455,0.0063661404314376835,0.019382694616902674,0.017109063121999668,0.040641162971390976,0.03364971837027353,0.12323078539230603,-0.041664324898388116,100.0,100 troy oz,175930.0048828125,52515634247.53418,19873757071.58203,32641877175.95215,520225024.43847656,-3909340638.5009766,19474923750.512695,56000455784.25293,-36525532033.740234,-688238179.1015625,4686247540.063477,77508250741.18652,81391905598.97461,-3883654857.788086,-168013154.66308594,776906901.5625,7709076883.959961,3825422026.171875,3883654857.788086,168013154.66308594,-776906901.5625
2021-10-19,GOLD - COMMODITY EXCHANGE INC.,485974,299882,106533,193349,39.78587331832567,61.70741644614732,21.921543127821653,32770,6.743159099046451,107128,326318,-219190,-45.10323597558717,22.04397766135637,67.14721363694353,439780,465621,-25841,-5.3173626572615,90.49455320655014,95.81191586381165,46194,20353,25841,5.3173626572615,9.505446793449854,4.188084136188356,1770.5,2021-10-25,2021-10-25,1806.800048828125,0.0205027104366704,2021-10-26,2021-10-26,1793.4000244140625,0.012934213168066977,2021-10-27,2021-10-27,1798.800048828125,0.01598421283712237,2021-10-28,2021-10-28,1802.5999755859373,0.018130457828826385,2021-10-29,2021-10-29,1783.9000244140625,0.007568497268603425,0.0205027104366704,-0.007416440143863001,0.0030110540540595476,0.0021124786828241593,-0.010373877413260457,-0.012674354546821753,0.0063661404314376835,1.4816010703891251,7810.0,0.08188122807563047,-1.3997198423134876,-2.2416102339204613,-11576.0,-0.8092662659571985,1.4323439679632628,-0.7600091635313442,-3766.0,-0.45907430231682156,0.3009348612145146,0.7600091635313442,3766.0,0.45907430231682333,-0.30093486121452084,0.012934213168066977,0.01067496436829285,0.03405820323531494,0.04721828612591761,0.02366564496699386,0.1064670996893533,-0.0647839317548009,100.0,100 troy oz,177050.0,53094108100.0,18861667650.0,34232440450.0,1382760500.0,1009539100.0,18967012400.0,57774601900.0,-38807589500.0,-2049530800.0,-1158969300.0,77863049000.0,82438198050.0,-4575149050.0,-666770300.0,-149430200.0,8178647700.0,3603498650.0,4575149050.0,666770300.0,149430200.0
2021-10-26,GOLD - COMMODITY EXCHANGE INC.,509794,313646,99086,214560,42.08758831998807,61.52406658375737,19.43647826376929,45018,8.830625703715619,103423,343077,-239654,-47.00996873246841,20.287214051165765,67.29718278363417,462087,487181,-25094,-4.922380412480335,90.64190633863875,95.56428675111907,47707,22613,25094,4.922380412480335,9.358093661361256,4.43571324888092,1793.4000244140625,2021-11-01,2021-11-01,1795.800048828125,0.0013382538091837315,2021-11-02,2021-11-02,1789.4000244140625,-0.002230400326501014,2021-11-03,2021-11-03,1763.9000244140625,-0.016449202407944785,2021-11-04,2021-11-04,1793.5,5.5746394879374606e-05,2021-11-05,2021-11-05,1816.800048828125,0.013047855523314,0.0013382538091837315,-0.0035638847533381313,-0.014250586594436898,0.01678098258191829,0.012991384905561842,0.011693952238003291,0.012934213168066977,2.3017150016624015,21211.0,-0.183349862389953,-2.485064864052365,-1.9067327568812402,-20464.0,-1.7567636101906032,0.149969146690637,0.39498224478116484,747.0,0.147353132088611,-0.2476291126925787,-0.39498224478116484,-747.0,-0.14735313208859857,0.2476291126925645,-0.002230400326501014,0.02085425666606744,0.033846297728085784,-0.005352947170319089,0.03295415121076872,0.06172630180934813,-0.07549906466534162,100.0,100 troy oz,179340.00244140625,56249274405.737305,17770083481.90918,38479190923.828125,3803980791.784668,8278513852.697754,18547881072.49756,61527430017.59033,-42979548945.09277,-3670013809.9609375,-8877868140.856934,82870683708.14209,87371041729.40674,-4500358021.264648,133966981.82373047,-599354288.1591797,8555773496.472168,4055415475.2075195,4500358021.264648,-133966981.82373047,599354288.1591797
2021-11-02,GOLD - COMMODITY EXCHANGE INC.,507616,311091,95962,215129,42.380263821471345,61.28471127781631,18.904447456344954,49897,9.829674399546114,100692,340569,-239877,-47.25560266027863,19.8362541763853,67.09185683666394,461680,486428,-24748,-4.875338838807288,90.95063985374772,95.825978692555,45936,21188,24748,4.875338838807288,9.049360146252285,4.174021307444998,1789.4000244140625,2021-11-08,2021-11-08,1828.0,0.02157146253453135,2021-11-09,2021-11-09,1830.800048828125,0.023136260114682283,2021-11-10,2021-11-10,1848.300048828125,0.03291607444419764,2021-11-11,2021-11-11,1863.9000244140625,0.041634066717080254,2021-11-12,2021-11-12,1868.5,0.04420474712569589,0.02157146253453135,0.001531755376436017,0.009558662624682412,0.008440174849223325,0.0024679304285022408,0.022155361050328226,-0.002230400326501014,0.2926755014832736,569.0,-0.2393553059410607,-0.5320308074243343,-0.24563392781022486,-223.0,-0.45095987478046595,-0.20532594697023399,0.047041573673046955,346.0,0.30873351510896896,0.26169194143592733,-0.047041573673046955,-346.0,-0.30873351510897074,-0.261691941435922,0.023136260114682283,0.036157343405123,-0.0031295269417307425,-0.008829802510648022,0.006762029406979453,0.04537831120152336,-0.07807090160733188,100.0,100 troy oz,178940.00244140625,55666624299.49951,17171440514.282227,38495183785.217285,101816861.38916016,5823960259.460449,18017826725.83008,60941417691.467285,-42923590965.63721,-39903620.544433594,-6473154588.317871,82613020327.14844,87041427507.56836,-4428407180.419922,61913240.84472656,-649194328.8574219,8219787952.1484375,3791380771.7285156,4428407180.419922,-61913240.84472656,649194328.8574219
2021-11-09,GOLD - COMMODITY EXCHANGE INC.,571025,341111,90930,250181,43.81261766122324,59.73661398362594,15.923996322402697,74623,13.068254454708638,105197,380686,-275489,-48.244647782496386,18.422485880653213,66.6671336631496,520931,546239,-25308,-4.432030121273149,91.22735431898778,95.65938444026094,50094,24786,25308,4.432030121273149,8.772645681012214,4.340615559739066,1830.800048828125,2021-11-15,2021-11-15,1866.5999755859373,0.019554252678072315,2021-11-16,2021-11-16,1854.0999755859373,0.012726636517584877,2021-11-17,2021-11-17,1870.199951171875,0.021520592797104943,2021-11-18,2021-11-18,1861.4000244140625,0.01671399102568527,2021-11-19,2021-11-19,1851.5999755859373,0.01136111328548739,0.019554252678072315,-0.006696667825722091,0.008683445228378162,-0.004705340063931862,-0.005264880573540354,-0.008036001390866465,0.023136260114682283,1.4323538397518973,35052.0,-1.548097294190363,-2.980451133942257,-0.9890451222177532,-35612.0,-1.413768295732087,-0.4247231735143373,0.4433087175341388,-560.0,0.2767144652400617,-0.1665942522940611,-0.4433087175341388,560.0,-0.2767144652400706,0.1665942522940682,0.012726636517584877,-0.025671836763432543,-0.031243211555953665,-0.025180301740628686,-0.0015840202844208395,0.005571308116582019,-0.0627048534882918,100.0,100 troy oz,183080.0048828125,62450603545.581055,16647464843.99414,45803138701.586914,6417320331.152344,11834657675.634766,19259467273.657227,69695994738.81836,-50436527465.16113,-6519845133.886719,-12426555331.420898,95372050023.6084,100005438787.18262,-4633388763.574219,-102524802.734375,-591897655.7861328,9171209764.59961,4537821001.025391,4633388763.574219,102524802.734375,591897655.7861328
2021-11-16,GOLD - COMMODITY EXCHANGE INC.,612612,360529,100749,259780,42.405307111189465,58.851116204057384,16.445809092867915,74271,12.123660653072418,125758,413297,-287539,-46.93656017185429,20.528164645811707,67.464724817666,560558,588317,-27759,-4.531253060664826,91.50294150294151,96.03419456360632,52054,24295,27759,4.531253060664826,8.497058497058498,3.965805436393672,1854.0999755859373,2021-11-22,2021-11-22,1806.300048828125,-0.025780663064140508,2021-11-23,2021-11-23,1783.800048828125,-0.03791593100884216,2021-11-24,2021-11-24,1784.300048828125,-0.03764625838784874,2021-11-25,2021-11-26,1785.5,-0.03699907043268158,2021-11-26,2021-11-26,1785.5,-0.03699907043268158,-0.025780663064140508,-0.012456402254208743,0.0002803004744440507,0.0006725052620286665,0.0,-0.011515278893791447,0.012726636517584877,-1.4073105500337775,9599.0,-0.8854977795685599,0.5218127704652176,1.3080876106420973,-12050.0,2.105678765158494,0.7975911545163967,-0.09922293939167659,-2451.0,0.27558718395373205,0.37481012334538377,0.09922293939167659,2451.0,-0.27558718395371606,-0.37481012334539443,-0.03791593100884216,-0.04341729197993216,-0.037430572961487885,-0.044118401291689646,0.0011326118405639019,-0.018984926182716078,-0.04169134770274929,100.0,100 troy oz,185409.99755859372,66845681009.80224,18679871844.030758,48165809165.77148,1779750566.5649412,12316971547.81494,23316790472.97363,76629395760.9741,-53312605288.00048,-2234190470.581054,-12672587923.132322,103933057411.45018,109079853533.67918,-5146796122.229003,-454439904.0161132,-355616375.31738275,9651332012.915037,4504535890.686034,5146796122.229003,454439904.0161132,355616375.31738275
2021-11-23,GOLD - COMMODITY EXCHANGE INC.,559823,326409,91998,234411,41.87234179374552,58.30575021033434,16.433408416588815,57007,10.183039996570345,121027,388861,-267834,-47.842621685782824,21.61879736988298,69.4614190556658,504443,537866,-33423,-5.970279892037304,90.10758757678767,96.07786746882498,55380,21957,33423,5.970279892037304,9.892412423212336,3.9221325311750324,1783.800048828125,2021-11-29,2021-11-29,1782.300048828125,-0.0008409014233323742,2021-11-30,2021-11-30,1773.5999755859375,-0.005718170738300277,2021-12-01,2021-12-01,1784.300048828125,0.0002803004744440507,2021-12-02,2021-12-02,1762.699951171875,-0.011828734767729054,2021-12-03,2021-12-03,1783.9000244140625,5.604640834211416e-05,-0.0008409014233323742,-0.004881374069370614,0.006032968758162394,-0.012105642024970109,0.012027045912206047,0.0008977027111620739,-0.03791593100884216,-0.5329653174439457,-25369.0,-0.5453659937230455,-0.012400676279099798,-0.9060615139285346,19705.0,1.0906327240712734,1.9966942379998045,-1.4390268313724786,-5664.0,-1.3953539261538452,0.04367290521865641,1.4390268313724786,5664.0,1.3953539261538381,-0.043672905218639535,-0.005718170738300277,0.0005044861078129514,-0.006446910912215165,0.0027468899033662453,0.0692902635960444,0.04574502374273681,-0.024610395342741898,100.0,100 troy oz,178380.0048828125,58224839013.793945,16410603689.208984,41814235324.58496,-4525322343.87207,3541021476.928711,21588796850.95215,69365027078.73535,-47776230227.7832,3514977996.2158203,-5026748537.597656,89982544803.10059,95944539706.29883,-5961994903.198242,-1010344347.65625,-1485727060.6689453,9878684670.410156,3916689767.211914,5961994903.198242,1010344347.65625,1485727060.6689453
2021-11-30,GOLD - COMMODITY EXCHANGE INC.,531868,310253,84393,225860,42.46542375175795,58.332706611414864,15.867282859656907,50396,9.47528334097934,119562,378165,-258603,-48.62165048470673,22.479637804868876,71.1012882895756,480211,512954,-32743,-6.1562267329487765,90.28762775726308,96.44385449021186,51657,18914,32743,6.1562267329487765,9.712372242736919,3.556145509788143,1773.5999755859375,2021-12-06,2021-12-06,1779.5,0.003326581244518456,2021-12-07,2021-12-07,1784.699951171875,0.006258443695721372,2021-12-08,2021-12-08,1785.5,0.006709531223426657,2021-12-09,2021-12-09,1776.699951171875,0.001747843723843845,2021-12-10,2021-12-10,1784.800048828125,0.00631488125640467,0.003326581244518456,0.002922141709398751,0.00044828198017254905,-0.004928618778003324,0.004559068992435966,0.002978392148426545,-0.005718170738300277,0.5930819580124336,-8551.0,0.02695640108052544,-0.5661255569319081,-0.7790287989239033,9231.0,0.8608404349858958,1.6398692339098062,-0.1859468409114724,680.0,0.18004018047541592,0.36598702138688566,0.1859468409114724,-680.0,-0.1800401804754177,-0.3659870213868892,0.006258443695721372,-0.0007329311996540078,0.008513743681660246,0.021030699899396543,0.09596305569747154,0.03896029349183383,-0.014208362380896955,100.0,100 troy oz,177359.99755859375,55026471322.54639,14967942273.962402,40058529048.583984,-1516605339.1235352,1903250133.8012695,21205516028.100586,67071343476.745605,-45865827448.64502,1637210137.463379,-3321243314.2822266,85170221787.60986,90977520187.6709,-5807298400.061035,120604798.33984375,-1417993180.480957,9161885393.884277,3354586993.823242,5807298400.061035,-120604798.33984375,1417993180.480957
2021-12-07,GOLD - COMMODITY EXCHANGE INC.,499307,300518,83333,217185,43.4972872401148,60.18701920862315,16.689731968508354,47489,9.510982221358804,103942,349565,-245623,-49.1927811947359,20.81725271225919,70.01003390699509,451949,480387,-28438,-5.695493954621105,90.51525414224115,96.21074809686225,47358,18920,28438,5.695493954621105,9.484745857758854,3.789251903137749,1784.699951171875,2021-12-13,2021-12-13,1788.300048828125,0.0020172005125489445,2021-12-14,2021-12-14,1772.300048828125,-0.006947891905083492,2021-12-15,2021-12-15,1764.5,-0.01131840181797017,2021-12-16,2021-12-16,1798.199951171875,0.007564296727377462,2021-12-17,2021-12-17,1804.9000244140625,0.011318470216197252,0.0020172005125489445,-0.008947044435012375,-0.004401088197950709,0.019098867198569014,0.0037259890024026188,0.009282544949218874,0.006258443695721372,1.0318634883568478,-8675.0,1.8543125972082848,0.8224491088514476,-0.5711307100291734,12980.0,-1.6623850926096857,-1.0912543825805159,0.4607327783276718,4305.0,0.2276263849780662,-0.23310639334961536,-0.4607327783276718,-4305.0,-0.22762638497806442,0.23310639334960603,-0.006947891905083492,0.002241273104408137,0.014680379872809457,0.01675353013509584,0.14489836091856634,0.03776546548892212,-0.0012886909960984072,100.0,100 troy oz,178469.9951171875,53633445992.62695,14872440103.100586,38761005889.52637,-1548227207.6416016,-5888795958.886719,18550528232.470703,62386863843.13965,-43836335610.668945,2316540536.6210938,5330184874.169922,80659335823.21777,85734665544.36035,-5075329721.142578,768313328.9794922,-558611084.7167969,8451982028.759766,3376652307.6171875,5075329721.142578,-768313328.9794922,558611084.7167969
2021-12-14,GOLD - COMMODITY EXCHANGE INC.,503709,298142,95741,202401,40.182128967320416,59.189333523919565,19.00720455659915,49449,9.816977659720196,107421,338832,-231411,-45.941406645503655,21.326003704519874,67.26741035002352,455012,484022,-29010,-5.759277678183237,90.33231488815964,96.09159256634287,48697,19687,29010,5.759277678183237,9.667685111840369,3.9084074336571315,1772.300048828125,2021-12-20,2021-12-20,1794.5999755859375,0.012582478216686566,2021-12-21,2021-12-21,1788.699951171875,0.009253457028675083,2021-12-22,2021-12-22,1802.199951171875,0.01687067737966852,2021-12-23,2021-12-23,1811.699951171875,0.022230943552589588,2021-12-24,2021-12-27,1808.800048828125,0.02059470687490772,0.012582478216686566,-0.003287654348783864,0.0075473809853661145,0.005271335177776892,-0.0016006526587772907,0.007912667689383701,-0.006947891905083492,-3.3151582727943847,-14784.0,-0.9976856847035833,2.3174725880907943,3.2513745492322457,14212.0,0.5087509922606834,-2.742623556971566,-0.06378372356213191,-572.0,-0.18293925408150358,-0.11915553051937877,0.06378372356213191,572.0,0.18293925408151424,0.11915553051938232,0.009253457028675083,0.02177959404304053,0.02386724910704685,0.026067793206022483,0.08881109180571634,0.02324660048343241,0.030017463017648627,100.0,100 troy oz,177230.0048828125,52839708115.771484,16968177897.485352,35871530218.28613,-2620168392.1875,-10169280450.170898,19038224354.5166,60051197014.453125,-41012972659.93652,2518792829.3945312,9947565714.0625,80641778981.73828,85783221423.38867,-5141442441.650391,-101375562.79296875,-221714736.10839844,8630569547.77832,3489127106.1279297,5141442441.650391,101375562.79296875,221714736.10839844
2021-12-21,GOLD - COMMODITY EXCHANGE INC.,500846,296628,90817,205811,41.09267120032904,59.22539063903874,18.132719438709703,49970,9.977118715133994,104997,341026,-236029,-47.126062701908374,20.963929032077726,68.0899917339861,451595,481813,-30218,-6.033391501579328,90.16643838625046,96.1998298878298,49251,19033,30218,6.033391501579328,9.833561613749536,3.800170112170208,1788.699951171875,2021-12-27,2021-12-27,1808.800048828125,0.01123726628553956,2021-12-28,2021-12-28,1810.9000244140625,0.012411289678653459,2021-12-29,2021-12-29,1805.800048828125,0.009560070511013707,2021-12-30,2021-12-30,1814.0999755859373,0.014200271206705972,2021-12-31,2021-12-31,1828.5999755859373,0.02230671745024737,0.01123726628553956,0.0011609771833531735,-0.0028162656784919138,0.004596260124811957,0.007992944267207092,0.01094644306906134,0.009253457028675083,0.910542233008627,3410.0,0.03605711511917775,-0.8744851178894457,-1.1846560564047195,-4618.0,-0.36207467244214797,0.8225813839625715,-0.2741138233960916,-1208.0,-0.16587650190918168,0.108237321486925,0.2741138233960916,1208.0,0.16587650190916747,-0.10823732148692367,0.012411289678653459,0.014479803835793614,0.01666017199173142,0.013249887565916385,0.07424389358378436,0.02800922403079764,0.020517735922194857,100.0,100 troy oz,178869.9951171875,53057848911.62109,16244436346.557617,36813412565.06348,609946683.3496094,-5115681860.3515625,18780812877.319336,60999318954.833984,-42218506077.51465,-826021637.4511719,5688960194.702148,80776795444.94629,86181888957.39746,-5405093512.451172,-216074954.1015625,573278334.3505859,8809526129.516602,3404432617.0654297,5405093512.451172,216074954.1015625,-573278334.3505859
2021-12-28,GOLD - COMMODITY EXCHANGE INC.,508912,303879,90723,213156,41.884648033451754,59.7115021850536,17.826854151601847,50740,9.97028955890213,103172,348836,-245664,-48.27239286949413,20.273053101518535,68.54544597101267,457791,490299,-32508,-6.387744836042381,89.95484484547427,96.34258968151664,51121,18613,32508,6.387744836042381,10.045155154525734,3.6574103184833526,1810.9000244140625,2022-01-03,2022-01-03,1800.0999755859375,-0.005963912243923786,2022-01-04,2022-01-04,1814.5999755859373,0.0020431559567026802,2022-01-05,2022-01-05,1825.0999755859373,0.007841377757156653,2022-01-06,2022-01-06,1789.199951171875,-0.011983032166123508,2022-01-07,2022-01-07,1797.4000244140625,-0.007454856600583537,-0.005963912243923786,0.00805510815880095,0.005786399284288368,-0.019670168699956747,0.004583094939621946,-0.0014998895664093403,0.012411289678653459,0.7919768331227104,7345.0,0.48611154601485396,-0.30586528710785643,-1.1463301675857593,-9635.0,-0.6908759305591907,0.4554542370265722,-0.3543533344630525,-2290.0,-0.2115935407761924,0.14275979368684943,0.3543533344630525,2290.0,0.21159354077619774,-0.1427597936868552,0.0020431559567026802,0.004196794678599902,0.0008283174000647264,0.022971989080069477,0.05593899463919283,0.0056877390352596535,0.0067369545570701295,100.0,100 troy oz,181090.00244140625,55029448851.89209,16429028291.4917,38600420560.40039,1330106067.932129,-2300567391.015625,18683417731.884766,63170712091.65039,-44487294359.765625,-1744802173.5229492,2343123541.5893555,82901373307.65381,88788247107.01904,-5886873799.365234,-414696105.5908203,42556150.57373047,9257502014.807129,3370628215.4418945,5886873799.365234,414696105.5908203,-42556150.57373047
2022-01-04,GOLD - COMMODITY EXCHANGE INC.,502717,296583,85228,211355,42.04254083311286,58.99601565095273,16.953474817839858,56476,11.234153609287134,104258,341716,-237458,-47.2349254152933,20.73890479136373,67.97383020665703,457317,483420,-26103,-5.1923845821804315,90.96907405160358,96.16145863378401,45400,19297,26103,5.1923845821804315,9.030925948396414,3.838541366215982,1814.5999755859373,2022-01-10,2022-01-10,1798.800048828125,-0.008707112846020215,2022-01-11,2022-01-11,1818.5,0.0021492474741180434,2022-01-12,2022-01-12,1827.300048828125,0.006998828068476515,2022-01-13,2022-01-13,1821.4000244140625,0.003747409302113258,2022-01-14,2022-01-14,1816.5,0.0010470761818726082,-0.008707112846020215,0.010951718166068103,0.004839179998968879,-0.003228820804687338,-0.0026902516461966286,0.009839865850240548,0.0020431559567026802,0.1578927996611057,-1801.0,-0.7154865341008687,-0.8733793337619886,1.0374674542008364,8206.0,0.465851689845195,-0.5716157643556414,1.1953602538619492,6405.0,1.0142292061293148,-0.18113104773263444,-1.1953602538619492,-6405.0,-1.01422920612932,0.18113104773262956,0.0021492474741180434,-0.0012123615129909782,0.020886159442289554,-0.007219208509967712,0.06221758290149171,-0.027940015349941616,0.017359197852864883,100.0,100 troy oz,181459.99755859372,53817950455.9204,15465472671.923826,38352477783.996574,-326809455.6030273,-1057911785.7666014,18918656425.463863,62007784525.732414,-43089128100.26855,1489060739.96582,1481620880.0659177,82984741703.5034,87721392019.77538,-4736650316.271972,1162251284.3627927,423709094.29931635,8238283889.160155,3501633572.888183,4736650316.271972,-1162251284.3627927,-423709094.29931635
2022-01-11,GOLD - COMMODITY EXCHANGE INC.,546516,290102,90365,199737,36.54732889796456,53.0820689604696,16.534740062505033,91799,16.797129452751612,116292,341365,-225073,-41.183240746839985,21.278791471795884,62.46203221863587,498193,523529,-25336,-4.635911848875422,91.15798988501709,95.79390173389251,48323,22987,25336,4.635911848875422,8.842010114982909,4.206098266107488,1818.5,2022-01-17,2022-01-18,1812.4000244140625,-0.0033543995523439563,2022-01-18,2022-01-18,1812.4000244140625,-0.0033543995523439563,2022-01-19,2022-01-19,1843.199951171875,0.01358259619019786,2022-01-20,2022-01-20,1842.5999755859373,0.013252667355478254,2022-01-21,2022-01-21,1831.800048828125,0.00731374694975262,-0.0033543995523439563,0.0,0.016994000409909393,-0.00032550759647986816,-0.005861243298007746,0.010704052169903555,0.0021492474741180434,-5.495211935148298,-11618.0,-5.9139466904831295,-0.4187347553348246,6.051684668453312,12385.0,0.5398866804321543,-5.511797988021158,0.5564727333050099,767.0,0.18891583341350326,-0.36755689989149687,-0.5564727333050099,-767.0,-0.18891583341350504,0.36755689989150575,-0.0033543995523439563,0.018696728072587376,-0.009348364036293688,0.005169108833688485,0.08666482022872546,-0.05152595610221333,0.03189441847676666,100.0,100 troy oz,181850.0,52755048700.0,16432875250.0,36322173450.0,-2112733300.0,-484448400.0,21147700200.0,62077225250.0,-40929525050.0,2252212250.0,1152565300.0,90596397050.0,95203748650.0,-4607351600.0,139478950.0,668116900.0,8787537550.0,4180185950.0,4607351600.0,-139478950.0,-668116900.0
2022-01-18,GOLD - COMMODITY EXCHANGE INC.,539204,290528,96321,194207,36.01735150332713,53.88090592799757,17.86355442467044,68934,12.784400709193552,132764,353832,-221068,-40.99895401369426,24.62222090340576,65.62117491710002,492226,519087,-26861,-4.981602510367134,91.28752754059688,96.26913005096401,46978,20117,26861,4.981602510367134,8.71247245940312,3.7308699490359865,1812.4000244140625,2022-01-24,2022-01-24,1841.699951171875,0.016166368551713717,2022-01-25,2022-01-25,1852.5,0.022125344871864794,2022-01-26,2022-01-26,1829.699951171875,0.009545313686146972,2022-01-27,2022-01-27,1793.0999755859375,-0.010648890183261095,2022-01-28,2022-01-28,1784.9000244140625,-0.015173250733590438,0.016166368551713717,0.005864173923256555,-0.012307718665654499,-0.020003266416712795,-0.0045730585486152275,-0.030841031798730656,-0.0033543995523439563,-0.5299773946374344,-5530.0,0.7988369675279685,1.3288143621654065,0.18428673314572563,4005.0,3.343429431609877,3.1591426984641515,-0.34569066149171235,-1525.0,0.1295376555797958,0.4752283170714975,0.34569066149171235,1525.0,-0.1295376555797887,-0.4752283170715015,0.022125344871864794,-0.006014138306793759,0.008552195868023693,0.024166809847606663,0.0808872068037696,-0.05611348039738995,0.05379607078272963,100.0,100 troy oz,181240.00244140625,52655295429.296875,17457218275.15869,35198077154.13818,-1002257213.5009766,-2103108988.3300781,24062147684.13086,64128512543.84766,-40066364859.7168,725866209.777832,2711531676.525879,89211041441.72363,94079329147.30225,-4868287705.578613,-276391003.72314453,608422688.1958008,8514292834.692383,3646005129.1137695,4868287705.578613,276391003.72314453,-608422688.1958008
2022-01-25,GOLD - COMMODITY EXCHANGE INC.,572078,313415,93264,220151,38.48268942347023,54.785361436727165,16.302672013256934,77786,13.597096899373861,130208,379954,-249746,-43.65593502983859,22.760532654638006,66.41646768447659,521409,551004,-29595,-5.173245606368362,91.14299099073902,96.31623659710739,50669,21074,29595,5.173245606368362,8.857009009260974,3.6837634028926125,1852.5,2022-01-31,2022-01-31,1795.0,-0.031039136302294157,2022-02-01,2022-02-01,1801.5,-0.027530364372469585,2022-02-02,2022-02-02,1810.300048828125,-0.022780000632591113,2022-02-03,2022-02-03,1804.0999755859373,-0.026126868779521084,2022-02-04,2022-02-04,1807.800048828125,-0.024129528297908265,-0.031039136302294157,0.0036211699164345745,0.0048848453111989265,-0.003424887076703853,0.00205092472272006,0.007130946422353679,0.022125344871864794,2.4653379201430994,25944.0,0.9044555087295976,-1.5608824114135054,-2.6569810161443286,-28678.0,-1.8616882487677557,0.7952927673765657,-0.1916430960012283,-2734.0,-0.14453654985786102,0.04710654614338239,0.1916430960012283,2734.0,0.1445365498578539,-0.04710654614337395,-0.027530364372469585,-0.013279339047739591,0.001997274586707176,0.029635640709345434,0.02785423783316454,-0.07276655807186239,0.04475035056089749,100.0,100 troy oz,185250.0,58060128750.0,17277156000.0,40782972750.0,4806126000.0,1295823750.0,24121032000.0,70386478500.0,-46265446500.0,-5312599500.0,-756190500.0,96591017250.0,102073491000.0,-5482473750.0,-506473500.0,539633250.0,9386432250.0,3903958500.0,5482473750.0,506473500.0,-539633250.0
2022-02-01,GOLD - COMMODITY EXCHANGE INC.,515331,275994,103852,172142,33.404161597109436,53.556646116767666,20.15248451965824,64885,12.590936698937188,127633,328975,-201342,-39.070422699197216,24.76718846721816,63.83761116641538,468512,497712,-29200,-5.666261102087784,90.91477128292301,96.5810323850108,46819,17619,29200,5.666261102087784,9.085228717076985,3.418967614989201,1801.5,2022-02-07,2022-02-07,1821.800048828125,0.011268414559048034,2022-02-08,2022-02-08,1827.9000244140625,0.01465446817322369,2022-02-09,2022-02-09,1836.5999755859373,0.019483749978316478,2022-02-10,2022-02-10,1837.4000244140625,0.01992785146492504,2022-02-11,2022-02-11,1842.0999755859373,0.022536761357722535,0.011268414559048034,0.003348323318940194,0.004759533374733449,0.00043561409058057166,0.0025579357295228977,0.011142785274855127,-0.027530364372469585,-5.078527826360791,-48009.0,-1.2287153199594982,3.8498125064013067,4.585512330641372,48404.0,2.006655812580153,-2.578856518061208,-0.4930154957194217,395.0,-0.22821970781600953,0.2647957879034095,0.4930154957194217,-395.0,0.2282197078160113,-0.2647957879034113,0.01465446817322369,0.030363558796489,0.05878435993009301,0.07898975788405505,0.038356911232826585,-0.006550124245420452,0.07105190119344984,100.0,100 troy oz,180150.0,49720319100.0,18708937800.0,31011381300.0,-8648821350.0,-7064221950.0,22993084950.0,59264846250.0,-36271761300.0,8719980600.0,6506297400.0,84402436800.0,89662816800.0,-5260380000.0,71159250.0,-557924550.0,8434442850.0,3174062850.0,5260380000.0,-71159250.0,557924550.0
2022-02-08,GOLD - COMMODITY EXCHANGE INC.,512842,279559,92853,186706,36.40614458254199,54.51172095889182,18.10557637634983,62086,12.106262747590876,126328,337762,-211434,-41.227902550883115,24.632927880321816,65.86083043120493,467973,492701,-24728,-4.821757968341126,91.25091158680452,96.07266955514564,44869,20141,24728,4.821757968341126,8.749088413195487,3.927330444854361,1827.9000244140625,2022-02-14,2022-02-14,1869.4000244140625,0.022703648692877998,2022-02-15,2022-02-15,1856.199951171875,0.015482207111892743,2022-02-16,2022-02-16,1871.5,0.02385249466798034,2022-02-17,2022-02-17,1902.0,0.040538308767565256,2022-02-18,2022-02-18,1899.800048828125,0.0393347685615959,0.022703648692877998,-0.007061128206802492,0.008242672788815408,0.01629708789740847,-0.001156651509923723,0.016261915062075083,0.01465446817322369,3.001982985432555,14564.0,0.955074842124155,-2.0469081433084106,-2.157479851685899,-10092.0,-0.13426058689634246,2.023219264789553,0.8445031337466578,4472.0,0.33614030388150695,-0.5083628298651632,-0.8445031337466578,-4472.0,-0.33614030388149807,0.5083628298651597,0.015482207111892743,0.04349253183334456,0.06340610693476778,0.11784015621046318,0.007166680568395201,-0.008534370248689083,0.03112863047983261,100.0,100 troy oz,182790.00244140625,51100590292.51709,16972600096.691895,34127990195.825195,2662153595.5566406,-2381936521.813965,23091495428.41797,61739516804.61426,-38648021376.19629,-1844716704.6386719,2493072843.29834,85540785812.5122,90060816992.8833,-4520031180.371094,817436890.9179688,111136321.484375,8201604619.543457,3681573439.1723633,4520031180.371094,-817436890.9179688,-111136321.484375
2022-02-15,GOLD - COMMODITY EXCHANGE INC.,558645,313269,99656,213613,38.23770014946881,56.07657814891389,17.838877999445085,71850,12.861477324597912,126837,365712,-238875,-42.75971323470182,22.70440082700105,65.46411406170287,511956,537218,-25262,-4.522013085233019,91.64245630051285,96.16446938574586,46689,21427,25262,4.522013085233019,8.357543699487152,3.8355306142541323,1856.199951171875,2022-02-21,2022-02-22,1907.4000244140625,0.02758327474896416,2022-02-22,2022-02-22,1907.4000244140625,0.02758327474896416,2022-02-23,2022-02-23,1910.4000244140625,0.029199479941786066,2022-02-24,2022-02-24,1926.300048828125,0.0377653806164544,2022-02-25,2022-02-25,1887.5999755859373,0.016916294170915336,0.02758327474896416,0.0,0.0015728216218942048,0.00832287699480072,-0.020090366122209824,-0.010380648303812245,0.015482207111892743,1.8315555669268164,26907.0,1.5648571900220674,-0.2666983769047455,-1.5318106838187049,-27441.0,-1.9285270533207672,-0.3967163695020588,0.2997448831081071,-534.0,0.39154471370832766,0.09179983060022323,-0.2997448831081071,534.0,-0.39154471370833477,-0.09179983060022856,0.02758327474896416,0.04719324424124971,0.10079738313651387,0.039597027224139936,-0.020094778439286087,-0.03582588177422186,0.004956402049455466,100.0,100 troy oz,185619.9951171875,58148990250.36621,18498146233.398438,39650844016.96777,4994477208.618164,3602141625.2441406,23543483320.67871,67883459654.296875,-44339976333.618164,-5093598286.010742,-3305335253.051758,95029270220.21484,99718402536.86523,-4689132316.650391,-99121077.39257812,296806372.1923828,8666411952.026367,3977279635.3759766,4689132316.650391,99121077.39257812,-296806372.1923828
2022-02-22,GOLD - COMMODITY EXCHANGE INC.,611488,350096,106948,243148,39.76333141451672,57.25312679889058,17.489795384373856,82620,13.511303574232036,129682,399404,-269722,-44.10912397299702,21.20761159662986,65.31673556962689,562398,588972,-26574,-4.345792558480297,91.97204196975247,96.31783452823277,49090,22516,26574,4.345792558480297,8.027958030247527,3.68216547176723,1907.4000244140625,2022-02-28,2022-02-28,1900.699951171875,-0.0035126733545290945,2022-03-01,2022-03-01,1943.800048828125,0.019083581811971673,2022-03-02,2022-03-02,1922.300048828125,0.0078116935217298344,2022-03-03,2022-03-03,1935.9000244140625,0.014941805407995057,2022-03-04,2022-03-04,1966.5999755859373,0.031036987739402333,-0.0035126733545290945,0.022675908225112895,-0.011060808447330706,0.007074845362579296,0.015858231718947735,0.03467145057452736,0.02758327474896416,1.5256312650479131,29535.0,1.176548649976688,-0.34908261507122873,-1.349410738295198,-30847.0,-1.4967892303711885,-0.14737849207598686,0.17622052675272215,-1312.0,0.32958566923961996,0.15336514248690492,-0.17622052675272215,1312.0,-0.3295856692396253,-0.15336514248690225,0.019083581811971673,0.07124883227146328,0.011691268990448256,0.007392248823247627,-0.02201950270651909,-0.0766488787726104,-0.03402538721996673,100.0,100 troy oz,190740.00244140625,66777311894.72656,20399261781.103516,46378050113.62305,5633505972.106934,4386447836.14502,24735544996.606445,76182319935.10742,-51446774938.50098,-5883756855.310059,-3810222288.7695312,107271795893.04199,112340520717.91992,-5068724824.87793,-250250883.203125,576225547.3754883,9363426719.848633,4294701894.970703,5068724824.87793,250250883.203125,-576225547.3754883
2022-03-01,GOLD - COMMODITY EXCHANGE INC.,615600,354177,96555,257622,41.84892787524366,57.53362573099415,15.684697855750487,83926,13.633203378817413,127231,413040,-285809,-46.427712800519814,20.66780376868096,67.09551656920077,565334,593521,-28187,-4.578784925276153,91.83463287849253,96.41341780376868,50266,22079,28187,4.578784925276153,8.165367121507472,3.586582196231319,1943.800048828125,2022-03-07,2022-03-07,1995.9000244140625,0.02680315581705406,2022-03-08,2022-03-08,2043.300048828125,0.05118839258183283,2022-03-09,2022-03-09,1988.199951171875,0.022841805344391064,2022-03-10,2022-03-10,2000.4000244140625,0.029118208747890728,2022-03-11,2022-03-11,1985.0,0.021195570602394742,0.02680315581705406,0.02374869674545832,-0.026966229305309786,0.006136240590387532,-0.007698472418572022,-0.0054612076159789025,0.019083581811971673,2.08559646072694,14474.0,0.28049893210357624,-1.805097528623369,-2.3185888275227953,-16087.0,-0.5398078279488985,1.7787809995738826,-0.23299236679585622,-1613.0,-0.13740909125993994,0.09558327553591539,0.23299236679585622,1613.0,0.13740909125994527,-0.09558327553591095,0.05118839258183283,-0.00725388275648553,-0.011472398532744732,-0.016256866376405887,-0.052011572752660995,-0.10674966292191279,-0.05509830999377652,100.0,100 troy oz,194380.0048828125,68844926989.37988,18768361371.45996,50076565617.91992,2813456190.673828,16615602817.382812,24731162401.245117,80286717216.79688,-55555554815.55176,-3126991138.5498047,-16418695872.436523,109889625680.41992,115368614878.05176,-5478989197.631836,-313534947.87597656,196906944.94628906,9770705325.439453,4291716127.807617,5478989197.631836,313534947.87597656,-196906944.94628906
2022-03-08,GOLD - COMMODITY EXCHANGE INC.,638502,364618,90230,274388,42.97371034076636,57.10522441589846,14.131514075132106,78523,12.2980037650626,139397,446343,-306946,-48.07283297468136,21.83188149763039,69.90471447231175,582538,615096,-32558,-5.099122633915007,91.23510967859146,96.33423231250646,55964,23406,32558,5.099122633915007,8.764890321408547,3.6657676874935397,2043.300048828125,2022-03-14,2022-03-14,1960.800048828125,-0.04037586161039608,2022-03-15,2022-03-15,1929.699951171875,-0.0555963857199544,2022-03-16,2022-03-16,1909.199951171875,-0.06562917557465886,2022-03-17,2022-03-17,1943.199951171875,-0.04898942654734406,2022-03-18,2022-03-18,1929.300048828125,-0.05579209967982013,-0.04037586161039608,-0.015860922522333176,-0.01062341323455529,0.017808506636054933,-0.007153099368578886,-0.016064871080978427,0.05118839258183283,1.1247824655226992,16766.0,-0.4284013150956909,-1.5531837806183812,-1.6451201741615478,-21137.0,1.1640777289494295,2.8091979031109844,-0.5203377086388539,-4371.0,-0.5995231999010713,-0.07918549126222274,0.5203377086388539,4371.0,0.5995231999010748,0.07918549126222052,-0.0555963857199544,-0.0596094777651377,-0.06416096242518987,-0.05667305146619983,-0.09357415390453538,-0.16169922014319615,-0.10928402265550385,100.0,100 troy oz,204330.0048828125,74502397720.36133,18436696340.57617,56065701379.78516,3425796861.8652344,17916063488.134766,28482989690.649414,91201267369.40918,-62718277678.759766,-4318923313.208008,-19515967426.367188,119029992384.42383,125682568683.39844,-6652576298.974609,-893126451.3427734,-1599903938.2324219,11435124393.261719,4782548094.287109,6652576298.974609,893126451.3427734,1599903938.2324219
2022-03-15,GOLD - COMMODITY EXCHANGE INC.,617605,346731,84943,261788,42.38761020393294,56.14122294994374,13.753612746010798,65499,10.605322171938376,151045,448486,-297441,-48.160393779195445,24.456570137871292,72.61696391706674,563275,598928,-35653,-5.772783575262506,91.2031152597534,96.97589883501591,54330,18677,35653,5.772783575262506,8.796884740246599,3.024101164984092,1929.699951171875,2022-03-21,2022-03-21,1929.5,-0.00010361775246647831,2022-03-22,2022-03-22,1921.5,-0.004249339990341716,2022-03-23,2022-03-23,1937.300048828125,0.003938486732942392,2022-03-24,2022-03-24,1962.199951171875,0.016841996591368202,2022-03-25,2022-03-25,1954.199951171875,0.012696274353492853,-0.00010361775246647831,-0.0041461518528116414,0.008222768060434538,0.012852888925911188,-0.004077056466759266,0.012801218539453263,-0.0555963857199544,-0.5861001368334229,-12600.0,-0.9640014659547234,-0.3779013291213076,-0.08756080451408366,9505.0,2.624688640240901,2.7122494447549883,-0.6736609413474985,-3095.0,-0.03199441883805321,0.6416665225094533,0.6736609413474985,3095.0,0.03199441883805143,-0.6416665225094476,-0.004249339990341716,-0.009068767395352118,-0.00114004831193526,0.024045201631416546,-0.06021659020165737,-0.11001706593239335,-0.009742409303786115,100.0,100 troy oz,192969.9951171875,66908679376.97754,16391450295.239258,50517229081.73828,-2431421938.4765625,9296329514.770508,29147152912.475586,86544341230.12695,-57397188317.65137,1834179803.5888672,-11301480734.033203,108695173999.63379,115575133235.54688,-6879959235.913086,-597242134.8876953,-2005151219.2626953,10484059834.716797,3604100598.803711,6879959235.913086,597242134.8876953,2005151219.2626953
2022-03-22,GOLD - COMMODITY EXCHANGE INC.,605191,328660,80628,248032,40.9840860158198,54.30682214375297,13.322736127933165,68051,11.244549241479136,155039,436634,-281595,-46.52993848223123,25.618193264605722,72.14813174683695,551750,585313,-33563,-5.54585246641143,91.16956464983782,96.71541711624924,53441,19878,33563,5.54585246641143,8.83043535016218,3.2845828837507494,1921.5,2022-03-28,2022-03-28,1939.800048828125,0.00952383493527198,2022-03-29,2022-03-29,1912.199951171875,-0.004839994185857455,2022-03-30,2022-03-30,1933.5,0.006245120999219367,2022-03-31,2022-03-31,1949.199951171875,0.014415795561735667,2022-04-01,2022-04-01,1923.699951171875,0.0011449134383945125,0.00952383493527198,-0.014228320941080397,0.011139028015909824,0.008119964402314439,-0.013082290498042104,-0.008299874858739398,-0.004249339990341716,-1.4035241881131384,-13756.0,-1.8344008061907715,-0.4308766180776331,1.6304552969642145,15846.0,1.1616231267344297,-0.4688321702297884,0.22693110885107526,2090.0,-0.033550609915579344,-0.2604817187666697,-0.22693110885107526,-2090.0,0.03355060991558112,0.26048171876665727,-0.004839994185857455,0.0031225604996096834,0.028415287840716674,0.01951600312256052,-0.04303926680815773,-0.13031487088944183,0.010200351592993595,100.0,100 troy oz,192150.0,63152019000.0,15492670200.0,47659348800.0,-2643215400.0,938460600.0,29790743850.0,83899223100.0,-54108479250.0,3044808900.0,-2281396950.0,106018762500.0,112467892950.0,-6449130450.0,401593500.0,-1342936350.0,10268688150.0,3819557700.0,6449130450.0,-401593500.0,1342936350.0
2022-03-29,GOLD - COMMODITY EXCHANGE INC.,574521,327632,70036,257596,44.83665523105335,57.02698421815738,12.190328987104039,64817,11.281920069066231,133050,418987,-285937,-49.7696341822144,23.158422407536015,72.92805658975043,525499,553840,-28341,-4.932978951161054,91.46732669475963,96.4003056459207,49022,20681,28341,4.932978951161054,8.532673305240365,3.5996943540793116,1912.199951171875,2022-04-04,2022-04-04,1934.0,0.01140050694738548,2022-04-05,2022-04-05,1927.5,0.008001280838203506,2022-04-06,2022-04-06,1923.0999755859373,0.005700253473692518,2022-04-07,2022-04-07,1937.800048828125,0.01338777236165134,2022-04-08,2022-04-08,1945.5999755859373,0.017466805390091933,0.01140050694738548,-0.0033609100310237894,-0.002282762341926148,0.007643946455622386,0.004025145299448862,0.005997919124062667,-0.004839994185857455,3.852569215233551,9564.0,2.7201620744044135,-1.1324071408291267,-3.239695699983173,-4342.0,-2.4597708570697066,0.7799248429134735,0.6128735152503761,5222.0,0.2977620449218108,-0.3151114703285458,-0.6128735152503761,-5222.0,-0.29776204492181435,0.31511147032856224,0.008001280838203506,0.033417020210099624,0.024474453521162287,-0.0042359459223778595,-0.04758916552854808,-0.14433637017449763,0.03205734253395298,100.0,100 troy oz,191219.9951171875,62649789440.234375,13392283578.027344,49257505862.20703,1828828033.3007812,-4971719.873046875,25441820350.341797,80118692094.16504,-54676871743.82324,-830277218.7988281,-24476159.375,100485916214.08691,105905282095.70312,-5419365881.616211,998550814.5019531,-29447879.248046875,9373986600.634766,3954620719.0185547,5419365881.616211,-998550814.5019531,29447879.248046875
2022-04-05,GOLD - COMMODITY EXCHANGE INC.,560666,324570,79029,245541,43.79452294235784,57.890080725422976,14.095557783065141,59812,10.668026953658684,124506,403264,-278758,-49.719084089279534,22.20680405089661,71.92588814017616,508888,542105,-33217,-5.924561146921697,90.76491172997827,96.68947287689997,51778,18561,33217,5.924561146921697,9.235088270021723,3.3105271231000275,1927.5,2022-04-11,2022-04-11,1948.199951171875,0.010739274278534383,2022-04-12,2022-04-12,1976.0999755859373,0.025213995115920707,2022-04-13,2022-04-13,1984.699951171875,0.029675720452334575,2022-04-14,2022-04-14,1974.9000244140625,0.024591452354896237,2022-04-15,2022-04-18,1986.4000244140625,0.030557729916504517,0.010739274278534383,0.014320924501245447,0.0043519941765028936,-0.004937737188951963,0.00582307957761663,0.01960788122349011,0.008001280838203506,-1.0421322886955124,-12055.0,0.8630965072655954,1.9052287959611025,0.050550092934869895,7179.0,-0.9516183566394041,-1.0021684495742704,-0.9915821957606425,-4876.0,-0.7024149647813687,0.2891672309792739,0.9915821957606425,4876.0,0.702414964781358,-0.2891672309792841,0.025213995115920707,0.01634241245136181,-0.012140090487192112,-0.029520116427529275,-0.08487677073200384,-0.1022049286640726,0.05743188128242549,100.0,100 troy oz,192750.0,62560867500.0,15232839750.0,47328027750.0,-2323601250.0,-5560259250.0,23998531500.0,77729136000.0,-53730604500.0,1383752250.0,5433237000.0,98088162000.0,104490738750.0,-6402576750.0,-939849000.0,-127022250.0,9980209500.0,3577632750.0,6402576750.0,939849000.0,127022250.0
2022-04-12,GOLD - COMMODITY EXCHANGE INC.,577639,338164,83877,254287,44.02178523264531,58.54244606060186,14.520660827956561,58584,10.14197448579476,125627,413720,-288093,-49.874229406255466,21.748358403778138,71.6225878100336,522375,556181,-33806,-5.852444173610161,90.43277895017476,96.28522312378493,55264,21458,33806,5.852444173610161,9.567221049825235,3.7147768762150757,1976.0999755859373,2022-04-18,2022-04-18,1986.4000244140625,0.005212311601325403,2022-04-19,2022-04-19,1959.0,-0.00865339598056869,2022-04-20,2022-04-20,1955.5999755859373,-0.01037396905686494,2022-04-21,2022-04-21,1948.199951171875,-0.014118731217427238,2022-04-22,2022-04-22,1934.300048828125,-0.021152738866573872,0.005212311601325403,-0.013793809946284541,-0.0017355918397461423,-0.0037840174403995785,-0.007134741141631262,-0.026228340186063792,0.025213995115920707,0.22726229028747014,8746.0,0.6523653351788852,0.42510304489142037,-0.1551453169759327,-9335.0,-0.4584456471184737,-0.3033003301425623,0.07211697331153566,-589.0,-0.3321327798035014,-0.40424975311503886,-0.07211697331153566,589.0,0.3321327798035121,0.4042497531150482,-0.00865339598056869,-0.03643540351679375,-0.05338798709752424,-0.06836697396642522,-0.12716964215502247,-0.14680430098174524,0.02170944028342614,100.0,100 troy oz,197609.99755859372,66824587214.40429,16574933765.222166,50249653449.18212,1728297038.6474607,-1482272591.6870115,24825151163.293453,81755208189.94139,-56930057026.64794,-1844689327.2094724,1847258257.1777341,103226522474.6704,109906926052.13622,-6680403577.465819,-116392288.5620117,364985665.4907226,10920718905.078123,4240315327.612304,6680403577.465819,116392288.5620117,-364985665.4907226
2022-04-19,GOLD - COMMODITY EXCHANGE INC.,575202,330745,90988,239757,41.682226417849726,57.50066933007882,15.818442912229095,60268,10.477710439115302,129157,404682,-275525,-47.90056362808196,22.454198698891865,70.35476232697383,520170,555938,-35768,-6.218337210232232,90.43257846808599,96.65091567831823,55032,19264,35768,6.218337210232232,9.567421531914006,3.3490843216817745,1959.0,2022-04-25,2022-04-25,1896.0,-0.03215926493108734,2022-04-26,2022-04-26,1904.0999755859373,-0.028024514759603214,2022-04-27,2022-04-27,1888.699951171875,-0.03588568087193722,2022-04-28,2022-04-28,1891.300048828125,-0.03455842326282543,2022-04-29,2022-04-29,1911.699951171875,-0.024144996849476796,-0.03215926493108734,0.004272139022118759,-0.00808782343969272,0.0013766599901887666,0.010786179779559646,0.008280564964069148,-0.00865339598056869,-2.3395588147955806,-14530.0,-1.0417767305230399,1.2977820842725336,1.9736657781735047,12568.0,0.7058402951137275,-1.2678254830597666,-0.3658930366220705,-1962.0,-0.00020048208877199158,0.36569255453329674,0.3658930366220705,1962.0,0.00020048208877021523,-0.3656925545333012,-0.028024514759603214,-0.04512507627057827,-0.06023481368044925,-0.07151606716995274,-0.12674836591532668,-0.154772818362366,0.030985171603815642,100.0,100 troy oz,195900.0,64792945500.0,17824549200.0,46968396300.0,-2846427000.0,-1621072500.0,25301856300.0,79277203800.0,-53975347500.0,2462071200.0,1189113000.0,101901303000.0,108908254200.0,-7006951200.0,-384355800.0,-431959500.0,10780768800.0,3773817600.0,7006951200.0,384355800.0,431959500.0
2022-04-26,GOLD - COMMODITY EXCHANGE INC.,557785,310511,92487,218024,39.08746201493407,55.6685819805122,16.581119965578132,68790,12.332708839427378,127546,376840,-249294,-44.69356472475954,22.86651666860887,67.5600813933684,506847,538117,-31270,-5.60610270982547,90.86780748854846,96.47391019837393,50938,19668,31270,5.60610270982547,9.132192511451546,3.5260898016260747,1904.0999755859373,2022-05-02,2022-05-02,1863.5999755859373,-0.021269891559941412,2022-05-03,2022-05-03,1870.5999755859373,-0.017593614006371272,2022-05-04,2022-05-04,1868.800048828125,-0.018538904054630656,2022-05-05,2022-05-05,1875.699951171875,-0.014915196039180123,2022-05-06,2022-05-06,1882.800048828125,-0.011186348947490377,-0.021269891559941412,0.0037561709013218536,-0.0009622189571816264,0.003692156551513781,0.003785305667793004,0.010302679487936173,-0.028024514759603214,-2.594764402915658,-21733.0,-1.8320873495666206,0.7626770533490372,3.2069989033224218,26231.0,0.4123179697170052,-2.79468093360542,0.6122345004067613,4498.0,0.43522902046247225,-0.17700547994429883,-0.6122345004067613,-4498.0,-0.4352290204624598,0.17700547994430016,-0.017593614006371272,-0.03313900341105769,-0.04474552400834764,-0.020324537402488962,-0.09789403224833426,-0.12924740231153375,0.052728336590187386,100.0,100 troy oz,190409.99755859372,59124398751.9165,17610449444.201656,41513949307.714836,-4138180476.9409175,-7534904423.388671,24286033548.608395,71754103479.98045,-47468069931.37206,4994644645.959472,6977193540.53955,96508736032.58055,102462856656.23778,-5954120623.657226,856464169.0185546,-557710882.849121,9699104455.639647,3744983831.9824214,5954120623.657226,-856464169.0185546,557710882.849121
2022-05-03,GOLD - COMMODITY EXCHANGE INC.,560441,293439,94271,199168,35.537728324658616,52.358589039702665,16.820860715044045,84937,15.155386561654128,130795,362647,-231852,-41.36956432523674,23.337871426251827,64.70743575148856,509171,541855,-32684,-5.831836000578116,90.85184702760861,96.68368302818673,51270,18586,32684,5.831836000578116,9.148152972391385,3.3163169718132686,1870.5999755859373,2022-05-09,2022-05-09,1858.5999755859373,-0.006415054077096971,2022-05-10,2022-05-10,1841.0,-0.01582378700537801,2022-05-11,2022-05-11,1853.699951171875,-0.009034547543372295,2022-05-12,2022-05-12,1824.5999755859373,-0.02459104062887163,2022-05-13,2022-05-13,1808.199951171875,-0.03335829425236492,-0.006415054077096971,-0.009469480155561039,0.006898398246537152,-0.01569832030666085,-0.008988284902719967,-0.027117198469871595,-0.017593614006371272,-3.5497336902754526,-18856.0,-3.3099929408095363,0.23974074946591273,3.3240003995228022,17442.0,0.4713547576429562,-2.852645641879846,-0.22573329075264592,-1414.0,-0.015960460939851373,0.2097728298128061,0.22573329075264592,1414.0,0.01596046093983894,-0.2097728298128061,-0.01582378700537801,-0.027638165212570676,-0.0027798306638200376,-0.01491501378071114,-0.043248169287889326,-0.11809046685402025,0.08163160228544153,100.0,100 troy oz,187059.99755859372,54890698623.59618,17634333029.846188,37256365593.74999,-3527203313.9648433,-8674533266.784666,24466512380.676266,67836746934.63134,-43370234553.95507,3262700477.4169917,8774236245.483397,95245526016.90672,101359394977.1118,-6113868960.205077,-264502836.54785153,99702978.69873045,9590566074.8291,3476697114.624023,6113868960.205077,264502836.54785153,-99702978.69873045
2022-05-10,GOLD - COMMODITY EXCHANGE INC.,571447,288947,95632,193315,33.82903401365306,50.56409430795858,16.73506029430551,98151,17.17587107815773,132251,360007,-227756,-39.85601464352775,23.143178632489104,62.999193276016854,519349,553790,-34441,-6.026980629874687,90.8831440186054,96.91012464848009,52098,17657,34441,6.026980629874687,9.1168559813946,3.0898753515199133,1841.0,2022-05-16,2022-05-16,1814.0,-0.014665942422596445,2022-05-17,2022-05-17,1818.9000244140625,-0.012004332203116475,2022-05-18,2022-05-18,1815.9000244140625,-0.01363388136118282,2022-05-19,2022-05-19,1841.199951171875,0.00010861008792772964,2022-05-20,2022-05-20,1842.0999755859373,0.0005974880966526097,-0.014665942422596445,0.002701226248104982,-0.001649348485201374,0.013932444747874362,0.0004888249174075376,0.015490614986735096,-0.01582378700537801,-1.7086943110055586,-5853.0,-1.7944947317440878,-0.08580042073853633,1.5135496817089873,4096.0,-0.19469279376272297,-1.7082424754717067,-0.1951446292965704,-1757.0,0.031296990996793284,0.22644162029335746,0.1951446292965704,1757.0,-0.0312969909967844,-0.22644162029335524,-0.012004332203116475,0.013253679746910718,0.000923384666960958,0.006029318623540059,-0.015589327089557292,-0.06789788158609456,0.10966867159916482,100.0,100 troy oz,184100.0,53195142700.0,17605851200.0,35589291500.0,-1077537300.0,-11224945200.0,24347409100.0,66277288700.0,-41929879600.0,754073600.0,11108041700.0,95612150900.0,101952739000.0,-6340588100.0,-323463700.0,-116903500.0,9591241800.0,3250653700.0,6340588100.0,323463700.0,116903500.0
2022-05-17,GOLD - COMMODITY EXCHANGE INC.,555756,283011,107651,175360,31.553415527677615,50.92360676268003,19.370191235002412,84470,15.199116158889872,137687,344566,-206879,-37.224789296021996,24.774721280561973,61.99951057658397,505168,536687,-31519,-5.671373768344382,90.89744420213187,96.56881797047625,50588,19069,31519,5.671373768344382,9.10255579786813,3.431182029523748,1818.9000244140625,2022-05-23,2022-05-23,1847.800048828125,0.01588873716320527,2022-05-24,2022-05-24,1865.4000244140625,0.025564901520620742,2022-05-25,2022-05-25,1846.300048828125,0.01506406292060447,2022-05-26,2022-05-26,1847.5999755859373,0.01577874033022786,2022-05-27,2022-05-27,1851.300048828125,0.01781297706260676,0.01588873716320527,0.009524826886490922,-0.010239077589771606,0.0007040712362205159,0.002002637633189197,0.0018941443378679423,-0.012004332203116475,-2.2756184859754427,-17955.0,0.3595124547214539,2.6351309406969037,2.6312253475057545,20877.0,1.6315426480728696,-0.9996826994328813,0.35560686153030474,2922.0,0.014300183526458454,-0.3413066780038463,-0.35560686153030474,-2922.0,-0.014300183526470889,0.34130667800383474,0.025564901520620742,0.013084791048633582,0.01825276305803003,-0.0029688406957947278,-0.016053698856589915,-0.02314584365322636,0.09571717700208504,100.0,100 troy oz,181890.00244140625,51476871480.944824,19580640652.819824,31896230828.125,-3265834993.835449,-11713170487.219238,25043888766.149902,62673110581.225586,-37629221815.07568,3797317580.9692383,12486021107.592773,91885008753.32031,97617999740.271,-5732990986.950684,531482587.13378906,772850620.3735352,9201451443.50586,3468460456.555176,5732990986.950684,-531482587.13378906,-772850620.3735352
2022-05-24,GOLD - COMMODITY EXCHANGE INC.,530098,282202,98389,183813,34.675286456466544,53.23581677350225,18.560530317035717,70121,13.227931439092394,130364,342311,-211947,-39.98260698965097,24.59243385185381,64.57504084150479,482687,510821,-28134,-5.30732053318443,91.05618206444846,96.36350259763289,47411,19277,28134,5.30732053318443,8.94381793555154,3.6364974023671093,1865.4000244140625,2022-05-30,2022-05-31,1842.699951171875,-0.012169010906557531,2022-05-31,2022-05-31,1842.699951171875,-0.012169010906557531,2022-06-01,2022-06-01,1848.699951171875,-0.008952542630867089,2022-06-02,2022-06-02,1871.4000244140625,0.0032164682756903318,2022-06-03,2022-06-03,1850.199951171875,-0.008148425561944506,-0.012169010906557531,0.0,0.0032560916909909476,0.012278938628087266,-0.011328456217598482,0.004070114613738518,0.025564901520620742,3.1218709287889297,8453.0,2.31221001082222,-0.8096609179666956,-2.7578176936289722,-5068.0,-0.1822874287081646,2.5755302649208147,0.36405323515995214,3385.0,0.15873786231659892,-0.20531537284335855,-0.36405323515995214,-3385.0,-0.15873786231659004,0.2053153728433612,-0.012169010906557531,-0.007129864186799728,-0.027822463672565245,-0.014259662934384743,-0.055859371651352685,-0.06727779476652496,0.05848610172512814,100.0,100 troy oz,186540.00244140625,52641961768.96973,18353484300.20752,34288477468.762207,1576822640.637207,-6381720023.522949,24318100878.271484,63854694775.720215,-39536593897.44873,-945384732.3730469,6966709471.179199,90040434158.43506,95288550587.12158,-5248116428.686523,631437908.2641602,584989447.65625,8844048055.749512,3595931627.0629883,5248116428.686523,-631437908.2641602,-584989447.65625
2022-05-31,GOLD - COMMODITY EXCHANGE INC.,513722,269459,96870,172589,33.595796948544155,52.45229910340612,18.856502154861968,62264,12.120173946219941,135360,335416,-200056,-38.94246304421458,26.34888130155999,65.29134434577456,467083,494550,-27467,-5.346666095670421,90.92135435118604,96.26802044685647,46639,19172,27467,5.346666095670421,9.07864564881395,3.7319795531435287,1842.699951171875,2022-06-06,2022-06-06,1843.699951171875,0.0005426819484983803,2022-06-07,2022-06-07,1852.0999755859373,0.00510122356495657,2022-06-08,2022-06-08,1856.5,0.007489037387421016,2022-06-09,2022-06-09,1852.800048828125,0.005481140676118601,2022-06-10,2022-06-10,1875.5,0.017799994408892017,0.0005426819484983803,0.0045560691199906245,0.002375694871801226,-0.0019929712749124917,0.012251700439144697,0.017247952308027337,-0.012169010906557531,-1.0794895079223892,-11224.0,-0.7835176700961313,0.2959718378262508,1.040143945436391,11891.0,1.756447449706183,0.7163035042697743,-0.03934556248599108,667.0,-0.1348277132624247,-0.09548215077641942,0.03934556248599108,-667.0,0.1348277132624105,0.09548215077641942,0.00510122356495657,-0.015846286398013443,-0.0021164066028600548,-0.011667661892717285,-0.0577413063239538,-0.05117486799619331,0.06257125516001638,100.0,100 troy oz,184269.9951171875,49653208614.28223,17850234427.001953,31802974187.280273,-2068246425.1953125,-4897712200.219727,24942786539.0625,61807104682.22656,-36864318143.16406,2191154511.9384766,5859048764.746094,86069382129.32129,91130726085.20508,-5061343955.883789,122908086.74316406,961336564.5263672,8594168302.270508,3532824346.3867188,5061343955.883789,-122908086.74316406,-961336564.5263672
2022-06-07,GOLD - COMMODITY EXCHANGE INC.,494130,270356,95088,175268,35.47001801145447,54.713536923481676,19.2435189120272,62719,12.692813632040151,116965,316851,-199886,-40.45210774492543,23.670896322830025,64.12300406775545,450040,474658,-24618,-4.982089733470949,91.07724687835184,96.0593366118228,44090,19472,24618,4.982089733470949,8.92275312164815,3.9406633881772004,1852.0999755859373,2022-06-13,2022-06-13,1831.800048828125,-0.010960491887804347,2022-06-14,2022-06-14,1813.5,-0.020841194371122196,2022-06-15,2022-06-15,1819.5999755859373,-0.017547648846395703,2022-06-16,2022-06-16,1849.9000244140625,-0.0011878144813315394,2022-06-17,2022-06-17,1840.5999755859373,-0.006209168053340042,-0.010960491887804347,-0.009990199989257653,0.003363647965777483,0.016652038489046506,-0.005027325101566449,0.004803977794105796,0.00510122356495657,1.8742210629103155,2679.0,2.261237820075557,0.387016757165231,-1.5096447007108509,170.0,-2.6779849787299668,-1.1683402780191159,0.36457636219947176,2849.0,0.15589252716580404,-0.20868383503366772,-0.36457636219947176,-2849.0,-0.1558925271658005,0.20868383503367172,-0.020841194371122196,-0.007180998290119089,-0.01668377777732366,-0.047621592967178494,-0.07515790346459938,-0.037632931316153306,0.06986665197332309,100.0,100 troy oz,185209.99755859372,50072634099.951164,17611248247.85156,32461385852.099606,496177583.4594726,-3342484825.939941,21663087364.440914,58683972936.43798,-37020885571.99706,31485699.584960934,5161802631.958007,83351907301.26952,87911407021.16698,-4559499719.89746,527663283.04443353,1819317806.0180662,8165908792.3583975,3606409072.460937,4559499719.89746,-527663283.04443353,-1819317806.0180662
2022-06-14,GOLD - COMMODITY EXCHANGE INC.,497456,266596,111998,154598,31.07772345694896,53.59187546235245,22.514152005403492,63208,12.706249396931588,121926,300495,-178569,-35.896441092277506,24.509906403782445,60.40634749605995,451730,475701,-23971,-4.818717635328552,90.80803126306648,95.62674889839504,45726,21755,23971,4.818717635328552,9.191968736933518,4.373251101604966,1813.5,2022-06-20,2022-06-21,1838.800048828125,0.013950950553142993,2022-06-21,2022-06-21,1838.800048828125,0.013950950553142993,2022-06-22,2022-06-22,1838.4000244140625,0.01373036912823955,2022-06-23,2022-06-23,1829.800048828125,0.008988171396815625,2022-06-24,2022-06-24,1830.300048828125,0.009263881349944825,0.013950950553142993,0.0,-0.00021754644520344257,-0.004677967510731795,0.0002732539002390233,-0.004622579820691808,-0.020841194371122196,-4.392294554505511,-20670.0,-1.1216614611292286,3.2706330933762935,4.555666652647922,21317.0,0.8390100809524199,-3.716656571695495,0.16337209814239717,647.0,-0.2692156152853613,-0.4325877134277647,-0.16337209814239717,-647.0,0.2692156152853684,0.4325877134277656,0.013950950553142993,0.004245906353391282,-0.02735041388802728,-0.04891091876033915,-0.05299143952905294,0.006617038875103454,0.08001101493572493,100.0,100 troy oz,181350.0,48347184600.0,20310837300.0,28036347300.0,-3748504500.0,-3765188700.0,22111280100.0,54494768250.0,-32383488150.0,3865837950.0,5134018500.0,81921235500.0,86268376350.0,-4347140850.0,117333450.0,1368829800.0,8292410100.0,3945269250.0,4347140850.0,-117333450.0,-1368829800.0
2022-06-21,GOLD - COMMODITY EXCHANGE INC.,500276,268119,104832,163287,32.63938306055058,53.594215992771986,20.954832932221414,67732,13.538926512565064,120045,306974,-186929,-37.36517442371811,23.995754343602332,61.360928767320445,455896,479538,-23642,-4.725791363167532,91.12889684893939,95.85468821210692,44380,20738,23642,4.725791363167532,8.871103151060614,4.145311787893083,1838.800048828125,2022-06-27,2022-06-27,1824.800048828125,-0.007613660881139461,2022-06-28,2022-06-28,1821.199951171875,-0.009571512502116075,2022-06-29,2022-06-29,1817.5,-0.011583667752075422,2022-06-30,2022-06-30,1807.300048828125,-0.017130736982563732,2022-07-01,2022-07-01,1801.5,-0.020284994473377616,-0.007613660881139461,-0.001972872402410286,-0.002031600741859374,-0.0056120776736588995,-0.003209234034982633,-0.012768548994224416,0.013950950553142993,1.561659603601619,8689.0,0.0023405304195378562,-1.5593190731820776,-1.4687333314406033,-8360.0,-0.5141520601801126,0.9545812712604942,0.09292627216102023,329.0,0.3208655858729088,0.22793931371188592,-0.09292627216102023,-329.0,-0.3208655858729035,-0.22793931371188325,-0.009571512502116075,-0.04073309899126698,-0.06199695288927831,-0.06966505017110958,-0.09120082052916167,-0.007287374406261482,0.05922335188817973,100.0,100 troy oz,183880.0048828125,49301723029.174805,19276508671.875,30025214357.299805,1597733362.4267578,-3774320980.2246094,22073875186.157227,56446380618.896484,-34372505432.73926,-1537236840.8203125,4600309962.158203,83830158706.05469,88177449781.49414,-4347291075.439453,60496521.60644531,825988981.9335938,8160594616.699219,3813303541.2597656,4347291075.439453,-60496521.60644531,-825988981.9335938
2022-06-28,GOLD - COMMODITY EXCHANGE INC.,497005,268712,111019,157693,31.728654641301397,54.066256878703435,22.337602237402038,66432,13.36646512610537,117038,299045,-182007,-36.620758342471404,23.54865645214837,60.16941479461977,452182,476496,-24314,-4.892103701170009,90.98137845695717,95.87348215812717,44823,20509,24314,4.892103701170009,9.018621543042826,4.126517841872818,1821.199951171875,2022-07-04,2022-07-05,1763.9000244140625,-0.03146273242591624,2022-07-05,2022-07-05,1763.9000244140625,-0.03146273242591624,2022-07-06,2022-07-06,1736.5,-0.04650777149284113,2022-07-07,2022-07-07,1739.699951171875,-0.04475071501487671,2022-07-08,2022-07-08,1742.300048828125,-0.04332303122069647,-0.03146273242591624,0.0,-0.015533774043211102,0.0018427590969622987,0.0014945667237034055,-0.012245578143303626,-0.009571512502116075,-0.9107284192491818,-5594.0,0.4720408859314489,1.3827693051806236,0.7444160812467047,4922.0,-0.4470978914539607,-1.191513972700676,-0.16631233800247713,-672.0,-0.14751839198221717,0.01879394602025286,0.16631233800247713,672.0,0.14751839198221184,-0.018793946020264407,-0.03146273242591624,-0.05293208045701969,-0.06067428232078376,-0.05683066262625447,-0.10158137764113129,0.001043281608282376,0.05633653657317006,100.0,100 troy oz,182119.9951171875,48937828127.92969,20218779737.91504,28719048390.01465,-1018779252.6855469,-2712859447.265625,21314959988.52539,54462073939.819336,-33147113951.293945,896394615.9667969,3287083791.870117,82351383632.08008,86779449193.35938,-4428065561.279297,-122384636.71875,574224344.6044922,8163164541.137695,3735098979.8583984,4428065561.279297,122384636.71875,-574224344.6044922
2022-07-05,GOLD - COMMODITY EXCHANGE INC.,498210,267806,122146,145660,29.236667268822387,53.753638024126374,24.516970755303987,68182,13.685393709479937,118289,283874,-165585,-33.23598482567592,23.74279922121194,56.97878404688785,454277,474202,-19925,-3.9993175568535357,91.18183095481825,95.1811485116718,43933,24008,19925,3.9993175568535357,8.818169045181751,4.818851488328215,1763.9000244140625,2022-07-11,2022-07-11,1731.699951171875,-0.01825504438829173,2022-07-12,2022-07-12,1724.800048828125,-0.022166775352773116,2022-07-13,2022-07-13,1735.5,-0.016100699598037838,2022-07-14,2022-07-14,1705.800048828125,-0.032938360894482877,2022-07-15,2022-07-15,1703.5999755859375,-0.03418563863796964,-0.01825504438829173,-0.003984467597334507,0.006203589325698866,-0.017113195719893448,-0.001289760334863943,-0.01622681548666771,-0.03146273242591624,-2.4919873724790094,-12033.0,-0.3126188545770603,2.179368517901949,3.3847735167954838,16422.0,0.19414276906356775,-3.190630747731916,0.8927861443164731,4389.0,0.20045249786107888,-0.6923336464553813,-0.8927861443164731,-4389.0,-0.20045249786107533,0.6923336464553964,-0.022166775352773116,-0.030160481039655074,-0.026192002155867256,0.014626637791664399,-0.018935327372172073,0.0466012529248534,0.09388285803836705,100.0,100 troy oz,176390.00244140625,47238300993.82324,21545333238.208008,25692967755.615234,-2122500899.3774414,-5222555192.285156,20864996998.791504,50072535553.05176,-29207538554.260254,2896676620.0927734,6050353473.742676,80129921139.0747,83644491937.71973,-3514570798.6450195,774175720.715332,827798281.4575195,7749341977.258301,4234771178.6132812,3514570798.6450195,-774175720.715332,-827798281.4575195
2022-07-12,GOLD - COMMODITY EXCHANGE INC.,542493,251126,133005,118121,21.773737172645546,46.29110421701294,24.517367044367393,107614,19.836937988139937,131170,268958,-137788,-25.399037406934283,24.179113831883544,49.57815123881783,489910,509577,-19667,-3.625300234288737,90.30715603703642,93.93245627132517,52583,32916,19667,3.625300234288737,9.692843962963577,6.06754372867484,1724.800048828125,2022-07-18,2022-07-18,1710.199951171875,-0.008464805915427531,2022-07-19,2022-07-19,1710.699951171875,-0.008174917240888258,2022-07-20,2022-07-20,1700.199951171875,-0.014262579406212339,2022-07-21,2022-07-21,1713.4000244140625,-0.0066094759342151255,2022-07-22,2022-07-22,1727.4000244140625,0.0015074069528835388,-0.008464805915427531,0.00029236347460859236,-0.006137838486993119,0.007763835796542162,0.008170888175858204,0.010057346353215424,-0.022166775352773116,-7.462930096176841,-27539.0,-7.462533807113431,0.00039628906340638537,7.836947418741637,27797.0,0.43631461067160515,-7.400632808070021,0.3740173225647987,258.0,-0.8746749177818316,-1.248692240346628,-0.3740173225647987,-258.0,0.8746749177818263,1.2486922403466254,-0.008174917240888258,-0.004116475797338981,0.037627493336311435,0.0507305180443669,-0.022495389453685788,0.08795219554576428,0.12308668874519957,100.0,100 troy oz,172480.0048828125,43314213706.20117,22940703049.438477,20373510656.762695,-4749926854.467773,-6291553138.110352,22624202240.478516,46389877153.271484,-23765674912.79297,4794426695.727539,7033907079.125977,84499679192.13867,87891843448.16895,-3392164256.0302734,44499841.259765625,742353941.015625,9069516096.75293,5677351840.722656,3392164256.0302734,-44499841.259765625,-742353941.015625
2022-07-19,GOLD - COMMODITY EXCHANGE INC.,524786,241004,146049,94955,18.09404214289253,45.924243405883544,27.83020126299101,88385,16.842103257327746,152103,264365,-112262,-21.391957864729623,28.983814354803673,50.375772219533296,481492,498799,-17307,-3.297915721837091,91.75016101801496,95.04807673985205,43294,25987,17307,3.297915721837091,8.249838981985038,4.951923260147946,1710.699951171875,2022-07-25,2022-07-25,1719.0999755859375,0.0049102850609823445,2022-07-26,2022-07-26,1717.699951171875,0.004091892324662005,2022-07-27,2022-07-27,1719.0999755859375,0.0049102850609823445,2022-07-28,2022-07-28,1750.300048828125,0.023148476522211192,2022-07-29,2022-07-29,1762.9000244140625,0.030513868435215086,0.0049102850609823445,-0.0008143938304607801,0.0008150576083485461,0.01814907433266244,0.007198751776515966,0.02547847679027293,-0.008174917240888258,-3.6796950297530167,-23166.0,-0.36686081112939917,3.3128342186236175,4.007079542204661,25526.0,4.804700522920129,0.7976209807154646,0.3273845124516459,2360.0,1.443004980978543,1.1156204685268847,-0.3273845124516459,-2360.0,-1.4430049809785395,-1.1156204685268944,0.004091892324662005,0.04617992766404355,0.059390951397789715,0.04617992766404355,-0.03209206986072699,0.11644360725311897,0.15788864521286983,100.0,100 troy oz,171069.9951171875,41228553103.22266,24984601716.870117,16243951386.35254,-3963007506.8847656,-11689554906.347656,26020259467.30957,45224919259.15527,-19204659791.845703,4366732695.361328,12773283325.41504,82368834088.96484,85329542494.45801,-2960708405.493164,403725188.4765625,1083728419.0673828,7406304368.603516,4445595963.110352,2960708405.493164,-403725188.4765625,-1083728419.0673828
2022-07-26,GOLD - COMMODITY EXCHANGE INC.,487515,241661,148971,92690,19.012748325692545,49.56996194988872,30.557213624196176,61026,12.517768684040492,142007,250429,-108422,-22.239725957150036,29.128744756571596,51.36847071372163,444694,460426,-15732,-3.2269776314574936,91.2164753905008,94.4434530219583,42821,27089,15732,3.2269776314574936,8.783524609499196,5.556546978041702,1717.699951171875,2022-08-01,2022-08-01,1787.699951171875,0.04075216975598295,2022-08-02,2022-08-02,1789.699951171875,0.04191651746329672,2022-08-03,2022-08-03,1776.4000244140625,0.03417364784934662,2022-08-04,2022-08-04,1806.9000244140625,0.05192995038588211,2022-08-05,2022-08-05,1791.199951171875,0.04278977824378227,0.04075216975598295,0.0011187559739480601,-0.007431372364459121,0.01716955617024407,-0.008688955133131171,0.0019578229544088277,0.004091892324662005,0.9187061828000154,-2265.0,3.6457185440051774,2.7270123612051655,-0.847768092420413,3840.0,0.1449304017679225,0.9926984941883319,0.07093809037959753,1575.0,-0.5336856275141599,-0.6046237178937446,-0.07093809037959753,-1575.0,0.5336856275141582,0.6046237178937561,0.04191651746329672,0.0550737034088582,0.04191651746329672,0.02532456263407523,-0.034755750636859206,0.1267392905807938,0.14321476799959743,100.0,100 troy oz,171769.9951171875,41510108790.01465,25588747942.60254,15921360847.41211,-389059038.9404297,-11165564992.60254,24392541696.606445,43016188107.20215,-18623646410.595703,659596781.25,12639695090.698242,76385086208.64258,79087371771.82617,-2702285563.1835938,270537742.3095703,1474130098.0957031,7355362960.913086,4653077397.729492,2702285563.1835938,-270537742.3095703,-1474130098.0957031
2022-08-02,GOLD - COMMODITY EXCHANGE INC.,459649,242128,117802,124326,27.048030127336293,52.67671636400819,25.628686236671893,52340,11.386949607200277,127700,263265,-135565,-29.49315673481287,27.782068491392348,57.275225226205215,422168,433407,-11239,-2.4451266074765745,91.84573446260082,94.29086107007738,37481,26242,11239,2.4451266074765745,8.15426553739919,5.709138929922615,1789.699951171875,2022-08-08,2022-08-08,1805.199951171875,0.008660669622218453,2022-08-09,2022-08-09,1812.300048828125,0.012627869627784172,2022-08-10,2022-08-10,1813.699951171875,0.013410069092467225,2022-08-11,2022-08-11,1807.199951171875,0.009778175379923981,2022-08-12,2022-08-12,1815.5,0.014415851557257664,0.008660669622218453,0.003933136410534832,0.0007724451283082079,-0.0035838342476660623,0.004592767293260858,0.005705766179219474,0.04191651746329672,8.035281801643748,31636.0,3.1067544141194716,-4.928527387524284,-7.253430777662835,-27143.0,-1.3466762651792479,5.906754512483587,0.7818510239809191,4493.0,0.6292590721000124,-0.15259195188092178,-0.7818510239809191,-4493.0,-0.6292590721000053,0.1525919518809129,0.012627869627784172,0.0,-0.01592445704730483,-0.02983734916502867,-0.07822540303939196,0.07811367974647676,0.10566022395677521,100.0,100 troy oz,178969.9951171875,43333646977.734375,21083023364.79492,22250623612.939453,5661894765.527344,-3818145875.830078,22854468376.464844,47116535764.52637,-24262067388.061523,-4857782577.46582,5372679253.417969,75555404898.63281,77566848673.75488,-2011443775.1220703,804112188.0615234,1554533377.5878906,6707974386.987305,4696530611.865234,2011443775.1220703,-804112188.0615234,-1554533377.5878906
2022-08-09,GOLD - COMMODITY EXCHANGE INC.,453540,242906,100055,142851,31.49689112316444,53.557789831106405,22.060898707941966,50727,11.18468051329541,121980,276534,-154554,-34.07725889667946,26.895091943378752,60.97235084005821,415613,427316,-11703,-2.5803677735150155,91.63756228778057,94.21793006129559,37927,26224,11703,2.5803677735150155,8.36243771221943,5.7820699387044145,1812.300048828125,2022-08-15,2022-08-15,1798.0999755859375,-0.007835387551509254,2022-08-16,2022-08-16,1789.699951171875,-0.012470395104201337,2022-08-17,2022-08-17,1776.699951171875,-0.019643600230143887,2022-08-18,2022-08-18,1771.199951171875,-0.022678417783427385,2022-08-19,2022-08-19,1762.9000244140625,-0.027258192949895732,-0.007835387551509254,-0.004671611438805123,-0.0072637874250863765,-0.0030956268087767302,-0.004686047305004215,-0.019576192453038987,0.012627869627784172,4.448860995828145,18525.0,0.8810734670982114,-3.5677875287299265,-4.584102161866589,-18989.0,-0.886976548013596,3.6971256138529967,-0.13524116603844094,-464.0,-0.2081721748202483,-0.0729310087817936,0.13524116603844094,464.0,0.20817217482023942,0.07293100878179981,-0.012470395104201337,-0.02819626788030627,-0.04193566073628008,-0.05484744343429049,-0.05313692337557174,0.04000441320237247,0.08144345395861952,100.0,100 troy oz,181230.0048828125,44021855566.06445,18132968138.549805,25888887427.51465,3357285840.4541016,4481818020.751953,22106435995.60547,50116258170.26367,-28009822174.658203,-3441376562.7197266,-3038502261.8652344,75321546019.36035,77442480766.5039,-2120934747.1435547,-84090722.265625,1443315758.8867188,6873510395.19043,4752575648.046875,2120934747.1435547,84090722.265625,-1443315758.8867188
2022-08-16,GOLD - COMMODITY EXCHANGE INC.,453960,238196,97032,141164,31.096131817781302,52.4707022645167,21.374570446735394,55372,12.197550444973125,122566,276275,-153709,-33.85959115340559,26.999295092078597,60.85888624548418,416134,428679,-12545,-2.763459335624284,91.66754780156842,94.43100713719271,37826,25281,12545,2.763459335624284,8.332452198431579,5.568992862807296,1789.699951171875,2022-08-22,2022-08-22,1748.4000244140625,-0.023076452972337513,2022-08-23,2022-08-23,1761.199951171875,-0.01592445704730483,2022-08-24,2022-08-24,1761.5,-0.01575680390079348,2022-08-25,2022-08-25,1771.4000244140625,-0.010225136758723163,2022-08-26,2022-08-26,1749.800048828125,-0.022294185300515856,-0.023076452972337513,0.007320937187759391,0.00017036613470566841,0.005620223908068489,-0.012193731109991557,0.0008007460503964836,-0.012470395104201337,-0.4007593053831364,-1687.0,-1.0870875665897017,-0.6863282612065724,0.2176677432738714,845.0,0.10420314869984537,-0.11346459457403313,-0.18309156210926858,-842.0,0.029985513787849527,0.2130770758971181,0.18309156210926858,842.0,-0.029985513787851303,-0.2130770758971181,-0.01592445704730483,-0.02983734916502867,-0.04291218017161191,-0.04039779221677431,-0.007207857571490339,0.042297633853439986,0.08129854387308244,100.0,100 troy oz,178969.9951171875,42629936956.93359,17365816566.210938,25264120390.722656,-301922381.7626953,8270024504.370117,21935636421.533203,49444935401.00098,-27509298979.467773,151229645.87402344,-7417769387.62207,74475499948.0957,76720678536.84082,-2245178588.745117,-150692735.88867188,852255116.7480469,6769719035.302734,4524540446.557617,2245178588.745117,150692735.88867188,-852255116.7480469
2022-08-23,GOLD - COMMODITY EXCHANGE INC.,457762,237427,111580,125847,27.49179704737396,51.86690900511619,24.37511195774223,55850,12.20066322674228,126193,264265,-138072,-30.16239880112373,27.567382176764344,57.72978097788807,419470,431695,-12225,-2.6706017537497653,91.63495440862283,94.30555616237258,38292,26067,12225,2.6706017537497653,8.365045591377179,5.694443837627413,1761.199951171875,2022-08-29,2022-08-29,1749.699951171875,-0.006529639063610038,2022-08-30,2022-08-30,1736.300048828125,-0.014138032610767404,2022-08-31,2022-08-31,1726.199951171875,-0.019872814541421868,2022-09-01,2022-09-01,1709.300048828125,-0.02946848954272152,2022-09-02,2022-09-02,1722.5999755859375,-0.021916861603507143,-0.006529639063610038,-0.007658400135849175,-0.005817023194272686,-0.009790234516156127,0.007780919895796323,-0.015488355913702234,-0.01592445704730483,-3.604334770407341,-15317.0,-0.6037932594005113,3.000541511006837,3.69719235228186,15637.0,0.5680870846857466,-3.1291052675961097,0.09285758187451876,320.0,-0.03259339294558572,-0.1254509748201258,-0.09285758187451876,-320.0,0.03259339294559993,0.1254509748201169,-0.014138032610767404,-0.027424442480636246,-0.02486936632531056,-0.05115828871445649,-0.01209398554868224,0.0461617369305678,0.0935725944793886,100.0,100 troy oz,176119.9951171875,41815642080.68848,19651469055.17578,22164173025.512695,-2697629965.209961,5839610678.100586,22225110543.823242,46542350509.643555,-24317239965.820312,2753988363.647461,-5221957855.224609,73877054351.80664,76030121292.11426,-2153066940.307617,56358398.4375,617652822.8759766,6743986853.027344,4590919912.719727,2153066940.307617,-56358398.4375,-617652822.8759766
2022-08-30,GOLD - COMMODITY EXCHANGE INC.,459165,235314,117580,117734,25.640891618481376,51.24824409525988,25.6073524767785,58398,12.718303877691026,126535,256214,-129679,-28.24235296679843,27.55763178813716,55.79998475493559,420247,432192,-11945,-2.601461348317054,91.52417976108806,94.12564110940511,38918,26973,11945,2.601461348317054,8.475820238911938,5.874358890594884,1736.300048828125,2022-09-05,2022-09-06,1712.9000244140625,-0.01347694739158467,2022-09-06,2022-09-06,1712.9000244140625,-0.01347694739158467,2022-09-07,2022-09-07,1727.800048828125,-0.0048954672354797335,2022-09-08,2022-09-08,1720.199951171875,-0.009272647125199596,2022-09-09,2022-09-09,1728.5999755859375,-0.0044347595609322,-0.01347694739158467,0.0,0.008698712243383477,-0.004398713648263164,0.004883167452911508,0.00916571367161123,-0.014138032610767404,-1.8509054288925846,-8113.0,-0.6186649098563137,1.2322405190362709,1.9200458343253004,8393.0,-0.00975038862718236,-1.9297962229524757,0.06914040543271138,280.0,-0.11077464753476818,-0.17991505296747334,-0.06914040543271138,-280.0,0.1107746475347593,0.17991505296747068,-0.01347694739158467,-0.010885229443389433,-0.03755115556564825,-0.05765138215817611,0.0069688275330661575,0.057824050866964294,0.13177441704976944,100.0,100 troy oz,173630.0048828125,40857570968.99414,20415415974.121094,20442154994.873047,-1408660229.6142578,-1144568992.1875,21970272667.84668,44486438071.04492,-22516165403.198242,1457276630.9814453,1021986208.7402344,72967488661.9873,75041499070.3125,-2074010408.3251953,48616401.3671875,-122582783.44726562,6757332530.029297,4683322121.704102,2074010408.3251953,-48616401.3671875,122582783.44726562
2022-09-06,GOLD - COMMODITY EXCHANGE INC.,465908,231527,127670,103857,22.291310730873906,49.69371635601878,27.402405625144876,65900,14.144423362552264,129683,243747,-114064,-24.482086592202755,27.83446517338187,52.31655176558462,427110,437317,-10207,-2.190775861328846,91.67260489195291,93.86338075328176,38798,28591,10207,2.190775861328846,8.327395108047082,6.1366192467182366,1712.9000244140625,2022-09-12,2022-09-12,1740.5999755859375,0.01617137648261191,2022-09-13,2022-09-13,1717.4000244140625,0.00262712355412531,2022-09-14,2022-09-14,1709.0999755859375,-0.0022184883962652613,2022-09-15,2022-09-15,1677.300048828125,-0.02078345208624499,2022-09-16,2022-09-16,1683.5,-0.017163888140009465,0.01617137648261191,-0.013328709351535628,-0.004832915284810668,-0.018606241420669578,0.003696387641678456,-0.032804766394826546,-0.01347694739158467,-3.3495808876074697,-13877.0,-1.5545277392410952,1.7950531483663745,3.7602663745956733,15615.0,0.27683338524470713,-3.4834329893509732,0.41068548698820795,1738.0,0.14842513086485098,-0.26226035612334897,-0.41068548698820795,-1738.0,-0.14842513086485631,0.2622603561233525,0.00262712355412531,-0.024403087297767856,-0.04477790422615269,0.01027495786974364,0.040574463780379766,0.06252552633512498,0.13993808614362635,100.0,100 troy oz,171290.00244140625,39658260395.251465,21868594611.694336,17789665783.55713,-2376991363.8793945,-6679282355.200195,22213401386.608887,41751424225.08545,-19538022838.476562,2674693388.1225586,6935532198.852539,73159672942.74902,74908029997.66846,-1748357054.9194336,297702024.24316406,256249843.65234375,6645709514.72168,4897352459.802246,1748357054.9194336,-297702024.24316406,-256249843.65234375
2022-09-13,GOLD - COMMODITY EXCHANGE INC.,463674,225932,128588,97344,20.994060482149095,48.72647592920888,27.73241544705979,70236,15.147711538710388,126950,237888,-110938,-23.92586170455967,27.37915000625439,51.305011710814064,423118,436712,-13594,-2.9318012224105727,91.25333747417366,94.18513869658423,40556,26962,13594,2.9318012224105727,8.746662525826334,5.8148613034157615,1717.4000244140625,2022-09-19,2022-09-19,1678.199951171875,-0.022825243207715507,2022-09-20,2022-09-20,1671.0999755859375,-0.026959385215987508,2022-09-21,2022-09-21,1675.699951171875,-0.024280932018977075,2022-09-22,2022-09-22,1681.0999755859375,-0.0211366299709409,2022-09-23,2022-09-23,1655.5999755859375,-0.035984655845809566,-0.022825243207715507,-0.004230708969440555,0.0027526633074868023,0.0032225485298165157,-0.015168639801515726,-0.013466795521091535,0.00262712355412531,-1.2972502487248114,-6513.0,-0.9672404268099015,0.33000982191491346,0.5562248876430864,3126.0,-0.4553151671274769,-1.0115400547705562,-0.7410253610817268,-3387.0,-0.4192674177792526,0.3217579433024724,0.7410253610817268,3387.0,0.4192674177792526,-0.3217579433024751,-0.026959385215987508,-0.047280815236910856,0.007627795155299877,-0.018283465685157152,0.0629439699832417,0.11267031399165006,0.12676135325324056,100.0,100 troy oz,171740.00244140625,38801562231.5918,22083703433.935547,16717858797.65625,-1118542635.900879,-7525646906.982422,21802393309.936523,40854885700.78125,-19052492390.844727,536859247.63183594,7345491644.421387,72666286353.00293,75000919946.1914,-2334633593.1884766,-581683388.269043,-180155262.56103516,6965087539.013672,4630453945.825195,2334633593.1884766,581683388.269043,180155262.56103516
2022-09-20,GOLD - COMMODITY EXCHANGE INC.,469395,214557,148835,65722,14.001427369273214,45.709264052663535,31.707836683390322,72476,15.440300812748326,141862,217290,-75428,-16.069195453722347,30.222307438298234,46.29150289202058,428895,438601,-9706,-2.0677680844491313,91.3718723037101,93.43964038815923,40500,30794,9706,2.0677680844491313,8.628127696289905,6.5603596118407745,1671.0999755859375,2022-09-26,2022-09-26,1633.4000244140625,-0.02255996153590767,2022-09-27,2022-09-27,1636.199951171875,-0.02088446228468499,2022-09-28,2022-09-28,1670.0,-0.0006582344575475352,2022-09-29,2022-09-29,1668.5999755859375,-0.0014960206070995241,2022-09-30,2022-09-30,1672.0,0.0005385820281320619,-0.02255996153590767,0.0017141708803494193,0.020657651776555097,-0.0008383379724925533,0.002037651003122365,0.02363167320251769,-0.026959385215987508,-6.992633112875881,-31622.0,-3.017211876545346,3.975421236330533,7.856666250837321,35510.0,2.843157432043842,-5.013508818793483,0.8640331379614414,3888.0,0.11853482953644345,-0.7454983084249989,-0.8640331379614414,-3888.0,-0.11853482953642924,0.7454983084250131,-0.02088446228468499,0.03554546423425986,0.00891629742788913,-0.009155602286720077,0.09233442108933243,0.16157022556674372,0.1691101548169489,100.0,100 troy oz,167109.99755859375,35854619746.1792,24871816486.6333,10982803259.545898,-5284352342.797852,-10047488603.21045,23706558473.657227,36311331369.506836,-12604772895.84961,5934076013.305664,10468438687.060547,71672642402.89307,73294612039.19678,-1621969636.303711,649723670.5078125,420950083.85009766,6767954901.123047,5145985264.819336,1621969636.303711,-649723670.5078125,-420950083.85009766
2022-09-27,GOLD - COMMODITY EXCHANGE INC.,457061,207154,155073,52081,11.39475912405565,45.323053159206324,33.92829403515067,70221,15.363594793692744,139361,201499,-62138,-13.595121876511012,30.4906784871166,44.08580036362761,416736,426793,-10057,-2.2003627524553613,91.17732644001566,93.37768919247102,40325,30268,10057,2.2003627524553613,8.822673559984334,6.622310807528973,1636.199951171875,2022-10-03,2022-10-03,1702.0,0.04021516366688416,2022-10-04,2022-10-04,1730.5,0.05763357269420877,2022-10-05,2022-10-05,1720.800048828125,0.051705231744847424,2022-10-06,2022-10-06,1720.800048828125,0.051705231744847424,2022-10-07,2022-10-07,1709.300048828125,0.04467675090926049,0.04021516366688416,0.01674500587544059,-0.005605288166353639,0.0,-0.0066829379786638166,0.004289100369051058,-0.02088446228468499,-2.6066682452175645,-13641.0,-0.3862108934572106,2.2204573517603485,2.4740735772113354,13290.0,0.2683710488183664,-2.205702528392969,-0.13259466800623,-351.0,-0.1945458636944437,-0.06195119568820928,0.13259466800623,351.0,0.1945458636944295,0.061951195688198624,0.05763357269420877,0.030436407721719627,0.011979035717616382,0.013323584817681589,0.11422810780565129,0.20614842861139615,0.17332850881283224,100.0,100 troy oz,163619.9951171875,33894536468.50586,25373043502.807617,8521492965.698242,-2231940353.3935547,-10742143539.42871,22802246139.526367,32969265396.118164,-10167019256.591797,2174509735.107422,11051058090.20996,68186342285.15625,69831868576.0498,-1645526290.8935547,-57430618.28613281,308914550.78125,6597976303.100586,4952450012.207031,1645526290.8935547,57430618.28613281,-308914550.78125
2022-10-04,GOLD - COMMODITY EXCHANGE INC.,437065,215964,127579,88385,20.222392550307163,49.41232997380252,29.18993742349536,67946,15.545971423014885,116451,212999,-96548,-22.090078134831202,26.643863040966448,48.73394117579765,400361,408524,-8163,-1.8676855845240412,91.60216443778386,93.4698500223079,36704,28541,8163,1.8676855845240412,8.397835562216146,6.530149977692106,1730.5,2022-10-10,2022-10-10,1675.199951171875,-0.031956110273403615,2022-10-11,2022-10-11,1686.0,-0.02571511123952619,2022-10-12,2022-10-12,1677.5,-0.030626986420109747,2022-10-13,2022-10-13,1677.0,-0.03091592025426182,2022-10-14,2022-10-14,1648.9000244140625,-0.0471539876255056,-0.031956110273403615,0.006447020739565934,-0.005041518386714072,-0.00029806259314457684,-0.01675609754677254,-0.015699574692211837,0.05763357269420877,8.827633426251513,36304.0,4.089276814596197,-4.738356611655313,-8.49495625832019,-34410.0,-3.8468154461501527,4.648140812170041,0.3326771679313201,1894.0,0.42483799776819353,0.09216082983687102,-0.3326771679313201,-1894.0,-0.4248379977681882,-0.09216082983686746,-0.02571511123952619,-0.043166686606111004,-0.041895405952037,-0.04669173581515462,0.06680148834784005,0.17780985332093335,0.06414331118173933,100.0,100 troy oz,173050.0,37372570200.0,22077545950.0,15295024250.0,6282407200.0,-2677429600.0,20151845550.0,36859476950.0,-16707631400.0,-5954650500.0,3031143800.0,69282471050.0,70695078200.0,-1412607150.0,327756700.0,353714200.0,6351627200.0,4939020050.0,1412607150.0,-327756700.0,-353714200.0
2022-10-11,GOLD - COMMODITY EXCHANGE INC.,431395,212561,118141,94420,21.88713360145574,49.27294011288958,27.385806511433834,68979,15.989754169612535,112867,216595,-103728,-24.044784941874617,26.16326104845907,50.20804599033368,394407,403715,-9308,-2.1576513404188735,91.42595533096119,93.58360667138005,36988,27680,9308,2.1576513404188735,8.574044669038816,6.416393328619942,1686.0,2022-10-17,2022-10-17,1664.0,-0.013048635824436494,2022-10-18,2022-10-18,1655.800048828125,-0.017912189307161874,2022-10-19,2022-10-19,1634.199951171875,-0.03072363512937426,2022-10-20,2022-10-20,1636.800048828125,-0.029181465700993447,2022-10-21,2022-10-21,1656.300048828125,-0.017615629402061073,-0.013048635824436494,-0.004927855271559478,-0.013045112344052145,0.0015910523399449428,0.011913489380673603,-0.004627374502328752,-0.02571511123952619,1.664741051148578,6035.0,-0.13938986091294225,-1.8041309120615239,-1.954706807043415,-7180.0,-0.4806019925073777,1.4741048145360267,-0.2899657558948323,-1145.0,-0.1762091068226681,0.11375664907215821,0.2899657558948323,1145.0,0.17620910682266988,-0.11375664907216354,-0.017912189307161874,-0.016607354685646447,-0.02153027807124852,0.017793594306049876,0.11298932384341631,0.197508896797153,0.11227760903210271,100.0,100 troy oz,168600.0,35837784600.0,19918572600.0,15919212000.0,1017501000.0,-492986400.0,19029376200.0,36517917000.0,-17488540800.0,-1210548000.0,1215606000.0,66497020200.0,68066349000.0,-1569328800.0,-193047000.0,722619600.0,6236176800.0,4666848000.0,1569328800.0,193047000.0,-722619600.0
2022-10-18,GOLD - COMMODITY EXCHANGE INC.,434701,210890,133934,76956,17.703202891182677,48.51380604139397,30.810603150211296,69452,15.976958875180872,115073,205103,-90030,-20.710787414797757,26.471758749117207,47.18254616391497,395415,408489,-13074,-3.0075845236150824,90.96252366569205,93.97010818930713,39286,26212,13074,3.0075845236150824,9.03747633430795,6.029891810692867,1655.800048828125,2022-10-24,2022-10-24,1654.0999755859375,-0.0010267382486132126,2022-10-25,2022-10-25,1658.0,0.0013286333536661754,2022-10-26,2022-10-26,1669.199951171875,0.008092705609734407,2022-10-27,2022-10-27,1665.5999755859375,0.005918544793345193,2022-10-28,2022-10-28,1644.800048828125,-0.006643314214047291,-0.0010267382486132126,0.00235779243795764,0.006755097208609673,-0.002156707219773235,-0.012487948524672277,-0.005622348645835773,-0.017912189307161874,-4.183930710273064,-17464.0,-0.759134071495609,3.4247966387774618,3.3339975270768605,13698.0,0.30849770065813686,-3.0254998264187094,-0.8499331831962089,-3766.0,-0.46343166526914104,0.38650151792707277,0.8499331831962089,3766.0,0.46343166526913393,-0.38650151792707543,0.0013286333536661754,-0.003684078678803826,0.03635701739136965,0.07307645635451965,0.15346054359991967,0.2197728539755126,0.16904209088642452,100.0,100 troy oz,165580.0048828125,34919167229.73633,22176792373.97461,12742374855.761719,-2891689205.2734375,1860125774.8535156,19053787901.879883,33960955741.479492,-14907167839.59961,2268114906.8847656,-2417799231.298828,65472817630.737305,67637610614.575195,-2164792983.8378906,-623574298.3886719,-557673456.4453125,6504976071.826172,4340183087.988281,2164792983.8378906,623574298.3886719,557673456.4453125
2022-10-25,GOLD - COMMODITY EXCHANGE INC.,456072,212853,144821,68032,14.916942938834218,46.67092038099248,31.753977442158256,80497,17.650064024978512,123085,203298,-80213,-17.58779315546668,26.988063288252732,44.57585644371942,416435,428616,-12181,-2.6708502166324615,91.30904769422372,93.97989791085618,39637,27456,12181,2.6708502166324615,8.690952305776282,6.020102089143819,1658.0,2022-10-31,2022-10-31,1640.699951171875,-0.010434287592355207,2022-11-01,2022-11-01,1649.699951171875,-0.005006060813103175,2022-11-02,2022-11-02,1650.0,-0.004825090470446325,2022-11-03,2022-11-03,1630.9000244140625,-0.01634497924362932,2022-11-04,2022-11-04,1676.5999755859375,0.011218320618780142,-0.010434287592355207,0.005485463684917979,0.00018188084924886105,-0.011575742779356024,0.02802130755273846,0.021880920023445327,0.0013286333536661754,-2.786259952348459,-8924.0,-1.8428856604014925,0.9433742919469594,3.122994259331076,9817.0,0.5163045391355254,-2.606689720195554,0.33673430698262097,893.0,0.3465240285316753,0.009789721549054775,-0.33673430698262097,-893.0,-0.3465240285316682,-0.00978972154904767,-0.005006060813103175,0.03498190591073591,0.07165262293614294,0.04939687841620177,0.16731002678773366,0.20898673100120635,0.197889008194172,100.0,100 troy oz,165800.0,35291027400.0,24011321800.0,11279705600.0,-1479599200.0,2644675800.0,20407493000.0,33706808400.0,-13299315400.0,1627658600.0,-2996835000.0,69044923000.0,71064532800.0,-2019609800.0,148059400.0,-352159200.0,6571814600.0,4552204800.0,2019609800.0,-148059400.0,352159200.0
2022-11-01,GOLD - COMMODITY EXCHANGE INC.,467276,216341,151718,64623,13.829728040815278,46.298333319066245,32.46860527825097,86687,18.551562673880106,125689,200471,-74782,-16.003817872092725,26.898235732201098,42.90205360429382,428717,438876,-10159,-2.1740898312774464,91.74813172514746,93.9222215564249,38559,28400,10159,2.1740898312774464,8.25186827485255,6.077778443575103,1649.699951171875,2022-11-07,2022-11-07,1680.5,0.018670091374038078,2022-11-08,2022-11-08,1716.0,0.040189156083218824,2022-11-09,2022-11-09,1713.699951171875,0.03879493356021335,2022-11-10,2022-11-10,1753.699951171875,0.0630417670353467,2022-11-11,2022-11-11,1769.4000244140625,0.07255869357161449,0.018670091374038078,0.021124665278191124,-0.0013403547949446537,0.02334130894538844,0.00895254244130883,0.0529009368723965,-0.005006060813103175,-1.0872148980189404,-3409.0,-0.37258706192623237,0.7146278360927134,1.583975283373956,5431.0,-0.08982755605163462,-1.6738028394255977,0.4967603853550151,2022.0,0.4390840309237376,-0.05767635443127972,-0.4967603853550151,-2022.0,-0.43908403092373227,0.05767635443128416,0.040189156083218824,0.07704437256360697,0.054676653883703796,0.05982910599716962,0.1696066297567429,0.2264654838541158,0.20888652958464426,100.0,100 troy oz,164969.9951171875,35689773713.64746,25028917719.189453,10660855994.458008,-562382713.3544922,-3920017023.9746094,20734913716.28418,33071699891.137695,-12336786174.853516,895952043.4814453,3590736913.720703,70725441396.65527,72401371577.05078,-1675930180.3955078,333569330.1269531,-329280110.25390625,6361078041.723633,4685147861.328125,1675930180.3955078,-333569330.1269531,329280110.25390625
2022-11-08,GOLD - COMMODITY EXCHANGE INC.,488471,223135,140797,82338,16.856271917882534,45.68029627142655,28.82402435354402,101104,20.698055769943355,126187,217331,-91144,-18.659040147726273,25.833058666737635,44.49209881446391,450426,459232,-8806,-1.8027682298437369,92.21141070810755,94.01417893795127,38045,29239,8806,1.8027682298437369,7.788589291892456,5.9858210620487196,1716.0,2022-11-14,2022-11-14,1776.9000244140625,0.035489524716819654,2022-11-15,2022-11-15,1776.800048828125,0.035431263885853825,2022-11-16,2022-11-16,1775.800048828125,0.034848513303103124,2022-11-17,2022-11-17,1763.0,0.027389277389277433,2022-11-18,2022-11-18,1754.4000244140625,0.022377636604931528,0.035489524716819654,-5.6264046690235325e-05,-0.0005628095297833813,-0.007208046219264297,-0.004878034932465969,-0.012662501936438142,0.040189156083218824,3.0265438770672564,17715.0,-0.6180370476396959,-3.6445809247069505,-2.655222275633548,-16362.0,-1.0651770654634625,1.5900452101700893,0.3713216014337095,1353.0,0.46327898296009096,0.09195738152637034,-0.3713216014337095,-1353.0,-0.4632789829600936,-0.09195738152638366,0.035431263885853825,0.013927753155048128,0.018881133108427983,0.03869465292194785,0.09836832682291674,0.19050117972847458,0.15005827505827507,100.0,100 troy oz,171600.0,38289966000.0,24160765200.0,14129200800.0,3039894000.0,-2073271200.0,21653689200.0,37293999600.0,-15640310400.0,-2807719200.0,2159414400.0,77293101600.0,78804211200.0,-1511109600.0,232174800.0,86143200.0,6528522000.0,5017412400.0,1511109600.0,-232174800.0,-86143200.0
2022-11-15,GOLD - COMMODITY EXCHANGE INC.,495171,227282,101013,126269,25.500079770422744,45.899699295798825,20.39961952537608,95881,19.363209881030997,135035,269343,-134308,-27.123559336067743,27.270377304002054,54.393936640069796,458198,466237,-8039,-1.6234795656449994,92.53328648083188,94.15676604647687,36973,28934,8039,1.6234795656449994,7.466713519168127,5.843233953523126,1776.800048828125,2022-11-21,2022-11-21,1739.5999755859375,-0.020936555729341944,2022-11-22,2022-11-22,1739.9000244140625,-0.020767685389472823,2022-11-23,2022-11-23,1745.5999755859375,-0.017559698550641767,2022-11-24,2022-11-25,1754.0,-0.012832084759994533,2022-11-25,2022-11-25,1754.0,-0.012832084759994533,-0.020936555729341944,0.00017248150858595324,0.0032760222379988324,0.004812113045111088,0.0,0.008277779153918585,0.035431263885853825,8.64380785254021,43931.0,0.21940302437227643,-8.424404828167937,-8.46451918834147,-43164.0,1.4373186372644184,9.901837825605888,0.17928866419873746,767.0,0.32187577272432577,0.1425871085256034,-0.17928866419873746,-767.0,-0.3218757727243293,-0.14258710852559364,-0.020767685389472823,-0.015983804386314304,0.003151719626319771,0.02740879661951534,0.0498649105983382,0.12167939285822738,0.10676494031896855,100.0,100 troy oz,177680.0048828125,40383466869.77539,17947990333.22754,22435476536.54785,7805660294.506836,8761934080.786133,23993019459.350586,47856865555.15137,-23863846095.80078,-7669379730.761719,-7867315256.201172,81412622877.29492,82840992436.54785,-1428369559.2529297,136280563.7451172,894618824.5849609,6569362820.532227,5140993261.279297,1428369559.2529297,-136280563.7451172,-894618824.5849609
2022-11-22,GOLD - COMMODITY EXCHANGE INC.,449542,214284,98171,116113,25.829177251513762,47.66718126448697,21.838004012973204,61208,13.615635468988438,133754,263818,-130064,-28.93255802572396,29.75339345378185,58.6859514795058,409246,423197,-13951,-3.1033807742101964,91.03621018725725,94.13959096146745,40296,26345,13951,3.1033807742101964,8.963789812742746,5.860409038532551,1739.9000244140625,2022-11-28,2022-11-28,1740.300048828125,0.00022991229866620166,2022-11-29,2022-11-29,1748.4000244140625,0.004885338169279274,2022-11-30,2022-11-30,1746.0,0.003505934536665034,2022-12-01,2022-12-01,1815.199951171875,0.04327830662751486,2022-12-02,2022-12-02,1809.5999755859373,0.040059744924336727,0.00022991229866620166,0.004654355776977592,-0.0013726975409227293,0.03963341991516334,-0.0030850461307705412,0.03982067736220385,-0.020767685389472823,0.32909748109101855,-10156.0,1.7674819686881449,1.4383844875971228,-1.8089986896562174,4244.0,2.4830161497797967,4.292014839436007,-1.479901208565197,-5912.0,-1.4970762935746222,-0.017175085009426994,1.479901208565197,5912.0,1.4970762935746196,0.017175085009425217,0.004885338169279274,0.024426690846396593,0.04919821506110078,0.049140754526280084,0.05896889139965933,0.13483531944023186,0.15041091298335152,100.0,100 troy oz,173990.00244140625,37283273683.1543,17080772529.675293,20202501153.479004,-1767042464.7949219,8365613307.385254,23271858786.54785,45901694464.086914,-22629835677.539062,738413570.3613281,-8673575611.706543,71204712539.13574,73632047063.1958,-2427334524.0600586,-1028628894.4335938,-307962304.32128906,7011101138.378906,4583766614.318848,2427334524.0600586,1028628894.4335938,307962304.32128906
2022-11-29,GOLD - COMMODITY EXCHANGE INC.,433661,209161,99158,110003,25.36612699781627,48.23145267847466,22.865325680658394,56370,12.998632572447141,134184,253417,-119233,-27.49451760707096,30.942141442278647,58.4366590493496,399715,408945,-9230,-2.1283906092546943,92.17222669320046,94.30061730245515,33946,24716,9230,2.1283906092546943,7.827773306799552,5.6993826975448565,1748.4000244140625,2022-12-05,2022-12-05,1781.300048828125,0.018817218001977665,2022-12-06,2022-12-06,1782.4000244140625,0.01944635067789724,2022-12-07,2022-12-07,1798.0,0.028368779966449598,2022-12-08,2022-12-08,1801.5,0.030370610183291902,2022-12-09,2022-12-09,1810.699951171875,0.03563253596881588,0.018817218001977665,0.0006175128028886867,0.008752230347991441,0.0019466073414904361,0.005106828294129784,0.016504744589824538,0.004885338169279274,-0.4630502536974923,-6110.0,0.5642714139876901,1.0273216676851895,1.4380404186529994,10831.0,1.1887479884967966,-0.24929243015620273,0.9749901649555022,4721.0,1.1360165059432035,0.16102634098770352,-0.9749901649555022,-4721.0,-1.1360165059431946,-0.16102634098769464,0.01944635067789724,0.04409744595592535,0.04404026477053202,0.0427247484150024,0.050503274722502045,0.119881018450672,0.16678104067383592,100.0,100 troy oz,174840.00244140625,36569709750.64697,17336784962.08496,19232924788.56201,-1068272414.9169922,7934239310.791016,23460730887.597656,44307428898.69385,-20846698011.09619,1893692066.442871,-7771812948.522949,69886171575.8667,71499944798.40088,-1613773222.5341797,825419651.5258789,162426362.2680664,5935118722.875977,4321345500.341797,1613773222.5341797,-825419651.5258789,-162426362.2680664
2022-12-06,GOLD - COMMODITY EXCHANGE INC.,422100,211472,96347,115125,27.274342572850035,50.09997630893154,22.825633736081496,55265,13.092868988391377,117578,247657,-130079,-30.81710495143331,27.85548448235015,58.672589433783465,384315,399269,-14954,-3.5427623785832743,91.04832977967307,94.59109215825634,37785,22831,14954,3.5427623785832743,8.951670220326937,5.4089078417436625,1782.4000244140625,2022-12-12,2022-12-12,1792.300048828125,0.005554322418345414,2022-12-13,2022-12-13,1825.5,0.024180865684237274,2022-12-14,2022-12-14,1818.699951171875,0.020365757551953356,2022-12-15,2022-12-15,1787.800048828125,0.0030296366360507143,2022-12-16,2022-12-16,1800.199951171875,0.009986493780297145,0.005554322418345414,0.018523656903085106,-0.0037250335952478952,-0.01699010456553851,0.0069358440569895485,0.004407689632612177,0.01944635067789724,1.9082155750337648,5122.0,1.8685236304568775,-0.03969194457689795,-3.3225873443623506,-10846.0,-3.086656959928497,0.23593038443386405,-1.41437176932858,-5724.0,-1.123896913527389,0.29047485580119314,1.41437176932858,5724.0,1.1238969135273855,-0.29047485580119403,0.024180865684237274,0.02412477525303869,0.02283435290304947,0.03573830245700038,0.021095138616987974,0.11170330613712176,0.14244839594721648,100.0,100 troy oz,178240.00244140625,37692769796.28906,17172889515.222168,20519880281.066895,912945292.5048828,5843954960.046387,20957103007.055664,44142384284.63135,-23185281277.575684,-1933191066.4794922,-6939774495.056152,68500306538.26904,71165707534.77783,-2665400996.508789,-1020245773.9746094,-1095819535.0097656,6734798492.248535,4069397495.739746,2665400996.508789,1020245773.9746094,1095819535.0097656
2022-12-13,GOLD - COMMODITY EXCHANGE INC.,437040,224409,98760,125649,28.749999999999996,51.34747391543109,22.59747391543108,55414,12.67938861431448,119908,258437,-138529,-31.697098663737872,27.436390261760934,59.13348892549881,399731,412611,-12880,-2.947098663737873,91.4632527915065,94.41035145524437,37309,24429,12880,2.947098663737873,8.536747208493502,5.589648544755629,1825.5,2022-12-19,2022-12-19,1797.699951171875,-0.01522873121233903,2022-12-20,2022-12-20,1825.4000244140625,-5.476613855792678e-05,2022-12-21,2022-12-21,1825.4000244140625,-5.476613855792678e-05,2022-12-22,2022-12-22,1795.300048828125,-0.016543386015817618,2022-12-23,2022-12-23,1804.199951171875,-0.011668062902287057,-0.01522873121233903,0.015408618787651651,0.0,-0.01648952294475803,0.004957334206925124,0.0036157313103128974,0.024180865684237274,1.4756574271499616,10524.0,1.2474976064995502,-0.22815982065041496,-0.8799937123045609,-8450.0,-0.41909422058921564,0.4608994917153453,0.5956637148454011,2074.0,0.41492301183343727,-0.18074070301197764,-0.5956637148454011,-2074.0,-0.4149230118334355,0.1807407030119661,-5.476613855792678e-05,-0.0013147216730006184,0.011284566193337398,0.0279375513557929,0.04678171701674194,0.07291151771346871,0.09186521565153383,100.0,100 troy oz,182550.0,40965862950.0,18028638000.0,22937224950.0,1921156200.0,-113181000.0,21889205400.0,47177674350.0,-25288468950.0,-1542547500.0,-770543550.0,72970894050.0,75322138050.0,-2351244000.0,378608700.0,-883724550.0,6810757950.0,4459513950.0,2351244000.0,-378608700.0,883724550.0
2022-12-20,GOLD - COMMODITY EXCHANGE INC.,436653,226136,97288,128848,29.50809910844538,51.78849109017916,22.28039198173378,55356,12.67734333669985,116465,258979,-142514,-32.63781538200814,26.67220882485635,59.31002420686448,397957,411623,-13666,-3.12971627356276,91.13804325173535,94.26775952529812,38696,25030,13666,3.12971627356276,8.86195674826464,5.7322404747018805,1825.4000244140625,2022-12-26,2022-12-27,1823.0999755859373,-0.0012600245411213962,2022-12-27,2022-12-27,1823.0999755859373,-0.0012600245411213962,2022-12-28,2022-12-28,1815.800048828125,-0.0052591078435090255,2022-12-29,2022-12-29,1826.0,0.0003286817014971355,2022-12-30,2022-12-30,1826.199951171875,0.0004382199776014062,-0.0012600245411213962,0.0,-0.004004128602692836,0.005617331698199779,0.00010950228470707479,0.001700387048132912,-5.476613855792678e-05,0.7580991084453821,3199.0,0.4410171747480689,-0.31708193369730253,-0.94071671827027,-3985.0,-0.7641814369045825,0.1765352813656733,-0.18261760982488706,-786.0,-0.3252095397711514,-0.14259192994624925,0.18261760982488706,786.0,0.325209539771139,0.14259192994625192,-0.0012600245411213962,0.011339953377353051,0.027993850609452142,0.046291223222221456,0.06338334043192173,0.0669989728947602,0.12419199638991807,100.0,100 troy oz,182540.00244140625,41278865992.08984,17758951757.51953,23519914234.570312,583945467.8100586,2324646931.0913086,21259521384.33838,47274027292.27295,-26014505907.93457,-727421909.7290039,-2272623030.395508,72643071751.5747,75137663424.93896,-2494591673.364258,-143476441.9189453,52023900.69580078,7063567934.472656,4568976261.108398,2494591673.364258,143476441.9189453,-52023900.69580078
2022-12-27,GOLD - COMMODITY EXCHANGE INC.,440040,229525,92645,136880,31.10626306699391,52.16003090628125,21.05376783928734,54347,12.350468139260068,116744,270520,-153776,-34.94591400781747,26.530315425870377,61.47622943368785,400616,417512,-16896,-3.8396509408235615,91.0408144714117,94.88046541223525,39424,22528,16896,3.8396509408235615,8.95918552858831,5.119534587764749,1823.0999755859373,2023-01-02,2023-01-03,1846.0999755859373,0.012615874229611412,2023-01-03,2023-01-03,1846.0999755859373,0.012615874229611412,2023-01-04,2023-01-04,1859.0,0.019691747515121705,2023-01-05,2023-01-05,1840.5999755859373,0.009599034739921741,2023-01-06,2023-01-06,1869.699951171875,0.02556084483022425,0.012615874229611412,0.0,0.006987717125107595,-0.009897807646080059,0.015810048881845784,0.012783693135821173,-0.0012600245411213962,1.5981639585485325,8032.0,0.37153981610209286,-1.2266241424464397,-2.308098625809329,-11262.0,-0.14189339898597453,2.166205226823365,-0.7099346672608013,-3230.0,-0.09722878032366111,0.6127058869371353,0.7099346672608013,3230.0,0.09722878032367,-0.6127058869371318,0.012615874229611412,0.029290782255043446,0.04761123909303322,0.06159840399977656,0.08249686052775296,0.05523562864939602,0.13531900419388654,100.0,100 troy oz,182309.99755859372,41844702189.63622,16890109723.815916,24954592465.82031,1464313900.3906248,4899945804.382323,21283598354.980465,49318500539.55077,-28034902184.57031,-2053175192.5048826,-6297534245.666503,73036301981.93358,76116611700.68358,-3080309718.7499995,-588861292.1142577,-1397588441.2841794,7187389343.749999,4107079624.9999995,3080309718.7499995,588861292.1142577,1397588441.2841794
2023-01-03,GOLD - COMMODITY EXCHANGE INC.,449393,230801,89135,141666,31.523855511768094,51.35838786986001,19.834532358091916,62735,13.959941521118486,113520,273494,-159974,-35.59779524825709,25.26074059898574,60.858535847242834,407056,425364,-18308,-4.073939736488998,90.57906998996424,94.65300972645323,42337,24029,18308,4.073939736488998,9.42093001003576,5.346990273546762,1846.0999755859373,2023-01-09,2023-01-09,1877.800048828125,0.017171374065007683,2023-01-10,2023-01-10,1876.5,0.016467160400895464,2023-01-11,2023-01-11,1878.9000244140625,0.017767211560530294,2023-01-12,2023-01-12,1898.800048828125,0.028546705995952992,2023-01-13,2023-01-13,1921.699951171875,0.0409511817267334,0.017171374065007683,-0.0006923254842475801,0.001278989828970234,0.010591316278399932,0.012060196837409443,0.02337836894356582,0.012615874229611412,0.4175924447741828,4786.0,-0.8016430364212397,-1.2192354811954225,-0.6518812404396215,-6198.0,-1.2695748268846359,-0.6176935864450144,-0.23428879566543648,-1412.0,-0.46174448144745384,-0.2274556857820187,0.23428879566543648,1412.0,0.4617444814474485,0.22745568578201336,0.016467160400895464,0.03455936822049721,0.048372271279502055,0.04517633146470956,0.10405718981983458,0.04517633146470956,0.12312438641665091,100.0,100 troy oz,184609.99755859372,42608172046.52099,16455212132.385252,26152959914.13574,883543448.3154296,4899733945.202636,20956926922.85156,50489726672.29003,-29532799749.438473,-1144212764.8681638,-5518915877.014159,75146607166.21092,78526447001.51366,-3379839835.302734,-260669316.55273435,-619181931.8115233,7815833466.638183,4435993631.335448,3379839835.302734,260669316.55273435,619181931.8115233
2023-01-10,GOLD - COMMODITY EXCHANGE INC.,481519,243566,93031,150535,31.262525466284817,50.58284304461507,19.320317578330243,79862,16.585430689131687,111718,284196,-172478,-35.819562675616126,23.201161324890606,59.02072400050673,435146,457089,-21943,-4.557037209331304,90.36943505863735,94.92647226796865,46373,24430,21943,4.557037209331304,9.630564941362646,5.0735277320313426,1876.5,2023-01-16,2023-01-17,1909.9000244140625,0.017799107068511955,2023-01-17,2023-01-17,1909.9000244140625,0.017799107068511955,2023-01-18,2023-01-18,1907.0,0.016253663735678048,2023-01-19,2023-01-19,1923.9000244140625,0.025259805176691907,2023-01-20,2023-01-20,1928.199951171875,0.027551266278643682,0.017799107068511955,0.0,-0.0015184168684181376,0.008862099850059035,0.00223500530341858,0.009581615018527945,0.016467160400895464,-0.26133004548327676,8869.0,-0.7755448252449426,-0.514214779761673,-0.22176742735903332,-12504.0,-2.0595792740951353,-1.837811846736102,-0.48309747284230564,-3635.0,-0.20963493132688882,0.27346254151541416,0.48309747284230564,3635.0,0.20963493132688704,-0.2734625415154195,0.017799107068511955,0.03138823576555416,0.028244071409539107,0.0044231541849852896,0.075939248601119,0.03229415165784033,0.08339994670929918,100.0,100 troy oz,187650.0,45705159900.0,17457267150.0,28247892750.0,1664267850.0,4669857900.0,20963882700.0,53329379400.0,-32365496700.0,-2346375600.0,-6370529850.0,81655146900.0,85772750850.0,-4117603950.0,-682107750.0,-1700671950.0,8701893450.0,4584289500.0,4117603950.0,682107750.0,1700671950.0
2023-01-17,GOLD - COMMODITY EXCHANGE INC.,491818,246874,93634,153240,31.15786734117092,50.19621079342358,19.03834345225266,74002,15.046622937753396,122814,298727,-175913,-35.76790601401331,24.971432521786515,60.739338535799824,443690,466363,-22673,-4.610038672842394,90.2142662529635,94.82430492580589,48128,25455,22673,4.610038672842394,9.785733747036506,5.175695074194112,1909.9000244140625,2023-01-23,2023-01-23,1928.5999755859373,0.0097910628477067,2023-01-24,2023-01-24,1935.4000244140625,0.013351484200238684,2023-01-25,2023-01-25,1942.5999755859373,0.017121289467445733,2023-01-26,2023-01-26,1930.0,0.010524098292581607,2023-01-27,2023-01-27,1929.4000244140625,0.010209958506064876,0.0097910628477067,0.0035258990533064694,0.003720135931100099,-0.00648614009280879,-0.00031086817924219634,0.0004148339926646205,0.017799107068511955,-0.10465812511389672,2705.0,-0.3866322511914859,-0.2819741260775821,0.0516566616028129,-3435.0,1.7702711968959086,1.7186145352930922,-0.05300146351109003,-730.0,-0.15516880567385272,-0.10216734216275825,0.05300146351109003,730.0,0.15516880567385982,0.10216734216276979,0.013351484200238684,0.010262304484733642,-0.013142036371059707,-0.023299648898455927,0.05748988185467874,0.03712237473572144,0.0629875518194829,100.0,100 troy oz,190990.00244140625,47150465862.71973,17883157888.598633,29267307974.121094,516627956.6040039,4658628139.550781,23456246159.838867,57053870459.313965,-33597624299.475098,-656050658.3862305,-6378875091.540527,84740354183.22754,89070670508.58154,-4330316325.354004,-139422701.78222656,-1720246951.989746,9191966837.5,4861650512.145996,4330316325.354004,139422701.78222656,1720246951.989746
2023-01-24,GOLD - COMMODITY EXCHANGE INC.,499927,253311,95638,157673,31.539204723889686,50.669597761273145,19.13039303738346,71317,14.265482760483032,127419,307973,-180554,-36.11607294665021,25.487521178092003,61.60359412474221,452047,474928,-22881,-4.576868222760523,90.42260169984819,94.99946992260871,47880,24999,22881,4.576868222760523,9.577398300151822,5.000530077391299,1935.4000244140625,2023-01-30,2023-01-30,1922.9000244140625,-0.00645861312510021,2023-01-31,2023-01-31,1929.5,-0.0030484780095261232,2023-02-01,2023-02-01,1942.800048828125,0.0038235115845381973,2023-02-02,2023-02-02,1930.800048828125,-0.002376757015558173,2023-02-03,2023-02-03,1876.5999755859373,-0.03038134136942916,-0.00645861312510021,0.0034323030329923565,0.006893002761401812,-0.00617665209924112,-0.028071303020260285,-0.02407824028305039,0.013351484200238684,0.3813373827187654,4433.0,0.4733869678495637,0.0920495851307983,-0.34816693263690013,-4641.0,0.5160886563054881,0.8642555889423846,0.033170450081870584,-208.0,0.2083354468846892,0.17516499680282038,-0.033170450081870584,208.0,-0.20833544688468386,-0.17516499680281328,-0.0030484780095261232,-0.026144453315927074,-0.03616823350056142,-0.04800042536022375,0.03570320074107536,0.014622262271790643,0.04670870273520378,100.0,100 troy oz,193540.00244140625,49025811558.43506,18509778753.49121,30516032804.943848,857962830.8227539,4024277270.76416,24660673571.081543,59605095171.88721,-34944421600.805664,-898219151.3305664,-5182614185.375977,87489177483.63037,91917566279.49219,-4428388795.861816,-40256320.5078125,-1158336914.6118164,9266695316.894531,4838306521.032715,4428388795.861816,40256320.5078125,1158336914.6118164
2023-01-31,GOLD - COMMODITY EXCHANGE INC.,471642,256417,96136,160281,33.98361469080362,54.36687148303162,20.383256792228003,51094,10.833216719460948,120147,300667,-180520,-38.27479316939543,25.474194410167033,63.74898757956247,427658,447897,-20239,-4.291178478591813,90.67428261265961,94.96546109125141,43984,23745,20239,4.291178478591813,9.325717387340399,5.034538908748585,1929.5,2023-02-06,2023-02-06,1879.5,-0.025913449080072537,2023-02-07,2023-02-07,1884.800048828125,-0.023166598171482256,2023-02-08,2023-02-08,1890.699951171875,-0.02010886179223892,2023-02-09,2023-02-09,1878.5,-0.026431718061673992,2023-02-10,2023-02-10,1874.5,-0.028504793988079813,-0.025913449080072537,0.002819924888600722,0.0031302537090966975,-0.006452610930842484,-0.0021293585307425866,-0.002660281989890878,-0.0030484780095261232,2.444409966913934,2608.0,3.697273721758478,1.2528637548445438,-2.1587202227452167,34.0,-0.013326767924969118,2.1453934548202582,0.2856897441687103,2642.0,0.25168091281142324,-0.03400883135729771,-0.2856897441687103,-2642.0,-0.25168091281142324,0.03400883135728616,-0.023166598171482256,-0.033221029067601715,-0.04508940139932627,-0.04809538679871728,0.04861365578031873,0.0255506860990542,0.052863436123347984,100.0,100 troy oz,192950.0,49475660150.0,18549441200.0,30926218950.0,503213600.0,3591764250.0,23182363650.0,58013697650.0,-34831334000.0,6560300.0,-3964350700.0,82516611100.0,86421726150.0,-3905115050.0,509773900.0,-372586450.0,8486712800.0,4581597750.0,3905115050.0,-509773900.0,372586450.0
2023-02-07,GOLD - COMMODITY EXCHANGE INC.,439755,223298,94483,128815,29.292446930677308,50.77781946765813,21.48537253698082,49579,11.274232242953461,118802,271768,-152966,-34.784368568862206,27.015497265522846,61.79986583438506,391679,415830,-24151,-5.491921638184898,89.06754897613443,94.55947061431934,48076,23925,24151,5.491921638184898,10.93245102386556,5.440529385680663,1884.800048828125,2023-02-13,2023-02-13,1863.5,-0.01130095939957576,2023-02-14,2023-02-14,1865.4000244140625,-0.010292881956430633,2023-02-15,2023-02-15,1845.300048828125,-0.02095713018712997,2023-02-16,2023-02-16,1851.800048828125,-0.017508488510766806,2023-02-17,2023-02-17,1850.199951171875,-0.018357436735935262,-0.01130095939957576,0.0010195999002213796,-0.010775155635720068,0.003522462379019542,-0.0008640769057450814,-0.007137133795613093,-0.023166598171482256,-4.691167760126312,-31466.0,-3.589052015373497,1.1021157447528154,3.490424600533224,27554.0,1.5413028553558128,-1.9491217451774077,-1.2007431595930855,-3912.0,-1.6067336365251776,-0.40599047693207524,1.2007431595930855,3912.0,1.6067336365251617,0.4059904769320779,-0.010292881956430633,-0.022442724815518234,-0.025520000217612582,-0.034380330618313804,0.08388156382117895,0.03984506241531083,0.08839126124768959,100.0,100 troy oz,188480.0048828125,42087208130.322266,17808156301.342773,24279051828.979492,-5930711833.642578,-4093785706.0546875,22391801540.08789,51222833966.99219,-28831032426.904297,5193378054.541016,3677621855.2734375,73823659832.49512,78375640430.41992,-4551980597.924805,-737333779.1015625,-416163850.78125,9061364714.746094,4509384116.821289,4551980597.924805,737333779.1015625,416163850.78125
2023-02-14,GOLD - COMMODITY EXCHANGE INC.,426116,210374,104845,105529,24.765322118859654,49.37012456701931,24.604802448159656,49486,11.613269626111201,120812,249884,-129072,-30.290343474546837,28.351904176327576,58.64224765087441,380672,404215,-23543,-5.525021355687184,89.33529836945809,94.86031972514527,45444,21901,23543,5.525021355687184,10.664701630541918,5.139680274854734,1865.4000244140625,2023-02-20,2023-02-21,1842.5,-0.012276200340061383,2023-02-21,2023-02-21,1842.5,-0.012276200340061383,2023-02-22,2023-02-22,1841.5,-0.012812278386009845,2023-02-23,2023-02-23,1826.800048828125,-0.020692599485765517,2023-02-24,2023-02-24,1817.0999755859373,-0.025892595794994033,-0.012276200340061383,0.0,-0.0005427408412482793,-0.00798259634638876,-0.0053098713504032835,-0.013785630618215916,-0.010292881956430633,-4.527124811817654,-23286.0,-1.4076949006388162,3.1194299111788375,4.494025094315369,23894.0,1.3364069108047296,-3.1576181835106496,-0.03309971750228602,608.0,0.26774939332365477,0.30084911082593635,0.03309971750228602,-608.0,-0.26774939332364234,-0.30084911082592924,-0.012276200340061383,-0.015385479182247974,-0.02433795637390057,0.024391551090652497,0.0684035455751737,0.037418208343670045,0.07601582765195536,100.0,100 troy oz,186540.00244140625,39243166473.6084,19557786555.96924,19685379917.63916,-4343770496.850586,-8900010056.481934,22536270774.95117,46613361970.06836,-24077091195.117188,4457186818.334961,8737720254.35791,71010555809.375,75402267086.85303,-4391711277.478027,113416321.484375,-162289802.12402344,8477123870.947266,4085412593.4692383,4391711277.478027,-113416321.484375,162289802.12402344
2023-02-21,GOLD - COMMODITY EXCHANGE INC.,422648,210185,103084,107101,25.340472449887375,49.7305086029036,24.39003615301622,49467,11.704065794703867,119040,248395,-129355,-30.6058469459219,28.165281747458877,58.77112869338078,378692,400946,-22254,-5.265374496034525,89.59985614506635,94.86523064110088,43956,21702,22254,5.265374496034525,10.400143854933656,5.134769358899131,1842.5,2023-02-27,2023-02-27,1824.9000244140625,-0.009552225555461313,2023-02-28,2023-02-28,1836.699951171875,-0.003147923380257822,2023-03-01,2023-03-01,1845.4000244140625,0.001573961690128911,2023-03-02,2023-03-02,1840.5,-0.0010854816824965585,2023-03-03,2023-03-03,1854.5999755859373,0.006567150928595611,-0.009552225555461313,0.006466067510520812,0.004736796141708632,-0.002655264088672782,0.007660948430283865,0.01627483740179736,-0.012276200340061383,0.5751503310277215,1572.0,0.36038403588428736,-0.2147662951434377,-0.31550347137506307,-283.0,-0.18662242886869862,0.12888104250637156,0.2596468596526593,1289.0,0.2645577756082673,0.004910915955605333,-0.2596468596526593,-1289.0,-0.264557775608262,-0.004910915955602668,-0.003147923380257822,-0.012211668928086894,0.03712348679189281,0.05351423369657393,0.07164179104477619,0.04531886024423337,0.10708279447930802,100.0,100 troy oz,184250.0,38726586250.0,18993227000.0,19733359250.0,289641000.0,-9317891000.0,21933120000.0,45766778750.0,-23833658750.0,-52142750.0,9433415750.0,69774001000.0,73874300500.0,-4100299500.0,237498250.0,115524750.0,8098893000.0,3998593500.0,4100299500.0,-237498250.0,-115524750.0
2023-02-28,GOLD - COMMODITY EXCHANGE INC.,426890,208419,99826,108593,25.438169083370422,48.82264752043852,23.384478437068097,53122,12.443955117243318,123391,250878,-127487,-29.864133617559556,28.90463585466982,58.76876947222938,384932,403826,-18894,-4.425964534189135,90.17123849235166,94.5972030265408,41958,23064,18894,4.425964534189135,9.82876150764834,5.402796973459205,1836.699951171875,2023-03-06,2023-03-06,1854.5999755859373,0.009745753193188378,2023-03-07,2023-03-07,1820.0,-0.009092367624455977,2023-03-08,2023-03-08,1818.5999755859373,-0.009854617557097045,2023-03-09,2023-03-09,1834.5999755859373,-0.001143341668081277,2023-03-10,2023-03-10,1867.199951171875,0.016605869663436357,0.009745753193188378,-0.01865630111151373,-0.0007692441835509545,0.00879797658352266,0.017769527973271693,0.006793904751323465,-0.003147923380257822,0.09769663348304647,1492.0,-0.9078610824650752,-1.0055577159481217,0.7417133283623443,1868.0,0.7393541072109429,-0.002359221151401414,0.8394099618453899,3360.0,0.5713823472853079,-0.26802761456008284,-0.8394099618453899,-3360.0,-0.5713823472853168,0.26802761456007396,-0.009092367624455977,0.04039858181236711,0.05684108846817981,0.074481435435789,0.06604238691830511,0.06990800230170358,0.11291992700371889,100.0,100 troy oz,183669.9951171875,38280316712.3291,18335040932.56836,19945275779.760742,274035632.71484375,-9493534707.617188,22663224367.504883,46078761035.009766,-23415536667.504883,343095550.87890625,9740570851.049805,70700458560.44922,74170719448.19336,-3470260887.7441406,617131183.59375,247036143.4326172,7706425655.126953,4236164767.3828125,3470260887.7441406,-617131183.59375,-247036143.4326172
2023-03-07,GOLD - COMMODITY EXCHANGE INC.,458474,215574,117100,98474,21.478644372418067,47.019896439056524,25.54125206663846,73866,16.111273485519355,125394,244314,-118920,-25.938221142311235,27.35029685434725,53.28851799665848,414834,435280,-20446,-4.459576769893167,90.48146677892312,94.9410435488163,43640,23194,20446,4.459576769893167,9.518533221076876,5.058956451183709,1820.0,2023-03-13,2023-03-13,1916.5,0.053021978021978056,2023-03-14,2023-03-14,1910.9000244140625,0.049945068359374956,2023-03-15,2023-03-15,1931.300048828125,0.06115387298248631,2023-03-16,2023-03-16,1923.0,0.056593406593406614,2023-03-17,2023-03-17,1973.5,0.08434065934065926,0.053021978021978056,-0.002921980477922026,0.010675610525630486,-0.004297648536363496,0.026261050442017764,0.029741716671014773,-0.009092367624455977,-3.959524710952355,-10119.0,-1.8027510813819987,2.1567736295703632,3.925912475248321,8567.0,-1.554339000322571,-5.480251475570903,-0.033612235704032045,-1552.0,0.3102282865714585,0.34384052227549944,0.033612235704032045,1552.0,-0.31022828657146384,-0.3438405222754959,0.049945068359374956,0.06653844812414134,0.08434065934065926,0.11989008306146975,0.08873626373626364,0.07285712944282263,0.1768680782108516,100.0,100 troy oz,182000.0,39234468000.0,21312200000.0,17922268000.0,-1841658000.0,-5522062000.0,22821708000.0,44465148000.0,-21643440000.0,1559194000.0,6196372000.0,75499788000.0,79220960000.0,-3721172000.0,-282464000.0,674310000.0,7942480000.0,4221308000.0,3721172000.0,282464000.0,-674310000.0
2023-03-14,GOLD - COMMODITY EXCHANGE INC.,459064,230823,90492,140331,30.56894027847969,50.28122440444034,19.71228412596065,63989,13.939015039297352,122457,277897,-155440,-33.86020249899796,26.675365526375405,60.535568025373365,417269,432378,-15109,-3.291262220518272,90.8956049701131,94.18686719063138,41795,26686,15109,3.291262220518272,9.1043950298869,5.8131328093686285,1910.9000244140625,2023-03-20,2023-03-20,1982.800048828125,0.03762626170676264,2023-03-21,2023-03-21,1941.0999755859373,0.015804045625639196,2023-03-22,2023-03-22,1949.5999755859373,0.020252211354563787,2023-03-23,2023-03-23,1995.9000244140625,0.04448165728924702,2023-03-24,2023-03-24,1983.800048828125,0.038149575321930085,0.03762626170676264,-0.021030901863671736,0.0043789604383639436,0.0237484865654094,-0.006062415671090338,0.0005043372883670738,0.049945068359374956,9.090295906061623,41857.0,3.2613279653838134,-5.82896794067781,-7.921981356686722,-36520.0,-0.6749313279718443,7.247050028714888,1.168314549374895,5337.0,0.4141381911899771,-0.754176358184921,-1.168314549374895,-5337.0,-0.4141381911899753,0.7541763581849192,0.015804045625639196,0.03275941953328121,0.06661778488220294,0.05657018902340738,0.02496203389107232,0.012664163934633432,0.13354967291940834,100.0,100 troy oz,191090.00244140625,44107967633.532715,17292116500.927734,26815851132.60498,7998454232.189941,6650314264.96582,23400308428.967285,53103338408.45947,-29703029979.492188,-6978606889.160156,-5038661184.375,79735934228.72314,82623113075.61035,-2887178846.887207,1019847343.0297852,1611653080.5908203,7986606652.038574,5099427805.151367,2887178846.887207,-1019847343.0297852,-1611653080.5908203
2023-03-21,GOLD - COMMODITY EXCHANGE INC.,469874,237891,79286,158605,33.75479383834815,50.62867917782214,16.873885339473986,62681,13.339959223110876,121678,305246,-183568,-39.06749469006584,25.895878469547156,64.963373159613,422250,447213,-24963,-5.312700851717694,89.86451687048017,95.17721772219787,47624,22661,24963,5.312700851717694,10.135483129519828,4.822782277802134,1941.0999755859373,2023-03-27,2023-03-27,1953.800048828125,0.006542719799042862,2023-03-28,2023-03-28,1973.5,0.01669157942484767,2023-03-29,2023-03-29,1966.9000244140625,0.0132914580148491,2023-03-30,2023-03-30,1980.300048828125,0.02019477293041283,2023-03-31,2023-03-31,1969.0,0.014373306251596274,0.006542719799042862,0.010082890101108744,-0.003344299764853065,0.006812763357433083,-0.005706230646619459,0.007779686145975795,0.015804045625639196,3.185853559868459,18274.0,0.34745477338180564,-2.838398786486664,-5.207292191067886,-28128.0,-0.7794870568282484,4.427805134239634,-2.021438631199422,-9854.0,-1.0310880996329246,0.9903505315664916,2.021438631199422,9854.0,1.0310880996329281,-0.9903505315664942,0.01669157942484767,0.050023170783167537,0.0401318970655018,0.040492492182022444,0.003400121409998791,0.006491152307667392,0.11261654646095787,100.0,100 troy oz,194109.99755859372,46177021429.21142,15390205266.430662,30786816162.780758,3547166095.3857417,9997441314.25781,23618916282.934566,59251300314.7705,-35632384031.83593,-5459926011.328124,-10523285297.644041,81962946469.1162,86808514338.17137,-4845567869.055175,-1912759915.9423826,-525843983.3862304,9244294523.730467,4398726654.675292,4845567869.055175,1912759915.9423826,525843983.3862304
2023-03-28,GOLD - COMMODITY EXCHANGE INC.,478611,245135,63505,181630,37.949399407869855,51.218003765061816,13.268604357191958,54302,11.34574842617491,131786,333294,-201508,-42.10266792865187,27.535096351734502,69.63776428038638,431223,451101,-19878,-4.153268520782013,90.09884854297123,94.25211706375323,47388,27510,19878,4.153268520782013,9.901151457028776,5.747882936246764,1973.5,2023-04-03,2023-04-03,2000.4000244140625,0.01363061789412856,2023-04-04,2023-04-04,2038.199951171875,0.03278436846814037,2023-04-05,2023-04-05,2035.5999755859373,0.031466924543165575,2023-04-06,2023-04-06,2026.4000244140625,0.02680518085333805,2023-04-07,2023-04-10,2003.800048828125,0.015353457728971343,0.01363061789412856,0.018896183911457642,-0.001275623416850169,-0.004519528041960541,-0.011152771078589141,0.0016996722518329843,0.01669157942484767,4.1946055695217055,23025.0,0.5893245872396733,-3.6052809822820286,-3.035173238586026,-17940.0,1.6392178821873458,4.674391120773379,1.1594323309356813,5085.0,0.23433167249105225,-0.9251006584446344,-1.1594323309356813,-5085.0,-0.23433167249105225,0.92510065844463,0.03278436846814037,0.023055485178616664,0.0234101602087029,0.01570813275905758,-0.02518365906859643,-0.027210514908474814,0.10321760890391429,100.0,100 troy oz,197350.0,48377392250.0,12532711750.0,35844680500.0,4543983750.0,14413851950.0,26007967100.0,65775570900.0,-39767603800.0,-3540459000.0,-14608044350.0,85101859050.0,89024782350.0,-3922923300.0,1003524750.0,-194192400.0,9352021800.0,5429098500.0,3922923300.0,-1003524750.0,194192400.0
2023-04-04,GOLD - COMMODITY EXCHANGE INC.,476592,266164,70948,195216,40.9608218350287,55.847349514889046,14.886527679860343,44819,9.404060496189613,116869,335119,-218250,-45.79388659482325,24.521813207103772,70.31569980192701,427852,450886,-23034,-4.833064759794541,89.77322321818242,94.60628797797696,48740,25706,23034,4.833064759794541,10.226776781817572,5.39371202202303,2038.199951171875,2023-04-10,2023-04-10,2003.800048828125,-0.016877589622142586,2023-04-11,2023-04-11,2019.0,-0.00942005280729985,2023-04-12,2023-04-12,2024.9000244140625,-0.006525329740178609,2023-04-13,2023-04-13,2055.300048828125,0.008389803780741945,2023-04-14,2023-04-14,2015.800048828125,-0.010990041644771464,-0.016877589622142586,0.007585562831363468,0.002922250824201278,0.015013098941938807,-0.01921860509978668,0.005988621472994726,0.03278436846814037,3.0114224271588483,13586.0,4.62934574982723,1.6179233226683856,-3.6912186661713804,-16742.0,-3.01328314463073,0.6779355215406326,-0.6797962390125285,-3156.0,-0.3256253247888026,0.3541709142237295,0.6797962390125285,3156.0,0.32562532478879547,-0.3541709142237339,-0.00942005280729985,-0.009076636465113919,-0.016534173279956654,-0.007310324158914416,-0.05333134813852647,-0.09650669997258177,0.11951727185362304,100.0,100 troy oz,203819.9951171875,54249545180.37109,14460621013.574219,39788924166.796875,2769098453.6621094,19717953967.626953,23820239009.350586,68303952943.67676,-44483713934.32617,-3412354358.251953,-20245440114.990234,87204792550.8789,91899582318.4082,-4694789767.529297,-643255904.5898438,-527486147.36328125,9934186562.011719,5239396794.482422,4694789767.529297,643255904.5898438,527486147.36328125
2023-04-11,GOLD - COMMODITY EXCHANGE INC.,476567,260165,67420,192745,40.44447055713048,54.59148451319542,14.147013956064939,47590,9.98600406658455,119710,336258,-216548,-45.43915126309627,25.119238218340755,70.55838948143702,427465,451268,-23803,-4.994680705965793,89.69672679812074,94.69140750408653,49102,25299,23803,4.994680705965793,10.303273201879275,5.308592495913481,2019.0,2023-04-17,2023-04-17,2007.0,-0.005943536404160454,2023-04-18,2023-04-18,2019.699951171875,0.0003466821059312508,2023-04-19,2023-04-19,2007.300048828125,-0.00579492380974489,2023-04-20,2023-04-20,2019.0999755859373,4.951737787872723e-05,2023-04-21,2023-04-21,1990.5,-0.014115898959881079,-0.005943536404160454,0.0063278281872820585,-0.006139477468697918,0.005878506685984108,-0.014164714938217804,-0.008221225710014934,-0.00942005280729985,-0.5163512778982238,-2471.0,-1.2558650016936284,-0.7395137237954046,0.35473533172697813,1702.0,0.5974250112369823,0.24268967951000775,-0.16161594617125186,-769.0,-0.07649642006168733,0.08511952610956541,0.16161594617125186,769.0,0.07649642006170332,-0.08511952610954943,0.0003466821059312508,-0.007181773155027216,0.002129791395802272,0.01183755543044196,-0.040564648050551155,-0.07117382425551011,0.1700841517304359,100.0,100 troy oz,201900.0,52527313500.0,13612098000.0,38915215500.0,-498894900.0,10582386600.0,24169449000.0,67890490200.0,-43721041200.0,343633800.0,-12337705200.0,86305183500.0,91111009200.0,-4805825700.0,-155261100.0,-1755318600.0,9913693800.0,5107868100.0,4805825700.0,155261100.0,1755318600.0
2023-04-18,GOLD - COMMODITY EXCHANGE INC.,482254,260061,70168,189893,39.376137885844386,53.92614680230749,14.550008916463108,48050,9.963629124900987,123496,339921,-216425,-44.87780298349003,25.60808204804937,70.4858850315394,431607,458139,-26532,-5.501665097645639,89.49785797525786,94.99952307290349,50647,24115,26532,5.501665097645639,10.502142024742147,5.00047692709651,2019.699951171875,2023-04-24,2023-04-24,1999.800048828125,-0.00985290034403552,2023-04-25,2023-04-25,2004.5,-0.007525846184754159,2023-04-26,2023-04-26,1996.0,-0.011734392110136826,2023-04-27,2023-04-27,1999.0,-0.010249022960001741,2023-04-28,2023-04-28,1999.0999755859373,-0.01019952274296243,-0.00985290034403552,0.0023502105496142622,-0.004240458967323502,0.0015030060120240218,5.001279936833747e-05,-0.0003500716197091247,0.0003466821059312508,-1.0683326712860932,-2852.0,-0.6653377108879255,0.4029949603981695,0.5613482796062428,123.0,0.48884382970861395,-0.07250444989762173,-0.506984391679846,-2729.0,-0.19886882286287744,0.3081155688169588,0.506984391679846,2729.0,0.1988688228628721,-0.3081155688169712,-0.007525846184754159,0.0017824913320223512,0.011486891024939716,-0.013219761260271912,-0.019260238294890986,-0.04159033620378183,0.19215730407433318,100.0,100 troy oz,201969.9951171875,52524518900.1709,14171830617.382812,38352688282.788086,-576018426.0742188,6319237207.2265625,24942486516.992188,68653842710.22949,-43711356193.237305,24842309.399414062,-6636128129.56543,87171663682.54395,92530331592.99316,-5358667910.449219,-551176116.6748047,-316890922.3388672,10229174342.700195,4870506432.250977,5358667910.449219,551176116.6748047,316890922.3388672
2023-04-25,GOLD - COMMODITY EXCHANGE INC.,473209,253186,67922,185264,39.15056560631772,53.50405423396427,14.353488627646557,44457,9.394791730503858,124518,336446,-211928,-44.78528514884544,26.3135316530328,71.09881680187824,422161,448825,-26664,-5.63471954252772,89.21237761750093,94.84709716002865,51048,24384,26664,5.63471954252772,10.787622382499066,5.152902839971345,2004.5,2023-05-01,2023-05-01,1992.199951171875,-0.006136217923734089,2023-05-02,2023-05-02,2023.300048828125,0.009378921839922727,2023-05-03,2023-05-03,2037.0,0.01621351958094297,2023-05-04,2023-05-04,2055.699951171875,0.02554250494980037,2023-05-05,2023-05-05,2024.800048828125,0.010127238128273985,-0.006136217923734089,0.015610931843440756,0.006771092196538042,0.009180142941519476,-0.01503132902549087,0.01636386831405834,-0.007525846184754159,-0.22557227952666636,-4629.0,-0.4220925683432242,-0.1965202888165507,0.09251783464458896,4497.0,0.705449604983432,0.6129317703388466,-0.13305444488208096,-132.0,-0.28548035775692426,-0.15242591287483265,0.13305444488208096,132.0,0.28548035775691893,0.1524259128748353,0.009378921839922727,0.0191569091614181,-0.005737091544025907,-0.014966325767024169,-0.02035422740240711,-0.009179358650068692,0.16842110135008737,100.0,100 troy oz,200450.0,50751133700.0,13614964900.0,37136168800.0,-927883050.0,728435300.0,24959633100.0,67440600700.0,-42480967600.0,901423650.0,-2088689000.0,84622172450.0,89966971250.0,-5344798800.0,-26459400.0,-1360253700.0,10232571600.0,4887772800.0,5344798800.0,26459400.0,1360253700.0
2023-05-02,GOLD - COMMODITY EXCHANGE INC.,493804,262413,66846,195567,39.60417493580449,53.141124818754,13.53694988294951,56438,11.429231030935352,127451,345035,-217584,-44.062826546565034,25.81003799078177,69.8728645373468,446302,468319,-22017,-4.458651610760544,90.38039384047111,94.83904545123167,47502,25485,22017,4.458651610760544,9.619606159528882,5.160954548768338,2023.300048828125,2023-05-08,2023-05-08,2033.199951171875,0.004892948205820424,2023-05-09,2023-05-09,2042.9000244140625,0.009687132463269466,2023-05-10,2023-05-10,2037.0999755859373,0.0068205043368654295,2023-05-11,2023-05-11,2020.5,-0.0013839019228742977,2023-05-12,2023-05-12,2019.800048828125,-0.0017298472374510654,0.004892948205820424,0.004770840780611296,-0.0028391251450441413,-0.008148827148830806,-0.0003464247324300729,-0.006590548232123794,0.009378921839922727,0.4536093294867669,10303.0,-0.36292941521026734,-0.8165387446970467,0.7224586022804047,-5656.0,-0.5034936622510315,-1.2259522645314433,1.176067931767176,4647.0,1.1680162229701807,-0.008051708796983803,-1.176067931767176,-4647.0,-1.1680162229701843,0.008051708796992685,0.009687132463269466,-0.014975558788561494,-0.02411903704366014,-0.03227403116307248,-0.021993772019021085,-0.014333019967451954,0.13819000977021,100.0,100 troy oz,202330.0048828125,53094023571.31348,13524951506.396484,39569072064.91699,2084606040.3076172,71017831.71386719,25787161452.319336,69810933234.74121,-44023771782.421875,-1144378507.6171875,134751783.25195312,90300285839.20898,94754985556.71387,-4454699717.504883,940227532.6904297,205769614.9658203,9611079891.94336,5156380174.438477,4454699717.504883,-940227532.6904297,-205769614.9658203
2023-05-09,GOLD - COMMODITY EXCHANGE INC.,518951,266472,70658,195814,37.732656840433876,51.34820050447922,13.615543664045354,69482,13.388932673797719,130985,353500,-222515,-42.877843958292786,25.240340610192487,68.11818456848528,466939,493640,-26701,-5.145187117858911,89.97747378846942,95.12266090632833,52012,25311,26701,5.145187117858911,10.022526211530568,4.877339093671656,2042.9000244140625,2023-05-15,2023-05-15,2022.699951171875,-0.009887940183456179,2023-05-16,2023-05-16,1993.0,-0.024426072650508,2023-05-17,2023-05-17,1984.9000244140625,-0.028391012436663643,2023-05-18,2023-05-18,1959.800048828125,-0.04067745586804816,2023-05-19,2023-05-19,1981.5999755859373,-0.030006387045644622,-0.009887940183456179,-0.014683320259471944,-0.004064212536847744,-0.012645460868159875,0.011123546389769645,-0.02031936351317254,0.009687132463269466,-1.871518095370611,247.0,-1.792924314274778,0.0785937810958437,1.1849825882722484,-4931.0,-0.5696973805892824,-1.7546799688615238,-0.686535507098367,-4684.0,-0.40292005200169,0.2836154550966654,0.686535507098367,4684.0,0.40292005200168646,-0.2836154550966814,-0.024426072650508,-0.033481826617374866,-0.04155858015539127,-0.03005532511639819,-0.04062851779729448,-0.03397132683180004,0.137696374465752,100.0,100 troy oz,204290.00244140625,54437565530.56641,14434722992.504883,40002842538.06152,50459630.603027344,626966017.4926758,26758925969.787598,72216515863.03711,-45457589893.24951,-1007354002.0385742,-1218998444.567871,95390969449.9878,100845716805.17578,-5454747355.187988,-956894371.4355469,-592032427.0751953,10625531606.982422,5170784251.794434,5454747355.187988,956894371.4355469,592032427.0751953
2023-05-16,GOLD - COMMODITY EXCHANGE INC.,521832,255250,75436,179814,34.458216437474135,48.91420993729783,14.4559934998237,73408,14.067362676110317,138322,349879,-211557,-40.541208664857656,26.506998420947735,67.04820708580539,466980,498723,-31743,-6.082992227383525,89.48857103435589,95.57156326173941,54852,23109,31743,6.082992227383525,10.511428965644114,4.42843673826059,1993.0,2023-05-22,2023-05-22,1977.199951171875,-0.00792777161471403,2023-05-23,2023-05-23,1974.5,-0.009282488710486758,2023-05-24,2023-05-24,1964.5999755859373,-0.014249886810869361,2023-05-25,2023-05-25,1943.699951171875,-0.02473660252289267,2023-05-26,2023-05-26,1944.300048828125,-0.024435499835361307,-0.00792777161471403,-0.0013655428072789633,-0.005013939941282741,-0.010638310431531406,0.0003087398628003335,-0.016639643514177904,-0.024426072650508,-3.2744404029597405,-16000.0,-2.4339905671813966,0.8404498357783456,2.3366352934351298,10958.0,1.2666578107552482,-1.0699774826798887,-0.9378051095246143,-5042.0,-0.4889027541135391,0.4489023554110787,0.9378051095246143,5042.0,0.4889027541135462,-0.44890235541106627,-0.009282488710486758,-0.017561465127947873,-0.005770195684897117,-0.01726042368994618,-0.029001529768251433,-0.01329653788258911,0.18409428115592075,100.0,100 troy oz,199300.0,50871325000.0,15034394800.0,35836930200.0,-3188800000.0,-2008744700.0,27567574600.0,69730884700.0,-42163310100.0,2183929400.0,970192400.0,93069114000.0,99395493900.0,-6326379900.0,-1004870600.0,-1038552300.0,10932003600.0,4605623700.0,6326379900.0,1004870600.0,1038552300.0
2023-05-23,GOLD - COMMODITY EXCHANGE INC.,479080,236149,75417,160732,33.55013776404776,49.292185021290805,15.74204725724305,50620,10.566084996242799,142984,330007,-187023,-39.037947733155214,29.845537279786257,68.88348501294146,429753,456044,-26291,-5.487809969107456,89.70380729731986,95.19161726642731,49327,23036,26291,5.487809969107456,10.296192702680138,4.808382733572681,1974.5,2023-05-29,2023-05-30,1958.0,-0.00835654596100277,2023-05-30,2023-05-30,1958.0,-0.00835654596100277,2023-05-31,2023-05-31,1963.9000244140625,-0.0053684353435996535,2023-06-01,2023-06-01,1995.5,0.010635603950367223,2023-06-02,2023-06-02,1969.5999755859373,-0.0024816532864333496,-0.00835654596100277,0.0,0.0030132913248530624,0.01609041967162539,-0.012979215441775382,0.005924400197107937,-0.009282488710486758,-0.9080786734263739,-19082.0,0.37797508399297897,1.2860537574193494,1.5032609317024423,24534.0,3.338538858838522,1.835277927136076,0.5951822582760693,5452.0,0.2152362629639697,-0.3799459953120987,-0.5951822582760693,-5452.0,-0.2152362629639768,0.3799459953120907,-0.00835654596100277,0.0035452013167891483,-0.0080526839271019,-0.013573081199354298,-0.024563180552038544,0.013724981304602313,0.22861478974107374,100.0,100 troy oz,197450.0,46627620050.0,14891086650.0,31736533400.0,-3767740900.0,-4843843400.0,28232190800.0,65159882150.0,-36927691350.0,4844238300.0,4917492250.0,84854729850.0,90045887800.0,-5191157950.0,1076497400.0,73648850.0,9739616150.0,4548458200.0,5191157950.0,-1076497400.0,-73648850.0
2023-05-30,GOLD - COMMODITY EXCHANGE INC.,449515,237306,67990,169316,37.66637375838403,52.79156424146024,15.125190483076203,35269,7.8460118127315,133329,323334,-190005,-42.26888980345483,29.660634239124388,71.92952404257923,405904,426593,-20689,-4.602516045070799,90.29821029331613,94.90072633838693,43611,22922,20689,4.602516045070799,9.70178970668387,5.099273661613072,1958.0,2023-06-05,2023-06-05,1974.300048828125,0.008324846183924928,2023-06-06,2023-06-06,1981.5,0.01200204290091933,2023-06-07,2023-06-07,1958.4000244140625,0.00020430256080827824,2023-06-08,2023-06-08,1978.5999755859373,0.0105209272655451,2023-06-09,2023-06-09,1977.199951171875,0.009805899474910618,0.008324846183924928,0.003646837356940047,-0.011657822652504368,0.01031451742241396,-0.0007075833575949098,0.0014688255442587561,-0.00835654596100277,4.116235994336272,8584.0,3.4993792201694376,-0.6168567741668465,-3.230942070299619,-2982.0,-0.1849030406618688,3.046039029637768,0.8852939240366569,5602.0,0.5944029959962762,-0.2908909280403833,-0.8852939240366569,-5602.0,-0.5944029959962673,0.2908909280403913,0.01200204290091933,0.00030642266901792503,-0.00526049480496682,-0.017466777922305887,0.0036261366628893565,0.04187946884576088,0.20352400408580174,100.0,100 troy oz,195800.0,46464514800.0,13312442000.0,33152072800.0,1680747200.0,-5139945800.0,26105818200.0,63308797200.0,-37202979000.0,-583875600.0,5399968200.0,79476003200.0,83526909400.0,-4050906200.0,1096871600.0,260022400.0,8539033800.0,4488127600.0,4050906200.0,-1096871600.0,-260022400.0
2023-06-06,GOLD - COMMODITY EXCHANGE INC.,436301,237467,61826,175641,40.25684103405676,54.42733342348516,14.170492389428398,34876,7.993564076176768,116363,314550,-198187,-45.42437445708353,26.67034913969943,72.09472359678296,388706,411252,-22546,-5.1675334230267636,89.09124663936136,94.25878006238813,47595,25049,22546,5.1675334230267636,10.908753360638642,5.741219937611878,1981.5,2023-06-12,2023-06-12,1969.699951171875,-0.00595510917392128,2023-06-13,2023-06-13,1958.5999755859373,-0.011556913658371304,2023-06-14,2023-06-14,1968.9000244140625,-0.006358806755456747,2023-06-15,2023-06-15,1970.699951171875,-0.005450440993250094,2023-06-16,2023-06-16,1971.199951171875,-0.0051981069029144455,-0.00595510917392128,-0.00563536369046147,0.005258883363890465,0.0009141788488464808,0.0002537169596532607,0.0007615373088207811,0.01200204290091933,2.5904672756727294,6325.0,1.6357691820249158,-0.9546980936478047,-3.1554846536286973,-8182.0,-2.990285099424959,0.16519955420372412,-0.5650173779559644,-1857.0,-1.206963653954773,-0.641946275998805,0.5650173779559644,1857.0,1.2069636539547712,0.6419462759988059,-0.011556913658371304,-0.01705780914868782,-0.029119329382727765,-0.0262427453949029,-0.014584922742398532,0.027655840942783172,0.18465803802359315,100.0,100 troy oz,198150.0,47054086050.0,12250821900.0,34803264150.0,1253298750.0,-3997279950.0,23057328450.0,62328082500.0,-39270754050.0,-1621263300.0,4820593200.0,77022093900.0,81489583800.0,-4467489900.0,-367964550.0,823313250.0,9430949250.0,4963459350.0,4467489900.0,367964550.0,-823313250.0
2023-06-13,GOLD - COMMODITY EXCHANGE INC.,432898,227317,67108,160209,37.00848698769687,52.51052210913425,15.502035121437382,36167,8.354623952986616,120461,306523,-186062,-42.98056355076715,27.826647385758307,70.80721093652546,383945,409798,-25853,-5.972076563070285,88.69179344787918,94.66387001094945,48953,23100,25853,5.972076563070285,11.308206552120822,5.336129989050539,1958.5999755859373,2023-06-19,2023-06-20,1947.699951171875,-0.005565212166819045,2023-06-20,2023-06-20,1947.699951171875,-0.005565212166819045,2023-06-21,2023-06-21,1944.9000244140625,-0.006994767355583353,2023-06-22,2023-06-22,1923.699951171875,-0.017818862886292863,2023-06-23,2023-06-23,1929.5999755859373,-0.01480649461936423,-0.005565212166819045,0.0,-0.0014375554900680765,-0.01090034087925651,0.003067019059010745,-0.009292999969039095,-0.011556913658371304,-3.2483540463598928,-15432.0,-1.916811314350909,1.3315427320089839,2.4438109063163793,12125.0,1.1562982460588778,-1.287512660257491,-0.8045431400435215,-3307.0,-0.3994531914821806,0.40508994856132574,0.8045431400435215,3307.0,0.3994531914821806,-0.40508994856133906,-0.005565212166819045,-0.017767756148062586,-0.014857539032303801,-0.010977228769528669,-0.01199836632948481,0.01766566732218333,0.18788937335722244,100.0,100 troy oz,195859.99755859372,44522307065.02685,13143772716.162107,31378534348.864742,-3022511482.3242183,-3839835252.13623,23593491165.905758,60035594031.652824,-36442102865.74706,2374802470.3979487,4993450637.756347,75199466762.63426,80263035279.51659,-5063568516.882323,-647709011.9262694,1153615385.620117,9587934460.485838,4524365943.603515,5063568516.882323,647709011.9262694,-1153615385.620117
2023-06-20,GOLD - COMMODITY EXCHANGE INC.,438037,229308,66333,162975,37.20576115716252,52.34900248152553,15.14324132436301,39908,9.110645904341414,121419,307956,-186537,-42.58475882174337,27.718891326531775,70.30365014827514,390635,414197,-23562,-5.3789976645808455,89.17853971239872,94.55753737697957,47402,23840,23562,5.3789976645808455,10.821460287601276,5.44246262302043,1947.699951171875,2023-06-26,2023-06-26,1933.800048828125,-0.007136572722809209,2023-06-27,2023-06-27,1923.800048828125,-0.012270833774663314,2023-06-28,2023-06-28,1922.199951171875,-0.013092365682228047,2023-06-29,2023-06-29,1917.9000244140625,-0.015300060330074361,2023-06-30,2023-06-30,1929.4000244140625,-0.009395660120442018,-0.007136572722809209,-0.005171165450150839,-0.0008317380266336105,-0.002236982034668711,0.005996141536894539,-0.002275325422982033,-0.005565212166819045,0.19727416946565057,2766.0,-0.16151962760871896,-0.3587937970743713,0.39580472902378006,-475.0,-0.10775605922653142,-0.5035607882503257,0.5930788984894395,2291.0,0.48674626451953884,-0.10633263396988468,-0.5930788984894395,-2291.0,-0.48674626451954595,0.1063326339698909,-0.012270833774663314,-0.009344330044740556,-0.005442304180148461,0.016994454220905286,0.0030805566311125077,0.05360176059025945,0.2049596761203838,100.0,100 troy oz,194769.9951171875,44662318040.33203,12919678086.108398,31742639954.223633,538733806.4941406,436869099.04785156,23648778037.13379,59980588616.30859,-36331810579.174805,-92515747.68066406,94658217.62695312,76083977042.60254,80673147667.55371,-4589170624.951172,446218058.81347656,531527316.6748047,9232487308.544922,4643316683.59375,4589170624.951172,-446218058.81347656,-531527316.6748047
2023-06-27,GOLD - COMMODITY EXCHANGE INC.,431861,220881,68971,151910,35.175669949358706,51.14631791247647,15.970647963117763,43884,10.161602923162777,119054,294389,-175335,-40.59986893931149,27.56766644823219,68.16753538754368,383819,407244,-23425,-5.424198989952786,88.87558728387143,94.29978627382421,48042,24617,23425,5.424198989952786,11.12441271612857,5.700213726175783,1923.800048828125,2023-07-03,2023-07-03,1929.5,0.0029628604985987295,2023-07-04,2023-07-05,1927.0999755859373,0.0017153169113508504,2023-07-05,2023-07-05,1927.0999755859373,0.0017153169113508504,2023-07-06,2023-07-06,1915.4000244140625,-0.00436637082901592,2023-07-07,2023-07-07,1932.5,0.004522274119482805,0.0029628604985987295,-0.0012438582088949435,0.0,-0.0060712735821177866,0.008927626275440081,0.0015548069448043655,-0.012270833774663314,-2.030091207803814,-11065.0,-1.2026845690490617,0.8274066387547521,1.9848898824318795,11202.0,-0.15122487829958686,-2.1361147607314592,-0.04520132537194055,137.0,-0.3029524285272913,-0.257751103155357,0.04520132537194055,-137.0,0.3029524285272931,0.25775110315535343,0.0029628604985987295,0.006913362314297622,0.02962885879679722,0.020740150395595958,-0.002079218161178731,0.07589146288302429,0.21156044789993755,100.0,100 troy oz,192380.0048828125,42493087858.52051,13268641316.77246,29224446541.748047,-2128684754.0283203,-3348566364.9902344,22903609101.31836,56634557257.44629,-33730948156.12793,2155040814.6972656,2822214671.6308594,73839101094.11621,78345602708.4961,-4506501614.379883,26356060.668945312,-526351693.359375,9242320194.580078,4735818580.200195,4506501614.379883,-26356060.668945312,526351693.359375
2023-07-03,GOLD - COMMODITY EXCHANGE INC.,448063,235081,71984,163097,36.40046154223848,52.46605946038838,16.065597918149905,52587,11.736519194845368,114905,299622,-184717,-41.225675853618796,25.644831195613115,66.87050704923192,402573,424193,-21620,-4.82521431138032,89.84740985084687,94.67262416222718,45490,23870,21620,4.82521431138032,10.152590149153133,5.327375837772813,1929.5,2023-07-10,2023-07-10,1931.0,0.0007774034724021828,2023-07-11,2023-07-11,1937.0999755859373,0.003938831607119608,2023-07-12,2023-07-12,1961.699951171875,0.016688235901464177,2023-07-13,2023-07-13,1963.800048828125,0.01777665137503237,2023-07-14,2023-07-14,1964.4000244140625,0.018087600110942015,0.0007774034724021828,0.003158972338652033,0.012699383560983657,0.0010705498845506867,0.00030551765506658946,0.017296750084962564,0.0029628604985987295,1.2247915928797752,11187.0,1.3197415479119101,0.09494995503214199,-0.6258069143073044,-9382.0,-1.9228352526190733,-1.2970283383117618,0.5989846785724664,1805.0,0.9718225669754474,0.3728378884029695,-0.5989846785724664,-1805.0,-0.9718225669754368,-0.3728378884029704,0.003938831607119608,0.02658722406225711,0.017724773864667087,0.0255506860990542,-0.04560767038092772,0.0745788558402436,0.20932879105662083,100.0,100 troy oz,192950.0,45358878950.0,13889312800.0,31469566150.0,2158531650.0,-2420364800.0,22170919750.0,57812064900.0,-35641145150.0,-1810256900.0,2599036500.0,77676460350.0,81848039350.0,-4171579000.0,348274750.0,178671700.0,8777295500.0,4605716500.0,4171579000.0,-348274750.0,-178671700.0
2023-07-11,GOLD - COMMODITY EXCHANGE INC.,483170,240546,74792,165754,34.30552393567481,49.784961814682205,15.479437879007389,81216,16.80899062441791,114790,302539,-187749,-38.85775192996254,23.75768363102014,62.61543556098268,436552,458547,-21995,-4.552227994287724,90.35163607012025,94.90386406440797,46618,24623,21995,4.552227994287724,9.648363929879752,5.096135935592027,1937.0999755859373,2023-07-17,2023-07-17,1956.4000244140625,0.009963372604084197,2023-07-18,2023-07-18,1980.800048828125,0.022559534248597135,2023-07-19,2023-07-19,1980.800048828125,0.022559534248597135,2023-07-20,2023-07-20,1970.9000244140625,0.01744878904244551,2023-07-21,2023-07-21,1966.5999755859373,0.015228950684941678,0.009963372604084197,0.01247189946308147,0.0,-0.004997992816043961,-0.0021817691282456364,0.005213632715492134,0.003938831607119608,-2.0949376065636685,2657.0,-2.681097645706174,-0.5861600391425164,2.3679239236562566,-3032.0,-1.8871475645929756,-4.255071488249236,0.27298631709259524,-375.0,0.5042262192733773,0.23123990218078916,-0.27298631709259524,375.0,-0.5042262192733808,-0.2312399021807856,0.022559534248597135,0.013731854793860965,0.021527063015719827,0.011770197261619764,-0.03190332328568579,0.0495070082198803,0.22239426575156696,100.0,100 troy oz,193709.99755859372,46596165072.729485,14487958137.402342,32108206935.327145,514687463.51318353,1074121936.462402,22235970619.750973,58604828951.37939,-36368858331.62841,-587328712.5976561,-326788765.8813476,84564486854.1992,88825138250.50047,-4260651396.301269,-72641249.08447264,747333170.5810546,9030372666.186522,4769721269.885253,4260651396.301269,72641249.08447264,-747333170.5810546
2023-07-18,GOLD - COMMODITY EXCHANGE INC.,482104,263740,70392,193348,40.10503957652291,54.706038531105314,14.600998954582414,57082,11.84018386074374,115498,329213,-213715,-44.32964671523157,23.957071503244112,68.28671821847568,436320,456687,-20367,-4.22460713870866,90.50329389509318,94.72790103380183,45784,25417,20367,4.22460713870866,9.496706104906826,5.272098966198165,1980.800048828125,2023-07-24,2023-07-24,1962.199951171875,-0.009390194465743296,2023-07-25,2023-07-25,1963.699951171875,-0.00863292469442678,2023-07-26,2023-07-26,1970.0999755859373,-0.005401894678121688,2023-07-27,2023-07-27,1945.699951171875,-0.017720161950226077,2023-07-28,2023-07-28,1960.4000244140625,-0.010298881215260236,-0.009390194465743296,0.0007644480875172999,0.0032591661522642923,-0.012385170659578004,0.007555159382788501,-0.0009173003784540557,0.022559534248597135,5.7995156408480995,27594.0,4.921076716423109,-0.8784389244249748,-5.471894785269029,-25966.0,0.1993878722239728,5.671282657493002,0.32762085557906406,1628.0,0.15165782497292923,-0.17596303060614105,-0.32762085557906406,-1628.0,-0.15165782497292568,0.1759630306061375,-0.00863292469442678,-0.0010096930284221317,-0.010551304472365741,-0.02302105034944224,-0.022768627092336735,0.024939368500609627,0.245860252420792,100.0,100 troy oz,198080.0048828125,52241620487.79297,13943247703.710938,38298372784.08203,5465819654.736328,6016283988.305664,22877844403.95508,65210512647.48535,-42332668243.53027,-5143345406.787109,-5383418372.705078,86426267730.46875,90460563189.91699,-4034295459.448242,322474247.94921875,632865615.6005859,9068894943.554688,5034599484.106445,4034295459.448242,-322474247.94921875,-632865615.6005859
2023-07-25,GOLD - COMMODITY EXCHANGE INC.,476176,248229,74590,173639,36.46529854507577,52.129674742112165,15.66437619703639,55156,11.583112126608649,125491,323701,-198210,-41.6253654111085,26.35391115889923,67.97927657000773,428876,453447,-24571,-5.160066866032728,90.06669802762003,95.22676489365277,47300,22729,24571,5.160066866032728,9.93330197237996,4.773235106347233,1963.699951171875,2023-07-31,2023-07-31,1970.5,0.003462875692422873,2023-08-01,2023-08-01,1978.800048828125,0.007689615537872063,2023-08-02,2023-08-02,1975.0,0.005754468151502268,2023-08-03,2023-08-03,1968.800048828125,0.002597187851029137,2023-08-04,2023-08-04,1976.0999755859373,0.006314622764370004,0.003462875692422873,0.004212153680855035,-0.0019203803994120028,-0.0031392157832278444,0.0037078050471186508,0.002841905905068387,-0.00863292469442678,-3.6397410314471443,-19709.0,-2.5763637889931488,1.063377242453976,2.7042813041230715,15505.0,2.3968396556551177,-0.3074416484679574,-0.9354597273240675,-4204.0,-0.4365958674731445,0.4988638598509425,0.9354597273240675,4204.0,0.43659586747313384,-0.49886385985093185,0.007689615537872063,-0.0019350852229460536,-0.014513418907502684,-0.019198427514028782,0.011407050451213152,0.031624025666034505,0.2259001419190967,100.0,100 troy oz,196369.9951171875,48744727517.944336,14647237935.791016,34097489582.15332,-3870256233.7646484,4266923623.901367,24642667057.250977,63565163789.42871,-38922496732.177734,3044716774.291992,-4491963638.305664,84218378025.8789,89043385175.90332,-4825007150.024414,-825539459.4726562,-225040014.40429688,9288300769.042969,4463293619.018555,4825007150.024414,825539459.4726562,225040014.40429688
2023-08-01,GOLD - COMMODITY EXCHANGE INC.,439383,238985,74061,164924,37.535362087290586,54.39104380460783,16.85568171731724,39534,8.997617113088126,117610,304455,-186845,-42.52440353859844,26.76708020110018,69.29148373969862,396129,418050,-21921,-4.989041451307856,90.15574111879613,95.14478257010398,43254,21333,21921,4.989041451307856,9.844258881203869,4.855217429896013,1978.800048828125,2023-08-07,2023-08-07,1970.0,-0.0044471642465020444,2023-08-08,2023-08-08,1959.9000244140625,-0.009551255279812265,2023-08-09,2023-08-09,1950.5999755859373,-0.014251097911023525,2023-08-10,2023-08-10,1948.9000244140625,-0.015110179743410557,2023-08-11,2023-08-11,1946.5999755859373,-0.01627252498869558,-0.0044471642465020444,-0.005126891160374347,-0.004745164912636546,-0.0008715016882762106,-0.0011801779461810824,-0.011878184981757745,0.007689615537872063,1.0700635422148181,-8715.0,2.2613690624956675,1.1913055202808494,-0.8990381274899448,11365.0,0.4131690422009484,1.3122071696908932,0.17102541472487154,2650.0,0.08904309117609444,-0.08198232354878598,-0.17102541472487154,-2650.0,-0.08904309117609088,0.08198232354877977,-0.009551255279812265,-0.022033604497872616,-0.026682862100894877,-0.006923424754462282,0.007833029925979229,0.0266322770727061,0.21538303045033635,100.0,100 troy oz,197880.0048828125,47290352966.918945,14655191041.625977,32635161925.29297,-1724524242.553711,361526768.92089844,23272667374.26758,60245556886.59668,-36972889512.3291,2248906255.493164,-421088650.390625,78386008454.22363,82723736041.25977,-4337727587.036133,524382012.9394531,-59561881.46972656,8559101731.201172,4221374144.165039,4337727587.036133,-524382012.9394531,59561881.46972656
2023-08-08,GOLD - COMMODITY EXCHANGE INC.,427759,228846,85861,142985,33.426532229596575,53.49881592204957,20.072283692452995,40027,9.357371791125377,113890,281444,-167554,-39.17018695106357,26.62480508884676,65.79499203991033,382763,407332,-24569,-5.743654721466995,89.4809928020217,95.2246475234887,44996,20427,24569,5.743654721466995,10.5190071979783,4.775352476511307,1959.9000244140625,2023-08-14,2023-08-14,1944.0,-0.008112671164854923,2023-08-15,2023-08-15,1935.199951171875,-0.012602721023778685,2023-08-16,2023-08-16,1928.300048828125,-0.0161232589378556,2023-08-17,2023-08-17,1915.199951171875,-0.022807323172288396,2023-08-18,2023-08-18,1916.5,-0.022143999119055846,-0.008112671164854923,-0.00452677408854163,-0.0035654725701970147,-0.0067935991933471,0.0006788057964024485,-0.014146090534979394,-0.009551255279812265,-4.108829857694012,-21939.0,-0.8922278825582595,3.216601975135756,3.3542165875348715,19291.0,-0.1422751122534187,-3.4964916997882938,-0.7546132701591386,-2648.0,-0.6747483167744264,0.079864953384714,0.7546132701591386,2648.0,0.6747483167744317,-0.079864953384706,-0.012602721023778685,-0.01729681309851372,0.00265317164503287,-0.00372470469778563,0.006939117004196804,0.046685992545483224,0.2406755790429711,100.0,100 troy oz,195990.00244140625,44851528098.706055,16827897599.621582,28023630499.084473,-4299824663.562012,-4462496365.588379,22321301378.051758,55160210247.11914,-32838908869.067383,3780843137.097168,3958018099.304199,75017721304.47998,79832999674.46289,-4815278369.98291,-518981526.46484375,-504478266.2841797,8818766149.853516,4003487779.8706055,4815278369.98291,518981526.46484375,504478266.2841797
2023-08-15,GOLD - COMMODITY EXCHANGE INC.,433611,233078,111942,121136,27.936560649983512,53.752787636845,25.816226986861494,40134,9.255761500515439,116062,257992,-141930,-32.73210319848897,26.766387384083888,59.49849058257286,389274,410068,-20794,-4.795542548505457,89.77493652144433,94.5704790699498,44337,23543,20794,4.795542548505457,10.225063478555665,5.429520930050207,1935.199951171875,2023-08-21,2023-08-21,1923.0,-0.0063042328853342156,2023-08-22,2023-08-22,1926.0,-0.004754005479539192,2023-08-23,2023-08-23,1948.0999755859373,0.0066659904607018206,2023-08-24,2023-08-24,1947.0999755859373,0.006149247992103479,2023-08-25,2023-08-25,1939.9000244140625,0.002428727449761192,-0.0063042328853342156,0.0015600624024960652,0.011474545994775376,-0.000513320677856477,-0.0036977819640248155,0.008788364229881607,-0.012602721023778685,-5.489971579613062,-21849.0,0.25397171479542635,5.743943294408499,6.438083752574599,25624.0,0.14158229523712862,-6.296501457337463,0.9481121729615376,3775.0,0.29394371942262865,-0.654168453538901,-0.9481121729615376,-3775.0,-0.29394371942263575,0.6541684535389001,-0.004754005479539192,0.015450612426874066,0.008991331569394356,-5.166163107706012e-05,0.01617406449869474,0.03720545773908257,0.2958867879825584,100.0,100 troy oz,193519.9951171875,45105253421.92383,21663015293.408203,23442238128.515625,-4228218373.3154297,-13974465887.402344,22460317673.291016,49926610580.27344,-27466292906.98242,4958756354.8828125,13891832849.487305,75332302579.24805,79356357357.71484,-4024054778.466797,730537981.5673828,-82633037.91503906,8580096023.510742,4556041245.043945,4024054778.466797,-730537981.5673828,82633037.91503906
2023-08-22,GOLD - COMMODITY EXCHANGE INC.,430239,226340,124394,101946,23.695201969138083,52.607969059057865,28.91276708991979,40941,9.515873735295964,117646,238682,-121036,-28.13227066816351,27.34433651993427,55.47660718809778,384927,404017,-19090,-4.437068699025425,89.46817931428811,93.90524801331354,45312,26222,19090,4.437068699025425,10.531820685711896,6.09475198668647,1926.0,2023-08-28,2023-08-28,1946.800048828125,0.010799609983450198,2023-08-29,2023-08-29,1965.0999755859373,0.020301129587714017,2023-08-30,2023-08-30,1973.0,0.024402907580477695,2023-08-31,2023-08-31,1965.9000244140625,0.020716523579471735,2023-09-01,2023-09-01,1967.0999755859373,0.021339551186883243,0.010799609983450198,0.009400003235477516,0.004020164119999725,-0.003598568467277019,0.0006103826018479808,0.010427330105128974,-0.004754005479539192,-4.24135868084543,-19190.0,-1.1448185777871345,3.0965401030582953,4.599832530325461,20894.0,0.5779491358503819,-4.021883394475083,0.35847384948003214,1704.0,-0.3067572071562239,-0.6652310566362587,-0.35847384948003214,-1704.0,0.306757207156231,0.6652310566362631,0.020301129587714017,0.013810994592906134,0.004724805600175186,0.014382113796404417,0.039252323772553055,0.059086214344820975,0.3242991161247404,100.0,100 troy oz,192600.0,43593084000.0,23958284400.0,19634799600.0,-3695994000.0,-13808071800.0,22658619600.0,45970153200.0,-23311533600.0,4024184400.0,14863712400.0,74136940200.0,77813674200.0,-3676734000.0,328190400.0,1055640600.0,8727091200.0,5050357200.0,3676734000.0,-328190400.0,-1055640600.0
2023-08-29,GOLD - COMMODITY EXCHANGE INC.,442806,236054,112782,123272,27.83882783882784,53.308672420879574,25.46984458205173,44853,10.12926654110378,118132,258726,-140594,-31.750698951685386,26.678048626260708,58.4287475779461,399039,416361,-17322,-3.911871112857549,90.11598758824407,94.02785870110161,43767,26445,17322,3.911871112857549,9.884012411755938,5.972141298898389,1965.0999755859373,2023-09-04,2023-09-05,1952.5999755859373,-0.006360999519260058,2023-09-05,2023-09-05,1952.5999755859373,-0.006360999519260058,2023-09-06,2023-09-06,1944.199951171875,-0.010635603620029799,2023-09-07,2023-09-07,1942.5,-0.011500674706994785,2023-09-08,2023-09-08,1942.699951171875,-0.011398923562340957,-0.006360999519260058,0.0,-0.004301968923021038,-0.0008743705455039885,0.00010293496621627263,-0.0050701754265317645,0.020301129587714017,4.143625869689757,21326.0,0.7007033618217093,-3.442922507868058,-3.618428283521876,-19558.0,-0.6662878936735623,2.952140389848317,0.5251975861678759,1768.0,0.6478082739559596,0.12261068778806816,-0.5251975861678759,-1768.0,-0.6478082739559579,-0.1226106877880806,-0.006360999519260058,-0.01526639884622405,-0.005801243985392168,-0.02305222498631665,0.03811512154323338,0.04020151696172314,0.29911960412220107,100.0,100 troy oz,196509.99755859372,46386970963.69628,22162790544.653316,24224180419.042965,4190772207.93457,-8185034418.310546,23214119031.591793,50842245628.34472,-27628126596.752926,-3843342532.250976,9088783897.082518,78415152915.78368,81819099093.49364,-3403946177.7099605,347429675.6835937,903749478.7719725,8600653063.14697,5196706885.437011,3403946177.7099605,-347429675.6835937,-903749478.7719725
2023-09-05,GOLD - COMMODITY EXCHANGE INC.,438672,235802,97796,138006,31.459951854688693,53.753601779917574,22.293649925228873,45448,10.36036036036036,111456,269695,-158239,-36.072281795966006,25.40759382864646,61.47987562461247,392706,412939,-20233,-4.61232994127731,89.52155596892439,94.1338859102017,45966,25733,20233,4.61232994127731,10.47844403107561,5.8661140897983,1952.5999755859373,2023-09-11,2023-09-11,1947.199951171875,-0.0027655559159995846,2023-09-12,2023-09-12,1935.0999755859373,-0.008962409207625144,2023-09-13,2023-09-13,1932.5,-0.010293954643682546,2023-09-14,2023-09-14,1932.800048828125,-0.01014028833625824,2023-09-15,2023-09-15,1946.199951171875,-0.0032776935850067357,-0.0027655559159995846,-0.006214038562734947,-0.0013435872144796912,0.0001552645941138575,0.0069328963189310144,-0.000513557942212417,-0.006360999519260058,3.621124015860854,14734.0,0.44492935903799946,-3.176194656822858,-4.32158284428062,-17645.0,-1.2704547976142493,3.0511280466663706,-0.700458828419761,-2911.0,-0.5944316193196784,0.10602720910009111,0.700458828419761,2911.0,0.5944316193196713,-0.10602720910008934,-0.008962409207625144,0.0005633389325470084,-0.016798078033351205,-0.05689848252333318,0.042865960405981784,0.09694762323297046,0.2921233389050395,100.0,100 troy oz,195259.99755859372,46042697944.311516,19095646721.24023,26947051223.071285,2876960804.02832,-972199527.8442382,21762898287.89062,52660645041.56493,-30897746753.674313,-3445362656.9213862,1818846877.2583005,76679772601.2451,80630468131.84813,-3950695530.603027,-568401852.8930663,846647349.4140624,8975321047.778318,5024625517.175292,3950695530.603027,568401852.8930663,-846647349.4140624
2023-09-12,GOLD - COMMODITY EXCHANGE INC.,441221,235704,111840,123864,28.07300649787748,53.420848055736236,25.347841557858757,45715,10.36102089429107,113062,257872,-144810,-32.820287338997915,25.624800270159398,58.44508760915732,394481,415427,-20946,-4.747280841120436,89.40666922018671,94.15395006130714,46740,25794,20946,4.747280841120436,10.593330779813291,5.846049938692854,1935.0999755859373,2023-09-18,2023-09-18,1953.4000244140625,0.00945690096584495,2023-09-19,2023-09-19,1953.699951171875,0.009611893866261711,2023-09-20,2023-09-20,1967.0999755859373,0.016536613303563596,2023-09-21,2023-09-21,1939.5999755859373,0.002325461245813676,2023-09-22,2023-09-22,1945.5999755859373,0.005426076240231836,0.00945690096584495,0.0001535408795247939,0.0068587934426802555,-0.013979970688479448,0.003093421362921678,-0.003993062726854846,-0.008962409207625144,-3.3869453568112142,-14142.0,-0.3327537241813374,3.054191632629884,3.2519944569680916,13429.0,0.2172064415129391,-3.034788015455149,-0.13495089984312614,-713.0,-0.1148867487376748,0.02006415110544424,0.13495089984312614,713.0,0.1148867487376819,-0.020064151105446015,0.009611893866261711,-0.007906530386462052,-0.04836958129648872,-0.030902758261730168,0.030024275912847953,0.11937374036727344,0.31419571584988204,100.0,100 troy oz,193509.99755859372,45611080464.55077,21642158126.95312,23968922337.597652,-2736618385.4736323,527895273.3398437,21878627343.969723,49900810090.42968,-28022182746.459957,2598645757.214355,-557308792.9687499,76336017346.9116,80389277755.77391,-4053260408.862304,-137972628.2592773,-29413519.628906246,9044657285.88867,4991396877.026366,4053260408.862304,137972628.2592773,29413519.628906246
2023-09-19,GOLD - COMMODITY EXCHANGE INC.,438078,237716,102553,135163,30.85363793662316,54.26339601623455,23.409758079611393,46427,10.597884395016413,110014,262946,-152932,-34.90976492770694,25.112879441560636,60.022644369267574,394157,411926,-17769,-4.056126991083779,89.9741598528116,94.03028684389538,43921,26152,17769,4.056126991083779,10.0258401471884,5.96971315610462,1953.699951171875,2023-09-25,2023-09-25,1936.5999755859373,-0.008752610950151674,2023-09-26,2023-09-26,1919.800048828125,-0.017351642110353782,2023-09-27,2023-09-27,1890.9000244140625,-0.03214410008053881,2023-09-28,2023-09-28,1878.5999755859373,-0.03843987176274999,2023-09-29,2023-09-29,1866.0999755859373,-0.044837988317189215,-0.008752610950151674,-0.008674959707530405,-0.015053663756131042,-0.006504864704275803,-0.0066538912820443,-0.03640400748155004,0.009611893866261711,2.7806314387456794,11299.0,0.8425479604983153,-1.9380834782473642,-2.0894775887090233,-8122.0,-0.5119208285987611,1.5775567601102551,0.691153850036657,3177.0,0.5674906326248816,-0.12366321741176023,-0.691153850036657,-3177.0,-0.5674906326248905,0.12366321741176645,-0.017351642110353782,-0.057429469200004246,-0.04012893704415765,-0.009213287838392592,0.05036604849447435,0.10544096081715937,0.3269181384729871,100.0,100 troy oz,195369.9951171875,46442573759.27734,20035779109.25293,26406794650.024414,2207485574.8291016,6489605127.807617,21493434642.822266,51371758736.083984,-29878324093.26172,-1586795100.3417969,-6231521364.2578125,77006451165.40527,80477980608.64258,-3471529443.2373047,620690474.4873047,258083763.5498047,8580845555.541992,5109316112.3046875,3471529443.2373047,-620690474.4873047,-258083763.5498047
2023-09-26,GOLD - COMMODITY EXCHANGE INC.,435620,235560,119745,115815,26.58624489233736,54.074652219824614,27.48840732748726,44003,10.101235021348883,110844,245680,-134836,-30.952665166888572,25.445112712914923,56.3977778798035,390407,409428,-19021,-4.366420274551214,89.62099995408842,93.98742022863964,45213,26192,19021,4.366420274551214,10.379000045911575,6.01257977136036,1919.800048828125,2023-10-02,2023-10-02,1847.199951171875,-0.037816489118523644,2023-10-03,2023-10-03,1841.5,-0.04078552288605297,2023-10-04,2023-10-04,1834.800048828125,-0.044275444232791505,2023-10-05,2023-10-05,1831.800048828125,-0.04583810697041946,2023-10-06,2023-10-06,1845.199951171875,-0.03885826427694228,-0.037816489118523644,-0.003085725055513855,-0.0036383117957506927,-0.0016350555483776175,0.0073151555773363075,-0.0010827198207379318,-0.017351642110353782,-4.2673930442858,-19348.0,-0.18874379640993766,4.078649247875866,3.957099760818366,18096.0,0.33223327135428704,-3.6248664894640754,-0.310293283467435,-1252.0,-0.35315989872317743,-0.042866615255746865,0.310293283467435,1252.0,0.3531598987231739,0.04286661525573976,-0.04078552288605297,-0.023179497274814387,0.008282061641500471,0.034534808350631385,0.07813313688139667,0.1340764120205491,0.3944160495433269,100.0,100 troy oz,191980.0048828125,45222809950.19531,22988645684.692383,22234164265.50293,-3714429134.4726562,-1431594896.4111328,21279831661.23047,47165647599.609375,-25885815938.378906,3474070168.359375,1105420868.1152344,74950337766.28418,78601989439.16016,-3651651672.8759766,-240358966.11328125,-326174028.29589844,8679991960.766602,5028340287.890625,3651651672.8759766,240358966.11328125,326174028.29589844
2023-10-03,GOLD - COMMODITY EXCHANGE INC.,431226,228406,137180,91226,21.155032396005808,52.96665785458205,31.81162545857625,46898,10.875503796153293,110666,222648,-111982,-25.96828577126611,25.663109367245944,51.63139513851206,385970,406726,-20756,-4.813253375260304,89.50527101798129,94.3185243932416,45256,24500,20756,4.813253375260304,10.49472898201871,5.681475606758405,1841.5,2023-10-09,2023-10-09,1864.300048828125,0.012381237484727192,2023-10-10,2023-10-10,1875.300048828125,0.01835462874185456,2023-10-11,2023-10-11,1887.300048828125,0.02487105556781155,2023-10-12,2023-10-12,1883.0,0.022535976106434985,2023-10-13,2023-10-13,1941.5,0.054303556882975945,0.012381237484727192,0.005900337773908415,0.006398975997200518,-0.002278412926866036,0.031067445565586826,0.04140961709484592,-0.04078552288605297,-5.4312124963315505,-24589.0,-1.1079943652425612,4.323218131088989,4.984379395622462,22854.0,0.21799665433102078,-4.766382741291437,-0.44683310070908977,-1735.0,-0.11572893610713209,0.33110416460196745,0.44683310070908977,1735.0,0.11572893610713564,-0.331104164601955,0.01835462874185456,0.051153924068354506,0.0785229299950787,0.08297586143259572,0.12592989538080368,0.2390985874711513,0.4609286173381075,100.0,100 troy oz,184150.0,42060964900.0,25261697000.0,16799267900.0,-4528064350.0,-8614537000.0,20379143900.0,41000629200.0,-20621485300.0,4208564100.0,8518226550.0,71076375500.0,74898592900.0,-3822217400.0,-319500250.0,-96310450.0,8333892400.0,4511675000.0,3822217400.0,319500250.0,96310450.0
2023-10-10,GOLD - COMMODITY EXCHANGE INC.,436499,220332,148899,71433,16.364985944984983,50.477091585547726,34.11210564056275,50356,11.536337998483386,121341,211769,-90428,-20.716656853738495,27.79868911498079,48.51534596871929,392029,411024,-18995,-4.351670908753514,89.8121186990119,94.16378960776542,44470,25475,18995,4.351670908753514,10.187881300988089,5.836210392234575,1875.300048828125,2023-10-16,2023-10-16,1934.300048828125,0.03146163198623553,2023-10-17,2023-10-17,1935.699951171875,0.032208127110908924,2023-10-18,2023-10-18,1968.300048828125,0.0495920639783034,2023-10-19,2023-10-19,1980.5,0.05609766353795731,2023-10-20,2023-10-20,1994.4000244140625,0.06350982375346437,0.03146163198623553,0.0007237255381336016,0.016841503579371198,0.006198217176867082,0.007018442016694104,0.031070658154792596,0.01835462874185456,-4.7900464510208245,-19793.0,-2.489566269034327,2.3004801819865044,5.251628917527615,21554.0,2.1355797477348446,-3.116049169792774,0.46158246650679047,1761.0,0.306847681030618,-0.15473478547617958,-0.46158246650679047,-1761.0,-0.30684768103062154,0.1547347854761698,0.032208127110908924,0.05908383931790073,0.06345651197223767,0.05236492753959032,0.08409318352570927,0.25974502257386156,0.40532172651017184,100.0,100 troy oz,187530.0048828125,41318861035.83984,27923030197.0459,13395830838.793945,-3711781386.645508,-9832385686.010742,22755078322.48535,39713041604.02832,-16957963281.542969,4042021725.2441406,10198256725.53711,73517200284.2041,77079332726.95312,-3562132442.7490234,330240338.5986328,365871039.5263672,8339459317.138672,4777326874.389648,3562132442.7490234,-330240338.5986328,-365871039.5263672
2023-10-17,GOLD - COMMODITY EXCHANGE INC.,439581,231412,118674,112738,25.646695375823796,52.64376758777109,26.997072211947287,57244,13.022400877198969,110062,238061,-127999,-29.1184104863495,25.037933850644134,54.156344336993634,398718,413979,-15261,-3.4717151105257056,90.7041023156142,94.1758174261399,40863,25602,15261,3.4717151105257056,9.295897684385814,5.824182573860108,1935.699951171875,2023-10-23,2023-10-23,1987.800048828125,0.02691537891743434,2023-10-24,2023-10-24,1986.0999755859373,0.026037105793979,2023-10-25,2023-10-25,1994.9000244140625,0.030583290145948405,2023-10-26,2023-10-26,1997.4000244140625,0.0318748126251871,2023-10-27,2023-10-27,1998.5,0.03244306990352808,0.02691537891743434,-0.0008552536474631944,0.004430818657821689,0.0012531956335677386,0.0005507037010576976,0.005382810599176224,0.032208127110908924,9.281709430838813,41305.0,2.1666760022233618,-7.115033428615465,-8.401753632611005,-37571.0,-2.7607552643366553,5.640998368274346,0.8799557982278081,3734.0,0.891983616602289,0.012027818374477306,-0.8799557982278081,-3734.0,-0.8919836166022748,-0.012027818374466648,0.026037105793979,0.030273337363455166,0.019527845111139586,0.01591158216927102,0.04881954971522817,0.2438911554295593,0.3839437774030736,100.0,100 troy oz,193569.9951171875,44794419710.05859,22971725600.53711,21822694109.521484,7995408648.31543,-4340807140.50293,21304700802.58789,46081466607.59277,-24776765805.004883,-7272618286.547852,4826280688.256836,77179841313.13477,80133913008.61816,-2954071695.4833984,722790361.7675781,485473547.75390625,7909850710.473633,4955779014.990234,2954071695.4833984,-722790361.7675781,-485473547.75390625
2023-10-24,GOLD - COMMODITY EXCHANGE INC.,463476,251469,102084,149385,32.231442404784715,54.25717836522279,22.02573596043808,63698,13.743537960973168,106180,272053,-165873,-35.788908163529506,22.909492616661918,58.69840078019142,421347,437835,-16488,-3.5574657587447893,90.91020894285788,94.46767470160268,42129,25641,16488,3.5574657587447893,9.089791057142117,5.532325298397328,1986.0999755859373,2023-10-30,2023-10-30,2005.5999755859373,0.00981823686607064,2023-10-31,2023-10-31,1994.300048828125,0.004128731354406501,2023-11-01,2023-11-01,1987.5,0.0007049113495154469,2023-11-02,2023-11-02,1993.5,0.003725907308306464,2023-11-03,2023-11-03,1999.199951171875,0.006595828884229826,0.00981823686607064,-0.005634187722061035,-0.003409742095789814,0.0030188679245282124,0.0028592682076122866,-0.0031910772297414347,0.026037105793979,6.584747028960919,36647.0,1.6134107774517048,-4.971336251509207,-6.6704976771800055,-37874.0,-2.1284412339822154,4.542056443197787,-0.08575064821908374,-1227.0,0.20610662724368467,0.2918572754627746,0.08575064821908374,1227.0,-0.2061066272436971,-0.29185727546277995,0.004128731354406501,-0.00634407922099689,-0.009868574506253114,0.007804239560210036,0.019988960138059175,0.179245821683919,0.3895574657634904,100.0,100 troy oz,198609.99755859372,49944257476.062004,20274902990.77148,29669354485.290524,7278460580.529784,6667337618.041991,21088409540.77148,54032445665.8081,-32944036125.036617,-7522155047.534179,-6164258494.226073,83683726641.32079,86958408281.06688,-3274681639.7460933,-243694467.0043945,503079123.8159179,8367240587.145995,5092558947.399901,3274681639.7460933,243694467.0043945,-503079123.8159179
2023-10-31,GOLD - COMMODITY EXCHANGE INC.,475808,261053,97628,163425,34.34683737978344,54.86519772681417,20.518360347030733,63992,13.449122335059519,105971,288678,-182707,-38.399312327661576,22.271798708722844,60.67111103638443,431016,450298,-19282,-4.052474947878136,90.58611877059654,94.63859371847468,44792,25510,19282,4.052474947878136,9.413881229403456,5.361406281525321,1994.300048828125,2023-11-06,2023-11-06,1988.5999755859373,-0.0028581823710716048,2023-11-07,2023-11-07,1973.5,-0.010429748943920125,2023-11-08,2023-11-08,1957.800048828125,-0.018302160711196835,2023-11-09,2023-11-09,1969.800048828125,-0.012285011984228045,2023-11-10,2023-11-10,1937.699951171875,-0.028380933796551266,-0.0028581823710716048,-0.007593269521934953,-0.007955384429630064,0.006129328685624769,-0.01629611983985224,-0.02559590920193222,0.004128731354406501,2.115394974998722,14040.0,0.6080193615913814,-1.5073756134073477,-2.6104041641320705,-16834.0,-0.6376939079390738,1.972710256193011,-0.4950091891333468,-2794.0,-0.32409017226133585,0.1709190168720056,0.4950091891333468,2794.0,0.3240901722613394,-0.1709190168720074,-0.010429748943920125,-0.01393975236798528,0.0036603954164780017,0.02291528358469863,0.01865313656976242,0.1547409346436921,0.394524409348763,100.0,100 troy oz,199430.0048828125,52061801064.67285,19469952516.69922,32591848547.973633,2799997268.5546875,14398646922.53418,21133797047.436523,57571054949.56055,-36437257902.12402,-3357204702.1972656,-14104687095.336914,85957522984.57031,89802932338.7207,-3845409354.1503906,-557207433.6425781,293959827.1972656,8932868778.710938,5087459424.560547,3845409354.1503906,557207433.6425781,-293959827.1972656
2023-11-07,GOLD - COMMODITY EXCHANGE INC.,484347,261653,95437,166216,34.3175450658309,54.021806679921625,19.704261614090722,66559,13.742007279904698,110651,296742,-186091,-38.421008078918625,22.84539803075068,61.266406109669305,438863,458738,-19875,-4.103463013087724,90.609211990577,94.71267500366473,45484,25609,19875,4.103463013087724,9.390788009422996,5.287324996335272,1973.5,2023-11-13,2023-11-13,1950.199951171875,-0.011806460009184172,2023-11-14,2023-11-14,1966.5,-0.0035469977197871705,2023-11-15,2023-11-15,1964.300048828125,-0.0046617436898277465,2023-11-16,2023-11-16,1987.300048828125,0.006992677389473068,2023-11-17,2023-11-17,1984.699951171875,0.005675171609766938,-0.011806460009184172,0.0083581423629564,-0.0011187140462115552,0.011709005461625566,-0.0013083568622580533,0.01769049372566589,-0.010429748943920125,-0.029292313952538507,2791.0,-0.843391046892549,-0.8140987329400104,-0.021695751257048812,-3384.0,0.5735993220278353,0.5952950732848734,-0.05098806520958821,-593.0,0.023093219980452773,0.0740812851900472,0.05098806520958821,593.0,-0.023093219980459878,-0.07408128519004897,-0.0035469977197871705,0.014238649904199319,0.033696478337978286,0.03182166142798337,0.0394729679978465,0.1777045610194452,0.3933113509865087,100.0,100 troy oz,197350.0,51637219550.0,18834491950.0,32802727600.0,550803850.0,18705425050.0,21836974850.0,58562033700.0,-36725058850.0,-667832400.0,-18879093050.0,86609613050.0,90531944300.0,-3922331250.0,-117028550.0,-173668000.0,8976267400.0,5053936150.0,3922331250.0,117028550.0,173668000.0
2023-11-14,GOLD - COMMODITY EXCHANGE INC.,486634,254352,98976,155376,31.928718503022807,52.26761796339754,20.338899460374737,76145,15.647283173802077,110728,287747,-177019,-36.37620881401628,22.753856080750626,59.13006489476691,441225,462868,-21643,-4.447490310993478,90.66875721795024,95.11624752894372,45409,23766,21643,4.447490310993478,9.331242782049753,4.883752471056276,1966.5,2023-11-20,2023-11-20,1980.300048828125,0.0070175686896134515,2023-11-21,2023-11-21,2001.5999755859373,0.017848957836734014,2023-11-22,2023-11-22,1992.800048828125,0.013374039576976804,2023-11-23,2023-11-23,1993.300048828125,0.013628298412471374,2023-11-24,2023-11-24,2003.0,0.018560894991100918,0.0070175686896134515,0.01075590881816968,-0.004396446275553245,0.00025090324555843146,0.004866277496746063,0.011462884720579547,-0.0035469977197871705,-2.3888265628080916,-10840.0,-1.7541887165240837,0.634637846284015,2.0447992649023448,9072.0,-0.09154195000005316,-2.1363412149023944,-0.3440272979057539,-1768.0,0.05954522737324908,0.4035725252789888,0.3440272979057539,1768.0,-0.05954522737324375,-0.4035725252789959,0.017848957836734014,0.037376048817696406,0.03549455826500125,0.01357739698544358,0.02069664437929064,0.20005080210717008,0.3253496307287693,100.0,100 troy oz,196650.0,50018320800.0,19463630400.0,30554690400.0,-2131686000.0,8384762700.0,21774661200.0,56585447550.0,-34810786350.0,1784008800.0,-9639783000.0,86766896250.0,91022992200.0,-4256095950.0,-347677200.0,-1255020300.0,8929679850.0,4673583900.0,4256095950.0,347677200.0,1255020300.0
2023-11-21,GOLD - COMMODITY EXCHANGE INC.,508429,269701,97996,171705,33.77167706798786,53.045951352106194,19.274274284118334,78832,15.505016432972942,115937,306172,-190235,-37.416237075383194,22.80298724108971,60.219224316472896,464470,483000,-18530,-3.6445600073953295,91.35395502616885,94.99851503356417,43959,25429,18530,3.6445600073953295,8.646044973831154,5.001484966435825,2001.5999755859373,2023-11-27,2023-11-27,2012.4000244140625,0.005395707913597336,2023-11-28,2023-11-28,2040.0,0.01918466470945157,2023-11-29,2023-11-29,2047.0999755859373,0.022731814825627472,2023-11-30,2023-11-30,2038.0999755859373,0.018235411893085862,2023-12-01,2023-12-01,2089.699951171875,0.04401477650905128,0.005395707913597336,0.013714954905138077,0.0034803801891849506,-0.004396463341964529,0.02531768618028818,0.038411809689934406,0.017848957836734014,1.842958564965052,16329.0,0.7783333887086528,-1.0646251762564027,-1.0400282613669134,-13216.0,0.04913116033908338,1.0891594217059861,0.8029303035981488,3113.0,0.6851978082186037,-0.117732495379542,-0.8029303035981488,-3113.0,-0.6851978082185983,0.1177324953795491,0.01918466470945157,0.017336167898398314,-0.004196654934312427,0.02522987744118521,0.019084769038831162,0.21198038166122846,0.31444845727968973,100.0,100 troy oz,200159.99755859372,53983351501.550285,19614879120.75195,34368472380.79833,3268412600.134277,4467571145.507812,23205949636.95068,61283386772.50976,-38077437135.559074,-2645314527.7343745,-4876297860.52246,92968314066.04002,96677278820.80077,-3708964754.7607417,623098072.3999022,-408726715.0146484,8798833332.67822,5089868577.9174795,3708964754.7607417,-623098072.3999022,408726715.0146484
2023-11-28,GOLD - COMMODITY EXCHANGE INC.,505658,289845,89761,200084,39.56903677979979,57.320362774839914,17.751325995040126,54567,10.791285809776568,115596,334188,-218592,-43.22921816721974,22.860510463593968,66.08972863081371,460008,478516,-18508,-3.660181387419956,90.97215904821046,94.6323404356304,45650,27142,18508,3.660181387419956,9.02784095178955,5.3676595643695935,2040.0,2023-12-04,2023-12-04,2042.199951171875,0.0010784074371936736,2023-12-05,2023-12-05,2036.300048828125,-0.0018137015548407298,2023-12-06,2023-12-06,2047.9000244140625,0.0038725609872856115,2023-12-07,2023-12-07,2046.4000244140625,0.0031372668696385553,2023-12-08,2023-12-08,2014.5,-0.012499999999999956,0.0010784074371936736,-0.002888993479979507,0.005696594464363436,-0.0007324576308012087,-0.015588362017927682,-0.013563780155797178,0.01918466470945157,5.797359711811929,28379.0,4.274411422733721,-1.522948289078208,-5.812981091836548,-28357.0,0.05752322250425834,5.870504314340813,-0.015621380024626319,22.0,-0.38179597795839015,-0.36617459793377805,0.015621380024626319,-22.0,0.3817959779583955,0.3661745979337683,-0.0018137015548407298,-0.022941200405943607,0.005931420419730493,0.014607867072610192,0.002009791953890838,0.1551470588235293,0.2849510043275123,100.0,100 troy oz,204000.0,59128380000.0,18311244000.0,40817136000.0,5789316000.0,7478436000.0,23581584000.0,68174352000.0,-44592768000.0,-5784828000.0,-7320540000.0,93841632000.0,97617264000.0,-3775632000.0,4488000.0,157896000.0,9312600000.0,5536968000.0,3775632000.0,-4488000.0,-157896000.0
2023-12-05,GOLD - COMMODITY EXCHANGE INC.,487469,288840,85296,203544,41.755270591565825,59.25299865222199,17.497728060656165,47953,9.837138361618893,103193,330138,-226945,-46.55578098299584,21.169141012043845,67.7249219950397,439986,463387,-23401,-4.800510391430019,90.25927802588473,95.05978841731473,47483,24082,23401,4.800510391430019,9.740721974115276,4.940211582685258,2036.300048828125,2023-12-11,2023-12-11,1993.699951171875,-0.02092034407245924,2023-12-12,2023-12-12,1993.199951171875,-0.021165887454087984,2023-12-13,2023-12-13,1997.300048828125,-0.01915238376704076,2023-12-14,2023-12-14,2044.9000244140625,0.004223334174591198,2023-12-15,2023-12-15,2035.699951171875,-0.00029470001564624315,-0.02092034407245924,-0.00025078999460581564,0.0020570428239472527,0.02383216062797655,-0.004499033269278585,0.02106635954688807,-0.0018137015548407298,2.186233811766037,3460.0,1.9326358773820758,-0.2535979343839614,-3.3265628157761,-8353.0,-1.6913694515501234,1.6351933642259837,-1.1403290040100633,-4893.0,-0.7128810223257318,0.4274479816843382,1.1403290040100633,4893.0,0.7128810223257265,-0.4274479816843355,-0.021165887454087984,0.0077591948383135545,0.016451406569124805,0.018219246980313963,0.05185869026344969,0.15277702011285643,0.3101703277368706,100.0,100 troy oz,203630.0048828125,58816490610.35156,17368824896.484375,41447665713.86719,704559816.8945312,7601100822.265625,21013191093.87207,67226002552.00195,-46212811458.12988,-1700921430.7861328,-8319100219.482422,89594351328.36914,94359497072.63184,-4765145744.262695,-996361613.8916016,-717999397.2167969,9668963521.850586,4903817777.587891,4765145744.262695,996361613.8916016,717999397.2167969
2023-12-12,GOLD - COMMODITY EXCHANGE INC.,469939,273536,85303,188233,40.05477306629158,58.20670342321025,18.151930356918662,44236,9.413136598579817,105710,318518,-212808,-45.28417518018296,22.494408848808035,67.77858402899099,423482,448057,-24575,-5.2294021138913775,90.1142488705981,95.34365098448949,46457,21882,24575,5.2294021138913775,9.885751129401902,4.656349015510524,1993.199951171875,2023-12-18,2023-12-18,2040.5,0.023730709405404005,2023-12-19,2023-12-19,2052.10009765625,0.029550545819422513,2023-12-20,2023-12-20,2047.699951171875,0.027342966754518194,2023-12-21,2023-12-21,2051.300048828125,0.029149156672460652,2023-12-22,2023-12-22,2069.10009765625,0.03807954462358398,0.023730709405404005,0.005684929015559836,-0.0021442163028014827,0.0017581177624141908,0.008677447669488414,0.014016220365719256,-0.021165887454087984,-1.700497525274244,-15311.0,-1.04629522901174,0.6542022962624969,1.2716058028128785,14137.0,1.3252678367641906,0.05366203395129787,-0.4288917224613584,-1174.0,-0.14502915528662186,0.2838625671747508,0.4288917224613584,1174.0,0.1450291552866254,-0.2838625671747339,0.029550545819422513,0.03843071419463673,0.04023678162580846,0.019967915815332526,0.0867450083885064,0.16726879121603266,0.36383703037194204,100.0,100 troy oz,199319.9951171875,54521194184.375,17002593543.481445,37518600640.893555,-3051788445.239258,6549057079.56543,21070116683.83789,63487006204.73633,-42416889520.89844,2817786770.9716797,-7133463305.249023,84408430172.2168,89306719052.22168,-4898288880.004883,-234001674.26757812,-584406225.6835938,9259809013.15918,4361520133.154297,4898288880.004883,234001674.26757812,584406225.6835938
2023-12-19,GOLD - COMMODITY EXCHANGE INC.,481203,280972,79633,201339,41.8407615912619,58.38949466233585,16.548733071073954,46653,9.695076713985573,105559,332617,-227058,-47.185491362273304,21.9364800302575,69.1219713925308,433184,458903,-25719,-5.344729771011403,90.02105140657893,95.36578117759034,48019,22300,25719,5.344729771011403,9.978948593421071,4.634218822409669,2052.10009765625,2023-12-25,2023-12-26,2069.800048828125,0.008625286452688341,2023-12-26,2023-12-26,2069.800048828125,0.008625286452688341,2023-12-27,2023-12-27,2093.10009765625,0.019979532210357087,2023-12-28,2023-12-28,2083.5,0.01530135025070778,2023-12-29,2023-12-29,2071.800048828125,0.009599897780022904,0.008625286452688341,0.0,0.0112571496175764,-0.004586544937339454,-0.00561552732031434,0.0009662769121743242,0.029550545819422513,1.7859885249703211,13106.0,0.18279123912559925,-1.6031972858447077,-1.9013161820903406,-14250.0,-0.5579288185505362,1.3433873635398044,-0.11532765712002568,-1144.0,-0.09319746401916973,0.022130193100849738,0.11532765712002568,1144.0,0.09319746401916973,-0.022130193100855067,0.008625286452688341,0.010379515459224997,-0.009307585764488091,-0.010672065416978294,0.05243401802793013,0.1436576144722168,0.2972076766822098,100.0,100 troy oz,205210.009765625,57658266863.86719,16341488707.666016,41316778156.20117,2689482387.9882812,6081193429.394531,21661763420.84961,68256337818.21289,-46594574397.36328,-2924242639.1601562,-7556448189.599609,88893692870.3125,94171489111.47461,-5277796241.162109,-234760251.171875,-1475254760.2050781,9853979458.935547,4576183217.7734375,5277796241.162109,234760251.171875,1475254760.2050781
2023-12-26,GOLD - COMMODITY EXCHANGE INC.,491343,289843,82125,207718,42.27555902902861,58.98995202943769,16.714393000409082,47513,9.670026844790707,105951,338296,-232345,-47.28773992913301,21.563551327687584,68.85129125682059,443307,467934,-24627,-5.012180900104408,90.22353020191596,95.23571110202039,48036,23409,24627,5.012180900104408,9.776469798084026,4.764288897979619,2069.800048828125,2024-01-01,2024-01-02,2073.39990234375,0.0017392276696790443,2024-01-02,2024-01-02,2073.39990234375,0.0017392276696790443,2024-01-03,2024-01-03,2042.800048828125,-0.013044738314354043,2024-01-04,2024-01-04,2050.0,-0.009566165021271167,2024-01-05,2024-01-05,2049.800048828125,-0.009662769121743686,0.0017392276696790443,0.0,-0.014758297943891718,0.0035245501271674584,-9.753715701221743e-05,-0.011382200553278654,0.008625286452688341,0.4347974377667043,6379.0,0.6004573671018392,0.16565992933512774,-0.10224856685970707,-5287.0,-0.37292870256991506,-0.270680135710208,0.3325488709069955,1092.0,0.20247879533702928,-0.13007007556994665,-0.3325488709069955,-1092.0,-0.20247879533704527,0.1300700755699502,0.0017392276696790443,-0.017779518774753367,-0.019132330042542334,-0.021258092067836132,0.051889023002273715,0.1260991370387552,0.2733114010177755,100.0,100 troy oz,206980.0048828125,59991705555.24902,16998232901.000977,42993472654.24805,1320325451.147461,1580085357.2753906,21929738497.338867,70020507731.83594,-48090769234.49707,-1094303285.8154297,-2846596007.1533203,91755685024.58496,96852981604.83398,-5097296580.249023,226022165.33203125,-1266510649.8779297,9942491514.550781,4845194934.301758,5097296580.249023,-226022165.33203125,1266510649.8779297
2024-01-02,GOLD - COMMODITY EXCHANGE INC.,500364,290706,83057,207649,41.49958829971781,58.098903997889536,16.599315698171733,51654,10.32328464877569,108804,344282,-235478,-47.06133934495687,21.744969662086,68.80630900704287,451164,478993,-27829,-5.561751045239066,90.16715830875123,95.7289093539903,49200,21371,27829,5.561751045239066,9.83284169124877,4.271090646009705,2073.39990234375,2024-01-08,2024-01-08,2033.5,-0.019243708026921214,2024-01-09,2024-01-09,2033.0,-0.01948485784053644,2024-01-10,2024-01-10,2027.800048828125,-0.02199279235234819,2024-01-11,2024-01-11,2019.199951171875,-0.026140616246102755,2024-01-12,2024-01-12,2051.60009765625,-0.01051403767447745,-0.019243708026921214,-0.0002458814851241664,-0.0025577723422897103,-0.004241097469752986,0.01604603172933472,0.008900957785222596,0.0017392276696790443,-0.7759707293107994,-69.0,-0.8910480315481522,-0.11507730223734924,0.22640058417614028,-3133.0,0.18141833439841548,-0.0449822497777177,-0.5495701451346582,-3202.0,-0.05637189316473723,0.49319825196991474,0.5495701451346582,3202.0,0.056371893164744336,-0.49319825196991385,-0.01948485784053644,-0.020835320346568098,-0.022957391606808986,-0.02020830728138201,0.10051131296418103,0.12539790307991172,0.2737533155155649,100.0,100 troy oz,207339.990234375,60274979201.07422,17221037568.896484,43053941632.177734,-14306459.326171875,851130659.9121094,22559420297.460938,71383426517.8711,-48824006220.41016,-649596189.4042969,-1769232136.6699219,93544339354.10156,99314403942.33398,-5770064588.232422,-663902648.7304688,-918101476.7578125,10201127519.53125,4431062931.298828,5770064588.232422,663902648.7304688,918101476.7578125
2024-01-09,GOLD - COMMODITY EXCHANGE INC.,489849,271665,83051,188614,38.50451873944828,55.458927138771344,16.954408399323057,61121,12.477518582256982,106489,324190,-217701,-44.44247104720026,21.73914818648196,66.18161923368223,439275,468362,-29087,-5.9379523077519805,89.67559390751028,95.61354621526226,50574,21487,29087,5.9379523077519805,10.324406092489728,4.386453784737745,2033.0,2024-01-15,2024-01-16,2030.199951171875,-0.0013772989808780167,2024-01-16,2024-01-16,2030.199951171875,-0.0013772989808780167,2024-01-17,2024-01-17,2006.5,-0.013034923757993089,2024-01-18,2024-01-18,2021.5999755859373,-0.00560748864439875,2024-01-19,2024-01-19,2029.300048828125,-0.00181994646919581,-0.0013772989808780167,0.0,-0.01167370295629988,0.0075255298210501476,0.003808900541738547,-0.00044325798709166087,-0.01948485784053644,-2.9950695602695276,-19035.0,-2.6399768591181925,0.3550927011513245,2.618868297756613,17777.0,-0.005821475604040671,-2.624689773360643,-0.3762012625129145,-1258.0,-0.49156440124095013,-0.11536313872804271,0.3762012625129145,1258.0,0.49156440124095724,0.11536313872804005,-0.0013772989808780167,-0.0035415401730816143,-0.0007378258730939002,0.009050616007747259,0.16202651369589272,0.16473187523057065,0.31106734006087056,100.0,100 troy oz,203300.0,55229494500.0,16884268300.0,38345226200.0,-3869815500.0,77457300.0,21649213700.0,65907827000.0,-44258613300.0,3614064100.0,-994746900.0,89304607500.0,95217994600.0,-5913387100.0,-255751400.0,-917289600.0,10281694200.0,4368307100.0,5913387100.0,255751400.0,917289600.0
2024-01-16,GOLD - COMMODITY EXCHANGE INC.,489334,262360,82467,179893,36.76282457380849,53.61573076875917,16.852906194950688,68047,13.906043724736069,109287,316707,-207420,-42.3882256291204,22.33382515827635,64.72205078739674,439694,467221,-27527,-5.625401055311914,89.85559965177158,95.48100070708351,49640,22113,27527,5.625401055311914,10.144400348228407,4.518999292916495,2030.199951171875,2024-01-22,2024-01-22,2022.199951171875,-0.003940498567829409,2024-01-23,2024-01-23,2025.800048828125,-0.0021672261105170065,2024-01-24,2024-01-24,2016.0,-0.006994360907002561,2024-01-25,2024-01-25,2017.800048828125,-0.006107724678346305,2024-01-26,2024-01-26,2017.300048828125,-0.006354005838835719,-0.003940498567829409,0.0017802876783592492,-0.00483761901071833,0.0008928813631572385,-0.000247794621816122,-0.002423055317012812,-0.0013772989808780167,-1.7416941656397924,-8721.0,-1.8431963700121727,-0.10150220437236968,2.0542454180798586,10281.0,0.5946769717943923,-1.4595684462854877,0.3125512524400662,1560.0,0.1800057442613081,-0.132545508178751,-0.3125512524400662,-1560.0,-0.18000574426132054,0.13254550817874922,-0.0021672261105170065,0.0006403550681668424,0.010442297153853142,-0.011328933382509399,0.18599158050333475,0.21554531976205493,0.3211999376119794,100.0,100 troy oz,203019.9951171875,53264325918.94531,16742449937.329102,36521875981.61621,-1770537377.4169922,-4353966815.283203,22187446206.37207,64297853593.5791,-42110407387.20703,2087248569.7998047,3986906664.111328,89266673733.05664,94855205138.64746,-5588531405.59082,316711192.3828125,-367060151.171875,10077912557.617188,4489381152.026367,5588531405.59082,-316711192.3828125,367060151.171875
2024-01-23,GOLD - COMMODITY EXCHANGE INC.,465872,241100,71626,169474,36.377803345124846,51.752412679877736,15.374609334752892,66034,14.174279630456436,113094,305187,-192093,-41.232999622213825,24.275766734210254,65.50876635642409,420228,442847,-22619,-4.855196277088986,90.20245904454443,95.0576553216334,45644,23025,22619,4.855196277088986,9.797540955455576,4.94234467836659,2025.800048828125,2024-01-29,2024-01-29,2025.4000244140625,-0.0001974649049366617,2024-01-30,2024-01-30,2031.5,0.0028136790574035953,2024-01-31,2024-01-31,2048.39990234375,0.011156013906060691,2024-02-01,2024-02-01,2071.10009765625,0.02236155974738474,2024-02-02,2024-02-02,2053.699951171875,0.013772288316356462,-0.0001974649049366617,0.003011738675031461,0.008318928055008667,0.011081915834172174,-0.008401402956846882,0.01397251230210661,-0.0021672261105170065,-0.38502122868364097,-10419.0,-1.8633180888814351,-1.478296860197796,1.1552260069065738,15327.0,1.9419415759339032,0.7867155690273506,0.7702047782229284,4908.0,0.34685939277284206,-0.423345385450105,-0.7702047782229284,-4908.0,-0.3468593927728314,0.42334538545009526,0.0028136790574035953,0.012636910306342397,-0.009181605888009425,0.006910849867981073,0.15613586790616218,0.1883206589024855,0.36202975844926244,100.0,100 troy oz,202580.0048828125,48842039177.24609,14509995429.736328,34332043747.509766,-2110681070.8740234,-7747469706.738281,22910583072.216797,61824783950.1709,-38914200877.9541,3104943734.838867,8154250356.542969,85129790291.89453,89711947422.33887,-4582157130.444336,994262663.9648438,406780649.8046875,9246561742.871094,4664404612.426758,4582157130.444336,-994262663.9648438,-406780649.8046875
2024-01-30,GOLD - COMMODITY EXCHANGE INC.,430328,219222,71431,147791,34.34380286665055,50.94300161737093,16.599198750720383,48217,11.204708966183933,117525,288043,-170518,-39.62512316186723,27.310563105352198,66.93568626721942,384964,407691,-22727,-5.281320295216672,89.45827368890707,94.73959398412374,45364,22637,22727,5.281320295216672,10.541726311092933,5.260406015876262,2031.5,2024-02-05,2024-02-05,2042.9000244140625,0.005611629049501632,2024-02-06,2024-02-06,2051.39990234375,0.009795669379153438,2024-02-07,2024-02-07,2051.699951171875,0.009943367547071036,2024-02-08,2024-02-08,2047.9000244140625,0.008072864589742768,2024-02-09,2024-02-09,2038.699951171875,0.0035441551424439943,0.005611629049501632,0.0041606920691703575,0.00014626540041362546,-0.0018520869757988612,-0.004492442566779942,-0.0020559367526524763,0.0028136790574035953,-2.0340004784742973,-21683.0,-0.8094110625068041,1.2245894159674915,1.6078764603465956,21575.0,3.034796371141944,1.426919910795334,-0.42612401812768574,-108.0,-0.7441853556373559,-0.31806133750966126,0.42612401812768574,108.0,0.7441853556373577,0.3180613375096719,0.009795669379153438,-0.011961628761075538,0.004085675032303726,0.006202301543656086,0.13359581705328583,0.18385429485601779,0.3622938715235049,100.0,100 troy oz,203150.0,44534949300.0,14511207650.0,30023741650.0,-4404901450.0,-12160152700.0,23875203750.0,58515935450.0,-34640731700.0,4382961250.0,13196624000.0,78205436600.0,82822426650.0,-4616990050.0,-21940200.0,1036471300.0,9215696600.0,4598706550.0,4616990050.0,21940200.0,-1036471300.0
2024-02-06,GOLD - COMMODITY EXCHANGE INC.,419121,228623,66885,161738,38.58981057976097,54.548209228361266,15.958398648600285,44291,10.567592652241238,104344,284585,-180241,-43.00452613922948,24.895913113396848,67.90043925262633,377258,395761,-18503,-4.414715559468506,90.01171499399935,94.42643055346785,41863,23360,18503,4.414715559468506,9.988285006000654,5.573569446532147,2051.39990234375,2024-02-12,2024-02-12,2033.0,-0.008969437076957965,2024-02-13,2024-02-13,2007.199951171875,-0.0215462383133469,2024-02-14,2024-02-14,2004.300048828125,-0.02295985949000623,2024-02-15,2024-02-15,2014.9000244140625,-0.017792668259360767,2024-02-16,2024-02-16,2024.0999755859373,-0.013307949720881895,-0.008969437076957965,-0.01269062903498519,-0.0014447501067629265,0.005288617137007456,0.004565959134647413,-0.004377778855908843,0.009795669379153438,4.246007713110423,13947.0,3.605207610990334,-0.6408001021200977,-3.379402977362254,-9723.0,-2.4146499919553506,0.9647529854069035,0.8666047357481652,4224.0,0.553441305092278,-0.3131634306558908,-0.8666047357481652,-4224.0,-0.5534413050922797,0.3131634306558855,-0.0215462383133469,-0.005654603718354467,-0.003558509849528879,0.044116215417872695,0.13298238364759962,0.185336947163796,0.4018719829042048,100.0,100 troy oz,205139.990234375,46899719987.353516,13720788246.826172,33178931740.527344,2861087443.798828,-5513342377.5390625,21405127141.015625,58379764120.84961,-36974636979.833984,-1994576125.0488281,7684544034.1796875,77390702435.83984,81186407675.14648,-3795705239.3066406,866511318.75,2171201656.640625,8587775411.181641,4792070171.875,3795705239.3066406,-866511318.75,-2171201656.640625
2024-02-13,GOLD - COMMODITY EXCHANGE INC.,420812,217505,86337,131168,31.170213777173654,51.68697660713097,20.516762829957322,49550,11.774854329249166,109529,262509,-152980,-36.35352604013193,26.02801250914898,62.38153854928091,376584,398396,-21812,-5.183312262958281,89.48984344552912,94.6731557084874,44228,22416,21812,5.183312262958281,10.51015655447088,5.326844291512599,2007.199951171875,2024-02-19,2024-02-20,2039.800048828125,0.016241579538309958,2024-02-20,2024-02-20,2039.800048828125,0.016241579538309958,2024-02-21,2024-02-21,2034.300048828125,0.013501443959495818,2024-02-22,2024-02-22,2030.699951171875,0.011707852018569387,2024-02-23,2024-02-23,2049.39990234375,0.021024288660049573,0.016241579538309958,0.0,-0.0026963427141595275,-0.001769698456392299,0.009208623440938979,0.004706271833428088,-0.0215462383133469,-7.419596802587318,-30570.0,-2.861232621230293,4.558364181357037,6.651000099097551,27261.0,1.1320993957521317,-5.518900703345416,-0.7685967034897745,-3309.0,-0.5218715484702301,0.24672515501954706,0.7685967034897745,3309.0,0.5218715484702265,-0.24672515501954795,0.016241579538309958,0.018383830864742157,0.0671083870310143,0.07916508088374719,0.17571739724582813,0.24940220697194704,0.4610403392766591,100.0,100 troy oz,200719.9951171875,43657602537.96387,17329562218.432617,26328040319.53125,-6136010250.732422,-9780081762.08496,21984660345.19043,52690805198.21777,-30706144853.027344,5471827786.889648,10927196534.179688,75587938641.21094,79966043174.70703,-4378104533.496094,-664182463.8427734,1147114772.0947266,8877443944.042969,4499339410.546875,4378104533.496094,664182463.8427734,-1147114772.0947266
2024-02-20,GOLD - COMMODITY EXCHANGE INC.,407063,211034,70772,140262,34.45707421209985,51.84308080076057,17.386006588660724,47764,11.73381024558852,106419,265830,-159411,-39.16126005065555,26.14312772224447,65.30438777290001,365217,384366,-19149,-4.704185838555703,89.72001876859356,94.42420460714926,41846,22697,19149,4.704185838555703,10.27998123140644,5.575795392850738,2039.800048828125,2024-02-26,2024-02-26,2038.9000244140625,-0.00044123168571330584,2024-02-27,2024-02-27,2044.0999755859373,0.00210801385179038,2024-02-28,2024-02-28,2042.699951171875,0.0014216601011536323,2024-02-29,2024-02-29,2054.699951171875,0.007304589659319793,2024-03-01,2024-03-01,2095.699951171875,0.027404598983054695,-0.00044123168571330584,0.002550370841929439,-0.0006849099509729228,0.005874577905147449,0.01995425170308507,0.02785812255514375,0.016241579538309958,3.2868604349261936,9094.0,0.15610419362959504,-3.1307562412965986,-2.8077340105236175,-6431.0,0.11511521309548911,2.922849223619103,0.4791264244025779,2663.0,0.23017532306444366,-0.24895110133813603,-0.4791264244025779,-2663.0,-0.2301753230644401,0.2489511013381387,0.00210801385179038,0.05005385384429317,0.061917857537401755,0.058780223293274814,0.18928318672089506,0.25041672546364646,0.44572993891936363,100.0,100 troy oz,203980.0048828125,43046716350.43945,14436072905.566406,28610643444.873047,1854994164.4042969,-5958663902.636719,21707348139.624023,54224004697.99805,-32516656558.374023,-1311795411.4013672,6666474519.580078,74496965443.28613,78402978556.78711,-3906013113.5009766,543198753.0029297,707810616.9433594,8535747284.326172,4629734170.825195,3906013113.5009766,-543198753.0029297,-707810616.9433594
2024-02-27,GOLD - COMMODITY EXCHANGE INC.,411195,214948,73312,141636,34.44497136395141,52.27398193071414,17.82901056676273,48872,11.88535852819222,108432,266784,-158352,-38.510195892459784,26.369970451975338,64.88016634443512,372252,388968,-16716,-4.065224528508372,90.5293109108817,94.59453543939007,38943,22227,16716,4.065224528508372,9.470689089118302,5.405464560609929,2044.0999755859373,2024-03-04,2024-03-04,2126.300048828125,0.0402133331167549,2024-03-05,2024-03-05,2141.89990234375,0.04784498210748156,2024-03-06,2024-03-06,2158.199951171875,0.05581917565124539,2024-03-07,2024-03-07,2165.199951171875,0.05924366568774331,2024-03-08,2024-03-08,2185.5,0.06917471068093461,0.0402133331167549,0.007336619083568419,0.007610088973013518,0.0032434436837973646,0.009375600076629409,0.027841767301139964,0.00210801385179038,-0.012102848148437317,1374.0,0.43090112995357543,0.44300397810200565,0.6510641581957657,1059.0,0.22684272973086905,-0.4242214284648895,0.638961310047331,2433.0,0.8092921422881432,0.1703308322408077,-0.638961310047331,-2433.0,-0.8092921422881378,-0.17033083224080858,0.04784498210748156,0.059684028925905075,0.05655299494478072,0.06511422003602574,0.15283011014395909,0.2489114685361542,0.4279145265345725,100.0,100 troy oz,204409.99755859372,43937520155.2246,14985705741.015623,28951814414.20898,280859336.64550775,-1258143534.9731443,22164584855.273434,54533316788.67187,-32368731933.398434,216470187.41455075,2486852030.297851,76092030411.18163,79508947930.37108,-3416917519.1894526,497329524.06005853,1228708495.3247068,7960338534.924315,4543421015.734862,3416917519.1894526,-497329524.06005853,-1228708495.3247068
2024-03-05,GOLD - COMMODITY EXCHANGE INC.,471616,264148,72855,191293,40.56117688967296,56.009126068666035,15.447949178993078,58663,12.438721332609582,104023,310815,-206792,-43.84753697923735,22.056715633057404,65.90425261229474,426834,442333,-15499,-3.286360089564391,90.50456303433302,93.79092312389741,44782,29283,15499,3.286360089564391,9.495436965666983,6.209076876102592,2141.89990234375,2024-03-11,2024-03-11,2188.60009765625,0.02180316421948514,2024-03-12,2024-03-12,2166.10009765625,0.01129847164473885,2024-03-13,2024-03-13,2180.800048828125,0.018161514663597833,2024-03-14,2024-03-14,2167.5,0.01195205136721711,2024-03-15,2024-03-15,2161.5,0.009150800013951521,0.02180316421948514,-0.010280544181687223,0.006786367438781138,-0.006098701637168413,-0.0027681660899654403,-0.012382388945916256,0.04784498210748156,6.116205525721547,49657.0,3.7351441379518917,-2.381061387769652,-5.337341086777563,-48440.0,-4.313254818917933,1.0240862678596159,0.7788644389439807,1217.0,-0.024747876548687486,-0.8036123154926571,-0.7788644389439807,-1217.0,0.02474787654868038,0.8036123154926624,0.01129847164473885,0.008310401811330026,0.016480718258354843,0.06531591244356982,0.09594285884934872,0.1779261940482071,0.3635558293178949,100.0,100 troy oz,214189.990234375,56577857540.42969,15604811738.52539,40973045801.9043,10636032345.06836,6330385161.376953,22280685354.15039,66573461814.697266,-44292776460.546875,-10375363126.953125,-5686958430.712891,91423570291.69922,94743300950.3418,-3319730658.642578,260669218.11523438,643426730.6640625,9591856142.675781,6272125484.033203,3319730658.642578,-260669218.11523438,-643426730.6640625
2024-03-12,GOLD - COMMODITY EXCHANGE INC.,516057,283062,81460,201602,39.065839626242834,54.8509176311919,15.785078004949066,55571,10.768384112607716,129432,347705,-218273,-42.29629672691195,25.080950360134636,67.37724708704658,468065,484736,-16671,-3.2304571006691125,90.70025210393425,93.93070920460337,47992,31321,16671,3.2304571006691125,9.299747896065744,6.069290795396633,2166.10009765625,2024-03-18,2024-03-18,2164.300048828125,-0.0008310090702052797,2024-03-19,2024-03-19,2159.699951171875,-0.0029546863929788003,2024-03-20,2024-03-20,2161.0,-0.00235450691395489,2024-03-21,2024-03-21,2184.699951171875,0.008586793166091677,2024-03-22,2024-03-22,2160.0,-0.0028161660963177404,-0.0008310090702052797,-0.0021254435856713494,0.0006019580763612087,0.010967122245199024,-0.011305878026236948,-0.001986808081648972,0.01129847164473885,-1.4953372634301232,10309.0,-1.158208437474137,0.3371288259559879,1.5512402523253996,-11481.0,3.024234727077232,1.472994474751843,0.05590298889527867,-1172.0,0.19568906960122945,0.1397860807059601,-0.05590298889527867,1172.0,-0.19568906960123833,-0.13978608070595921,-0.0029546863929788003,0.0051243492983703565,0.053413944857425566,0.09062360733001174,0.07409629876923196,0.17404551175078153,0.3484602606796443,100.0,100 troy oz,216610.009765625,61314062584.27734,17645051395.507812,43669011188.76953,2233032590.673828,15256709427.832031,28036266783.984375,75316383445.55664,-47280116661.572266,-2486899522.1191406,-14143117367.626953,101387564220.94727,104998669693.75,-3611105472.8027344,-253866931.4453125,1113592060.2050781,10395547588.671875,6784442115.869141,3611105472.8027344,253866931.4453125,-1113592060.2050781
2024-03-19,GOLD - COMMODITY EXCHANGE INC.,535047,278732,77130,201602,37.67930667773112,52.094862694305355,14.415556016574243,69082,12.911389092920809,138102,355632,-217530,-40.65624141430566,25.81119041878564,66.4674318330913,485916,501844,-15928,-2.976934736574544,90.8174422060118,93.79437694258635,49131,33203,15928,2.976934736574544,9.182557793988192,6.205623057413648,2159.699951171875,2024-03-25,2024-03-25,2176.39990234375,0.007732533013585341,2024-03-26,2024-03-26,2177.199951171875,0.008102977448559257,2024-03-27,2024-03-27,2190.60009765625,0.014307610864003673,2024-03-28,2024-03-28,2217.39990234375,0.026716651607352482,2024-03-29,2024-04-01,2257.10009765625,0.045098925168528536,0.007732533013585341,0.0003676019408305198,0.006154761521633523,0.012234001411838502,0.017903940227713466,0.03707967236425369,-0.0029546863929788003,-1.3865329485117144,0.0,-2.7560549368865424,-1.3695219883748226,1.640055312606286,743.0,0.7302400586510025,-0.9098152539552871,0.2535223640945685,743.0,0.11719010207755787,-0.13633226201702087,-0.2535223640945685,-743.0,-0.11719010207755254,0.13633226201701554,0.008102977448559257,0.05653567644431212,0.09385560760969969,0.11487711407393819,0.08667868472669005,0.2003518826479056,0.40797338407039185,100.0,100 troy oz,215969.9951171875,60197748679.00391,16657765723.388672,43539982955.615234,0.0,13247599500.488281,29825888265.67383,76805841303.51562,-46979953037.8418,160465706.3720703,-12551960146.21582,104943276147.36328,108383246229.58984,-3439970082.2265625,160465706.3720703,695639354.2724609,10610821830.10254,7170851747.875977,3439970082.2265625,-160465706.3720703,-695639354.2724609
2024-03-26,GOLD - COMMODITY EXCHANGE INC.,503642,265647,66353,199294,39.57056798281319,52.74520393454081,13.174635951727618,48217,9.573665421072905,141774,360114,-218340,-43.352222411951345,28.149757168782585,71.50197958073393,455638,474684,-19046,-3.781654429138158,90.4686265243963,94.25028095353446,48004,28958,19046,3.781654429138158,9.531373475603703,5.749719046465545,2177.199951171875,2024-04-01,2024-04-01,2257.10009765625,0.036698579954206334,2024-04-02,2024-04-02,2281.800048828125,0.048043404373562026,2024-04-03,2024-04-03,2315.0,0.06329232588580314,2024-04-04,2024-04-04,2308.5,0.06030683987359686,2024-04-05,2024-04-05,2345.39990234375,0.07725516945806543,0.036698579954206334,0.010943223651234346,0.014549895022101467,-0.0028077753779697234,0.015984363155187253,0.03912090774316557,0.008102977448559257,1.8912613050820681,-2308.0,0.6503412402354556,-1.240920064846625,-2.695980997645684,-810.0,2.3385667499969465,5.034547747642634,-0.804719692563614,-3118.0,-0.34881568161550547,0.4559040109481032,0.804719692563614,3118.0,0.3488156816155108,-0.4559040109481032,0.048043404373562026,0.08506336364383582,0.10591590245633142,0.07573955088305873,0.07054937585019472,0.2295609314886804,0.3898125896590543,100.0,100 troy oz,217719.9951171875,57836663542.89551,14446374836.010742,43390288706.884766,-502497748.73046875,12553299478.466797,30867034587.74414,78404018321.63086,-47536983733.88672,-176353196.04492188,-13060587067.089844,99201503135.20508,103348198162.20703,-4146695027.001953,-678850944.7753906,-507287588.6230469,10451430645.605469,6304735618.603516,4146695027.001953,678850944.7753906,507287588.6230469
2024-04-02,GOLD - COMMODITY EXCHANGE INC.,500045,281399,74149,207250,41.44626983571478,56.27473527382536,14.82846543811057,42601,8.51943325100741,127114,352828,-225714,-45.138737513623774,25.42051215390615,70.55924966752993,451114,469578,-18464,-3.6924676779089878,90.21468067873892,93.90714835664791,48931,30467,18464,3.6924676779089878,9.785319321261087,6.092851643352098,2281.800048828125,2024-04-08,2024-04-08,2351.0,0.030326912828060548,2024-04-09,2024-04-09,2362.39990234375,0.03532292566871442,2024-04-10,2024-04-10,2348.39990234375,0.029187418744174742,2024-04-11,2024-04-11,2372.699951171875,0.03983692716214726,2024-04-12,2024-04-12,2374.10009765625,0.04045054205145093,0.030326912828060548,0.004848958887175625,-0.005926177014361711,0.010347491840666967,0.0005901068458671332,0.009825647663228354,0.048043404373562026,1.8757018529015923,7956.0,3.5295313392845458,1.6538294863829517,-1.7865151016724283,-7374.0,-2.7292450148764367,-0.9427299132040048,0.08918675122917019,582.0,-0.253945845657384,-0.34313259688654796,-0.08918675122917019,-582.0,0.253945845657384,0.3431325968865533,0.03532292566871442,0.05521956232085734,0.0264265262239316,0.009247021239420672,0.02261366132502518,0.1790253270481763,0.378736056042994,100.0,100 troy oz,228180.0048828125,64209625194.018555,16919319182.055664,47290306011.96289,1815400118.8476562,3641068337.915039,29004873140.67383,80508294762.79297,-51503421622.11914,-1682599356.0058594,-4317622052.392578,102935194722.70508,107148310332.86133,-4213115610.15625,132800762.84179688,-676553714.4775391,11165075818.920898,6951960208.764648,4213115610.15625,-132800762.84179688,676553714.4775391
2024-04-09,GOLD - COMMODITY EXCHANGE INC.,505214,279799,77380,202419,40.06599183712249,55.382273650373904,15.316281813251415,45762,9.057943762445221,128094,352676,-224582,-44.45284572478197,25.35440427224899,69.80724999703097,453655,475818,-22163,-4.386853887659488,89.79462168506811,94.1814755727276,51559,29396,22163,4.386853887659488,10.20537831493189,5.818524427272403,2362.39990234375,2024-04-15,2024-04-15,2383.0,0.008719987516005556,2024-04-16,2024-04-16,2407.800048828125,0.019217807467454273,2024-04-17,2024-04-17,2388.39990234375,0.011005757312386066,2024-04-18,2024-04-18,2398.0,0.015069462888535945,2024-04-19,2024-04-19,2413.800048828125,0.021757597616466562,0.008719987516005556,0.01040707042724498,-0.008057208277662875,0.004019468283694705,0.006588844382037218,0.012924905089435557,0.03532292566871442,-1.380277998592291,-4831.0,-0.8924616234514531,0.4878163751408451,0.6858917888418006,1132.0,-0.0661078816571603,-0.7519996704989609,-0.6943862097504998,-3699.0,-0.420058993670807,0.2743272160796977,0.6943862097504998,3699.0,0.42005899367080346,-0.274327216079695,0.019217807467454273,-0.008592873995364014,-0.025186252311037438,-0.016169976613179093,0.002328140969927839,0.11556045178005436,0.2657467299271732,100.0,100 troy oz,236239.990234375,66099713027.58789,18280250444.335938,47819462583.25195,-1141275392.8222656,193008072.02148438,30260925309.08203,83316174795.89844,-53055249486.81641,267423668.9453125,-1490438098.3886719,107171452769.77539,112407239673.33984,-5235786903.564453,-873851723.8769531,-1297430026.3671875,12180297656.49414,6944510752.9296875,5235786903.564453,873851723.8769531,1297430026.3671875
2024-04-16,GOLD - COMMODITY EXCHANGE INC.,517193,278777,76854,201923,39.042098404270746,53.90192829369307,14.859829889422324,55487,10.728490138110917,132684,355442,-222758,-43.07057520113381,25.65463956395388,68.7252147650877,466948,487783,-20835,-4.028476796863067,90.28505799575787,94.31353479262093,50245,29410,20835,4.028476796863067,9.71494200424213,5.686465207379063,2407.800048828125,2024-04-22,2024-04-22,2346.39990234375,-0.025500517168881354,2024-04-23,2024-04-23,2342.10009765625,-0.027286298629261685,2024-04-24,2024-04-24,2338.39990234375,-0.028823052195780186,2024-04-25,2024-04-25,2342.5,-0.02712021243620566,2024-04-26,2024-04-26,2347.199951171875,-0.02516824338704704,-0.025500517168881354,-0.001832511450075125,-0.0015798621571310179,0.00175337744931503,0.0020063825707044014,0.00034096865897659256,0.019217807467454273,-1.023893432851743,-496.0,-1.4803453566808358,-0.45645192382909094,1.3822705236481596,1824.0,0.3002352917048903,-1.0820352319432658,0.358377090796421,1328.0,0.4904363106897591,0.13205921989332126,-0.358377090796421,-1328.0,-0.4904363106897591,-0.1320592198933399,-0.027286298629261685,-0.04356680137764335,-0.03472053158938104,-0.0198937393109897,0.024919012701740684,0.11259234488659842,0.3457927720870555,100.0,100 troy oz,240780.0048828125,67123927421.21582,18504906495.26367,48619020925.95215,-119426882.421875,77290381.56738281,31947654167.871094,85583326495.55664,-53635672327.68555,439182728.90625,-1258797865.5273438,112431741720.01953,117448393121.75293,-5016651401.733398,319755846.484375,-1181507483.959961,12097991345.336914,7081339943.603516,5016651401.733398,-319755846.484375,1181507483.959961
2024-04-23,GOLD - COMMODITY EXCHANGE INC.,516249,279535,76644,202891,39.300996224690024,54.14732038221865,14.846324157528635,58717,11.373775058159918,129083,355955,-226872,-43.94623524694479,25.00401937824577,68.95025462519055,467335,491316,-23981,-4.645239022254764,90.52511481862435,95.1703538408791,48914,24933,23981,4.645239022254764,9.474885181375654,4.829646159120889,2342.10009765625,2024-04-29,2024-04-29,2357.699951171875,0.006660626303391481,2024-04-30,2024-04-30,2302.89990234375,-0.016737198957349375,2024-05-01,2024-05-01,2311.0,-0.01327872266747776,2024-05-02,2024-05-02,2309.60009765625,-0.01387643509879144,2024-05-03,2024-05-03,2308.60009765625,-0.014303402332600412,0.006660626303391481,-0.023243012242031513,0.003517346823457723,-0.0006057560985504029,-0.0004329753886894716,-0.02082531896869244,-0.027286298629261685,0.25889782041927845,968.0,0.24539208852558403,-0.013505731893689088,-0.8756600458109745,-4114.0,-0.6506201857081102,0.2250398601028536,-0.6167622253916978,-3146.0,0.24005682286647811,0.8568190482581741,0.6167622253916978,3146.0,-0.24005682286647634,-0.8568190482581741,-0.016737198957349375,-0.007642776029208931,0.007599933369761835,0.035779770801153576,0.027838242796335066,0.17834419271399593,0.45997171759036215,100.0,100 troy oz,234210.009765625,65469895079.833984,17950791988.476562,47519103091.35742,226715289.453125,842453405.1269531,30232530690.57617,83368224026.12305,-53135693335.546875,-963539980.1757812,-1998279803.3203125,109454534913.81836,115071125158.00781,-5616590244.189453,-736824690.7226562,-1155826398.1933594,11456148417.675781,5839558173.486328,5616590244.189453,736824690.7226562,1155826398.1933594
2024-04-30,GOLD - COMMODITY EXCHANGE INC.,519791,278850,74640,204210,39.286944175639825,53.646561791181455,14.35961761554163,63742,12.263005708063433,126925,354423,-227498,-43.76720643489402,24.418468192023333,68.18567462691736,469517,492805,-23288,-4.4802622592542,90.32803569126821,94.80829795052243,50274,26986,23288,4.4802622592542,9.671964308731779,5.191702049477579,2302.89990234375,2024-05-06,2024-05-06,2331.199951171875,0.01228887490911923,2024-05-07,2024-05-07,2324.199951171875,0.009249229116057966,2024-05-08,2024-05-08,2322.300048828125,0.008424224806571345,2024-05-09,2024-05-09,2340.300048828125,0.016240456845871387,2024-05-10,2024-05-10,2375.0,0.03130839407430219,0.01228887490911923,-0.0030027454300868284,-0.0008174435864659602,0.007750936408533082,0.014827137737851492,0.018788628065176116,-0.016737198957349375,-0.014052049050199855,1319.0,-0.5007585910371972,-0.48670654198700447,0.17902881205076682,-626.0,-0.5855511862224354,-0.7645799982731916,0.1649767630005643,693.0,-0.1970791273561332,-0.36205589035667174,-0.1649767630005643,-693.0,0.19707912735612432,0.3620558903566895,0.009249229116057966,0.024751401457783206,0.053410918935216545,0.023275044478354934,0.04433544747313545,0.20765131598894815,0.44756621608412805,100.0,100 troy oz,230289.990234375,64216363776.85547,17188844871.09375,47027518905.76172,303752497.1191406,-700081570.3125,29229557010.498047,81620069208.83789,-52390512198.33984,-144161533.88671875,-410837342.578125,108125065344.87305,113488058637.45117,-5362993292.578125,159590963.23242188,-1110918912.890625,11577598969.042969,6214605676.464844,5362993292.578125,-159590963.23242188,1110918912.890625
2024-05-07,GOLD - COMMODITY EXCHANGE INC.,529835,272144,72577,199567,37.665877112686026,51.363915181141294,13.698038068455274,78091,14.738739418875687,124899,352165,-227266,-42.893731067219036,23.573187879245424,66.46691894646447,475134,502833,-27699,-5.227853954533015,89.67584247926241,94.90369643379543,54701,27002,27699,5.227853954533015,10.324157520737588,5.096303566204574,2324.199951171875,2024-05-13,2024-05-13,2343.0,0.008088825928528998,2024-05-14,2024-05-14,2359.89990234375,0.015360103227725741,2024-05-15,2024-05-15,2394.89990234375,0.030419048557430495,2024-05-16,2024-05-16,2385.5,0.0263746881145992,2024-05-17,2024-05-17,2417.39990234375,0.040099799126526614,0.008088825928528998,0.007212933138604383,0.014831137526316152,-0.003924966690487142,0.013372417666631664,0.03175411965162178,0.009249229116057966,-1.6210670629537987,-4643.0,-2.2826466100401603,-0.6615795470863564,0.8734753676749847,232.0,-0.8452803127779092,-1.7187556804528867,-0.7475916952788149,-4411.0,-0.6521932120057983,0.09539848327300149,0.7475916952788149,4411.0,0.6521932120058089,-0.09539848327300504,0.015360103227725741,0.0437569715637407,0.013897276269986714,0.009981908467116885,0.04620951240887128,0.18307374965112633,0.47267882313754006,100.0,100 troy oz,232419.9951171875,63251707151.171875,16868345985.620117,46383361165.55176,-1079126037.3291016,-662861826.0742188,29029024970.1416,81850187580.44434,-52821162610.302734,53921438.8671875,-623815266.8945312,110430641960.00977,116868443404.76074,-6437801444.750977,-1025204598.4619141,-1286677092.96875,12713606152.905273,6275804708.154297,6437801444.750977,1025204598.4619141,1286677092.96875
2024-05-14,GOLD - COMMODITY EXCHANGE INC.,522952,277642,73146,204496,39.10416252352032,53.091297098012824,13.987134574492496,59094,11.300081078186908,133583,365693,-232110,-44.38457066805366,25.544026985268246,69.92859765332192,470319,497933,-27614,-5.280408144533341,89.93540516146797,95.21581330600132,52633,25019,27614,5.280408144533341,10.064594838532026,4.784186693998684,2359.89990234375,2024-05-20,2024-05-20,2438.5,0.03330653879776335,2024-05-21,2024-05-21,2425.89990234375,0.02796728790676739,2024-05-22,2024-05-22,2392.89990234375,0.013983643953383806,2024-05-23,2024-05-23,2337.199951171875,-0.009619031362021024,2024-05-24,2024-05-24,2334.5,-0.010763126994718708,0.03330653879776335,-0.005167150976522428,-0.013603199360417761,-0.023277175579855647,-0.0011552076109369036,-0.04264916957145781,0.015360103227725741,1.4382854108342968,4929.0,1.7273819168715292,0.2890965060372217,-1.4908396008346259,-4844.0,1.9708391060228223,3.461678706857441,-0.05255419000032635,85.0,0.259562682205555,0.3121168722058911,0.05255419000032635,-85.0,-0.2595626822055621,-0.31211687220588935,0.02796728790676739,-0.0014406976924629111,-0.005296834830827213,-0.01411068522627934,0.0626722117906302,0.10441127025754815,0.37624483377559836,100.0,100 troy oz,235989.990234375,65520732868.65234,17261723825.683594,48259009042.96875,1163194661.8652344,607202244.8730469,31524250865.478516,86299887498.7793,-54775636633.30078,-1143135512.6953125,-2206978388.671875,110990576217.04102,117507203807.37305,-6516627590.332031,20059149.169921875,-1599776143.7988281,12420861156.00586,5904233565.673828,6516627590.332031,-20059149.169921875,1599776143.7988281
2024-05-21,GOLD - COMMODITY EXCHANGE INC.,530591,300729,70923,229806,43.31132642656962,56.67811930469986,13.366792878130235,56084,10.570100133624582,118514,377177,-258663,-48.749978797227996,22.33622507731944,71.08620387454744,475327,504184,-28857,-5.438652370658379,89.58444451564388,95.02309688630226,55264,26407,28857,5.438652370658379,10.415555484356123,4.976903113697745,2425.89990234375,2024-05-27,2024-05-28,2356.5,-0.028607900217441085,2024-05-28,2024-05-28,2356.5,-0.028607900217441085,2024-05-29,2024-05-29,2341.199951171875,-0.034914858230565615,2024-05-30,2024-05-30,2342.89990234375,-0.034214107482262834,2024-05-31,2024-05-31,2322.89990234375,-0.04245847073100084,-0.028607900217441085,0.0,-0.006492700542382823,0.0007261025146629851,-0.008536429567474357,-0.014258475559622341,0.02796728790676739,4.207163903049299,25310.0,3.5868222066870388,-0.6203416963622601,-4.365408129174334,-26553.0,-3.207801907948806,1.157606221225521,-0.15824422612503763,-1243.0,-0.35096064582408815,-0.1927164196990674,0.15824422612503763,1243.0,0.35096064582409703,0.19271641969906028,-0.028607900217441085,-0.032359125751296736,-0.040933183018624475,-0.03256523483251528,0.05140368536724149,0.0845459853714885,0.35397181659592736,100.0,100 troy oz,242589.990234375,72953845173.19336,17205209877.39258,55748635295.80078,6139952652.832031,6529309587.158203,28750310102.63672,91499364746.63086,-62749054643.99414,-6441492010.693359,-7712178379.541016,115309572288.13477,122309991636.32812,-7000419348.193359,-301539357.8613281,-1182868792.3828125,13406493220.3125,6406073872.119141,7000419348.193359,301539357.8613281,1182868792.3828125
2024-05-28,GOLD - COMMODITY EXCHANGE INC.,485430,286737,50152,236585,48.73720206826937,59.06866077498301,10.331458706713635,37984,7.824815112374596,109181,370131,-260950,-53.75646334177945,22.491605380796408,76.24806872257585,433902,458267,-24365,-5.019261273510084,89.38508126815401,94.40434254166409,51528,27163,24365,5.019261273510084,10.614918731845991,5.595657458335909,2356.5,2024-06-03,2024-06-03,2369.300048828125,0.0054318051466688555,2024-06-04,2024-06-04,2347.39990234375,-0.0038617006816252797,2024-06-05,2024-06-05,2375.5,0.008062805007426288,2024-06-06,2024-06-06,2390.89990234375,0.014597879203797959,2024-06-07,2024-06-07,2325.0,-0.013367281985996127,0.0054318051466688555,-0.009243298034458336,0.011970733077135032,0.006482804606924963,-0.027562802725095148,-0.01869752581570927,-0.028607900217441085,5.425875641699747,6779.0,2.3905414702831465,-3.0353341714166007,-5.006484544551455,-2287.0,0.15538030347696719,5.161864848028415,0.4193910971482948,4492.0,-0.19936324748987033,-0.6187543446381625,-0.4193910971482948,-4492.0,0.19936324748986856,0.6187543446381643,-0.0038617006816252797,-0.012688267491512861,-0.004073879760768118,-0.010905983947326559,0.08334390084606413,0.11237006103463831,0.4005516241645448,100.0,100 troy oz,235650.0,67569574050.0,11818318800.0,55751255250.0,1597471350.0,7629168750.0,25728502650.0,87221370150.0,-61492867500.0,-538931550.0,-7882963800.0,102249006300.0,107990618550.0,-5741612250.0,1058539800.0,-253795050.0,12142573200.0,6400960950.0,5741612250.0,-1058539800.0,253795050.0
2024-06-04,GOLD - COMMODITY EXCHANGE INC.,447488,284566,47264,237302,53.029801916475975,63.591872854691076,10.562070938215102,29697,6.636379076086957,83418,349349,-265931,-59.427515374713956,18.64139373569794,78.0689091104119,397681,426310,-28629,-6.397713458237986,88.86964566647598,95.26735912471396,49807,21178,28629,6.397713458237986,11.130354333524027,4.732640875286041,2347.39990234375,2024-06-10,2024-06-10,2327.0,-0.00869042480720128,2024-06-11,2024-06-11,2326.60009765625,-0.008860784507459751,2024-06-12,2024-06-12,2354.800048828125,0.003152486492389528,2024-06-13,2024-06-13,2318.0,-0.012524454105325544,2024-06-14,2024-06-14,2349.10009765625,0.0007242887378509089,-0.00869042480720128,-0.00017185317737433703,0.012120669641629833,-0.015627674564742233,0.013416780697260489,0.009497248670498504,-0.0038617006816252797,4.292599848206606,717.0,4.523212079708067,0.2306122315014676,-5.671052032934504,-4981.0,-3.8502116450984687,1.8208403878360429,-1.3784521847279017,-4264.0,-0.5154356016780355,0.8630165830498697,1.3784521847279017,4264.0,0.5154356016780355,-0.863016583049868,-0.008860784507459751,-0.00021300162767357023,-0.007071591635941954,-0.005964045574859966,0.07480621324083847,0.13653404333875896,0.4386556352347126,100.0,100 troy oz,234739.990234375,66799020061.03516,11094750898.4375,55704269162.59766,168308572.99804688,8857913531.49414,19581540505.371094,82006180848.38867,-62424640343.01758,-1169239891.3574219,-9076221722.41211,93351634056.39648,100072005236.8164,-6720371180.419922,-1000931318.359375,-218308190.91796875,11691694693.603516,4971323513.183594,6720371180.419922,1000931318.359375,218308190.91796875
2024-06-11,GOLD - COMMODITY EXCHANGE INC.,436857,276769,42843,233926,53.54749952501619,63.354598873315524,9.80709934829933,27603,6.318543596646043,82174,342685,-260511,-59.63301492250325,18.810274300285908,78.44328922278915,386546,413131,-26585,-6.0855153974870495,88.48341677024747,94.56893216773452,50311,23726,26585,6.0855153974870495,11.516583229752527,5.4310678322654775,2326.60009765625,2024-06-17,2024-06-17,2329.0,0.0010315061647971913,2024-06-18,2024-06-18,2346.89990234375,0.008725094058041893,2024-06-19,2024-06-20,2369.0,0.018223975141435922,2024-06-20,2024-06-20,2369.0,0.018223975141435922,2024-06-21,2024-06-21,2331.199951171875,0.001977070971611594,0.0010315061647971913,0.007685660087483948,0.009416719321595046,0.0,-0.01595612023137405,0.0009445904559359786,-0.008860784507459751,0.5176976085402174,-3376.0,-0.23727398137555156,-0.7549715899157725,-0.20549954778929447,5420.0,0.16888056458796896,0.37438011237725277,0.31219806075093626,2044.0,-0.3862288962285021,-0.6984269569794463,-0.31219806075093626,-2044.0,0.3862288962285003,0.6984269569794366,0.008725094058041893,0.0018051882556464616,0.002922635778426219,0.017751140270777288,0.09305423833605775,0.1684001496785752,0.4370324774385572,100.0,100 troy oz,232660.009765625,64393078242.822266,9967852798.388672,54425225444.43359,-785460192.96875,6847184087.402344,19118603642.48047,79729095446.5332,-60610491804.052734,1261017252.9296875,-6607776937.353516,89933796134.86328,96119062494.48242,-6185266359.619141,475557059.9609375,239407150.04882812,11705357751.31836,5520091391.699219,6185266359.619141,-475557059.9609375,-239407150.04882812
2024-06-18,GOLD - COMMODITY EXCHANGE INC.,444345,287147,44063,243084,54.70614049893664,64.62253429204785,9.916393793111208,26099,5.873589215586987,83440,351170,-267730,-60.25273154868401,18.77820162261306,79.03093317129708,396686,421332,-24646,-5.546591049747382,89.27432513024789,94.82091617999528,47659,23013,24646,5.546591049747382,10.725674869752106,5.179083820004726,2346.89990234375,2024-06-24,2024-06-24,2344.39990234375,-0.0010652350351642026,2024-06-25,2024-06-25,2330.800048828125,-0.006860051210342055,2024-06-26,2024-06-26,2313.199951171875,-0.014359347468641648,2024-06-27,2024-06-27,2336.60009765625,-0.004388685123389413,2024-06-28,2024-06-28,2339.60009765625,-0.00311040308119237,-0.0010652350351642026,-0.00580099559892866,-0.007551097171590859,0.010115920360676212,0.001283916748531011,-0.0020473489538630485,0.008725094058041893,1.1586409739204484,9158.0,1.2679354187323213,0.10929444481187822,-0.619716626180761,-7219.0,-0.03207267767284705,0.5876439485079317,0.5389243477396679,1939.0,0.7909083600004152,0.2519840122607633,-0.5389243477396679,-1939.0,-0.7909083600004205,-0.25198401226075173,-0.006860051210342055,-0.005752269189886694,0.008947974295379302,0.051514828716656025,0.10460608045312436,0.13426226544283915,0.45165965490962035,100.0,100 troy oz,234689.990234375,67390526625.83008,10341145039.697266,57049381586.13281,2149290930.5664062,3116213690.3320312,19582532785.15625,82416083870.60547,-62833551085.44922,-1694227039.5019531,-2127934141.4550781,93098233466.11328,98882402965.42969,-5784169499.316406,455063891.0644531,988279548.8769531,11185090244.580078,5400920745.263672,5784169499.316406,-455063891.0644531,-988279548.8769531
2024-06-25,GOLD - COMMODITY EXCHANGE INC.,452190,284885,38656,246229,54.45255313032133,63.001172073685844,8.548618943364515,32318,7.146995731882616,86551,358039,-271488,-60.03847940025211,19.140405581724494,79.17888498197661,403754,429013,-25259,-5.5859262699307815,89.28857338729294,94.87449965722374,48436,23177,25259,5.5859262699307815,10.711426612707047,5.125500342776267,2330.800048828125,2024-07-01,2024-07-01,2338.89990234375,0.003475138727450089,2024-07-02,2024-07-02,2333.39990234375,0.001115433954504974,2024-07-03,2024-07-03,2369.39990234375,0.01656077428650815,2024-07-04,2024-07-05,2397.699951171875,0.02870254888547219,2024-07-05,2024-07-05,2397.699951171875,0.02870254888547219,0.003475138727450089,-0.002351532869999562,0.015428131270529555,0.011943973155452259,0.0,0.025140045013984036,-0.006860051210342055,-0.25358736861531384,3145.0,-1.6213622183620018,-1.3677748497466933,0.21425214843190332,-3758.0,0.362203959111433,0.14795181067952967,-0.039335220183399855,-613.0,0.014248257045053947,0.053583477228457355,0.039335220183399855,613.0,-0.014248257045059276,-0.05358347722845913,0.001115433954504974,0.015917218439341463,0.058778100707900904,0.03282134820550664,0.14853266857701364,0.13072762347206557,0.4303671840147598,100.0,100 troy oz,233080.0048828125,66400997191.04004,9009940668.75,57391056522.29004,733036615.3564453,2247823567.0898438,20173307502.612305,83451731868.2373,-63278424365.625,-875914658.3496094,-2456197091.455078,94106984291.45508,99994352134.79004,-5887367843.334961,-142878042.99316406,-208373524.36523438,11289463116.503906,5402095273.168945,5887367843.334961,142878042.99316406,208373524.36523438
2024-07-02,GOLD - COMMODITY EXCHANGE INC.,454730,280117,38574,241543,53.1178941349812,61.60073010357795,8.48283596859675,40014,8.799507399995601,86905,351704,-264799,-58.23213775207265,19.111340795636973,77.34347854770964,407036,430292,-23256,-5.114243617091461,89.51157829921053,94.62582191630197,47694,24438,23256,5.114243617091461,10.48842170078948,5.374178083698019,2333.39990234375,2024-07-08,2024-07-08,2363.5,0.012899673830454983,2024-07-09,2024-07-09,2367.89990234375,0.014785292467590638,2024-07-10,2024-07-10,2379.699951171875,0.019842311976451033,2024-07-11,2024-07-11,2421.89990234375,0.03792748937338497,2024-07-12,2024-07-12,2420.699951171875,0.03741323925677631,0.012899673830454983,0.0018616045456949504,0.0049833393786811175,0.01773330757564362,-0.0004954586152440266,0.02420137557515334,0.001115433954504974,-1.3346589953401278,-4686.0,-1.4004419701078916,-0.06578297476776562,1.8063416481794548,6689.0,-0.02906478608752039,-1.8354064342669716,0.47168265283932076,2003.0,0.22300491191758454,-0.24867774092176376,-0.47168265283932076,-2003.0,-0.22300491191756677,0.2486777409217522,0.014785292467590638,0.05759841952053679,0.031670587802008265,0.0306848807117599,0.1529528419564481,0.13182485237411967,0.43558763564850866,100.0,100 troy oz,233339.990234375,65362498044.48242,9000856783.300781,56361641261.18164,-1093431194.2382812,989594898.5839844,20278411851.31836,82066607925.39062,-61788196074.072266,1560811194.6777344,264140868.9453125,94977776265.03906,100404331077.92969,-5426554812.890625,467380000.4394531,1253735767.5292969,11128917494.238281,5702362681.347656,5426554812.890625,-467380000.4394531,-1253735767.5292969
2024-07-09,GOLD - COMMODITY EXCHANGE INC.,516324,303043,48268,254775,49.344016547749085,58.69241019204995,9.348393644300865,69751,13.50915316739102,92907,373536,-280629,-54.35133753224719,17.993934041415855,72.34527157366306,465701,491555,-25854,-5.007320984498106,90.19549740085682,95.20281838535493,50623,24769,25854,5.007320984498106,9.804502599143174,4.797181614645067,2367.89990234375,2024-07-15,2024-07-15,2428.89990234375,0.025761224087057943,2024-07-16,2024-07-16,2467.800048828125,0.04218934524449014,2024-07-17,2024-07-17,2459.89990234375,0.038852993705071004,2024-07-18,2024-07-18,2456.39990234375,0.03737489068368238,2024-07-19,2024-07-19,2399.10009765625,0.013176315131234295,0.025761224087057943,0.01601554121140958,-0.003201291161383346,-0.0014228221224226179,-0.023326741151889818,-0.01226884840282838,0.014785292467590638,-3.773877587232114,13232.0,-2.908319911528004,0.8655576757041157,3.88080021982546,-15830.0,-1.1174067542211183,-4.998206974046582,0.10692263259335455,-2598.0,0.6839191016462962,0.5769964690529577,-0.10692263259335455,2598.0,-0.6839191016463069,-0.5769964690529514,0.04218934524449014,0.016639278731916285,0.015667933268432632,0.026901557472699622,0.11296930234898372,0.1256387568180286,0.40077707637078697,100.0,100 troy oz,236789.990234375,71757549010.5957,11429379248.632812,60328169761.96289,3133205150.78125,4936834506.396484,21999447622.70508,88449585792.1875,-66450138169.48242,-3748385545.4101562,-4763741023.535156,110273335242.13867,116395303649.6582,-6121968407.519531,-615180394.6289062,173093482.86132812,11987019675.634766,5865051268.115234,6121968407.519531,615180394.6289062,-173093482.86132812
2024-07-16,GOLD - COMMODITY EXCHANGE INC.,579862,349827,64803,285024,49.15376417147528,60.329354225660595,11.175590054185307,66180,11.41306034884162,110041,419345,-309304,-53.34096733360696,18.977101448275626,72.31806878188259,526048,550328,-24280,-4.187203162131679,90.71951602277784,94.90671918490952,53814,29534,24280,4.187203162131679,9.280483977222167,5.093280815090487,2467.800048828125,2024-07-22,2024-07-22,2394.699951171875,-0.029621564231252395,2024-07-23,2024-07-23,2407.300048828125,-0.024515762542726804,2024-07-24,2024-07-24,2415.699951171875,-0.02111196070402488,2024-07-25,2024-07-25,2353.5,-0.04631657612714701,2024-07-26,2024-07-26,2381.0,-0.03517304769863483,-0.029621564231252395,0.005261660296975501,0.003489345812059952,-0.02574821063423105,0.011684724877841557,-0.005720946862328491,0.04218934524449014,-0.1902523762738042,30249.0,1.6369440336106464,1.8271964098844418,1.0103701986402314,-28675.0,0.9831674068597707,-0.027202791780467805,0.8201178223664272,1574.0,0.5240186219210159,-0.29609920044541127,-0.8201178223664272,-1574.0,-0.524018621921007,0.29609920044541926,-0.024515762542726804,-0.02544778652466051,-0.014668915817983352,0.01620876862329057,0.0855417170511319,0.08691952174239503,0.35209493684723814,100.0,100 troy oz,246780.0048828125,86330308768.13965,15992084656.420898,70338224111.71875,7464848367.700195,10349953404.785156,27155918517.30957,103485961147.58301,-76330042630.27344,-7076416640.014648,-10259631922.998047,129818128008.59375,135809946527.14844,-5991818518.5546875,388431727.6855469,90321481.78710938,13280219182.763672,7288400664.208984,5991818518.5546875,-388431727.6855469,-90321481.78710938
2024-07-23,GOLD - COMMODITY EXCHANGE INC.,572306,341600,68526,273074,47.71468410256052,59.688348540815575,11.973664438255058,74764,13.063640779582949,102237,403162,-300925,-52.58113666465143,17.864044759272137,70.44518142392356,518601,546452,-27851,-4.86645256209091,90.61603407967067,95.48248664176158,53705,25854,27851,4.86645256209091,9.383965920329334,4.517513358238425,2407.300048828125,2024-07-29,2024-07-29,2377.800048828125,-0.012254392639737821,2024-07-30,2024-07-30,2405.0,-0.0009554475061156475,2024-07-31,2024-07-31,2426.5,0.007975720010981346,2024-08-01,2024-08-01,2480.800048828125,0.030532130814262093,2024-08-02,2024-08-02,2469.800048828125,0.02596269627063119,-0.012254392639737821,0.011439124658644051,0.008939708939708968,0.022377930693643133,-0.004434053443846175,0.03869122639026834,-0.024515762542726804,-1.4390800689147625,-11950.0,-0.6410056848450196,0.7980743840697517,0.7598306689555301,8379.0,-1.1130566890034892,-1.87288735795903,-0.6792493999592306,-3571.0,-0.10348194310716963,0.5757674568520628,0.6792493999592306,3571.0,0.10348194310716785,-0.5757674568520619,-0.0009554475061156475,0.010094316593377783,0.04174801560317487,0.05952729029265935,0.14642960696635932,0.14618032451544827,0.4305237740714001,100.0,100 troy oz,240730.0048828125,82233369667.96875,16496264314.59961,65737105353.36914,-2876723558.3496094,6462396981.079102,24611513509.2041,97053190228.56445,-72441676719.36035,2017076710.913086,-7086369153.735352,124842821262.23145,131547392628.22266,-6704571365.991211,-859646847.4365234,-623972172.65625,12928404912.231445,6223833546.240234,6704571365.991211,859646847.4365234,623972172.65625
2024-07-30,GOLD - COMMODITY EXCHANGE INC.,510914,313364,66763,246601,48.266635872182015,61.33400141706823,13.067365544886222,48604,9.513147026701168,99015,371872,-272857,-53.405661226742666,19.379973929076126,72.78563515581878,460983,487239,-26256,-5.13902535456065,90.22712237284553,95.36614772740619,49931,23675,26256,5.13902535456065,9.772877627154472,4.633852272593822,2405.0,2024-08-05,2024-08-05,2444.39990234375,0.016382495777027106,2024-08-06,2024-08-06,2431.60009765625,0.011060331665800449,2024-08-07,2024-08-07,2432.39990234375,0.011392890787422116,2024-08-08,2024-08-08,2463.300048828125,0.024241184543918992,2024-08-09,2024-08-09,2473.39990234375,0.02844070783523911,0.016382495777027106,-0.005236379151883908,0.0003289211446697582,0.01270356344555057,0.004100131252962713,0.011863852544010456,-0.0009554475061156475,0.5519517696214962,-26473.0,1.6456528762526546,1.0937011066311637,-0.8245245620912343,28068.0,1.5159291698039894,2.3404537318952237,-0.27257279246974075,1595.0,-0.38891170682514087,-0.11633891435539567,0.27257279246974075,-1595.0,0.3889117068251373,0.11633891435539745,0.011060331665800449,0.04274430304703736,0.06054058114604999,0.061496840891372084,0.1563825769880458,0.1507276507276507,0.3821205821205822,100.0,100 troy oz,240500.0,75364042000.0,16056501500.0,59307540500.0,-6366756500.0,1216449000.0,23813107500.0,89435216000.0,-65622108500.0,6750354000.0,-1937949000.0,110866411500.0,117180979500.0,-6314568000.0,383597500.0,-721500000.0,12008405500.0,5693837500.0,6314568000.0,-383597500.0,721500000.0
2024-08-06,GOLD - COMMODITY EXCHANGE INC.,480645,298119,59370,238749,49.67262740692195,62.02477920294604,12.352151796024092,42879,8.921137221858128,88442,357476,-269034,-55.97353556158912,18.400690738486823,74.37422630007595,429440,459725,-30285,-6.300908154667166,89.346607163291,95.64751531795817,51205,20920,30285,6.300908154667166,10.653392836709004,4.3524846820418395,2431.60009765625,2024-08-12,2024-08-12,2504.0,0.029774592628752705,2024-08-13,2024-08-13,2507.800048828125,0.03133736967905287,2024-08-14,2024-08-14,2479.699951171875,0.019781152979055694,2024-08-15,2024-08-15,2492.39990234375,0.025004031191684595,2024-08-16,2024-08-16,2537.800048828125,0.04367492470256029,0.029774592628752705,0.001517591385034045,-0.011205078997179596,0.005121567698492369,0.018215434225335336,0.013498422055960413,0.011060331665800449,1.4059915347399325,-7852.0,0.6907777858778132,-0.71521374886213,-2.567874334846451,3823.0,-0.9792831905893031,1.5885911442571654,-1.1618828001065156,-4029.0,-0.880515209554531,0.28136759055198013,1.1618828001065156,4029.0,0.8805152095545328,-0.2813675905519828,0.03133736967905287,0.04893896825991284,0.04988476715575785,0.03758837747697408,0.13081914819062246,0.18267804463407722,0.4125266545607085,100.0,100 troy oz,243160.009765625,72490618951.31836,14436409779.785156,58054209171.5332,-1909292396.6796875,-3896882316.5039062,21505557583.691406,86923867650.97656,-65418310067.28516,929600717.3339844,2819440313.232422,104422634593.75,111786735489.50195,-7364100895.751953,-979691679.3457031,-1077442003.2714844,12451008300.048828,5086907404.296875,7364100895.751953,979691679.3457031,1077442003.2714844
2024-08-13,GOLD - COMMODITY EXCHANGE INC.,505872,328769,61505,267264,52.832337033874175,64.99055096941518,12.158213935541006,38402,7.591248379036594,88313,380815,-292502,-57.82134611126926,17.457578201600406,75.27892431286965,455484,480722,-25238,-4.989009077395072,90.0393775500522,95.02838662744726,50388,25150,25238,4.989009077395072,9.960622449947813,4.97161337255274,2507.800048828125,2024-08-19,2024-08-19,2541.300048828125,0.013358321775156723,2024-08-20,2024-08-20,2550.60009765625,0.017066770872791626,2024-08-21,2024-08-21,2547.5,0.0158305887227439,2024-08-22,2024-08-22,2516.699951171875,0.0035488883365757395,2024-08-23,2024-08-23,2546.300048828125,0.015352101144583186,0.013358321775156723,0.003659563471229532,-0.0012154385389927524,-0.01209030375981357,0.011761472654881588,0.001967496912576472,0.03133736967905287,3.1597096269522282,28515.0,2.965771766469139,-0.1939378604830857,-1.8478105496801405,-23468.0,-0.9431125368864173,0.9046980127937019,1.311899077272094,5047.0,0.6927703867611967,-0.6191286905109052,-1.311899077272094,-5047.0,-0.6927703867611914,0.6191286905109008,0.017066770872791626,0.017983831500721026,0.006061069812554498,0.014076101818651932,0.03927745357769985,0.16939151469696734,0.35537121533605753,100.0,100 troy oz,250780.0048828125,82448691425.31738,15424224200.317383,67024467225.0,7150991839.233398,-4453852886.71875,22147134571.21582,95500787559.44824,-73353652988.23242,-5885305154.589844,4213605642.0410156,114226279744.04297,120555465507.27539,-6329185763.232422,1265686684.6435547,-240247244.67773438,12636302886.035156,6307117122.802734,6329185763.232422,-1265686684.6435547,240247244.67773438
2024-08-20,GOLD - COMMODITY EXCHANGE INC.,532867,355551,64298,291253,54.65772885166468,66.72415443253195,12.066425580867271,38166,7.1623876126688275,86232,402738,-316506,-59.396810085818785,16.182649704335226,75.57945979015402,479949,505202,-25253,-4.7390812341541135,90.069191749536,94.80827298369012,52918,27665,25253,4.7390812341541135,9.930808250463999,5.191727016309886,2550.60009765625,2024-08-26,2024-08-26,2555.199951171875,0.0018034397159523152,2024-08-27,2024-08-27,2552.89990234375,0.0009016719985281973,2024-08-28,2024-08-28,2537.800048828125,-0.005018445988411502,2024-08-29,2024-08-29,2560.300048828125,0.0038030074494188604,2024-08-30,2024-08-30,2527.60009765625,-0.009017485736448783,0.0018034397159523152,-0.0009001443613326776,-0.00591478479111629,0.008865946712543371,-0.012771921473360925,-0.01080144569624275,0.017066770872791626,1.8253918177905035,23989.0,1.733603463116765,-0.09178835467373503,-1.5754639745495282,-24004.0,-1.2749284972651793,0.30053547728437024,0.2499278432409584,-15.0,0.029814199483809034,-0.22011364375714493,-0.2499278432409584,15.0,-0.029814199483814363,0.22011364375714582,0.0009016719985281973,-0.010821021171296796,-0.0029404844792767504,0.016388223589385742,0.031521955330288565,0.15619849725162327,0.3168273435958029,100.0,100 troy oz,255060.009765625,90686841532.17773,16399848507.910156,74286993024.26758,6118634574.267578,4636735917.529297,21994334762.109375,102722358212.98828,-80728023450.8789,-6122460474.4140625,-3974090012.158203,122415796627.00195,128856827053.61328,-6441030426.611328,-3825900.146484375,662645905.3710938,13497265596.777344,7056235170.166016,6441030426.611328,3825900.146484375,-662645905.3710938
2024-08-27,GOLD - COMMODITY EXCHANGE INC.,521759,343330,48885,294445,56.433142504489616,65.80241069152618,9.369268187036543,38638,7.405334646838867,85102,407421,-322319,-61.7754557180614,16.31059550482119,78.08605122288259,467070,494944,-27874,-5.342313213571783,89.51834084318622,94.86065405675801,54689,26815,27874,5.342313213571783,10.481659156813777,5.139345943241995,2552.89990234375,2024-09-02,2024-09-03,2523.0,-0.011712132667755504,2024-09-03,2024-09-03,2523.0,-0.011712132667755504,2024-09-04,2024-09-04,2526.0,-0.010536998461652902,2024-09-05,2024-09-05,2543.10009765625,-0.003838695233801759,2024-09-06,2024-09-06,2524.60009765625,-0.011085356171434135,-0.011712132667755504,0.0,0.0011890606420927874,0.006769634859956408,-0.007274585855684523,0.0006342043821838672,0.0009016719985281973,1.7754136528249376,3192.0,-0.9217437410057698,-2.6971573938307287,-2.378645632242616,-5813.0,0.12794580048596416,2.5065914327285697,-0.6032319794176697,-2621.0,-0.5508509063497797,0.05238107306789175,0.6032319794176697,2621.0,0.550850906349778,-0.05238107306789086,-0.011712132667755504,-0.003838695233801759,0.015472600380350254,0.04861142324550882,0.02679311727873812,0.14332725938390767,0.3447452431833513,100.0,100 troy oz,255289.990234375,87648712347.16797,12479851172.607422,75168861174.56055,814885648.828125,12214094292.773438,21725688748.92578,104010503111.2793,-82284814362.35352,-1484000713.2324219,-12627153496.972656,119238295738.76953,126354248926.5625,-7115953187.792969,-669115064.4042969,-413059204.19921875,13961554275.927734,6845601088.134766,7115953187.792969,669115064.4042969,413059204.19921875
2024-09-03,GOLD - COMMODITY EXCHANGE INC.,511136,339157,51599,287558,56.25860827646654,66.3535732173042,10.094964940837665,40365,7.897115444813123,80416,392303,-311887,-61.01839823452075,15.732799098478683,76.75119733299944,459938,484267,-24329,-4.759789958054216,89.983487760596,94.74327771865022,51198,26869,24329,4.759789958054216,10.016512239403994,5.256722281349778,2523.0,2024-09-09,2024-09-09,2532.699951171875,0.0038446100562326,2024-09-10,2024-09-10,2543.10009765625,0.007966745008422427,2024-09-11,2024-09-11,2542.39990234375,0.0076892201124654225,2024-09-12,2024-09-12,2580.60009765625,0.022830003034581825,2024-09-13,2024-09-13,2610.699951171875,0.034760186750644184,0.0038446100562326,0.0041063476467329,-0.00027533140089341934,0.015025250464053563,0.011663896914117844,0.030797173571196046,-0.011712132667755504,-0.17453422802307728,-6887.0,0.5511625257780253,0.7256967538011221,0.757057483540649,10432.0,-0.5777964063425074,-1.3348538898831492,0.5825232555175672,3545.0,0.46514691740978265,-0.11737633810778902,-0.5825232555175672,-3545.0,-0.46514691740978265,0.11737633810778281,0.007966745008422427,0.027506897480677805,0.06103844629409427,0.06630996782723941,0.05743159030667866,0.15759020913842647,0.4237811934886544,100.0,100 troy oz,252300.0,85569311100.0,13018427700.0,72550883400.0,-1737590100.0,12314510700.0,20288956800.0,98978046900.0,-78689090100.0,2631993600.0,-10811811900.0,116042357400.0,122180564100.0,-6138206700.0,894403500.0,1502698800.0,12917255400.0,6779048700.0,6138206700.0,-894403500.0,-1502698800.0
2024-09-10,GOLD - COMMODITY EXCHANGE INC.,511501,340006,57505,282501,55.22980404730391,66.47220631044709,11.24240226314318,42326,8.27486163272408,78232,385131,-306899,-59.999687195137454,15.294593754459912,75.29428094959736,460564,484962,-24398,-4.769883147833533,90.0416616976311,94.81154484546462,50937,26539,24398,4.769883147833533,9.95833830236891,5.188455154535377,2543.10009765625,2024-09-16,2024-09-16,2608.89990234375,0.025873855593864237,2024-09-17,2024-09-17,2592.39990234375,0.01938571145230794,2024-09-18,2024-09-18,2598.60009765625,0.02182375756705346,2024-09-19,2024-09-19,2614.60009765625,0.028115291280077948,2024-09-20,2024-09-20,2646.199951171875,0.04054101276258959,0.025873855593864237,-0.006324504817213139,0.002391681664119183,0.00615716131713806,0.012085922257843995,0.014297232636106827,0.007966745008422427,-1.0288042291626311,-5057.0,0.11863309314288983,1.1474373223055157,1.018711039383298,4988.0,-0.43820534401877076,-1.4569163834020742,-0.010093189779317058,-69.0,0.058173937035093104,0.06826712681440483,0.010093189779317058,69.0,-0.05817393703508422,-0.06826712681440128,0.01938571145230794,0.052652234360398786,0.05788209095958763,0.03629420830606089,0.06893153944237529,0.14855876299784065,0.4479178206809211,100.0,100 troy oz,254310.009765625,86466929180.3711,14624097111.572266,71842832068.79883,-1286045719.3847656,3874921618.798828,19895180683.984375,97942668371.04492,-78047487687.06055,1268498328.7109375,-3661301210.595703,117126035337.69531,123330690955.95703,-6204655618.261719,-17547390.673828125,213620408.203125,12953788967.43164,6749133349.169922,6204655618.261719,17547390.673828125,-213620408.203125
2024-09-17,GOLD - COMMODITY EXCHANGE INC.,537627,369734,59668,310066,57.673070734914724,68.77147167087962,11.098400935964897,40270,7.490323216653925,74647,409774,-335127,-62.334480969147755,13.884533328869272,76.21901429801703,484651,509712,-25061,-4.661410234233028,90.14632821640282,94.80773845063585,52976,27915,25061,4.661410234233028,9.853671783597177,5.19226154936415,2592.39990234375,2024-09-23,2024-09-23,2652.5,0.023183189291865913,2024-09-24,2024-09-24,2677.0,0.032633891700028395,2024-09-25,2024-09-25,2684.699951171875,0.03560409362177408,2024-09-26,2024-09-26,2694.89990234375,0.03953865293210801,2024-09-27,2024-09-27,2668.10009765625,0.029200817066865614,0.023183189291865913,0.009236569274269524,0.0028763358878876044,0.003799289066706679,-0.009944638264371974,0.005881280926013144,0.01938571145230794,2.443266687610816,27565.0,2.2992653604325284,-0.14400132717828384,-2.3347937740103006,-28228.0,-1.4100604255906397,0.9247333484196645,0.10847291360050537,-663.0,0.1046665187717224,-0.003806394828771431,-0.10847291360050537,663.0,-0.10466651877173305,0.0038063948287732075,0.032633891700028395,0.03776429184242169,0.016586947083713666,0.033366765645144625,0.026847747368500263,0.17296719772245917,0.43693112096187114,100.0,100 troy oz,259239.990234375,95849838549.3164,15468331737.304688,80381506812.01172,7145950330.810547,4877081936.279297,19351487551.02539,106229807758.30078,-86878320207.27539,-7317826444.3359375,-4827307858.154297,125640920507.08008,132137733902.34375,-6496813395.263672,-171876113.52539062,49774078.125,13733497722.65625,7236684327.392578,6496813395.263672,171876113.52539062,-49774078.125
2024-09-24,GOLD - COMMODITY EXCHANGE INC.,564640,387572,72182,315390,55.85682913006518,68.64054973080192,12.783720600736753,46911,8.308125531311987,76713,416419,-339706,-60.16328988381978,13.586178804193821,73.7494686880136,511196,535512,-24316,-4.306460753754605,90.53485406630773,94.84131482006234,53444,29128,24316,4.306460753754605,9.465145933692263,5.15868517993766,2677.0,2024-09-30,2024-09-30,2659.39990234375,-0.006574560200317547,2024-10-01,2024-10-01,2690.300048828125,0.004968266278716937,2024-10-02,2024-10-02,2669.699951171875,-0.002726951373972719,2024-10-03,2024-10-03,2679.199951171875,0.0008217972252053674,2024-10-04,2024-10-04,2667.800048828125,-0.003436664614073548,-0.006574560200317547,0.011619217725451048,-0.0076571747694920145,0.003558452325636896,-0.004254965120749521,0.0031586624023607346,0.032633891700028395,-1.8162416048495444,5324.0,-0.1309219400776982,1.685319664771857,2.171191085327976,-4579.0,-0.2983545246754513,-2.4695456100034363,0.3549494804784228,745.0,0.3885258499049087,0.03357636942648412,-0.3549494804784228,-745.0,-0.388525849904914,-0.03357636942649034,0.004968266278716937,-0.015539819819293976,0.0007097132401008288,0.030930163925336096,-0.01550242809114677,0.13033242523113553,0.4253641954321534,100.0,100 troy oz,267700.0,103753024400.0,19323121400.0,84429903000.0,1425234800.0,5606976500.0,20536070100.0,111475366300.0,-90939296200.0,-1225798300.0,-4654499900.0,136847169200.0,143356562400.0,-6509393200.0,199436500.0,952476600.0,14306958800.0,7797565600.0,6509393200.0,-199436500.0,-952476600.0
2024-10-01,GOLD - COMMODITY EXCHANGE INC.,533107,370051,70120,299931,56.26093823566376,69.41402007476924,13.153081839105472,42766,8.022029348704857,67099,394623,-327524,-61.436822251442955,12.586403855136025,74.02322610657897,479916,507509,-27593,-5.175884015779196,90.02245327861012,95.1983372943893,53191,25598,27593,5.175884015779196,9.97754672138989,4.801662705610694,2690.300048828125,2024-10-07,2024-10-07,2666.0,-0.009032467898407837,2024-10-08,2024-10-08,2635.39990234375,-0.020406700177658332,2024-10-09,2024-10-09,2626.0,-0.02390069793744143,2024-10-10,2024-10-10,2639.300048828125,-0.018956993299767855,2024-10-11,2024-10-11,2676.300048828125,-0.005203880513661829,-0.009032467898407837,-0.011477906097618118,-0.0035667840525418493,0.005064755837062007,0.014018868380057281,0.003863484181592325,0.004968266278716937,0.4041091055985788,-15459.0,0.7734703439673183,0.36936123836871815,-1.2735323676231758,12182.0,-0.9997749490577963,0.27375741856538127,-0.8694232620245907,-3277.0,-0.5124007876976151,0.35702247432696765,0.8694232620245907,3277.0,0.5124007876976275,-0.3570224743269659,-0.020406700177658332,-0.004237500010209172,0.025833549692821034,0.03375090033830119,-0.018325111672803818,0.16938629256999582,0.43969069652993253,100.0,100 troy oz,269030.0048828125,99554822336.88965,18864383942.382812,80690438394.50684,-4158934845.4833984,3328708250.415039,18051644297.631836,106165427616.87012,-88113783319.23828,3277323519.482422,-4206822186.352539,129111803823.33984,136535148748.07129,-7423344924.731445,-881611326.0009766,-878113935.9375,14309974989.72168,6886630064.990234,7423344924.731445,881611326.0009766,878113935.9375
2024-10-08,GOLD - COMMODITY EXCHANGE INC.,520316,348891,70711,278180,53.46366438856387,67.05367507437788,13.590010685814006,51028,9.807117213385713,68957,372933,-303976,-58.42142082888091,13.252907848307565,71.67432867718848,468876,494672,-25796,-4.957756440317039,90.11370013607116,95.07145657638819,51440,25644,25796,4.957756440317039,9.886299863928844,4.9285434236118055,2635.39990234375,2024-10-14,2024-10-14,2665.60009765625,0.0114594355435933,2024-10-15,2024-10-15,2678.89990234375,0.0165060338513765,2024-10-16,2024-10-16,2691.300048828125,0.02121125770501142,2024-10-17,2024-10-17,2707.5,0.027358313852910543,2024-10-18,2024-10-18,2730.0,0.03589591756913957,0.0114594355435933,0.004989422344032102,0.004628820387624799,0.0060193775788504045,0.008310249307479145,0.024159626344692153,-0.020406700177658332,-2.7972738470998877,-21751.0,-2.360345000391362,0.4369288467085344,3.015401422562043,23548.0,0.6665039931715402,-2.3488974293904903,0.218127575462157,1797.0,0.09124685746104433,-0.126880718001118,-0.218127575462157,-1797.0,-0.0912468574610461,0.12688071800111178,0.0165060338513765,0.047203517907753456,0.05528580128690286,0.043371045406229936,0.011383471621638996,0.1346285429063685,0.5194657550007884,100.0,100 troy oz,263539.990234375,91946730732.86133,18635176249.46289,73311554483.39844,-5732258327.587891,-1138756297.8027344,18172927106.591797,98282759178.07617,-80109832071.48438,6205839690.0390625,770327391.4550781,123567576461.13281,130365854049.21875,-6798277588.0859375,473581362.4511719,-368428906.34765625,13556497097.65625,6758219509.5703125,6798277588.0859375,-473581362.4511719,368428906.34765625
2024-10-15,GOLD - COMMODITY EXCHANGE INC.,541232,357494,71060,286434,52.922591421054186,66.05189641410706,13.129304993052887,63220,11.68075797439915,70028,382686,-312658,-57.76783338753068,12.938628905903569,70.70646229343424,490742,516966,-26224,-4.845241966476483,90.67128329440979,95.51652526088628,50490,24266,26224,4.845241966476483,9.328716705590208,4.483474739113726,2678.89990234375,2024-10-21,2024-10-21,2738.89990234375,0.02239725342014709,2024-10-22,2024-10-22,2759.800048828125,0.030199018042292636,2024-10-23,2024-10-23,2729.39990234375,0.018851021628623732,2024-10-24,2024-10-24,2748.89990234375,0.02613012899017142,2024-10-25,2024-10-25,2754.60009765625,0.028257940972811424,0.02239725342014709,0.007630854441409207,-0.01101534384611802,0.0071444276022927244,0.0020736278202200253,0.005732299781771921,0.0165060338513765,-0.5410729675096846,8254.0,-1.0017786602708156,-0.4607056927611186,0.6535874413502327,-8682.0,-0.31427894240399645,-0.9678663837542416,0.11251447384055524,-428.0,0.5575831583386304,0.44506868449809645,-0.11251447384055524,428.0,-0.5575831583386357,-0.44506868449807957,0.030199018042292636,0.038150061233376276,0.026428777262704983,-0.027100621957583337,0.0012692323746028578,0.2096009632568756,0.5541453783701369,100.0,100 troy oz,267889.990234375,95769064168.84766,19036262706.054688,76732801462.79297,2211163979.3945312,-6330776249.21875,18759800236.132812,102517748802.83203,-83757948566.69922,-2325820895.2148438,6019220190.576172,131464869587.59766,138490016691.5039,-7025147103.90625,-114656915.8203125,-311556058.6425781,13525765606.933594,6500618503.027344,7025147103.90625,114656915.8203125,311556058.6425781
2024-10-22,GOLD - COMMODITY EXCHANGE INC.,573760,371813,75609,296204,51.625069715560514,64.80287925264919,13.177809537088677,81488,14.202453987730063,66245,390946,-324701,-56.5917805354155,11.545768265476855,68.13754880089236,519546,548043,-28497,-4.966710819854992,90.5511015058561,95.51781232571109,54214,25717,28497,4.966710819854992,9.448898494143892,4.482187674288901,2759.800048828125,2024-10-28,2024-10-28,2755.89990234375,-0.0014131989330281591,2024-10-29,2024-10-29,2781.10009765625,0.007717968132209263,2024-10-30,2024-10-30,2800.800048828125,0.01485614873345975,2024-10-31,2024-10-31,2749.300048828125,-0.003804623456129974,2024-11-01,2024-11-01,2749.199951171875,-0.003840893350498753,-0.0014131989330281591,0.009144089482737927,0.007083510294533024,-0.01838760322128241,-3.6408414677224776e-05,-0.002431130087916844,0.030199018042292636,-1.297521705493672,9770.0,-1.2490171614578713,0.048504544035790076,1.176052852115177,-12043.0,-1.3928606404267132,-2.5689134925418813,-0.12146885337850843,-2273.0,-0.12018178855369399,0.0012870648248082261,0.12146885337850843,2273.0,0.12018178855368333,-0.0012870648248251015,0.007717968132209263,-0.0036597208049686802,-0.05561997147770892,-0.04667006542115848,-0.00021744243989874068,0.23900276898527717,0.48891224905987984,100.0,100 troy oz,275980.0048828125,102612953555.49316,20866572189.18457,81746381366.3086,2696324647.705078,-5294952373.681641,18282295423.461914,107893278988.91602,-89610983565.4541,-3323627198.803711,4141079973.2666016,143384307616.8457,151248909815.9912,-7864602199.145508,-627302551.0986328,-1153872400.415039,14961979984.716797,7097377785.571289,7864602199.145508,627302551.0986328,1153872400.415039
2024-10-29,GOLD - COMMODITY EXCHANGE INC.,579468,366636,87983,278653,48.08772874429649,63.271138354490674,15.183409610194179,90465,15.611733521091761,68935,372606,-303671,-52.405137125777436,11.896256566367772,64.30139369214521,526036,551054,-25018,-4.317408381480944,90.7791284419502,95.09653682343114,53432,28414,25018,4.317408381480944,9.220871558049797,4.903463176568853,2781.10009765625,2024-11-04,2024-11-04,2746.199951171875,-0.012549043637007817,2024-11-05,2024-11-05,2749.699951171875,-0.011290548841027759,2024-11-06,2024-11-06,2676.300048828125,-0.0376829474481859,2024-11-07,2024-11-07,2705.800048828125,-0.02707563416778258,2024-11-08,2024-11-08,2694.800048828125,-0.031030903526577003,-0.012549043637007817,0.0012744884066093753,-0.02669378610290485,0.011022680365348814,-0.0040653410457155426,-0.01871673703941923,0.007717968132209263,-3.5373409712640225,-17551.0,-1.5317408981585174,2.0056000731055015,4.186643409638066,21030.0,0.3504883008909161,-3.8361551087471497,0.6493024383740478,3479.0,0.2280269360941105,-0.42127550227995414,-0.6493024383740478,-3479.0,-0.22802693609409452,0.42127550227995236,-0.011290548841027759,-0.06285284336778685,-0.053971483364710804,-0.05745929424215812,-0.004890186321488854,0.19866239279399367,0.43220306993372004,100.0,100 troy oz,278110.009765625,101965141540.42969,24468952989.208984,77496188551.2207,-4881108781.396484,-5917624787.792969,19171513523.19336,103625458298.73047,-84453944775.53711,5848653505.371094,6633758062.939453,146295877097.0703,153253633321.38672,-6957756224.316406,967544723.9746094,716133275.1464844,14859974041.796875,7902217817.480469,6957756224.316406,-967544723.9746094,-716133275.1464844
2024-11-05,GOLD - COMMODITY EXCHANGE INC.,558034,336816,81487,255329,45.75509735965909,60.35761261858597,14.602515258926877,95294,17.076737259736863,73287,356346,-283059,-50.72432862513754,13.13307074479333,63.85739936993087,505397,533127,-27730,-4.969231265478447,90.56742062311616,95.5366518885946,52637,24907,27730,4.969231265478447,9.432579376883846,4.4633481114053986,2749.699951171875,2024-11-11,2024-11-11,2617.699951171875,-0.04800523778739707,2024-11-12,2024-11-12,2606.300048828125,-0.05215110917197907,2024-11-13,2024-11-13,2586.5,-0.059351912597708,2024-11-14,2024-11-14,2572.89990234375,-0.06429794230922392,2024-11-15,2024-11-15,2570.10009765625,-0.06531616420150954,-0.04800523778739707,-0.004354930876873997,-0.007596995149130148,-0.00525810850811903,-0.001088190288689228,-0.018183846278606475,-0.011290548841027759,-2.332631384637402,-23324.0,-2.913525735904706,-0.5808943512673022,1.6808085006398983,20612.0,1.2368141784255577,-0.4439943222143441,-0.6518228839975029,-2712.0,-0.21170781883404288,0.440115065163468,0.6518228839975029,2712.0,0.2117078188340482,-0.44011506516345467,-0.05215110917197907,-0.04316832864665365,-0.04669596851432034,-0.029748718144051778,0.045859584643956675,0.24479038062657943,0.4403389716438344,100.0,100 troy oz,274969.9951171875,92614293875.39062,22406479992.114258,70207813883.27637,-6413400166.113281,-6283339358.422852,20151726032.15332,97984457880.0293,-77832731847.87598,5667681539.355469,5751547387.866211,138969010622.2412,146593928586.84082,-7624917964.599609,-745718626.7578125,-531791970.5566406,14473595632.983398,6848677668.383789,7624917964.599609,745718626.7578125,531791970.5566406
2024-11-12,GOLD - COMMODITY EXCHANGE INC.,535981,316225,79774,236451,44.11555633501934,58.999292885382125,14.88373655036279,87571,16.338452295883624,75347,340929,-265582,-49.550637056164305,14.057774436034112,63.608411492198414,479143,508274,-29131,-5.435080721144966,89.39551961729987,94.83060033844484,56838,27707,29131,5.435080721144966,10.604480382700133,5.169399661555167,2606.300048828125,2024-11-18,2024-11-18,2614.60009765625,0.0031846098578929283,2024-11-19,2024-11-19,2631.0,0.009477017499570195,2024-11-20,2024-11-20,2651.699951171875,0.01741929228914496,2024-11-21,2024-11-21,2674.89990234375,0.026320781272466842,2024-11-22,2024-11-22,2712.199951171875,0.04063227577782769,0.0031846098578929283,0.006272432391649874,0.007867712342027655,0.008749086095363845,0.013944465284642105,0.03732878829275443,-0.05215110917197907,-1.6395410246397475,-18878.0,-1.3583197332038424,0.281221291435914,1.1736915689732328,17477.0,0.9247036912407829,-0.24898787773245346,-0.46584945566651914,-1401.0,-1.171901005816295,-0.7060515501497662,0.46584945566651914,1401.0,1.171901005816288,0.7060515501497688,0.009477017499570195,0.005755285162483359,0.023634981529974786,0.043011108243668605,0.12519665530253898,0.24613436211553563,0.58155236265041,100.0,100 troy oz,260630.0048828125,82417723294.06738,20791498009.521484,61626225284.5459,-4920173232.177734,-13027069534.057617,19637688977.905273,88856326934.69238,-69218637956.78711,4555030595.336914,12269418109.863281,124879042429.56543,132471455101.80664,-7592412672.241211,-365142636.8408203,-757651424.1943359,14813688217.529297,7221275545.288086,7592412672.241211,365142636.8408203,757651424.1943359
2024-11-19,GOLD - COMMODITY EXCHANGE INC.,502952,309354,74987,234367,46.5982837328413,61.507658782547836,14.909375049706533,67718,13.464107906917558,73459,335781,-262322,-52.15646821167825,14.605568722263754,66.762036933942,450531,478486,-27955,-5.558184478836947,89.57733541172915,95.1355198905661,52421,24466,27955,5.558184478836947,10.422664588270848,4.864480109433902,2631.0,2024-11-25,2024-11-25,2618.5,-0.004751045229950623,2024-11-26,2024-11-26,2621.300048828125,-0.003686792539671191,2024-11-27,2024-11-27,2639.89990234375,0.0033827070861840447,2024-11-28,2024-11-29,2657.0,0.009882174078297279,2024-11-29,2024-11-29,2657.0,0.009882174078297279,-0.004751045229950623,0.0010693331403952566,0.007095659851660274,0.00647755531983174,0.0,0.014703074279167394,0.009477017499570195,2.482727397821961,-2084.0,2.50836589716571,0.025638499343742183,-2.605831155513947,3260.0,0.5477942862296423,3.1536254417435856,-0.12310375769198068,1176.0,0.18181579442928353,0.3049195521212624,0.12310375769198068,-1176.0,-0.1818157944292853,-0.3049195521212651,-0.003686792539671191,0.014025048401273388,0.033219271130273675,0.01178259217027744,0.1208665906499431,0.24842269010119722,0.5456100342075256,100.0,100 troy oz,263100.0,81391037400.0,19729079700.0,61661957700.0,-548300400.0,-16269314700.0,19327062900.0,88343981100.0,-69016918200.0,857706000.0,16411914900.0,118534706100.0,125889666600.0,-7354960500.0,309405600.0,142600200.0,13791965100.0,6437004600.0,7354960500.0,-309405600.0,-142600200.0
2024-11-26,GOLD - COMMODITY EXCHANGE INC.,472660,303401,53063,250338,52.963652519781654,64.19011551643888,11.226462996657215,50308,10.643591588033683,72377,344897,-272520,-57.656666525620956,15.312698345533788,72.96936487115474,426086,448268,-22182,-4.693014005839292,90.14640545000636,94.83941945584564,46574,24392,22182,4.693014005839292,9.853594549993652,5.16058054415436,2621.300048828125,2024-12-02,2024-12-02,2658.5,0.014191412840550477,2024-12-03,2024-12-03,2667.89990234375,0.01777738246198024,2024-12-04,2024-12-04,2676.199951171875,0.020943768863199486,2024-12-05,2024-12-05,2648.39990234375,0.010338325644078772,2024-12-06,2024-12-06,2659.60009765625,0.014611089197990701,0.014191412840550477,0.0035357917411134032,0.00311107955018608,-0.010387881823236578,0.004229042337068556,0.0004138038955237011,-0.003686792539671191,6.365368786940351,15971.0,2.682456733891044,-3.682912053049318,-5.500198313942704,-10198.0,0.707129623270033,6.207327937212739,0.8651704729976544,5773.0,0.5690700382772036,-0.2961004347204579,-0.8651704729976544,-5773.0,-0.5690700382771965,0.2961004347204579,0.01777738246198024,0.037042632169878686,0.015526628166840473,0.005417140696359235,0.11349330273464875,0.25906986642724195,0.57936898595444,100.0,100 troy oz,262130.0048828125,79530505611.4502,13909404449.09668,65621101162.353516,4186478307.9833984,-7422211088.256836,18972183363.40332,90407852294.06738,-71435668930.66406,-2673201789.794922,8165611782.104492,111689925260.49805,117504493028.8086,-5814567768.310547,1513276518.1884766,743400693.8476562,12208442847.41211,6393875079.1015625,5814567768.310547,-1513276518.1884766,-743400693.8476562
2024-12-03,GOLD - COMMODITY EXCHANGE INC.,462040,307611,47875,259736,56.21504631633625,66.57670331573023,10.361656999393992,42841,9.272140940178339,63251,349526,-286275,-61.95892130551467,13.689507401956542,75.64842870747121,413703,440242,-26539,-5.743874989178426,89.53835165786512,95.28222664704354,48337,21798,26539,5.743874989178426,10.46164834213488,4.717773352956454,2667.89990234375,2024-12-09,2024-12-09,2685.800048828125,0.006709452055772225,2024-12-10,2024-12-10,2718.39990234375,0.018928746148097808,2024-12-11,2024-12-11,2756.699951171875,0.033284625390223255,2024-12-12,2024-12-12,2709.39990234375,0.015555306240516042,2024-12-13,2024-12-13,2675.800048828125,0.002961185491792584,0.006709452055772225,0.012137855731237046,0.014089188568283673,-0.01715821441068255,-0.012401216035536011,-0.0037232853593711646,0.01777738246198024,3.251393796554595,9398.0,2.3865877992913482,-0.8648059972632236,-4.302254779893715,-13755.0,-1.6231909435772458,2.679063836316473,-1.0508609833391338,-4357.0,-0.6080537921412343,0.44280719119790035,1.0508609833391338,4357.0,0.608053792141229,-0.44280719119790657,0.018928746148097808,-0.002211440668582365,-0.012144347063128835,-0.010082800452939966,0.09471876928010037,0.2658271379257773,0.5820682781162545,100.0,100 troy oz,266789.990234375,82067535685.98633,12772570782.470703,69294964903.51562,2507292328.2226562,1175743486.9628906,16874733672.314453,93250038126.66016,-76375304454.3457,-3669696315.673828,-857996608.59375,110371819329.93164,117452158880.76172,-7080339550.830078,-1162403987.4511719,317746878.3691406,12895827757.958984,5815488207.128906,7080339550.830078,1162403987.4511719,-317746878.3691406
2024-12-10,GOLD - COMMODITY EXCHANGE INC.,483346,324332,48746,275586,57.01629888320168,67.1014138939807,10.085115010779028,46541,9.628920069680932,66025,362896,-296871,-61.41997657992411,13.659986841724148,75.07996342164826,436898,458183,-21285,-4.403677696722431,90.3903208053858,94.79399850210822,46448,25163,21285,4.403677696722431,9.609679194614209,5.20600149789178,2718.39990234375,2024-12-16,2024-12-16,2670.0,-0.017804555651293463,2024-12-17,2024-12-17,2662.0,-0.020747463349716555,2024-12-18,2024-12-18,2653.300048828125,-0.023947857509668546,2024-12-19,2024-12-19,2608.10009765625,-0.04057526804367584,2024-12-20,2024-12-20,2645.10009765625,-0.02696431993846904,-0.017804555651293463,-0.002996254681647992,-0.0032682010412753426,-0.017035371175543546,0.014186572069549763,-0.009325806121254665,0.018928746148097808,0.8012525668654291,15850.0,0.5247105782504775,-0.27654198861496404,0.5389447255905608,-10596.0,-0.029520560232393578,-0.5684652858229526,1.3401972924559953,5254.0,0.851969147520677,-0.4882281449353201,-1.3401972924559953,-5254.0,-0.8519691475206717,0.4882281449353263,-0.020747463349716555,-0.03049584510074299,-0.02847259605807717,-0.019496763502052983,0.07449235111633445,0.22991466393930393,0.5583432708558196,100.0,100 troy oz,271839.990234375,88166407712.69531,13251112163.964844,74915295548.73047,4308663845.214844,10638458017.822266,17948235355.22461,98649645096.09375,-80701409740.86914,-2880416536.5234375,-8505601454.443359,118766348053.41797,124552462245.55664,-5786114192.138672,1428247308.6914062,2132856563.3789062,12626423866.40625,6840309674.267578,5786114192.138672,-1428247308.6914062,-2132856563.3789062
2024-12-17,GOLD - COMMODITY EXCHANGE INC.,466571,302978,40937,262041,56.163156304185215,64.93716926255597,8.77401295837075,54193,11.615166823484529,61012,346245,-285233,-61.133889590223134,13.076680719547507,74.21057030977065,418183,441375,-23192,-4.970733286037923,89.62901680558801,94.59975009162592,48388,25196,23192,4.970733286037923,10.370983194411998,5.400249908374074,2662.0,2024-12-23,2024-12-23,2628.199951171875,-0.012697238477883177,2024-12-24,2024-12-24,2635.5,-0.009954921111945958,2024-12-25,2024-12-26,2653.89990234375,-0.0030428616289444044,2024-12-26,2024-12-26,2653.89990234375,-0.0030428616289444044,2024-12-27,2024-12-27,2631.89990234375,-0.011307324438861732,-0.012697238477883177,0.0027775850253972667,0.006981560365680206,0.0,-0.00828968718095624,0.0014077890726027498,-0.020747463349716555,-0.8531425790164633,-13545.0,-2.1642446314247366,-1.3111020524082768,0.28608698970097635,11638.0,-0.5833061221766407,-0.8693931118776135,-0.5670555893154923,-1907.0,-0.7613039997977893,-0.19424841048230235,0.5670555893154923,1907.0,0.7613039997977893,0.19424841048229435,-0.009954921111945958,-0.00788880540946657,0.0012771984762396382,0.00762586357179762,0.14229904163340534,0.27982716091049964,0.6274604826023666,100.0,100 troy oz,266200.0,80652743600.0,10897429400.0,69755314200.0,-3605679000.0,7366818800.0,16241394400.0,92170419000.0,-75929024600.0,3098035600.0,-6098908200.0,111320314600.0,117494025000.0,-6173710400.0,-507643400.0,1267910600.0,12880885600.0,6707175200.0,6173710400.0,507643400.0,-1267910600.0
2024-12-24,GOLD - COMMODITY EXCHANGE INC.,454646,289416,41787,247629,54.46633204735113,63.65743897449884,9.191106927147715,59281,13.038935787403826,58136,331472,-273336,-60.12062131856434,12.787091495361228,72.90771281392556,406833,432540,-25707,-5.654289271213208,89.48346625726388,95.1377555284771,47813,22106,25707,5.654289271213208,10.516533742736106,4.8622444715228985,2635.5,2024-12-30,2024-12-30,2618.10009765625,-0.006602125723297325,2024-12-31,2024-12-31,2641.0,0.002086890533105734,2025-01-01,2025-01-02,2669.0,0.012711060519825512,2025-01-02,2025-01-02,2669.0,0.012711060519825512,2025-01-03,2025-01-03,2654.699951171875,0.007285126606668468,-0.006602125723297325,0.008746763488626907,0.010602044680045442,0.0,-0.005357830209113845,0.013979547057192176,-0.009954921111945958,-1.696824256834084,-14412.0,-1.2797302880571308,0.4170939687769639,1.013268271658795,11897.0,-0.28958922418627964,-1.302857495845089,-0.6835559851752846,-2515.0,-0.14555054832412395,0.5380054368511793,0.6835559851752846,2515.0,0.14555054832410796,-0.5380054368511757,0.002086890533105734,0.011345058753083004,0.017757559790599453,0.04693604673567631,0.14813124733210015,0.2649971171860179,0.7096187422927338,100.0,100 troy oz,263550.0,76275586800.0,11012963850.0,65262622950.0,-3798282600.0,-713956950.0,15321742800.0,87359445600.0,-72037702800.0,3135454350.0,-215056800.0,107220837150.0,113995917000.0,-6775079850.0,-662828250.0,-929013750.0,12601116150.0,5826036300.0,6775079850.0,662828250.0,929013750.0
2024-12-31,GOLD - COMMODITY EXCHANGE INC.,458584,282907,35628,247279,53.92229122690717,61.69142403572737,7.769132808820195,67921,14.811026987422151,60399,331695,-271296,-59.15949967726741,13.170760427751512,72.33026010501892,411227,435244,-24017,-5.23720845036024,89.67321145090104,94.91041990126128,47357,23340,24017,5.23720845036024,10.326788549098966,5.089580098738726,2641.0,2025-01-06,2025-01-06,2647.39990234375,0.0024232875212988336,2025-01-07,2025-01-07,2665.39990234375,0.00923888767275649,2025-01-08,2025-01-08,2672.39990234375,0.011889398842767962,2025-01-09,2025-01-09,2690.800048828125,0.018856512240865264,2025-01-10,2025-01-10,2715.0,0.028019689511548762,0.0024232875212988336,0.00679912391930837,0.0026262475637688354,0.006885251892217781,0.008993589539443514,0.02553452449567728,0.002086890533105734,-0.5440408204439606,-350.0,-1.9660149387714654,-1.4219741183275199,0.961121641296927,2040.0,0.3836689323902842,-0.5774527089066339,0.41708082085296816,1690.0,0.18974519363715103,-0.22733562721582246,-0.41708082085296816,-1690.0,-0.18974519363714037,0.22733562721582778,0.00923888767275649,0.015638034391565636,0.044755755839407385,0.0478985232866338,0.19121544869367657,0.26838320667479176,0.660848089620409,100.0,100 troy oz,264100.0,74715738700.0,9409354800.0,65306383900.0,-92435000.0,-3289893700.0,15951375900.0,87600649500.0,-71649273600.0,538764000.0,3955953900.0,108605050700.0,114947940400.0,-6342889700.0,446329000.0,666060200.0,12506983700.0,6164094000.0,6342889700.0,-446329000.0,-666060200.0
2025-01-07,GOLD - COMMODITY EXCHANGE INC.,477043,291721,36810,254911,53.43564416624916,61.151929700257625,7.716285534008464,75074,15.737365394733807,62674,341320,-278646,-58.41108663160344,13.138019004576106,71.54910563617955,429469,453204,-23735,-4.975442465354276,90.02731409956755,95.00275656492182,47574,23839,23735,4.975442465354276,9.972685900432456,4.99724343507818,2665.39990234375,2025-01-13,2025-01-13,2678.60009765625,0.004952425825818008,2025-01-14,2025-01-14,2682.300048828125,0.006340566933132452,2025-01-15,2025-01-15,2717.800048828125,0.019659393863674435,2025-01-16,2025-01-16,2750.89990234375,0.03207773810031944,2025-01-17,2025-01-17,2748.699951171875,0.031252364328098414,0.004952425825818008,0.0013813003199367735,0.013234910097216668,0.012178914166219634,-0.0007997205459931989,0.02617033187483342,0.00923888767275649,-0.486647060658008,7632.0,-0.5394943354697475,-0.05284727481173057,0.7484130456639733,-7350.0,-0.032741423175405515,-0.7811544688393752,0.2617659850059635,282.0,0.35410264866651175,0.09233666366054649,-0.2617659850059635,-282.0,-0.35410264866651,-0.09233666366054649,0.006340566933132452,0.03519173567375167,0.038305733247184115,0.07893755316017126,0.12185790527812368,0.2444286125422006,0.6868388468472297,100.0,100 troy oz,266539.990234375,77755312491.16211,9811337040.527344,67943975450.634766,2034233205.46875,-5510714298.095703,16705127347.949219,90975429466.79688,-74270302118.84766,-1959068928.2226562,4857691322.021484,114470663065.9668,120796989734.17969,-6326326668.212891,75164277.24609375,-653022976.0742188,12680373495.410156,6354046827.197266,6326326668.212891,-75164277.24609375,653022976.0742188
2025-01-14,GOLD - COMMODITY EXCHANGE INC.,526467,312568,33205,279363,53.063724791867294,59.370862751131604,6.307137959264303,73574,13.975044969580239,92075,394527,-302452,-57.44937479462151,17.48922534555822,74.93860014017972,478217,501306,-23089,-4.3856500027542085,90.83513306627006,95.22078306902428,48250,25161,23089,4.3856500027542085,9.16486693372994,4.77921693097573,2682.300048828125,2025-01-20,2025-01-21,2759.199951171875,0.028669388563500542,2025-01-21,2025-01-21,2759.199951171875,0.028669388563500542,2025-01-22,2025-01-22,2770.89990234375,0.03303129847622133,2025-01-23,2025-01-23,2765.0,0.03083173010715412,2025-01-24,2025-01-24,2778.89990234375,0.03601381342770682,0.028669388563500542,0.0,0.0042403419030598855,-0.0021292369091931995,0.005027089455244216,0.007139733082232036,0.006340566933132452,-0.37191937438186784,24452.0,-1.7810669491260214,-1.4091475747441615,0.9617118369819266,-23806.0,4.351206340982115,3.3894945040001687,0.5897924626000677,646.0,0.8078189667025129,0.21802650410245406,-0.5897924626000677,-646.0,-0.8078189667025164,-0.21802650410244961,0.028669388563500542,0.03176376602949338,0.0721395803890541,0.09331545474842717,0.20806764469152306,0.24396968662385543,0.7146106005797372,100.0,100 troy oz,268230.0048828125,83840116166.21094,8906577312.13379,74933538854.07715,6558760079.394531,4646280144.580078,24697277699.58496,105823979136.40137,-81126701436.8164,-6385483496.240234,-4618652454.077148,128272148245.04395,134465310827.7832,-6193162582.739258,173276583.15429688,27627690.502929688,12942097735.595703,6748935152.856445,6193162582.739258,-173276583.15429688,-27627690.502929688
2025-01-21,GOLD - COMMODITY EXCHANGE INC.,571387,337289,36505,300784,52.64102963490595,59.02986942300053,6.388839788094584,88344,15.461324811380027,95116,421724,-326608,-57.16055843062583,16.6465110336777,73.80706946430354,520749,546573,-25824,-4.519528795719888,91.13770526805826,95.65723406377813,50638,24814,25824,4.519528795719888,8.862294731941748,4.34276593622186,2759.199951171875,2025-01-27,2025-01-27,2738.39990234375,-0.007538434762326962,2025-01-28,2025-01-28,2767.5,0.0030081360448703798,2025-01-29,2025-01-29,2769.800048828125,0.003841728705361813,2025-01-30,2025-01-30,2823.0,0.0231226623503773,2025-01-31,2025-01-31,2812.5,0.01931721142771381,-0.007538434762326962,0.010626679336112943,0.0008310926208221492,0.019207145004702886,-0.0037194473963868546,0.027059633471659517,0.028669388563500542,-0.4226951569613462,21421.0,-0.3409933281310771,0.08170182883028154,0.2888163639956858,-24156.0,-0.8427143118805205,-1.1315306758761778,-0.13387879296567995,-2735.0,0.30257220178819466,0.43645099475385507,0.13387879296567995,2735.0,-0.3025722017881911,-0.43645099475387017,0.0030081360448703798,0.042258661829392974,0.06284435689799484,0.06878807342233895,0.23927223936470354,0.24807915776791822,0.7272397394264198,100.0,100 troy oz,275919.9951171875,93064779233.08105,10072459421.75293,82992319811.32812,5910482215.405273,14666527340.454102,26244406255.566406,116362084020.80078,-90117677765.23438,-6665123402.050781,-14698809979.882812,143685061537.28027,150810419491.18652,-7125357953.90625,-754641186.6455078,-32282639.428710938,13972036712.74414,6846678758.837891,7125357953.90625,754641186.6455078,32282639.428710938
2025-01-28,GOLD - COMMODITY EXCHANGE INC.,577505,338371,38962,299409,51.845265408957495,58.591873663431485,6.746608254473988,79876,13.831222240500082,110034,433756,-323722,-56.05527224872512,19.05334152951057,75.10861377823569,528281,552594,-24313,-4.210006839767621,91.47643743344214,95.68644427320976,49224,24911,24313,4.210006839767621,8.523562566557866,4.313555726790244,2767.5,2025-02-03,2025-02-03,2857.10009765625,0.0323758257113822,2025-02-04,2025-02-04,2875.800048828125,0.03913280897131899,2025-02-05,2025-02-05,2893.0,0.04534778681120155,2025-02-06,2025-02-06,2876.699951171875,0.039457976936540184,2025-02-07,2025-02-07,2887.60009765625,0.043396602585817456,0.0323758257113822,0.0065450808626603685,0.005980927352332355,-0.005634306542732448,0.003789114843185004,0.010675159762522757,0.0030081360448703798,-0.795764225948453,-1375.0,-0.43799575956904135,0.3577684663794036,1.1052861819007092,2886.0,2.4068304958328675,1.3015443139321548,0.3095219559522677,1511.0,0.3387321653838882,0.02921020943162489,-0.3095219559522677,-1511.0,-0.33873216538388284,-0.029210209431616008,0.03913280897131899,0.05965676518744356,0.0655826558265582,0.05467029767953924,0.20455288081526657,0.2010840108401084,0.8365312005984644,100.0,100 troy oz,276750.0,93644174250.0,10782733500.0,82861440750.0,-380531250.0,14426977500.0,30451909500.0,120041973000.0,-89590063500.0,798700500.0,-14508895500.0,146201766750.0,152930389500.0,-6728622750.0,418169250.0,-81918000.0,13622742000.0,6894119250.0,6728622750.0,-418169250.0,81918000.0
2025-02-04,GOLD - COMMODITY EXCHANGE INC.,542004,356500,53992,302508,55.812872229725244,65.7744223289865,9.96155009926126,61604,11.36596777883558,74378,402553,-328175,-60.54844613692888,13.72277695367562,74.2712230906045,492482,518149,-25667,-4.735573907203637,90.86316706149769,95.59874096870134,49522,23855,25667,4.735573907203637,9.136832938502298,4.401259031298662,2875.800048828125,2025-02-10,2025-02-10,2934.39990234375,0.020376887308108937,2025-02-11,2025-02-11,2932.60009765625,0.019751042445134814,2025-02-12,2025-02-12,2928.699951171875,0.018394847154031613,2025-02-13,2025-02-13,2945.39990234375,0.024201909845570357,2025-02-14,2025-02-14,2900.699951171875,0.008658426149584564,0.020376887308108937,-0.0006133467650617508,-0.0013299278300822337,0.005702172107181047,-0.015176190892213226,-0.011484443938591493,0.03913280897131899,3.967606820767749,3099.0,7.182548665555018,3.2149418447872717,-4.4931738882037635,-4453.0,-5.3305645758349485,-0.8373906876311992,-0.5255670674360164,-1354.0,-0.6132703719444521,-0.08770330450842323,0.5255670674360164,1354.0,0.6132703719444326,0.0877033045084179,0.019751042445134814,0.025453769361226453,0.014952360828258016,0.015578290586085952,0.1902079389083049,0.19434588387725316,0.716044202033792,100.0,100 troy oz,287580.0048828125,102522271740.72266,15527019623.632812,86995252117.08984,891210435.1318359,13687945492.407227,21389625603.17383,115766193705.59082,-94376568102.41699,-1280593761.743164,-14243550061.84082,141627975964.69727,149009291950.0244,-7381315985.327148,-389383326.6113281,-555604569.4335938,14241537001.80664,6860221016.479492,7381315985.327148,389383326.6113281,555604569.4335938
2025-02-11,GOLD - COMMODITY EXCHANGE INC.,528719,343766,59262,284504,53.81005789464726,65.01865830431666,11.208600409669408,62822,11.881925937974614,72622,382510,-309888,-58.6110958751246,13.735462504657484,72.34655837978208,479210,504594,-25384,-4.801037980477343,90.63604674694876,95.4370847274261,49509,24125,25384,4.801037980477343,9.363953253051243,4.562915272573901,2932.60009765625,2025-02-17,2025-02-18,2949.0,0.005592273681248594,2025-02-18,2025-02-18,2949.0,0.005592273681248594,2025-02-19,2025-02-19,2936.10009765625,0.0011934801484856372,2025-02-20,2025-02-20,2956.10009765625,0.008013366711261183,2025-02-21,2025-02-21,2953.199951171875,0.007024433209317671,0.005592273681248594,0.0,-0.004374331076212323,0.006811756866179408,-0.0009810718137299723,0.0014241950396320924,0.019751042445134814,-2.0028143350779857,-18004.0,-0.755764024669844,1.2470503104081487,1.9373502618042835,18287.0,0.012685550981863969,-1.9246647108224124,-0.06546407327370574,283.0,-0.22712031454892667,-0.1616562412752387,0.06546407327370574,-283.0,0.22712031454894444,0.1616562412752387,0.005592273681248594,-0.004705738378428803,-0.004091931937665327,-0.003989700239678373,0.10748139557922842,0.15903972134369737,0.7155424648661788,100.0,100 troy oz,293260.009765625,100812820517.08984,17379174698.73047,83433645818.35938,-5279853215.8203125,1507649710.2050781,21297128429.19922,112174886335.44922,-90877757906.25,5362845798.583984,-2180681432.6171875,140533129279.78516,147977241367.67578,-7444112087.890625,82992582.76367188,-673031722.4121094,14519009823.486328,7074897735.595703,7444112087.890625,-82992582.76367188,673031722.4121094
2025-02-18,GOLD - COMMODITY EXCHANGE INC.,522330,334043,65369,268674,51.43759692148642,63.95248214730152,12.514885225815098,65012,12.44653762946796,72393,368464,-296071,-56.68274845404247,13.85962897019126,70.54237742423372,471448,498845,-27397,-5.245151532556047,90.25864874696073,95.50380027951678,50882,23485,27397,5.245151532556047,9.741351253039268,4.49619972048322,2949.0,2025-02-24,2025-02-24,2963.199951171875,0.004815175032850227,2025-02-25,2025-02-25,2918.800048828125,-0.010240743021998955,2025-02-26,2025-02-26,2930.60009765625,-0.006239370072482209,2025-02-27,2025-02-27,2895.89990234375,-0.018006136879026746,2025-02-28,2025-02-28,2848.5,-0.03407934893184128,0.004815175032850227,-0.01498376858645356,0.0040427739587241,-0.01184064497242443,-0.01636793533691816,-0.038708137507397655,0.005592273681248594,-2.372460973160841,-15830.0,-1.0661761570151427,1.3062848161456895,1.9283474210821296,13817.0,0.12416646553377575,-1.804180955548361,-0.4441135520787043,-2013.0,-0.3773979999880339,0.06671555209068458,0.4441135520787043,2013.0,0.37739799998802503,-0.06671555209068103,-0.010240743021998955,-0.009630350065700233,-0.009528686895981742,0.03112921289526116,0.11380132168743651,0.1389284337646235,0.6635808417577993,100.0,100 troy oz,294900.0,98509280700.0,19277318100.0,79231962600.0,-4668267000.0,-9469239000.0,21348695700.0,108660033600.0,-87311337900.0,4074633300.0,9005361300.0,139030015200.0,147109390500.0,-8079375300.0,-593633700.0,-463877700.0,15005101800.0,6925726500.0,8079375300.0,593633700.0,463877700.0
2025-02-25,GOLD - COMMODITY EXCHANGE INC.,512179,316948,55323,261625,51.08077449485434,61.88227162769267,10.801497132838325,74632,14.571468178117417,71796,359896,-288100,-56.24986576958446,14.017755511256807,70.26762128084127,463376,489851,-26475,-5.169091274730123,90.47149531706688,95.640586591797,48803,22328,26475,5.169091274730123,9.528504682933116,4.359413408202991,2918.800048828125,2025-03-03,2025-03-03,2901.10009765625,-0.0060641191159981345,2025-03-04,2025-03-04,2920.60009765625,0.0006167085096657754,2025-03-05,2025-03-05,2926.0,0.0024667503944868496,2025-03-06,2025-03-06,2926.60009765625,0.0026723477791008587,2025-03-07,2025-03-07,2914.10009765625,-0.0016102340322222686,-0.0060641191159981345,0.006721588136773926,0.0018489016514391388,0.00020509147513680936,-0.0042711677656303015,0.00448105875784921,-0.010240743021998955,-0.3568224266320783,-7049.0,-2.0702105196088496,-1.713388092976773,0.4328826844580078,7971.0,0.15812654106554724,-0.2747561433924517,0.07606025782592418,922.0,0.2128465701061515,0.13678631228022198,-0.07606025782592418,-922.0,-0.2128465701061515,-0.1367863122802282,0.0006167085096657754,0.00071942355779675,0.0417979984785124,0.03669311077290982,0.13073860734956289,0.17616826866174762,0.773434191480757,100.0,100 troy oz,291880.0048828125,92510783787.59766,16147677510.131836,76363106277.46582,-2057462154.4189453,-11028394104.492188,20955816830.566406,105046446237.30469,-84090629406.73828,2326575518.9208984,10397349533.935547,135250189142.57812,142977712271.8506,-7727523129.272461,269113364.5019531,-631044570.5566406,14244619878.295898,6517096749.0234375,7727523129.272461,-269113364.5019531,631044570.5566406
2025-03-04,GOLD - COMMODITY EXCHANGE INC.,489270,303132,59871,243261,49.71917346250537,61.95597522840149,12.23680176589613,70823,14.475238620802418,65713,336828,-271115,-55.41214462362295,13.430825515564004,68.84297013918696,439668,467522,-27854,-5.692971161117583,89.86203936476792,95.55501052588549,49602,21748,27854,5.692971161117583,10.137960635232082,4.444989474114497,2920.60009765625,2025-03-10,2025-03-10,2899.39990234375,-0.007258849073350726,2025-03-11,2025-03-11,2920.89990234375,0.00010265174192825022,2025-03-12,2025-03-12,2946.800048828125,0.008970742414512678,2025-03-13,2025-03-13,2991.300048828125,0.024207337125206285,2025-03-14,2025-03-14,3001.10009765625,0.027562828633951098,-0.007258849073350726,0.007415327558857987,0.008867180441066269,0.015101126395629327,0.003276183822470191,0.035076291211257216,0.0006167085096657754,-1.3616010323489718,-18364.0,0.07370360070882498,1.4353046330578056,0.8377211459615097,16985.0,-0.5869299956928025,-1.4246511416543086,-0.5238798863874603,-1379.0,-0.6094559522989584,-0.08557606591151057,0.5238798863874603,1379.0,0.6094559522989655,0.08557606591150524,0.00010265174192825022,0.041155908769685334,0.036054167351429633,0.07717588673801346,0.15630349405464172,0.2299526915905319,0.7543313100017404,100.0,100 troy oz,292060.009765625,88532734880.27344,17485924844.677734,71046810035.5957,-5363390019.3359375,-17303679398.583984,19192139421.728516,98373988969.33594,-79181849547.60742,4960639265.869141,16664944157.226562,128409440373.63281,136544479885.64453,-8135039512.011719,-402750753.4667969,-638735241.3574219,14486760604.394531,6351721092.3828125,8135039512.011719,402750753.4667969,638735241.3574219
2025-03-11,GOLD - COMMODITY EXCHANGE INC.,511276,296172,60072,236100,46.178580649199255,57.928007573208994,11.749426924009732,76812,15.023588042466299,84545,349733,-265188,-51.867875667936694,16.53607836080708,68.40395402874377,457529,486617,-29088,-5.689295018737433,89.48767397648237,95.1769689952198,53747,24659,29088,5.689295018737433,10.51232602351763,4.823031004780197,2920.89990234375,2025-03-17,2025-03-17,3006.10009765625,0.029169159560769264,2025-03-18,2025-03-18,3040.800048828125,0.04104904327196102,2025-03-19,2025-03-19,3041.199951171875,0.04118595393549618,2025-03-20,2025-03-20,3043.800048828125,0.04207612400060645,2025-03-21,2025-03-21,3021.39990234375,0.034407204409626635,0.029169159560769264,0.011543178884471983,0.00013151221301255234,0.0008549578120464751,-0.007359270032536891,0.005089585905482252,0.00010265174192825022,-3.5405928133061124,-7161.0,-4.027967655192498,-0.4873748418863979,3.544268955686256,5927.0,3.105252845243074,-0.4390161104431911,0.003676142380149905,-1234.0,-0.374365388285554,-0.3780415306656977,-0.003676142380149905,1234.0,0.37436538828554866,0.37804153066570034,0.04104904327196102,0.03594782550259512,0.0770653241063235,0.023725581548521557,0.14464720261758468,0.26063886962276683,0.7946866626446025,100.0,100 troy oz,292089.990234375,86508876587.69531,17546429893.359375,68962446694.33594,-2091656420.0683594,-14138323887.304688,24694748224.365234,102153508554.63867,-77458760330.27344,1731217372.1191406,13056422563.476562,133639641141.94336,142135954777.88086,-8496313635.9375,-360439047.94921875,-1081901323.828125,15698960705.126953,7202647069.189453,8496313635.9375,360439047.94921875,1081901323.828125
2025-03-18,GOLD - COMMODITY EXCHANGE INC.,533566,321654,63722,257932,48.341161168440266,60.28382618082861,11.942665012388346,67522,12.654854319802986,91549,376717,-285168,-53.44568432021531,17.15795234329024,70.60363666350554,480725,507961,-27236,-5.104523151775038,90.09663284392184,95.20115599569688,52841,25605,27236,5.104523151775038,9.903367156078161,4.798844004303122,3040.800048828125,2025-03-24,2025-03-24,3015.60009765625,-0.008287276626947837,2025-03-25,2025-03-25,3025.89990234375,-0.004900074403154986,2025-03-26,2025-03-26,3022.5,-0.006018169078620406,2025-03-27,2025-03-27,3061.0,0.006642972522859392,2025-03-28,2025-03-28,3086.5,0.015028923453709764,-0.008287276626947837,0.0034155074790935824,-0.0011236004010299894,0.012737799834574126,0.008330610911466918,0.023511042594425602,0.04104904327196102,2.1625805192410112,21832.0,2.355818607619618,0.19323808837861378,-1.5778086522786126,-19980.0,0.6218739824831623,2.1996826347617713,0.5847718669623951,1852.0,0.608958867439469,0.024187000477084553,-0.5847718669623951,-1852.0,-0.608958867439469,-0.024187000477074783,-0.004900074403154986,0.03459614229236063,-0.016640389648688192,0.06564057166223325,0.12039589832837372,0.2250394757431824,0.6470008270496375,100.0,100 troy oz,304080.0048828125,97808549890.57617,19376586071.14258,78431963819.4336,6638674666.6015625,-3266427412.451172,27838220367.0166,114552107199.43848,-86713886832.42188,-6075518497.558594,3315384293.2373047,146178860347.29004,154460783360.27832,-8281923012.988281,563156169.0429688,48956880.78613281,16067891538.012695,7785968525.024414,8281923012.988281,-563156169.0429688,-48956880.78613281
2025-03-25,GOLD - COMMODITY EXCHANGE INC.,511482,316572,66776,249796,48.83769125795238,61.89308714676176,13.055395888809382,55220,10.796078845394364,86838,365436,-278598,-54.4687789599634,16.97772355625418,71.44650251621758,458630,487432,-28802,-5.631087702011019,89.66688954841031,95.29797725042133,52852,24050,28802,5.631087702011019,10.333110451589695,4.702022749578675,3025.89990234375,2025-03-31,2025-03-31,3122.800048828125,0.03202357963306057,2025-04-01,2025-04-01,3146.0,0.03969070409871289,2025-04-02,2025-04-02,3166.199951171875,0.04636638796922976,2025-04-03,2025-04-03,3121.699951171875,0.03166001914138716,2025-04-04,2025-04-04,3035.39990234375,0.003139561884595521,0.03202357963306057,0.007429214425874298,0.00642083635469648,-0.014054703015054293,-0.027645209398080794,-0.027987749813560114,-0.004900074403154986,0.4965300895121132,-8136.0,1.6092609659331458,1.1127308764210362,-1.023094639748095,6570.0,-0.18022878703606082,0.8428658527120376,-0.5265645502359808,-1566.0,-0.42974329551152834,0.09682125472444625,0.5265645502359808,1566.0,0.4297432955115337,-0.09682125472444714,0.03969070409871289,-0.011798126945383514,0.07088800255218497,0.1300439580619337,0.10178790110057334,0.2610132768160556,0.45477383326208964,100.0,100 troy oz,302589.990234375,95791518388.47656,20205749187.890625,75585769200.58594,-2461872160.546875,-3579336994.482422,26276309571.972656,110577275671.28906,-84300966099.3164,1988016235.8398438,2875210087.2070312,138776847221.1914,147492044119.92188,-8715196898.730469,-473855924.70703125,-704126907.2753906,15992486163.867188,7277289265.136719,8715196898.730469,473855924.70703125,704126907.2753906
2025-04-01,GOLD - COMMODITY EXCHANGE INC.,498746,327936,89502,238434,47.80669920159761,65.75210628255665,17.945407080959043,51247,10.275170126677708,68875,333936,-265061,-53.1454888861264,13.80963456348522,66.95512344961163,448058,474685,-26627,-5.338789684528798,89.83691097271958,95.17570065724837,50688,24061,26627,5.338789684528798,10.163089027280419,4.824299342751621,3146.0,2025-04-07,2025-04-07,2973.60009765625,-0.05479971466743483,2025-04-08,2025-04-08,2990.199951171875,-0.04952321958935946,2025-04-09,2025-04-09,3079.39990234375,-0.02116977039295931,2025-04-10,2025-04-10,3177.5,0.010012714558169211,2025-04-11,2025-04-11,3244.60009765625,0.031341416928242216,-0.05479971466743483,0.005582409527329801,0.029830764707529767,0.03185688795456065,0.021117261260818143,0.0911353211931889,0.03969070409871289,-1.0309920563547692,-11362.0,3.8590191357948953,4.890011192149661,1.3232900738370006,13537.0,-3.1680889927689595,-4.491379066605944,0.29229801748222073,2175.0,0.1700214243092688,-0.12227659317295547,-0.29229801748222073,-2175.0,-0.17002142430927591,0.1222765931729457,-0.04952321958935946,0.030006326237682845,0.08690397404442152,0.059631308854497744,0.06478068939228376,0.23115065199360307,0.47730454470955186,100.0,100 troy oz,314600.0,103168665600.0,28157329200.0,75011336400.0,-3574485200.0,-1518574200.0,21668075000.0,105056265600.0,-83388190600.0,4258740200.0,1904588400.0,140959046800.0,149335901000.0,-8376854200.0,684255000.0,386014200.0,15946444800.0,7569590600.0,8376854200.0,-684255000.0,-386014200.0
2025-04-08,GOLD - COMMODITY EXCHANGE INC.,445468,269833,69118,200715,45.05710847917246,60.5729255524527,15.515817073280235,55935,12.556457478427182,69214,301397,-232183,-52.1211400145465,15.53736744277928,67.65850745732578,394982,426450,-31468,-7.064031535374034,88.66675047365916,95.7307820090332,50486,19018,31468,7.064031535374034,11.333249526340836,4.269217990966803,2990.199951171875,2025-04-14,2025-04-14,3226.300048828125,0.07895796318360615,2025-04-15,2025-04-15,3240.39990234375,0.08367331792438182,2025-04-16,2025-04-16,3346.39990234375,0.11912245234044572,2025-04-17,2025-04-17,3328.39990234375,0.11310278800564255,2025-04-18,2025-04-21,3425.300048828125,0.14550869666282074,0.07895796318360615,0.004370285869953916,0.03271201184870143,-0.005378914811524194,0.02911313223394263,0.06168056194038174,-0.04952321958935946,-2.749590722425147,-37719.0,-5.179180730103951,-2.429590007678808,1.0243488715799032,32878.0,1.7277328792940594,0.7033840077141491,-1.7252418508452356,-4841.0,-1.1701604990604153,0.5550813517848354,1.7252418508452356,4841.0,1.170160499060417,-0.5550813517848177,0.08367331792438182,0.14353553547603703,0.11484186746434633,0.14467263217187587,0.10925689134729599,0.33917462635714535,0.566684593609381,100.0,100 troy oz,299019.9951171875,80685462342.45605,20667664022.509766,60017798319.94629,-11278735195.825195,-10580822527.22168,20696369942.041016,90123729468.33496,-69427359526.29395,9831179399.46289,9869154938.842773,118107515711.37695,127517076917.72461,-9409561206.347656,-1447555796.3623047,-711667588.3789062,15096323473.486328,5686762267.138672,9409561206.347656,1447555796.3623047,711667588.3789062
2025-04-15,GOLD - COMMODITY EXCHANGE INC.,456628,271707,69497,202210,44.2833115796666,59.50292141524392,15.21960983557732,63004,13.797664619778024,70568,302480,-231912,-50.78794992860709,15.454155242341688,66.24210517094879,405279,434981,-29702,-6.504638348940494,88.75474127736364,95.25937962630412,51349,21647,29702,6.504638348940494,11.24525872263637,4.740620373695875,3240.39990234375,2025-04-21,2025-04-21,3425.300048828125,0.05706090360965588,2025-04-22,2025-04-22,3419.39990234375,0.05524009548035447,2025-04-23,2025-04-23,3294.10009765625,0.016572088918302752,2025-04-24,2025-04-24,3348.60009765625,0.03339100067070122,2025-04-25,2025-04-25,3298.39990234375,0.01789902535117638,0.05706090360965588,-0.0017225196042004454,-0.036643799574778035,0.016544730999151103,-0.014991397553752672,-0.037047892060665055,0.08367331792438182,-0.7737968995058608,1495.0,-1.0700041372087838,-0.2962072377029159,1.3331900859394068,271.0,-0.08321220043759148,-1.416402286376993,0.5593931864335397,1766.0,0.08799080370447143,-0.47140238272908164,-0.5593931864335397,-1766.0,-0.0879908037044661,0.47140238272907187,0.05524009548035447,0.02876194239022456,0.05628939389624299,0.002283713957349054,0.029718569229209013,0.2848413861919954,0.49675973454641187,100.0,100 troy oz,324039.990234375,88043933626.61133,22519807201.31836,65524126425.29297,484439785.4003906,-18056156335.839844,22866854030.859375,98015616246.09375,-75148762215.23438,87814837.35351562,17257073719.921875,131326603202.19727,140951238992.13867,-9624635789.941406,572254622.7539062,-799082615.9179688,16639129458.544922,7014493668.603516,9624635789.941406,-572254622.7539062,799082615.9179688
2025-04-22,GOLD - COMMODITY EXCHANGE INC.,465351,258896,83518,175378,37.68725112871789,55.63456401726869,17.947312888550794,64423,13.843958646269162,91128,293396,-202268,-43.46568504204353,19.582637621924096,63.048322663967625,414447,441337,-26890,-5.778433913325641,89.06116028546194,94.83959419878758,50904,24014,26890,5.778433913325641,10.938839714538059,5.160405801212418,3419.39990234375,2025-04-28,2025-04-28,3347.699951171875,-0.020968577299990576,2025-04-29,2025-04-29,3333.60009765625,-0.025092065022488397,2025-04-30,2025-04-30,3319.10009765625,-0.029332575174594755,2025-05-01,2025-05-01,3222.199951171875,-0.0576709237889107,2025-05-02,2025-05-02,3243.300048828125,-0.0515002218356857,-0.020968577299990576,-0.004211803244400514,-0.004349651900416807,-0.029194704478120448,0.006548351429456201,-0.031185561390352334,0.05524009548035447,-6.596060450948713,-26832.0,-3.868357397975231,2.7277030529734745,7.322264886563559,29644.0,4.128482379582408,-3.193782506981165,0.7262044356148536,2812.0,0.30641900809830247,-0.419785427516544,-0.7262044356148536,-2812.0,-0.30641900809831135,0.41978542751654313,-0.025092065022488397,0.0009943693576304202,-0.050184201443652654,-0.03942206484684774,0.007106524396713221,0.20170211587119735,0.38024221572367334,100.0,100 troy oz,341939.990234375,88526895711.71875,28558144104.39453,59968751607.32422,-9174933817.96875,-25446490193.26172,31160307430.078125,100323825374.80469,-69163517944.72656,10136469070.507812,26100279454.589844,141716003132.66602,150910769470.06836,-9194766337.402344,961535252.5390625,653789261.328125,17406113262.890625,8211346925.488281,9194766337.402344,-961535252.5390625,-653789261.328125
2025-04-29,GOLD - COMMODITY EXCHANGE INC.,451868,240377,77059,163318,36.14285587826534,53.196287411367926,17.053431533102586,68029,15.055060327352235,92787,283548,-190761,-42.21608965450087,20.534094027459346,62.750183681960216,401193,428636,-27443,-6.073233776235538,88.7854417661795,94.85867554241504,50675,23232,27443,6.073233776235538,11.214558233820496,5.141324457584958,3333.60009765625,2025-05-05,2025-05-05,3322.300048828125,-0.0033897433696590262,2025-05-06,2025-05-06,3422.800048828125,0.026757843940126147,2025-05-07,2025-05-07,3391.89990234375,0.017488541810545488,2025-05-08,2025-05-08,3306.0,-0.008279366704979085,2025-05-09,2025-05-09,3344.0,0.0031197210340441206,-0.0033897433696590262,0.03025012747883782,-0.009027739290512815,-0.02532501100176765,0.011494252873563315,0.006531604867997753,-0.025092065022488397,-1.5443952504525527,-12060.0,-2.438276605900761,-0.8938813554482081,1.2495953875426622,11507.0,0.9514564055352501,-0.2981389820074085,-0.29479986290989757,-553.0,-0.2757185192824352,0.019081343627462388,0.29479986290989757,553.0,0.27571851928243696,-0.019081343627459724,0.026757843940126147,-0.025737954858007228,-0.0146988236634773,-0.00995926156104987,-0.002879798828599567,0.19483440753935755,0.38240933745585504,100.0,100 troy oz,333360.009765625,80132079067.43164,25688388992.529297,54443690074.90234,-4020321717.7734375,-25040670493.554688,30931475226.123047,94523564049.02344,-63592088822.90039,3835973632.373047,24768648725.585938,133741702397.90039,142890101145.89844,-9148398747.998047,-184348085.40039062,-272021767.96875,16893018494.873047,7744619746.875,9148398747.998047,184348085.40039062,272021767.96875
2025-05-06,GOLD - COMMODITY EXCHANGE INC.,452414,237445,74948,162497,35.91776558638769,52.484008010362196,16.5662424239745,75093,16.598292714195406,87244,279347,-192103,-42.46177174004341,19.284107034707148,61.745878774750565,399782,429388,-29606,-6.544006153655722,88.36640775926475,94.91041391292046,52632,23026,29606,6.544006153655722,11.633592240735256,5.0895860870795335,3422.800048828125,2025-05-12,2025-05-12,3228.0,-0.05691248277702321,2025-05-13,2025-05-13,3247.800048828125,-0.051127730952298944,2025-05-14,2025-05-14,3188.300048828125,-0.06851115947608055,2025-05-15,2025-05-15,3226.60009765625,-0.05732147609354177,2025-05-16,2025-05-16,3187.199951171875,-0.06883256231602342,-0.05691248277702321,0.006133844122715226,-0.018320093326394504,0.012012686460360689,-0.012211041124369437,-0.012639420330893714,0.026757843940126147,-0.22509029187764895,-821.0,-0.7122794010057305,-0.4871891091280851,-0.24568208554254056,-1342.0,-1.2499869927521985,-1.0043049072096508,-0.4707723774201842,-2163.0,-0.4190340069147567,0.05173837050541863,0.4707723774201842,2163.0,0.4190340069147602,-0.05173837050542485,-0.051127730952298944,-0.04037628526363701,-0.03576023861700062,-0.013351627474564753,0.0034766571736564167,0.15709359106617082,0.3347259363175865,100.0,100 troy oz,342280.0048828125,81272675759.39941,25653201805.95703,55619473953.44238,-281011884.00878906,-13081257226.611328,29861876745.996094,95614892523.99902,-65753015778.00293,-459339766.5527344,13718582595.703125,136837384912.06055,146970926736.6211,-10133541824.560547,-740351650.5615234,637325369.0917969,18014881216.992188,7881339392.431641,10133541824.560547,740351650.5615234,-637325369.0917969
2025-05-13,GOLD - COMMODITY EXCHANGE INC.,440842,238191,76982,161209,36.56843041271022,54.030922643486775,17.46249223077656,62669,14.215750767848798,88412,279619,-191207,-43.37313595347086,20.055257892850502,63.42839384632136,389272,419270,-29998,-6.804705540760635,88.30193130418607,95.1066368449467,51570,21572,29998,6.804705540760635,11.69806869581392,4.893363155053285,3247.800048828125,2025-05-19,2025-05-19,3233.5,-0.0044029954471134225,2025-05-20,2025-05-20,3284.60009765625,0.01133076183104409,2025-05-21,2025-05-21,3313.5,0.02022906280686243,2025-05-22,2025-05-22,3295.0,0.0145328993356304,2025-05-23,2025-05-23,3365.800048828125,0.03633228592461446,-0.0044029954471134225,0.015803339309184983,0.008798606066038772,-0.005583220159951718,0.02148711648805013,0.04091543183179991,-0.051127730952298944,0.650664826322533,-1288.0,1.5469146331245796,0.8962498068020608,-0.9113642134274471,896.0,0.7711508581433542,1.6825150715707977,-0.26069938710491236,-392.0,-0.06447645507867605,0.1962229320262452,0.26069938710491236,392.0,0.06447645507866362,-0.19622293202624874,0.01133076183104409,0.016195533199343304,0.039811579187203794,0.02943526451085532,0.046554575065799186,0.26916680153610595,0.44303840287321905,100.0,100 troy oz,324780.0048828125,77359674143.04199,25002214335.88867,52357459807.15332,-418316646.2890625,-13316304980.200195,28714449791.69922,90814660185.32715,-62100210393.62793,291002884.375,13220170098.754883,126427762060.74219,136170512647.2168,-9742750586.47461,-127313761.9140625,-96134881.4453125,16748904851.80664,7006154265.332031,9742750586.47461,127313761.9140625,96134881.4453125
2025-05-20,GOLD - COMMODITY EXCHANGE INC.,448000,238062,74081,163981,36.60290178571429,53.13883928571429,16.5359375,65629,14.649330357142857,90256,287904,-197648,-44.11785714285714,20.146428571428572,64.26428571428572,393947,427614,-33667,-7.514955357142856,87.93459821428571,95.44955357142857,54053,20386,33667,7.514955357142856,12.065401785714286,4.550446428571429,3284.60009765625,2025-05-26,2025-05-27,3300.39990234375,0.004810267374337096,2025-05-27,2025-05-27,3300.39990234375,0.004810267374337096,2025-05-28,2025-05-28,3294.89990234375,0.0031357865132042306,2025-05-29,2025-05-29,3317.10009765625,0.009894659633965963,2025-05-30,2025-05-30,3288.89990234375,0.001309080119241246,0.004810267374337096,0.0,-0.0016664647202583316,0.00673774499088986,-0.008501460457109866,-0.0034844262332675013,0.01133076183104409,0.03447137300406666,2772.0,-0.8920833577724849,-0.9265547307765623,-0.7447211893862828,-6441.0,0.09117067857807015,0.8358918679643565,-0.7102498163822215,-3669.0,-0.36733308990035596,0.3429167264818602,0.7102498163822215,3669.0,0.3673330899003666,-0.3429167264818558,0.004810267374337096,0.028161723573595365,0.017901663197738227,0.03723430586717935,0.02255977936811826,0.238050258508389,0.37343970687070827,100.0,100 troy oz,328460.009765625,78193846844.82422,24332645983.447266,53861200861.37695,910491147.0703125,-3743458731.298828,29645486641.40625,94564950651.5625,-64919464010.15625,-2115610922.9003906,1517485245.1171875,129395835467.13867,140454098615.91797,-11058263148.779297,-1205119775.8300781,-2225973486.1816406,17754248907.86133,6695985759.082031,11058263148.779297,1205119775.8300781,2225973486.1816406
2025-05-27,GOLD - COMMODITY EXCHANGE INC.,437538,234087,59903,174184,39.810027929002736,53.50095306007707,13.69092513107433,59401,13.576192239302642,87509,295096,-207587,-47.444336263364555,20.00031997220813,67.44465623557268,380997,414400,-33403,-7.634308334361815,87.07746527158784,94.71177360594966,56541,23138,33403,7.634308334361815,12.92253472841216,5.288226394050345,3300.39990234375,2025-06-02,2025-06-02,3397.199951171875,0.029329793871155863,2025-06-03,2025-06-03,3377.10009765625,0.023239667186401247,2025-06-04,2025-06-04,3399.199951171875,0.02993578104215877,2025-06-05,2025-06-05,3375.10009765625,0.02263368001539834,2025-06-06,2025-06-06,3346.60009765625,0.013998362828604893,0.029329793871155863,-0.00591659419655044,0.006544032713440284,-0.007089860514771007,-0.008444194001769323,-0.01489457619301171,0.004810267374337096,3.2071261432884484,10203.0,0.3621137743627827,-2.845012368925669,-3.3264791205074147,-9939.0,-0.14610859922044384,3.18037052128696,-0.11935297721895921,264.0,-0.8571329426978735,-0.7377799654789072,0.11935297721895921,-264.0,0.8571329426978735,0.7377799654789161,0.023239667186401247,0.01302872417656542,0.032268816855911986,0.010150285114300939,0.04017697902671902,0.2543934439762938,0.36416796082505987,100.0,100 troy oz,330039.990234375,77258071193.99414,19770385535.009766,57487685658.984375,3367398020.361328,3586214533.8867188,28881469505.41992,97393480958.20312,-68512011452.7832,-3280267462.939453,-5553252875.683594,125744246159.32617,136768571953.125,-11024325793.798828,87130557.421875,-1967038341.796875,18660791087.841797,7636465294.042969,11024325793.798828,-87130557.421875,1967038341.796875
2025-06-03,GOLD - COMMODITY EXCHANGE INC.,415941,246982,59077,187905,45.175878309664114,59.37909463120972,14.203216321545604,46058,11.073205093991696,70905,291731,-220826,-53.09070276794065,17.046888861641435,70.13759162958209,363945,396866,-32921,-7.914824458276534,87.49918858684285,95.41401304511939,51996,19075,32921,7.914824458276534,12.500811413157153,4.58598695488062,3377.10009765625,2025-06-09,2025-06-09,3354.89990234375,-0.006573745127633979,2025-06-10,2025-06-10,3343.39990234375,-0.009979033590354125,2025-06-11,2025-06-11,3343.699951171875,-0.009890185519687456,2025-06-12,2025-06-12,3402.39990234375,0.007491576783601461,2025-06-13,2025-06-13,3452.800048828125,0.022415666987310123,-0.006573745127633979,-0.003427822091492505,8.974362531821711e-05,0.017555388350950052,0.014813116603270782,0.029181242163434318,0.023239667186401247,5.365850380661378,13721.0,5.878141571132645,0.5122911904712737,-5.646366504576093,-13239.0,-2.9534311105666937,2.6929353940094103,-0.2805161239147189,482.0,0.42172331525500795,0.7022394391697304,0.2805161239147189,-482.0,-0.42172331525500617,-0.7022394391697251,-0.009979033590354125,0.008824080964666026,-0.01279209797260128,-0.008083873157053167,0.06369365647909198,0.24982964159599175,0.3383967817479314,100.0,100 troy oz,337710.009765625,83408293631.9336,19950894246.92383,63457399385.009766,4633719043.994141,8580535928.125,23945328242.43164,98520478858.93555,-74575150616.5039,-4470942819.287109,-9700044610.498047,122907869504.15039,134025620735.64453,-11117751231.49414,162776224.70703125,-1119508682.3730469,17559569667.773438,6441818436.279297,11117751231.49414,-162776224.70703125,1119508682.3730469
2025-06-10,GOLD - COMMODITY EXCHANGE INC.,417143,245995,58514,187481,44.9440599506644,58.97138391390961,14.027323963245216,48708,11.676571343639951,68432,291150,-222718,-53.39128308517702,16.404925888724012,69.79620897390105,363135,398372,-35237,-8.447223134512626,87.05288114627358,95.5001042807862,54008,18771,35237,8.447223134512626,12.947118853726419,4.499895719213795,3343.39990234375,2025-06-16,2025-06-16,3417.300048828125,0.022103292649069628,2025-06-17,2025-06-17,3406.89990234375,0.018992642775243818,2025-06-18,2025-06-18,3408.10009765625,0.019351617276516908,2025-06-19,2025-06-20,3385.699951171875,0.012651806563274803,2025-06-20,2025-06-20,3385.699951171875,0.012651806563274803,0.022103292649069628,-0.0030433811300654146,0.00035228370275119936,-0.006572619888652764,0.0,-0.009247094842340986,-0.009979033590354125,-0.23181835899971048,-424.0,-0.40771071730010533,-0.17589235830038774,-0.30058031723637413,-1892.0,-0.6419629729174225,-0.34138265568104487,-0.5323986762360917,-2316.0,-0.44630744056927085,0.08609123566681376,0.5323986762360917,2316.0,0.4463074405692655,-0.0860912356668253,0.018992642775243818,-0.002841418997871159,0.0019142629273538603,-0.007926063520377391,0.10133398897051582,0.2670336540785594,0.28204822263078655,100.0,100 troy oz,334339.990234375,82245965897.70508,19563570188.57422,62682395709.13086,-141760155.859375,8783780223.4375,22879554211.71875,97343088156.73828,-74463533945.01953,-632571261.5234375,-10535387432.27539,121410552353.75977,133191690589.64844,-11781138235.888672,-774331417.3828125,-1751607208.8378906,18057034192.578125,6275895956.689453,11781138235.888672,774331417.3828125,1751607208.8378906
2025-06-17,GOLD - COMMODITY EXCHANGE INC.,441214,260586,59938,200648,45.476344812267975,59.06113586604233,13.584791053774358,53104,12.035882814235269,71684,309411,-237727,-53.88020325737624,16.246991255943826,70.12719451332006,385374,422453,-37079,-8.40385844510827,87.34400993622143,95.7478683813297,55840,18761,37079,8.40385844510827,12.655990063778574,4.2521316186703055,3406.89990234375,2025-06-23,2025-06-23,3395.0,-0.0034928828802875955,2025-06-24,2025-06-24,3333.89990234375,-0.021427104432912847,2025-06-25,2025-06-25,3343.10009765625,-0.01872664490189735,2025-06-26,2025-06-26,3348.0,-0.017288415871341112,2025-06-27,2025-06-27,3287.60009765625,-0.035017114710481745,-0.0034928828802875955,-0.01799708325662741,0.0027595895443748297,0.0014656762288347558,-0.018040592097894215,-0.031634728230854225,0.018992642775243818,0.5322848616035714,13167.0,0.08975195213271547,-0.44253290947085766,-0.48892017219921513,-15009.0,-0.1579346327801865,0.330985539419018,0.04336468940435623,-1842.0,0.2911287899478481,0.24776410054349185,-0.04336468940435623,1842.0,-0.2911287899478445,-0.24776410054348919,-0.021427104432912847,-0.016760061977853735,-0.026416978067974717,-0.02060522856089242,0.09339875089772876,0.2716252102702308,0.27811207466006693,100.0,100 troy oz,340689.990234375,88779041795.21484,20420276634.66797,68358765160.546875,4485865101.416016,12492079871.923828,24422021259.960938,105413230568.4082,-80991209308.44727,-5113416063.427734,-13654514118.603516,131293064296.58203,143925508444.48242,-12632444147.90039,-627550962.0117188,-1162434246.6796875,19024129054.6875,6391684906.787109,12632444147.90039,627550962.0117188,1162434246.6796875
2025-06-24,GOLD - COMMODITY EXCHANGE INC.,434958,256077,61073,195004,44.83283443458909,58.8739602444374,14.041125809848307,50549,11.621581853880144,73323,303883,-230560,-53.007416808059624,16.857489688659594,69.86490649671923,379949,415505,-35556,-8.174582373470543,87.35303178697713,95.52761416044767,55009,19453,35556,8.174582373470543,12.646968213022866,4.472385839552325,3333.89990234375,2025-06-30,2025-06-30,3307.699951171875,-0.0078586496113624,2025-07-01,2025-07-01,3349.800048828125,0.004769233315372601,2025-07-02,2025-07-02,3359.699951171875,0.0077386992962769074,2025-07-03,2025-07-03,3342.89990234375,0.0026995411570913674,2025-07-04,2025-07-04,3346.5,0.003779386911824112,-0.0078586496113624,0.01272790708883198,0.002955371126468709,-0.005000461074586515,0.0010769385148881039,0.011730220213710396,-0.021427104432912847,-0.6435103776788864,-5644.0,-0.18717562160492918,0.45633475607394836,0.8727864493166138,7167.0,0.6104984327157688,-0.26228801660083434,0.22927607163772734,1523.0,0.009021850755701166,-0.22025422088202617,-0.22927607163772734,-1523.0,-0.009021850755708272,0.22025422088201907,0.004769233315372601,-0.0050991332967281755,0.0008398718948210426,0.03293441676246345,0.14451545125557508,0.35148034652899085,0.24460842373422764,100.0,100 troy oz,333389.990234375,85373508529.24805,20361126873.583984,65012381655.66406,-1881653104.8828125,6941179596.6796875,24445154253.95508,101311550402.39258,-76866396148.4375,2389406060.0097656,-7658968245.654297,126671193399.56055,138525207892.33398,-11854014492.773438,507752955.1269531,-717788648.9746094,18339449972.802734,6485435480.029297,11854014492.773438,-507752955.1269531,717788648.9746094
2025-07-01,GOLD - COMMODITY EXCHANGE INC.,437662,258631,56651,201980,46.149768542848136,59.09377556196335,12.944007019115208,56887,12.997929909382124,68820,304889,-236069,-53.93865585771669,15.724463170208974,69.66311902792566,384338,418427,-34089,-7.788887314868552,87.81616864155444,95.60505595642299,53324,19235,34089,7.788887314868552,12.183831358445559,4.3949440435770075,3349.800048828125,2025-07-07,2025-07-07,3342.800048828125,-0.002089676965181475,2025-07-08,2025-07-08,3316.89990234375,-0.009821525465642189,2025-07-09,2025-07-09,3321.0,-0.008597542661747948,2025-07-10,2025-07-10,3325.699951171875,-0.00719448841869863,2025-07-11,2025-07-11,3364.0,0.004239044410081272,-0.002089676965181475,-0.007748039399920081,0.0012361234215578776,0.0014152216717480126,0.011516387344152612,0.006341974052353816,0.004769233315372601,1.3169341082590478,6976.0,0.21981531752594918,-1.0971187907330986,-0.9312390496570657,-5509.0,-1.1330265184506203,-0.2017874687935688,0.38569505860199094,1467.0,0.46313685457731424,0.07744179597531797,-0.38569505860199094,-1467.0,-0.46313685457730713,-0.07744179597531708,-0.009821525465642189,-0.003910710330556233,0.02803149470864663,-0.007701966819527284,0.15624810278656875,0.3094213806050836,0.2055943462693559,100.0,100 troy oz,334980.0048828125,86636213642.84668,18976952256.61621,67659261386.23047,2336820514.0625,4714843568.725586,23053323936.035156,102131718708.71582,-79078394772.68066,-1845404846.899414,-5106100214.428711,128745545116.65039,140164678503.1006,-11419133386.450195,491415667.16308594,-391256645.703125,17862473780.371094,6443340393.920898,11419133386.450195,-491415667.16308594,391256645.703125
2025-07-08,GOLD - COMMODITY EXCHANGE INC.,443144,261685,58717,202968,45.801816113949414,59.051910891267845,13.250094777318433,53293,12.026113407831314,71875,310229,-238354,-53.78703085227375,16.219332767678228,70.00636361995198,386853,422239,-35386,-7.985214738324337,87.2973570667774,95.28257180510172,56291,20905,35386,7.985214738324337,12.702642933222611,4.717428194898273,3316.89990234375,2025-07-14,2025-07-14,3359.10009765625,0.012722782283143719,2025-07-15,2025-07-15,3336.699951171875,0.005969444183146377,2025-07-16,2025-07-16,3359.10009765625,0.012722782283143719,2025-07-17,2025-07-17,3345.300048828125,0.008562256118825662,2025-07-18,2025-07-18,3358.300048828125,0.012481578492953949,0.012722782283143719,-0.006668496273750324,0.006713263647367462,-0.0041082576960875805,0.003886049027068239,-0.0002381735598421253,-0.009821525465642189,-0.34795242889872213,988.0,-0.04186467069550304,0.3060877582032244,0.15162500544293778,-2285.0,0.4948695974692541,0.3432445920263234,-0.19632742345578524,-1297.0,-0.5188115747770468,-0.3224841513212624,0.19632742345578524,1297.0,0.5188115747770521,0.32248415132126507,0.005969444183146377,0.03822848218558761,0.002140582430972149,0.035515105157344795,0.2072718563240954,0.35551274685113854,0.25339926580422145,100.0,100 troy oz,331689.990234375,86798295094.48242,19475841156.591797,67322453937.890625,327709710.3515625,5136882878.759766,23840218048.095703,102899853980.41992,-79059635932.32422,-757911627.6855469,-5186304687.3046875,128315267792.13867,140052449786.57227,-11737181994.433594,-430201917.3339844,-49421808.544921875,18671161240.283203,6933979245.849609,11737181994.433594,430201917.3339844,49421808.544921875
2025-07-15,GOLD - COMMODITY EXCHANGE INC.,448531,270227,57112,213115,47.513995688146416,60.247117813484465,12.733122125338047,45339,10.108331419678908,75989,326677,-250688,-55.89089717321657,16.941749845607106,72.83264701882366,391555,429128,-37573,-8.376901485070151,87.29719907877048,95.67410056384063,56976,19403,37573,8.376901485070151,12.702800921229526,4.325899436159373,3336.699951171875,2025-07-21,2025-07-21,3406.39990234375,0.02088888788079246,2025-07-22,2025-07-22,3443.699951171875,0.032067612181437166,2025-07-23,2025-07-23,3397.60009765625,0.018251610086482684,2025-07-24,2025-07-24,3373.5,0.011028875645591185,2025-07-25,2025-07-25,3335.60009765625,-0.0003296231401443972,0.02088888788079246,0.01094999116294626,-0.013386721889036113,-0.00709327082750999,-0.01123459384726544,-0.020784349083261433,0.005969444183146377,1.7121795741970018,10147.0,1.1952069222166202,-0.5169726519803852,-2.1038663209428208,-12334.0,0.7224170779288777,2.8262833988716807,-0.3916867467458145,-2187.0,-0.00015798800691868564,0.39152875873890025,0.3916867467458145,2187.0,0.00015798800691513293,-0.39152875873889936,0.032067612181437166,-0.0038061412046997978,0.02937033639047515,0.0186711570533169,0.2477597516317076,0.3783379281799102,0.21967812830834998,100.0,100 troy oz,333669.9951171875,90166641770.53223,19056560761.132812,71110081009.39941,3385749440.4541016,4159863829.1259766,25355249258.95996,109002312994.89746,-83647063735.9375,-4115485719.7753906,-4324696806.713867,130650154938.11035,143187137664.64844,-12536982726.538086,-729736279.3212891,-164832977.58789062,19011181641.796875,6474198915.258789,12536982726.538086,729736279.3212891,164832977.58789062
2025-07-22,GOLD - COMMODITY EXCHANGE INC.,489423,311949,58911,253038,51.70128906896488,63.73811610815184,12.03682703918696,46696,9.541030969120781,76726,359063,-282337,-57.687726159171106,15.676827611289212,73.36455377046032,435371,464670,-29299,-5.9864370902062225,88.95597468856184,94.94241177876805,54052,24753,29299,5.9864370902062225,11.044025311438164,5.057588221231941,3443.699951171875,2025-07-28,2025-07-28,3310.0,-0.03882450650974323,2025-07-29,2025-07-29,3324.0,-0.03475911167322854,2025-07-30,2025-07-30,3295.800048828125,-0.04294796423637903,2025-07-31,2025-07-31,3293.199951171875,-0.04370299449253279,2025-08-01,2025-08-01,3399.800048828125,-0.012747888307984234,-0.03882450650974323,0.004229607250755274,-0.008483739823067049,-0.0007889124393861691,0.03236976170193273,0.02712992411725823,0.032067612181437166,4.187293380818467,39923.0,3.490998294667378,-0.6962950861510873,-1.7968289859545337,-31649.0,-1.2649222343178934,0.5319067516366545,2.390464394863929,8274.0,1.6587756097913626,-0.7316887850725777,-2.390464394863929,-8274.0,-1.6587756097913626,0.731688785072568,-0.03475911167322854,-0.002613468109188055,-0.012980210763328448,-0.024682754364553472,0.1932224514095493,0.38391842270280274,0.18372679389694513,100.0,100 troy oz,344369.9951171875,107425875606.81152,20287180782.348633,87138694824.46289,13748283315.063477,19985168296.63086,26422132245.36133,123650523556.7627,-97228391311.40137,-10898965975.463867,-17830445237.182617,149928709144.16504,160018405631.10352,-10089696486.938477,2849317339.5996094,2154723059.448242,18613886976.07422,8524190489.135742,10089696486.938477,-2849317339.5996094,-2154723059.448242
2025-07-29,GOLD - COMMODITY EXCHANGE INC.,445259,281241,57645,223596,50.21706467471741,63.16346216471761,12.946397490000203,31709,7.121473120139066,79093,338172,-259079,-58.186134362247586,17.76336918512596,75.94950354737355,392043,427526,-35483,-7.96906968753018,88.04830446998264,96.01737415751282,53216,17733,35483,7.96906968753018,11.95169553001736,3.9826258424871814,3324.0,2025-08-04,2025-08-04,3426.39990234375,0.030806228141922354,2025-08-05,2025-08-05,3434.699951171875,0.033303234407904725,2025-08-06,2025-08-06,3433.39990234375,0.0329121246521511,2025-08-07,2025-08-07,3453.699951171875,0.039019239221382396,2025-08-08,2025-08-08,3491.300048828125,0.050330941284032704,0.030806228141922354,0.0024223818190187707,-0.000378504337091079,0.005912520942948474,0.010886903375463053,0.018941206027930813,-0.03475911167322854,-1.4842243942474695,-29442.0,-0.5746539434342353,0.9095704508132432,-0.4984082030764796,23258.0,2.0865415738367474,2.584949776913234,-1.9826325973239571,-6184.0,-0.9076702185791987,1.0749623787447717,1.9826325973239571,6184.0,0.9076702185791969,-1.0749623787447598,0.033303234407904725,0.022563176895306958,0.010439215153993597,0.032791817087846065,0.1982852279350933,0.5290614012202919,0.21501201900477596,100.0,100 troy oz,332400.0,93484508400.0,19161198000.0,74323310400.0,-9786520800.0,7185158400.0,26290513200.0,112408372800.0,-86117859600.0,7730959200.0,-7648524000.0,130315093200.0,142109642400.0,-11794549200.0,-2055561600.0,-463365600.0,17688998400.0,5894449200.0,11794549200.0,2055561600.0,463365600.0
2025-08-05,GOLD - COMMODITY EXCHANGE INC.,449647,292194,55144,237050,52.71913300878245,64.98297553414123,12.26384252535878,30781,6.845592208999504,74075,344221,-270146,-60.079573532126304,16.474034075619322,76.55360760774563,397050,430146,-33096,-7.360440523343867,88.30260181876005,95.66304234210392,52597,19501,33096,7.360440523343867,11.69739818123995,4.336957657896083,3434.699951171875,2025-08-11,2025-08-11,3404.699951171875,-0.008734387406901245,2025-08-12,2025-08-12,3399.0,-0.01039390679808716,2025-08-13,2025-08-13,3408.300048828125,-0.007686232485822453,2025-08-14,2025-08-14,3383.199951171875,-0.014994031715180545,2025-08-15,2025-08-15,3382.60009765625,-0.015168676814942494,-0.008734387406901245,-0.001674141995952727,0.0027361132180421244,-0.007364403748689963,-0.0001773035954960589,-0.006490984178508463,0.033303234407904725,2.5020683340650365,13454.0,1.8195133694236247,-0.6825549646414224,-1.893439169878718,-11067.0,-1.2893351095066379,0.6041040603720802,0.6086291641863131,2387.0,0.2542973487774134,-0.3543318154088979,-0.6086291641863131,-2387.0,-0.25429734877740984,0.3543318154089019,-0.01039390679808716,-0.022127114764149858,-0.0004949344035990455,0.04585553388623165,0.15308471083441466,0.4368067284352575,0.2090139332955232,100.0,100 troy oz,343469.9951171875,100359871753.27148,18940309410.742188,81419562342.5293,4621045314.306641,11706144373.583984,25442539888.305664,118229585189.2334,-92787045300.92773,-3801182435.961914,-10919598084.765625,136374761561.2793,147742244519.67773,-11367482958.398438,819862878.3447266,786546288.8183594,18065491333.17871,6698008374.780273,11367482958.398438,-819862878.3447266,-786546288.8183594
2025-08-12,GOLD - COMMODITY EXCHANGE INC.,446152,288115,58630,229485,51.436505944162526,64.57776721834712,13.141261274184583,40954,9.179382811239218,63427,326492,-263065,-58.963088812781294,14.216455378436049,73.17954419121733,392496,426076,-33580,-7.526582868618767,87.97360540802238,95.50018827664114,53656,20076,33580,7.526582868618767,12.026394591977622,4.499811723358856,3399.0,2025-08-18,2025-08-18,3378.0,-0.0061782877316858276,2025-08-19,2025-08-19,3358.699951171875,-0.01185644272672104,2025-08-20,2025-08-20,3388.5,-0.0030891438658429138,2025-08-21,2025-08-21,3381.60009765625,-0.005119123961091487,2025-08-22,2025-08-22,3418.5,0.005736981465136903,-0.0061782877316858276,-0.005713454360013359,0.008872495090765042,-0.0020362704275490584,0.010911965128379553,0.01198934280639441,-0.01039390679808716,-1.2826270646199234,-7565.0,-0.40520831579411265,0.8774187488258018,1.11648471934501,7081.0,-2.2575786971832734,-3.374063416528301,-0.16614234527490002,-484.0,-0.3289964107376733,-0.16285406546278125,0.16614234527490002,484.0,0.3289964107376715,0.16285406546277237,-0.01185644272672104,0.010002942041777096,0.056840232766070864,0.0833186087590101,0.2127096204766108,0.48014121800529574,0.3065902023113416,100.0,100 troy oz,339900.0,97930288500.0,19928337000.0,78001951500.0,-2571343500.0,5564163000.0,21558837300.0,110974630800.0,-89415793500.0,2406831900.0,-4206942300.0,133409390400.0,144823232400.0,-11413842000.0,-164511600.0,1357220700.0,18237674400.0,6823832400.0,11413842000.0,164511600.0,-1357220700.0
2025-08-19,GOLD - COMMODITY EXCHANGE INC.,438541,275277,62687,212590,48.47665326617124,62.771097799293564,14.29444453312233,40496,9.234256318109367,66670,316635,-249965,-56.99923154277479,15.202683443509274,72.20191498628407,382443,419818,-37375,-8.522578276603555,87.20803756091222,95.73061583751577,56098,18723,37375,8.522578276603555,12.791962439087792,4.269384162484237,3358.699951171875,2025-08-25,2025-08-25,3417.5,0.017506788246330007,2025-08-26,2025-08-26,3433.0,0.02212166907085611,2025-08-27,2025-08-27,3448.60009765625,0.026766352395666715,2025-08-28,2025-08-28,3474.300048828125,0.034418107999172776,2025-08-29,2025-08-29,3516.10009765625,0.04686341405086125,0.017506788246330007,0.004535479151426491,0.004544158944436383,0.0074522851139919855,0.012031214414605307,0.028851528209582922,-0.01185644272672104,-2.959852677991286,-16895.0,-1.8066694190535557,1.153183258937748,1.963857270006507,13100.0,0.9862280650732256,-0.9776292049332653,-0.9959954079847888,-3795.0,-0.7655678471101623,0.2304275608746309,0.9959954079847888,3795.0,0.7655678471101695,-0.23042756087461846,0.02212166907085611,0.06952094661463581,0.09631702882156179,0.10908987162027839,0.21073631438294105,0.46065441202392776,0.31616404023046774,100.0,100 troy oz,335869.9951171875,92457284645.87402,21054682383.911133,71402602261.96289,-5674523567.504883,-13585269562.5,22392452574.46289,106348195903.93066,-83955743329.46777,4399896936.035156,10872783481.933594,128451128542.60254,141004269610.10742,-12553141067.504883,-1274626631.4697266,-2712486080.5664062,18841634986.083984,6288493918.579102,12553141067.504883,1274626631.4697266,2712486080.5664062
2025-08-26,GOLD - COMMODITY EXCHANGE INC.,443760,275767,61456,214311,48.29434829637642,62.143275644492526,13.8489273481161,38373,8.647241752298541,72908,323873,-250965,-56.55421849648459,16.42960158644312,72.9838200829277,387048,423702,-36654,-8.259870200108168,87.22011898323419,95.47998918334235,56712,20058,36654,8.259870200108168,12.77988101676582,4.520010816657653,3433.0,2025-09-01,2025-09-02,3592.199951171875,0.04637342009084611,2025-09-02,2025-09-02,3592.199951171875,0.04637342009084611,2025-09-03,2025-09-03,3635.5,0.05898630935042237,2025-09-04,2025-09-04,3606.699951171875,0.050597131130752926,2025-09-05,2025-09-05,3653.300048828125,0.06417129298809354,0.04637342009084611,0.0,0.012053908305966976,-0.007921894877767843,0.01292042539915439,0.017009102635368922,0.02212166907085611,-0.1823049697948207,1721.0,-0.6278221548010379,-0.4455171850062314,0.44501304629019955,-1000.0,1.2269181429338456,0.7819050966436407,0.26270807649538774,721.0,0.012081422321969626,-0.25062665417341634,-0.26270807649538774,-721.0,-0.012081422321971402,0.25062665417341545,0.04637342009084611,0.07258955757992291,0.08508595911921057,0.11147682818871973,0.20594232449752403,0.5078065262707545,0.3674628604718906,100.0,100 troy oz,343300.0,94670811100.0,21097844800.0,73572966300.0,590819300.0,-3187540500.0,25029316400.0,111185600900.0,-86156284500.0,-343300000.0,2785536200.0,132873578400.0,145456896600.0,-12583318200.0,247519300.0,-402004300.0,19469229600.0,6885911400.0,12583318200.0,-247519300.0,402004300.0
2025-09-02,GOLD - COMMODITY EXCHANGE INC.,492908,315796,66266,249530,50.6240515471447,64.06793965608186,13.443888108937166,46558,9.445576050703174,73919,347817,-273898,-55.56777329643666,14.996510505002961,70.56428380143961,436273,460641,-24368,-4.943721749291957,88.510026211788,93.45374796107996,56635,32267,24368,4.943721749291957,11.489973788212,6.546252038920041,3592.199951171875,2025-09-08,2025-09-08,3677.39990234375,0.023718042517115512,2025-09-09,2025-09-09,3682.199951171875,0.02505428462317072,2025-09-10,2025-09-10,3682.0,0.024998622027938566,2025-09-11,2025-09-11,3673.60009765625,0.02266024931541466,2025-09-12,2025-09-12,3686.39990234375,0.026223470979432673,0.023718042517115512,0.0013052833402931174,-5.4302095086167235e-05,-0.0022813422986828202,0.0034842672983557144,0.0024473813669989575,0.04637342009084611,2.329703250768283,35219.0,1.9246640115893356,-0.40503923917893303,0.9864452000479247,-22933.0,-1.4330910814401587,-2.4195362814880923,3.3161484508162102,12286.0,1.2899072285538153,-2.0262412222623993,-3.3161484508162102,-12286.0,-1.2899072285538207,2.0262412222623887,0.02505428462317072,0.03699686773867339,0.06221814014754057,0.078225044212344,0.17499021826737637,0.4263404779683846,0.2238739385622237,100.0,100 troy oz,359219.9951171875,113440237578.02734,23804072196.435547,89636165381.5918,12651369008.032227,4483065539.0625,26553182819.067383,124942821041.6748,-98389638222.60742,-8237992148.022461,-1347793421.6796875,156717984929.76074,165471457770.77637,-8753472841.015625,4413376860.009766,3135272117.3828125,20344424423.461914,11590951582.44629,8753472841.015625,-4413376860.009766,-3135272117.3828125
2025-09-09,GOLD - COMMODITY EXCHANGE INC.,509625,324875,63135,261740,51.35933284277655,63.74785381407898,12.388520971302428,51910,10.185921020358107,73850,347225,-273375,-53.64238410596026,14.491047338729457,68.13343144468972,450635,462270,-11635,-2.2830512631837134,88.42482217316655,90.70787343635025,58990,47355,11635,2.2830512631837134,11.575177826833457,9.292126563649743,3682.199951171875,2025-09-15,2025-09-15,3719.0,0.009994038704066899,2025-09-16,2025-09-16,3725.10009765625,0.01165068357320509,2025-09-17,2025-09-17,3717.800048828125,0.00966815983062519,2025-09-18,2025-09-18,3678.300048828125,-0.001059122914416677,2025-09-19,2025-09-19,3705.800048828125,0.006409238490359348,0.009994038704066899,0.0016402521259075709,-0.001959691991288537,-0.010624562774012136,0.0074762797039249484,-0.003549328091388859,0.02505428462317072,0.7352812956318502,12210.0,-0.32008584200288226,-1.0553671376347378,1.9253891904764018,523.0,-0.5054631662735041,-2.430852356749895,2.660670486108244,12733.0,-0.08520403862145542,-2.7458745247297003,-2.660670486108244,-12733.0,0.0852040386214572,2.745874524729702,0.01165068357320509,0.036255499910457845,0.05187116466589847,0.08750202472555402,0.15045360151186582,0.42363265633848335,0.2055293191200196,100.0,100 troy oz,368219.9951171875,119625470913.69629,23247569391.723633,96377901521.97266,4495966140.380859,11876935942.504883,27193046639.404297,127855187804.56543,-100662141165.16113,192579057.44628906,-3796348149.658203,165932817499.6338,170217057142.82227,-4284239643.1884766,4688545197.827148,8080587792.84668,21721297511.96289,17437057868.774414,4284239643.1884766,-4688545197.827148,-8080587792.84668
2025-09-16,GOLD - COMMODITY EXCHANGE INC.,516221,326778,60368,266410,51.60774164553553,63.30195788237983,11.694216236844298,50704,9.822149815679719,77867,380238,-302371,-58.57394410533473,15.084043462005614,73.65798756734034,455349,491310,-35961,-6.966202459799195,88.20815116006516,95.17435361986436,60872,24911,35961,6.966202459799195,11.791848839934834,4.825646380135639,3725.10009765625,2025-09-22,2025-09-22,3775.10009765625,0.01342245810561149,2025-09-23,2025-09-23,3815.699951171875,0.024321454763760242,2025-09-24,2025-09-24,3768.10009765625,0.011543313970825864,2025-09-25,2025-09-25,3771.10009765625,0.012348661457162402,2025-09-26,2025-09-26,3809.0,0.022522858485477526,0.01342245810561149,0.010754642914192258,-0.012474737040318429,0.0007961571938777112,0.010050091846489195,0.00897986847151322,0.01165068357320509,0.24840880275898058,4670.0,-0.4458959316991482,-0.6943047344581306,-4.931559999374471,-28996.0,0.5929961232761567,5.524556122650623,-4.683151196615482,-24326.0,-0.21667101310139003,4.466480183514108,4.683151196615482,24326.0,0.2166710131013776,-4.466480183514104,0.024321454763760242,0.03975728158521319,0.07497779854646835,0.11766121532231266,0.1630022525873296,0.3444471461219385,,100.0,100 troy oz,372510.009765625,121728075971.1914,22487684269.53125,99240391701.66016,1739621745.6054688,20048488725.585938,29006236930.41992,141642461093.26172,-112636224162.8418,-10801300243.164062,-19521759571.777344,169622060436.76758,183017892897.94922,-13395832461.18164,-9061678497.558594,526729153.80859375,22675429314.453125,9279596853.271484,13395832461.18164,9061678497.558594,-526729153.80859375
2025-09-23,GOLD - COMMODITY EXCHANGE INC.,528789,332808,66059,266749,50.44526266620524,62.93776912908552,12.492506462880279,55327,10.46296348827226,82971,381374,-298403,-56.4313932400258,15.690757561144425,72.12215080117022,471106,502760,-31654,-5.98613057382056,89.0914901785022,95.07762075232276,57683,26029,31654,5.98613057382056,10.9085098214978,4.92237924767724,3815.699951171875,2025-09-29,2025-09-29,3855.199951171875,0.010351967006176466,2025-09-30,2025-09-30,3873.199951171875,0.015069319059623831,2025-10-01,2025-10-01,3897.5,0.021437757128414336,2025-10-02,2025-10-02,3868.10009765625,0.01373277436772291,2025-10-03,2025-10-03,3908.89990234375,0.024425387835658174,0.010351967006176466,0.0046690185276974105,0.0062738947470999396,-0.007543271929121187,0.010547763412901645,0.013929225942107548,0.024321454763760242,-1.1624789793302952,339.0,-0.36418875329431444,0.7982902260359808,2.142550865308934,3968.0,0.6067140991388111,-1.5358367661701209,0.980071885978635,4307.0,0.8833390184370415,-0.09673286754160415,-0.980071885978635,-4307.0,-0.8833390184370344,0.0967328675416006,0.015069319059623831,0.04945356123033773,0.09112350436912364,0.0768928768611028,0.18083189269866784,0.15365465218198326,,100.0,100 troy oz,381569.9951171875,126989546934.96094,25206132307.44629,101783414627.51465,129352228.34472656,20008767403.95508,31659244064.868164,145520875317.82227,-113861631252.9541,1514069740.625,-18100917428.36914,179759914119.67773,191838130745.1172,-12078216625.439453,1643421968.9697266,1907849975.5859375,22010102028.344727,9931885402.905273,12078216625.439453,-1643421968.9697266,-1907849975.5859375
2025-09-30,GOLD - COMMODITY EXCHANGE INC.,493748,318804,65896,252908,51.2220808995682,64.56816027609226,13.346079376524056,48548,9.832546157148991,68872,357108,-288236,-58.37714785680145,13.948815995204031,72.32596385200549,436224,471552,-35328,-7.155066957233244,88.34952242844528,95.50458938567853,57524,22196,35328,7.155066957233244,11.65047757155472,4.495410614321476,3873.199951171875,2025-10-06,2025-10-06,3976.300048828125,0.02661884203139464,2025-10-07,2025-10-07,4004.39990234375,0.03387378726269463,2025-10-08,2025-10-08,4070.5,0.05093980463581027,2025-10-09,2025-10-09,3972.60009765625,0.025663572172229365,2025-10-10,2025-10-10,4000.39990234375,0.03284104946179944,0.02661884203139464,0.0070668342857844735,0.016506867263072822,-0.024051075382324094,0.006997886523715691,0.0060608739832719305,0.015069319059623831,0.7768182333629596,-13841.0,1.6303911470067405,0.8535729136437773,-1.9457546167756519,10167.0,-1.7419415659403938,0.20381305083526513,-1.1689363834126842,-3674.0,-0.7419677500569151,0.42696863335577007,1.1689363834126842,3674.0,0.7419677500569204,-0.42696863335576385,0.03387378726269463,0.07492511484827213,0.06090574962777251,0.02837450889957882,0.13247440358982288,0.19993807607326675,,100.0,100 troy oz,387319.9951171875,123479163723.33984,25522838398.242188,97956325325.09766,-5360896052.416992,1308366943.5058594,26675502703.710938,138315068816.3086,-111639566112.59766,3937882390.3564453,-5553394089.990234,168958277550.0,182641518337.5,-13683240787.5,-1423013662.0605469,-4245027146.484375,22280195399.121094,8596954611.621094,13683240787.5,1423013662.0605469,4245027146.484375
2025-10-07,GOLD - COMMODITY EXCHANGE INC.,485559,300798,68842,231956,47.770919702857945,61.94880539749031,14.177885694632373,50588,10.418507328666546,77599,341371,-263772,-54.32336750013902,15.981374045172677,70.30474154531169,428985,460801,-31816,-6.552447797281072,88.34868677132954,94.90113456861062,56574,24758,31816,6.552447797281072,11.65131322867046,5.098865431389388,4004.39990234375,2025-10-13,2025-10-13,4133.0,0.03211469902918074,2025-10-14,2025-10-14,4163.39990234375,0.03970632401297847,2025-10-15,2025-10-15,4201.60009765625,0.04924587956289783,2025-10-16,2025-10-16,4304.60009765625,0.07496758631344358,2025-10-17,2025-10-17,4213.2998046875,0.052167592507801785,0.03211469902918074,0.0073554082612508065,0.009175240478579871,0.024514470108056186,-0.021209936091034498,0.019428938951729924,0.03387378726269463,-3.4511611967102525,-20952.0,-2.6193548786019463,0.8318063181083168,4.053780356662429,24464.0,2.032558049968646,-2.021222306693801,0.6026191599521722,3512.0,-0.0008356571157435155,-0.603454817067913,-0.6026191599521722,-3512.0,0.0008356571157399628,0.6034548170679122,0.03970632401297847,0.026146288549058205,-0.005319100291415246,-0.010962916645277043,0.12278998284479803,0.1698882003694422,,100.0,100 troy oz,400439.990234375,120451548182.51953,27567089807.714844,92884458374.80469,-8390018675.390625,-11926704669.140625,31073742802.197266,136698599906.29883,-105624857104.10156,9796363921.09375,3845425226.220703,171782749210.69336,184523147939.99023,-12740398729.296875,1406345245.703125,-8081279442.919922,22654492007.51953,9914093278.222656,12740398729.296875,-1406345245.703125,8081279442.919922
2025-10-14,GOLD - COMMODITY EXCHANGE INC.,485788,278405,74489,203916,41.976335356163595,57.309978838505685,15.33364348234209,56097,11.547629830296344,92027,328894,-236867,-48.75933534792955,18.94386028473326,67.70319563266281,426529,459480,-32951,-6.782999991765956,87.80146895353529,94.58446894530125,59259,26308,32951,6.782999991765956,12.198531046464712,5.415531054698757,4163.39990234375,2025-10-20,2025-10-20,4359.39990234375,0.04707690940033493,2025-10-21,2025-10-21,4109.10009765625,-0.013042178498618995,2025-10-22,2025-10-22,4065.39990234375,-0.023538454700167466,2025-10-23,2025-10-23,4145.60009765625,-0.004275305064372903,2025-10-24,2025-10-24,4137.7998046875,-0.0061488442755255335,0.04707690940033493,-0.0574161146704919,-0.01063497950254988,0.0197275046093901,-0.001881583554853683,-0.05083270693682196,0.03970632401297847,-5.79458434669435,-28040.0,-4.638826558984626,1.1557577877097174,5.564032152209471,26905.0,2.9624862395605813,-2.6015459126488736,-0.23055219448488362,-1135.0,-0.5472178177942482,-0.3166656233093619,0.23055219448488362,1135.0,0.5472178177942517,0.316665623309369,-0.013042178498618995,-0.04330590597026285,-0.04873418530598739,-0.00994377271336444,0.10465009500221845,0.16493736163223915,,100.0,100 troy oz,416339.990234375,115911134981.20117,31012749532.56836,84898385448.63281,-11674173326.171875,-26018751349.70703,38314520281.29883,136931724748.14453,-98617204466.8457,11201627437.25586,27271934720.3125,177581079694.67773,191299898712.89062,-13718819018.21289,-472545888.9160156,1253183370.6054688,24671891481.29883,10953072463.085938,13718819018.21289,472545888.9160156,-1253183370.6054688
2025-10-21,GOLD - COMMODITY EXCHANGE INC.,472421,253851,77242,176609,37.3838165534555,53.73406347304629,16.350246919590788,54802,11.600246390401782,107847,317964,-210117,-44.476642655597445,22.828578746499414,67.30522140209686,416500,450008,-33508,-7.092826102141945,88.16288860994749,95.25571471208943,55921,22413,33508,7.092826102141945,11.837111390052517,4.7442852879105715,4109.10009765625,2025-10-27,2025-10-27,4019.699951171875,-0.021756624165803817,2025-10-28,2025-10-28,3983.10009765625,-0.03066364824548029,2025-10-29,2025-10-29,4000.699951171875,-0.026380507631392214,2025-10-30,2025-10-30,4015.89990234375,-0.022681412741845763,2025-10-31,2025-10-31,3996.5,-0.027402617356650616,-0.021756624165803817,-0.009105120770259267,0.004418631991192301,0.0037993229578294763,-0.004830773379692066,-0.005771562916060846,-0.013042178498618995,-4.592518802708092,-27307.0,-3.5759153654593945,1.0166034372486976,4.282692692332105,26750.0,3.8847184617661554,-0.39797423056594994,-0.3098261103759894,-557.0,0.3614196564121954,0.671245766788175,0.3098261103759894,557.0,-0.3614196564121954,-0.6712457667881857,-0.03066364824548029,-0.03616365971250213,0.0031393497449982988,-0.010367257220272652,0.15981594301044622,0.148572676617982,,100.0,100 troy oz,410910.009765625,104309916889.01367,31739510974.316406,72570405914.69727,-11220719636.669922,-37039428280.27344,44315411823.19336,130654590345.11719,-86339178521.92383,10991842761.230469,36277601122.16797,171144019067.3828,184912791674.60938,-13768772607.226562,-228876875.43945312,-761827158.1054688,22978498656.103516,9209726048.876953,13768772607.226562,228876875.43945312,761827158.1054688
2025-10-28,GOLD - COMMODITY EXCHANGE INC.,457122,266308,61644,204664,44.77229273585607,58.257532999943116,13.485240264087048,48419,10.592139516365433,89653,326680,-237027,-51.85202199850368,19.612488569790997,71.46451056829468,404380,436743,-32363,-7.079729262647608,88.46216108609956,95.54189034874716,52742,20379,32363,7.079729262647608,11.537838913900448,4.458109651252838,3983.10009765625,2025-11-03,2025-11-03,4014.0,0.007757751898309628,2025-11-04,2025-11-04,3960.5,-0.005673996912492485,2025-11-05,2025-11-05,3992.89990234375,0.0024603460739704985,2025-11-06,2025-11-06,3991.0,0.0019833552132919596,2025-11-07,2025-11-07,4009.800048828125,0.0067033091103048115,0.007757751898309628,-0.013328350772296993,0.00818076059683115,-0.0004758201783707783,0.004710611081965688,-0.0010463256531826337,-0.03066364824548029,7.3884761824005665,28055.0,4.523469526896825,-2.8650066555037395,-7.3753793429062355,-26910.0,-3.2160901767084162,4.159289166197823,0.013096839494337154,1145.0,0.2992724761520691,0.28617563665773105,-0.013096839494337154,-1145.0,-0.2992724761520691,-0.2861756366577337,-0.005673996912492485,0.034872310245349425,0.02093843998367606,0.03939140330318924,0.2760412676163906,0.15698822257955336,,100.0,100 troy oz,398310.009765625,106073142080.66406,24553422241.992188,81519719838.67188,11174587323.97461,-19216068111.132812,35709687305.51758,130119913990.23438,-94410226684.7168,-10718522362.792969,20397057290.08789,161068601749.02344,173959108595.06836,-12890506846.044922,456064961.1816406,1180989178.9550781,21007666535.058594,8117159689.013672,12890506846.044922,-456064961.1816406,-1180989178.9550781
2025-11-04,GOLD - COMMODITY EXCHANGE INC.,450399,256572,54265,202307,44.917284452230135,56.965490598336146,12.048206146106008,51811,11.503355913312419,88355,324897,-236542,-52.518322642812265,19.61705065952633,72.13537330233859,396738,430973,-34235,-7.601038190582128,88.08589717117489,95.68693536175702,53661,19426,34235,7.601038190582128,11.914102828825108,4.31306463824298,3960.5,2025-11-10,2025-11-10,4122.0,0.04077767958591094,2025-11-11,2025-11-11,4116.2998046875,0.03933841805011995,2025-11-12,2025-11-12,4213.60009765625,0.06390609712315354,2025-11-13,2025-11-13,4194.5,0.05908344905946228,2025-11-14,2025-11-14,4094.199951171875,0.03375835151417128,0.04077767958591094,-0.001382871254852036,0.023637805209899332,-0.004532964024486885,-0.02391227770368931,-0.0067443107297732174,-0.005673996912492485,0.14499171637406505,-2357.0,-1.2920424016069703,-1.4370341179810406,-0.6663006443085848,485.0,0.004562089735333785,0.670862734043908,-0.5213089279345198,-1872.0,-0.3762639149246638,0.14504501300986306,0.5213089279345198,1872.0,0.37626391492466027,-0.14504501300985773,0.04077767958591094,0.02676429743719222,0.04532256028279247,0.06572397542923869,0.24605479106173456,0.153515970205782,,100.0,100 troy oz,396050.0,101615340600.0,21491653250.0,80123687350.0,-933489850.0,-11742486450.0,34992997750.0,128675456850.0,-93682459100.0,192084250.0,10784441500.0,157128084900.0,170686856650.0,-13558771750.0,-741405600.0,-958044950.0,21252439050.0,7693667300.0,13558771750.0,741405600.0,958044950.0
2025-11-10,GOLD - COMMODITY EXCHANGE INC.,459997,265916,58847,207069,45.0152935780016,57.80820309697672,12.792909518975124,50263,10.926810392241688,87076,331899,-244823,-53.22273840916354,18.929688671882644,72.15242708104618,403255,441009,-37754,-8.207444831161942,87.66470216110105,95.872146992263,56742,18988,37754,8.207444831161942,12.33529783889895,4.127853007737007,4122.0,2025-11-17,2025-11-17,4074.5,-0.011523532265890313,2025-11-18,2025-11-18,4066.5,-0.013464337700145546,2025-11-19,2025-11-19,4082.800048828125,-0.00950993478211426,2025-11-20,2025-11-20,4060.0,-0.01504124211547797,2025-11-21,2025-11-21,4079.5,-0.010310528869480806,-0.011523532265890313,-0.0019634310958399626,0.0040083730058095846,-0.005584414753465383,0.004802955665024644,0.0012271444348999072,0.04077767958591094,0.09800912577146192,4762.0,0.842712498640573,0.7447033728691164,-0.7044157663512749,-8281.0,-0.687361987643687,0.017053778707591505,-0.6064066405798139,-3519.0,-0.42119501007384486,0.18521163050597522,0.6064066405798139,3519.0,0.4211950100738413,-0.18521163050597345,-0.013464337700145546,0.004366812227074135,0.023968899730106852,0.027705044956938485,0.22052401746724892,0.13699665097343527,,100.0,100 troy oz,412200.0,109610575200.0,24256733400.0,85353841800.0,1962896400.0,1299666600.0,35892727200.0,136808767800.0,-100916040600.0,-3413428200.0,-3279463200.0,166221711000.0,181783909800.0,-15562198800.0,-1450531800.0,-1979796600.0,23389052400.0,7826853600.0,15562198800.0,1450531800.0,1979796600.0
2025-11-18,GOLD - COMMODITY EXCHANGE INC.,471953,269556,59217,210339,44.56778535150746,57.11500933355652,12.547223982049061,51157,10.83942680733039,97001,342586,-245585,-52.03590188006009,20.55310592368308,72.58900780374317,417714,452960,-35246,-7.468116528552632,88.50754206456999,95.97565859312262,54239,18993,35246,7.468116528552632,11.49245793543001,4.0243414068773795,4066.5,2025-11-24,2025-11-24,4094.199951171875,0.006811742572697677,2025-11-25,2025-11-25,4140.0,0.018074511250461,2025-11-26,2025-11-26,4165.2001953125,0.02427153456596587,2025-11-27,2025-11-28,4254.89990234375,0.04632974359861053,2025-11-28,2025-11-28,4254.89990234375,0.04632974359861053,0.006811742572697677,0.011186568651835316,0.006087003698671545,0.02153550917725333,0.0,0.039250635799035205,-0.013464337700145546,-0.44750822649413635,3270.0,-0.6931937634201972,-0.24568553692606265,1.1868365291034522,-762.0,1.6234172518004364,0.4365807226969878,0.7393283026093096,2508.0,0.842839903468942,0.10351160085961908,-0.7393283026093096,-2508.0,-0.8428399034689384,-0.10351160085962707,0.018074511250461,0.03794413001045127,0.04173126652219361,0.06536328653325962,0.20641827181698025,0.10935698888786427,,100.0,100 troy oz,406650.0,109614947400.0,24080593050.0,85534354350.0,1329745500.0,13716304500.0,39445456650.0,139312596900.0,-99867140250.0,-309867300.0,-14423062200.0,169863398100.0,184196184000.0,-14332785900.0,1019878200.0,-706757700.0,22056289350.0,7723503450.0,14332785900.0,-1019878200.0,706757700.0
2025-11-25,GOLD - COMMODITY EXCHANGE INC.,432946,253266,48678,204588,47.25485395407279,58.498288470155636,11.243434516082838,43250,9.98969848433754,82657,324060,-241403,-55.75822388935341,19.091757401615904,74.84998129096931,379173,415988,-36815,-8.503369935280611,87.57974435610907,96.08311429138969,53773,16958,36815,8.503369935280611,12.420255643890924,3.916885708610312,4140.0,2025-12-01,2025-12-01,4274.7998046875,0.03256033929649749,2025-12-02,2025-12-02,4220.7998046875,0.019516861035627997,2025-12-03,2025-12-03,4232.5,0.022342995169082114,2025-12-04,2025-12-04,4243.0,0.024879227053140163,2025-12-05,2025-12-05,4243.0,0.024879227053140163,0.03256033929649749,-0.012632170503233064,0.002772032755381071,0.0024808033077377,0.0,-0.007438899162629853,0.018074511250461,2.6870686025653328,-5751.0,1.3832791365991142,-1.303789465966224,-3.722322009293322,4182.0,-1.4613485220671762,2.2609734872261384,-1.0352534067279793,-1569.0,-0.9277977084609148,0.10745569826707424,1.0352534067279793,1569.0,0.927797708460913,-0.10745569826706758,0.019516861035627997,0.023236762152777812,0.04644922818538655,0.08833338051026574,0.25031396248490334,0.08751203011775366,,100.0,100 troy oz,414000.0,104852124000.0,20152692000.0,84699432000.0,-2380914000.0,-31464000.0,34219998000.0,134160840000.0,-99940842000.0,1731348000.0,-1811664000.0,156977622000.0,172219032000.0,-15241410000.0,-649566000.0,-1843128000.0,22262022000.0,7020612000.0,15241410000.0,649566000.0,1843128000.0
2025-12-02,GOLD - COMMODITY EXCHANGE INC.,418490,261331,43771,217560,51.986905302396714,62.4461755358551,10.459270233458385,41200,9.844918636048652,60147,315495,-255348,-61.01651174460561,14.372386436951897,75.38889818155751,362678,400466,-37788,-9.029606442208895,86.66348060885565,95.69308705106454,55812,18024,37788,9.029606442208895,13.336519391144353,4.306912948935458,4220.7998046875,2025-12-08,2025-12-08,4217.7001953125,-0.0007343654090292695,2025-12-09,2025-12-09,4236.2001953125,0.0036486901387497994,2025-12-10,2025-12-10,4224.7001953125,0.0009240880414818076,2025-12-11,2025-12-11,4313.0,0.021844247436257236,2025-12-12,2025-12-12,4328.2998046875,0.02546910656141832,-0.0007343654090292695,0.004386276677645462,-0.002714697009061351,0.020900845173693616,0.003547369507883147,0.02622272903558187,0.019516861035627997,4.732051348323921,12972.0,3.9478870656994616,-0.7841642826244524,-5.258287855252199,-13945.0,-4.719370964664007,0.5389168905881974,-0.5262365069282833,-973.0,-0.9162637472534243,-0.39002724032515346,0.5262365069282833,973.0,0.9162637472534296,0.3900272403251459,0.0036486901387497994,0.026416794247424713,0.06749914798342194,0.039210578008509245,0.21391689547139014,0.070863369858025,,100.0,100 troy oz,422079.98046875,110302583375.8789,18474862825.097656,91827720550.78125,5475221506.640625,6437985942.089844,25386844585.253906,133164123437.98828,-107777278852.73438,-5885905327.636719,-7937636112.6953125,153079123156.4453,169028681458.39844,-15949558301.953125,-410683820.99609375,-1499650170.6054688,23557127869.921875,7607569567.96875,15949558301.953125,410683820.99609375,1499650170.6054688
2025-12-09,GOLD - COMMODITY EXCHANGE INC.,432569,268485,44599,223886,51.75729190025176,62.0675545404317,10.310262640179948,44892,10.377997498664952,63707,326286,-262579,-60.70222322912645,14.727592592164488,75.42981582129093,377084,415777,-38693,-8.9449313288747,87.17314463126114,96.11807596013584,55485,16792,38693,8.9449313288747,12.82685536873886,3.8819240398641606,4236.2001953125,2025-12-15,2025-12-15,4335.2001953125,0.02337000033887615,2025-12-16,2025-12-16,4332.2998046875,0.022685332360198096,2025-12-17,2025-12-17,4373.89990234375,0.03250547676750948,2025-12-18,2025-12-18,4364.5,0.03028653009115767,2025-12-19,2025-12-19,4387.2998046875,0.03566866588179596,0.02337000033887615,-0.0006690326846119365,0.009602312751125552,-0.0021490894976158303,0.0052239213397868856,0.012017809334695428,0.0036486901387497994,-0.22961340214495607,6326.0,-0.3786209954233968,-0.14900759327843716,0.3142885154791557,-7231.0,0.35520615521259025,0.040917639733422106,0.08467511333419431,-905.0,0.509664022405488,0.4249889090713026,-0.08467511333419431,905.0,-0.5096640224054934,-0.42498890907129727,0.022685332360198096,0.06361833425582941,0.03543260527231218,0.06135212935199297,0.23745334402675589,0.011850173437694789,,100.0,100 troy oz,423620.01953125,113735620943.84766,18893029251.07422,94842591692.77344,2679820243.5546875,7124017868.457031,26987560584.277344,138221281692.77344,-111233721108.4961,-3063196361.2304688,-7521797066.796875,159740331444.92188,176131460860.64453,-16391129415.722656,-383376117.67578125,-397779198.33984375,23504556783.691406,7113427367.96875,16391129415.722656,383376117.67578125,397779198.33984375
2025-12-16,GOLD - COMMODITY EXCHANGE INC.,471093,280920,46942,233978,49.667050879550324,59.6315377218511,9.964486842300776,56723,12.040722320221272,74655,349013,-274358,-58.238606814365745,15.84718940846075,74.08579622282649,412298,452678,-40380,-8.571555934815418,87.51944945053313,96.09100538534854,58795,18415,40380,8.571555934815418,12.480550549466878,3.9089946146514594,4332.2998046875,2025-12-22,2025-12-22,4469.39990234375,0.03164603186231685,2025-12-23,2025-12-23,4505.7001953125,0.04002502099171035,2025-12-24,2025-12-24,4502.7998046875,0.039355540402702616,2025-12-25,2025-12-26,4552.7001953125,0.05087376233439089,2025-12-26,2025-12-26,4552.7001953125,0.05087376233439089,0.03164603186231685,0.008121961283821255,-0.0006437158486526373,0.011082080658583404,0.0,0.018637914437924286,0.022685332360198096,-2.090241020701434,10092.0,-2.4360168185805975,-0.34577579787917223,2.4636164147607076,-11779.0,1.1195968162962622,-1.3440195984644419,0.37337539405928233,-1687.0,0.3463048192719924,-0.02707057478730235,-0.37337539405928233,1687.0,-0.34630481927198176,0.027070574787298796,0.04002502099171035,0.01246451132988824,0.037809085324962854,0.06158398656530539,0.1560142236448372,0.005101239215332676,,100.0,100 troy oz,433229.98046875,121702966113.28125,20336681743.164062,101366284370.11719,4372156962.890625,10241123508.300781,32342784191.89453,151202895173.33984,-118860110981.44531,-5103015939.941406,-12465326228.027344,178619854487.3047,196113681098.6328,-17493826611.328125,-730858977.0507812,-2224202719.7265625,25471756701.660156,7977930090.332031,17493826611.328125,730858977.0507812,2224202719.7265625
2025-12-23,GOLD - COMMODITY EXCHANGE INC.,492103,290161,49461,240700,48.91252441054007,58.96346902985757,10.0509446193175,63839,12.972690676545357,75835,359361,-283526,-57.615174059089256,15.410391726935217,73.02556578602447,429835,472661,-42826,-8.702649648549187,87.34655143333813,96.04920108188733,62268,19442,42826,8.702649648549187,12.653448566661856,3.950798918112672,4505.7001953125,2025-12-29,2025-12-29,4343.60009765625,-0.03597667191103626,2025-12-30,2025-12-30,4386.2998046875,-0.026499852508877098,2025-12-31,2025-12-31,4341.10009765625,-0.036531524629066836,2026-01-01,2026-01-02,4329.60009765625,-0.03908384713200752,2026-01-02,2026-01-02,4329.60009765625,-0.03908384713200752,-0.03597667191103626,0.009830487630362317,-0.010304746379384833,-0.002649098095252156,0.0,-0.0032231328126993697,0.04002502099171035,-0.7545264690102513,6722.0,-0.6680686919935326,0.08645777701672408,0.6234327552764896,-9168.0,-0.4367976815255332,-1.0602304368020157,-0.13109371373376888,-2446.0,-0.17289801719499565,-0.04180430346120545,0.13109371373376888,2446.0,0.17289801719497788,0.041804303461212555,-0.026499852508877098,-0.0021306561111716915,0.020729275871687713,0.05772679008816306,-0.023015334091776585,-0.07907767439551938,,100.0,100 troy oz,450570.01953125,130737847437.20703,22285643736.035156,108452203701.17188,3028731671.2890625,16270984545.3125,34168977431.152344,161917292788.76953,-127748315357.61719,-4130825939.0625,-18979360932.714844,193670764345.21484,212966876001.66016,-19296111656.445312,-1102094267.7734375,-2708376387.4023438,28056093976.171875,8759982319.726562,19296111656.445312,1102094267.7734375,2708376387.4023438
2025-12-30,GOLD - COMMODITY EXCHANGE INC.,481866,275592,44419,231173,47.97454063992894,57.19266352056381,9.218122880634866,63803,13.240817986743203,82254,357500,-275246,-57.1208593260367,17.06989079951688,74.19075012555358,421649,465722,-44073,-9.146318686107756,87.50337230682389,96.64969099293165,60217,16144,44073,9.146318686107756,12.496627693176112,3.350309007068355,4386.2998046875,2026-01-05,2026-01-05,4451.5,0.014864509544656013,2026-01-06,2026-01-06,4496.10009765625,0.02503255542437155,2026-01-07,2026-01-07,4462.5,0.01737231805976136,2026-01-08,2026-01-08,4460.7001953125,0.016961993921503105,2026-01-09,2026-01-09,4500.89990234375,0.026126827339476577,0.014864509544656013,0.01001911662501409,-0.0074731649488331,-0.00040331757703082616,0.009011972396955503,0.011097360966809022,-0.026499852508877098,-0.9379837706111331,-9527.0,-1.7708055092937585,-0.8328217386826342,0.4943147330525548,8280.0,1.6594990725816636,1.1651843395291053,-0.44366903755856946,-1247.0,0.15682087348575635,0.6004899110443205,0.44366903755856946,1247.0,-0.15682087348574392,-0.6004899110443169,0.02503255542437155,0.04851476242944841,0.0865193937711326,0.15874434579794028,0.05957191815513996,-0.07929230106793372,,100.0,100 troy oz,438629.98046875,120882913577.34375,19483505102.441406,101399408474.90234,-4178827823.9257812,5971069924.121094,36079070413.47656,156810218017.57812,-120731147604.10156,3631856238.28125,-8727859351.367188,184947892634.66797,204279631763.8672,-19331739129.19922,-546971585.6445312,-2756789427.2460938,26412981533.88672,7081242404.6875,19331739129.19922,546971585.6445312,2756789427.2460938
2026-01-06,GOLD - COMMODITY EXCHANGE INC.,488116,274435,46803,227632,46.63481631415483,56.2233157692024,9.58849945504757,73345,15.026141327061602,80218,352253,-272035,-55.73162936678986,16.434208261970515,72.16583762876037,427998,472401,-44403,-9.09681305263503,87.68366535823452,96.78047841086955,60118,15715,44403,9.09681305263503,12.316334641765483,3.219521589130453,4496.10009765625,2026-01-12,2026-01-12,4614.7001953125,0.026378437997426785,2026-01-13,2026-01-13,4599.10009765625,0.022908742635354695,2026-01-14,2026-01-14,4635.7001953125,0.031049152515314704,2026-01-15,2026-01-15,4623.7001953125,0.02838017279080729,2026-01-16,2026-01-16,4595.39990234375,0.022085763779873036,0.026378437997426785,-0.00338052245996312,0.007958099819332487,-0.002588605710984959,-0.006120702418690671,-0.004182350348210018,0.02503255542437155,-1.3397243257741067,-3541.0,-0.9693477513614113,0.37037657441270433,1.3892299592468405,3211.0,-0.6356825375463657,-2.024912496793206,0.04950563347272663,-330.0,0.18029305141062935,0.1307874179378956,-0.04950563347272663,330.0,-0.18029305141062935,-0.13078741793790183,0.022908742635354695,0.059985254147664646,0.1304463840352963,0.09761791170364331,0.04194748639038637,-0.07533199616464481,,100.0,100 troy oz,449610.009765625,123388723030.0293,21043097287.060547,102345625742.96875,-1592069044.5800781,1684239096.5820312,36066815763.37891,158376474769.9707,-122309659006.5918,1443697741.3574219,-4251512252.34375,192432184959.66797,212396218223.29102,-19964033263.623047,-148371303.22265625,-2567273155.7617188,27029654567.089844,7065621303.466797,19964033263.623047,148371303.22265625,2567273155.7617188
2026-01-13,GOLD - COMMODITY EXCHANGE INC.,527455,296183,44945,251238,47.632120275663326,56.15322634158364,8.521106065920316,81670,15.483785346617246,83382,380488,-297106,-56.3282175730631,15.808362798722166,72.13658037178527,461235,507103,-45868,-8.696097297399778,87.44537448692306,96.14147178432283,66220,20352,45868,8.696097297399778,12.554625513076944,3.858528215677167,4599.10009765625,2026-01-19,2026-01-20,4765.7998046875,0.03624615761596539,2026-01-20,2026-01-20,4765.7998046875,0.03624615761596539,2026-01-21,2026-01-21,4837.5,0.05183620649292697,2026-01-22,2026-01-22,4913.39990234375,0.06833941380133712,2026-01-23,2026-01-23,4979.7001953125,0.08275534116994065,0.03624615761596539,0.0,0.015044735039432044,0.01568990229328171,0.013493770970509411,0.04488237009339202,0.022908742635354695,0.9973039615084929,23606.0,-0.07008942761876114,-1.067393389127254,-0.596588206273239,-25071.0,-0.6258454632483481,-0.029257256975100177,0.40071575523525205,-1465.0,-0.2382908713114631,-0.6390066265467169,-0.40071575523525205,1465.0,0.23829087131146132,0.6390066265467138,0.03624615761596539,0.10512926218900875,0.07303600600363724,0.09390965475264412,0.05457589412500763,-0.11510950734778813,,100.0,100 troy oz,459910.009765625,136217526422.41211,20670655388.916016,115546871033.4961,10856635690.527344,7938046768.5546875,38348216434.27734,174990239795.70312,-136642023361.42578,-11530403854.833984,-10462032902.148438,212126593354.24805,233221745682.17773,-21095152327.929688,-673768164.3066406,-2523986133.59375,30455240846.679688,9360088518.75,21095152327.929688,673768164.3066406,2523986133.59375
2026-01-20,GOLD - COMMODITY EXCHANGE INC.,528004,295772,51002,244770,46.357603351489765,56.0169998712131,9.659396519723336,84227,15.95196248513269,85869,375558,-289689,-54.86492526571768,16.262944977689564,71.12787024340724,465868,510787,-44919,-8.507321914227923,88.23190733403536,96.73922924826327,62136,17217,44919,8.507321914227923,11.768092665964652,3.2607707517367293,4765.7998046875,2026-01-26,2026-01-26,5082.5,0.06645268544452976,2026-01-27,2026-01-27,5082.60009765625,0.0664736887724815,2026-01-28,2026-01-28,5303.60009765625,0.11284575832156984,2026-01-29,2026-01-29,5318.39990234375,0.11595117720067227,2026-01-30,2026-01-30,4745.10009765625,-0.0043433857651532515,0.06645268544452976,1.9694570831285674e-05,0.04348168176794198,0.0027905204794833605,-0.10779554287274529,-0.06638463400762418,0.03624615761596539,-1.274516924173561,-6468.0,-0.1362264703705378,1.1382904538030196,1.4632923073454194,7417.0,0.4545821789673976,-1.008710128378027,0.18877538317185483,949.0,0.7865328471122979,0.5977574639404395,-0.18877538317185483,-949.0,-0.7865328471122925,-0.5977574639404377,0.0664736887724815,0.03550300101697079,0.05564652444100915,0.02939697498800764,-0.009694009174663454,-0.1446556570978237,,100.0,100 troy oz,476579.98046875,140959013983.20312,24306532163.867188,116652481819.33594,-3082519313.671875,1939680520.5078125,40923446342.87109,178983424304.8828,-138059977962.01172,3534793715.1367188,-2937162419.6289062,222023362341.01562,243430858483.6914,-21407496142.67578,452274401.46484375,-997481899.1210938,29612773666.40625,8205277523.730469,21407496142.67578,-452274401.46484375,997481899.1210938
2026-01-27,GOLD - COMMODITY EXCHANGE INC.,488463,252100,46704,205396,42.049448985900675,51.61086919582445,9.561420209923781,77486,15.863228125774112,96200,344485,-248285,-50.82984791069129,19.694429260762842,70.52427717145413,425786,468675,-42889,-8.780398924790617,87.16852658236141,95.94892550715203,62677,19788,42889,8.780398924790617,12.831473417638591,4.051074492847974,5082.60009765625,2026-02-02,2026-02-02,4652.60009765625,-0.08460236724079218,2026-02-03,2026-02-03,4935.0,-0.029040273643467063,2026-02-04,2026-02-04,4950.7998046875,-0.025931666949270182,2026-02-05,2026-02-05,4889.5,-0.03799238459569043,2026-02-06,2026-02-06,4979.7998046875,-0.020225925902798148,-0.08460236724079218,0.06069722228781482,0.0032015814969605927,-0.012381798316599357,0.018468106081910296,0.0703262047378792,0.0664736887724815,-4.30815436558909,-39374.0,-4.406130675388653,-0.09797630979955407,4.035077355026388,41404.0,3.431484283073278,-0.6035930719531137,-0.2730770105626945,2030.0,-1.0633807516739466,-0.790303741111245,0.2730770105626945,-2030.0,1.0633807516739395,0.7903037411112446,-0.029040273643467063,-0.01015230328273209,-0.03476570887290187,0.018435388429331345,-0.09329874202205457,-0.2053870315246228,,100.0,100 troy oz,508260.009765625,128132348461.91406,23737775496.09375,104394572965.82031,-20012229624.51172,-13101418271.728516,48894612939.453125,175087949464.11133,-126193336524.6582,21043997444.335938,13703198123.291016,216409996518.0664,238208760076.9043,-21798763558.83789,1031767819.8242188,601779851.5625,31856212632.08008,10057449073.242188,21798763558.83789,-1031767819.8242188,-601779851.5625
2026-02-03,GOLD - COMMODITY EXCHANGE INC.,409694,214508,48904,165604,40.42138766982187,52.35810141227355,11.936713742451683,50612,12.353610255458952,87964,295742,-207778,-50.71541199041235,21.470658589093322,72.18607057950568,353084,395258,-42174,-10.29402432059049,86.18237025682582,96.47639457741631,56610,14436,42174,10.29402432059049,13.817629743174173,3.5236054225836844,4935.0,2026-02-09,2026-02-09,5079.39990234375,0.029260365216565276,2026-02-10,2026-02-10,5031.0,0.019452887537994012,2026-02-11,2026-02-11,5098.5,0.03313069908814592,2026-02-12,2026-02-12,4948.39990234375,0.0027152790970110807,2026-02-13,2026-02-13,5046.2998046875,0.022553151912360736,0.029260365216565276,-0.009528665447549711,0.013416815742397059,-0.02944005053569676,0.019784153317394804,-0.006516537050169413,-0.029040273643467063,-1.6280613160788064,-39792.0,0.747232216449099,2.375293532527902,0.11443592027894312,40507.0,1.77622932833048,1.661793408051551,-1.5136253957998722,715.0,-0.986156325535589,0.5274690702642886,1.5136253957998722,-715.0,0.9861563255355819,-0.5274690702642895,0.019452887537994012,-0.005896676323454919,0.048895603786727415,0.038237121643870386,-0.07426545086119551,-0.15854101364614992,,100.0,100 troy oz,493500.0,105859698000.0,24134124000.0,81725574000.0,-19637352000.0,-30610818000.0,43410234000.0,145948677000.0,-102538443000.0,19990204500.0,31710829500.0,174246954000.0,195059823000.0,-20812869000.0,352852500.0,1100011500.0,27937035000.0,7124166000.0,20812869000.0,-352852500.0,-1100011500.0
2026-02-10,GOLD - COMMODITY EXCHANGE INC.,404391,212808,52796,160012,39.56863530592916,52.62431656490871,13.05568125897955,49929,12.346713947639785,88738,286476,-197738,-48.897725221382274,21.94361397756132,70.8413391989436,351475,389201,-37726,-9.329089915453114,86.91464449010982,96.24373440556293,52916,15190,37726,9.329089915453114,13.085355509890181,3.756265594437067,5031.0,2026-02-16,2026-02-17,4905.89990234375,-0.0248658512534784,2026-02-17,2026-02-17,4905.89990234375,-0.0248658512534784,2026-02-18,2026-02-18,5009.5,-0.004273504273504258,2026-02-19,2026-02-19,4997.39990234375,-0.006678612136006734,2026-02-20,2026-02-20,5080.89990234375,0.009918485856440062,-0.0248658512534784,0.0,0.02111745035946533,-0.0024154302138437167,0.016708688844540687,0.03567133522565258,0.019452887537994012,-0.852752363892705,-5592.0,0.26621515263516216,1.1189675165278672,1.8176867690300753,10040.0,0.472955388467998,-1.3447313805620809,0.9649344051373756,4448.0,0.7322742332840022,-0.23266017185338228,-0.9649344051373756,-4448.0,-0.7322742332839915,0.23266017185338272,-0.0248658512534784,0.028880899361458878,0.018425799108030105,0.041959868347495544,-0.06843565984645195,-0.1172530117956172,,100.0,100 troy oz,503100.0,107063704800.0,26561667600.0,80502037200.0,-2813335200.0,-45895800600.0,44644087800.0,144126075600.0,-99481987800.0,5051124000.0,49992040800.0,176827072500.0,195807023100.0,-18979950600.0,2237788800.0,4096240200.0,26622039600.0,7642089000.0,18979950600.0,-2237788800.0,-4096240200.0
2026-02-17,GOLD - COMMODITY EXCHANGE INC.,407078,213432,53517,159915,39.283626233793036,52.430246783171775,13.146620549378744,53588,13.164061924250388,88237,285019,-196782,-48.34012154918713,21.67569851478095,70.01582006396808,355257,392124,-36867,-9.056495315394102,87.27000722220312,96.32650253759721,51821,14954,36867,9.056495315394102,12.729992777796884,3.6734974624027825,4905.89990234375,2026-02-23,2026-02-23,5225.60009765625,0.06516647336399295,2026-02-24,2026-02-24,5176.2998046875,0.055117288922786445,2026-02-25,2026-02-25,5226.2001953125,0.06528879499064577,2026-02-26,2026-02-26,5194.2001953125,0.058766036549383616,2026-02-27,2026-02-27,5247.89990234375,0.06971198084098962,0.06516647336399295,-0.00943437921911816,0.009640166239948345,-0.006122995446806945,0.01033839763814104,0.0042674150854944415,-0.0248658512534784,-0.2850090721361269,-97.0,-0.19406978173693545,0.09093929039919324,0.5576036721951425,956.0,-0.26791546278036904,-0.8255191349755222,0.27259460005901204,859.0,0.3553627320932975,0.0827681320342748,-0.27259460005901204,-859.0,-0.3553627320932975,-0.08276813203428457,0.055117288922786445,0.04439558435847779,0.06852977068526878,0.020852503109547227,-0.08045408893130612,-0.09892166867400864,,100.0,100 troy oz,490589.990234375,104707602795.70312,26254904507.373047,78452698288.33008,-47587229.052734375,-41629013621.33789,43288188968.31055,139827468426.61133,-96539279458.30078,469004030.6640625,45579244222.70508,174285528160.69336,192372109330.66406,-18086581169.970703,421416801.6113281,3950230601.3671875,25422863883.935547,7336282713.964844,18086581169.970703,-421416801.6113281,-3950230601.3671875
2026-02-24,GOLD - COMMODITY EXCHANGE INC.,420182,211649,52472,159177,37.8828698040373,50.37079170454708,12.487921900509779,54563,12.985563398717698,86198,287004,-200806,-47.79024327553299,20.514443741045547,68.30468701657853,352410,394039,-41629,-9.907373471495685,83.87079884431033,93.778172315806,67772,26143,41629,9.907373471495685,16.129201155689678,6.221827684193992,5176.2998046875,2026-03-02,2026-03-02,5311.60009765625,0.026138418962175614,2026-03-03,2026-03-03,5123.7001953125,-0.010161623429803535,2026-03-04,2026-03-04,5134.7001953125,-0.008036553318903294,2026-03-05,2026-03-05,5078.7001953125,-0.018855092065304446,2026-03-06,2026-03-06,5158.7001953125,-0.003400036713302912,0.026138418962175614,-0.03537538573859522,0.0021468859575475285,-0.0109061868989202,0.0157520619299083,-0.028786034251941706,0.055117288922786445,-1.400756429755738,-738.0,-2.059455078624694,-0.658698648868965,0.5498782736541443,-4024.0,-1.1612547737354042,-1.711133047389552,-0.850878156101583,-4762.0,-3.3992083778927906,-2.548330221791204,0.850878156101583,4762.0,3.399208377892794,2.54833022179121,-0.010161623429803535,0.012711839625124455,-0.03247485959425578,-0.14958557925611604,-0.13020884134061284,-0.09307803312536045,,100.0,100 troy oz,517629.98046875,109555867736.23047,27161080335.15625,82394787401.07422,-382010925.5859375,-23924340067.285156,44618669056.44531,148561874914.45312,-103943205858.00781,-2082943041.40625,24576553842.67578,182417981416.9922,203966399873.92578,-21548418456.933594,-2464953966.9921875,652213775.390625,35080819036.328125,13532400579.394531,21548418456.933594,2464953966.9921875,-652213775.390625
2026-03-03,GOLD - COMMODITY EXCHANGE INC.,409789,213752,53607,160145,39.079867932033316,52.16147822415926,13.081610292125948,56077,13.684359511846342,84834,285417,-200583,-48.947873173755276,20.701873403141615,69.64974657689689,354663,395101,-40438,-9.86800524172196,86.54771113914722,96.41571638086917,55126,14688,40438,9.86800524172196,13.452288860852779,3.584283619130821,5123.7001953125,2026-03-09,2026-03-09,5103.7001953125,-0.003903429013722759,2026-03-10,2026-03-10,5242.10009765625,0.02310828070152704,2026-03-11,2026-03-11,5179.10009765625,0.010812479308300205,2026-03-12,2026-03-12,5125.7998046875,0.00040978380759293387,2026-03-13,2026-03-13,5061.7001953125,-0.012100629942540686,-0.003903429013722759,0.027117561190381778,-0.012018084131618867,-0.010291419737739838,-0.012505289285075327,-0.008229323508966102,-0.010161623429803535,1.196998127996018,968.0,1.79068651961218,0.593688391616169,-1.1576298982222895,223.0,0.18742966209606848,1.3450595603183615,0.039368229773725005,1191.0,2.676912294836896,2.6375440650631674,-0.039368229773725005,-1191.0,-2.6769122948368995,-2.6375440650631714,0.02310828070152704,-0.02254230255424916,-0.1408552740796113,-0.0929211467313833,-0.11784457910342738,-0.14194825326316562,,100.0,100 troy oz,512370.01953125,109520116414.84375,27466619637.01172,82053496777.83203,495974178.90625,-2797027936.6210938,43466398236.91406,146239113864.55078,-102772715627.63672,114258514.35546875,3686502290.5273438,181718688237.01172,202437907086.8164,-20719218849.804688,610232693.2617188,889474353.90625,28244909696.679688,7525690846.875,20719218849.804688,-610232693.2617188,-889474353.90625
2026-03-10,GOLD - COMMODITY EXCHANGE INC.,413956,215445,52313,163132,39.40805302979061,52.04538646619448,12.63733343640387,59807,14.447670766941414,85280,288256,-202976,-49.033230584893076,20.601223318420313,69.6344539033134,360532,400376,-39844,-9.625177555102475,87.0942805515562,96.71945810665868,53424,13580,39844,9.625177555102475,12.905719448443795,3.2805418933413213,5242.10009765625,2026-03-16,2026-03-16,5002.2001953125,-0.04576408269102106,2026-03-17,2026-03-17,5008.2001953125,-0.04461950324991448,2026-03-18,2026-03-18,4896.2001953125,-0.06598498615057014,2026-03-19,2026-03-19,4605.7001953125,-0.1214017074241458,2026-03-20,2026-03-20,4574.89990234375,-0.12727727110949405,-0.04576408269102106,0.0011994721853840762,-0.022363323276259672,-0.05933172427837352,-0.006687428982046439,-0.08542246937041176,0.02310828070152704,0.32818509775729154,2987.0,-0.11609175796478155,-0.4442768557220784,-0.08535741113779949,-2393.0,-0.10065008472130188,-0.015292673583488181,0.24282768661948495,594.0,0.5465694124089708,0.3037417257895072,-0.24282768661948495,-594.0,-0.5465694124089833,-0.30374172578949965,-0.04461950324991448,-0.1602602167081586,-0.11340874628964104,-0.10633141144957614,-0.1823124659027009,-0.15320197682133485,,100.0,100 troy oz,524210.009765625,112938425553.95508,27422998240.86914,85515427313.08594,1565815299.1699219,1635535230.46875,44704629632.8125,151106680575.0,-106402050942.1875,-1254434553.3691406,-2745812031.1523438,188994483240.8203,209881106869.92188,-20886623629.101562,311380745.80078125,-1110276800.6835938,28005395561.71875,7118771932.6171875,20886623629.101562,-311380745.80078125,1110276800.6835938
2026-03-17,GOLD - COMMODITY EXCHANGE INC.,411388,215961,56092,159869,38.860880725738234,52.49569749239161,13.63481676665338,56330,13.692669693817027,86184,284832,-198648,-48.287261660524855,20.949565859966746,69.2368275204916,358475,397254,-38779,-9.426380934786625,87.13793304617539,96.56431398096201,52913,14134,38779,9.426380934786625,12.862066953824613,3.435686019037988,5008.2001953125,2026-03-23,2026-03-23,4407.2998046875,-0.11998330082479969,2026-03-24,2026-03-24,4402.0,-0.12104152623129605,2026-03-25,2026-03-25,4552.2998046875,-0.09103078408321352,2026-03-26,2026-03-26,4376.2998046875,-0.12617314923162148,2026-03-27,2026-03-27,4492.5,-0.10297116233396131,-0.11998330082479969,-0.0012025060518604525,0.03414352673500676,-0.03866177702504847,0.02655215604471084,0.019331608714679094,-0.04461950324991448,-0.5471723040523742,-3263.0,0.45031102619713437,0.9974833302495103,0.7459689243682206,4328.0,0.3483425415464332,-0.3976263828217981,0.19879662031585,1065.0,0.04365249461919518,-0.15514412569666547,-0.19879662031585,-1065.0,-0.04365249461918275,0.1551441256966668,-0.12104152623129605,-0.07200193354765627,-0.06459406321312489,-0.03156824637406186,-0.13054595812297687,,,100.0,100 troy oz,500820.01953125,108157592237.98828,28091996535.546875,80065595702.4414,-1634175723.7304688,-23037720.8984375,43162672563.28125,142649567803.125,-99486895239.84375,2167549044.53125,-934530156.4453125,179531456501.46484,198952756038.8672,-19421299537.402344,533373320.80078125,-957567877.34375,26499889693.45703,7078590156.0546875,19421299537.402344,-533373320.80078125,957567877.34375
2026-03-24,GOLD - COMMODITY EXCHANGE INC.,403925,220861,52534,168327,41.67283530358359,54.67871510800272,13.005879804419138,56794,14.060531039178064,76997,280825,-203828,-50.4618431639537,19.06220214148666,69.52404530544037,354652,390153,-35501,-8.789007860370118,87.80144828866744,96.59045614903758,49273,13772,35501,8.789007860370118,12.198551711332549,3.4095438509624314,4402.0,2026-03-30,2026-03-30,4526.0,0.028169014084507005,2026-03-31,2026-03-31,4647.60009765625,0.05579284362931625,2026-04-01,2026-04-01,4813.10009765625,0.09338939065339624,2026-04-02,2026-04-02,4679.7001953125,0.06308500575022724,2026-04-03,2026-04-06,4684.7001953125,0.06422085309234449,0.028169014084507005,0.026867012297006276,0.035609776341011035,-0.0277160041630361,0.0010684445138191556,0.03506411739118431,-0.12104152623129605,2.8119545778453556,8458.0,2.1830176156111065,-0.628936962234242,-2.174581503428847,-5180.0,-1.8873637184800849,0.2872177849487656,0.6373730744165069,3278.0,0.6635152424920534,0.02614216807556602,-0.6373730744165069,-3278.0,-0.6635152424920641,-0.026142168075556693,0.05579284362931625,0.06422085309234449,0.10179466098506351,0.07214904535580424,-0.05738302990828037,,,100.0,100 troy oz,440200.0,97223012200.0,23125466800.0,74097545400.0,3723211600.0,4027830000.0,33894079400.0,123619165000.0,-89725085600.0,-2280236000.0,-1330284400.0,156117810400.0,171745350600.0,-15627540200.0,1442975600.0,2697545600.0,21689974600.0,6062434400.0,15627540200.0,-1442975600.0,-2697545600.0
2026-03-31,GOLD - COMMODITY EXCHANGE INC.,361409,207602,44400,163202,45.15714882584551,57.44239905481048,12.285250228964967,44493,12.3109828476878,58697,260337,-201640,-55.792744508299464,16.24115614165668,72.03390064995614,310792,349230,-38438,-10.635595682453951,85.99453804415495,96.63013372660892,50617,12179,38438,10.635595682453951,14.005461955845039,3.369866273391089,4647.60009765625,2026-04-06,2026-04-06,4684.7001953125,0.007982635527303605,2026-04-07,2026-04-07,4684.7001953125,0.007982635527303605,2026-04-08,2026-04-08,4777.2001953125,0.027885380612158617,2026-04-09,2026-04-09,4818.0,0.03666406290629043,2026-04-10,2026-04-10,4787.39990234375,0.03007999865521982,0.007982635527303605,0.0,0.019745126933107704,0.008540526463080456,-0.006351203332555011,0.021922364879189304,0.05579284362931625,3.484313522261921,-5125.0,2.7636839468077596,-0.7206295754541703,-5.330901344345762,2188.0,-2.8210459998299804,2.5098553445157705,-1.8465878220838334,-2937.0,-1.806910244512494,0.039677577571339384,1.8465878220838334,2937.0,1.8069102445124905,-0.03967757757134249,0.007982635527303605,0.043570874374952995,0.015491866444427682,-0.008434502644121267,-0.1310569078358128,,,100.0,100 troy oz,464760.009765625,96485107547.36328,20635344433.59375,75849763113.76953,-2381895050.048828,1420771349.8535156,27280018293.21289,120994226662.35352,-93714208369.14062,1016894901.3671875,-491251330.3222656,144443692955.07812,162308138210.44922,-17864445255.371094,-1365000148.6816406,929520019.53125,23524757414.30664,5660312158.935547,17864445255.371094,1365000148.6816406,-929520019.53125
2026-04-07,GOLD - COMMODITY EXCHANGE INC.,354877,205368,49063,156305,44.044838070655466,57.87019164386534,13.825353573209872,42663,12.021911817333892,57729,251480,-193751,-54.596663069176074,16.267326425775693,70.86398949495177,305760,343206,-37446,-10.551824998520615,86.15942988697492,96.71125488549553,49117,11671,37446,10.551824998520615,13.840570113025077,3.288745114504462,4684.7001953125,2026-04-13,2026-04-13,4767.39990234375,0.017653148245003747,2026-04-14,2026-04-14,4850.10009765625,0.03530640071892943,2026-04-15,2026-04-15,4823.60009765625,0.029649688678633712,2026-04-16,2026-04-16,4808.2998046875,0.02638367541612885,2026-04-17,2026-04-17,4879.60009765625,0.04160349525435292,0.017653148245003747,0.017347022906939902,-0.005463804759989532,-0.0031719654737100145,0.014828587206488386,0.023534882244164113,0.007982635527303605,-1.1123107551900446,-6897.0,0.4277925890548602,1.5401033442449048,1.1960814391233896,7889.0,0.026170284119011455,-1.169911155004371,0.08377068393333609,992.0,0.16489184281996927,0.0811211588866172,-0.08377068393333609,-992.0,-0.16489184281996216,-0.08112115888662697,0.03530640071892943,0.007449762180869346,-0.01628712399677057,-0.024804190336186194,-0.11255795909765265,,,100.0,100 troy oz,468470.01953125,96208750971.09375,22984544568.26172,73224206402.83203,-3231037724.7070312,-3198244823.3398438,27044305757.51953,117810840511.71875,-90766534754.19922,3695759984.0820312,4321635930.175781,143239393171.875,160781721523.2422,-17542328351.367188,464722259.375,1123391106.8359375,23009841949.316406,5467513597.949219,17542328351.367188,-464722259.375,-1123391106.8359375
2026-04-14,GOLD - COMMODITY EXCHANGE INC.,362274,210009,47483,162526,44.86272821124342,57.969658324914285,13.106930113670867,44940,12.40497523973567,55757,256839,-201082,-55.50550136084842,15.39083676995865,70.89633813080707,310706,349262,-38556,-10.642773149604995,85.76547033460861,96.40824348421361,51568,13012,38556,10.642773149604995,14.234529665391388,3.5917565157863938,4850.10009765625,2026-04-20,2026-04-20,4828.7998046875,-0.004391722343842552,2026-04-21,2026-04-21,4719.60009765625,-0.02690666117655227,2026-04-22,2026-04-22,4753.0,-0.020020225500742228,2026-04-23,2026-04-23,4724.0,-0.025999483539976054,2026-04-24,2026-04-24,4740.89990234375,-0.02251503950717837,-0.004391722343842552,-0.02261425435886688,0.007076850083195918,-0.00610140963601935,0.0035774560422840995,-0.018203260830656598,0.03530640071892943,0.8178901405879557,6221.0,0.09946668104894485,-0.7184234595390055,-0.9088382916723461,-7331.0,-0.8764896558170427,0.03234863585529979,-0.0909481510843797,-1110.0,-0.3939595523663115,-0.30301140128192117,0.0909481510843797,1110.0,0.3939595523663115,0.3030114012819318,-0.02690666117655227,-0.04983406330712614,-0.05806067750897137,-0.03369000619651352,-0.16090392585124036,,,100.0,100 troy oz,485010.009765625,101856467140.86914,23029730293.70117,78826736847.16797,3017247270.751953,1288671595.9472656,27042703114.501953,124569485898.19336,-97526782783.6914,-3555608381.591797,-1180514363.7695312,150695520094.23828,169395566030.76172,-18700045936.523438,-538361110.8398438,108157232.17773438,25010996183.59375,6310950247.0703125,18700045936.523438,538361110.8398438,-108157232.17773438
2026-04-21,GOLD - COMMODITY EXCHANGE INC.,365842,212893,48887,164006,44.82973524089635,58.19260773776658,13.362872496870235,44465,12.154153979040132,56261,259201,-202940,-55.472034375495426,15.378496728095737,70.85053110359117,313619,352553,-38934,-10.64229913459909,85.72525844490244,96.36755757950152,52223,13289,38934,10.64229913459909,14.274741555097556,3.6324424204984664,4719.60009765625,2026-04-27,2026-04-27,4693.7001953125,-0.0054877323942365,2026-04-28,2026-04-28,4608.39990234375,-0.023561359651577685,2026-04-29,2026-04-29,4561.5,-0.03349862157490047,2026-04-30,2026-04-30,4629.60009765625,-0.019069412267512686,2026-05-01,2026-05-01,4644.5,-0.015912385817083208,-0.0054877323942365,-0.018173357781551047,-0.010177046987588367,0.014929320981311056,0.0032183994361183466,-0.010482176804056498,-0.02690666117655227,-0.032992970347073935,1480.0,0.22294941285229442,0.25594238319936835,0.03346698535299453,-1858.0,-0.012340041862913154,-0.045807027215900575,0.00047401500590460444,-378.0,-0.04021188970617118,-0.04068590471209177,-0.00047401500590460444,378.0,0.040211889706167625,0.040685904712072674,-0.023561359651577685,-0.03201544506520504,-0.006970908903931927,-0.044156262825581605,-0.13628277438843028,,,100.0,100 troy oz,471960.009765625,100476982359.0332,23072708997.41211,77404273361.6211,698500814.453125,-2039339202.1972656,26552942109.42383,122332506491.25977,-95779564381.83594,-876901698.1445312,419100488.671875,148015626302.68555,166390917322.9004,-18375291020.214844,-178400883.69140625,-1620238713.5253906,24647167589.990234,6271876569.775391,18375291020.214844,178400883.69140625,1620238713.5253906
2026-04-28,GOLD - COMMODITY EXCHANGE INC.,369530,211818,52247,159571,43.18215029902849,57.320921170135044,14.13877087110654,47879,12.956728817687333,60553,255366,-194813,-52.71912970530133,16.386490947960926,69.10562065326225,320250,355492,-35242,-9.536979406272833,86.6641409357833,96.20112034205613,49280,14038,35242,9.536979406272833,13.335859064216708,3.7988796579438744,4608.39990234375,2026-05-04,2026-05-04,4533.2998046875,-0.016296349979969316,2026-05-05,2026-05-05,4568.5,-0.008658081587810451,2026-05-06,2026-05-06,4694.2998046875,0.018639854214922424,2026-05-07,2026-05-07,4710.89990234375,0.022241993353890654,2026-05-08,2026-05-08,4730.7001953125,0.026538559057461608,-0.016296349979969316,0.0077648063946933465,0.027536347748166712,0.0035362244311012425,0.00420308080816989,0.0435445258707321,-0.023561359651577685,-1.647584941867855,-4435.0,-0.8716865676315351,0.7758983742363057,2.7529046701940985,8127.0,1.0079942198651892,-1.7449104503289163,1.1053197283262577,3692.0,0.9388824908808573,-0.1664372374453933,-1.1053197283262577,-3692.0,-0.9388824908808484,0.16643723744540795,-0.008658081587810451,0.01699077654457204,-0.021091855978430996,-0.02302319675041431,-0.12362207344074805,,,100.0,100 troy oz,460839.990234375,97614205051.46484,24077506969.77539,73536698081.68945,-2043825356.6894531,-1673310004.5410156,27905243928.66211,117682864946.1914,-89777621017.5293,3745246600.6347656,3146154613.330078,147584006872.5586,163824929808.39844,-16240922935.839844,1701421243.9453125,1472844608.7890625,22710194718.75,6469271782.910156,16240922935.839844,-1701421243.9453125,-1472844608.7890625
2026-05-05,GOLD - COMMODITY EXCHANGE INC.,367932,211814,48511,163303,44.38401661176522,57.568789885087455,13.184773273322245,48636,13.218746942369785,58230,257165,-198935,-54.068414815781175,15.826293989106683,69.89470880488786,318680,354312,-35632,-9.68439820401596,86.61383081656393,96.2982290205799,49252,13620,35632,9.68439820401596,13.38616918343607,3.70177097942011,4568.5,2026-05-11,2026-05-11,4728.7001953125,0.035066257045529126,2026-05-12,2026-05-12,4686.7001953125,0.02587286753037099,2026-05-13,2026-05-13,4706.7001953125,0.030250672061398642,2026-05-14,2026-05-14,4685.2998046875,0.025566335709204413,2026-05-15,2026-05-15,4561.89990234375,-0.0014446968712378272,0.035066257045529126,-0.008881933357000271,0.004267394790902879,-0.004546792813851397,-0.02633767474608395,-0.035274025858965885,-0.008658081587810451,1.2018663127367262,3732.0,0.24786871495241058,-0.953997597784296,-1.3492851104798476,-4122.0,-0.5601969588542435,0.7890881516256059,-0.14741879774312672,-390.0,-0.05031011921936113,0.09710867852376737,0.14741879774312672,390.0,0.0503101192193629,-0.09710867852376426,0.02587286753037099,-0.012542367229396945,-0.01449057574969903,-0.010638086386395962,-0.09103642384672217,,,100.0,100 troy oz,456850.0,96767225900.0,22162250350.0,74604975550.0,1704964200.0,3197036300.0,26602375500.0,117485830250.0,-90883454750.0,-1883135700.0,-2368310400.0,145588958000.0,161867437200.0,-16278479200.0,-178171500.0,828725900.0,22500776200.0,6222297000.0,16278479200.0,178171500.0,-828725900.0
2026-05-12,GOLD - COMMODITY EXCHANGE INC.,376496,219793,48171,171622,45.58401682886405,58.378575071182695,12.794558242318644,49027,13.021917895542051,57725,267983,-210258,-55.84601164421401,15.332168203646255,71.17817984786026,326545,365181,-38636,-10.261994815349963,86.73266117037099,96.99465598572097,49951,11315,38636,10.261994815349963,13.267338829628999,3.005344014279036,4686.7001953125,2026-05-18,2026-05-18,4558.0,-0.02746072715323722,2026-05-19,2026-05-19,4511.2001953125,-0.03744638929017263,2026-05-20,2026-05-20,4535.2998046875,-0.03230426191468916,2026-05-21,2026-05-21,4542.5,-0.030767958116186933,2026-05-22,2026-05-22,4523.2001953125,-0.03488595241563097,-0.02746072715323722,-0.010267618404453671,0.005342172444495308,0.001587589712384263,-0.0042487186984039305,-0.007634884749341819,0.02587286753037099,1.2000002170988324,8319.0,0.8097851860952403,-0.390215031003601,-1.7775968284328343,-11323.0,-0.49412578546042774,1.2834710429724083,-0.5775966113340036,-3004.0,0.11883035380705564,0.6964269651410717,0.5775966113340036,3004.0,-0.11883035380707163,-0.6964269651410739,-0.03744638929017263,-0.03934546331967892,-0.03559013506679576,-0.0854119692505867,-0.05240362886917582,,,100.0,100 troy oz,468670.01953125,103010389602.83203,22576303510.839844,80434086091.99219,3898865892.4804688,4263022497.65625,27053976877.441406,125595597844.04297,-98541620966.60156,-5306750631.152344,-4300516099.21875,153041851527.83203,171149386402.4414,-18107534874.609375,-1407884738.671875,-37493601.5625,23410536145.60547,5303001270.996094,18107534874.609375,1407884738.671875,37493601.5625
2026-05-19,GOLD - COMMODITY EXCHANGE INC.,379325,211018,51185,159833,42.13616292097805,55.629868845976404,13.493705924998354,51705,13.630791537599684,69520,261149,-191629,-50.51842087919331,18.32729190008568,68.84571277927898,332243,364039,-31796,-8.38225795821525,87.58795228366176,95.97021024187701,47082,15286,31796,8.38225795821525,12.412047716338233,4.029789758122981,4511.2001953125,2026-05-25,2026-05-26,4502.2998046875,-0.00197295403432729,2026-05-26,2026-05-26,4502.2998046875,-0.00197295403432729,2026-05-27,2026-05-27,4448.39990234375,-0.013920972302227774,2026-05-28,2026-05-28,4499.2998046875,-0.0026379655324021423,2026-05-29,2026-05-29,4593.0,0.01813260355248625,-0.00197295403432729,0.0,-0.01197163775891441,0.0114422946365349,0.02082550605204836,0.02014530334431952,-0.03744638929017263,-3.4478539078859995,-11789.0,-2.7487062252062913,0.6991476826797101,5.327590765020702,18629.0,2.9951236964394248,-2.3324670685812805,1.8797368571347128,6840.0,0.8552911132907752,-1.0244457438439554,-1.8797368571347128,-6840.0,-0.8552911132907663,1.0244457438439452,-0.00197295403432729,0.0019284684018876508,-0.04983159319826591,-0.03475799924190426,-0.020083368889368014,,,100.0,100 troy oz,451120.01953125,95194444281.44531,23090578199.70703,72103866081.73828,-5318253910.253906,-1882523841.5039062,31361863757.8125,117809541980.5664,-86447678222.7539,8403914843.847656,5102618540.917969,149881468649.1211,164225280790.13672,-14343812141.015625,3085660933.59375,3220094699.4140625,21239632759.570312,6895820618.5546875,14343812141.015625,-3085660933.59375,-3220094699.4140625
2026-05-26,GOLD - COMMODITY EXCHANGE INC.,353489,200704,46444,154260,43.63926458814843,56.77800440749217,13.138739819343742,30995,8.76830679313925,74641,260407,-185766,-52.55213033503164,21.115508544820347,73.66763887985199,306340,337846,-31506,-8.912865746883213,86.66181974545177,95.57468549233498,47149,15643,31506,8.912865746883213,13.338180254548233,4.4253145076650195,4502.2998046875,2026-06-01,2026-06-01,4506.2998046875,0.0008884348385318486,2026-06-02,2026-06-02,4519.89990234375,0.003909134979844353,2026-06-03,2026-06-03,4466.89990234375,-0.00786262663070414,2026-06-04,2026-06-04,4505.0,0.0005997368966164096,2026-06-05,2026-06-05,4365.2998046875,-0.030428893219719533,0.0008884348385318486,0.0030180188282420417,-0.011725923393240967,0.008529427228995967,-0.03101003225582688,-0.031289529350295386,-0.00197295403432729,1.5031016671703767,-5573.0,1.1481355615157653,-0.3549661056546114,-2.033709455838334,5863.0,2.7882166447346677,4.821926100573009,-0.5306077886679628,290.0,-0.9261325382099983,-0.39552474954203376,0.5306077886679628,-290.0,0.9261325382100001,0.3955247495420382,0.003909134979844353,-0.04795324871945872,-0.032849856464415406,-0.07838214193917825,0.042689337372067815,,,100.0,100 troy oz,450229.98046875,90362958000.0,20910481212.890625,69452476787.10938,-2509131681.1523438,-2391171426.2695312,33605615972.16797,117243038523.92578,-83637422551.75781,2639698375.4882812,4073230633.3007812,137923452216.79688,152108397981.4453,-14184945764.648438,130566694.3359375,1682059207.03125,21227893349.121094,7042947584.472656,14184945764.648438,-130566694.3359375,-1682059207.03125
2026-06-02,GOLD - COMMODITY EXCHANGE INC.,326052,206096,30076,176020,53.98525388588323,63.209549397028695,9.224295511145462,22449,6.885098082514446,53851,260196,-206345,-63.28591758369831,16.516077190141452,79.80199477383975,282396,312721,-30325,-9.300663697815073,86.61072466968459,95.91138836749965,43656,13331,30325,9.300663697815073,13.389275330315408,4.088611632500337,4519.89990234375,2026-06-08,2026-06-08,4363.39990234375,-0.034624660585702016,2026-06-09,2026-06-09,4286.39990234375,-0.05166043608154258,2026-06-10,2026-06-10,4133.2998046875,-0.08553288922521984,2026-06-11,2026-06-11,4114.0,-0.08980285207937344,2026-06-12,2026-06-12,4238.7998046875,-0.06219166435754209,-0.034624660585702016,-0.0176467895960305,-0.035717642110932535,-0.004669345462337993,0.030335392486023238,-0.028555736454346614,0.003909134979844353,10.345989297734803,21760.0,6.431544989536526,-3.9144443081982807,-10.733787248666665,-20579.0,-4.599431354678895,6.13435589398776,-0.3877979509318603,1181.0,-0.05109507576717931,0.3367028751646757,0.3877979509318603,-1181.0,0.05109507576717576,-0.3367028751646828,-0.05166043608154258,-0.036615855124176866,-0.08197084183388237,-0.10650676181880148,-0.027323613944627456,,,100.0,100 troy oz,451989.990234375,93153329027.34375,13594050946.289062,79559278081.05469,9835302187.5,5747956705.810547,24340112964.11133,117605987499.02344,-93265874534.91211,-9301502009.033203,-3349245827.6367188,127640165282.22656,141346761736.08398,-13706596453.857422,533800178.4667969,2398710878.173828,19732075013.671875,6025478559.814453,13706596453.857422,-533800178.4667969,-2398710878.173828
2026-06-09,GOLD - COMMODITY EXCHANGE INC.,332709,207984,34147,173837,52.24896230639988,62.51228551076166,10.26332320436177,22848,6.8672623824423145,58986,260022,-201036,-60.42397410349585,17.729006429041593,78.15298053253744,289818,317017,-27199,-8.17501179709596,87.10855432224557,95.28356611934153,42891,15692,27199,8.17501179709596,12.891445677754435,4.716433880658474,4286.39990234375,2026-06-15,2026-06-15,4351.60009765625,0.015210945501573425,2026-06-16,2026-06-16,4354.39990234375,0.015864128767551167,2026-06-17,2026-06-17,4381.39990234375,0.022163121072314107,2026-06-18,2026-06-18,4245.89990234375,-0.00944848845714441,2026-06-19,2026-06-22,4202.7001953125,-0.01952680779632443,0.015210945501573425,0.0006433965954288912,0.006200624794582499,-0.03092618866575425,-0.010174452536529044,-0.034217276174790645,-0.05166043608154258,-1.7362915794833498,-2183.0,-0.697263886267038,1.0390276932163083,2.8619434802024557,5309.0,1.2129292389001414,-1.6490142413023108,1.125651900719113,3126.0,0.49782965256098066,-0.6278222481581253,-1.125651900719113,-3126.0,-0.49782965256097356,0.6278222481581368,0.015864128767551167,-0.031961553546389854,-0.05783405841536193,-0.03009518545608969,0.03560099410528883,,,100.0,100 troy oz,428639.990234375,89150259728.90625,14636769746.533203,74513489982.37305,-935721098.6816406,949437578.3691406,25283758463.964844,111455827540.72266,-86172069076.75781,2275649708.154297,3952917989.9414062,124227584689.7461,135886163784.13086,-11658579094.384766,1339928609.4726562,4902355568.310547,18384797821.14258,6726218726.7578125,11658579094.384766,-1339928609.4726562,-4902355568.310547
2026-06-16,GOLD - COMMODITY EXCHANGE INC.,339330,211127,30907,180220,53.1105413609171,62.218784074499744,9.108242713582648,26017,7.667167653906228,58220,265783,-207563,-61.16847906168037,17.15733946305956,78.32581852473993,295364,322707,-27343,-8.057937700763269,87.04329119146553,95.1012288922288,43966,16623,27343,8.057937700763269,12.956708808534465,4.898771107771196,4354.39990234375,2026-06-22,2026-06-22,4202.7001953125,-0.03483825795366147,2026-06-23,2026-06-23,4149.39990234375,-0.04707881788479262,2026-06-24,2026-06-24,4008.800048828125,-0.07936796373011268,2026-06-25,2026-06-25,4047.60009765625,-0.07045742503401342,2026-06-26,2026-06-26,4096.2998046875,-0.059273402407833076,-0.03483825795366147,-0.012682392388635888,-0.03388438251907422,0.009678718907286887,0.012031748655073171,-0.025317149851344145,0.015864128767551167,0.8615790545172146,6383.0,-0.29350143626191283,-1.1550804907791221,-0.7445049581845211,-6527.0,-0.5716669659820326,0.17283799220248852,0.11707409633269172,-144.0,-0.06526313078003909,-0.1823372271127255,-0.11707409633269172,144.0,0.06526313078003021,0.18233722711272282,-0.04707881788479262,-0.07254728766958618,-0.04524159572343478,-0.06538213245380509,,,,100.0,100 troy oz,435439.990234375,91933138818.21289,13458143778.173828,78474995040.03906,2779413457.6660156,8877315080.908203,25351316231.445312,115732546924.46289,-90381230693.01758,-2842116816.2597656,-6938300804.394531,128613297275.58594,140519532928.56445,-11906235652.978516,-62703358.59375,1939014276.5136719,19144554610.64453,7238318957.666016,11906235652.978516,62703358.59375,-1939014276.5136719
2026-06-23,GOLD - COMMODITY EXCHANGE INC.,352167,217028,35689,181339,51.492331763055596,61.62644427217769,10.134112509122092,31295,8.886409004818736,64579,269983,-205404,-58.32573750521769,18.337606874011477,76.66334437922917,312902,336967,-24065,-6.833405742162099,88.85046015100791,95.68386589317001,39265,15200,24065,6.833405742162099,11.149539848992097,4.316134106829998,4149.39990234375,2026-06-29,2026-06-29,4038.89990234375,-0.026630356822822776,2026-06-30,2026-06-30,4038.5,-0.026726732769504657,2026-07-01,2026-07-01,4082.39990234375,-0.016146913186688927,2026-07-02,2026-07-02,4125.7001953125,-0.005711598686321762,2026-07-03,2026-07-06,4167.5,0.004362100082478504,-0.026630356822822776,-9.901268994505497e-05,0.01087034848180024,0.010606577994451527,0.010131566209050202,0.0318403775200331,-0.04707881788479262,-1.618209597861501,1119.0,-0.5923398023220514,1.0258697955394442,2.842741556462684,2159.0,1.1802674109519167,-1.6624741455107568,1.2245319586011698,3278.0,1.8071689595423805,0.5826370009412045,-1.2245319586011698,-3278.0,-1.8071689595423681,-0.5826370009411983,-0.026726732769504657,0.001927989634231464,-0.0192075849635166,-0.01759290541236258,,,,100.0,100 troy oz,414939.990234375,90053596200.58594,14808793311.47461,75244802889.11133,464317849.0722656,11236159995.55664,26796409629.345703,112026743383.44727,-85230333754.10156,895855438.9160156,-8148591528.222656,129835552824.3164,139821083689.30664,-9985530864.990234,1360173287.9882812,3087568467.3339844,16292618716.552734,6307087851.5625,9985530864.990234,-1360173287.9882812,-3087568467.3339844
2026-06-30,GOLD - COMMODITY EXCHANGE INC.,369541,229619,35600,194019,52.502699294530245,62.13627175333725,9.633572458807006,31769,8.596880995613478,59118,280188,-221070,-59.82286133338385,15.997683612914399,75.82054494629824,320506,347557,-27051,-7.320162038853605,86.73083636186513,94.05099840071873,49035,21984,27051,7.320162038853605,13.269163638134875,5.949001599281271,4038.5,2026-07-06,2026-07-06,4167.5,0.03194255292806725,2026-07-07,2026-07-07,4157.39990234375,0.029441600184164862,2026-07-08,2026-07-08,4082.39990234375,0.01087034848180024,2026-07-09,2026-07-09,4140.7998046875,0.025331138959390875,2026-07-10,2026-07-10,4113.7001953125,0.01862082340287241,0.03194255292806725,-0.0024235387297540933,-0.018040121653372432,0.01430528702252376,-0.006544535030242882,-0.012909371250749868,-0.026726732769504657,1.0103675314746496,12680.0,0.5098274811595545,-0.5005400503150863,-1.4971238281661599,-15666.0,-2.339923261097079,-0.8427994329309314,-0.4867562966915058,-2986.0,-2.1196237891427785,-1.6328674924512825,0.4867562966915058,2986.0,2.1196237891427785,1.6328674924512727,0.029441600184164862,0.0077256286175251265,0.009384648345611035,4.9511247214306664e-05,,,,100.0,100 troy oz,403850.0,92731633150.0,14377060000.0,78354573150.0,5120818000.0,7268896150.0,23874804300.0,113153923800.0,-89279119500.0,-6326714100.0,-5946691250.0,129436348100.0,140360894450.0,-10924546350.0,-1205896100.0,1322204900.0,19802784750.0,8878238400.0,10924546350.0,1205896100.0,-1322204900.0
2026-07-07,GOLD - COMMODITY EXCHANGE INC.,371776,233713,39467,194246,52.248127904975036,62.86392881735239,10.615800912377345,32863,8.839462472026167,59564,281846,-222282,-59.7892279221897,16.021475296953003,75.81070321914271,326140,354176,-28036,-7.541100017214666,87.72486658633156,95.26596660354623,45636,17600,28036,7.541100017214666,12.275133413668446,4.734033396453778,4157.39990234375,2026-07-13,2026-07-13,4005.699951171875,-0.03648914098601719,2026-07-14,2026-07-14,4069.699951171875,-0.021094903841806012,2026-07-15,2026-07-15,4051.800048828125,-0.02540045605333585,2026-07-16,2026-07-16,3992.10009765625,-0.039760381144549384,2026-07-17,2026-07-17,4018.800048828125,-0.03333810958081973,-0.03648914098601719,0.015977232638524574,-0.0043983346582088245,-0.014734179982336837,0.006688196818398939,0.003270364185020247,0.029441600184164862,-0.25457138955520975,227.0,0.7276570640151405,0.9822284535703396,0.033633411194145424,-1212.0,0.023791684038604544,-0.009841727155531999,-0.22093797836106166,-985.0,0.9940302244664281,1.2149682028275066,0.22093797836106166,985.0,-0.9940302244664299,-1.2149682028274924,-0.021094903841806012,-0.01948333138564229,-0.02855148745853331,-0.001154520806332382,,,,100.0,100 troy oz,415739.990234375,97163840337.64648,16408010194.580078,80755830143.0664,94372977.78320312,8484837460.693359,24763136778.320312,117174653287.59766,-92411516509.27734,-503876868.1640625,-8832811832.519531,135589440415.03906,147245126781.25,-11655686366.210938,-409503890.3808594,-347974371.8261719,18972710194.335938,7317023828.125,11655686366.210938,409503890.3808594,347974371.8261719
2026-07-14,GOLD - COMMODITY EXCHANGE INC.,383689,227310,40628,186682,48.65450925098192,59.24329339647475,10.588784145492834,32321,8.42374944290819,79639,294427,-214788,-55.97971273609617,20.756133222479665,76.73584595857582,339270,367376,-28106,-7.325203485114246,88.4231760618626,95.74837954697685,44419,16313,28106,7.325203485114246,11.576823938137398,4.251620453023151,4069.699951171875,2026-07-20,2026-07-20,4015.89990234375,-0.0132196597964509,2026-07-21,2026-07-21,4076.39990234375,0.0016463010178295878,2026-07-22,2026-07-22,4151.89990234375,0.0201980372406092,2026-07-23,2026-07-23,4050.199951171875,-0.004791508031049108,2026-07-24,2026-07-24,4070.800048828125,0.00027031419255685307,-0.0132196597964509,0.015065116529595635,0.018521244678813442,-0.024494798420950703,0.005086192757048913,0.013670695938495347,-0.021094903841806012,-3.5936186539931185,-7564.0,-3.6206354208776403,-0.027016766884511156,3.8095151860935346,7494.0,4.734657925526662,0.9251427394331131,0.21589653210042048,-70.0,0.6983094755310475,0.48241294343061725,-0.21589653210042048,70.0,-0.6983094755310475,-0.482412943430627,0.0016463010178295878,-0.007617269177565222,0.020370088084873172,0.09125983510834246,,,,100.0,100 troy oz,406969.9951171875,92508349590.08789,16534376961.621094,75973972628.4668,-3078321043.0664062,2629840108.4472656,32410683441.137695,119822954752.36816,-87412271311.23047,3049833143.408203,-2940358214.7216797,138072710243.4082,149511008926.17188,-11438298682.763672,-28487899.658203125,-310518106.27441406,18077200213.11035,6638901530.34668,11438298682.763672,28487899.658203125,310518106.27441406
2026-07-21,GOLD - COMMODITY EXCHANGE INC.,383368,224785,40875,183910,47.97218338515473,58.63426264059598,10.662079255441247,31983,8.342636839798836,80457,293656,-213199,-55.6121011665032,20.9868846643434,76.5989858308466,337225,366514,-29289,-7.639917781348469,87.96378414473821,95.60370192608669,46143,16854,29289,7.639917781348469,12.036215855261785,4.396298073913315,4076.39990234375,2026-07-27,2026-07-27,4077.0,0.00014721265592831934,2026-07-28,2026-07-28,4038.699951171875,-0.009248344636206829,2026-07-29,2026-07-29,4036.300048828125,-0.009837075477449941,2026-07-30,2026-07-30,4100.10009765625,0.005814001540642044,2026-07-31,2026-07-31,4107.0,0.007506647627642193,0.00014721265592831934,-0.009394174350778717,-0.0005942264522655893,0.015806567414790695,0.001682861925174528,0.00735835172921262,0.0016463010178295878,-0.6823258658271882,-2772.0,-0.60903075587877,0.07329510994841293,0.3676115695929667,1589.0,0.23075144186373464,-0.1368601277292214,-0.3147142962342233,-1183.0,-0.45939191712439253,-0.1446776208901639,0.3147142962342233,1183.0,0.4593919171243872,0.1446776208901639,-0.009248344636206829,0.018693012741141546,0.0894662457191242,0.08443729848845294,,,,100.0,100 troy oz,407639.990234375,91631355204.83398,16662284600.830078,74969070604.0039,-1129978052.9296875,1048042414.8925781,32797490694.28711,119705928972.26562,-86908438277.97852,647739944.4824219,-3177553723.876953,137466395706.7871,149405763380.76172,-11939367673.97461,-482238108.4472656,-2129511308.984375,18809732069.384766,6870364395.410156,11939367673.97461,482238108.4472656,2129511308.984375
2026-07-28,GOLD - COMMODITY EXCHANGE INC.,384603,219622,37552,182070,47.33972433912372,57.10355873459125,9.763834395467534,28137,7.315855570549372,75460,287769,-212309,-55.20211750818377,19.62023177146304,74.8223492796468,323219,353458,-30239,-7.862393169060043,84.03964607660367,91.90203924566372,61384,31145,30239,7.862393169060043,15.960353923396333,8.09796075433629,4038.699951171875,2026-08-03,2026-08-03,4090.5,0.012825921572384935,2026-08-04,2026-08-04,4152.60009765625,0.028202180865485094,2026-08-05,2026-08-05,4305.2001953125,0.06598664108812957,2026-08-06,2026-08-06,4299.60009765625,0.06460003209910958,2026-08-07,2026-08-07,4399.7001953125,0.08938525973831668,0.012825921572384935,0.01518154202573041,0.03674808410816599,-0.0013007752025904207,0.023281257647848497,0.07558982894817268,-0.009248344636206829,-0.6324590460310091,-1840.0,-1.5307039060047245,-0.8982448599737136,0.4099836583194332,890.0,-1.36665289288036,-1.7766365511998004,-0.22247538771157416,-950.0,-3.924138068134539,-3.70166268042297,0.22247538771157416,950.0,3.924138068134548,3.7016626804229746,0.028202180865485094,0.0996360589668499,0.0945601681485555,0.16237899738945383,,,,100.0,100 troy oz,403869.9951171875,88698736067.62695,15166126056.640625,73532610010.98633,-743120791.015625,-4825842571.655273,30476029831.54297,116221264624.87793,-85745234793.33496,359444295.6542969,3538305027.2216797,130538455951.78223,142751080734.13086,-12212624782.348633,-383676495.3613281,-1287537544.4335938,24791155780.273438,12578530997.924805,12212624782.348633,383676495.3613281,1287537544.4335938
2026-08-04,GOLD - COMMODITY EXCHANGE INC.,371551,227013,29379,197634,53.19162106951671,61.09874552887759,7.907124459360896,28175,7.583077424095213,71832,298323,-226491,-60.958253375714236,19.333012157146666,80.2912655328609,327020,355877,-28857,-7.7666323061975335,88.01483511011948,95.781467416317,44531,15674,28857,7.7666323061975335,11.98516488988053,4.218532583682993,4152.60009765625,2026-08-10,2026-08-10,4419.7001953125,0.06432117020056971,2026-08-11,2026-08-11,4441.10009765625,0.0694745444336986,2026-08-12,2026-08-12,4467.5,0.07583198356169207,2026-08-13,2026-08-13,4420.39990234375,0.06448966873517326,2026-08-14,2026-08-14,4437.2998046875,0.06855938456292376,0.06432117020056971,0.004841935289286559,0.005944451096178138,-0.010542831036653655,0.0038231614146018167,0.003982082176900992,0.028202180865485094,5.851896730392987,15564.0,3.99518679428634,-1.856709936106638,-5.7561358675304675,-14182.0,-0.2872196143163741,5.468916253214104,0.09576086286250973,1382.0,3.9751890335158038,3.8794281706532843,-0.09576086286250973,-1382.0,-3.9751890335158038,-3.8794281706532967,0.0694745444336986,0.06453787836475278,0.13049652978855364,0.058710157239822314,,,,100.0,100 troy oz,415260.009765625,94269420596.92383,12199923826.904297,82069496770.01953,6463106791.9921875,1406900913.0859375,29828957021.484375,123881611893.31055,-94052654871.82617,-5889217458.496094,-1747829381.1035156,135798328393.55469,147781486495.36133,-11983158101.80664,573889333.4960938,-340928468.0175781,18491943494.873047,6508785393.066406,11983158101.80664,-573889333.4960938,340928468.0175781
2026-08-11,GOLD - COMMODITY EXCHANGE INC.,400309,250936,32996,217940,54.442942826666396,62.6855753930089,8.2426325663425,28937,7.228665855626529,69385,322025,-252640,-63.11124656203083,17.332860365367754,80.44410692739858,349258,383958,-34700,-8.66830373536443,87.24710161400318,95.91540534936762,51051,16351,34700,8.66830373536443,12.752898385996817,4.084594650632386,4441.10009765625,2026-08-17,2026-08-17,4473.7001953125,0.007340545571907775,2026-08-18,2026-08-18,4420.60009765625,-0.004615973418572228,2026-08-19,2026-08-19,4545.2998046875,0.02346258916484234,2026-08-20,2026-08-20,4571.39990234375,0.029339533408910157,2026-08-21,2026-08-21,4680.60009765625,0.05392807969502744,0.007340545571907775,-0.011869391183586209,0.028208773532209852,0.005742216966487801,0.02388769253298384,0.04624804821756667,0.0694745444336986,1.2513217571496895,20306.0,1.5868298641313032,0.3355081069816048,-2.1529931863165928,-26149.0,-2.0001517917789116,0.1528413945376741,-0.901671429166897,-5843.0,-0.7677334961162927,0.13393793305061763,0.901671429166897,5843.0,0.7677334961162874,-0.13393793305060697,-0.004615973418572228,0.05705791285305173,-0.010065117725243322,-0.00047287780281246583,,,,100.0,100 troy oz,444110.009765625,111443189410.54688,14653853882.226562,96789335528.32031,9018097858.300781,13881990685.253906,30814573027.58789,143014525894.7754,-112199952867.1875,-11613032645.361328,-16810452089.648438,155108973790.72266,170519591129.58984,-15410617338.867188,-2594934787.060547,-2928461404.3945312,22672260108.54492,7261642769.677734,15410617338.867188,2594934787.060547,2928461404.3945312
2026-08-18,GOLD - COMMODITY EXCHANGE INC.,406260,256902,34713,222189,54.691330674937234,63.2358588096293,8.544528134692069,28961,7.128686063112292,69050,327468,-258418,-63.60901885492049,16.996504701422737,80.60552355634323,354913,391142,-36229,-8.917688179983262,87.36104957416433,96.27873775414758,51347,15118,36229,8.917688179983262,12.63895042583567,3.7212622458524094,4420.60009765625,2026-08-24,2026-08-24,4697.7998046875,0.06270635228421084,2026-08-25,2026-08-25,4694.5,0.06195989148373049,2026-08-26,2026-08-26,4653.2998046875,0.052639845697561416,2026-08-27,2026-08-27,4664.0,0.055060375733330336,2026-08-28,2026-08-28,4529.89990234375,0.024725105703510497,0.06270635228421084,-0.000702414922876704,-0.008776269104803447,0.002299485475172114,-0.028752165020636822,-0.03574011437784519,-0.004615973418572228,0.2483878482708377,4249.0,0.5502834166204025,0.3018955683495683,-0.49777229288966396,-5778.0,-0.33635566394501737,0.16141662894465014,-0.24938444461883158,-1529.0,0.11394796016114128,0.36333240477996753,0.24938444461883158,1529.0,-0.11394796016114661,-0.36333240477997686,0.06195989148373049,-0.005474414056437893,0.004162308722181374,,,,,100.0,100 troy oz,442060.009765625,113566100628.8086,15345229118.99414,98220871509.81445,1878312981.4941406,16921615113.81836,30524243674.316406,144760507277.9297,-114236263603.61328,-2554222736.4257812,-19989511581.591797,156892844245.94727,172908236339.7461,-16015392093.798828,-675909754.9316406,-3067896467.7734375,22698455321.435547,6683063227.636719,16015392093.798828,675909754.9316406,3067896467.7734375
2026-08-25,GOLD - COMMODITY EXCHANGE INC.,427957,277159,33825,243334,56.85945083267712,64.76328229237984,7.903831459702728,33620,7.855929450856045,62453,342038,-279585,-65.33016167512157,14.593288578058075,79.92345025317964,373232,409483,-36251,-8.47071084244445,87.21250032129396,95.6832111637384,54725,18474,36251,8.47071084244445,12.787499678706038,4.316788836261587,4694.5,2026-08-31,2026-08-31,4481.5,-0.04537224411545426,2026-09-01,2026-09-01,4396.39990234375,-0.0634998610408457,2026-09-02,2026-09-02,4414.60009765625,-0.05962294223958886,2026-09-03,2026-09-03,4539.89990234375,-0.032932175451325985,2026-09-04,2026-09-04,4476.60009765625,-0.04641599794307172,-0.04537224411545426,-0.018989199521644573,0.004139795222631415,0.028383047595641253,-0.013942995671517133,-0.0010933621206626887,0.06195989148373049,2.168120157739885,21145.0,1.5274234827505424,-0.640696674989341,-1.7211428202010808,-21167.0,-2.403216123364661,-0.682073303163591,0.4469773375388115,-22.0,-0.14854925287036735,-0.5955265904091789,-0.4469773375388115,22.0,0.14854925287036735,0.5955265904091775,-0.0634998610408457,-0.05442539141548619,,,,,,100.0,100 troy oz,469450.0,130112292550.0,15879146250.0,114233146300.0,9926520250.0,28760384800.0,29318560850.0,160569739100.0,-131251178250.0,-9936848150.0,-31582718200.0,175213762400.0,192231794350.0,-17018031950.0,-10327900.0,-2822333400.0,25690651250.0,8672619300.0,17018031950.0,10327900.0,2822333400.0
2026-09-01,GOLD - COMMODITY EXCHANGE INC.,415196,260485,32361,228124,54.94368924556113,62.737839478222334,7.794150232661201,41231,9.930490659832946,61450,326168,-264718,-63.75735797069336,14.800238923303693,78.55759689399704,363166,399760,-36594,-8.813668725132228,87.46856906135896,96.2822377864912,52030,15436,36594,8.813668725132228,12.531430938641028,3.7177622135088004,4396.39990234375,2026-09-07,2026-09-08,4439.0,0.009689768583958758,2026-09-08,2026-09-08,4439.0,0.009689768583958758,2026-09-09,2026-09-09,4460.7001953125,0.014625669729105173,2026-09-10,2026-09-10,4407.2998046875,0.00247927908876977,2026-09-11,2026-09-11,4408.89990234375,0.002843235437553382,0.009689768583958758,0.0,0.004888532397499423,-0.011971302326283961,0.0003630562310619201,-0.006780828487553459,-0.0634998610408457,-1.9157615871159877,-15210.0,-2.0254428141575076,-0.10968122704152705,1.5728037044282104,14867.0,0.20695034524561784,-1.3658533591825943,-0.34295788268777727,-343.0,0.2560687400650039,0.5990266227527883,0.34295788268777727,343.0,-0.25606874006500924,-0.5990266227527865,0.009689768583958758,,,,,,,100.0,100 troy oz,439639.990234375,114519622856.20117,14227189723.97461,100292433132.22656,-6686924251.464844,13404623302.246094,27015877399.902344,143396496334.76562,-116380618934.86328,6536127734.814453,-16806117906.689453,159662296693.45703,175750482496.09375,-16088185802.636719,-150796516.65039062,-3401494604.4433594,22874468691.89453,6786282889.2578125,16088185802.636719,150796516.65039062,3401494604.4433594
2026-09-08,GOLD - COMMODITY EXCHANGE INC.,411227,261007,29047,231960,56.40680208254808,63.47029742696856,7.063495344420478,43263,10.520466798143117,54403,324677,-270274,-65.72379731875581,13.229432892295495,78.95323021105132,358673,396987,-38314,-9.31699523620774,87.22019711740717,96.53719235361491,52554,14240,38314,9.31699523620774,12.779802882592826,3.462807646385087,4439.0,2026-09-14,2026-09-14,4351.89990234375,-0.019621558381673787,2026-09-15,2026-09-15,4331.39990234375,-0.024239715624296054,2026-09-16,,,,2026-09-17,,,,2026-09-18,,,,-0.019621558381673787,-0.004710586286453822,,,,,0.009689768583958758,1.4631128369869515,3836.0,0.732457948746223,-0.7306548882407222,-1.9664393480624511,-5556.0,-1.570806031008198,0.3956333170542763,-0.5033265110755121,-1720.0,-0.24837194395179552,0.25495456712371833,0.5033265110755121,1720.0,0.2483719439517973,-0.25495456712371345,,,,,,,,100.0,100 troy oz,443900.0,115861007300.0,12893963300.0,102967044000.0,1702800400.0,6223478000.0,24149491700.0,144124120300.0,-119974628600.0,-2466308400.0,-7827732600.0,159214944700.0,176222529300.0,-17007584600.0,-763508000.0,-1604254600.0,23328720600.0,6321136000.0,17007584600.0,763508000.0,1604254600.0
