date,contract,open_interest,noncommercial_long,noncommercial_short,noncommercial_net,noncommercial_net_oi_pct,noncommercial_long_oi_pct,noncommercial_short_oi_pct,noncommercial_spreading,noncommercial_spreading_oi_pct,commercial_long,commercial_short,commercial_net,commercial_net_oi_pct,commercial_long_oi_pct,commercial_short_oi_pct,total_reportable_long,total_reportable_short,total_reportable_net,total_reportable_net_oi_pct,total_reportable_long_oi_pct,total_reportable_short_oi_pct,nonreportable_long,nonreportable_short,nonreportable_net,nonreportable_net_oi_pct,nonreportable_long_oi_pct,nonreportable_short_oi_pct,price,next_week_monday_target,next_week_monday_date,next_week_monday_price,next_week_monday_return,next_week_tuesday_target,next_week_tuesday_date,next_week_tuesday_price,next_week_tuesday_return,next_week_wednesday_target,next_week_wednesday_date,next_week_wednesday_price,next_week_wednesday_return,next_week_thursday_target,next_week_thursday_date,next_week_thursday_price,next_week_thursday_return,next_week_friday_target,next_week_friday_date,next_week_friday_price,next_week_friday_return,next_week_monday_daily_return,next_week_tuesday_daily_return,next_week_wednesday_daily_return,next_week_thursday_daily_return,next_week_friday_daily_return,next_week_mon_fri_return,price_return_1w,noncommercial_net_oi_pct_change,noncommercial_net_change,noncommercial_long_oi_pct_change,noncommercial_short_oi_pct_change,commercial_net_oi_pct_change,commercial_net_change,commercial_long_oi_pct_change,commercial_short_oi_pct_change,total_reportable_net_oi_pct_change,total_reportable_net_change,total_reportable_long_oi_pct_change,total_reportable_short_oi_pct_change,nonreportable_net_oi_pct_change,nonreportable_net_change,nonreportable_long_oi_pct_change,nonreportable_short_oi_pct_change,forward_return_1w,forward_return_2w,forward_return_3w,forward_return_4w,forward_return_13w,forward_return_26w,forward_return_52w,contract_multiplier,contract_unit,contract_notional_usd,noncommercial_long_notional_usd,noncommercial_short_notional_usd,noncommercial_net_notional_usd,noncommercial_net_flow_1w_notional_usd,noncommercial_net_flow_4w_notional_usd,commercial_long_notional_usd,commercial_short_notional_usd,commercial_net_notional_usd,commercial_net_flow_1w_notional_usd,commercial_net_flow_4w_notional_usd,total_reportable_long_notional_usd,total_reportable_short_notional_usd,total_reportable_net_notional_usd,total_reportable_net_flow_1w_notional_usd,total_reportable_net_flow_4w_notional_usd,nonreportable_long_notional_usd,nonreportable_short_notional_usd,nonreportable_net_notional_usd,nonreportable_net_flow_1w_notional_usd,nonreportable_net_flow_4w_notional_usd
2016-01-05,NASDAQ-100 Consolidated - CHICAGO MERCANTILE EXCHANGE,60436,16822,9629,7193,11.90184658150771,27.834403335760143,15.932556754252433,1254,2.074922231782381,37352,45751,-8399,-13.897345952743398,61.80422264875239,75.7015686014958,55428,56635,-1207,-1.9971540141637434,91.71354821629492,93.71070223045866,5008,3802,1206,1.9954993712356872,8.286451783705076,6.290952412469389,4484.18,2016-01-11,2016-01-11,4283.55,-0.044741736504779084,2016-01-12,2016-01-12,4333.72,-0.03355351480092239,2016-01-13,2016-01-13,4183.12,-0.06713825047165822,2016-01-14,2016-01-14,4272.97,-0.0471011422378228,2016-01-15,2016-01-15,4141.08,-0.07651343166420621,-0.044741736504779084,0.011712248018582727,-0.03475074531811018,0.02147918300216123,-0.030866118882182714,-0.03325979619707964,,,,,,,,,,,,,,,,,,-0.03355351480092239,-0.07517762444861731,-0.05582514528854776,-0.06491264846638622,-0.0029949734399601358,-0.016375346217145648,0.09525710386291353,20.0,NASDAQ-100 Index x $20,89683.6,1508657519.2,863563384.4000001,645094134.8000001,,,3349861827.2000003,4103114383.6000004,-753252556.4000001,,,4970982580.8,5079230686.0,-108248105.2,,,449135468.8,340977047.20000005,108158421.60000001,,
2016-01-12,NASDAQ-100 Consolidated - CHICAGO MERCANTILE EXCHANGE,60148,17207,10561,6646,11.049411451752345,28.60776750681652,17.558356055064177,831,1.3815920728868791,36715,44885,-8170,-13.583161534880627,61.04109862339563,74.62426015827626,54753,56277,-1524,-2.5337500831282838,91.03045820309902,93.5642082862273,5395,3872,1523,2.5320875174569397,8.969541796900977,6.437454279444038,4333.72,2016-01-18,2016-01-19,4147.07,-0.04306923382221295,2016-01-19,2016-01-19,4147.07,-0.04306923382221295,2016-01-20,2016-01-20,4136.28,-0.04555901165742149,2016-01-21,2016-01-21,4142.6,-0.04410068024699332,2016-01-22,2016-01-22,4259.77,-0.01706386199385279,-0.04306923382221295,0.0,-0.0026018369595883772,0.00152794298258363,0.02828416936223621,0.02717581328504237,-0.03355351480092239,-0.8524351297553654,-547.0,0.7733641710563752,1.6257993008117442,0.31418441786277107,229.0,-0.7631240253567668,-1.0773084432195361,-0.5365960689645404,-317.0,-0.6830900131959083,-0.1464939442313664,0.5365881462212525,317.0,0.6830900131959012,0.14650186697464918,-0.04306923382221295,-0.023044866765734695,-0.03244787388202286,-0.08905051549246379,0.03745511938934665,0.056277286026785056,0.1618586341526449,20.0,NASDAQ-100 Index x $20,86674.40000000001,1491406400.8000002,915368338.4000001,576038062.4000001,-47410896.800000004,,3182250596.0000005,3890380444.0000005,-708129848.0000001,19848437.6,,4745683423.200001,4877775208.8,-132091785.60000001,-27475784.800000004,,467608388.00000006,335603276.8,132005111.20000002,27475784.800000004,
2016-01-19,NASDAQ-100 Consolidated - CHICAGO MERCANTILE EXCHANGE,55449,14497,8681,5816,10.48891774423344,26.144745622103194,15.655827877869754,749,1.3507908167865967,35307,42156,-6849,-12.351890926797598,63.67472812855056,76.02661905534815,50553,51586,-1033,-1.862973182564158,91.17026456744036,93.0332377500045,4896,3863,1033,1.862973182564158,8.829735432559648,6.966762249995491,4147.07,2016-01-25,2016-01-25,4196.53,0.011926492680374379,2016-01-26,2016-01-26,4233.85,0.02092561736358456,2016-01-27,2016-01-27,4128.86,-0.004391051995746409,2016-01-28,2016-01-28,4186.06,0.009401818633396841,2016-01-29,2016-01-29,4279.17,0.03185381486205929,0.011926492680374379,0.008893061648552747,-0.024797760903196964,0.013853702959170544,0.022242872772965327,0.019692460199259854,-0.04306923382221295,-0.5604937075189049,-830.0,-2.4630218847133243,-1.902528177194423,1.2312706080830296,1321.0,2.6336295051549357,1.4023588970718919,0.6707769005641258,491.0,0.13980636434133942,-0.5309705362227959,-0.6691143348927817,-490.0,-0.13980636434132876,0.5293079705514527,0.02092561736358456,0.011099402710829764,-0.04805079248722577,-0.010306071515551851,0.09404712242619495,0.11000778863149163,0.2164371471906672,20.0,NASDAQ-100 Index x $20,82941.4,1202401475.8,720014293.4,482387182.4,-68841362.0,,2928412009.7999997,3496477658.3999996,-568065648.5999999,109565589.39999999,,4192936594.2,4278615060.3999996,-85678466.19999999,40724227.4,,406081094.4,320402628.2,85678466.19999999,-40641286.0,
2016-01-26,NASDAQ-100 Consolidated - CHICAGO MERCANTILE EXCHANGE,53779,14211,8152,6059,11.266479480838246,26.424812659216425,15.158333178378177,578,1.074768961862437,34571,40721,-6150,-11.435690511166069,64.28345636772718,75.71914687889326,49359,49451,-92,-0.17107049219955744,91.7811785269343,91.95224901913386,4420,4328,92,0.17107049219955744,8.218821473065695,8.047750980866137,4233.85,2016-02-01,2016-02-01,4286.56,0.012449661655467237,2016-02-02,2016-02-02,4193.1,-0.009624809570485504,2016-02-03,2016-02-03,4171.97,-0.014615539048383863,2016-02-04,2016-02-04,4167.77,-0.015607543961170034,2016-02-05,2016-02-05,4024.47,-0.04945380681885292,0.012449661655467237,-0.02180303086857527,-0.005039231117788812,-0.0010067186485041013,-0.03438289540929573,-0.061142267925796134,0.02092561736358456,0.777561736604806,243.0,0.28006703711323055,-0.4974946994915772,0.9162004156315291,699.0,0.6087282391766209,-0.307472176454894,1.6919026903646006,941.0,0.6109139594939421,-1.0809887308706436,-1.6919026903646006,-941.0,-0.6109139594939528,1.0809887308706463,-0.009624809570485504,-0.06756262031011961,-0.030591541977160408,-0.016842826269234945,0.0517543134499332,0.10351335073278434,0.20482775724222635,20.0,NASDAQ-100 Index x $20,84677.0,1203344847.0,690286904.0,513057943.0,20576511.0,,2927368567.0,3448132117.0,-520763550.0,59189223.0,,4179572043.0,4187362327.0,-7790284.0,79681057.0,,374272340.0,366482056.0,7790284.0,-79681057.0,
2016-02-02,NASDAQ-100 Consolidated - CHICAGO MERCANTILE EXCHANGE,54214,14327,9978,4349,8.02191315896263,26.42675323717121,18.404840078208583,777,1.433209134171985,35108,38677,-3569,-6.583170398789981,64.75818054377098,71.34135094256096,50212,49432,780,1.438742760172649,92.61814291511418,91.17940015494153,4002,4782,-780,-1.438742760172649,7.381857084885823,8.82059984505847,4193.1,2016-02-08,2016-02-08,3960.67,-0.05543154229567626,2016-02-09,2016-02-09,3947.8,-0.05850087047768959,2016-02-10,2016-02-10,3966.28,-0.054093630011208926,2016-02-11,2016-02-11,3962.22,-0.055061887386420705,2016-02-12,2016-02-12,4019.19,-0.041475280818487614,-0.05543154229567626,-0.003249450219281025,0.004681088201023309,-0.001023629194106368,0.014378303072519971,0.014775277920149765,-0.009624809570485504,-3.2445663218756167,-1710.0,0.001940577954783862,3.246506899830406,4.852520112376088,2581.0,0.474724176043793,-4.377795936332291,1.6098132523722064,872.0,0.8369643881798794,-0.7728488641923263,-1.6098132523722064,-872.0,-0.8369643881798723,0.7728488641923335,-0.05850087047768959,-0.02117049438363039,-0.007288163888292787,0.033509813741622985,0.03536524289904852,0.12547041568290762,0.2202833226014167,20.0,NASDAQ-100 Index x $20,83862.0,1201490874.0,836775036.0,364715838.0,-143404020.0,-238503528.0,2944227096.0,3243530574.0,-299303478.0,216447822.0,405053460.0,4210878744.0,4145466384.0,65412360.0,73127664.0,166633794.0,335615724.0,401028084.0,-65412360.0,-73127664.0,-166549932.0
2016-02-09,NASDAQ-100 Consolidated - CHICAGO MERCANTILE EXCHANGE,57062,13290,11366,1924,3.371771056044303,23.290455995233255,19.918684939188953,1357,2.3781150327713716,37855,39682,-1827,-3.2017805194350006,66.34012127159932,69.5419017910343,52502,52405,97,0.16999053660930216,92.00869229960395,91.83870176299463,4560,4657,-97,-0.16999053660930216,7.991307700396061,8.161298237005363,3947.8,2016-02-15,2016-02-16,4104.33,0.03964993160747743,2016-02-16,2016-02-16,4104.33,0.03964993160747743,2016-02-17,2016-02-17,4199.1,0.06365570697603729,2016-02-18,2016-02-18,4151.49,0.051595825523075955,2016-02-19,2016-02-19,4164.09,0.054787476569228444,0.03964993160747743,0.0,0.023090248591122187,-0.01133814388797616,0.003035054883909316,0.01456023272982443,-0.05850087047768959,-4.650142102918327,-2425.0,-3.136297241937953,1.5138448609803703,3.38138987935498,1742.0,1.5819407278283393,-1.7994491515266589,-1.2687522235633468,-683.0,-0.6094506155102266,0.6593016080530987,1.2687522235633468,683.0,0.6094506155102382,-0.6593016080531076,0.03964993160747743,0.05439485282942402,0.09772784842190574,0.08047773443436856,0.11506155327017575,0.21479051623689127,0.3136126450174781,20.0,NASDAQ-100 Index x $20,78956.0,1049325240.0,897413896.0,151911344.0,-191468300.0,-372830232.0,2988879380.0,3133131992.0,-144252612.0,137541352.0,500817908.0,4145347912.0,4137689180.0,7658732.0,-53926948.0,127987676.0,360039360.0,367698092.0,-7658732.0,53926948.0,-127908720.0
2016-02-16,NASDAQ-100 Consolidated - CHICAGO MERCANTILE EXCHANGE,53918,11892,11966,-74,-0.13724544678956935,22.055714232723766,22.192959679513336,1073,1.9900589784487555,36749,35172,1577,2.9248117511777143,68.15720167662005,65.23238992544233,49714,48211,1503,2.787566304388145,92.20297488779258,89.41540858340443,4204,5707,-1503,-2.787566304388145,7.797025112207426,10.58459141659557,4104.33,2016-02-22,2016-02-22,4231.27,0.030928312294576932,2016-02-23,2016-02-23,4162.54,0.01418258278452278,2016-02-24,2016-02-24,4200.66,0.023470334987683694,2016-02-25,2016-02-25,4241.06,0.03331359807812739,2016-02-26,2016-02-26,4235.62,0.031988168592681276,0.030928312294576932,-0.016243350105287657,0.00915786995440282,0.009617536291916196,-0.0012826981933763415,0.0010280601332459671,0.03964993160747743,-3.5090165028338722,-1998.0,-1.2347417625094899,2.2742747403243833,6.126592270612715,3404.0,1.8170804050207323,-4.309511865591972,2.6175757677788427,1406.0,0.19428258818862787,-2.4232931795902033,-2.6175757677788427,-1406.0,-0.19428258818863497,2.423293179590207,0.01418258278452278,0.05586295448952683,0.03927072140885368,0.06401775685678301,0.05317067584721502,0.16881196200110615,0.28427051431049644,20.0,NASDAQ-100 Index x $20,82086.6,976173847.2,982248255.6,-6074408.4,-164009026.8,-483490074.00000006,3016600463.4,2887149895.2000003,129450568.2,279422786.40000004,691661691.6,4080853232.4,3957477072.6000004,123376159.80000001,115413759.60000001,208171617.60000002,345092066.40000004,468468226.20000005,-123376159.80000001,-115413759.60000001,-208171617.60000002
2016-02-23,NASDAQ-100 Consolidated - CHICAGO MERCANTILE EXCHANGE,52133,11632,11057,575,1.1029482285692365,22.31216312124758,21.20921489267834,1166,2.236587190455182,35614,34318,1296,2.485949398653444,68.31373602133006,65.82778662267663,48411,46541,1870,3.5869794563903863,92.86056816220054,89.27358870581014,3722,5593,-1871,-3.5888976272226807,7.139431837799474,10.728329465022155,4162.54,2016-02-29,2016-02-29,4201.12,0.009268379402960658,2016-03-01,2016-03-01,4333.61,0.04109750296693848,2016-03-02,2016-03-02,4334.39,0.041284888553623666,2016-03-03,2016-03-03,4325.86,0.03923565899667025,2016-03-04,2016-03-04,4329.0,0.03999000610204351,0.009268379402960658,0.03153682827436488,0.00017998850842615433,-0.001967981653704598,0.0007258672264012223,0.030439501847126404,0.01418258278452278,1.2401936753588059,649.0,0.2564488885238134,-0.9837447868349969,-0.4388623525242701,-281.0,0.1565343447100105,0.5953966972342926,0.7994131520022414,367.0,0.657593274407958,-0.14181987759428694,-0.8013313228345358,-368.0,-0.6575932744079518,0.14373804842658444,0.04109750296693848,0.02473729982174344,0.04913826653918041,0.06608465023759535,0.0676894396210006,0.15758166888486347,0.28544830800424736,20.0,NASDAQ-100 Index x $20,83250.8,968373305.6,920504095.6,47869210.0,54029769.2,-456547387.2,2964893991.2000003,2857000954.4,107893036.8,-23393474.8,619885456.8000001,4030254478.8,3874575482.8,155678996.0,30553043.6,163338069.6,309859477.6,465621724.40000004,-155762246.8,-30636294.400000002,-163421320.4
2016-03-01,NASDAQ-100 Consolidated - CHICAGO MERCANTILE EXCHANGE,51617,12650,9870,2780,5.385822500339035,24.507429722765757,19.12160722242672,1472,2.851773640467288,33246,35084,-1838,-3.560842358137823,64.40901253463007,67.96985489276788,47368,46425,943,1.8269174884243562,91.7682158978631,89.94129840943876,4249,5192,-943,-1.8269174884243562,8.231784102136892,10.058701590561249,4333.61,2016-03-07,2016-03-07,4303.33,-0.006987246198896457,2016-03-08,2016-03-08,4265.51,-0.01571438131257763,2016-03-09,2016-03-09,4293.23,-0.009317866628515303,2016-03-10,2016-03-10,4286.97,-0.010762389785882731,2016-03-11,2016-03-11,4361.83,0.006511891933053571,-0.006987246198896457,-0.008788542826136947,0.006498636739803443,-0.001458109628414861,0.01746221690378036,0.013594123620545018,0.04109750296693848,4.282874271769799,2205.0,2.1952666015181777,-2.087607670251618,-6.046791756791267,-3134.0,-3.904723486699993,2.142068270091258,-1.76006196796603,-927.0,-1.0923522643374355,0.667709703628617,1.7619801387983245,928.0,1.0923522643374177,-0.6696278744609057,-0.01571438131257763,0.007723353047459414,0.024000775335113245,0.030946485724373085,0.04390796587602508,0.10208117481730006,0.22999300813871137,20.0,NASDAQ-100 Index x $20,86672.2,1096403330.0,855454614.0,240948716.0,191112201.0,-135988681.79999998,2881503961.2,3040807464.7999997,-159303503.6,-271630674.8,150029578.2,4105488769.6,4023756885.0,81731884.6,-80345129.39999999,14127568.6,368270177.8,450002062.4,-81731884.6,80431801.6,-14127568.6
2016-03-08,NASDAQ-100 Consolidated - CHICAGO MERCANTILE EXCHANGE,52461,13088,11732,1356,2.5847772631097388,24.94805665160786,22.36327938849812,1322,2.5199672137397306,33880,34405,-525,-1.0007434093898324,64.58130801929052,65.58205142868036,48290,47458,832,1.5859400316425534,92.04933188463811,90.46339185299556,4171,5003,-832,-1.5859400316425534,7.9506681153618874,9.536608147004442,4265.51,2016-03-14,2016-03-14,4367.33,0.023870533652482262,2016-03-15,2016-03-15,4367.08,0.02381192401377552,2016-03-16,2016-03-16,4404.2,0.03251428316895266,2016-03-17,2016-03-17,4400.26,0.03159059526293451,2016-03-18,2016-03-18,4410.83,0.03406861078745549,0.023870533652482262,-5.724321267230881e-05,0.008499958782527406,-0.0008946006085099878,0.002402130783180967,0.009960319004975515,-0.01571438131257763,-2.8010452372292964,-1424.0,0.44062692884210364,3.2416721660713996,2.5600989487479904,1313.0,0.1722954846604523,-2.3878034640875256,-0.24097745678180282,-111.0,0.2811159867750064,0.5220934435567983,0.24097745678180282,111.0,-0.2811159867750046,-0.5220934435568072,0.02381192401377552,0.04034921967127025,0.04740582017156214,0.04811616899268789,0.05804229740406197,0.1322233449224126,0.254546349674482,20.0,NASDAQ-100 Index x $20,85310.20000000001,1116539897.6000001,1000859266.4000001,115680631.20000002,-121481724.80000001,-48456193.60000001,2890309576.0000005,2935097431.0000005,-44787855.00000001,112012292.60000001,111073880.40000002,4119629558.0000005,4048651471.6000004,70978086.4,-9469432.200000001,62702997.00000001,355828844.20000005,426806930.6000001,-70978086.4,9469432.200000001,-62702997.00000001
2016-03-15,NASDAQ-100 Consolidated - CHICAGO MERCANTILE EXCHANGE,55478,10298,11178,-880,-1.5862143552399148,18.56231298893255,20.148527344172464,1600,2.884026100436209,39054,37561,1493,2.6911568549695377,70.39547207902231,67.70431522405278,50951,50339,612,1.1031399834168498,91.8400086520783,90.73686866866146,4527,5139,-612,-1.1031399834168498,8.159991347921698,9.263131331338549,4367.08,2016-03-21,2016-03-21,4426.98,0.013716258919002966,2016-03-22,2016-03-22,4437.62,0.016152669518305185,2016-03-23,2016-03-23,4402.56,0.008124421810454585,2016-03-24,2016-03-24,4405.53,0.0088045101074401,2016-03-25,2016-03-28,4398.07,0.007096274856425833,0.013716258919002966,0.00240344433451245,-0.007900631419544557,0.0006746075010901631,-0.0016933263421200495,-0.006530411251010837,0.02381192401377552,-4.170991618349653,-2236.0,-6.38574366267531,-2.2147520443256568,3.6919002643593704,2018.0,5.8141640597317945,2.122263795372419,-0.48280004822570355,-220.0,-0.2093232325598109,0.27347681566590154,0.48280004822570355,220.0,0.2093232325598109,-0.27347681566589266,0.016152669518305185,0.02304514687159398,0.023738974326094286,0.029530029218608256,0.013242257984740435,0.08146633448436957,0.23244135669600752,20.0,NASDAQ-100 Index x $20,87341.6,899443796.8000001,976304404.8000001,-76860608.0,-195295817.60000002,-70397329.60000001,3411038846.4,3280637837.6000004,130401008.80000001,176255348.8,-7336694.4,4450141861.6,4396688802.400001,53453059.2,-19215152.0,-77821365.60000001,395395423.20000005,448848482.40000004,-53453059.2,19215152.0,77821365.60000001
2016-03-22,NASDAQ-100 Consolidated - CHICAGO MERCANTILE EXCHANGE,42279,11788,10196,1592,3.765462759289482,27.881454149814328,24.115991390524847,1092,2.5828425459447955,25139,26278,-1139,-2.6940088459991958,59.45977908654415,62.153787932543345,38019,37566,453,1.0714539132902858,89.92407578230328,88.85262186901298,4261,4714,-453,-1.0714539132902858,10.078289458123418,11.149743371413704,4437.62,2016-03-28,2016-03-28,4398.07,-0.00891243504401007,2016-03-29,2016-03-29,4467.72,0.006782915166237746,2016-03-30,2016-03-30,4490.88,0.012001928961921093,2016-03-31,2016-03-31,4483.66,0.010374930706099184,2016-04-01,2016-04-01,4532.08,0.021286184936970765,-0.00891243504401007,0.0158364919157723,0.005183852166205538,-0.0016077027219609796,0.010799213142834274,0.030470183512313342,0.016152669518305185,5.351677114529396,2472.0,9.319141160881777,3.967464046352383,-5.3851657009687335,-2632.0,-10.93569299247816,-5.550527291509432,-0.03168607012656399,-159.0,-1.9159328697750198,-1.88424679964848,0.03168607012656399,159.0,1.9182981102017198,1.8866120400751552,0.006782915166237746,0.007465713603237889,0.013164714418990364,0.022415168491218385,-0.005457880575623908,0.08283719651524923,0.2016644056949446,20.0,NASDAQ-100 Index x $20,88752.4,1046213291.1999999,904919470.4,141293820.79999998,219395932.79999998,90261190.8,2231146583.6,2332235567.2,-101088983.6,-233596316.79999998,-216112094.0,3374277495.6,3334072658.3999996,40204837.199999996,-14111631.6,-125762150.8,378173976.4,418378813.59999996,-40204837.199999996,14111631.6,125850903.19999999
2016-03-29,NASDAQ-100 Consolidated - CHICAGO MERCANTILE EXCHANGE,44012,14524,10298,4226,9.601926747250749,33.00009088430428,23.39816413705353,858,1.9494683268199582,23725,28436,-4711,-10.70389893665364,53.90575297646096,64.6096519131146,39107,39592,-485,-1.10197218940289,88.8553121875852,89.95728437698808,4905,4420,485,1.10197218940289,11.144687812414796,10.042715623011905,4467.72,2016-04-04,2016-04-04,4511.7,0.009843947248260765,2016-04-05,2016-04-05,4470.75,0.0006781982756305371,2016-04-06,2016-04-06,4543.78,0.017024343513022178,2016-04-07,2016-04-07,4475.29,0.0016943765500074814,2016-04-08,2016-04-08,4474.93,0.0016137985370614505,0.009843947248260765,-0.00907640135647314,0.01633506682323982,-0.015073353023253744,-8.044171439158809e-05,-0.008149921315690256,0.006782915166237746,5.836463987961267,2634.0,5.11863673448995,-0.7178272534713166,-8.009890090654444,-3572.0,-5.554026110083193,2.4558639805712588,-2.173426102693176,-938.0,-1.068763594718078,1.1046625079751067,2.173426102693176,938.0,1.066398354291378,-1.1070277484017996,0.0006781982756305371,0.006338803685101091,0.015526935439105438,-0.0033014602526568737,-0.039673479985316895,0.08930505940390177,0.2102839927300726,20.0,NASDAQ-100 Index x $20,89354.40000000001,1297783305.6000001,920171611.2,377611694.40000004,235359489.60000002,129206462.4,2119933140.0000002,2540881718.4,-420948578.40000004,-319173916.8,-256715191.20000002,3494382520.8,3537719404.8,-43336884.00000001,-83814427.2,-127598083.20000002,438283332.00000006,394946448.00000006,43336884.00000001,83814427.2,127598083.20000002
2016-04-05,NASDAQ-100 Consolidated - CHICAGO MERCANTILE EXCHANGE,43356,14237,8379,5858,13.511394040040594,32.83743887812528,19.326044838084695,735,1.695267091060061,23499,29809,-6310,-14.553925638896578,54.200110711320235,68.75403635021681,38472,38923,-451,-1.040225113017806,88.73512316634375,89.77534827936157,4883,4432,451,1.040225113017806,11.262570347818064,10.222345234800258,4470.75,2016-04-11,2016-04-11,4458.71,-0.002693060448470619,2016-04-12,2016-04-12,4496.04,0.005656768998490103,2016-04-13,2016-04-13,4554.72,0.018782083543029682,2016-04-14,2016-04-14,4554.62,0.0187597159313313,2016-04-15,2016-04-15,4543.16,0.01619638763071074,-0.002693060448470619,0.008372376763682743,0.013051485307070232,-2.1955246425786612e-05,-0.00251612648256061,0.018940455871765627,0.0006781982756305371,3.909467292789845,1632.0,-0.16265200617899467,-4.072119298968836,-3.8500267022429373,-1599.0,0.2943577348592754,4.144384437102204,0.06174707638508403,34.0,-0.12018902124144404,-0.18193609762651874,-0.06174707638508403,-34.0,0.11788253540326821,0.17962961178835357,0.005656768998490103,0.014838673600626295,-0.003976961359950737,-0.028934742492870202,-0.013420567018956553,0.08694738019347992,0.21688978359335676,20.0,NASDAQ-100 Index x $20,89415.0,1273001355.0,749208285.0,523793070.0,145925280.0,402546330.0,2101163085.0,2665371735.0,-564208650.0,-142974585.0,-517265775.0,3439973880.0,3480300045.0,-40326165.0,3040110.0,-114719445.0,436613445.0,396287280.0,40326165.0,-3040110.0,114719445.0
2016-04-12,NASDAQ-100 Consolidated - CHICAGO MERCANTILE EXCHANGE,44895,15202,7579,7623,16.979619111259606,33.861231763002564,16.881612651742955,514,1.144893640717229,24037,32657,-8620,-19.200356387125513,53.54048335003898,72.74083973716449,39753,40750,-997,-2.2207372758659094,88.54660875375878,90.76734602962469,5142,4145,997,2.2207372758659094,11.453391246241228,9.23265397037532,4496.04,2016-04-18,2016-04-18,4565.42,0.015431357372265309,2016-04-19,2016-04-19,4537.09,0.009130256848248752,2016-04-20,2016-04-20,4540.44,0.009875356980809658,2016-04-21,2016-04-21,4540.8,0.009955427442816411,2016-04-22,2016-04-22,4474.19,-0.00485983220789854,0.015431357372265309,-0.00620534364855807,0.0007383587277307591,7.928746993690616e-05,-0.014669221282593514,-0.019982827428801864,0.005656768998490103,3.4682250712190115,1765.0,1.023792884877281,-2.4444321863417393,-4.646430748228935,-2310.0,-0.6596273612812524,3.9868033869476847,-1.1805121628481035,-546.0,-0.18851441258497914,0.9919977502631241,1.1805121628481035,546.0,0.19082089842316385,-0.9896912644249376,0.009130256848248752,-0.009579541107285428,-0.03439693597032045,-0.020907287301714428,0.018142632182987617,0.07247933737244328,0.20070106137845745,20.0,NASDAQ-100 Index x $20,89920.8,1366976001.6000001,681509743.2,685466258.4,158710212.0,764596562.4,2161426269.6,2936543565.6,-775117296.0,-207717048.0,-909369050.4,3574621562.4,3664272600.0,-89651037.60000001,-49096756.800000004,-144682567.20000002,462372753.6,372721716.0,89651037.60000001,49096756.800000004,144682567.20000002
2016-04-19,NASDAQ-100 Consolidated - CHICAGO MERCANTILE EXCHANGE,47078,17729,7631,10098,21.449509324950082,37.658779047538125,16.209269722588047,542,1.1512808530523813,23872,34644,-10772,-22.881175920812268,50.707336760270195,73.58851268108246,42144,42817,-673,-1.4295424614469603,89.51952079527592,90.94906325672288,4934,4261,673,1.4295424614469603,10.480479204724075,9.050936743277115,4537.09,2016-04-25,2016-04-25,4474.13,-0.013876735969531095,2016-04-26,2016-04-26,4452.97,-0.01854051826170522,2016-04-27,2016-04-27,4416.63,-0.026550057415656303,2016-04-28,2016-04-28,4363.99,-0.038152207692595974,2016-04-29,2016-04-29,4341.3,-0.043153210538032116,-0.013876735969531095,-0.004729411081036972,-0.008160845458199839,-0.011918589512818656,-0.0051993703010317915,-0.02968845339764381,0.009130256848248752,4.469890213690476,2475.0,3.797547284535561,-0.6723429291549081,-3.680819533686755,-2152.0,-2.8331465897687877,0.8476729439179707,0.7911948144189491,324.0,0.9729120415171479,0.18171722709818994,-0.7911948144189491,-324.0,-0.9729120415171533,-0.18171722709820592,-0.01854051826170522,-0.04313337403489903,-0.029765774979116588,-0.04728361130151704,0.01458864602641774,0.0667013438128845,0.18835200536026386,20.0,NASDAQ-100 Index x $20,90741.8,1608761372.2,692450675.8000001,916310696.4,224585955.0,771849750.8000001,2166188249.6,3143658919.2000003,-977470669.6,-195276353.6,-874115759.4,3824222419.2000003,3885291650.6,-61069231.4,29400343.2,-102175266.8,447720041.2,386650809.8,61069231.4,-29400343.2,102175266.8
2016-04-26,NASDAQ-100 Consolidated - CHICAGO MERCANTILE EXCHANGE,45360,15658,8295,7363,16.23236331569665,34.51940035273368,18.287037037037038,538,1.1860670194003526,23730,32287,-8557,-18.86463844797178,52.31481481481482,71.1794532627866,39926,41120,-1194,-2.6322751322751325,88.02028218694885,90.65255731922399,5434,4240,1194,2.6322751322751325,11.979717813051147,9.347442680776014,4452.97,2016-05-02,2016-05-02,4381.3,-0.016094876004105085,2016-05-03,2016-05-03,4341.39,-0.025057433578038912,2016-05-04,2016-05-04,4312.01,-0.03165527726438755,2016-05-05,2016-05-05,4309.48,-0.03222343739122446,2016-05-06,2016-05-06,4330.17,-0.027577100227488605,-0.016094876004105085,-0.009109168511628907,-0.0067674178085820325,-0.0005867333331788238,0.0048010432813241355,-0.01167005226759188,-0.01854051826170522,-5.217146009253433,-2735.0,-3.139378694804442,2.077767314448991,4.016537472840486,2215.0,1.6074780545446217,-2.4090594182958682,-1.2027326708281723,-521.0,-1.499238608327076,-0.29650593749889254,1.2027326708281723,521.0,1.4992386083270723,0.29650593749889964,-0.025057433578038912,-0.011437310379364796,-0.02928607199240052,-0.0019470151382111611,0.049212098891301626,0.09846911162662209,0.24595270123086377,20.0,NASDAQ-100 Index x $20,89059.40000000001,1394492085.2,738747723.0000001,655744362.2,-243577459.00000003,279379337.8,2113379562.0000002,2875460847.8,-762081285.8000001,197266571.00000003,-342522452.40000004,3555785604.4000006,3662122528.0000005,-106336923.60000001,-46399947.400000006,-63143114.60000001,483948779.6,377611856.00000006,106336923.60000001,46399947.400000006,63143114.60000001
2016-05-03,NASDAQ-100 Consolidated - CHICAGO MERCANTILE EXCHANGE,48150,14503,12637,1866,3.8753894080996885,30.120456905503634,26.245067497403944,673,1.3977154724818277,28170,30256,-2086,-4.332294911734165,58.504672897196265,62.836967808930424,43346,43566,-220,-0.4569055036344756,90.02284527518172,90.4797507788162,4804,4584,220,0.4569055036344756,9.977154724818277,9.5202492211838,4341.39,2016-05-09,2016-05-09,4341.23,-3.685455579915953e-05,2016-05-10,2016-05-10,4402.04,0.013970180057539139,2016-05-11,2016-05-11,4361.03,0.004523896724320853,2016-05-12,2016-05-12,4342.81,0.0003270841827156534,2016-05-13,2016-05-13,4326.53,-0.003422866869827512,-3.685455579915953e-05,0.014007550855402728,-0.00931613524638586,-0.004177912098747183,-0.003748724903921752,-0.0033861371086074676,-0.025057433578038912,-12.35697390759696,-5497.0,-4.3989434472300495,7.958030460366906,14.532343536237617,6471.0,6.189858082381448,-8.34248545385617,2.1753696286406567,974.0,2.0025630882328755,-0.17280654040779098,-2.1753696286406567,-974.0,-2.00256308823287,0.17280654040778565,0.013970180057539139,-0.004337320535588773,0.023704389607936527,0.04203722770817642,0.0870274266997435,0.09802160137651739,0.30006057967609445,20.0,NASDAQ-100 Index x $20,86827.8,1259263583.4,1097242908.6000001,162020674.8,-477292416.6,-346616577.6,2445939126.0,2627061916.8,-181122790.8,561862693.8000001,366760627.2,3763637818.8,3782739934.8,-19102116.0,84570277.2,20057221.8,417120751.2,398018635.2,19102116.0,-84570277.2,-20057221.8
2016-05-10,NASDAQ-100 Consolidated - CHICAGO MERCANTILE EXCHANGE,46611,11035,12899,-1864,-3.9990560168200644,23.674669069532943,27.673725086353006,1089,2.3363583703417645,29957,27858,2099,4.503228851558645,64.27023663941988,59.76700778786124,42081,41847,234,0.5020274184205445,90.28126407929459,89.77923666087403,4530,4765,-235,-0.504172834738581,9.718735920705413,10.222908755443994,4402.04,2016-05-16,2016-05-16,4380.48,-0.0048977292346277235,2016-05-17,2016-05-17,4322.56,-0.01805526528609458,2016-05-18,2016-05-18,4338.23,-0.014495552062225747,2016-05-19,2016-05-19,4315.58,-0.019640893767435053,2016-05-20,2016-05-20,4362.9,-0.008891332200525293,-0.0048977292346277235,-0.0132222952735771,0.0036251665679596368,-0.005221023320570728,0.010964922443796654,-0.00401325882095116,0.013970180057539139,-7.874445424919752,-3730.0,-6.445787835970691,1.4286575889490614,8.835523763292809,4185.0,5.765563742223613,-3.0699600210691855,0.9589329220550201,454.0,0.2584188041128641,-0.7005141179421628,-0.9610783383730566,-455.0,-0.2584188041128641,0.702659534260194,-0.01805526528609458,0.009600094501640122,0.027680348202197225,0.025226940236799278,0.08943807870896214,0.09152120380550843,0.2899269429628082,20.0,NASDAQ-100 Index x $20,88040.8,971530228.0,1135638279.2,-164108051.20000002,-328392184.0,-835243069.6,2637438245.6,2452640606.4,184797639.20000002,368450748.0,943709335.2,3704844904.8,3684243357.6,20601547.2,39970523.2,108378224.8,398824824.0,419514412.0,-20689588.0,-40058564.0,-108466265.60000001
2016-05-17,NASDAQ-100 Consolidated - CHICAGO MERCANTILE EXCHANGE,44755,9160,10680,-1520,-3.39626857334376,20.466986928834768,23.863255502178525,993,2.2187465087699696,30601,27839,2762,6.171377499720702,68.37448329795554,62.20310579823484,40754,39512,1242,2.7751089263769413,91.06021673556027,88.28510780918333,4001,5243,-1242,-2.7751089263769413,8.939783264439727,11.714892190816668,4322.56,2016-05-23,2016-05-23,4355.1,0.0075279464021320575,2016-05-24,2016-05-24,4444.3,0.02816386585726982,2016-05-25,2016-05-25,4476.43,0.035596961060112564,2016-05-26,2016-05-26,4487.96,0.03826436185963855,2016-05-27,2016-05-27,4512.54,0.04395080692922693,0.0075279464021320575,0.0204817340589194,0.007229484958261256,0.002575713235770438,0.005476875907984846,0.036150719845698065,-0.01805526528609458,0.6027874434763043,344.0,-3.207682140698175,-3.8104695841744807,1.6681486481620569,663.0,4.104246658535658,2.4360980103735983,2.273081507956397,1008.0,0.7789526562656874,-1.4941288516907036,-2.2709360916383603,-1007.0,-0.7789526562656857,1.4919834353726742,0.02816386585726982,0.04657656573882152,0.044078046342907795,0.023678098164050754,0.10980298711874426,0.10223339872668036,0.32431707136511667,20.0,NASDAQ-100 Index x $20,86451.20000000001,791892992.0000001,923298816.0000001,-131405824.00000001,29739212.800000004,-1004390041.6000001,2645493171.2000003,2406714956.8,238778214.40000004,57317145.60000001,1170030540.8000002,3523232204.8000007,3415859814.4000006,107372390.40000002,87142809.60000001,165554048.00000003,345891251.20000005,453263641.6000001,-107372390.40000002,-87056358.4,-165554048.00000003
2016-05-24,NASDAQ-100 Consolidated - CHICAGO MERCANTILE EXCHANGE,44271,14308,8267,6041,13.645501569876442,32.31912538682207,18.673623816945632,918,2.0735921935352715,24126,29626,-5500,-12.423482641006528,54.49617130853155,66.91965394953807,39352,38810,542,1.2242777438955526,88.88888888888889,87.66461114499333,4919,5460,-541,-1.2220189288699148,11.11111111111111,12.333130039981025,4444.3,2016-05-30,2016-05-31,4523.89,0.017908332020790674,2016-05-31,2016-05-31,4523.89,0.017908332020790674,2016-06-01,2016-06-01,4520.07,0.01704880408613274,2016-06-02,2016-06-02,4531.35,0.0195868865738138,2016-06-03,2016-06-03,4509.79,0.014735728911189572,0.017908332020790674,0.0,-0.0008444060310928148,0.00249553657354884,-0.0047579639621747605,-0.0031167866592689553,0.02816386585726982,17.0417701432202,7561.0,11.852138457987305,-5.189631685232893,-18.594860140727228,-8262.0,-13.878311989423985,4.716548151303236,-1.5508311824813887,-700.0,-2.171327846671389,-0.62049666419,1.5530899975070265,701.0,2.1713278466713835,0.6182378491643572,0.017908332020790674,0.01547825304322381,-0.004362891793983414,-0.006952725963593975,0.08419323628017894,0.09664964111333618,0.2832954571023558,20.0,NASDAQ-100 Index x $20,88886.0,1271780888.0,734820562.0,536960326.0,672067046.0,-117507292.0,2144463636.0,2633336636.0,-488873000.0,-734376132.0,271724502.0,3497841872.0,3449665660.0,48176212.0,-62220200.0,154306096.0,437230234.0,485317560.0,-48087326.0,62309086.0,-154217210.0
2016-05-31,NASDAQ-100 Consolidated - CHICAGO MERCANTILE EXCHANGE,46379,19443,8450,10993,23.702537786498198,41.92199055607064,18.219452769572435,443,0.9551736777420815,21550,32042,-10492,-22.622307509864378,46.46499493305159,69.08730244291597,41436,40935,501,1.0802302766338212,89.3421591668643,88.2619288902305,4943,5444,-501,-1.0802302766338212,10.657840833135685,11.738071109769507,4523.89,2016-06-06,2016-06-06,4523.63,-5.7472661802115965e-05,2016-06-07,2016-06-07,4513.09,-0.0023873259517804835,2016-06-08,2016-06-08,4520.63,-0.0007206187595190094,2016-06-09,2016-06-09,4512.69,-0.0024757454314762173,2016-06-10,2016-06-10,4461.05,-0.01389070026017436,-5.7472661802115965e-05,-0.00232998720054467,0.0016706956874337209,-0.0017563923612418098,-0.011443285490472244,-0.013834022676478819,0.017908332020790674,10.057036216621755,4952.0,9.602865169248567,-0.45417104737319747,-10.19882486885785,-4992.0,-8.031176375479959,2.1676484933778966,-0.14404746726173134,-41.0,0.4532702779754203,0.597317745237163,0.1417886522360936,40.0,-0.45327027797542563,-0.5950589302115183,-0.0023873259517804835,-0.021879400250669367,-0.0244236707789095,-0.051597187376350884,0.05572637707813399,0.07721673161814269,0.280895424070877,20.0,NASDAQ-100 Index x $20,90477.8,1759159865.4,764537410.0,994622455.4,448046065.6,825790880.6,1949796590.0,2899089667.6,-949293077.6,-451665177.6,-760556386.8000001,3749038120.8,3703708743.0,45329377.800000004,-3709589.8000000003,65234493.800000004,447231765.40000004,492561143.2,-45329377.800000004,3619112.0,-65234493.800000004
2016-06-07,NASDAQ-100 Consolidated - CHICAGO MERCANTILE EXCHANGE,48764,19837,7293,12544,25.723894676400622,40.67959970470019,14.955705028299565,333,0.6828808137150356,23159,36345,-13186,-27.04043966860799,47.492002296776306,74.5324419653843,43329,43971,-642,-1.3165449922073662,88.85448281519153,90.1710278073989,5435,4793,642,1.3165449922073662,11.145517184808465,9.828972192601098,4513.09,2016-06-13,2016-06-13,4422.76,-0.02001511159759717,2016-06-14,2016-06-14,4424.91,-0.019538719591233544,2016-06-15,2016-06-15,4409.51,-0.022951015822861964,2016-06-16,2016-06-16,4424.23,-0.01968939241185097,2016-06-17,2016-06-17,4374.38,-0.03073503962916757,-0.02001511159759717,0.0004861217882046187,-0.00348029677439754,0.0033382393962140267,-0.01126749739502686,-0.010938870750391128,-0.0023873259517804835,2.0213568899024246,1551.0,-1.2423908513704518,-3.2637477412728693,-4.418132158743614,-2694.0,1.0270073637247137,5.445139522468324,-2.3967752688411874,-1143.0,-0.4876763516727749,1.9090989171684072,2.3967752688411874,1143.0,0.48767635167278023,-1.909098917168409,-0.019538719591233544,-0.022089078657859806,-0.04932762253799505,-0.022676259502912632,0.07011160867609556,0.06106237633195888,0.29772949353990286,20.0,NASDAQ-100 Index x $20,90261.8,1790523326.6000001,658279307.4,1132244019.2,139996051.8,1300492014.4,2090373026.2,3280565121.0,-1190192094.8,-243165289.20000002,-1379651613.0,3910953532.2000003,3968901607.8,-57948075.6,-103169237.4,-79069336.8,490572883.0,432624807.40000004,57948075.6,103169237.4,79159598.60000001
2016-06-14,NASDAQ-100 Consolidated - CHICAGO MERCANTILE EXCHANGE,57521,23825,7186,16639,28.926826724152914,41.41965543019071,12.492828706037795,1701,2.957180855687488,26691,43761,-17070,-29.676118287234228,46.402183550355524,76.07830183758975,52217,52648,-431,-0.7492915630813095,90.77901983623372,91.52831139931503,5304,4873,431,0.7492915630813095,9.220980163766276,8.471688600684967,4424.91,2016-06-20,2016-06-20,4400.16,-0.00559333410171059,2016-06-21,2016-06-21,4413.4,-0.00260118284891675,2016-06-22,2016-06-22,4404.73,-0.004560544734243277,2016-06-23,2016-06-23,4467.48,0.009620534654942059,2016-06-24,2016-06-24,4285.7,-0.03146052688077272,-0.00559333410171059,0.00300898149158213,-0.001964471835772863,0.014246049133544991,-0.04068960577327707,-0.026012690447620113,-0.019538719591233544,3.2029320477522916,4095.0,0.7400557254905209,-2.4628763222617707,-2.635678618626237,-3884.0,-1.0898187464207822,1.5458598722054546,0.5672534291260567,211.0,1.924537021042184,1.3572835919161292,-0.5672534291260567,-211.0,-1.9245370210421893,-1.357283591916131,-0.00260118284891675,-0.030382538853897523,-0.0032000650860695146,0.03450917645782625,0.06733244291974305,0.11546675525603911,0.2998727657737672,20.0,NASDAQ-100 Index x $20,88498.2,2108469615.0,635948065.1999999,1472521549.8,362400129.0,1607038813.8,2362105456.2,3872769730.2,-1510664274.0,-343727008.8,-1755096302.3999999,4621110509.4,4659253233.599999,-38142724.199999996,18673120.2,-148057488.6,469394452.8,431251728.59999996,38142724.199999996,-18673120.2,148057488.6
2016-06-21,NASDAQ-100 Consolidated - CHICAGO MERCANTILE EXCHANGE,43667,21007,5689,15318,35.079121533423404,48.10726635674537,13.028144823321961,478,1.094648132457004,17536,33497,-15961,-36.551629376874985,40.15847207273227,76.71010144960727,39022,39665,-643,-1.4725078434515766,89.36267662078914,90.83518446424073,4646,4003,643,1.4725078434515766,10.639613438065359,9.167105594613782,4413.4,2016-06-27,2016-06-27,4201.05,-0.048114832102233995,2016-06-28,2016-06-28,4290.47,-0.027853808854851003,2016-06-29,2016-06-29,4364.74,-0.011025513209770188,2016-06-30,2016-06-30,4417.7,0.0009743055240858389,2016-07-01,2016-07-01,4437.45,0.005449313454479521,-0.048114832102233995,0.021285154901750758,0.01731045782862939,0.012133597877536761,0.004470652149308529,0.05627164637412063,-0.00260118284891675,6.15229480927049,-1321.0,6.687610926554662,0.5353161172841663,-6.8755110896407565,1109.0,-6.2437114776232505,0.6317996120175167,-0.7232162803702671,-212.0,-1.41634321544457,-0.6931269350743037,0.7232162803702671,212.0,1.4186332742990828,0.6954169939288146,-0.027853808854851003,-0.0006004441020527329,0.03720714188607421,0.04302351928218617,0.08877962568541276,0.12244528028277535,0.2974826664249788,20.0,NASDAQ-100 Index x $20,88268.0,1854245876.0,502156652.0,1352089224.0,-116602028.0,818862236.0,1547867648.0,2956713196.0,-1408845548.0,97889212.0,-923371548.0,3444393896.0,3501150220.0,-56756324.0,-18712816.0,-104597580.0,410093128.0,353336804.0,56756324.0,18712816.0,104509312.0
2016-06-28,NASDAQ-100 Consolidated - CHICAGO MERCANTILE EXCHANGE,41211,16351,6989,9362,22.717235689500377,39.676300016985756,16.95906432748538,394,0.9560554220960422,20765,29004,-8239,-19.992235082866223,50.387032588386596,70.37926767125282,37509,36387,1122,2.722574070029846,91.01696149086409,88.29438742083424,3702,4825,-1123,-2.7250006066341514,8.983038509135909,11.708039115770061,4290.47,2016-07-04,2016-07-05,4410.75,0.02803422468867045,2016-07-05,2016-07-05,4410.75,0.02803422468867045,2016-07-06,2016-07-06,4444.7,0.035947110689504846,2016-07-07,2016-07-07,4459.58,0.03941526219738156,2016-07-08,2016-07-08,4528.36,0.055446139933387206,0.02803422468867045,0.0,0.007697103667176686,0.003347807501068667,0.015422977051650522,0.026664399478546708,-0.027853808854851003,-12.361885843923027,-5956.0,-8.430966339759614,3.930919504163418,16.55939429400876,7722.0,10.228560515654323,-6.330833778354446,4.195081913481423,1765.0,1.654284870074946,-2.540797043406485,-4.197508450085728,-1766.0,-1.6565749289294498,2.54093352115628,0.02803422468867045,0.06692506881530447,0.0729080963157882,0.08895062778669915,0.13430696403890474,0.15740466662160557,0.3219064578006605,20.0,NASDAQ-100 Index x $20,85809.40000000001,1403069499.4,599721896.6,803347602.8000001,-511080786.40000004,-139955131.4,1781832191.0000002,2488815837.6000004,-706983646.6,662620186.8000001,193328578.20000002,3218624784.6000004,3122346637.8,96278146.80000001,151453591.00000003,53287637.400000006,317666398.8,414030355.00000006,-96363956.2,-151539400.4,-53373446.800000004
2016-07-05,NASDAQ-100 Consolidated - CHICAGO MERCANTILE EXCHANGE,40019,15821,6895,8926,22.30440540743147,39.53372148229591,17.22931607486444,330,0.8246083110522502,20041,27845,-7804,-19.50073714985382,50.07871261150954,69.57944976136335,36192,35070,1122,2.803668257577651,90.43704240485769,87.63337414728004,3828,4950,-1122,-2.803668257577651,9.565456408206103,12.369124665783753,4410.75,2016-07-11,2016-07-11,4554.71,0.0326384401745734,2016-07-12,2016-07-12,4577.61,0.03783030096922291,2016-07-13,2016-07-13,4565.77,0.035145950235220935,2016-07-14,2016-07-14,4596.49,0.04211075213965865,2016-07-15,2016-07-15,4589.83,0.040600804851782524,0.0326384401745734,0.005027762470058317,-0.00258650256356463,0.006728328409008721,-0.001448931684829069,0.007710699473731486,0.02803422468867045,-0.4128302820689065,-436.0,-0.1425785346898465,0.27025174737906,0.4914979330124041,435.0,-0.30831997687705837,-0.7998179098894695,0.08109418754780462,0.0,-0.5799190860063987,-0.6610132735542038,-0.07866765094349937,1.0,0.5824178990701938,0.6610855500136914,0.03783030096922291,0.04365017287309403,0.05925522870260158,0.06993368474749184,0.10173326531768989,0.11349090290766872,0.26893612197472083,20.0,NASDAQ-100 Index x $20,88215.0,1395649515.0,608242425.0,787407090.0,-38461740.0,-319161870.0,1767916815.0,2456346675.0,-688429860.0,38373525.0,474773130.0,3192677280.0,3093700050.0,98977230.0,0.0,155611260.0,337687020.0,436664250.0,-98977230.0,88215.0,-155611260.0
2016-07-12,NASDAQ-100 Consolidated - CHICAGO MERCANTILE EXCHANGE,45807,20714,6255,14459,31.56504464383173,45.22016285720523,13.655118213373502,303,0.6614709542209706,19788,34362,-14574,-31.816097976291836,43.19863776278734,75.01473573907917,40805,40921,-116,-0.25323640491627913,89.08027157421354,89.33350797912982,5002,4887,115,0.25105333246010436,10.91972842578645,10.668675093326348,4577.61,2016-07-18,2016-07-18,4619.68,0.009190385375774879,2016-07-19,2016-07-19,4603.28,0.005607729797864058,2016-07-20,2016-07-20,4657.2,0.017386802283287706,2016-07-21,2016-07-21,4647.02,0.01516293436968219,2016-07-22,2016-07-22,4666.07,0.01932449465987718,0.009190385375774879,-0.0035500294392686316,0.011713386976243134,-0.0021858627501502026,0.004099401336770558,0.010041821078516033,0.03783030096922291,9.260639236400259,5533.0,5.686441374909322,-3.574197861490937,-12.315360826438017,-6770.0,-6.880074848722195,5.435285977715822,-3.05690466249393,-1238.0,-1.3567708306441517,1.700133831849783,3.0547215900377553,1237.0,1.3542720175803478,-1.700449572457405,0.005607729797864058,0.020643960494668656,0.030933172550741572,0.04765368827838112,0.05336846083436564,0.0999560906237098,0.2473321230948029,20.0,NASDAQ-100 Index x $20,91552.2,1896412270.8,572659011.0,1323753259.8,506558322.59999996,-199583796.0,1811634933.6,3145916696.4,-1334281762.8,-619808394.0,228514291.2,3735787521.0,3746407576.2,-10620055.2,-113341623.6,28838943.0,457944104.4,447415601.4,10528503.0,113250071.39999999,-28930495.2
2016-07-19,NASDAQ-100 Consolidated - CHICAGO MERCANTILE EXCHANGE,50432,24796,5537,19259,38.188055203045685,49.16719543147208,10.979140228426395,269,0.5333914974619289,20003,40305,-20302,-40.25618654822335,39.66330901015229,79.91949555837563,45068,46112,-1044,-2.0701142131979697,89.36389593908629,91.43401015228426,5365,4321,1044,2.0701142131979697,10.63808692893401,8.56797271573604,4603.28,2016-07-25,2016-07-25,4665.93,0.013609860794911555,2016-07-26,2016-07-26,4672.11,0.014952381779948176,2016-07-27,2016-07-27,4702.88,0.021636745972437144,2016-07-28,2016-07-28,4721.41,0.02566213656349392,2016-07-29,2016-07-29,4730.23,0.027578161658643463,0.013609860794911555,0.0013244947952497643,0.006585889458938343,0.003940138808559812,0.0018680860166770952,0.013780746817890321,0.005607729797864058,6.623010559213956,4800.0,3.9470325742668493,-2.6759779849471066,-8.440088571931511,-5728.0,-3.5353287526350528,4.9047598192964585,-1.8168778082816905,-928.0,0.28362436487275033,2.100502173154439,1.8190608807378654,929.0,-0.28164149685244055,-2.1007023775903075,0.014952381779948176,0.0251842164717333,0.04181149093689718,0.042124311360595135,0.051363375679950085,0.09588163222745516,0.277371787073565,20.0,NASDAQ-100 Index x $20,92065.59999999999,2282858617.6,509767227.1999999,1773091390.3999999,441914879.99999994,362830529.59999996,1841588196.7999997,3710704007.9999995,-1869115811.1999998,-527351756.79999995,-399656769.59999996,4149212460.7999997,4245328947.2,-96116486.39999999,-85436876.8,-36918305.599999994,493931943.99999994,397815457.59999996,96116486.39999999,85528942.39999999,36918305.599999994
2016-07-26,NASDAQ-100 Consolidated - CHICAGO MERCANTILE EXCHANGE,54783,29332,5275,24057,43.91325776244455,53.542157238559405,9.628899476114853,191,0.34864830330577007,19872,44786,-24914,-45.47761166785317,36.27402661409561,81.75163828194879,49395,50252,-857,-1.5643539054086122,90.1648321559608,91.7291860613694,5388,4531,857,1.5643539054086122,9.83516784403921,8.270813938630598,4672.11,2016-08-01,2016-08-01,4756.04,0.017964046223226893,2016-08-02,2016-08-02,4719.21,0.01008109826181336,2016-08-03,2016-08-03,4734.33,0.013317323436306205,2016-08-04,2016-08-04,4743.81,0.015346385252059669,2016-08-05,2016-08-05,4791.21,0.025491694330826986,0.017964046223226893,-0.007743837310031032,0.003203926080848296,0.002002395270291668,0.00999196848103101,0.007394807444849105,0.014952381779948176,5.725202559398866,4798.0,4.374961807087324,-1.3502407523115423,-5.221425119629821,-4612.0,-3.3892823960566787,1.8321427235731562,0.5057603077893575,187.0,0.8009362168745042,0.29517590908514535,-0.5057603077893575,-187.0,-0.8029190848947998,-0.2971587771054427,0.01008109826181336,0.026463418027401042,0.02677162994878124,0.0313284575919659,0.04694666863579844,0.09181076644171493,0.2693729385652308,20.0,NASDAQ-100 Index x $20,93442.2,2740846610.4,492907605.0,2247939005.4,448335675.59999996,1373133129.0,1856883398.3999999,4184902369.2,-2328018970.7999997,-430955426.4,-1558148685.0,4615577469.0,4695657434.4,-80079965.39999999,17473691.4,-184922113.79999998,503466573.59999996,423386608.2,80079965.39999999,-17473691.4,185015556.0
2016-08-02,NASDAQ-100 Consolidated - CHICAGO MERCANTILE EXCHANGE,56902,32123,5787,26336,46.28308319566975,56.453200239007415,10.170117043337669,296,0.5201926118589857,19015,45886,-26871,-47.22329619345542,33.417103089522335,80.64039928297775,51434,51969,-535,-0.9402129977856666,90.39049594038873,91.33070893817441,5469,4933,536,0.9419704052581631,9.611261467083757,8.669291061825595,4719.21,2016-08-08,2016-08-08,4784.74,0.01388579868240658,2016-08-09,2016-08-09,4795.75,0.01621881628492905,2016-08-10,2016-08-10,4783.39,0.013599733853759455,2016-08-11,2016-08-11,4803.31,0.01782077932535331,2016-08-12,2016-08-12,4807.08,0.01861964184683451,0.01388579868240658,0.0023010654706421274,-0.0025772819684094506,0.004164410595832724,0.0007848754296515548,0.004669010228351089,0.01008109826181336,2.369825433225195,2279.0,2.911043000448011,0.5412175672228159,-1.7456845256022504,-1957.0,-2.8569235245732756,-1.1112389989710323,0.6241409076229456,322.0,0.22566378442793678,-0.3984771231949935,-0.6223835001504491,-321.0,-0.223906376955453,0.39847712319499706,0.01621881628492905,0.016523952102152517,0.021035300399854906,0.012031674793026692,0.01011398094172522,0.08424291353849478,0.24918577473772086,20.0,NASDAQ-100 Index x $20,94384.2,3031903656.6,546201365.4,2485702291.2,215101591.79999998,1643228922.0,1794715563.0,4330913401.2,-2536197838.2,-184709879.4,-1799623541.3999999,4854556942.8,4905052489.8,-50495547.0,30391712.4,-156394619.4,516187189.8,465597258.59999996,50589931.199999996,-30297328.2,156489003.6
2016-08-09,NASDAQ-100 Consolidated - CHICAGO MERCANTILE EXCHANGE,57841,32121,5792,26329,45.51961411455542,55.533272246330455,10.013658131775038,330,0.5705295551598347,19577,46923,-27346,-47.277882470911635,33.846233640497225,81.12411611140887,52028,53046,-1018,-1.7599972337960963,89.95003544198752,91.71003267578361,5812,4795,1017,1.7582683563562178,10.048235680572603,8.289967324216386,4795.75,2016-08-15,2016-08-15,4827.12,0.006541208361570128,2016-08-16,2016-08-16,4797.19,0.0003002658603972197,2016-08-17,2016-08-17,4805.45,0.002022624198509071,2016-08-18,2016-08-18,4808.68,0.002696137204816873,2016-08-19,2016-08-19,4806.14,0.0021665015899494655,0.006541208361570128,-0.006200384494274069,0.0017218413279440625,0.0006721534923890271,-0.0005282114842326546,-0.0043462768690232245,0.01621881628492905,-0.7634690811143301,-7.0,-0.9199279926769606,-0.15645891156263048,-0.05458627745621669,-475.0,0.4291305509748895,0.4837168284311133,-0.8197842360104297,-483.0,-0.44046049840120816,0.379323737609198,0.8162979510980547,481.0,0.43697421348884546,-0.3793237376092087,0.0003002658603972197,0.0047396131991865875,-0.004120314862117502,0.007039566282646126,0.0019121096804461946,0.08134911119220156,0.23575040400354497,20.0,NASDAQ-100 Index x $20,95915.0,3080885715.0,555539680.0,2525346035.0,-671405.0,1138511050.0,1877727955.0,4500619545.0,-2622891590.0,-45559625.0,-1225026380.0,4990265620.0,5087907090.0,-97641470.0,-46326945.0,-86515330.0,557457980.0,459912425.0,97545555.0,46135115.0,86515330.0
2016-08-16,NASDAQ-100 Consolidated - CHICAGO MERCANTILE EXCHANGE,59338,32694,7105,25589,43.12413630388621,55.09791364724123,11.973777343355017,366,0.6168054197984428,19799,46129,-26330,-44.37291448987158,33.366476793960025,77.73939128383161,52859,53600,-741,-1.248778185985372,89.0811958609997,90.32997404698507,6479,5738,741,1.248778185985372,10.918804139000303,9.670025953014932,4797.19,2016-08-22,2016-08-22,4808.56,0.0023701375180054107,2016-08-23,2016-08-23,4818.48,0.00443801475447092,2016-08-24,2016-08-24,4783.49,-0.0028558385221347793,2016-08-25,2016-08-25,4775.43,-0.004535988776762867,2016-08-26,2016-08-26,4783.69,-0.0028141474488190266,0.0023701375180054107,0.0020629876719848728,-0.007261626072952443,-0.0016849622346862825,0.0017296871695322569,-0.005172026552647924,0.0003002658603972197,-2.395477810669206,-740.0,-0.435358599089227,1.960119211579979,2.904967981040052,1016.0,-0.4797568465371995,-3.3847248275772586,0.5112190478107244,277.0,-0.8688395809878244,-1.3800586287985368,-0.5094901703708459,-276.0,0.8705684584276998,1.3800586287985457,0.00443801475447092,-0.004419253771478671,0.006737277447839363,-0.015496571951496452,-0.006820659594470757,0.09878282911454428,0.23149802280084808,20.0,NASDAQ-100 Index x $20,95943.79999999999,3136786597.2,681680698.9999999,2455105898.2,-70998411.99999999,607324253.9999999,1899591296.1999998,4425791550.2,-2526200253.9999995,97478900.79999998,-578349226.4,5071493324.2,5142587679.999999,-71094355.8,26576432.599999998,29070971.399999995,621619880.1999999,550525524.4,71094355.8,-26480488.799999997,-29070971.399999995
2016-08-23,NASDAQ-100 Consolidated - CHICAGO MERCANTILE EXCHANGE,59466,32440,6814,25626,43.09353243870447,54.5521810782632,11.45864863955874,428,0.7197390105270238,20534,46962,-26428,-44.442202266841555,34.53065617327549,78.97285844011705,53402,54204,-802,-1.3486698281370868,89.80257626206571,91.1512460902028,6064,5262,802,1.3486698281370868,10.197423737934281,8.848753909797196,4818.48,2016-08-29,2016-08-29,4791.09,-0.005684365194002949,2016-08-30,2016-08-30,4775.99,-0.008818133519284066,2016-08-31,2016-08-31,4771.05,-0.009843353090601026,2016-09-01,2016-09-01,4783.94,-0.0071682356261725255,2016-09-02,2016-09-02,4798.74,-0.004096727598744798,-0.005684365194002949,-0.003151683646101522,-0.0010343405241635129,0.002701711363326531,0.003093684285337961,0.0015967139001771269,0.00443801475447092,-0.030603865181738854,37.0,-0.5457325689780248,-0.5151287037962771,-0.06928777696997201,-98.0,1.1641793793154633,1.2334671562854425,-0.09989164215171487,-61.0,0.7213804010660141,0.8212720432177321,0.09989164215171487,61.0,-0.7213804010660212,-0.8212720432177356,-0.008818133519284066,0.002289103617738597,-0.019846507612358955,-0.0027519051651141435,0.011489100297189303,0.11046014510800095,0.21891758396838856,20.0,NASDAQ-100 Index x $20,96369.59999999999,3126229823.9999995,656662454.4,2469567369.6,3565675.1999999997,151203902.39999998,1978853366.3999999,4525709155.2,-2546855788.7999997,-9444220.799999999,-145903574.39999998,5146329379.2,5223617798.4,-77288419.19999999,-5878545.6,5300327.999999999,584385254.4,507096835.1999999,77288419.19999999,5878545.6,-5300327.999999999
2016-08-30,NASDAQ-100 Consolidated - CHICAGO MERCANTILE EXCHANGE,61088,36144,6736,29408,48.14038763750655,59.16710319539026,11.026715557883708,274,0.4485332634887375,18737,48793,-30056,-49.201152435830274,30.67214510214772,79.87329753797799,55155,55803,-648,-1.0607647983237296,90.28778156102672,91.34854635935045,5932,5285,647,1.0591278156102673,9.710581456259822,8.651453640649555,4775.99,2016-09-05,2016-09-06,4829.51,0.011206053614015277,2016-09-06,2016-09-06,4829.51,0.011206053614015277,2016-09-07,2016-09-07,4831.86,0.011698098195348061,2016-09-08,2016-09-08,4804.0,0.005864752648142124,2016-09-09,2016-09-09,4681.54,-0.019776004556123383,0.011206053614015277,0.0,0.000486591807450365,-0.00576589553505269,-0.025491257285595315,-0.030638719041890417,-0.008818133519284066,5.046855198802078,3782.0,4.614922117127058,-0.43193308167503197,-4.758950168988719,-3628.0,-3.8585110711277686,0.9004390978609393,0.2879050298133572,154.0,0.48520529896100584,0.19730026914764665,-0.28954201252681955,-155.0,-0.4868422816744591,-0.19730026914764132,0.011206053614015277,-0.011126488958310143,0.006120197069089395,0.018995014646178143,0.020355989020077514,0.11606389460614452,0.22741881787859697,20.0,NASDAQ-100 Index x $20,95519.79999999999,3452467651.2,643421372.8,2809046278.3999996,361255883.59999996,293436825.59999996,1789754492.5999997,4660697601.4,-2870943108.7999997,-346545834.4,-304230562.99999994,5268394568.999999,5330291399.4,-61896830.39999999,14710049.199999997,-10793737.399999999,566623453.5999999,504822142.99999994,61801310.599999994,-14805568.999999998,10602697.799999999
2016-09-06,NASDAQ-100 Consolidated - CHICAGO MERCANTILE EXCHANGE,61802,35883,7137,28746,46.513057829843696,58.06122779198084,11.548169962137148,252,0.4077537943755865,19811,48729,-28918,-46.79136597521116,32.05559690624899,78.84696288146014,55946,56118,-172,-0.27830814536746384,90.52457849260541,90.80288663797288,5856,5684,172,0.27830814536746384,9.475421507394582,9.19711336202712,4829.51,2016-09-12,2016-09-12,4764.65,-0.013429933885632406,2016-09-13,2016-09-13,4722.85,-0.022085056247942325,2016-09-14,2016-09-14,4746.06,-0.01727918567308062,2016-09-15,2016-09-15,4819.9,-0.0019898499019570526,2016-09-16,2016-09-16,4818.05,-0.0023729115376094345,-0.013429933885632406,-0.008772942398706962,0.004914405496680985,0.015558168249031556,-0.0003838253905681377,0.01120753885385084,0.011206053614015277,-1.6273298076628535,-662.0,-1.1058754034094207,0.5214544042534399,2.4097864606191166,1138.0,1.3834518041012664,-1.0263346565178466,0.7824566529562658,476.0,0.23679693157869508,-0.5456597213775751,-0.7808196702428034,-475.0,-0.23515994886524005,0.5456597213775645,-0.022085056247942325,-0.005029495745945245,0.007702644781768742,0.006203527894134142,-0.008456344432458018,0.10803787547805044,0.22843311226190632,20.0,NASDAQ-100 Index x $20,96590.20000000001,3465946146.6000004,689364257.4000001,2776581889.2000003,-63942712.400000006,233458513.40000004,1913548452.2000003,4706743855.8,-2793195403.6000004,109919647.60000001,-151839794.4,5403835329.200001,5420448843.6,-16613514.400000002,45976935.2,81715309.2,565632211.2,549018696.8000001,16613514.400000002,-45880345.00000001,-81618719.00000001
2016-09-13,NASDAQ-100 Consolidated - CHICAGO MERCANTILE EXCHANGE,64292,26815,7582,19233,29.915074970447336,41.70814409257761,11.79306912213028,705,1.0965594475206868,30931,51011,-20080,-31.232501710943815,48.11018478193244,79.34268649287625,58451,59298,-847,-1.3174267404964848,90.91488832203073,92.23231506252722,5841,4994,847,1.3174267404964848,9.085111677969266,7.767684937472781,4722.85,2016-09-19,2016-09-19,4796.07,0.015503350731020271,2016-09-20,2016-09-20,4805.22,0.017440740231004614,2016-09-21,2016-09-21,4853.75,0.027716315360428512,2016-09-22,2016-09-22,4891.36,0.03567972728331403,2016-09-23,2016-09-23,4858.91,0.028808875996485073,0.015503350731020271,0.0019078120210924698,0.01009943353269982,0.007748647952613874,-0.00663414674037488,0.01310239425196058,-0.022085056247942325,-16.59798285939636,-9513.0,-16.35308369940323,0.24489915999313183,15.558864264267342,8838.0,16.054587875683453,0.49572361141611054,-1.039118595129021,-675.0,0.3903098294253198,1.4294284245543452,1.039118595129021,675.0,-0.3903098294253162,-1.429428424554338,0.017440740231004614,0.030460421144012484,0.02892744846861528,0.020974623373598567,0.04509776935536802,0.13960214700869167,0.26949617286172534,20.0,NASDAQ-100 Index x $20,94457.0,2532864455.0,716172974.0,1816691481.0,-898569441.0,-600368692.0,2921649467.0,4818346027.0,-1896696560.0,834810966.0,590356250.0,5521106107.0,5601111186.0,-80005079.0,-63758475.0,-10012442.0,551723337.0,471718258.0,80005079.0,63758475.0,10012442.0
2016-09-20,NASDAQ-100 Consolidated - CHICAGO MERCANTILE EXCHANGE,54968,29634,5891,23743,43.19422209285403,53.91136661330228,10.71714452044826,307,0.5585067675738612,19464,43597,-24133,-43.903725804104205,35.40969291223985,79.31341871634405,49405,49795,-390,-0.7095037112501819,89.879566293116,90.58907000436618,5563,5173,390,0.7095037112501819,10.120433706884006,9.410929995633824,4805.22,2016-09-26,2016-09-26,4817.17,0.0024868788525811425,2016-09-27,2016-09-27,4866.71,0.012796500472402883,2016-09-28,2016-09-28,4875.27,0.0145778965375154,2016-09-29,2016-09-29,4838.3,0.006884180120785288,2016-09-30,2016-09-30,4875.7,0.01466738255480493,0.0024868788525811425,0.010284046442205597,0.0017588884482535594,-0.00758316975264961,0.007729987805634053,0.012150287409412597,0.017440740231004614,13.279147122406691,4510.0,12.203222520724665,-1.0759246016820203,-12.67122409316039,-4053.0,-12.700491869692591,-0.029267776532208245,0.6079230292463029,457.0,-1.0353220289147345,-1.6432450581610425,-0.6079230292463029,-457.0,1.0353220289147398,1.6432450581610425,0.012796500472402883,0.01128980566966753,0.0034733061129355036,0.007179692084857692,0.030920540578787126,0.10973691110916861,0.24678578712317023,20.0,NASDAQ-100 Index x $20,96104.40000000001,2847957789.6000004,566151020.4000001,2281806769.2000003,433430844.00000006,-180964585.20000002,1870576041.6000001,4189863526.8,-2319287485.2000003,-389511133.20000005,220559598.00000003,4748037882.0,4785518598.0,-37480716.0,43919710.800000004,39595012.800000004,534628777.20000005,497148061.20000005,37480716.0,-43919710.800000004,-39595012.800000004
2016-09-27,NASDAQ-100 Consolidated - CHICAGO MERCANTILE EXCHANGE,59441,33393,6094,27299,45.92621254689524,56.178395383657744,10.252182836762504,585,0.9841691761578708,19408,47385,-27977,-47.06683938695513,32.65086388183241,79.71770326878753,53386,54064,-678,-1.1406268400598913,89.81342844164803,90.95405528170791,6056,5377,679,1.142309180531956,10.188253898824044,9.04594471829209,4866.71,2016-10-03,2016-10-03,4866.63,-1.6438209796798553e-05,2016-10-04,2016-10-04,4859.47,-0.0014876579866068829,2016-10-05,2016-10-05,4877.75,0.0022684729519530933,2016-10-06,2016-10-06,4873.92,0.0014814936579332638,2016-10-07,2016-10-07,4864.52,-0.0004499959931862918,-1.6438209796798553e-05,-0.00147124396142706,0.003761727101926793,-0.000785198093383177,-0.0019286323944586181,-0.00043356491042045864,0.012796500472402883,2.7319904540412168,3556.0,2.2670287703554663,-0.46496168368575574,-3.163113582850926,-3844.0,-2.7588290304074405,0.40428455244348527,-0.4311231288097095,-288.0,-0.06613785146797113,0.3649852773417308,0.4328054692817742,289.0,0.0678201919400383,-0.36498527734173436,-0.0014876579866068829,-0.009205397486186762,-0.005545841030182519,0.005083516379648545,0.020362832385739216,0.11106065493937378,0.20848376007610891,20.0,NASDAQ-100 Index x $20,97334.2,3250280940.6,593154614.8,2657126325.7999997,346120415.2,-205277827.79999998,1889062153.6,4612181067.0,-2723118913.4,-374152664.8,202357801.79999998,5196283601.2,5262276188.8,-65992587.6,-28032249.599999998,-2920026.0,589455915.1999999,523365993.4,66089921.8,28129583.8,3114694.4
2016-10-04,NASDAQ-100 Consolidated - CHICAGO MERCANTILE EXCHANGE,59174,33176,5698,27478,46.43593470105113,56.06516375435157,9.629229053300437,585,0.9886098624395848,19581,47462,-27881,-47.11697705073174,33.090546523811135,80.20752357454288,53343,53746,-403,-0.681042349680603,90.14601007199107,90.82705242167168,5831,5428,403,0.681042349680603,9.853989928008923,9.17294757832832,4859.47,2016-10-10,2016-10-10,4893.77,0.007058382910070549,2016-10-11,2016-10-11,4821.91,-0.007729237962164626,2016-10-12,2016-10-12,4819.64,-0.008196367093530776,2016-10-13,2016-10-13,4803.1,-0.011600030455996224,2016-10-14,2016-10-14,4808.48,-0.010492913836282702,0.007058382910070549,-0.014683975748758238,-0.0004707678077773281,-0.0034317915860935244,0.0011201099290039096,-0.017428281263729417,-0.0014876579866068829,0.5097221541558881,179.0,-0.11323162930617059,-0.6229537834620675,-0.05013766377661,96.0,0.4396826419787274,0.4898203057553445,0.4595844903792884,275.0,0.3325816303430429,-0.12700286003622807,-0.4612668308513531,-276.0,-0.3342639708151207,0.12700286003622985,-0.007729237962164626,-0.004064229226644067,0.006580964590788607,-0.019041171156525483,0.010671945706013153,0.11954801655324543,0.23368597810049252,20.0,NASDAQ-100 Index x $20,97189.40000000001,3224355534.4,553785201.2,2670570333.2000003,17396902.6,-123236159.20000002,1903065641.4,4612803302.8,-2709737661.4,9330182.4,100785407.80000001,5184374164.200001,5223541492.400001,-39167328.2,26727085.000000004,-22450751.400000002,566711391.4000001,527544063.20000005,39167328.2,-26824274.400000002,22450751.400000002
2016-10-11,NASDAQ-100 Consolidated - CHICAGO MERCANTILE EXCHANGE,59494,31725,5865,25860,43.46656805728309,53.324705012270144,9.858136954987058,904,1.5194809560627962,18645,47033,-28388,-47.71573604060914,31.339294718795173,79.0550307594043,51275,53802,-2527,-4.247487141560494,86.18516152889367,90.43264867045416,8219,5691,2528,4.24916798332605,13.81483847110633,9.56567048778028,4821.91,2016-10-17,2016-10-17,4796.17,-0.005338133644136822,2016-10-18,2016-10-18,4839.72,0.0036935571174079307,2016-10-19,2016-10-19,4836.61,0.0030485844820828945,2016-10-20,2016-10-20,4832.71,0.002239776354183265,2016-10-21,2016-10-21,4851.86,0.006211231648869386,-0.005338133644136822,0.009080161879166049,-0.0006425991586291868,-0.0008063499021008225,0.003962580001696692,0.011611348221601814,-0.007729237962164626,-2.9693666437680406,-1618.0,-2.7404587420814295,0.22890790168662178,-0.5987589898773962,-507.0,-1.7512518050159613,-1.1524928151385723,-3.5664447918798907,-2124.0,-3.9608485430973985,-0.39440375121752425,3.568125633645447,2125.0,3.9608485430974074,0.39272290945196,0.0036935571174079307,0.014421671080546927,-0.01140004686939411,-0.0035235000238493797,0.04422728752714189,0.1195563583725121,0.2574933999182898,20.0,NASDAQ-100 Index x $20,96438.2,3059501895.0,565610043.0,2493891852.0,-156037007.6,639095951.4,1798090239.0,4535777860.599999,-2737687621.6,-48894167.4,-801208565.6,4944868705.0,5188568036.4,-243699331.4,-204834736.79999998,-162016176.0,792625565.8,548829796.1999999,243795769.6,204931175.0,162112614.2
2016-10-18,NASDAQ-100 Consolidated - CHICAGO MERCANTILE EXCHANGE,60955,36889,5465,31424,51.552784841276356,60.51841522434584,8.965630383069477,295,0.4839635796899352,17800,49910,-32110,-52.67820523336888,29.20187023213846,81.88007546550735,54984,55670,-686,-1.1254203920925272,90.20424903617422,91.32966942826675,5971,5285,686,1.1254203920925272,9.795750963825773,8.670330571733246,4839.72,2016-10-24,2016-10-24,4909.97,0.014515302538163466,2016-10-25,2016-10-25,4891.45,0.010688634879703729,2016-10-26,2016-10-26,4860.59,0.0043122329390956615,2016-10-27,2016-10-27,4836.45,-0.000675658922417055,2016-10-28,2016-10-28,4805.59,-0.0070520608630251225,0.014515302538163466,-0.0037719171400233398,-0.0063089676885176305,-0.004966475263291192,-0.0063807131263632355,-0.02125878569522832,0.0036935571174079307,8.086216783993265,5564.0,7.193710212075693,-0.8925065719175809,-4.962469192759741,-3722.0,-2.1374244866567125,2.825044706103043,3.122066749467966,1841.0,4.019087507280545,0.8970207578125979,-3.1237475912335224,-1842.0,-4.019087507280558,-0.8953399160470337,0.010688634879703729,-0.015038060053061075,-0.00719049862388732,-0.015548420156538012,0.04234335870670192,0.11404378765713719,0.2650752522873223,20.0,NASDAQ-100 Index x $20,96794.40000000001,3570648621.6000004,528981396.00000006,3041667225.6000004,538564041.6,743477786.4000001,1722940320.0000002,4831008504.0,-3108068184.0000005,-360268756.8,-772128928.8000001,5322143289.6,5388544248.000001,-66400958.400000006,178198490.4,-28651142.400000002,577959362.4000001,511558404.00000006,66400958.400000006,-178295284.8,28651142.400000002
2016-10-25,NASDAQ-100 Consolidated - CHICAGO MERCANTILE EXCHANGE,63259,38321,5788,32533,51.428255268025104,60.577941478682874,9.149686210657771,318,0.5026952686574242,18395,51326,-32931,-52.0574147552127,29.078866248280878,81.13628100349356,57035,57432,-397,-0.6275786844559668,90.1610837983528,90.78866248280877,6224,5826,398,0.6291594871875938,9.838916201647196,9.209756714459601,4891.45,2016-10-31,2016-10-31,4801.27,-0.018436251009414262,2016-11-01,2016-11-01,4766.94,-0.02545461979576613,2016-11-02,2016-11-02,4726.91,-0.03363828721544737,2016-11-03,2016-11-03,4679.1,-0.04341248505044504,2016-11-04,2016-11-04,4660.46,-0.04722321601978963,-0.018436251009414262,-0.007150191511829385,-0.008397420567491931,-0.01011442993414291,-0.003983672073689437,-0.02932765705740359,0.010688634879703729,-0.12452957325125169,1109.0,0.05952625433703673,0.18405582758829375,0.6207904781561808,-821.0,-0.12300398385758271,-0.7437944620137813,0.49784170763656044,289.0,-0.04316523782141246,-0.5410069454579798,-0.49626090490493335,-288.0,0.04316523782142312,0.5394261427263558,-0.02545461979576613,-0.017690051007369978,-0.02595958253687547,-0.003600159461918162,0.04285232395302008,0.13426284639524066,0.2430301853233705,20.0,NASDAQ-100 Index x $20,97829.0,3748905109.0,566234252.0,3182670857.0,108492361.0,512036986.0,1799564455.0,5021171254.0,-3221606799.0,-80317609.0,-484644866.0,5579677015.0,5618515128.0,-38838113.0,28272581.0,27489949.0,608887696.0,569951754.0,38935942.0,-28174752.0,-27489949.0
2016-11-01,NASDAQ-100 Consolidated - CHICAGO MERCANTILE EXCHANGE,63297,32281,5941,26340,41.613346604104464,50.999257468758394,9.385910864653933,497,0.7851872916567925,24911,51275,-26364,-41.651263093037585,39.35573565887799,81.00699875191557,57689,57713,-24,-0.0379164889331248,91.14018041929317,91.17809690822631,5608,5585,23,0.03633663522757792,8.859819580706827,8.823482945479249,4766.94,2016-11-07,2016-11-07,4773.73,0.0014243938459472805,2016-11-08,2016-11-08,4804.92,0.00796737529736058,2016-11-09,2016-11-09,4825.18,0.012217481235341943,2016-11-10,2016-11-10,4747.03,-0.004176683574787954,2016-11-11,2016-11-11,4751.95,-0.0031445749264726874,0.0014243938459472805,0.00653367492505863,0.004216511409139034,-0.016196286977895213,0.0010364375198808062,-0.004562470018203757,-0.02545461979576613,-9.81490866392064,-6193.0,-9.57868400992448,0.2362246539961621,10.406151662175112,6567.0,10.276869410597111,-0.12928225157799034,0.5896621955228419,373.0,0.9790966209403678,0.3894344254175337,-0.5928228519600159,-375.0,-0.9790966209403695,-0.38627376898035237,0.00796737529736058,-0.0005181521059630656,0.022425287500996482,0.022293127247248856,0.07338670090246602,0.18400273550747448,0.3108115478692832,20.0,NASDAQ-100 Index x $20,95338.79999999999,3077631802.7999997,566407810.8,2511223991.9999995,-590433188.4,-108495554.39999999,2374984846.7999997,4888496969.999999,-2513512123.2,626089899.5999999,144628959.6,5500000033.199999,5502288164.4,-2288131.1999999997,35561372.4,36133405.199999996,534659990.3999999,532467197.99999994,2192792.4,-35752049.99999999,-36228743.99999999
2016-11-08,NASDAQ-100 Consolidated - CHICAGO MERCANTILE EXCHANGE,59822,25589,5269,20320,33.96743672896259,42.77523319180235,8.807796462839757,1155,1.9307278258834542,27699,48612,-20913,-34.95871084216509,46.30236367891411,81.2610745210792,54443,55036,-593,-0.9912741132025008,91.00832469659991,91.99959880980242,5379,4786,593,0.9912741132025008,8.991675303400088,8.000401190197586,4804.92,2016-11-14,2016-11-14,4702.04,-0.021411386662004817,2016-11-15,2016-11-15,4764.47,-0.008418454417555288,2016-11-16,2016-11-16,4792.27,-0.002632718130582745,2016-11-17,2016-11-17,4826.59,0.00450996062369402,2016-11-18,2016-11-18,4808.04,0.0006493344322069383,-0.021411386662004817,0.01327721584673891,0.005834856762662044,0.007161533052186142,-0.0038432930909814145,0.02254340669156374,0.00796737529736058,-7.645909875141875,-6020.0,-8.224024276956044,-0.578114401814176,6.692552250872495,5451.0,6.946628020036123,0.2540757691636202,-0.953357624269376,-569.0,-0.13185572269325974,0.8215019015761129,0.9549374779749229,570.0,0.1318557226932615,-0.8230817552816632,-0.008418454417555288,0.01434363111144421,0.014212515504940848,-0.003381950167744674,0.07928539913255572,0.18176993581578893,0.31548079884784763,20.0,NASDAQ-100 Index x $20,96098.4,2459061957.6,506342469.59999996,1952719488.0,-578512368.0,-532385135.99999994,2661829581.6,4671535420.8,-2009705839.1999998,523832378.4,718335540.0,5231885191.2,5288871542.4,-56986351.199999996,-54679989.599999994,185854305.6,516913293.59999996,459926942.4,56986351.199999996,54776088.0,-185950404.0
2016-11-15,NASDAQ-100 Consolidated - CHICAGO MERCANTILE EXCHANGE,51101,21851,7569,14282,27.948572434981706,42.7604156474433,14.811843212461595,975,1.9079861450852234,22894,37881,-14987,-29.32819318604333,44.8014715954678,74.12966478151112,45720,46425,-705,-1.3796207510616232,89.46987338799633,90.84949413905794,5381,4676,705,1.3796207510616232,10.530126612003679,9.150505860942056,4764.47,2016-11-21,2016-11-21,4859.0,0.019840611862389723,2016-11-22,2016-11-22,4873.84,0.02295533396159488,2016-11-23,2016-11-23,4853.86,0.018761793022098905,2016-11-24,2016-11-25,4870.02,0.022153565874063696,2016-11-25,2016-11-25,4870.02,0.022153565874063696,0.019840611862389723,0.003054126363449372,-0.004099436994238759,0.0033293090447603646,0.0,0.002267956369623514,-0.008418454417555288,-6.018864293980883,-6038.0,-0.014817544359047474,6.004046749621837,5.630517656121761,5926.0,-1.5008920834463098,-7.1314097395680704,-0.3883466378591224,-112.0,-1.5384513086035838,-1.1501046707444829,0.3883466378591224,112.0,1.538451308603591,1.1501046707444704,0.02295533396159488,0.022823105193232385,0.005079263800590539,0.03596832386393456,0.10632872071814892,0.2014851599443379,0.320952802725172,20.0,NASDAQ-100 Index x $20,95289.40000000001,2082168679.4,721245468.6,1360923210.8000002,-575357397.2,-1633450894.8000002,2181555523.6000004,3609657761.4,-1428102237.8000002,564684984.4000001,1631640396.2,4356631368.0,4423810395.0,-67179027.0,-10672412.8,-1810498.6,512752261.40000004,445573234.40000004,67179027.0,10672412.8,1810498.6
2016-11-22,NASDAQ-100 Consolidated - CHICAGO MERCANTILE EXCHANGE,50117,23690,6837,16853,33.627312089710074,47.26938962826985,13.642077538559771,448,0.8939082546840393,20220,37743,-17523,-34.96418380988487,40.34559131631981,75.30977512620468,44357,45028,-671,-1.338867051100425,88.50689386834807,89.8457609194485,5760,5089,671,1.338867051100425,11.493106131651935,10.154239080551509,4873.84,2016-11-28,2016-11-28,4857.02,-0.003451077589744389,2016-11-29,2016-11-29,4873.21,-0.00012926152684533676,2016-11-30,2016-11-30,4810.81,-0.012932307995338288,2016-12-01,2016-12-01,4734.1,-0.028671437716461745,2016-12-02,2016-12-02,4739.37,-0.027590154785549048,-0.003451077589744389,0.0033333196074958327,-0.012804701623775672,-0.01594533976606849,0.0011131999746518684,-0.024222671514632532,0.02295533396159488,5.678739654728368,2571.0,4.508973980826546,-1.1697656739018232,-5.635990623841543,-2536.0,-4.455880279147991,1.18011034469356,0.04075369996119815,34.0,-0.9629795196482576,-1.003733219609444,-0.04075369996119815,-34.0,0.9629795196482558,1.0037332196094528,-0.00012926152684533676,-0.017474927367332582,0.012720975657797506,0.016405955058024002,0.09784687228140432,0.17019639544999432,0.30874833806608337,20.0,NASDAQ-100 Index x $20,97476.8,2309225392.0,666448881.6,1642776510.4,250612852.8,-1528436224.0,1970980896.0,3679066862.4,-1708085966.4,-247201164.8,1501922534.4,4323778417.6,4389185350.400001,-65406932.800000004,3314211.2,-26708643.2,561466368.0,496059435.2,65406932.800000004,-3314211.2,26611166.400000002
2016-11-29,NASDAQ-100 Consolidated - CHICAGO MERCANTILE EXCHANGE,51057,24991,7137,17854,34.96876040503751,48.94725502869342,13.978494623655912,395,0.7736451417043697,19550,38405,-18855,-36.929314295787066,38.29053802612766,75.21985232191473,44937,45937,-1000,-1.9585952954541002,88.01339679182091,89.97199208727501,6120,5119,1001,1.9605538907495543,11.986603208179094,10.026049317429539,4873.21,2016-12-05,2016-12-05,4778.14,-0.01950870165660823,2016-12-06,2016-12-06,4788.67,-0.017347908257596134,2016-12-07,2016-12-07,4851.94,-0.004364679543873651,2016-12-08,2016-12-08,4859.19,-0.002876953794316406,2016-12-09,2016-12-09,4895.9,0.004656068587234996,-0.01950870165660823,0.0022037864106116967,0.013212436856162357,0.0014942476617600953,0.00755475706856501,0.02464557338211093,-0.00012926152684533676,1.3414483153274332,1001.0,1.6778654004235705,0.33641708509614077,-1.9651304859021934,-1332.0,-2.0550532901921486,-0.08992280428995514,-0.6197282443536751,-329.0,-0.4934970765271629,0.12623116782651778,0.6216868396491293,330.0,0.49349707652715935,-0.12818976312196995,-0.017347908257596134,0.01285189844065826,0.01653735422852698,0.019001848884000472,0.09379854346519045,0.18907865657338796,0.3179321227691809,20.0,NASDAQ-100 Index x $20,97464.2,2435727822.2,695601995.4,1740125826.8,97561664.2,-827081201.1999999,1905425110.0,3743112601.0,-1837687491.0,-129822314.39999999,731858677.8,4379748755.4,4477212955.4,-97464200.0,-32065721.8,-95125059.2,596480904.0,498919239.8,97561664.2,32163186.0,95319987.6
2016-12-06,NASDAQ-100 Consolidated - CHICAGO MERCANTILE EXCHANGE,50837,20168,9623,10545,20.74276609556032,39.671892519228116,18.9291264236678,1318,2.5925998780415838,23086,33366,-10280,-20.221492220233294,45.41180636150835,65.63329858174166,44572,44307,265,0.5212738753270256,87.67629875877806,87.15502488345102,6265,6530,-265,-0.5212738753270256,12.323701241221945,12.844975116548971,4788.67,2016-12-12,2016-12-12,4874.3,0.017881791812758063,2016-12-13,2016-12-13,4935.84,0.03073295925591024,2016-12-14,2016-12-14,4921.22,0.02767991947659798,2016-12-15,2016-12-15,4933.41,0.030225511467693478,2016-12-16,2016-12-16,4914.86,0.026351784524721866,0.017881791812758063,0.012625402621915027,-0.0029620084929818935,0.002477028054018948,-0.003760076701510795,0.008321194838233126,-0.017347908257596134,-14.225994309477187,-7309.0,-9.275362509465303,4.950631800011887,16.70782207555377,8575.0,7.121268335380684,-9.586553740173073,2.479869170781126,1265.0,-0.33709803304284947,-2.8169672038239923,-2.48182776607658,-1266.0,0.33709803304285124,2.818925799119432,0.03073295925591024,0.03448347871120783,0.03699148197725055,0.025614627861180628,0.11748773667845125,0.2230473179400545,0.30831942898550113,20.0,NASDAQ-100 Index x $20,95773.4,1931557931.1999998,921627428.1999999,1009930502.9999999,-700007780.5999999,-936184985.0,2211024712.4,3195575264.3999996,-984550551.9999999,821256905.0,1018358562.1999999,4268811984.7999997,4243432033.7999997,25379951.0,121153351.0,82173577.19999999,600020351.0,625400302.0,-25379951.0,-121249124.39999999,-82173577.19999999
2016-12-13,NASDAQ-100 Consolidated - CHICAGO MERCANTILE EXCHANGE,59800,22787,7363,15424,25.792642140468224,38.10535117056856,12.312709030100335,1064,1.779264214046823,29359,47228,-17869,-29.881270903010034,49.09531772575251,78.97658862876254,53210,55655,-2445,-4.088628762541806,88.9799331103679,93.0685618729097,6590,4145,2445,4.088628762541806,11.020066889632108,6.931438127090302,4935.84,2016-12-19,2016-12-19,4934.85,-0.0002005737625205839,2016-12-20,2016-12-20,4953.8,0.0036386916917889867,2016-12-21,2016-12-21,4948.91,0.0026479788647930658,2016-12-22,2016-12-22,4934.39,-0.0002937696521766453,2016-12-23,2016-12-23,4940.02,0.0008468669973096254,-0.0002005737625205839,0.00384003566471125,-0.0009871209980217843,-0.0029339794015247334,0.0011409718323844853,0.0010476508911112514,0.03073295925591024,5.049876044907904,4879.0,-1.5665413486595554,-6.616417393567465,-9.65977868277674,-7589.0,3.6835113642441613,13.343290047020886,-4.6099026378688315,-2710.0,1.3036343515898352,5.913536989458677,4.6099026378688315,2710.0,-1.303634351589837,-5.913536989458669,0.0036386916917889867,0.0060719148108530074,-0.00496572012058738,0.020124234172906652,0.09042635093520057,0.1653173522642548,0.2933259587020647,20.0,NASDAQ-100 Index x $20,98716.8,2249459721.6,726851798.4,1522607923.2,481639267.2,112734585.60000001,2898226531.2000003,4662197030.400001,-1763970499.2,-749161795.2,-284501817.6,5252720928.0,5494083504.0,-241362576.0,-267522528.0,-171767232.0,650543712.0,409181136.0,241362576.0,267522528.0,171767232.0
2016-12-20,NASDAQ-100 Consolidated - CHICAGO MERCANTILE EXCHANGE,44391,22870,7882,14988,33.76360072987768,51.51945214119979,17.755851411322116,523,1.1781667455114775,15102,31728,-16626,-37.45353787929986,34.02040954247483,71.47394742177468,38495,40133,-1638,-3.6899371494221804,86.7180284291861,90.40796557860827,5896,4258,1638,3.6899371494221804,13.281971570813903,9.592034421391723,4953.8,2016-12-26,2016-12-27,4965.81,0.0024244014695788962,2016-12-27,2016-12-27,4965.81,0.0024244014695788962,2016-12-28,2016-12-28,4926.29,-0.005553312608502559,2016-12-29,2016-12-29,4918.28,-0.007170253139004434,2016-12-30,2016-12-30,4863.62,-0.0182042068714926,0.0024244014695788962,0.0,-0.007958419673729011,-0.00162597005048426,-0.011113641354294601,-0.020578717268683322,0.0036386916917889867,7.970958589409456,-436.0,13.414100970631232,5.443142381221781,-7.572266976289825,1243.0,-15.074908183277678,-7.50264120698786,0.3986916131196252,807.0,-2.2619046811817896,-2.6605962943014276,-0.3986916131196252,-807.0,2.261904681181795,2.6605962943014214,0.0024244014695788962,-0.008573216520650906,0.016425774153175254,0.018339456578787994,0.07645242036416477,0.1559429125116072,0.3082219710121523,20.0,NASDAQ-100 Index x $20,99076.0,2265868120.0,780917032.0,1484951088.0,-43197136.0,-184776740.0,1496245752.0,3143483328.0,-1647237576.0,123151468.0,88871172.0,3813930620.0,3976217108.0,-162286488.0,79954332.0,-95806492.0,584152096.0,421865608.0,162286488.0,-79954332.0,95806492.0
2016-12-27,NASDAQ-100 Consolidated - CHICAGO MERCANTILE EXCHANGE,44880,23167,6463,16704,37.219251336898395,51.619875222816404,14.400623885918003,650,1.4483065953654188,15192,33810,-18618,-41.48395721925134,33.850267379679146,75.33422459893048,39009,40923,-1914,-4.264705882352941,86.91844919786095,91.18315508021391,5871,3957,1914,4.264705882352941,13.081550802139038,8.816844919786096,4965.81,2017-01-02,2017-01-03,4911.33,-0.010971019833622364,2017-01-03,2017-01-03,4911.33,-0.010971019833622364,2017-01-04,2017-01-04,4937.21,-0.005759382658619749,2017-01-05,2017-01-05,4964.95,-0.00017318423379075742,2017-01-06,2017-01-06,5007.08,0.00831082945179129,-0.010971019833622364,0.0,0.005269448397888121,0.005618557849473627,0.008485483237494762,0.019495737407178915,0.0024244014695788962,3.455650607020715,1716.0,0.1004230816166114,-3.3552275254041124,-4.030419339951479,-1992.0,-0.17014216279568473,3.860277177155794,-0.5747687329307607,-276.0,0.20042076867484582,0.775189501605638,0.5747687329307607,276.0,-0.20042076867486536,-0.7751895016056274,-0.010971019833622364,0.013967509832232716,0.015876563944250632,0.02723624141882186,0.08888781487813668,0.1421298841478027,0.2954905644799135,20.0,NASDAQ-100 Index x $20,99316.20000000001,2300858405.4,641880600.6,1658977804.8000002,170426599.20000002,-114213630.00000001,1508811710.4,3357880722.0000005,-1849069011.6000001,-197837870.40000004,23537939.400000002,3874225645.8000007,4064316852.6000004,-190091206.8,-27411271.200000003,-90775006.80000001,583085410.2,392994203.40000004,190091206.8,27411271.200000003,90675690.60000001
2017-01-03,NASDAQ-100 Consolidated - CHICAGO MERCANTILE EXCHANGE,45925,23770,9034,14736,32.0870985302123,51.75830157866086,19.671203048448557,925,2.014153511159499,15466,31839,-16373,-35.651605879150786,33.67664670658683,69.32825258573762,40161,41798,-1637,-3.5645073489384864,87.44910179640718,91.01360914534567,5764,4127,1637,3.5645073489384864,12.550898203592814,8.986390854654328,4911.33,2017-01-09,2017-01-09,5024.9,0.0231240824786767,2017-01-10,2017-01-10,5035.17,0.02521516574939997,2017-01-11,2017-01-11,5050.21,0.028277472700877437,2017-01-12,2017-01-12,5041.43,0.026489769573618593,2017-01-13,2017-01-13,5059.51,0.03017105346209692,0.0231240824786767,0.0020438217675975423,0.0029869895157461634,-0.0017385415655981618,0.003586284050358657,0.006887699257696722,-0.010971019833622364,-5.1321528066860935,-1968.0,0.13842635584445873,5.270579162530554,5.832351340100551,2245.0,-0.17362067309231577,-6.00597201319286,0.7001985334144547,277.0,0.5306525985462258,-0.1695459348682391,-0.7001985334144547,-277.0,-0.530652598546224,0.169545934868232,0.02521516574939997,0.027145396460836357,0.03863108363722256,0.04182980984784179,0.10772642033827906,0.13960169648547338,0.3257793713719095,20.0,NASDAQ-100 Index x $20,98226.6,2334846282.0,887379104.4000001,1447467177.6000001,-193309948.8,411667680.6,1519172595.6000001,3127436717.4,-1608264121.8000002,220518717.0,-598494673.8000001,3944878482.6000004,4105675426.8,-160796944.20000002,27208768.200000003,-186826993.20000002,566178122.4,405381178.20000005,160796944.20000002,-27208768.200000003,186826993.20000002
2017-01-10,NASDAQ-100 Consolidated - CHICAGO MERCANTILE EXCHANGE,44423,23149,6807,16342,36.78724984805169,52.11039326475024,15.323143416698557,385,0.8666681673907661,15104,31865,-16761,-37.730454944510726,34.000405195506836,71.73086014001755,38638,39058,-420,-0.9454561826081084,86.97746662764784,87.92292281025594,5786,5365,421,0.9477072687571753,13.024784458501227,12.07707718974405,5035.17,2017-01-16,2017-01-17,5044.65,0.0018827566894463743,2017-01-17,2017-01-17,5044.65,0.0018827566894463743,2017-01-18,2017-01-18,5055.85,0.00410711058415103,2017-01-19,2017-01-19,5051.17,0.0031776484210066513,2017-01-20,2017-01-20,5063.2,0.005566842827551044,0.0018827566894463743,0.0,0.0022201738475415844,-0.0009256603736266245,0.0023816264350635663,0.003677162934990541,0.02521516574939997,4.700151317839385,1606.0,0.3520916860893806,-4.348059631750001,-2.0788490653599396,-388.0,0.32375848892000647,2.402607554279939,2.619051166330378,1217.0,-0.47163516875933453,-3.0906863350897282,-2.616800080181311,-1216.0,0.47388625490841285,3.090686335089723,0.0018827566894463743,0.013085953403757955,0.016206006947133922,0.029931462095619477,0.07213857724763995,0.1339835596414818,0.3262590935360672,20.0,NASDAQ-100 Index x $20,100703.4,2331183006.6,685488043.8,1645694962.8,161729660.39999998,92445721.19999999,1521024153.6,3208913841.0,-1687889687.3999999,-39072919.199999996,111579367.19999999,3890977969.2,3933273397.2,-42295428.0,122556037.8,203924385.0,582669872.4,540273741.0,42396131.4,-122455334.39999999,-203823681.6
2017-01-17,NASDAQ-100 Consolidated - CHICAGO MERCANTILE EXCHANGE,45075,24522,6721,17801,39.49195784803106,54.402662229617306,14.910704381586246,477,1.0582362728785357,14261,32632,-18371,-40.756516916250696,31.638380476982807,72.3948973932335,39260,39830,-570,-1.264559068219634,87.09927897947864,88.36383804769828,5815,5245,570,1.264559068219634,12.900721020521353,11.63616195230172,5044.65,2017-01-23,2017-01-23,5065.7,0.004172737454531061,2017-01-24,2017-01-24,5101.06,0.011182143458912108,2017-01-25,2017-01-25,5151.47,0.0211749080709267,2017-01-26,2017-01-26,5156.92,0.02225526052352511,2017-01-27,2017-01-27,5168.06,0.024463540582597476,0.004172737454531061,0.006980279132202893,0.009882259765617407,0.0010579504490950686,0.0021602041528665517,0.020206486763922227,0.0018827566894463743,2.7047079999793766,1459.0,2.2922689648670627,-0.4124390351123104,-3.0260619717399706,-1610.0,-2.3620247185240295,0.6640372532159518,-0.31910288561152556,-150.0,0.12181235183079764,0.44091523744233996,0.31685179946245867,149.0,-0.12406343797987418,-0.4409152374423311,0.011182143458912108,0.014296333739704625,0.02799599575788214,0.04488319308574429,0.0687877256103,0.1656110929400456,0.3355019674308428,20.0,NASDAQ-100 Index x $20,100893.0,2474098146.0,678101853.0,1795996293.0,147202887.0,283812009.0,1438835073.0,3292340376.0,-1853505303.0,-162437730.0,-176058285.0,3961059180.0,4018568190.0,-57509010.0,-15133950.0,107753724.0,586692795.0,529183785.0,57509010.0,15033057.0,-107753724.0
2017-01-24,NASDAQ-100 Consolidated - CHICAGO MERCANTILE EXCHANGE,44694,23447,5910,17537,39.237929028504944,52.46118047165168,13.22325144314673,703,1.572918065064662,14768,32089,-17321,-38.75464268134425,33.04246655031996,71.79710923166421,38918,38703,215,0.4810489103682821,87.0765650870363,86.59551617666801,5776,5992,-216,-0.4832863471606927,12.923434912963708,13.406721260124401,5101.06,2017-01-30,2017-01-30,5129.33,0.005541985391271487,2017-01-31,2017-01-31,5116.77,0.0030797520515344345,2017-02-01,2017-02-01,5152.69,0.010121425742884549,2017-02-02,2017-02-02,5147.7,0.00914319768832339,2017-02-03,2017-02-03,5161.6,0.011868121527682574,0.005541985391271487,-0.002448662885795927,0.007020053666668469,-0.0009684262006834921,0.0027002350564331312,0.006291270009923355,0.011182143458912108,-0.2540288195261198,-264.0,-1.9414817579656258,-1.6874529384395167,2.0018742349064453,1050.0,1.404086073337151,-0.5977881615692979,1.7456079785879162,785.0,-0.02271389244234001,-1.7683218710302668,-1.7478454153803267,-786.0,0.022713892442356,1.7705593078226816,0.0030797520515344345,0.016627916550677746,0.03332836704528064,0.04894472913472869,0.08765433066852757,0.16263090416501647,0.36510058693683267,20.0,NASDAQ-100 Index x $20,102021.20000000001,2392091076.4,602945292.0000001,1789145784.4,-26933596.800000004,84983659.60000001,1506649081.6000001,3273758286.8,-1767109205.2000003,107122260.00000001,132321496.40000002,3970461061.6000004,3948526503.6000004,21934558.000000004,80086642.00000001,217203134.8,589274451.2,611311030.4000001,-22036579.200000003,-80188663.2,-217305156.00000003
2017-01-31,NASDAQ-100 Consolidated - CHICAGO MERCANTILE EXCHANGE,47517,26101,6161,19940,41.96392869920239,54.9298145926721,12.965885893469705,424,0.8923122250983859,15148,35706,-20558,-43.264515857482586,31.879116947618748,75.14363280510133,41673,42291,-618,-1.3005871582801944,87.70124376538922,89.00183092366942,5844,5226,618,1.3005871582801944,12.29875623461077,10.998169076330576,5116.77,2017-02-06,2017-02-06,5167.96,0.010004358218172804,2017-02-07,2017-02-07,5185.88,0.013506567619806953,2017-02-08,2017-02-08,5196.58,0.015597730599577364,2017-02-09,2017-02-09,5212.16,0.018642620246757113,2017-02-10,2017-02-10,5226.69,0.02148230231180981,0.010004358218172804,0.0034675190984450044,0.0020632949470484885,0.0029981256903579556,0.002787711812377136,0.011364252045294343,0.0030797520515344345,2.7259996706974476,2403.0,2.468634121020422,-0.25736554967702396,-4.509873176138335,-3237.0,-1.16334960270121,3.346523573437125,-1.7816360686484765,-833.0,0.6246786783529217,2.406314747001403,1.7838735054408872,834.0,-0.6246786783529377,-2.408552183793825,0.013506567619806953,0.03015574278304456,0.04572415801374685,0.04173335913085796,0.10305329338625713,0.15212722088348696,0.3545127101667651,20.0,NASDAQ-100 Index x $20,102335.40000000001,2671056275.4,630488399.4000001,2040567876.0000002,245911966.20000002,532553421.6,1550176639.2,3653987792.4,-2103811153.2000003,-331259689.8,-428273649.00000006,4264623124.2000003,4327866401.400001,-63243277.2,-85245388.2,104279772.60000001,598048077.6,534804800.40000004,63243277.2,85347723.60000001,-104279772.60000001
2017-02-07,NASDAQ-100 Consolidated - CHICAGO MERCANTILE EXCHANGE,46339,24543,6060,18483,39.886488702820515,52.9640259824338,13.077537279613285,549,1.1847471891926886,15490,33890,-18400,-39.70737391829776,33.42756641274089,73.13494033103865,40582,40498,84,0.1812727939748376,87.57633958436737,87.39506679039253,5757,5841,-84,-0.1812727939748376,12.42366041563262,12.604933209607458,5185.88,2017-02-13,2017-02-13,5256.82,0.013679452667628267,2017-02-14,2017-02-14,5271.07,0.016427298741968466,2017-02-15,2017-02-15,5302.39,0.022466775166413377,2017-02-16,2017-02-16,5300.64,0.02212932038535409,2017-02-17,2017-02-17,5324.72,0.026772698172730536,0.013679452667628267,0.0027107643023729366,0.005941867590451455,-0.00033003984995449986,0.004542847656131999,0.012916554114464684,0.013506567619806953,-2.0774399963818766,-1457.0,-1.9657886102382989,0.1116513861435795,3.557141939184824,2158.0,1.5484494651221397,-2.008692474062684,1.481859952255032,702.0,-0.1249041810218472,-1.606764133276883,-1.481859952255032,-702.0,0.12490418102184897,1.6067641332768812,0.016427298741968466,0.031788240375789645,0.027850625159085984,0.03189429759269391,0.09495591876402854,0.14278579527486168,0.28540961225481487,20.0,NASDAQ-100 Index x $20,103717.6,2545541056.8,628528656.0,1917012400.8000002,-151116543.20000002,222059381.60000002,1606585624.0,3514989464.0,-1908403840.0,223822580.8,-169993146.4,4209067643.2000003,4200355364.8,8712278.4,72809755.2,52273670.400000006,597102223.2,605814501.6,-8712278.4,-72809755.2,-52377388.0
2017-02-14,NASDAQ-100 Consolidated - CHICAGO MERCANTILE EXCHANGE,45770,24046,6110,17936,39.187240550578984,52.53659602359624,13.34935547301726,688,1.5031680139829582,15287,32556,-17269,-37.72995411841818,33.39960672929867,71.12956084771685,40022,39354,668,1.4594712693904306,87.44155560410749,85.98208433471707,5749,6417,-668,-1.4594712693904306,12.560629233122134,14.020100502512564,5271.07,2017-02-20,2017-02-21,5350.73,0.015112681106492554,2017-02-21,2017-02-21,5350.73,0.015112681106492554,2017-02-22,2017-02-22,5352.13,0.015378281828926754,2017-02-23,2017-02-23,5332.37,0.011629517346573026,2017-02-24,2017-02-24,5343.31,0.013704997277592668,0.015112681106492554,0.0,0.0002616465416869218,-0.0036919880496176782,0.0020516205739662396,-0.001386726670940086,0.016427298741968466,-0.6992481522415304,-547.0,-0.4274299588375641,0.2718181934039752,1.9774197998795842,1131.0,-0.02795968344221933,-2.0053794833218035,1.278198475415593,584.0,-0.1347839802598827,-1.4129824556754613,-1.278198475415593,-584.0,0.13696881748951384,1.4151672929051067,0.015112681106492554,0.011238704854991566,0.015217024247448752,0.021077314473152642,0.08601099966420489,0.12078382567486301,0.24336425052219002,20.0,NASDAQ-100 Index x $20,105421.4,2534962984.4,644124754.0,1890838230.3999999,-57665505.8,14231889.0,1611576941.8,3432099098.3999996,-1820522156.6,119231603.39999999,116174382.8,4219175270.7999997,4148753775.6,70421495.2,61566097.599999994,130511693.19999999,606067628.6,676489123.8,-70421495.2,-61566097.599999994,-130511693.19999999
2017-02-21,NASDAQ-100 Consolidated - CHICAGO MERCANTILE EXCHANGE,46915,24753,8878,15875,33.83779175103911,52.76137695832889,18.92358520728978,759,1.6178194607268463,15484,30669,-15185,-32.36704678674198,33.00436960460407,65.37141639134605,40996,40306,690,1.470744964297133,87.38356602365981,85.91282105936267,5920,6610,-690,-1.470744964297133,12.6185654907812,14.089310455078333,5350.73,2017-02-27,2017-02-27,5347.55,-0.000594311430402894,2017-02-28,2017-02-28,5330.31,-0.003816301700889202,2017-03-01,2017-03-01,5390.99,0.007524206977365777,2017-03-02,2017-03-02,5363.26,0.0023417365480973285,2017-03-03,2017-03-03,5373.48,0.004251756302411147,-0.000594311430402894,-0.0032239062748361524,0.011383953278514714,-0.005143767656775378,0.0019055574408102238,0.00484894951893855,0.015112681106492554,-5.349448799539871,-2061.0,0.22478093473264948,5.574229734272519,5.3629073316761975,2084.0,-0.3952371246945958,-5.7581444563708,0.011273694906702492,22.0,-0.05798958044768199,-0.0692632753544018,-0.011273694906702492,-22.0,0.05793625765906718,0.06920995256576923,-0.003816301700889202,0.00010278971280563987,0.005875833764738658,-0.0034014050419288733,0.06590128823543728,0.09766891620395723,0.2670588872920143,20.0,NASDAQ-100 Index x $20,107014.59999999999,2648932393.7999997,950075618.8,1698856774.9999998,-220557090.6,-177858265.2,1657014066.3999999,3282030767.3999996,-1625016700.9999998,223018426.39999998,228583185.6,4387170541.599999,4313330467.599999,73840074.0,2354321.1999999997,50831934.99999999,633526432.0,707366506.0,-73840074.0,-2354321.1999999997,-50724920.4
2017-02-28,NASDAQ-100 Consolidated - CHICAGO MERCANTILE EXCHANGE,47852,25714,8957,16757,35.018390035944165,53.73652093956366,18.718130903619492,1147,2.396974003176461,14833,31561,-16728,-34.9577865084009,30.997659449970744,65.95544595837166,41695,41665,30,0.06269330435509488,87.1332441695227,87.07055086516759,6157,6187,-30,-0.06269330435509488,12.866755830477306,12.9294491348324,5330.31,2017-03-06,2017-03-06,5360.31,0.00562819048047869,2017-03-07,2017-03-07,5351.28,0.00393410514585435,2017-03-08,2017-03-08,5359.81,0.005534387305804023,2017-03-09,2017-03-09,5363.98,0.006316705782590359,2017-03-10,2017-03-10,5385.9,0.01042903696032682,0.00562819048047869,-0.0016846040620785985,0.0015940111524721523,0.0007780126534333576,0.00408651784682279,0.004773977624428216,-0.003816301700889202,1.1805982849050523,882.0,0.9751439812347726,-0.20545430367028672,-2.5907397216589203,-1543.0,-2.0067101546333284,0.5840295670256097,-1.4080516599420383,-660.0,-0.2503218541371126,1.1577298058049195,1.4080516599420383,660.0,0.24819033969610516,-1.159861320245934,0.00393410514585435,0.00972926527725404,0.0004164860955553351,0.01442692826496006,0.08710938012986102,0.09977468477443141,0.2945494727323552,20.0,NASDAQ-100 Index x $20,106606.20000000001,2741271826.8,954871733.4000001,1786400093.4,94026668.4,-339327534.6,1581289764.6000001,3364598278.2000003,-1783308513.6000001,-164493366.60000002,408301746.00000006,4444945509.000001,4441747323.000001,3198186.0000000005,-70360092.00000001,69080817.60000001,656374373.4000001,659572559.4000001,-3198186.0000000005,70360092.00000001,-69080817.60000001
2017-03-07,NASDAQ-100 Consolidated - CHICAGO MERCANTILE EXCHANGE,46856,24101,9144,14957,31.921205395253544,51.43631551989073,19.515110124637186,1511,3.224773774970121,15085,30065,-14980,-31.970291958340447,32.19438278982415,64.16467474816459,40697,40720,-23,-0.04908656308690457,86.85547208468499,86.9045586477719,6159,6136,23,0.04908656308690457,13.144527915315008,13.095441352228104,5351.28,2017-03-13,2017-03-13,5394.57,0.008089653316589729,2017-03-14,2017-03-14,5382.17,0.00577245070338317,2017-03-15,2017-03-15,5416.25,0.012141020466131414,2017-03-16,2017-03-16,5412.08,0.011361767651851595,2017-03-17,2017-03-17,5408.76,0.010741355339283443,0.008089653316589729,-0.002298607674012909,0.006332018498115044,-0.0007699053773366771,-0.0006134425211747896,0.0026304228140519026,0.00393410514585435,-3.097184640690621,-1800.0,-2.3002054196729347,0.7969792210176934,2.987494550060454,1748.0,1.1967233398534027,-1.790771210207069,-0.11177986744199944,-53.0,-0.2777720848377072,-0.16599221739568293,0.11177986744199944,53.0,0.2777720848377019,0.16599221739570424,0.00577245070338317,-0.0035038345965825446,0.010451705012632484,0.016655828138314677,0.09446151201207953,0.10865624672975427,0.2918441942862271,20.0,NASDAQ-100 Index x $20,107025.59999999999,2579423985.6,978642086.4,1600781899.1999998,-192646079.99999997,-377372265.59999996,1614481175.9999998,3217724663.9999995,-1603243487.9999998,187080748.79999998,366027551.99999994,4355620843.2,4358082432.0,-2461588.8,-5672356.8,-11451739.2,659170670.4,656709081.5999999,2461588.8,5672356.8,11451739.2
2017-03-14,NASDAQ-100 Consolidated - CHICAGO MERCANTILE EXCHANGE,60922,24038,9215,14823,24.331111913594434,39.45701060372279,15.125898690128361,1696,2.7838875939726204,27608,42829,-15221,-24.984406290010178,45.31696267358261,70.3013689635928,53342,53740,-398,-0.6532943764157447,87.55786087127802,88.21115524769377,7579,7181,398,0.6532943764157447,12.44049768556515,11.787203309149403,5382.17,2017-03-20,2017-03-20,5413.31,0.005785770423453851,2017-03-21,2017-03-21,5332.53,-0.009223045723193546,2017-03-22,2017-03-22,5367.55,-0.0027163764801185764,2017-03-23,2017-03-23,5355.14,-0.0050221379109168796,2017-03-24,2017-03-24,5364.0,-0.0033759617403389397,0.005785770423453851,-0.014922478114129945,0.006567239190403029,-0.0023120418067833493,0.0016544852235422791,-0.00910902941084113,0.00577245070338317,-7.59009348165911,-134.0,-11.979304916167933,-4.389211434508825,6.985885668330269,-241.0,13.122579883758462,6.136694215428207,-0.6042078133288402,-375.0,0.7023887865930334,1.3065965999218605,0.6042078133288402,375.0,-0.7040302297498577,-1.3082380430787008,-0.009223045723193546,0.004652398567863925,0.01082091424091014,0.003015512330528214,0.06868047646209607,0.11398190692601684,0.30923214985777125,20.0,NASDAQ-100 Index x $20,107643.4,2587532049.2,991933931.0,1595598118.1999998,-14424215.6,-335093904.2,2971818987.2,4610259178.599999,-1638440191.3999999,-25942059.4,220453683.2,5741914242.799999,5784756316.0,-42842073.199999996,-40366275.0,-114747864.39999999,815829328.5999999,772987255.4,42842073.199999996,40366275.0,114747864.39999999
2017-03-21,NASDAQ-100 Consolidated - CHICAGO MERCANTILE EXCHANGE,47727,23834,8608,15226,31.90227753682402,49.93819012299118,18.03591258616716,1396,2.9249690950614955,16027,32284,-16257,-34.06248035703061,33.580572841368614,67.64305319839923,41257,42288,-1031,-2.1602028202065915,86.4437320594213,88.60393487962789,6470,5439,1031,2.1602028202065915,13.556267940578708,11.396065120372116,5332.53,2017-03-27,2017-03-27,5374.27,0.007827429006494135,2017-03-28,2017-03-28,5407.21,0.0140046094442976,2017-03-29,2017-03-29,5430.27,0.01832901080725291,2017-03-30,2017-03-30,5439.74,0.02010490330105963,2017-03-31,2017-03-31,5436.23,0.01944667915604792,0.007827429006494135,0.00612920452452137,0.004264676237837994,0.0017439280183120243,-0.0006452514274579713,0.011529007660575186,-0.009223045723193546,7.571165623229586,403.0,10.481179519268387,2.9100138960388,-9.078074067020431,-1036.0,-11.736389832213995,-2.6583157651935636,-1.5069084437908469,-633.0,-1.1141288118567303,0.39277963193411836,1.5069084437908469,633.0,1.1157702550135582,-0.3911381887772869,0.0140046094442976,0.0202305472261759,0.012352485593142504,0.011088545212122547,0.07384487288397823,0.12349672669445844,0.2913045027407255,20.0,NASDAQ-100 Index x $20,106650.59999999999,2541910400.3999996,918048364.8,1623862035.6,42980191.8,-69216239.39999999,1709289166.1999998,3443107970.3999996,-1733818804.1999998,-110490021.6,-114329443.19999999,4400083804.2,4510040572.799999,-109956768.6,-67509829.8,-183545682.6,690029382.0,580072613.4,109956768.6,67509829.8,183545682.6
2017-03-28,NASDAQ-100 Consolidated - CHICAGO MERCANTILE EXCHANGE,47894,25538,8479,17059,35.6182402806197,53.321919238317946,17.703678957698248,374,0.7808911345888837,15668,33197,-17529,-36.59957405938113,32.71390988432789,69.31348394370902,41580,42050,-470,-0.9813337787614315,86.81672025723472,87.79805403599616,6313,5843,470,0.9813337787614315,13.181191798555142,12.19985801979371,5407.21,2017-04-03,2017-04-03,5432.2,0.0046216070764775186,2017-04-04,2017-04-04,5440.41,0.0061399501776331356,2017-04-05,2017-04-05,5418.52,0.0020916517020792558,2017-04-06,2017-04-06,5420.88,0.002528105991814744,2017-04-07,2017-04-07,5418.37,0.002063910963324922,0.0046216070764775186,0.0015113581974153245,-0.004023593810025261,0.0004355432848821561,-0.0004630244535942518,-0.0025459298258532215,0.0140046094442976,3.715962743795682,1833.0,3.3837291153267657,-0.3322336284689129,-2.537093702350525,-1272.0,-0.8666629570407238,1.6704307453097869,1.17886904144516,561.0,0.3729881978134273,-0.8058808436317264,-1.17886904144516,-561.0,-0.3750761420235662,0.8037928994215946,0.0061399501776331356,-0.0016293060561731743,-0.002875789917536009,0.026072595663937603,0.04889582612844712,0.08768477643738648,0.20761723698543233,20.0,NASDAQ-100 Index x $20,108144.2,2761786579.6,916954671.8,1844831907.8,198228318.6,32659548.4,1694403325.6,3590063007.4,-1895659681.8,-137559422.4,-86623504.2,4496635836.0,4547463610.0,-50827774.0,60668896.199999996,-54072100.0,682714334.6,631886560.6,50827774.0,-60668896.199999996,54072100.0
2017-04-04,NASDAQ-100 Consolidated - CHICAGO MERCANTILE EXCHANGE,48427,26302,7495,18807,38.83577343217626,54.31267681252194,15.476903380345675,893,1.8440126375782104,15176,33783,-18607,-38.42278068019907,31.337890020030144,69.76067070022921,42371,42171,200,0.41299275197720275,87.49457947013029,87.08158671815309,6057,6256,-199,-0.41092778821731674,12.507485493629586,12.918413281846904,5440.41,2017-04-10,2017-04-10,5421.68,-0.003442755233520889,2017-04-11,2017-04-11,5398.4,-0.007721844493337904,2017-04-12,2017-04-12,5377.03,-0.011649857271786468,2017-04-13,2017-04-13,5353.59,-0.01595835607978069,2017-04-14,2017-04-17,5399.2,-0.007574796752450652,-0.003442755233520889,-0.004293872010151967,-0.003958580320094773,-0.004359283842567341,0.008519516810215233,-0.004146316270971395,0.0061399501776331356,3.217533151556559,1748.0,0.9907575742039967,-2.226775577352573,-1.8232066208179347,-1078.0,-1.3760198642977457,0.4471867565201961,1.3943265307386343,670.0,0.6778592128955694,-0.7164673178430689,-1.3922615669787481,-669.0,-0.673706304925556,0.7185552620531936,-0.007721844493337904,-0.008960721710312258,0.019811006891024663,0.03743467863635286,0.028775404794859183,0.10195003685384019,0.18719545034289697,20.0,NASDAQ-100 Index x $20,108808.2,2861873276.4,815517459.0,2046355817.3999999,190196733.6,418911570.0,1651273243.2,3675867420.6,-2024594177.3999999,-117295239.6,-394647341.4,4610312242.2,4588550602.2,21761640.0,72901494.0,24264228.599999998,659051267.4,680704099.1999999,-21652831.8,-72792685.8,-24155420.4
2017-04-11,NASDAQ-100 Consolidated - CHICAGO MERCANTILE EXCHANGE,49774,27066,7517,19549,39.275525374693615,54.37778759995177,15.102262225258167,534,1.0728492787399044,16014,35455,-19441,-39.05854462169004,32.173423875919156,71.23196849760919,43614,43505,109,0.21898983404990557,87.62406075461084,87.40507092056093,6160,6269,-109,-0.21898983404990557,12.375939245389159,12.594929079439066,5398.4,2017-04-17,2017-04-17,5399.2,0.00014819205690574933,2017-04-18,2017-04-18,5391.66,-0.001248518079430938,2017-04-19,2017-04-19,5399.64,0.0002296976882041335,2017-04-20,2017-04-20,5443.53,0.008359884410195528,2017-04-21,2017-04-21,5442.05,0.008085729104920114,0.00014819205690574933,-0.0013965031856570942,0.0014800636538654377,0.008128319665755335,-0.00027188239983977347,0.007936360942361942,-0.007721844493337904,0.43975194251735417,742.0,0.06511078742983045,-0.3746411550875077,-0.6357639414909713,-834.0,0.8355338558890111,1.4712977973799752,-0.19400291792729718,-91.0,0.12948128448054774,0.32348420240784037,0.19193795416741116,90.0,-0.1315462482404275,-0.3234842024078386,-0.001248518079430938,0.027747110254890295,0.045507928275044573,0.051850548310610645,0.05768375815056315,0.12320687611144066,0.22552422940130423,20.0,NASDAQ-100 Index x $20,107968.0,2922261888.0,811595456.0,2110666432.0,80112256.0,510256768.0,1728999552.0,3828005440.0,-2099005888.0,-90045312.0,-455624960.0,4708916352.0,4697147840.0,11768512.0,-9825088.0,54739776.0,665082880.0,676851392.0,-11768512.0,9717120.0,-54739776.0
2017-04-18,NASDAQ-100 Consolidated - CHICAGO MERCANTILE EXCHANGE,51069,27944,6777,21167,41.44784507235309,54.71812645636296,13.270281384009868,658,1.2884528774794886,16301,37425,-21124,-41.36364526425032,31.919559811235782,73.28320507548611,44903,44859,44,0.0861579431749202,87.92613914507822,87.8399812019033,6166,6210,-44,-0.0861579431749202,12.073860854921772,12.160018798096694,5391.66,2017-04-24,2017-04-24,5508.03,0.021583334260691478,2017-04-25,2017-04-25,5548.19,0.029031875155332454,2017-04-26,2017-04-26,5541.09,0.027715026540991117,2017-04-27,2017-04-27,5571.28,0.03331441522647949,2017-04-28,2017-04-28,5583.53,0.03558644276530787,0.021583334260691478,0.00729117306913718,-0.001279696621781068,0.005448386508791536,0.0021987765827602423,0.013707260127486576,-0.001248518079430938,2.172319697659475,1618.0,0.34033885641118644,-1.8319808412482992,-2.3051006425602836,-1683.0,-0.2538640646833734,2.051236577876921,-0.13283189087498537,-65.0,0.30207839046738627,0.4349102813423684,0.13283189087498537,65.0,-0.30207839046738627,-0.434910281342372,0.029031875155332454,0.046814895598016104,0.053165444408586726,0.0617212509690892,0.09059176580125605,0.13557049220462702,0.26424329427300686,20.0,NASDAQ-100 Index x $20,107833.2,3013290940.7999997,730785596.4,2282505344.4,174474117.6,640637041.1999999,1757788993.2,4035657510.0,-2277868516.7999997,-181483275.6,-524824184.4,4842034179.599999,4837289518.8,4744660.8,-7009158.0,115920690.0,664899511.1999999,669644172.0,-4744660.8,7009158.0,-115920690.0
2017-04-25,NASDAQ-100 Consolidated - CHICAGO MERCANTILE EXCHANGE,54974,30653,7749,22904,41.6633317568305,55.759086113435444,14.095754356604939,455,0.8276639866118528,17455,40168,-22713,-41.31589478662641,31.75137337650526,73.06726816313166,48563,48372,191,0.3474369702040965,88.33812347655255,87.99068650634845,6411,6602,-191,-0.3474369702040965,11.661876523447448,12.009313493651543,5548.19,2017-05-01,2017-05-01,5629.63,0.014678660968712398,2017-05-02,2017-05-02,5644.07,0.01728131156287005,2017-05-03,2017-05-03,5625.16,0.013872992813872775,2017-05-04,2017-05-04,5626.32,0.014082070008417213,2017-05-05,2017-05-05,5646.09,0.01764539426371492,0.014678660968712398,0.0025649998312500255,-0.0033504191124489324,0.000206216356512412,0.0035138420850575613,0.0029238155971174073,0.029031875155332454,0.21548668447741193,1737.0,1.0409596570724844,0.8254729725950707,0.04775047762391438,-1589.0,-0.1681864347305222,-0.21593691235445078,0.26127902702917627,147.0,0.4119843314743292,0.15070530444515384,-0.26127902702917627,-147.0,-0.4119843314743239,-0.1507053044451503,0.01728131156287005,0.023452693581150097,0.03176711684351119,0.0279658771599387,0.06893419295301717,0.09589253432200429,0.17318440788797806,20.0,NASDAQ-100 Index x $20,110963.79999999999,3401373361.3999996,859858486.1999999,2541514875.2,192744120.6,648583410.9999999,1936873128.9999998,4457193918.4,-2520320789.3999996,-176321478.2,-575236339.1999999,5388735019.4,5367540933.599999,21194085.799999997,16311678.599999998,73347071.8,711388921.8,732583007.5999999,-21194085.799999997,-16311678.599999998,-73347071.8
2017-05-02,NASDAQ-100 Consolidated - CHICAGO MERCANTILE EXCHANGE,54595,28980,7814,21166,38.76911805110358,53.08178404615808,14.312665995054491,821,1.5038007143511312,18194,39034,-20840,-38.17199377232347,33.32539609854383,71.4973898708673,47995,47669,326,0.597124278780108,87.91098085905303,87.31385658027293,6600,6927,-327,-0.5989559483469182,12.089019140946974,12.68797508929389,5644.07,2017-05-08,2017-05-08,5659.07,0.0026576566201339524,2017-05-09,2017-05-09,5678.31,0.006066544178226163,2017-05-10,2017-05-10,5681.68,0.006663631032216122,2017-05-11,2017-05-11,5674.22,0.005341889806469435,2017-05-12,2017-05-12,5686.81,0.007572549596302158,0.0026576566201339524,0.0033998519191316134,0.0005934864422689756,-0.0013129919319637695,0.0022188071664475117,0.004901865500868574,0.01728131156287005,-2.8942137057269193,-1738.0,-2.677302067277367,0.2169116384495524,3.1439010143029407,1873.0,1.574022722038567,-1.569878292264363,0.2496873085760115,135.0,-0.427142617499527,-0.676829926075527,-0.25151897814282176,-136.0,0.4271426174995252,0.6786615956423461,0.006066544178226163,0.014239724170678203,0.010503058962769929,0.02667578538182558,0.04448917182104406,0.10710179002032238,0.18389034863139542,20.0,NASDAQ-100 Index x $20,112881.4,3271302972.0,882055259.5999999,2389247712.4,-196187873.2,266287222.6,2053764191.6,4406212567.599999,-2352448376.0,211426862.2,-252064166.2,5417742793.0,5380943456.599999,36799336.4,15238989.0,14223056.399999999,745017240.0,781929457.8,-36912217.8,-15351870.399999999,-14448819.2
2017-05-09,NASDAQ-100 Consolidated - CHICAGO MERCANTILE EXCHANGE,53864,27162,8264,18898,35.08465765631962,50.42700133669984,15.342343680380216,886,1.6448834100698053,19463,37836,-18373,-34.109980692113474,36.13359572256052,70.243576414674,47511,46987,524,0.97282043665528,88.20548046933017,87.23266003267489,6353,6877,-524,-0.97282043665528,11.794519530669834,12.767339967325114,5678.31,2017-05-15,2017-05-15,5704.48,0.004608765636254342,2017-05-16,2017-05-16,5724.44,0.00812389601835739,2017-05-17,2017-05-17,5580.55,-0.017216390087895883,2017-05-18,2017-05-18,5626.31,-0.009157654302072271,2017-05-19,2017-05-19,5651.56,-0.004710908703469907,0.004608765636254342,0.0034990042913640718,-0.025136083180188673,0.00819990861115838,0.004487843719951368,-0.00927691919333562,0.006066544178226163,-3.6844603947839616,-2268.0,-2.654782709458239,1.0296776853257246,4.062013080209994,2467.0,2.8081996240166944,-1.2538134561932992,0.37569615787517197,198.0,0.29449961027714266,-0.08119654759804007,-0.3738644883083617,-197.0,-0.2944996102771391,0.0793648780312246,0.00812389601835739,0.004409762763921021,0.020484968238789314,0.03142836512976577,0.04368201102088465,0.11314457998946859,0.20026557197475992,20.0,NASDAQ-100 Index x $20,113566.20000000001,3084685124.4,938511076.8000001,2146174047.6000001,-257568141.60000002,-73931596.2,2210338950.6000004,4296890743.200001,-2086551792.6000001,280167815.40000004,121288701.60000001,5395643728.200001,5336135039.400001,59508688.800000004,22486107.6,47129973.00000001,721486068.6,780994757.4000001,-59508688.800000004,-22372541.400000002,-47129973.00000001
2017-05-16,NASDAQ-100 Consolidated - CHICAGO MERCANTILE EXCHANGE,53992,25254,9547,15707,29.0913468662024,46.773596088309375,17.68224922210698,1205,2.2318121203141206,20997,36035,-15038,-27.852274411023853,38.88909468069344,66.74136909171729,47456,46786,670,1.2409245814194696,87.89450288931694,86.65357830789746,6536,7206,-670,-1.2409245814194696,12.105497110683064,13.346421692102533,5724.44,2017-05-22,2017-05-22,5699.4,-0.004374226998623443,2017-05-23,2017-05-23,5703.35,-0.0036842031709650724,2017-05-24,2017-05-24,5730.3,0.001023680919006953,2017-05-25,2017-05-25,5778.37,0.009421008867243064,2017-05-26,2017-05-26,5788.36,0.011166157737700022,-0.004374226998623443,0.0006930554093413921,0.004725293029535171,0.008388740554595708,0.0017288612532599945,0.015608660560760823,0.00812389601835739,-5.993310790117221,-3191.0,-3.653405248390463,2.339905541726763,6.257706281089622,3335.0,2.755498958132918,-3.502207322956707,0.26810414476418964,146.0,-0.3109775800132297,-0.5790817247774243,-0.26810414476418964,-146.0,0.3109775800132297,0.5790817247774189,-0.0036842031709650724,0.01226146138312223,0.023116671674434652,0.004783000607919696,0.032018852499109185,0.09943330701343722,0.2033561361460685,20.0,NASDAQ-100 Index x $20,114488.79999999999,2891300155.2,1093024573.6,1798275581.6,-365333760.79999995,-625108847.9999999,2403921333.6,4125603907.9999995,-1721682574.3999999,381820147.99999994,696778836.8,5433180492.799999,5356472996.799999,76707495.99999999,16715364.799999999,71669988.8,748298796.8,825006292.8,-76707495.99999999,-16715364.799999999,-71669988.8
2017-05-23,NASDAQ-100 Consolidated - CHICAGO MERCANTILE EXCHANGE,54042,23754,8937,14817,27.417564116798044,43.95470189852337,16.537137781725324,1608,2.975463528366826,22253,36554,-14301,-26.462751193516155,41.1772325228526,67.63998371636875,47615,47099,516,0.9548129232818919,88.10739794974279,87.15258502646091,6427,6942,-515,-0.9529625106398727,11.892602050257208,12.84556456089708,5703.35,2017-05-29,2017-05-30,5794.63,0.016004628858477865,2017-05-30,2017-05-30,5794.63,0.016004628858477865,2017-05-31,2017-05-31,5788.8,0.01498242261127225,2017-06-01,2017-06-01,5816.51,0.019840970657595935,2017-06-02,2017-06-02,5881.46,0.031229014526550136,0.016004628858477865,0.0,-0.0010061039272567518,0.004786829740187848,0.011166489871073937,0.014984563293946263,-0.0036842031709650724,-1.6737827494043565,-890.0,-2.8188941897860076,-1.1451114403816547,1.3895232175076977,737.0,2.288137842159159,0.8986146246514579,-0.28611165813757766,-154.0,0.2128950604258506,0.49900671856345014,0.2879620707795969,155.0,-0.21289506042585593,-0.5008571312054535,0.016004628858477865,0.026899979836412014,0.008498514031227256,0.004025704191396251,0.029803536518011375,0.11840058912744267,0.20869664320092562,20.0,NASDAQ-100 Index x $20,114067.0,2709547518.0,1019416779.0,1690130739.0,-101519630.0,-922459829.0,2538332951.0,4169605118.0,-1631272167.0,84067379.0,959531604.0,5431300205.0,5372441633.0,58858572.0,-17566318.0,37071775.0,733108609.0,791853114.0,-58744505.0,17680385.0,-36957708.0
2017-05-30,NASDAQ-100 Consolidated - CHICAGO MERCANTILE EXCHANGE,55100,25368,9306,16062,29.150635208711435,46.039927404718696,16.88929219600726,1055,1.91470054446461,21670,37534,-15864,-28.791288566243196,39.328493647912886,68.11978221415607,48093,47895,198,0.35934664246823955,87.2831215970962,86.92377495462796,7008,7205,-197,-0.35753176043557167,12.71869328493648,13.07622504537205,5794.63,2017-06-05,2017-06-05,5878.12,0.014408167562035779,2017-06-06,2017-06-06,5856.77,0.010723721790692364,2017-06-07,2017-06-07,5877.59,0.014316703568648892,2017-06-08,2017-06-08,5885.3,0.015647245812070887,2017-06-09,2017-06-09,5741.94,-0.009092901531245423,0.014408167562035779,-0.003632113668996073,0.003554860443554908,0.0013117621337996876,-0.024358996142932465,-0.023167271168332837,0.016004628858477865,1.7330710919133914,1245.0,2.0852255061953286,0.3521544142819373,-2.328537372727041,-1563.0,-1.8487388749397127,0.4797984977873284,-0.5954662808136524,-318.0,-0.8242763526465922,-0.2288100718329531,0.595430750204301,318.0,0.8260912346792715,0.23066048447497067,0.010723721790692364,-0.007387874635654157,-0.011790226468299081,-0.02123172661584949,0.011650441874632156,0.10836412333488088,0.1953377523672779,20.0,NASDAQ-100 Index x $20,115892.6,2939963476.8,1078496535.6000001,1861466941.2,144286287.0,-591515830.4,2511392642.0,4349912848.400001,-1838520206.4,-181140133.8,576681577.6,5573622811.8,5550676077.0,22946734.8,-36853846.800000004,-14834252.8,812175340.8000001,835006183.0,-22830842.200000003,36853846.800000004,15066038.0
2017-06-06,NASDAQ-100 Consolidated - CHICAGO MERCANTILE EXCHANGE,63241,29274,10776,18498,29.250011859395013,46.28959061368416,17.03957875428915,1225,1.9370345187457505,25427,44402,-18975,-30.004269382204583,40.20651159848832,70.2107809806929,55926,56402,-476,-0.7526762701412059,88.43313673091824,89.18581300105944,7316,6839,477,0.7542575228095697,11.56844452175013,10.81418699894056,5856.77,2017-06-12,2017-06-12,5708.18,-0.025370639448023424,2017-06-13,2017-06-13,5751.82,-0.017919433407834084,2017-06-14,2017-06-14,5727.07,-0.022145312177189957,2017-06-15,2017-06-15,5700.89,-0.026615352830997252,2017-06-16,2017-06-16,5681.48,-0.02992946624163162,-0.025370639448023424,0.007645168862929985,-0.0043029858375261965,-0.0045712729196604185,-0.0034047315419172275,-0.004677497906513284,0.010723721790692364,0.0993766506835776,2436.0,0.24966320896546534,0.15028655828188775,-1.2129808159613873,-3111.0,0.8780179505754333,2.0909987665368277,-1.1120229126094454,-674.0,1.1500151338220377,2.262038046431485,1.1117892832451415,674.0,-1.1502487631863492,-2.26203804643149,-0.017919433407834084,-0.022275076535359983,-0.031616402897843066,-0.04436062881076097,0.012969606113949927,0.06972102370419186,0.22366936041538255,20.0,NASDAQ-100 Index x $20,117135.40000000001,3429021699.6000004,1262251070.4,2166770629.2000003,285341834.40000004,-46854160.0,2978401815.8,5201046030.8,-2222644215.0,-364408229.40000004,-70515510.80000001,6550914380.400001,6606670830.8,-55756450.400000006,-78949259.60000001,-117135400.00000001,856962586.4000001,801089000.6,55873585.800000004,78949259.60000001,117252535.4
2017-06-13,NASDAQ-100 Consolidated - CHICAGO MERCANTILE EXCHANGE,89647,30168,9852,20316,22.66221959463228,33.65199058529566,10.989770990663379,1572,1.753544457706337,50179,71142,-20963,-23.38393922830658,55.97398685957143,79.357926087878,81919,82566,-647,-0.7217196336743003,91.37952190257343,92.10124153624773,7728,7081,647,0.7217196336743003,8.620478097426574,7.898758463752273,5751.82,2017-06-19,2017-06-19,5772.22,0.0035467034782035167,2017-06-20,2017-06-20,5726.31,-0.004435117927890531,2017-06-21,2017-06-21,5782.39,0.005314839476896038,2017-06-22,2017-06-22,5779.87,0.004876717282529697,2017-06-23,2017-06-23,5803.11,0.008917177519463415,0.0035467034782035167,-0.007953612301679347,0.00979339225434872,-0.0004358059556689442,0.00402085168005506,0.00535149387930467,-0.017919433407834084,-6.587792264762733,1818.0,-12.637600028388505,-6.04980776362577,6.620330153898003,-1988.0,15.767475261083113,9.147145107185096,0.030956636466905607,-171.0,2.9463851716551943,2.9154285351882834,-0.03253788913526945,170.0,-2.947966424323557,-2.915428535188287,-0.004435117927890531,-0.013946889853993949,-0.026923651991891173,-0.007305513733044444,0.042390060885076464,0.10984870875653274,0.2533737147546342,20.0,NASDAQ-100 Index x $20,115036.4,3470418115.2,1133338612.8,2337079502.4,209136175.2,530202767.59999996,5772411515.599999,8183919568.799999,-2411508053.2,-228692363.2,-681590670.0,9423666851.6,9498095402.4,-74428550.8,-19671224.4,-151502938.79999998,889001299.1999999,814572748.4,74428550.8,19556188.0,151502938.79999998
2017-06-20,NASDAQ-100 Consolidated - CHICAGO MERCANTILE EXCHANGE,56941,24919,10731,14188,24.917019370927804,43.76284224021356,18.84582286928575,1354,2.3778999315080522,23212,38966,-15754,-27.667234505892065,40.765002370875116,68.43223687676718,49485,51051,-1566,-2.7502151349642614,86.90574454259672,89.65595967756099,7456,5890,1566,2.7502151349642614,13.094255457403278,10.344040322439016,5726.31,2017-06-26,2017-06-26,5777.59,0.008955156112749663,2017-06-27,2017-06-27,5671.6,-0.00955414568893409,2017-06-28,2017-06-28,5753.03,0.004666181188234475,2017-06-29,2017-06-29,5653.02,-0.012798818087040309,2017-06-30,2017-06-30,5646.92,-0.013864076516989177,0.008955156112749663,-0.018345019290049946,0.014357500528951128,-0.017383882927778815,-0.0010790692408659819,-0.022616696581100437,-0.004435117927890531,2.254799776295524,-6128.0,10.110851654917901,7.856051878622372,-4.283295277585484,5209.0,-15.208984488696316,-10.925689211110821,-2.028495501289961,-919.0,-4.473777359976708,-2.445281858686741,2.028495501289961,919.0,4.473777359976705,2.4452818586867426,-0.00955414568893409,-0.022588717690799176,-0.0028831830620417165,0.026856736711774243,0.046237454835661884,0.131735794953469,0.26225090852573474,20.0,NASDAQ-100 Index x $20,114526.20000000001,2853878377.8,1228980652.2,1624897725.6000001,-701816553.6,-72036979.80000001,2658382154.4,4462627909.200001,-1804245754.8000002,596566975.8000001,-166406568.60000002,5667329007.000001,5846677036.200001,-179348029.20000002,-105249577.80000001,-238443548.40000004,853907347.2,674559318.0000001,179348029.20000002,105249577.80000001,238329022.20000002
2017-06-27,NASDAQ-100 Consolidated - CHICAGO MERCANTILE EXCHANGE,57176,22265,12025,10240,17.909612424793618,38.94116412480761,21.031551700013992,1200,2.098782706030502,26500,37151,-10651,-18.628445501609068,46.348118091506926,64.97656359311598,49966,50376,-410,-0.7170840912270883,87.3898139079334,88.10689799916048,7211,6801,410,0.7170840912270883,12.611935077654959,11.89485098642787,5671.6,2017-07-03,2017-07-03,5596.96,-0.013160307497002699,2017-07-04,2017-07-05,5648.82,-0.004016503279497985,2017-07-05,2017-07-05,5648.82,-0.004016503279497985,2017-07-06,2017-07-06,5597.9,-0.012994569433669612,2017-07-07,2017-07-07,5656.47,-0.0026676775513082562,-0.013160307497002699,0.009265744261170328,0.0,-0.009014272007251134,0.010462852140981527,0.010632557674165932,-0.00955414568893409,-7.007406946134186,-3948.0,-4.821678115405952,2.185728830728241,9.038789004282997,5103.0,5.58311572063181,-3.455673283651194,2.033131043737173,1156.0,0.4840693653366799,-1.5490616784005056,-2.033131043737173,-1156.0,-0.48232037974831954,1.5508106639888553,-0.013160307497002699,0.006735312786515291,0.03676211298399035,0.04567494181536058,0.03698074617391911,0.1342760420339939,0.24624444601170725,20.0,NASDAQ-100 Index x $20,113432.0,2525563480.0,1364019800.0,1161543680.0,-447829536.0,-660401104.0,3005948000.0,4214112232.0,-1208164232.0,578843496.0,591321016.0,5667743312.0,5714250432.0,-46507120.0,131127392.0,-68966656.0,817958152.0,771451032.0,46507120.0,-131127392.0,68853224.0
2017-07-03,NASDAQ-100 Consolidated - CHICAGO MERCANTILE EXCHANGE,58428,20782,13067,7715,13.204285616485247,35.56856301773122,22.364277401245978,1117,1.9117546381871706,29353,37492,-8139,-13.929965085233107,50.23789963716027,64.16786472239338,51253,51676,-423,-0.7239679605668515,87.71992880125967,88.44389676182652,7175,6752,423,0.7239679605668515,12.28007119874033,11.55610323817348,5596.96,2017-07-10,2017-07-10,5694.15,0.01736478373974437,2017-07-11,2017-07-11,5709.8,0.020160944512735535,2017-07-12,2017-07-12,5778.95,0.03251586575569587,2017-07-13,2017-07-13,5793.36,0.035090477687887756,2017-07-14,2017-07-14,5838.08,0.04308052943026208,0.01736478373974437,0.0027484347971165057,0.012110756944201162,0.0024935325621435744,0.007719181960037069,0.02527681919162661,-0.013160307497002699,-4.705326808308371,-2525.0,-3.3726011070763846,1.3327257012319862,4.698480416375961,2512.0,3.889781545653342,-0.8086988707226084,-0.00688386933976326,-13.0,0.3301148933262681,0.3369987626660418,0.00688386933976326,13.0,-0.33186387891462843,-0.33874774825439147,0.020160944512735535,0.05058817643863822,0.059619865069609146,0.053280709528029435,0.07112789800177244,0.16337082987907725,0.2532785655069896,20.0,NASDAQ-100 Index x $20,111939.2,2326320454.4,1462709526.3999999,863610928.0,-282646480.0,-1207040393.6,3285751337.6,4196824486.4,-911073148.8,281191270.4,1212973171.2,5737219817.599999,5784570099.2,-47350281.6,-1455209.5999999999,5932777.6,803163760.0,755813478.4,47350281.6,1455209.5999999999,-6044716.8
2017-07-11,NASDAQ-100 Consolidated - CHICAGO MERCANTILE EXCHANGE,55985,18253,12107,6146,10.977940519782084,32.60337590426007,21.625435384477985,920,1.643297311779941,30425,35386,-4961,-8.861302134500312,54.344913816200766,63.206215950701086,49598,48413,1185,2.116638385281772,88.59158703224078,86.474948646959,6387,7572,-1185,-2.116638385281772,11.40841296775922,13.525051353040993,5709.8,2017-07-17,2017-07-17,5839.74,0.022757364531156954,2017-07-18,2017-07-18,5880.1,0.029825913341973376,2017-07-19,2017-07-19,5916.16,0.03614137097621617,2017-07-20,2017-07-20,5921.22,0.037027566639812326,2017-07-21,2017-07-21,5921.53,0.03708185925951857,0.022757364531156954,0.0069112665974855325,0.006132548766177415,0.000855284508870735,5.235407568027206e-05,0.014005760530434674,0.020160944512735535,-2.226345096703163,-1569.0,-2.9651871134711527,-0.7388420167679932,5.068662950732795,3178.0,4.1070141790404975,-0.961648771692289,2.8406063458486233,1608.0,0.8716582309811116,-1.9689481148675156,-2.8406063458486233,-1608.0,-0.8716582309811098,1.9689481148675139,0.029825913341973376,0.03867911310378647,0.03246523520963951,0.03792602192721284,0.061949630459910976,0.16955760271813358,0.27545623314301726,20.0,NASDAQ-100 Index x $20,114196.0,2084419588.0,1382570972.0,701848616.0,-179173524.0,-1618157320.0,3474413300.0,4040939656.0,-566526356.0,362914888.0,1827364392.0,5663893208.0,5528570948.0,135322260.0,183627168.0,209207072.0,729369852.0,864692112.0,-135322260.0,-183627168.0,-209207072.0
2017-07-18,NASDAQ-100 Consolidated - CHICAGO MERCANTILE EXCHANGE,56703,20604,12852,7752,13.671234326226125,36.33670176181155,22.66546743558542,853,1.504329576918329,28834,35211,-6377,-11.24631853693808,50.85092499515017,62.09724353208826,50291,48916,1375,2.4249157892880446,88.69195633388004,86.26704054459199,6412,7787,-1375,-2.4249157892880446,11.308043666119959,13.732959455408004,5880.1,2017-07-24,2017-07-24,5941.37,0.010419890818183175,2017-07-25,2017-07-25,5930.65,0.008596792571554879,2017-07-26,2017-07-26,5950.73,0.012011700481284304,2017-07-27,2017-07-27,5917.03,0.006280505433581052,2017-07-28,2017-07-28,5908.92,0.004901277189163444,0.010419890818183175,-0.0018042976619870865,0.0033858008818594687,-0.005663170737035594,-0.0013706200576978356,-0.0054617032771902,0.029825913341973376,2.693293806444041,1606.0,3.7333258575514776,1.0400320511074348,-2.3850164024377687,-1416.0,-3.4939888210505927,-1.1089724186128294,0.3082774040062728,190.0,0.10036930163926172,-0.20790810236701418,-0.3082774040062728,-190.0,-0.10036930163926172,0.20790810236701063,0.008596792571554879,0.0025628815836464813,0.007865512491284088,0.00469889967857684,0.041242495875920326,0.14575262325470661,0.2591435519804084,20.0,NASDAQ-100 Index x $20,117602.0,2423071608.0,1511420904.0,911650704.0,188868812.0,-756886472.0,3390936068.0,4140884022.0,-749947954.0,-166524432.0,1102753954.0,5914322182.0,5752619432.0,161702750.0,22344380.0,345867482.0,754064024.0,915766774.0,-161702750.0,-22344380.0,-345867482.0
2017-07-25,NASDAQ-100 Consolidated - CHICAGO MERCANTILE EXCHANGE,58043,22661,12006,10655,18.35708009579105,39.041744913253964,20.684664817462917,782,1.3472770187619525,28063,37378,-9315,-16.048446841135018,48.348638078665815,64.39708491980085,51507,50167,1340,2.308633254656031,88.73938287131953,86.4307496166635,6536,7876,-1340,-2.308633254656031,11.260617128680462,13.569250383336492,5930.65,2017-07-31,2017-07-31,5880.33,-0.008484736074460542,2017-08-01,2017-08-01,5895.17,-0.0059824808410544605,2017-08-02,2017-08-02,5914.23,-0.0027686678525962183,2017-08-03,2017-08-03,5891.2,-0.006651884700665134,2017-08-04,2017-08-04,5899.91,-0.005183242983484049,-0.008484736074460542,0.0025236678893871822,0.00323315527796475,-0.003893998035247148,0.0014784763715371962,0.003329745099339698,0.008596792571554879,4.685845769564926,2903.0,2.7050431514424176,-1.9808026181225031,-4.802128304196938,-2938.0,-2.5022869164843584,2.29984138771259,-0.11628253463201377,-35.0,0.04742653743949177,0.1637090720715122,0.11628253463201377,35.0,-0.047426537439497096,-0.1637090720715122,-0.0059824808410544605,-0.0007250470015932597,-0.003864669134074683,-0.009665045146821982,0.025219832564727485,0.1741478590036507,0.24880915245377833,20.0,NASDAQ-100 Index x $20,118613.0,2687889193.0,1424067678.0,1263821515.0,344333539.0,49224395.0,3328636619.0,4433516714.0,-1104880095.0,-348484994.0,158466968.0,6109399791.0,5950458371.0,158941420.0,-4151455.0,207572750.0,775254568.0,934195988.0,-158941420.0,4151455.0,-207572750.0
2017-08-01,NASDAQ-100 Consolidated - CHICAGO MERCANTILE EXCHANGE,58560,22743,11586,11157,19.052254098360656,38.83709016393443,19.78483606557377,1071,1.828893442622951,27886,37905,-10019,-17.108948087431695,47.619535519125684,64.72848360655738,51700,50561,1139,1.9450136612021858,88.28551912568307,86.34050546448087,6860,7999,-1139,-1.9450136612021858,11.71448087431694,13.659494535519126,5895.17,2017-08-07,2017-08-07,5934.73,0.006710578320896499,2017-08-08,2017-08-08,5926.35,0.005289075633102991,2017-08-09,2017-08-09,5919.39,0.004108448102429607,2017-08-10,2017-08-10,5788.19,-0.01814705937233374,2017-08-11,2017-08-11,5831.53,-0.01079527816839898,0.006710578320896499,-0.0014120271688854436,-0.0011744159558582101,-0.022164445998658744,0.007487660218479464,-0.017389165134723883,-0.0059824808410544605,0.6951740025696047,502.0,-0.20465474931953764,-0.8998287518891459,-1.0605012462966776,-704.0,-0.7291025595401308,0.33139868675652906,-0.3636195934538451,-201.0,-0.45386374563646825,-0.09024415218263471,0.3636195934538451,201.0,0.4538637456364789,0.09024415218263471,0.005289075633102991,0.002130557727766824,-0.0037047277686649283,-0.005602891858928483,0.05994568434837344,0.17566244908967832,0.22676360478154134,20.0,NASDAQ-100 Index x $20,117903.4,2681477026.2,1366028792.3999999,1315448233.8,59187506.8,405823502.79999995,3287854212.3999996,4469128377.0,-1181274164.6,-83003993.6,-221658392.0,6095605780.0,5961313807.4,134291972.6,-23698583.4,184165110.79999998,808817324.0,943109296.5999999,-134291972.6,23698583.4,-184165110.79999998
2017-08-08,NASDAQ-100 Consolidated - CHICAGO MERCANTILE EXCHANGE,59955,21220,12621,8599,14.342423484279877,35.393211575348175,21.050788091068302,1840,3.068968392961388,30700,37497,-6797,-11.336835960303562,51.20507046951881,62.54190642982237,53760,51957,1803,3.0072554415811856,89.66725043782837,86.65999499624718,6194,7997,-1803,-3.0072554415811856,10.331081644566758,13.338337086147945,5926.35,2017-08-14,2017-08-14,5908.17,-0.0030676554709053727,2017-08-15,2017-08-15,5907.73,-0.00314190015777005,2017-08-16,2017-08-16,5917.42,-0.00150682966750193,2017-08-17,2017-08-17,5796.32,-0.021940992347735278,2017-08-18,2017-08-18,5790.91,-0.022853864520320344,-0.0030676554709053727,-7.447314481479061e-05,0.0016402239100299365,-0.020464999949302287,-0.000933350815689904,-0.019847093093123602,0.005289075633102991,-4.709830614080779,-2558.0,-3.4438785885862515,1.2659520254945313,5.772112127128134,3222.0,3.585534950393125,-2.186577176735007,1.0622417803789999,664.0,1.3817313121453054,0.31948953176630823,-1.0622417803789999,-664.0,-1.3833992297501823,-0.3211574493711815,-0.00314190015777005,-0.00894648476718396,-0.010834662144490248,0.001076547959536489,0.06655529963636964,0.12480363124013927,0.25923207370472534,20.0,NASDAQ-100 Index x $20,118527.0,2515142940.0,1495929267.0,1019213673.0,-303192066.0,290746731.0,3638778900.0,4444406919.0,-805628019.0,381893994.0,-217615572.0,6372011520.0,6158307339.0,213704181.0,78701928.0,73249686.0,734156238.0,947860419.0,-213704181.0,-78701928.0,-73249686.0
2017-08-15,NASDAQ-100 Consolidated - CHICAGO MERCANTILE EXCHANGE,60505,21637,12205,9432,15.588794314519461,35.76068093545988,20.17188662094042,1547,2.55681348648872,30824,37926,-7102,-11.737872903065863,50.94455003718701,62.68242294025287,54008,51678,2330,3.8509214114535992,89.26204445913561,85.41112304768201,6497,8828,-2331,-3.8525741674241796,10.737955540864391,14.590529708288571,5907.73,2017-08-21,2017-08-21,5786.54,-0.020513801409339893,2017-08-22,2017-08-22,5873.33,-0.0058228795154822155,2017-08-23,2017-08-23,5851.78,-0.009470642700326493,2017-08-24,2017-08-24,5834.44,-0.012405780223537666,2017-08-25,2017-08-25,5822.53,-0.014421782986019926,-0.020513801409339893,0.014998600199773948,-0.0036691280755550837,-0.0029632009405685666,-0.0020413270168173625,0.00621960618953632,-0.00314190015777005,1.2463708302395844,833.0,0.3674693601117056,-0.8789014701278823,-0.4010369427623015,-305.0,-0.260520432331802,0.14051651043050128,0.8436659698724136,527.0,-0.40520597869276287,-1.2488719485651671,-0.845318725842994,-528.0,0.4068738962976326,1.252192622140626,-0.0058228795154822155,-0.007717008055547425,0.004231743833926105,0.014880504017617646,0.06532289051801632,0.10937026573658581,0.26058062910796553,20.0,NASDAQ-100 Index x $20,118154.59999999999,2556511080.2,1442076893.0,1114434187.1999998,98422781.8,198499728.0,3641997390.3999996,4481131359.599999,-839133969.1999999,-36037153.0,-85662085.0,6381293636.799999,6105993418.799999,275300218.0,62267474.199999996,112837642.99999999,767650436.1999999,1043068808.8,-275418372.59999996,-62385628.8,-112955797.6
2017-08-22,NASDAQ-100 Consolidated - CHICAGO MERCANTILE EXCHANGE,58746,20634,12821,7813,13.299628910904573,35.12409355530589,21.82446464440132,1392,2.3695230313553264,29882,36484,-6602,-11.238211963367718,50.86644197051714,62.104653933884855,51908,50698,1210,2.0597147039798456,88.36005855717836,86.30034385319851,6838,8048,-1210,-2.0597147039798456,11.63994144282164,13.699656146801484,5873.33,2017-08-28,2017-08-28,5838.08,-0.006001706016859232,2017-08-29,2017-08-29,5862.14,-0.0019052224206710378,2017-08-30,2017-08-30,5932.9,0.01014245751558307,2017-08-31,2017-08-31,5988.6,0.01962600432803896,2017-09-01,2017-09-01,5987.9,0.019506821513519457,-0.006001706016859232,0.004121217934663468,0.01207067726120492,0.009388326113705103,-0.00011688875530191378,0.025662546590659918,-0.0058228795154822155,-2.289165403614888,-1619.0,-0.6365873801539905,1.6525780234609009,0.4996609396981455,500.0,-0.07810806666986991,-0.5777690063680154,-1.7912067074737537,-1120.0,-0.9019859019572465,0.8892208055165014,1.792859463444334,1121.0,0.9019859019572483,-0.8908735614870871,-0.0019052224206710378,0.0101135131177712,0.020824642919774705,0.020048252013763923,0.08603296596649601,0.15431790823944835,0.2594609872082787,20.0,NASDAQ-100 Index x $20,117466.6,2423805824.4,1506039278.6000001,917766545.8000001,-190178425.4,-333840077.2,3510136941.2000003,4285651434.4,-775514493.2,58733300.0,318686885.8,6097456272.8,5955321686.8,142134586.0,-131562592.0,-15270658.0,803236610.8000001,945371196.8000001,-142134586.0,131680058.60000001,15270658.0
2017-08-29,NASDAQ-100 Consolidated - CHICAGO MERCANTILE EXCHANGE,58179,21234,12802,8432,14.493202014472576,36.49770535760326,22.004503343130683,880,1.5125732652675365,29443,36269,-6826,-11.732755805359323,50.607607555990995,62.34036336135031,51557,49951,1606,2.760446209113254,88.6178861788618,85.85743996974854,6622,8228,-1606,-2.760446209113254,11.38211382113821,14.142560030251467,5862.14,2017-09-04,2017-09-05,5932.73,0.012041677612612434,2017-09-05,2017-09-05,5932.73,0.012041677612612434,2017-09-06,2017-09-06,5951.13,0.015180463107329345,2017-09-07,2017-09-07,5964.31,0.017428788804088713,2017-09-08,2017-09-08,5913.37,0.008739129396431844,0.012041677612612434,0.0,0.003101438966546688,0.0022147054424959123,-0.008540803546428721,-0.0032632531734968495,-0.0019052224206710378,1.1935731035680028,619.0,1.3736118022973685,0.18003869872936207,-0.4945438419916055,-224.0,-0.25883441452614164,0.23570942746545853,0.7007315051334082,396.0,0.25782762168343254,-0.4429038834499721,-0.7007315051334082,-396.0,-0.257827621683429,0.44290388344998277,0.012041677612612434,0.022773253453516995,0.021995380526565356,0.0032752544292697916,0.09559990037767774,0.17710426567772175,0.29137993974896537,20.0,NASDAQ-100 Index x $20,117242.8,2489533615.2000003,1500942325.6000001,988591289.6,72573293.2,-319486630.0,3451979760.4,4252279113.2000003,-800299352.8000001,-26262387.2,374356260.40000004,6044687039.6,5856395102.8,188291936.8,46428148.800000004,54752387.6,776381821.6,964673758.4,-188291936.8,-46428148.800000004,-54752387.6
2017-09-05,NASDAQ-100 Consolidated - CHICAGO MERCANTILE EXCHANGE,56291,21165,12338,8827,15.681014727043399,37.59926098310565,21.91824625606225,1047,1.859977616315219,27646,34557,-6911,-12.27727345401574,49.11264678190119,61.389920235916925,49859,47943,1916,3.4037412730276597,88.57366186424117,85.16992059121351,6432,8348,-1916,-3.4037412730276597,11.426338135758824,14.830079408786483,5932.73,2017-09-11,2017-09-11,5980.53,0.008056999054398162,2017-09-12,2017-09-12,5995.64,0.010603887249209132,2017-09-13,2017-09-13,6004.38,0.012077070758318875,2017-09-14,2017-09-14,5968.82,0.006083202842536162,2017-09-15,2017-09-15,5988.0,0.009316115852229911,0.008056999054398162,0.00252653192944452,0.001457725947521915,-0.005922343356016824,0.0032133654558188507,0.001249053177561299,0.012041677612612434,1.1878127125708229,395.0,1.1015556255023924,-0.08625708706843227,-0.5445176486564165,-85.0,-1.4949607740898045,-0.950443125433388,0.6432950639144059,310.0,-0.04422431462062093,-0.6875193785350291,-0.6432950639144059,-310.0,0.044224314620613825,0.6875193785350167,0.010603887249209132,0.00983526976619542,-0.00866211676580586,0.01050612449917665,0.05602479802721505,0.1652342176367374,0.28479131866779706,20.0,NASDAQ-100 Index x $20,118654.59999999999,2511324609.0,1463960454.8,1047364154.1999999,46868567.0,27053248.799999997,3280325071.6,4100347012.2,-820021940.5999999,-10085641.0,-13526624.399999999,5915999701.4,5688657487.799999,227342213.6,36782926.0,13407969.799999999,763186387.1999999,990528600.8,-227342213.6,-36782926.0,-13407969.799999999
2017-09-12,NASDAQ-100 Consolidated - CHICAGO MERCANTILE EXCHANGE,71552,21870,12354,9516,13.299418604651162,30.565183363148478,17.26576475849732,1982,2.7700134168157424,40814,48503,-7689,-10.746030858676207,57.041033094812164,67.78706395348837,64666,62839,1827,2.5533877459749554,90.37622987477639,87.82284212880143,6887,8713,-1826,-2.5519901610017888,9.62516771019678,12.177157871198569,5995.64,2017-09-18,2017-09-18,5981.12,-0.0024217598121302197,2017-09-19,2017-09-19,5991.08,-0.0007605526682723518,2017-09-20,2017-09-20,5973.61,-0.003674336684657664,2017-09-21,2017-09-21,5934.91,-0.010129027093020992,2017-09-22,2017-09-22,5932.32,-0.010561007665570443,-0.0024217598121302197,0.0016652399550585173,-0.0029160017893268275,-0.006478494578655125,-0.0004364008889772286,-0.008159007008720853,0.010603887249209132,-2.381596122392237,689.0,-7.0340776199571735,-4.652481497564931,1.531242595339533,-778.0,7.928386312910973,6.397143717571446,-0.8503535270527043,-89.0,1.8025680105352109,2.6529215375879147,0.851751112025871,90.0,-1.8011704255620433,-2.6529215375879147,-0.0007605526682723518,-0.019063853066561776,-9.673696219247852e-05,0.011321560333842573,0.06471535982814158,0.17527236458493167,0.2522216143731111,20.0,NASDAQ-100 Index x $20,119912.8,2622492936.0,1481402731.2,1141090204.8,82619919.2,10072675.200000001,4894121019.2,5816130538.400001,-922009519.2,-93292158.4,-70388813.60000001,7754281124.8,7535200439.2,219080685.6,-10672239.200000001,-60316138.4,825839453.6,1044800226.4,-218960772.8,10792152.0,60555964.0
2017-09-19,NASDAQ-100 Consolidated - CHICAGO MERCANTILE EXCHANGE,52922,20561,12855,7706,14.56105211443256,38.85151732738748,24.290465212954913,1164,2.199463361173047,24900,31871,-6971,-13.172215713691848,47.050376025093534,60.22259173878538,46625,45891,734,1.3869468274063717,88.10135671365406,86.7144098862477,6298,7032,-734,-1.3869468274063717,11.900532859680284,13.287479687086655,5991.08,2017-09-25,2017-09-25,5867.35,-0.02065236985651997,2017-09-26,2017-09-26,5881.34,-0.018317231617671514,2017-09-27,2017-09-27,5937.79,-0.00889489040373359,2017-09-28,2017-09-28,5933.07,-0.00968272832277317,2017-09-29,2017-09-29,5979.3,-0.0019662565013319755,-0.02065236985651997,0.0023843813646704515,0.009598152801912452,-0.0007949085434143521,0.0077919188548256635,0.019080163958175245,-0.0007605526682723518,1.2616335097813973,-1810.0,8.286333964238999,7.024700454457594,-2.4261848550156415,718.0,-9.99065706971863,-7.564472214702988,-1.1664409185685838,-1093.0,-2.274873161122329,-1.1084322425537323,1.1650433335954171,1092.0,2.2753651494835037,1.1103218158880868,-0.018317231617671514,0.0006643209571564057,0.012091309079498291,0.02195430540069565,0.08171982347089335,0.14936205158335403,0.25092637721412503,20.0,NASDAQ-100 Index x $20,119821.6,2463651917.6,1540306668.0,923345249.6,-216877096.0,-12820911.200000001,2983557840.0,3818834213.6000004,-835276373.6,86031908.8,-44214170.4,5586682100.0,5498733045.6,87949054.4,-130965008.80000001,-57035081.6,754636436.8000001,842585491.2,-87949054.4,130845187.2,57035081.6
2017-09-26,NASDAQ-100 Consolidated - CHICAGO MERCANTILE EXCHANGE,53532,19761,14107,5654,10.561906896809385,36.91436897556601,26.352462078756634,1189,2.221101397295076,25965,30926,-4961,-9.267354105955317,48.50369872225958,57.7710528282149,46915,46222,693,1.2945527908540686,87.63916909512068,86.34461630426661,6617,7310,-693,-1.2945527908540686,12.360830904879325,13.655383695733391,5881.34,2017-10-02,2017-10-02,5981.92,0.01710154488602944,2017-10-03,2017-10-03,5995.06,0.019335729612639296,2017-10-04,2017-10-04,5998.84,0.019978440287417465,2017-10-05,2017-10-05,6057.14,0.029891147255557415,2017-10-06,2017-10-06,6064.57,0.03115446479883821,0.01710154488602944,0.002196619145692358,0.0006305191274149635,0.009718545585479799,0.0012266515220054064,0.013816634124160787,-0.018317231617671514,-3.999145217623175,-2052.0,-1.9371483518214632,2.0619968658017207,3.9048616077365317,2010.0,1.453322697166044,-2.451538910570484,-0.09239403655230305,-41.0,-0.46218761853337753,-0.36979358198108514,0.09239403655230305,41.0,0.46029804519904083,0.367904008646736,0.019335729612639296,0.030975934055844423,0.0410229641544273,0.03381542301584339,0.09382555676087412,0.11026398745864041,0.2859637429565369,20.0,NASDAQ-100 Index x $20,117626.8,2324423194.8,1659361267.6000001,665061927.2,-241370193.6,-326767250.40000004,3054179862.0,3637726416.8,-583546554.8000001,236429868.0,219373982.0,5518461322.0,5436945949.6,81515372.4,-4822698.8,-107393268.4,778336535.6,859851908.0,-81515372.4,4822698.8,107393268.4
2017-10-03,NASDAQ-100 Consolidated - CHICAGO MERCANTILE EXCHANGE,53966,19815,13978,5837,10.816069377015157,36.71756290998036,25.901493532965205,1026,1.9011970499944408,26623,31719,-5096,-9.44298261868584,49.33291331579143,58.77589593447726,47464,46724,740,1.3712337397620724,87.95167327576621,86.58043953600415,6502,7242,-740,-1.3712337397620724,12.048326724233776,13.41956046399585,5995.06,2017-10-09,2017-10-09,6058.53,0.010587050004503551,2017-10-10,2017-10-10,6063.52,0.011419401974292143,2017-10-11,2017-10-11,6081.25,0.014376836929071546,2017-10-12,2017-10-12,6069.99,0.012498623866983749,2017-10-13,2017-10-13,6092.45,0.016245041751041578,0.010587050004503551,0.0008236321351879905,0.0029240441195872435,-0.0018515930113053303,0.0037001708404791334,0.005598717840796352,0.019335729612639296,0.2541624802057729,183.0,-0.19680606558565472,-0.4509685457914294,-0.1756285127305226,-135.0,0.8292145935318516,1.0048431062623635,0.07668094890800381,47.0,0.31250418064553287,0.23582323173754105,-0.07668094890800381,-47.0,-0.31250418064554886,-0.23582323173754105,0.011419401974292143,0.02127585045020397,0.014205028807051212,0.042284814497269396,0.08611757013274257,0.07735869198973822,0.27242763208374887,20.0,NASDAQ-100 Index x $20,119901.20000000001,2375842278.0,1675978973.6000001,699863304.4000001,21941919.6,-358504588.00000006,3192129647.6000004,3803146162.8,-611016515.2,-16186662.000000002,217620678.00000003,5690990556.8,5602263668.8,88726888.00000001,5635356.4,-141003811.20000002,779597602.4000001,868324490.4000001,-88726888.00000001,-5635356.4,141003811.20000002
2017-10-10,NASDAQ-100 Consolidated - CHICAGO MERCANTILE EXCHANGE,56427,21759,15748,6011,10.652701720807414,38.56132702429688,27.908625303489465,893,1.5825757172984563,27120,32081,-4961,-8.791890407074627,48.062097931841144,56.85398833891576,49772,48722,1050,1.8608113137327873,88.20600067343648,86.3451893597037,6655,7706,-1051,-1.8625835149839616,11.793999326563524,13.656582841547484,6063.52,2017-10-16,2017-10-16,6114.53,0.008412605219410452,2017-10-17,2017-10-17,6122.61,0.009745164524896266,2017-10-18,2017-10-18,6114.35,0.008382919492308183,2017-10-19,2017-10-19,6092.62,0.004799192548222697,2017-10-20,2017-10-20,6108.82,0.007470907987439546,0.008412605219410452,0.0013214425311511846,-0.0013490978520597219,-0.0035539345964821223,0.00265895460409471,-0.0009338411946625547,0.011419401974292143,-0.1633676562077433,174.0,1.8437641143165209,2.0071317705242606,0.6510922116112123,135.0,-1.2708153839502856,-1.9219075955614997,0.4895775739707149,310.0,0.25432739767026646,-0.23525017630045397,-0.49134977522188916,-311.0,-0.25432739767025225,0.23702237755163402,0.009745164524896266,0.002754175792279101,0.030516927461276655,0.04242750085758762,0.10133058025701236,0.09109395202786486,0.21573277568145222,20.0,NASDAQ-100 Index x $20,121270.40000000001,2638722633.6000004,1909766259.2,728956374.4000001,21101049.6,-425052752.00000006,3288853248.0,3890475702.4,-601622454.4000001,16371504.000000002,330825651.20000005,6035870348.8,5908536428.8,127333920.00000001,37593824.0,-94227100.80000001,807054512.0,934509702.4000001,-127455190.4,-37715094.400000006,93984560.0
2017-10-17,NASDAQ-100 Consolidated - CHICAGO MERCANTILE EXCHANGE,55697,21540,15753,5787,10.39014668653608,38.673537174354095,28.283390487818018,862,1.547659658509435,26630,31034,-4404,-7.907068603335906,47.81226996068011,55.71933856401602,49031,47649,1382,2.4812826543619946,88.03167136470546,85.55038871034346,6666,8048,-1382,-2.4812826543619946,11.96832863529454,14.449611289656533,6122.61,2017-10-23,2017-10-23,6067.83,-0.008947164689568576,2017-10-24,2017-10-24,6080.22,-0.006923517911478827,2017-10-25,2017-10-25,6055.04,-0.011036143082770233,2017-10-26,2017-10-26,6037.87,-0.013840502661446652,2017-10-27,2017-10-27,6213.47,0.014840076372658162,-0.008947164689568576,0.0020419161380593742,-0.004141297518839848,-0.0028356542648768635,0.02908310380978718,0.024001990827033692,0.009745164524896266,-0.262555034271335,-224.0,0.11221015005721569,0.37476518432855244,0.8848218037387205,557.0,-0.24982797116103228,-1.1346497748997422,0.6204713406292073,332.0,-0.17432930873101782,-0.7948006493602406,-0.618699139378033,-331.0,0.17432930873101604,0.7930284481090482,-0.006923517911478827,0.020571292308345646,0.03236691541679115,0.027934165331451988,0.10037059358672207,0.11331115325000285,0.18845231037090393,20.0,NASDAQ-100 Index x $20,122452.2,2637620388.0,1928989506.6,708630881.4,-27429292.8,-234985771.79999998,3260902086.0,3800181574.7999997,-539279488.8,68205875.39999999,314334797.4,6003953818.2,5834724877.8,169228940.4,40654130.4,79349025.6,816266365.1999999,985495305.6,-169228940.4,-40531678.199999996,-79349025.6
2017-10-24,NASDAQ-100 Consolidated - CHICAGO MERCANTILE EXCHANGE,55890,21716,14631,7085,12.676686348183933,38.85489354088388,26.178207192699947,1240,2.2186437645374846,25660,32348,-6688,-11.966362497763464,45.911612095186975,57.877974592950444,48616,48219,397,0.7103238504204687,86.98514940060834,86.27482555018787,7273,7671,-398,-0.7121130792628377,13.013061370549291,13.72517444981213,6080.22,2017-10-30,2017-10-30,6227.59,0.024237609823328787,2017-10-31,2017-10-31,6248.56,0.027686498185920838,2017-11-01,2017-11-01,6248.65,0.027701300281897545,2017-11-02,2017-11-02,6236.39,0.02568492587439275,2017-11-03,2017-11-03,6295.58,0.0354197709951285,0.024237609823328787,0.0033672736965664196,1.4403318524536246e-05,-0.0019620237971400556,0.009491067749130444,0.01091754595276817,-0.006923517911478827,2.286539661647854,1298.0,0.18135636652978349,-2.1051832951180707,-4.059293894427558,-2284.0,-1.9006578654931374,2.158636028934424,-1.7709588039415258,-985.0,-1.0465219640971242,0.7244368398444152,1.769169575099157,984.0,1.044732735254751,-0.7244368398444028,0.027686498185920838,0.039564357868629774,0.035100703592962024,0.04907881622704435,0.1452644805615586,0.07052869797474437,0.17079151741219878,20.0,NASDAQ-100 Index x $20,121604.40000000001,2640761150.4,1779193976.4,861567174.0000001,157842511.20000002,174015896.4,3120368904.0,3933659131.2000003,-813290227.2,-277744449.6,-210010798.8,5911919510.400001,5863642563.6,48276946.800000004,-119780334.00000001,-35994902.400000006,884428801.2,932827352.4000001,-48398551.2,119658729.60000001,35873298.0
2017-10-31,NASDAQ-100 Consolidated - CHICAGO MERCANTILE EXCHANGE,54393,21268,12867,8401,15.445002114242643,39.10061956501756,23.655617450774916,1535,2.8220543084588092,24512,32434,-7922,-14.564374092254518,45.06462228595591,59.62899637821043,47315,46836,479,0.8806280219881234,86.98729615943228,86.10666813744416,7078,7557,-479,-0.8806280219881234,13.012703840567722,13.893331862555844,6248.56,2017-11-06,2017-11-06,6313.61,0.010410398555827038,2017-11-07,2017-11-07,6320.78,0.011557862931619312,2017-11-08,2017-11-08,6345.81,0.015563585850179917,2017-11-09,2017-11-09,6312.21,0.010186346934333512,2017-11-10,2017-11-10,6309.07,0.009683831154697842,0.010410398555827038,0.0011356418910892785,0.003959954309436631,-0.005294832338188615,-0.0004974485956582564,-0.0007190814763661235,0.027686498185920838,2.768315766058709,1316.0,0.24572602413368116,-2.5225897419250316,-2.5980115944910533,-1234.0,-0.8469898092310615,1.7510217852599865,0.17030417156765465,82.0,0.0021467588239403312,-0.1681574127437102,-0.16851494272528567,-81.0,-0.00035752998156901583,0.16815741274371376,0.011557862931619312,0.007214462212093764,0.020815996005479676,0.02784641581420355,0.10917235331020247,0.0693599805395162,0.08987030611852953,20.0,NASDAQ-100 Index x $20,124971.20000000001,2657887481.6000004,1608004430.4,1049883051.2,164462099.20000002,320426156.8,3063294054.4,4053315900.8,-990021846.4000001,-154214460.8,-353168611.20000005,5913012328.000001,5853151123.200001,59861204.800000004,10247638.4,-32617483.200000003,884546153.6,944407358.4000001,-59861204.800000004,-10122667.200000001,32617483.200000003
2017-11-07,NASDAQ-100 Consolidated - CHICAGO MERCANTILE EXCHANGE,55140,18802,13053,5749,10.426187885382662,34.09865796155241,23.67247007616975,1611,2.9216539717083787,27877,32777,-4900,-8.886470801595937,50.55676459920203,59.44323540079797,48290,47441,849,1.5397170837867247,87.57707653246281,86.0373594486761,6850,7699,-849,-1.5397170837867247,12.422923467537178,13.9626405513239,6320.78,2017-11-13,2017-11-13,6316.18,-0.0007277582829966489,2017-11-14,2017-11-14,6293.64,-0.0042937738696805505,2017-11-15,2017-11-15,6258.36,-0.009875363483620725,2017-11-16,2017-11-16,6339.14,0.002904704799091329,2017-11-17,2017-11-17,6314.51,-0.0009919661813889702,-0.0007277582829966489,-0.003568612674116345,-0.005605659046275413,0.012907534881342775,-0.003885385083781112,-0.00026440031791363783,0.011557862931619312,-5.018814228859981,-2652.0,-5.001961603465148,0.0168526253948329,5.6779032906585805,3022.0,5.49214231324612,-0.185760977412464,0.6590890617986013,370.0,0.5897803730305355,-0.06930868876806073,-0.6590890617986013,-370.0,-0.5897803730305444,0.06930868876805718,-0.0042937738696805505,0.009152351450295804,0.016102443052914417,-0.008807457307484223,0.054613512889232,0.07826565708662536,0.10569423393948219,20.0,NASDAQ-100 Index x $20,126415.59999999999,2376866111.2,1650102826.8,726763284.4,-335254171.2,-33120887.2,3524087681.2,4143524121.2,-619436440.0,382027943.2,7711351.6,6104609324.0,5997282479.599999,107326844.39999999,46773772.0,-25409535.599999998,865946859.9999999,973273704.4,-107326844.39999999,-46773772.0,25535951.2
2017-11-14,NASDAQ-100 Consolidated - CHICAGO MERCANTILE EXCHANGE,57261,20431,14914,5517,9.634829988997746,35.68048060634638,26.04565061734863,1748,3.0526885663889907,28162,32778,-4616,-8.061333193622186,49.18181659419151,57.2431497878137,50341,49440,901,1.5734967953755612,87.91498576692688,86.34148897155131,6919,7821,-902,-1.5752431847156005,12.083267843733083,13.658511028448682,6293.64,2017-11-20,2017-11-20,6308.61,0.0023785917211660568,2017-11-21,2017-11-21,6378.63,0.013504108909947243,2017-11-22,2017-11-22,6386.12,0.014694199223342919,2017-11-23,2017-11-24,6409.29,0.018375693557305395,2017-11-24,2017-11-24,6409.29,0.018375693557305395,0.0023785917211660568,0.01109911692116028,0.0011742333385067472,0.0036281811177991674,0.0,0.015959141554161782,-0.0042937738696805505,-0.7913578963849162,-232.0,1.5818226447939665,2.3731805411788827,0.8251376079737511,284.0,-1.3749480050105234,-2.2000856129842674,0.033779711588836525,52.0,0.33790923446406396,0.3041295228752148,-0.03552610092887587,-53.0,-0.3396556238040951,-0.3041295228752183,0.013504108909947243,0.020484171322160183,-0.004533147749156363,0.014301739533878477,0.041346502183156275,0.09452399565275416,0.08536713253379591,20.0,NASDAQ-100 Index x $20,125872.8,2571707176.8,1877266939.2,694440237.6,-29202489.6,-33985656.0,3544829793.6,4125858638.4,-581028844.8000001,35747875.2,-26685033.6,6336562624.8,6223151232.0,113411392.8,6545385.600000001,-60544816.800000004,870913903.2,984451168.8000001,-113537265.60000001,-6671258.4,60418944.0
2017-11-21,NASDAQ-100 Consolidated - CHICAGO MERCANTILE EXCHANGE,58925,18611,15474,3137,5.323716588884174,31.58421722528638,26.260500636402206,2242,3.8048366567670766,30938,33654,-2716,-4.609249045396691,52.5040305473059,57.11327959270259,51791,51370,421,0.7144675434874841,87.89308442935936,87.17861688587188,7134,7555,-421,-0.7144675434874841,12.106915570640645,12.82138311412813,6378.63,2017-11-27,2017-11-27,6405.97,0.00428618684576465,2017-11-28,2017-11-28,6422.56,0.006887058819840641,2017-11-29,2017-11-29,6311.38,-0.010543016290331941,2017-11-30,2017-11-30,6365.56,-0.002049029337020558,2017-12-01,2017-12-01,6337.87,-0.006390086899538017,0.00428618684576465,0.0025897717285594535,-0.017310854238808293,0.008584493407147065,-0.004349970780261336,-0.010630708542188061,0.013504108909947243,-4.311113400113571,-2380.0,-4.096263381059998,0.21485001905357493,3.452084148225495,1900.0,3.3222139531143924,-0.12987019511110987,-0.8590292518880771,-480.0,-0.021901337567513224,0.8371279143205612,0.8607756412281165,481.0,0.023647726907562117,-0.8371279143205523,0.006887058819840641,-0.017796925045033274,0.0007870028517094063,0.015997165535545976,0.06287557045948722,0.08073677262985934,0.0232542097597761,20.0,NASDAQ-100 Index x $20,127572.6,2374253658.6,1974058412.4,400195246.20000005,-303622788.0,-503656624.8,3946841098.8,4293328280.4,-346487181.6,242387940.0,506718367.20000005,6607112526.6,6553404462.0,53708064.6,-61234848.0,3061742.4000000004,910102928.4000001,963810993.0,-53708064.6,61362420.6,-2934169.8000000003
2017-11-28,NASDAQ-100 Consolidated - CHICAGO MERCANTILE EXCHANGE,58911,18274,17152,1122,1.9045679075215156,31.019673745140974,29.11510583761946,2036,3.4560608375345856,31564,32154,-590,-1.0015107535095313,53.579127836906515,54.58063859041605,51874,51342,532,0.9030571540119843,88.05486241958208,87.15180526557009,7037,7569,-532,-0.9030571540119843,11.945137580417917,12.848194734429901,6422.56,2017-12-04,2017-12-04,6263.7,-0.02473468523454836,2017-12-05,2017-12-05,6265.11,-0.024515146608206195,2017-12-06,2017-12-06,6293.05,-0.02016485638125609,2017-12-07,2017-12-07,6316.28,-0.016547918586981014,2017-12-08,2017-12-08,6344.57,-0.012143132956329072,-0.02473468523454836,0.00022510656640650772,0.004459618426492229,0.0036913738171473476,0.004478902138600471,0.012910899308715251,0.006887058819840641,-3.4191486813626586,-2015.0,-0.5645434801454066,2.854605201217254,3.6077382918871597,2126.0,1.0750972896006132,-2.532641002286539,0.18858961052450018,111.0,0.161777990222717,-0.02681162030178541,-0.18858961052450018,-111.0,-0.16177799022272765,0.0268116203017712,-0.024515146608206195,-0.006058331880122725,0.009047794026058043,0.0016504322264019322,0.07439245409929995,0.0784702673077402,0.04335965720834056,20.0,NASDAQ-100 Index x $20,128451.20000000001,2347317228.8,2203194982.4,144122246.4,-258829168.00000003,-934996284.8000001,4054433676.8,4130219884.8,-75786208.0,273087251.20000005,941804198.4000001,6663277548.8,6594941510.400001,68336038.4,14258083.200000001,6807913.600000001,903911094.4000001,972247132.8000001,-68336038.4,-14258083.200000001,-6807913.600000001
2017-12-05,NASDAQ-100 Consolidated - CHICAGO MERCANTILE EXCHANGE,60856,20067,18846,1221,2.0063757065860393,32.974562902589724,30.968187196003683,1825,2.998882608124096,31012,32911,-1899,-3.1204811357959774,50.95964243459971,54.080123570395685,52904,53583,-679,-1.1157486525568556,86.93308794531353,88.04883659787038,7952,7274,678,1.1141054292099382,13.066912054686473,11.952806625476535,6265.11,2017-12-11,2017-12-11,6393.89,0.02055510597579313,2017-12-12,2017-12-12,6383.65,0.018920657418624698,2017-12-13,2017-12-13,6394.67,0.020679604986983513,2017-12-14,2017-12-14,6389.91,0.019919841790487336,2017-12-15,2017-12-15,6466.32,0.032115956463653506,0.02055510597579313,-0.0016015289596787996,0.0017262851190149586,-0.0007443699205744725,0.01195791490020981,0.011328002202102283,-0.024515146608206195,0.10180779906452364,99.0,1.9548891574487506,1.8530813583842232,-2.118970382286446,-1309.0,-2.6194854023068075,-0.5005150200203659,-2.0188058065688397,-1211.0,-1.1217744742685483,0.897031332300287,2.017162583221922,1210.0,1.1217744742685554,-0.895388108953366,0.018920657418624698,0.0344064190413258,0.02682315234688626,0.0393017840069847,0.1034155824877776,0.1439144723715946,0.08461144337449777,20.0,NASDAQ-100 Index x $20,125302.2,2514439247.4,2361445261.2,152993986.2,12404917.799999999,-567368361.6,3885871826.4,4123820704.2,-237948877.79999998,-164020579.79999998,376031902.2,6628987588.8,6714067782.599999,-85080193.8,-151740964.2,-191461761.6,996403094.4,911448202.8,84954891.6,151615662.0,191336459.4
2017-12-12,NASDAQ-100 Consolidated - CHICAGO MERCANTILE EXCHANGE,72410,18354,17020,1334,1.8422869769368873,25.347327717166134,23.505040740229248,2842,3.9248722552133684,43077,44668,-1591,-2.197210330064908,59.49040187819362,61.68761220825852,64273,64530,-257,-0.35492335312802104,88.76260185057313,89.11752520370115,8137,7880,257,0.35492335312802104,11.237398149426875,10.882474796298853,6383.65,2017-12-18,2017-12-18,6513.27,0.020304997924385004,2017-12-19,2017-12-19,6480.67,0.015198201655792554,2017-12-20,2017-12-20,6472.48,0.01391523658095295,2017-12-21,2017-12-21,6472.69,0.013948133121333361,2017-12-22,2017-12-22,6465.17,0.012770123675326817,0.020304997924385004,-0.0050051663757222364,-0.001263758222529554,3.2445059698904544e-05,-0.0011618044429749785,-0.0073849233948539705,0.018920657418624698,-0.164088729649152,113.0,-7.62723518542359,-7.463146455774435,0.9232708057310695,308.0,8.530759443593915,7.607488637862836,0.7608252994288346,422.0,1.8295139052596028,1.068688605830772,-0.7591820760819171,-421.0,-1.8295139052595975,-1.0703318291776824,0.015198201655792554,0.007755751020184443,0.020002663053269032,0.04610058508846815,0.10383714646009734,0.12931943323960438,0.05022048514564559,20.0,NASDAQ-100 Index x $20,127673.0,2343310242.0,2172994460.0,170315782.0,14427049.0,-534056159.0,5499769821.0,5702897564.0,-203127743.0,39323284.0,386210825.0,8205926729.0,8238738690.0,-32811961.0,53878006.0,-147845334.0,1038875201.0,1006063240.0,32811961.0,-53750333.0,147973007.0
2017-12-19,NASDAQ-100 Consolidated - CHICAGO MERCANTILE EXCHANGE,55177,17674,16866,808,1.4643782735560107,32.03146238468928,30.567084111133262,1280,2.3198071660293236,29367,30854,-1487,-2.6949634811606287,53.22326331623684,55.918226797397466,48321,49000,-679,-1.230585207604618,87.57453286695544,88.80511807456006,6856,6177,679,1.230585207604618,12.425467133044565,11.194881925439947,6480.67,2017-12-25,2017-12-26,6433.16,-0.00733103213093711,2017-12-26,2017-12-26,6433.16,-0.00733103213093711,2017-12-27,2017-12-27,6435.15,-0.007023965114718145,2017-12-28,2017-12-28,6441.42,-0.0060564725560783295,2017-12-29,2017-12-29,6396.42,-0.013000199053492922,-0.00733103213093711,0.0,0.00030933475927841236,0.000974336262558051,-0.006986037240235832,-0.005711034701453066,0.015198201655792554,-0.37790870338087656,-526.0,6.684134667523143,7.062043370904014,-0.4977531510957207,104.0,-6.267138561956784,-5.769385410861055,-0.875661854476597,-422.0,-1.188068983617697,-0.3124071291410928,0.875661854476597,422.0,1.1880689836176899,0.3124071291410946,-0.00733103213093711,0.004732535370571167,0.030439753914332845,0.03957461188426503,0.0625321147350506,0.11532295271939463,0.0016742096110433646,20.0,NASDAQ-100 Index x $20,129613.4,2290787231.6,2186059604.4,104727627.19999999,-68176648.39999999,-301869608.59999996,3806356717.7999997,3999091843.6,-192735125.79999998,13479793.6,159294868.6,6263049101.4,6351056600.0,-88007498.6,-54696854.8,-142574740.0,888629470.4,800621971.8,88007498.6,54696854.8,142574740.0
2017-12-26,NASDAQ-100 Consolidated - CHICAGO MERCANTILE EXCHANGE,57539,18126,17551,575,0.9993221988564277,31.502111611254975,30.502789412398545,1544,2.6833973478857818,30434,32376,-1942,-3.3751021046594483,52.892820521733086,56.26792262639253,50104,51471,-1367,-2.3757799058030207,87.07832948087383,89.45410938667686,7435,6068,1367,2.3757799058030207,12.921670519126158,10.545890613323138,6433.16,2018-01-01,2018-01-02,6511.34,0.012152659035373103,2018-01-02,2018-01-02,6511.34,0.012152659035373103,2018-01-03,2018-01-03,6575.8,0.022172618122353605,2018-01-04,2018-01-04,6584.58,0.023537421733642594,2018-01-05,2018-01-05,6653.29,0.03421802038189625,0.012152659035373103,0.0,0.00989965199175602,0.0013351987590863867,0.010434985982401335,0.021800428176074416,-0.00733103213093711,-0.465056074699583,-233.0,-0.5293507734343024,-0.0642946987347166,-0.6801386234988196,-455.0,-0.33044279450375313,0.3496958289950669,-1.1451946981984027,-688.0,-0.4962033860816035,0.6489913121168058,1.1451946981984027,688.0,0.49620338608159287,-0.6489913121168094,0.012152659035373103,0.03804972983728061,0.04725205031430901,0.08243227278662424,0.015028384184444299,0.09871354046844782,-0.08297788334193457,20.0,NASDAQ-100 Index x $20,128663.2,2332149163.2,2258167823.2,73981340.0,-29978525.599999998,-70378770.39999999,3915735828.7999997,4165599763.2,-249863934.4,-58541756.0,-173952646.4,6446540972.8,6622423567.2,-175882594.4,-88520281.6,-244331416.79999998,956610892.0,780728297.6,175882594.4,88520281.6,244331416.79999998
2018-01-02,NASDAQ-100 Consolidated - CHICAGO MERCANTILE EXCHANGE,55389,19674,16102,3572,6.448933903843724,35.51968802469804,29.07075412085432,1555,2.8074166350719456,27264,31102,-3838,-6.929173662640596,49.22276986405243,56.151943526693024,48493,48760,-267,-0.4820451714239289,87.54987452382242,88.03191969524636,6896,6629,267,0.4820451714239289,12.45012547617758,11.968080304753652,6511.34,2018-01-08,2018-01-08,6676.63,0.025384943805729643,2018-01-09,2018-01-09,6677.94,0.025586131272518298,2018-01-10,2018-01-10,6662.66,0.023239456087379873,2018-01-11,2018-01-11,6708.49,0.03027794586060617,2018-01-12,2018-01-12,6758.54,0.03796453571768632,0.025384943805729643,0.00019620676898357559,-0.0022881307708664256,0.006878634059069411,0.007460695327860645,0.012268165227068195,0.012152659035373103,5.449611704987296,2997.0,4.0175764134430665,-1.4320352915442243,-3.554071557981148,-1896.0,-3.6700506576806546,-0.11597909969950848,1.8937347343790918,1100.0,0.47154504294859123,-1.4221896914305034,-1.8937347343790918,-1100.0,-0.471545042948577,1.422189691430514,0.025586131272518298,0.03467796183274108,0.06943578433932185,0.06440916923398254,-0.008064392275629939,0.07728209554408161,-0.02785448156600634,20.0,NASDAQ-100 Index x $20,130226.8,2562082063.2000003,2096911933.6000001,465170129.6,390289719.6,306163206.8,3550503475.2000003,4050313933.6,-499810458.40000004,-246910012.8,-252509765.20000002,6315088212.400001,6349858768.0,-34770555.6,143249480.0,53653441.6,898044012.8000001,863273457.2,34770555.6,-143249480.0,-53523214.800000004
2018-01-09,NASDAQ-100 Consolidated - CHICAGO MERCANTILE EXCHANGE,51860,18130,14890,3240,6.247589664481295,34.95950636328577,28.711916698804473,1581,3.0485923640570767,25149,28283,-3134,-6.043193212495179,48.494022367913615,54.53721558040879,44860,44754,106,0.20439645198611647,86.50212109525646,86.29772464327034,7001,7106,-105,-0.20246818357115312,13.499807173158503,13.702275356729658,6677.94,2018-01-15,2018-01-16,6737.14,0.008865009269325652,2018-01-16,2018-01-16,6737.14,0.008865009269325652,2018-01-17,2018-01-17,6810.28,0.01981748862673216,2018-01-18,2018-01-18,6811.38,0.01998221008275025,2018-01-19,2018-01-19,6834.33,0.02341889864239577,0.008865009269325652,0.0,0.010856238700694965,0.00016152052485374213,0.003369361274807803,0.0144260027251919,0.025586131272518298,-0.2013442393624283,-332.0,-0.5601816614122725,-0.3588374220498487,0.8859804501454169,704.0,-0.7287474961388156,-1.6147279462842334,0.6864416234100453,373.0,-1.0477534285659686,-1.734195051976016,-0.684513354995082,-372.0,1.0496816969809224,1.7341950519760054,0.008865009269325652,0.04275570011111207,0.03785448806068947,-0.0017909714672489363,-0.009294782522753953,0.09054588690524334,-0.018881571262994168,20.0,NASDAQ-100 Index x $20,133558.8,2421421044.0,1988690531.9999998,432730511.99999994,-44341521.599999994,254563072.79999998,3358870261.2,3777443540.3999996,-418573279.2,94025395.19999999,-206081228.39999998,5991447767.999999,5977290535.2,14157232.799999999,49817432.4,48481844.4,935045158.8,949068832.8,-14023673.999999998,-49683873.599999994,-48348285.599999994
2018-01-16,NASDAQ-100 Consolidated - CHICAGO MERCANTILE EXCHANGE,54817,19625,14544,5081,9.26902238356714,35.8009376653228,26.53191528175566,1427,2.6032070343141727,26676,31853,-5177,-9.444150537242097,48.66373570242808,58.10788623967017,47728,47824,-96,-0.17512815367495485,87.06788040206506,87.24300855574,7089,6994,95,0.17330390207417407,12.932119597934946,12.758815695860774,6737.14,2018-01-22,2018-01-22,6906.28,0.025105608611369234,2018-01-23,2018-01-23,6963.46,0.03359288956441442,2018-01-24,2018-01-24,6919.35,0.027045600952332993,2018-01-25,2018-01-25,6916.3,0.02659288659579584,2018-01-26,2018-01-26,7022.97,0.042426014599666884,0.025105608611369234,0.008279421048668745,-0.0063344946334149554,-0.0004407928490393065,0.015422986278790685,0.01689621619743198,0.008865009269325652,3.021432719085845,1841.0,0.8414313020370301,-2.180001417048814,-3.4009573247469174,-2043.0,0.16971333451446213,3.5706706592613813,-0.3795246056610713,-202.0,0.5657593068086015,0.9452839124696624,0.37577208564532716,200.0,-0.5676875752235571,-0.9434596608688839,0.03359288956441442,0.028734745010494,-0.010562345446287424,-0.027204422054462385,0.011760183104403188,0.09896632695772989,-0.010019088218442884,20.0,NASDAQ-100 Index x $20,134742.80000000002,2644327450.0000005,1959699283.2000003,684628166.8000001,248061494.80000004,575755984.4000001,3594398932.8000007,4291962408.4000006,-697563475.6000001,-275279540.40000004,-497200932.00000006,6431004358.400001,6443939667.200001,-12935308.8,-27218045.600000005,78555052.4,955191709.2000002,942391143.2000002,12800566.000000002,26948560.000000004,-78689795.2
2018-01-23,NASDAQ-100 Consolidated - CHICAGO MERCANTILE EXCHANGE,51194,17580,14582,2998,5.856155018166191,34.33996171426339,28.483806696097197,1479,2.889010430909872,25104,28559,-3455,-6.748837754424347,49.03699652303004,55.78583427745439,44163,44621,-458,-0.8946360901668164,86.26596866820331,87.16060475837011,7031,6573,458,0.8946360901668164,13.734031331796695,12.839395241629878,6963.46,2018-01-29,2018-01-29,6988.32,0.003570064307111709,2018-01-30,2018-01-30,6930.73,-0.0047002495885666296,2018-01-31,2018-01-31,6949.99,-0.0019343831945614065,2018-02-01,2018-02-01,6901.5,-0.00889787548144172,2018-02-02,2018-02-02,6760.29,-0.02917658750104113,0.003570064307111709,-0.008240893376376568,0.0027789280494263657,-0.00697698845609851,-0.020460769397956935,-0.032630160038464195,0.03359288956441442,-3.412867365400949,-2083.0,-1.4609759510594102,1.9518914143415387,2.6953127828177497,1722.0,0.3732608206019634,-2.322051962215781,-0.7195079364918616,-362.0,-0.8019117338617434,-0.08240379736989212,0.7213321880926424,363.0,0.8019117338617487,0.08057954576910475,-0.0047002495885666296,-0.04272014199837448,-0.058821333072926474,-0.026390616159208236,-0.06525635244547967,0.06358764177578391,-0.04547308378306181,20.0,NASDAQ-100 Index x $20,139269.2,2448352536.0,2030823474.4,417529061.6,-290097743.6,337449271.6,3496213996.8,3977389082.8,-481175086.00000006,239821562.4,-210714299.60000002,6150545679.6,6214330973.200001,-63785293.60000001,-50415450.400000006,126595702.80000001,979201745.2,915416451.6,63785293.60000001,50554719.6,-126595702.80000001
2018-01-30,NASDAQ-100 Consolidated - CHICAGO MERCANTILE EXCHANGE,51944,18711,14236,4475,8.615046973663945,36.02148467580471,27.406437702140767,1767,3.401740335746188,23897,29395,-5498,-10.58447558909595,46.00531341444633,56.58978900354228,44374,45398,-1024,-1.9713537655937161,85.42661327583552,87.39796704142924,7570,6547,1023,1.9694286154320038,14.573386724164486,12.60395810873248,6930.73,2018-02-05,2018-02-05,6495.92,-0.06273653713245209,2018-02-06,2018-02-06,6665.98,-0.038199439308701955,2018-02-07,2018-02-07,6582.02,-0.05031360332894219,2018-02-08,2018-02-08,6306.1,-0.09012470547835494,2018-02-09,2018-02-09,6412.68,-0.07474681599196609,-0.06273653713245209,0.02617950959987181,-0.012595297315623366,-0.04192026156104056,0.016901095764418672,-0.012814197219177537,-0.0047002495885666296,2.758891955497754,1477.0,1.6815229615413188,-1.07736899395643,-3.835637834671603,-2043.0,-3.0316831085837137,0.8039547260878877,-1.0767176754268997,-566.0,-0.8393553923677928,0.23736228305912732,1.0747925252651873,565.0,0.839355392367791,-0.23543713289739898,-0.038199439308701955,-0.054376667392900924,-0.021792798161232696,-0.004383376642864367,-0.03589376588036175,0.043465839817739216,-0.042988256648289536,20.0,NASDAQ-100 Index x $20,138614.59999999998,2593617780.5999994,1973317445.5999997,620300334.9999999,204733764.19999996,125168983.79999998,3312473096.1999993,4074576166.9999995,-762103070.7999998,-283189627.79999995,-230100235.99999997,6150884260.399999,6292825610.799999,-141941350.39999998,-78455863.6,-104931252.19999999,1049312521.9999999,907509786.1999998,141802735.79999998,78317248.99999999,104792637.59999998
2018-02-06,NASDAQ-100 Consolidated - CHICAGO MERCANTILE EXCHANGE,49143,16635,14136,2499,5.085159636163848,33.85019229595263,28.76503265978878,1435,2.9200496510184566,23939,27607,-3668,-7.463931790895957,48.71293978796573,56.176871578861686,42008,43178,-1170,-2.380807032537696,85.48114685713124,87.86195388966892,7135,5965,1170,2.380807032537696,14.518853142868771,12.138046110331075,6665.98,2018-02-12,2018-02-12,6523.85,-0.021321696134701806,2018-02-13,2018-02-13,6553.86,-0.016819732432440504,2018-02-14,2018-02-14,6675.03,0.0013576398369032905,2018-02-15,2018-02-15,6794.92,0.019342992328209796,2018-02-16,2018-02-16,6770.66,0.01570361747259974,-0.021321696134701806,0.004600044452278906,0.01848834122181442,0.017960967965687136,-0.0035703142936194254,0.03783195505721304,-0.038199439308701955,-3.5298873375000976,-1976.0,-2.1712923798520762,1.3585949576480125,3.120543798199993,1830.0,2.7076263735194033,-0.4129174246805931,-0.4094532669439799,-146.0,0.05453358129571484,0.46398684823968495,0.41137841710569223,147.0,-0.05453358129571484,-0.4659119984014044,-0.016819732432440504,0.017058257000471144,0.03515912138950328,0.037059817161167796,0.0224273100129313,0.11951280981941137,0.05363652456203005,20.0,NASDAQ-100 Index x $20,133319.59999999998,2217771545.9999995,1884605865.5999997,333165680.3999999,-263439529.59999996,-98789823.59999998,3191537904.3999996,3680554197.1999993,-489016292.7999999,243974867.99999997,-71192666.39999999,5600489756.799999,5756473688.799999,-155983931.99999997,-19464661.599999998,-170115809.59999996,951235345.9999999,795251413.9999999,155983931.99999997,19597981.199999996,169982489.99999997
2018-02-13,NASDAQ-100 Consolidated - CHICAGO MERCANTILE EXCHANGE,46006,13682,15765,-2083,-4.527670303873408,29.7395991827153,34.26726948658871,1195,2.5974872842672694,25268,23411,1857,4.036430030865539,54.9232708777116,50.88684084684606,40145,40371,-226,-0.49124027300786854,87.26035734469417,87.75159761770203,5860,5634,226,0.49124027300786854,12.737469025779246,12.246228752771378,6553.86,2018-02-19,2018-02-20,6779.69,0.0344575563103271,2018-02-20,2018-02-20,6779.69,0.0344575563103271,2018-02-21,2018-02-21,6759.26,0.03134030937493337,2018-02-22,2018-02-22,6761.85,0.031735496333458624,2018-02-23,2018-02-23,6896.6,0.05229589890537811,0.0344575563103271,0.0,-0.00301341211766315,0.00038317804019971646,0.019927978289965065,0.01724415128125334,-0.016819732432440504,-9.612829940037255,-4582.0,-4.110593113237332,5.50223682679993,11.500361821761496,5525.0,6.210331089745871,-5.290030732015623,1.8895667595298273,944.0,1.7792104875629349,-0.1103562719668929,-1.8895667595298273,-944.0,-1.7813841170895248,0.10818264244030296,0.0344575563103271,0.0528680807951345,0.05480129267332545,0.07516944213028665,0.05106608929699452,0.13630288105025135,0.07031123643166026,20.0,NASDAQ-100 Index x $20,131077.19999999998,1793398250.3999999,2066432057.9999998,-273033807.59999996,-600595730.4,-939037060.7999998,3312058689.5999994,3068648329.2,243410360.39999998,724201529.9999999,921997024.7999998,5262094193.999999,5291717641.199999,-29623447.199999996,123736876.79999998,-17040035.999999996,768112391.9999999,738488944.8,29623447.199999996,-123736876.79999998,17171113.2
2018-02-20,NASDAQ-100 Consolidated - CHICAGO MERCANTILE EXCHANGE,46459,12598,14256,-1658,-3.5687380270776385,27.11638218644396,30.6851202135216,742,1.5971071267138766,27134,24424,2710,5.833100152822919,58.40418433457457,52.57108418175165,40474,39423,1051,2.2622096902645343,87.1176736477324,84.85546395746788,5984,7036,-1052,-2.2643621257452806,12.880173916786845,15.144536042532126,6779.69,2018-02-26,2018-02-26,6989.1,0.030887842954471445,2018-02-27,2018-02-27,6900.35,0.01779727391665409,2018-02-28,2018-02-28,6854.42,0.011022627878265912,2018-03-01,2018-03-01,6750.54,-0.004299606619181606,2018-03-02,2018-03-02,6811.04,0.004624105231950226,0.030887842954471445,-0.012698344565108544,-0.006656184106603291,-0.015155184537860245,0.008962245983284323,-0.02547681389592371,0.0344575563103271,0.9589322767957693,425.0,-2.6232169962713385,-3.5821492730671096,1.79667012195738,853.0,3.4809134568629716,1.684243334905588,2.753449963272403,1277.0,-0.1426836969617682,-2.896133660234156,-2.7556023987531493,-1278.0,0.14270489100759853,2.898307289760748,0.01779727391665409,0.0196660909274613,0.03935578175403309,0.015668858015632114,0.016804603160321507,0.09108676060409837,0.04232051907978085,20.0,NASDAQ-100 Index x $20,135593.8,1708210692.3999999,1933025212.8,-224814520.39999998,57627364.99999999,-631324732.8,3679202169.2,3311742971.2,367459197.99999994,115661511.39999999,835935776.9999999,5488023461.2,5345514377.4,142509083.79999998,173153282.6,204611044.2,811393299.1999999,954037976.8,-142644677.6,-173288876.39999998,-204746637.99999997
2018-02-27,NASDAQ-100 Consolidated - CHICAGO MERCANTILE EXCHANGE,46287,11818,11251,567,1.224965973167412,25.532006826970854,24.307040853803443,1081,2.33542895413399,27160,26742,418,0.9030613347160109,58.67738241838961,57.7743210836736,40059,39075,984,2.125866874068313,86.54481819949446,84.41895132542615,6228,7212,-984,-2.125866874068313,13.455181800505542,15.581048674573855,6900.35,2018-03-05,2018-03-05,6881.28,-0.0027636279319165347,2018-03-06,2018-03-06,6913.02,0.0018361387465852808,2018-03-07,2018-03-07,6929.39,0.004208482178440276,2018-03-08,2018-03-08,6966.43,0.009576325838544397,2018-03-09,2018-03-09,7101.18,0.02910432079532188,-0.0027636279319165347,0.004612513950893016,0.002367995463632422,0.005345347858902505,0.019342762361783672,0.031956263950893016,0.01779727391665409,4.79370400024505,2225.0,-1.584375359473107,-6.378079359718157,-4.930038818106908,-2292.0,0.2731980838150392,5.203236901921947,-0.13634281619622124,-67.0,-0.5728554482379451,-0.4365126320417261,0.13849525167696752,68.0,0.5750078837186976,0.43651263204172963,0.0018361387465852808,0.0211815342700008,-0.002091198272551442,-0.05369437782141484,0.003795459650597355,0.09708203207083699,0.032298361677306264,20.0,NASDAQ-100 Index x $20,138007.0,1630966726.0,1552716757.0,78249969.0,307065575.0,-539331356.0,3748270120.0,3690583194.0,57686926.0,-316312044.0,816449412.0,5528422413.0,5392623525.0,135798888.0,-9246469.0,277118056.0,859507596.0,995306484.0,-135798888.0,9384476.0,-276980049.0
2018-03-06,NASDAQ-100 Consolidated - CHICAGO MERCANTILE EXCHANGE,48410,12001,10816,1185,2.4478413550919234,24.790332575914068,22.342491220822144,1134,2.3424912208221444,28495,29617,-1122,-2.3177029539351373,58.86180541210494,61.17950836604007,41630,41568,62,0.1280727122495352,85.99462920884115,85.86655649659161,6780,6842,-62,-0.1280727122495352,14.005370791158853,14.133443503408385,6913.02,2018-03-12,2018-03-12,7131.12,0.031549163751876774,2018-03-13,2018-03-13,7046.51,0.01930993979476403,2018-03-14,2018-03-14,7040.98,0.018509999971068947,2018-03-15,2018-03-15,7030.97,0.01706200763197563,2018-03-16,2018-03-16,7019.95,0.015467914167758723,0.031549163751876774,-0.011864896397760782,-0.0007847856598515168,-0.0014216770960859826,-0.001567351304300857,-0.01558941652924084,0.0018361387465852808,1.2228753819245113,618.0,-0.7416742510567857,-1.9645496329812993,-3.2207642886511483,-1540.0,0.1844229937153301,3.4051872823664695,-1.9977941618187778,-922.0,-0.5501889906533108,1.4476051711654634,1.9977941618187778,922.0,0.5501889906533108,-1.4476051711654705,0.01930993979476403,-0.003920139099843567,-0.05542874170767631,-0.06570066338590086,0.03670320641340541,0.10260349311878159,0.03526244680327828,20.0,NASDAQ-100 Index x $20,138260.40000000002,1659263060.4000003,1495424486.4000003,163838574.00000003,85444927.20000002,-181674165.60000002,3939730098.0000005,4094858266.8000007,-155128168.8,-212921016.00000003,352010978.40000004,5755780452.000001,5747208307.200001,8572144.8,-127476088.80000003,170336812.80000004,937405512.0000001,945977656.8000002,-8572144.8,127476088.80000003,-170336812.80000004
2018-03-13,NASDAQ-100 Consolidated - CHICAGO MERCANTILE EXCHANGE,58820,13918,10090,3828,6.5079904794287655,23.662019721183274,17.154029241754507,1663,2.8272696361781704,35599,39986,-4387,-7.458347500850052,60.52193131587895,67.980278816729,51179,51739,-560,-0.9520571234274057,87.00952057123428,87.96157769466167,7641,7081,560,0.9520571234274057,12.990479428765726,12.03842230533832,7046.51,2018-03-19,2018-03-19,6864.88,-0.025775880542282636,2018-03-20,2018-03-20,6885.92,-0.022790005265017732,2018-03-21,2018-03-21,6853.45,-0.027397960124941334,2018-03-22,2018-03-22,6682.26,-0.05169225616652784,2018-03-23,2018-03-23,6508.09,-0.0764094565962441,-0.025775880542282636,0.0030648751325588197,-0.004715419290378109,-0.02497866038272689,-0.02606453505251216,-0.05197323187003999,0.01930993979476403,4.060149124336842,2643.0,-1.128312854730794,-5.188461979067636,-5.140644546914915,-3265.0,1.6601259037740093,6.80077045068893,-1.0801298356769409,-622.0,1.0148913623931293,2.0950211980700573,1.0801298356769409,622.0,-1.0148913623931275,-2.0950211980700644,-0.022790005265017732,-0.07332282221979392,-0.083400151280563,-0.06111394151147165,0.023085186851363293,0.06547354647903703,0.021964064480146872,20.0,NASDAQ-100 Index x $20,140930.2,1961466523.6000001,1421985718.0,539480805.6,372478518.6,833038412.2,5016974189.8,5635234977.200001,-618260787.4000001,-460137103.00000006,-879968168.8000001,7212666705.8,7291587617.8,-78920912.0,-87658584.4,-47070686.800000004,1076847658.2,997926746.2,78920912.0,87658584.4,47070686.800000004
2018-03-20,NASDAQ-100 Consolidated - CHICAGO MERCANTILE EXCHANGE,46328,14080,11648,2432,5.249525125194267,30.391987566914175,25.14246244171991,1232,2.6592989121049904,23851,26843,-2992,-6.458297357969263,51.48290450699361,57.94120186496288,39163,39723,-560,-1.2087722327749957,84.53419098601277,85.74296321878776,7165,6604,561,1.2109307546192367,15.465809013987222,14.254878259367985,6885.92,2018-03-26,2018-03-26,6753.83,-0.019182621929967225,2018-03-27,2018-03-27,6529.84,-0.05171131816808794,2018-03-28,2018-03-28,6460.81,-0.06173612240630155,2018-03-29,2018-03-29,6581.13,-0.0442627855101424,2018-03-30,2018-04-02,6390.84,-0.07189743708901641,-0.019182621929967225,-0.03316488570189058,-0.010571468826188646,0.018623051908351895,-0.02891448732968349,-0.05374580053095801,-0.022790005265017732,-1.2584653542344988,-1396.0,6.729967845730901,7.988433199965403,1.0000501428807889,1395.0,-9.039026808885339,-10.03907695176612,-0.25671510934759,0.0,-2.475329585221502,-2.218614475873906,0.25887363119183104,1.0,2.4753295852214965,2.216455954029664,-0.05171131816808794,-0.06202366568301698,-0.03921770801868163,-0.01010032065432076,0.04968399284336722,0.08836582475544286,0.06729093570648503,20.0,NASDAQ-100 Index x $20,137718.4,1939075072.0,1604143923.2,334931148.8,-192254886.4,563268256.0,3284721558.4,3696775011.2,-412053452.8,192117168.0,-785270316.8,5393465699.2,5470588003.2,-77122304.0,0.0,-221864342.39999998,986752336.0,909492313.5999999,77260022.39999999,137718.4,222139779.2
2018-03-27,NASDAQ-100 Consolidated - CHICAGO MERCANTILE EXCHANGE,46896,14815,11301,3514,7.493176390310474,31.59118048447629,24.098004094165816,1323,2.821136131013306,23981,27530,-3549,-7.567809621289662,51.136557488911635,58.7043671102013,40119,40154,-35,-0.07463323097918799,85.54887410440124,85.62350733538041,6777,6742,35,0.07463323097918799,14.451125895598771,14.376492664619583,6529.84,2018-04-02,2018-04-02,6390.84,-0.021286892174999683,2018-04-03,2018-04-03,6458.83,-0.010874692182350598,2018-04-04,2018-04-04,6560.06,0.004627984759197901,2018-04-05,2018-04-05,6594.84,0.009954302096222944,2018-04-06,2018-04-06,6433.21,-0.014798218639354155,-0.021286892174999683,0.010638664087975869,0.015673117267368974,0.005301780776395315,-0.02450855517343864,0.006629801403258417,-0.05171131816808794,2.243651265116207,1082.0,1.1991929175621152,-1.0444583475540945,-1.1095122633203989,-557.0,-0.3463470180819783,0.7631652452384188,1.1341390017958077,525.0,1.0146831183884615,-0.11945588340735469,-1.1362975236400488,-526.0,-1.0146831183884508,0.12161440525159861,-0.010874692182350598,0.013174901682123874,0.04388009507124213,-0.003183845239699612,0.08244612425419295,0.1582504318635678,0.1257779669945971,20.0,NASDAQ-100 Index x $20,130596.8,1934791592.0,1475874436.8,458917155.2,141305737.6,384868769.6,3131841860.8,3595329904.0,-463488043.2,-72742417.60000001,-518077505.6,5239413019.2,5243983907.2,-4570888.0,68563320.0,-133078139.2,885054513.6,880483625.6,4570888.0,-68693916.8,133078139.2
2018-04-03,NASDAQ-100 Consolidated - CHICAGO MERCANTILE EXCHANGE,50750,15224,18382,-3158,-6.222660098522168,29.998029556650245,36.220689655172414,1060,2.0886699507389164,27562,25179,2383,4.695566502463054,54.30935960591133,49.61379310344828,43846,44622,-776,-1.5290640394088668,86.3960591133005,87.92512315270936,6904,6128,776,1.5290640394088668,13.603940886699508,12.074876847290641,6458.83,2018-04-09,2018-04-09,6472.34,0.002091710108487188,2018-04-10,2018-04-10,6615.87,0.024314001142621722,2018-04-11,2018-04-11,6583.44,0.019292967921434645,2018-04-12,2018-04-12,6656.26,0.03056745571566366,2018-04-13,2018-04-13,6628.34,0.02624469137599239,0.002091710108487188,0.022175905468501345,-0.004901849643357603,0.011061086605179238,-0.0041945476889424516,0.024102565687216693,-0.010874692182350598,-13.715836488832641,-6672.0,-1.593150927826045,12.122685561006598,12.263376123752716,5932.0,3.172802116999698,-9.090574006753016,-1.4544308084296789,-741.0,0.8471850088992596,2.301615817328951,1.4544308084296789,741.0,-0.8471850088992632,-2.3016158173289423,0.024314001142621722,0.055356775143485804,0.0077754020465006235,0.03454650455268227,0.08604035096139717,0.18106220476463997,0.1611452848271282,20.0,NASDAQ-100 Index x $20,129176.6,1966584558.4,2374524261.2000003,-407939702.8,-861866275.2,-561013973.8000001,3560365449.2000003,3252537611.4,307827837.8,766275591.2,452763983.0,5663877203.6,5764118245.2,-100241041.60000001,-95719860.60000001,-108249990.80000001,891835246.4000001,791594204.8000001,100241041.60000001,95719860.60000001,108249990.80000001
2018-04-10,NASDAQ-100 Consolidated - CHICAGO MERCANTILE EXCHANGE,48586,14573,15905,-1332,-2.741530482031861,29.994237023010744,32.73576750504261,970,1.9964598855637425,26769,25840,929,1.9120734367924916,55.09611822335653,53.18404478656403,42312,42716,-404,-0.8315152513069609,87.086815131931,87.91833038323797,6274,5871,403,0.8294570452393693,12.913184868068992,12.083727822829623,6615.87,2018-04-16,2018-04-16,6675.18,0.008964807349600257,2018-04-17,2018-04-17,6816.37,0.030305915926401195,2018-04-18,2018-04-18,6833.21,0.03285131056081814,2018-04-19,2018-04-19,6774.89,0.024036143394595255,2018-04-20,2018-04-20,6667.75,0.00784175021576905,0.008964807349600257,0.02115148954784729,0.0024705231670230088,-0.008534788188859999,-0.015814278903421353,-0.0011130785986296354,0.024314001142621722,3.4811296164903065,1826.0,-0.003792533639501272,-3.4849221501298047,-2.7834930656705623,-1454.0,0.7867586174451944,3.5702516831157496,0.6975487881019059,372.0,0.6907560186305091,-0.006792769471388738,-0.6996069941694976,-373.0,-0.6907560186305162,0.008850975538981842,0.030305915926401195,-0.016146024634704048,0.00998961587818381,0.03017139091306209,0.10077737319505986,0.11423289756298116,0.14399013281699902,20.0,NASDAQ-100 Index x $20,132317.4,1928261470.1999998,2104508247.0,-176246776.79999998,241611572.39999998,-682757784.0,3542004480.6,3419081616.0,122922864.6,-192389499.6,703399298.4,5598613828.8,5652070058.4,-53456229.599999994,49222072.8,20641514.4,830159367.5999999,776835455.4,53323912.199999996,-49354390.199999996,-20773831.8
2018-04-17,NASDAQ-100 Consolidated - CHICAGO MERCANTILE EXCHANGE,47647,13047,14624,-1577,-3.3097571725397192,27.382626398304193,30.692383570843912,991,2.0798791109618655,27539,25486,2053,4.308770751568829,57.79797259008962,53.489201838520785,41578,41102,476,0.9990135790291099,87.26257686737885,86.26356328834974,6069,6545,-476,-0.9990135790291099,12.737423132621151,13.73643671165026,6816.37,2018-04-23,2018-04-23,6648.8,-0.024583465979692964,2018-04-24,2018-04-24,6509.05,-0.045085580741655695,2018-04-25,2018-04-25,6513.94,-0.044368190107051175,2018-04-26,2018-04-26,6649.65,-0.024458766176131963,2018-04-27,2018-04-27,6656.35,-0.02347583831276756,-0.024583465979692964,-0.021018830465647897,0.0007512617048570647,0.02083378109101397,0.0010075718270887712,0.0011355432559259082,0.030305915926401195,-0.5682266905078581,-245.0,-2.6116106247065503,-2.0433839341986975,2.396697314776338,1124.0,2.7018543667330945,0.3051570519567548,1.8305288303360707,880.0,0.1757617354478498,-1.6547670948882285,-1.8284706242684792,-879.0,-0.1757617354478409,1.6527088888206372,-0.045085580741655695,-0.01971870658429631,-0.00013056802961108893,0.01058774685059638,0.08619250422145508,0.06749340191333508,0.12299214978060169,20.0,NASDAQ-100 Index x $20,136327.4,1778663587.8,1993651897.6,-214988309.79999998,-33400213.0,-546536546.6,3754320268.6,3474440116.3999996,279880152.2,153231997.6,687771733.0,5668220637.2,5603328794.8,64891842.4,119968112.0,141235186.4,827370990.6,892262833.0,-64891842.4,-119831784.6,-141371513.79999998
2018-04-24,NASDAQ-100 Consolidated - CHICAGO MERCANTILE EXCHANGE,48840,11401,16343,-4942,-10.118755118755118,23.343570843570845,33.46232596232596,737,1.5090090090090091,29918,25492,4426,9.062244062244062,61.25716625716626,52.1949221949222,42056,42571,-515,-1.0544635544635546,86.10974610974611,87.16420966420966,6784,6268,516,1.0565110565110565,13.89025389025389,12.833742833742834,6509.05,2018-04-30,2018-04-30,6605.57,0.014828584816524604,2018-05-01,2018-05-01,6681.96,0.02656455243084621,2018-05-02,2018-05-02,6644.48,0.020806415682780077,2018-05-03,2018-05-03,6643.48,0.02065278343229804,2018-05-04,2018-05-04,6769.12,0.03995513938285922,0.014828584816524604,0.011564482701720058,-0.0056091326497016425,-0.00015050086688495057,0.018911775153985566,0.02475940759086659,-0.045085580741655695,-6.808997946215399,-3365.0,-4.039055554733348,2.7699423914820507,4.753473310675233,2373.0,3.45919366707664,-1.2942796435985855,-2.0534771334926645,-991.0,-1.1528307576327421,0.900646375859921,2.0555246355401664,992.0,1.1528307576327386,-0.9026938779074261,0.02656455243084621,0.04707753051520558,0.05830190273542213,0.05908235456787092,0.1378388551324694,0.09365729253884969,0.19997695516242775,20.0,NASDAQ-100 Index x $20,130181.0,1484193581.0,2127548083.0,-643354502.0,-438059065.0,-1100810536.0,3894755158.0,3318574052.0,576181106.0,308919513.0,1038193475.0,5474892136.0,5541935351.0,-67043215.0,-129009371.0,-62486880.0,883147904.0,815974508.0,67173396.0,129139552.0,62617061.0
2018-05-01,NASDAQ-100 Consolidated - CHICAGO MERCANTILE EXCHANGE,47850,12969,15742,-2773,-5.795193312434692,27.103448275862068,32.89864158829676,825,1.7241379310344827,27861,24639,3222,6.733542319749216,58.22570532915361,51.49216300940439,41655,41207,448,0.9362591431556948,87.05329153605015,86.11703239289447,6194,6643,-449,-0.9383490073145246,12.944618599791013,13.882967607105536,6681.96,2018-05-07,2018-05-07,6821.87,0.020938467156343288,2018-05-08,2018-05-08,6815.48,0.019982160922842995,2018-05-09,2018-05-09,6893.21,0.031614975246783805,2018-05-10,2018-05-10,6963.55,0.04214182664966559,2018-05-11,2018-05-11,6952.56,0.0404970996533951,0.020938467156343288,-0.0009366933113648113,0.011404919389390145,0.010204244466656354,-0.001578218006620169,0.019157503734313464,0.02656455243084621,4.323561806320426,2169.0,3.7598774322912227,-0.5636843740292008,-2.3287017424948457,-1204.0,-3.031460928012649,-0.7027591855178059,1.9907226976192494,963.0,0.9435454263040413,-1.0471772713151921,-1.9948600638255811,-965.0,-0.9456352904628762,1.0492247733627025,0.019982160922842995,0.030916078515884626,0.03167633448868301,0.036603032643116595,0.08231417129105822,0.01918000107752804,0.16454752797083483,20.0,NASDAQ-100 Index x $20,133639.2,1733166784.8000002,2103748286.4,-370581501.6,289863424.8,51451092.00000001,3723321751.2000003,3292736248.8,430585502.40000004,-160901596.8,112123288.80000001,5566740876.000001,5506870514.400001,59870361.60000001,128694549.60000001,163574380.8,827761204.8000001,887765205.6,-60004000.800000004,-128961828.00000001,-163708020.0
2018-05-08,NASDAQ-100 Consolidated - CHICAGO MERCANTILE EXCHANGE,47008,12394,13716,-1322,-2.812287270251872,26.365724982981618,29.178012253233494,920,1.9571136827773994,27648,25559,2089,4.443924438393465,58.81552076242341,54.371596324029944,40962,40196,766,1.629509870660313,87.13835942818243,85.50884955752213,6046,6812,-766,-1.629509870660313,12.861640571817562,14.491150442477876,6815.48,2018-05-14,2018-05-14,6964.37,0.02184585678484874,2018-05-15,2018-05-15,6888.54,0.010719714532211988,2018-05-16,2018-05-16,6929.97,0.01679852336152421,2018-05-17,2018-05-17,6901.63,0.012640342279634176,2018-05-18,2018-05-18,6866.25,0.007449218543668312,0.02184585678484874,-0.010888278480321922,0.006014336855124647,-0.0040894837928591166,-0.005126325230416562,-0.01408885512975333,0.019982160922842995,2.9829060421828197,1451.0,-0.7377232928804496,-3.7206293350632684,-2.2896178813557517,-1133.0,0.5898154332697985,2.879433314625551,0.6932507275046182,318.0,0.0850678921322725,-0.6081828353723466,-0.6911608633457884,-317.0,-0.08297802797345177,0.6081828353723395,0.010719714532211988,0.011465076561005372,0.016295257267279872,0.051540023593349416,0.09495589452246955,0.02543768010470293,0.12099954808758895,20.0,NASDAQ-100 Index x $20,136309.59999999998,1689421182.3999996,1869622473.5999997,-180201291.19999996,197785229.59999996,1363095.9999999998,3768687820.799999,3483937066.3999996,284750754.4,-154438776.79999998,158119135.99999997,5583513835.199999,5479100681.599999,104413153.59999998,43346452.79999999,159482231.99999997,824127841.5999999,928540995.1999998,-104413153.59999998,-43210143.199999996,-159345922.39999998
2018-05-15,NASDAQ-100 Consolidated - CHICAGO MERCANTILE EXCHANGE,49660,14091,14099,-8,-0.01610954490535642,28.374949657672172,28.39105920257753,421,0.8477648006443819,28425,26034,2391,4.8147402335884015,57.23922674184454,52.42448650825614,42937,40554,2383,4.798630688683045,86.46194120016109,81.66331051147804,6723,9106,-2383,-4.798630688683045,13.538058799838904,18.336689488521948,6888.54,2018-05-21,2018-05-21,6905.53,0.0024664152345779122,2018-05-22,2018-05-22,6893.62,0.0007374567034523771,2018-05-23,2018-05-23,6953.63,0.009449026934589932,2018-05-24,2018-05-24,6949.7,0.008878514169911256,2018-05-25,2018-05-25,6960.92,0.010507306337772526,0.0024664152345779122,-0.0017247046931951893,0.008705150559502828,-0.0005651724351166676,0.0016144581780508371,0.008021107720913578,0.010719714532211988,2.7961777253465154,1314.0,2.0092246746905538,-0.7869530506559634,0.3708157951949369,302.0,-1.576294020578871,-1.947109815773807,3.1691208180227317,1617.0,-0.6764182280213333,-3.845539046044081,-3.1691208180227317,-1617.0,0.6764182280213422,3.845539046044072,0.0007374567034523771,0.005516408411651907,0.04038736800541187,0.046546873502948394,0.08109555871055396,-0.008366068862197262,0.07452087089571968,20.0,NASDAQ-100 Index x $20,137770.8,1941328342.8,1942430509.1999998,-1102166.4,181030831.2,216162385.2,3916134989.9999995,3586725007.2,329409982.79999995,41606781.599999994,46566530.4,5915464839.599999,5587157023.2,328307816.4,222775383.6,262728915.59999996,926233088.4,1254540904.8,-328307816.4,-222775383.6,-262728915.59999996
2018-05-22,NASDAQ-100 Consolidated - CHICAGO MERCANTILE EXCHANGE,49018,12469,13211,-742,-1.5137296503325308,25.437594353094784,26.951324003427313,949,1.9360235015708513,28957,28500,457,0.932310579787017,59.07421763433841,58.14190705455139,42376,42660,-284,-0.5793790036313191,86.44987555591823,87.02925455954956,6642,6357,285,0.5814190705455139,13.550124444081765,12.968705373536253,6893.62,2018-05-28,2018-05-29,6926.54,0.004775430035308004,2018-05-29,2018-05-29,6926.54,0.004775430035308004,2018-05-30,2018-05-30,6976.37,0.012003852837841444,2018-05-31,2018-05-31,6967.73,0.010750520046071577,2018-06-01,2018-06-01,7083.93,0.027606685602049597,0.004775430035308004,0.0,0.0071940680339679375,-0.0012384664230825626,0.0166768804187305,0.022722744689267715,0.0007374567034523771,-1.4976201054271745,-734.0,-2.9373553045773875,-1.439735199150217,-3.8824296538013847,-1934.0,1.8349908924938703,5.717420546295251,-5.3780096923143645,-2667.0,-0.012065644242866824,5.365944048071512,5.380049759228559,2668.0,0.012065644242861495,-5.3679841149856955,0.004775430035308004,0.03962069275649083,0.04577565923273985,0.04851152224810762,0.07305450547027537,-0.05318831035073013,0.08085737246903668,20.0,NASDAQ-100 Index x $20,137872.4,1719130955.6,1821432276.3999999,-102301320.8,-101198341.6,579064080.0,3992371086.7999997,3929363400.0,63007686.8,-266645221.6,-547215555.6,5842480822.4,5881636584.0,-39155761.6,-367705690.8,31848524.4,915748480.8,876454846.8,39293634.0,367843563.2,-31848524.4
2018-05-29,NASDAQ-100 Consolidated - CHICAGO MERCANTILE EXCHANGE,50257,13757,12483,1274,2.5349702529000937,27.373301231669224,24.838330978769125,550,1.09437491294745,29490,30239,-749,-1.4903396541775276,58.67839305967328,60.1687327138508,43797,43272,525,1.044630598722566,87.14606920428994,86.10143860556738,6460,6985,-525,-1.044630598722566,12.85393079571005,13.898561394432615,6926.54,2018-06-04,2018-06-04,7143.57,0.03133310426273428,2018-06-05,2018-06-05,7166.75,0.03467965246717708,2018-06-06,2018-06-06,7210.08,0.04093530103052889,2018-06-07,2018-06-07,7152.83,0.032669991077796334,2018-06-08,2018-06-08,7152.62,0.032639672910284245,0.03133310426273428,0.003244876161359045,0.006045976209579029,-0.00794027250737861,-2.9359008951734822e-05,0.0012668735660181785,0.004775430035308004,4.048699903232625,2016.0,1.9357068785744396,-2.112993024658188,-2.4226502339645446,-1206.0,-0.3958245746651272,2.026825659299412,1.624009602353885,809.0,0.6961936483717182,-0.9278159539821758,-1.6260496692680797,-810.0,-0.6961936483717146,0.9298560208963629,0.03467965246717708,0.04080536602690521,0.0435282262139538,0.0204517695703772,0.09293384575848829,-0.03255593701906001,0.050795924083308464,20.0,NASDAQ-100 Index x $20,138530.8,1905768215.6,1729279976.3999999,176488239.2,279278092.79999995,560634147.5999999,4085273291.9999995,4189032861.2,-103759569.19999999,-167068144.79999998,-550105806.8,6067233447.599999,5994504777.599999,72728670.0,112071417.19999999,10666871.6,894908967.9999999,967637637.9999999,-72728670.0,-112209947.99999999,-10528340.799999999
2018-06-05,NASDAQ-100 Consolidated - CHICAGO MERCANTILE EXCHANGE,51941,14344,12122,2222,4.277930729096475,27.61594886505843,23.338018135961956,719,1.3842629136905336,30027,31873,-1846,-3.5540324599064324,57.80982268342928,61.36385514333571,45091,44714,377,0.7258235305442714,86.81195972353247,86.08613619298819,6851,7227,-376,-0.7238982691900425,13.18996553782176,13.913863807011802,7166.75,2018-06-11,2018-06-11,7168.48,0.00024139254194710524,2018-06-12,2018-06-12,7209.18,0.005920396274462059,2018-06-13,2018-06-13,7205.26,0.005373425890396577,2018-06-14,2018-06-14,7279.59,0.01574493319845116,2018-06-15,2018-06-15,7255.76,0.012419855583074568,0.00024139254194710524,0.005677633194205889,-0.0005437511617132351,0.010316074645467355,-0.0032735360095829114,0.012175523960449075,0.03467965246717708,1.7429604761963815,948.0,0.24264763338920758,-1.500312842807169,-2.0636928057289046,-1097.0,-0.8685703762440014,1.1951224294849112,-0.3188070681782945,-148.0,-0.33410948075747626,-0.01530241257918874,0.3207323295325234,149.0,0.3360347421117087,0.015302412579186964,0.005920396274462059,0.008551993581469963,-0.013751002895315168,-0.021236962360902778,0.06356716782362981,-0.05184218788153627,0.0,20.0,NASDAQ-100 Index x $20,143335.0,2055997240.0,1737506870.0,318490370.0,135881580.0,507979240.0,4303920045.0,4568516455.0,-264596410.0,-157238495.0,-564023225.0,6463118485.0,6409081190.0,54037295.0,-21213580.0,-55757315.0,981988085.0,1035882045.0,-53893960.0,21356915.0,55900650.0
2018-06-12,NASDAQ-100 Consolidated - CHICAGO MERCANTILE EXCHANGE,58502,13376,11694,1682,2.875115380670746,22.864175583740725,19.98906020306998,808,1.38114936241496,36925,38266,-1341,-2.2922293254931456,63.11750025640149,65.40972958189464,51110,50769,341,0.5828860551776007,87.36453454582748,86.78164849064989,7392,7733,-341,-0.5828860551776007,12.635465454172506,13.218351509350107,7209.18,2018-06-18,2018-06-18,7251.41,0.005857809071212028,2018-06-19,2018-06-19,7228.04,0.0026161089055898312,2018-06-20,2018-06-20,7280.7,0.009920684460645868,2018-06-21,2018-06-21,7217.49,0.0011526969780195628,2018-06-22,2018-06-22,7197.51,-0.0016187694023453991,0.005857809071212028,-0.0032228214926476317,0.007285515852153646,-0.008681857513700653,-0.0027682753976797647,-0.007433037161048595,0.005920396274462059,-1.402815348425729,-540.0,-4.751773281317707,-3.3489579328919774,1.2618031344132867,505.0,5.30767757297221,4.045874438558926,-0.14293747536667067,-36.0,0.5525748222950142,0.6955122976616934,0.1410122140124418,35.0,-0.5545000836492537,-0.6955122976616952,0.0026161089055898312,-0.01955562213733053,-0.02699752260312549,0.010184237319639688,0.04143189655411561,-0.0700412529580341,0.042261394499790494,20.0,NASDAQ-100 Index x $20,144183.6,1928599833.6000001,1686083018.4,242516815.20000002,-77859144.0,243670284.0,5323979430.0,5517329637.6,-193350207.6,72812718.0,-538093195.2,7369223796.0,7320057188.400001,49166607.6,-5190609.600000001,-294422911.2,1065805171.2,1114971778.8,-49166607.6,5046426.0,294422911.2
2018-06-19,NASDAQ-100 Consolidated - CHICAGO MERCANTILE EXCHANGE,45194,15264,10706,4558,10.085409567641722,33.77439483117228,23.688985263530558,785,1.7369562331282913,22405,26223,-3818,-8.448024073992123,49.575164844890914,58.02318891888304,38454,37714,740,1.6373854936495995,85.08651590919149,83.44913041554189,6741,7480,-739,-1.635172810550073,14.91569677390804,16.550869584458113,7228.04,2018-06-25,2018-06-25,7038.17,-0.026268531994842248,2018-06-26,2018-06-26,7068.2,-0.022113878727843206,2018-06-27,2018-06-27,6969.67,-0.03574551330651188,2018-06-28,2018-06-28,7031.6,-0.0271774921002097,2018-06-29,2018-06-29,7040.8,-0.025904671252511058,-0.026268531994842248,0.00426673410844014,-0.013939899833055103,0.008885643079227679,0.0013083793162296242,0.00037367668015986233,0.0026161089055898312,7.210294186970977,2876.0,10.910219247431556,3.699925060460579,-6.155794748498977,-2477.0,-13.542335411510578,-7.386540663011601,1.0544994384719988,399.0,-2.2780186366359914,-3.3325180751079984,-1.0522867553724722,-398.0,2.2802313197355346,3.3325180751080055,-0.022113878727843206,-0.029536361171216496,0.007548381027221884,0.02432886370302323,0.036850930542719595,-0.10189760986380814,0.056358293534623405,20.0,NASDAQ-100 Index x $20,144560.8,2206576051.2,1547667924.8,658908126.4,415756860.79999995,766172239.9999999,3238884723.9999995,3790817858.3999996,-551933134.4,-358077101.59999996,-617997420.0,5558941003.2,5451966011.2,106974991.99999999,57679759.199999996,148030259.2,974484352.8,1081314784.0,-106830431.19999999,-57535198.4,-148030259.2
2018-06-26,NASDAQ-100 Consolidated - CHICAGO MERCANTILE EXCHANGE,47098,15739,13033,2706,5.745466898806743,33.41755488555777,27.67208798675103,815,1.7304344133508853,23086,25651,-2565,-5.446091129134995,49.01694339462397,54.46303452375897,39640,39499,141,0.2993757696717483,84.16493269353263,83.86555692386088,7458,7599,-141,-0.2993757696717483,15.835067306467366,16.134443076139114,7068.2,2018-07-02,2018-07-02,7097.82,0.0041906001527969305,2018-07-03,2018-07-03,7014.55,-0.007590334172773772,2018-07-04,2018-07-05,7101.05,0.00464757646925662,2018-07-05,2018-07-05,7101.05,0.00464757646925662,2018-07-06,2018-07-06,7207.33,0.019683936504343302,0.0041906001527969305,-0.011731771163540294,0.01233151093085083,0.0,0.014966800684405701,0.015428680918930127,-0.022113878727843206,-4.339942668834979,-1852.0,-0.35683994561451016,3.9831027232204725,3.0019329448571277,1253.0,-0.5582214502669416,-3.5601543951240657,-1.3380097239778512,-599.0,-0.9215832156588561,0.41642650831899175,1.3357970408783246,598.0,0.9193705325593253,-0.41642650831899886,-0.007590334172773772,0.030333040943946177,0.04749299680258057,0.0478268866189413,0.07003055940692104,-0.16536742027673235,0.07404148156532075,20.0,NASDAQ-100 Index x $20,141364.0,2224927996.0,1842397012.0,382530984.0,-261806128.0,202433248.0,3263529304.0,3626127964.0,-362598660.0,177129092.0,-256717024.0,5603668960.0,5583736636.0,19932324.0,-84677036.0,-54283776.0,1054292712.0,1074225036.0,-19932324.0,84535672.0,54283776.0
2018-07-03,NASDAQ-100 Consolidated - CHICAGO MERCANTILE EXCHANGE,48460,18144,14914,3230,6.665290961617829,37.4411886091622,30.775897647544365,846,1.7457697069748246,22053,25455,-3402,-7.020222864217912,45.50763516302105,52.52785802723896,41043,41215,-172,-0.35493190260008256,84.69459347915806,85.04952538175814,7417,7246,171,0.3528683450268263,15.305406520841933,14.952538175815105,7014.55,2018-07-09,2018-07-09,7276.0,0.03727252639157186,2018-07-10,2018-07-10,7282.6,0.03821342780363679,2018-07-11,2018-07-11,7243.98,0.03270772893485674,2018-07-12,2018-07-12,7366.25,0.05013864039745952,2018-07-13,2018-07-13,7375.82,0.05150294744495354,0.03727252639157186,0.0009070918086862001,-0.005303051108120793,0.016878842846059783,0.0012991685050058877,0.013719076415612985,-0.007590334172773772,0.9198240628110854,524.0,4.023633723604426,3.1038096607933348,-1.5741317350829167,-837.0,-3.5093082316029225,-1.9351764965200076,-0.6543076722718308,-313.0,0.5296607856254241,1.1839684578972651,0.6522441146985746,312.0,-0.529660785625433,-1.1819049003240085,0.03821342780363679,0.05550462966262981,0.05584107319785292,0.030996999094738742,0.08749385206463711,-0.09759428616233401,0.1119487351291244,20.0,NASDAQ-100 Index x $20,140291.0,2545439904.0,2092299974.0,453139930.0,73512484.0,141413328.0,3093837423.0,3571107405.0,-477269982.0,-117423567.0,-218292796.0,5757963513.0,5782093565.0,-24130052.0,-43911083.0,-77019759.0,1040538347.0,1016548586.0,23989761.0,43770792.0,76739177.0
2018-07-10,NASDAQ-100 Consolidated - CHICAGO MERCANTILE EXCHANGE,48659,19444,15123,4321,8.880166053556382,39.95971968186769,31.079553628311306,686,1.409811134630798,21433,25660,-4227,-8.686984935983066,44.04734992498818,52.734334860971245,41563,41469,94,0.19318111757331632,85.41688074148666,85.22369962391335,7096,7190,-94,-0.19318111757331632,14.583119258513328,14.776300376086644,7282.6,2018-07-16,2018-07-16,7357.9,0.010339713838464215,2018-07-17,2018-07-17,7403.89,0.016654766154944767,2018-07-18,2018-07-18,7390.13,0.014765331063081755,2018-07-19,2018-07-19,7352.36,0.009578996512234594,2018-07-20,2018-07-20,7350.23,0.00928651855106688,0.010339713838464215,0.006250424713573288,-0.001858482500415315,-0.005110870850715821,-0.000289702898117028,-0.0010424169939792227,0.03821342780363679,2.214875091938553,1091.0,2.5185310727054926,0.30365598076694056,-1.6667620717651541,-825.0,-1.460285238032867,0.20647683373228176,0.5481130201733989,266.0,0.7222872623286065,0.17417424215520327,-0.5460494626001426,-265.0,-0.7222872623286047,-0.17623779972846165,0.016654766154944767,0.016978826243374545,-0.006950814269629069,0.02472331310246334,0.012223656386455284,-0.10034191085601296,0.0747342981902066,20.0,NASDAQ-100 Index x $20,145652.0,2832057488.0,2202695196.0,629362292.0,158906332.0,384375628.0,3121759316.0,3737430320.0,-615671004.0,-120162900.0,-420351672.0,6053734076.0,6040042788.0,13691288.0,38743432.0,-35976044.0,1033546592.0,1047237880.0,-13691288.0,-38597780.0,35976044.0
2018-07-17,NASDAQ-100 Consolidated - CHICAGO MERCANTILE EXCHANGE,49735,21065,13225,7840,15.763546798029557,42.35447873730773,26.59093193927817,741,1.489896451191314,20589,28546,-7957,-15.998793606112397,41.39740625314165,57.39619985925405,42395,42513,-118,-0.23725746456217958,85.2417814416407,85.47903890620287,7340,7222,118,0.23725746456217958,14.758218558359303,14.520961093797125,7403.89,2018-07-23,2018-07-23,7371.78,-0.00433690938141984,2018-07-24,2018-07-24,7406.25,0.0003187513590827695,2018-07-25,2018-07-25,7508.59,0.014141214955921688,2018-07-26,2018-07-26,7400.75,-0.000424101384542519,2018-07-27,2018-07-27,7296.78,-0.014466719521765037,-0.00433690938141984,0.004675939867982981,0.01381805907173006,-0.014362217140634903,-0.014048576157821846,-0.010173933568283333,0.016654766154944767,6.883380744473175,3519.0,2.3947590554400406,-4.488621689033135,-7.311808670129331,-3730.0,-2.649943671846536,4.661864998282802,-0.4304385821354959,-212.0,-0.17509929984596795,0.2553392822895262,0.4304385821354959,212.0,0.17509929984597505,-0.2553392822895191,0.0003187513590827695,-0.02321887548302326,0.007936368584622322,0.0058455757716551204,-0.017215274673178516,-0.0991708412739789,0.07066420489769554,20.0,NASDAQ-100 Index x $20,148077.80000000002,3119258857.0000005,1958328905.0000002,1160929952.0000002,521085778.20000005,485991339.6000001,3048773824.2000003,4227028878.8000007,-1178255054.6000001,-552330194.0000001,-612894014.2,6277758331.000001,6295231511.400001,-17473180.400000002,-31392493.600000005,-127050752.40000002,1086891052.0000002,1069417871.6000001,17473180.400000002,31392493.600000005,126902674.60000001
2018-07-24,NASDAQ-100 Consolidated - CHICAGO MERCANTILE EXCHANGE,47891,17823,11249,6574,13.727005074022259,37.21576079012758,23.488755716105324,760,1.5869370027771397,21188,28202,-7014,-14.645758075630077,44.24213317742373,58.887891253053816,39771,40211,-440,-0.9187530016078178,83.04483097032845,83.96358397193627,8120,7679,441,0.9208410766114719,16.955169029671545,16.034327953060075,7406.25,2018-07-30,2018-07-30,7193.1,-0.028779746835443043,2018-07-31,2018-07-31,7231.98,-0.023530126582278488,2018-08-01,2018-08-01,7272.89,-0.01800641350210963,2018-08-02,2018-08-02,7372.15,-0.004604219409282795,2018-08-03,2018-08-03,7395.49,-0.001452827004219448,-0.028779746835443043,0.005405179964132145,0.005656818741202274,0.01364794462723884,0.0031659692220045166,0.028136686546829548,0.0003187513590827695,-2.0365417240072983,-1266.0,-5.138717947180147,-3.1021762231728474,1.3530355304823196,943.0,2.844726924282085,1.4916913937997691,-0.6814955370456383,-322.0,-2.196950471312249,-1.5154549342666002,0.6835836120492923,323.0,2.196950471312242,1.5133668592629501,-0.023530126582278488,0.007615189873417583,0.005525063291139221,-0.0012178902953586812,-0.038829367088607625,-0.10254042194092816,0.07403341772151895,20.0,NASDAQ-100 Index x $20,148125.0,2640031875.0,1666258125.0,973773750.0,-187526250.0,572947500.0,3138472500.0,4177421250.0,-1038948750.0,139681875.0,-659008125.0,5891079375.0,5956254375.0,-65175000.0,-47696250.0,-86060625.0,1202775000.0,1137451875.0,65323125.0,47844375.0,86208750.0
2018-07-31,NASDAQ-100 Consolidated - CHICAGO MERCANTILE EXCHANGE,47922,18773,10129,8644,18.037644505655024,39.174074537790574,21.136430032135554,766,1.5984307833562874,21299,29816,-8517,-17.77263052460248,44.445140019197865,62.21777054380034,40838,40711,127,0.2650139810525437,85.21764534034473,84.95263135929218,7083,7210,-127,-0.2650139810525437,14.780267935395017,15.04528191644756,7231.98,2018-08-06,2018-08-06,7438.99,0.02862424951396436,2018-08-07,2018-08-07,7462.65,0.031895829357935224,2018-08-08,2018-08-08,7469.55,0.03284992491682792,2018-08-09,2018-08-09,7466.96,0.0324917933954465,2018-08-10,2018-08-10,7408.3,0.024380598397672593,0.02862424951396436,0.003180539293640594,0.0009246045305622008,-0.00034674110220833665,-0.00785594137373169,-0.0041255600558677274,-0.023530126582278488,4.310639431632765,2070.0,1.9583137476629915,-2.35232568396977,-3.126872448972403,-1503.0,0.2030068417741333,3.3298792907465256,1.1837669826603614,567.0,2.172814370016283,0.9890473873559102,-1.1858550576640154,-568.0,-2.174901094276528,-0.989046036612514,0.031895829357935224,0.029755336712767422,0.022849897261884022,0.04677418908791231,-0.05833257282238058,-0.08285282868592003,0.09962555206181434,20.0,NASDAQ-100 Index x $20,144639.59999999998,2715319210.7999997,1465054508.3999999,1250264702.3999999,299403971.99999994,783078794.3999999,3080678840.3999996,4312574313.599999,-1231895473.1999998,-217393318.79999995,-739831553.9999999,5906791984.799999,5888422755.599999,18369229.199999996,82010653.19999999,43247240.39999999,1024482286.7999998,1042851515.9999999,-18369229.199999996,-82155292.79999998,-43102600.79999999
2018-08-07,NASDAQ-100 Consolidated - CHICAGO MERCANTILE EXCHANGE,48994,18015,10680,7335,14.971220965832552,36.76980854798547,21.79858758215292,642,1.3103645344327877,23591,29897,-6306,-12.870963791484671,48.15079397477242,61.02175776625709,42248,41220,1028,2.098216108094869,86.23096705719068,84.13275094909581,6746,7775,-1029,-2.1002571743478793,13.769032942809323,15.869290117157203,7462.65,2018-08-13,2018-08-13,7401.17,-0.008238360367965769,2018-08-14,2018-08-14,7447.17,-0.0020743301642177636,2018-08-15,2018-08-15,7354.66,-0.014470730906581464,2018-08-16,2018-08-16,7374.29,-0.011840298017460227,2018-08-17,2018-08-17,7377.54,-0.011404795883499741,-0.008238360367965769,0.006215233537400167,-0.012422168421024393,0.002669056081450405,0.0004407203947769389,-0.0031927384454080165,0.031895829357935224,-3.0664235398224715,-1309.0,-2.404265989805104,0.6621575500173655,4.901666733117809,2211.0,3.7056539555745545,-1.1960127775432525,1.833202127042325,901.0,1.013321716845951,-0.8198804101963759,-1.8352431932953355,-902.0,-1.0112349925856936,0.8240082007096419,-0.0020743301642177636,-0.008766322954982475,0.014418470650506165,0.021395884839835677,-0.06348951109860423,-0.05884370833417074,0.00786181852291068,20.0,NASDAQ-100 Index x $20,149253.0,2688792795.0,1594022040.0,1094770755.0,-195372177.0,449848542.0,3521027523.0,4462216941.0,-941189418.0,329998383.0,-310296987.0,6305640744.0,6152208660.0,153432084.0,134476953.0,139402302.0,1006860738.0,1160442075.0,-153581337.0,-134626206.0,-139551555.0
2018-08-14,NASDAQ-100 Consolidated - CHICAGO MERCANTILE EXCHANGE,47514,17106,9612,7494,15.772193458770047,36.002020457128424,20.229826998358376,908,1.9110157006356023,22822,29031,-6209,-13.067727406659092,48.03215894262743,61.09988634928653,40836,39551,1285,2.7044660521109565,85.94519510039146,83.2407290482805,6678,7963,-1285,-2.7044660521109565,14.054804899608536,16.759270951719493,7447.17,2018-08-20,2018-08-20,7371.42,-0.010171649096233915,2018-08-21,2018-08-21,7397.23,-0.006705903047734996,2018-08-22,2018-08-22,7424.6,-0.0030306814534917237,2018-08-23,2018-08-23,7413.84,-0.004475525602342878,2018-08-24,2018-08-24,7485.4,0.005133493662693223,-0.010171649096233915,0.0035013606604967773,0.003700033661248936,-0.0014492363224954952,0.009652218013876723,0.015462421080334465,-0.0020743301642177636,0.8009724929374951,159.0,-0.7677880908570458,-1.5687605837945426,-0.19676361517442054,97.0,-0.1186350321449865,0.07812858302943937,0.6062499440160876,257.0,-0.2857719567992234,-0.8920219008153083,-0.6042088777630772,-256.0,0.28577195679921275,0.8899808345622908,-0.006705903047734996,0.016527083442435142,0.023519001177628507,0.008150747196586039,-0.08275089732072727,-0.05807575226562578,0.03772976848923815,20.0,NASDAQ-100 Index x $20,148943.4,2547825800.4,1431643960.8,1116181839.6,23682000.599999998,-51534416.4,3399186274.7999997,4323975845.4,-924789570.5999999,14447509.799999999,260353063.2,6082252682.4,5890860413.4,191392269.0,38278453.8,208967590.2,994644025.1999999,1186036294.2,-191392269.0,-38129510.4,-208967590.2
2018-08-21,NASDAQ-100 Consolidated - CHICAGO MERCANTILE EXCHANGE,47967,16360,10146,6214,12.954739716888694,34.10678174578356,21.152042028894865,1036,2.159818208351575,23549,29472,-5923,-12.348072633268705,49.094168907790774,61.44224154105948,40945,40653,292,0.6087518502303667,85.3607688619259,84.75201701169553,7022,7314,-292,-0.6087518502303667,14.639231138074093,15.247982988304459,7397.23,2018-08-27,2018-08-27,7559.13,0.02188657105430014,2018-08-28,2018-08-28,7570.25,0.023389836465812275,2018-08-29,2018-08-29,7660.18,0.035547089924201414,2018-08-30,2018-08-30,7642.67,0.03317998764402352,2018-08-31,2018-08-31,7654.55,0.0347859942167541,0.02188657105430014,0.0014710687605583583,0.011879396321125446,-0.002285847068867808,0.0015544305851227236,0.012623145785295442,-0.006705903047734996,-2.8174537418813532,-1280.0,-1.8952387113448665,0.9222150305364885,0.7196547733903866,286.0,1.062009965163341,0.3423551917729526,-2.0957142018805897,-993.0,-0.5844262384655536,1.511287963415029,2.0957142018805897,993.0,0.5844262384655572,-1.5112879634150342,0.023389836465812275,0.030428957866661,0.014956950101592037,0.013135998204733434,-0.1176480925968233,-0.04469510884479733,0.036127036742132024,20.0,NASDAQ-100 Index x $20,147944.59999999998,2420373655.9999995,1501045911.5999997,919327744.3999999,-189369087.99999997,-53260055.99999999,3483947385.3999996,4360223251.199999,-876275865.7999998,42312155.599999994,161407558.59999996,6057591646.999999,6014391823.799999,43199823.199999996,-146908987.79999998,108295447.19999999,1038866981.1999998,1082066804.3999999,-43199823.199999996,146908987.79999998,-108443391.79999998
2018-08-28,NASDAQ-100 Consolidated - CHICAGO MERCANTILE EXCHANGE,49255,17985,10502,7483,15.192366257232766,36.51405948634656,21.321693229113794,681,1.3826007511927725,23691,30378,-6687,-13.576286671403917,48.09867018576794,61.67495685717186,42358,41562,796,1.6160795858288497,85.99736067404325,84.3812810882144,6897,7693,-796,-1.6160795858288497,14.002639325956757,15.618718911785606,7570.25,2018-09-03,2018-09-04,7622.32,0.006878240480829634,2018-09-04,2018-09-04,7622.32,0.006878240480829634,2018-09-05,2018-09-05,7523.26,-0.006207192629041236,2018-09-06,2018-09-06,7453.17,-0.015465803639245768,2018-09-07,2018-09-07,7430.26,-0.018492123773983682,0.006878240480829634,0.0,-0.012996043199445806,-0.009316439947575916,-0.0030738598475548162,-0.0251970528657941,0.023389836465812275,2.2376265403440723,1269.0,2.4072777405630035,0.16965120021892943,-1.2282140381352118,-764.0,-0.9954987220228304,0.23271531611237606,1.007327735598483,504.0,0.6365918121173451,-0.37073592348113493,-1.007327735598483,-504.0,-0.6365918121173362,0.37073592348114737,0.006878240480829634,-0.008240150589478579,-0.01001948416498799,-0.0009325979987451216,-0.1148191935537135,-0.05905088999702779,-0.0005574452627060689,20.0,NASDAQ-100 Index x $20,151405.0,2723018925.0,1590055310.0,1132963615.0,192132945.0,-175781205.0,3586935855.0,4599381090.0,-1012445235.0,-115673420.0,277071150.0,6413212990.0,6292694610.0,120518380.0,76308120.0,101289945.0,1044240285.0,1164758665.0,-120518380.0,-76308120.0,-101289945.0
2018-09-04,NASDAQ-100 Consolidated - CHICAGO MERCANTILE EXCHANGE,53257,19532,10608,8924,16.756482715887113,36.67499108098466,19.918508365097544,699,1.3125035206639502,25749,33523,-7774,-14.597142159716094,48.348573896389205,62.945716056105304,45979,44830,1149,2.157462868730871,86.33419081059766,84.17672794186679,7277,8427,-1150,-2.1593405561710197,13.663931501962184,15.823272058133202,7622.32,2018-09-10,2018-09-10,7447.68,-0.022911659442269472,2018-09-11,2018-09-11,7507.87,-0.015015113508747957,2018-09-12,2018-09-12,7488.06,-0.017614059761332457,2018-09-13,2018-09-13,7561.69,-0.007954271140545144,2018-09-14,2018-09-14,7545.5,-0.010078296371708317,-0.022911659442269472,0.008081711351722864,-0.002638564599546811,0.00983298744935257,-0.002141055769279032,0.013134291484059535,0.006878240480829634,1.5641164586543468,1441.0,0.16093159463810025,-1.40318486401625,-1.0208554883121774,-1087.0,0.24990371062126115,1.2707591989334475,0.5413832829020213,353.0,0.3368301365544113,-0.20455314634760668,-0.54326097034217,-354.0,-0.33870782399457333,0.20455314634759603,-0.015015113508747957,-0.016782292005583566,-0.007757480662055616,0.0007819141678648833,-0.10851158177562736,-0.06107458096747442,-0.0016805906863002207,20.0,NASDAQ-100 Index x $20,152446.4,2977583084.7999997,1617151411.2,1360431673.6,219675262.4,242237329.6,3925342353.6,5110460667.2,-1185118313.6,-165709236.79999998,-223791315.2,7009333025.599999,6834172112.0,175160913.6,53813579.199999996,18446014.4,1109352452.8,1284665812.8,-175313360.0,-53966025.6,-18446014.4
2018-09-11,NASDAQ-100 Consolidated - CHICAGO MERCANTILE EXCHANGE,52726,17477,10538,6939,13.160490080795054,33.14683457876569,19.98634449797064,781,1.4812426506846716,27108,33996,-6888,-13.063763608087092,51.41296514053787,64.47672874862496,45366,45315,51,0.09672647270796192,86.04104236998825,85.94431589728028,7360,7411,-51,-0.09672647270796192,13.95895763001176,14.05568410271972,7507.87,2018-09-17,2018-09-17,7434.73,-0.009741777628009096,2018-09-18,2018-09-18,7494.4,-0.0017941173728368565,2018-09-19,2018-09-19,7490.32,-0.0023375471338742404,2018-09-20,2018-09-20,7569.03,0.008146118672806013,2018-09-21,2018-09-21,7531.07,0.003090090798055778,-0.009741777628009096,0.008025846264760217,-0.0005444064901792833,0.010508229287934379,-0.005015173674830176,0.012958103387749054,-0.015015113508747957,-3.5959926350920597,-1985.0,-3.5281565022189696,0.0678361328730972,1.5333785516290028,886.0,3.0643912441486663,1.5310126925196599,-2.060736396022909,-1098.0,-0.29314844060941425,1.7675879554134895,2.0626140834630577,1099.0,0.2950261280495763,-1.7675879554134823,-0.0017941173728368565,0.007368268230536712,0.01603783762904798,-0.018147623760134346,-0.10703834776041676,-0.04083581628344657,0.040873110482733344,20.0,NASDAQ-100 Index x $20,150157.4,2624300879.7999997,1582358681.2,1041942198.5999999,-298062439.0,-83337357.0,4070466799.2,5104750970.4,-1034284171.1999999,133039456.39999999,-101956874.6,6812040608.4,6804382581.0,7658027.399999999,-164872825.2,-185294231.6,1105158464.0,1112816491.3999999,-7658027.399999999,165022982.6,185294231.6
2018-09-18,NASDAQ-100 Consolidated - CHICAGO MERCANTILE EXCHANGE,61679,16238,10372,5866,9.510530326367158,26.326626566578575,16.81609624021142,1012,1.640752930494982,36848,42665,-5817,-9.431086755621848,59.741565200473424,69.17265195609527,54098,54049,49,0.07944357074531039,87.70894469754697,87.62950112680167,7581,7630,-49,-0.07944357074531039,12.291055302453023,12.370498873198335,7494.4,2018-09-24,2018-09-24,7548.75,0.0072520815542271855,2018-09-25,2018-09-25,7563.19,0.009178853543979404,2018-09-26,2018-09-26,7563.09,0.009165510247651554,2018-09-27,2018-09-27,7629.57,0.018036133646456065,2018-09-28,2018-09-28,7627.65,0.017779942356959788,0.0072520815542271855,0.00191289948666995,-1.3221934130891455e-05,0.008790058031836079,-0.00025165245223524035,0.010452061599602436,-0.0017941173728368565,-3.649959754427895,-1073.0,-6.820208012187116,-3.170248257759223,3.6326768524652433,1071.0,8.328600059935553,4.695923207470301,-0.01728290196265153,-2.0,1.6679023275587213,1.6851852295213945,0.01728290196265153,2.0,-1.6679023275587372,-1.6851852295213856,0.009178853543979404,0.01786400512382591,-0.016382899231426107,-0.02908438300597771,-0.13381725021349267,-0.01936379163108448,0.05262462638770282,20.0,NASDAQ-100 Index x $20,149888.0,2433881344.0,1554638336.0,879243008.0,-160829824.0,-52161024.0,5523073024.0,6394971520.0,-871898496.0,160530048.0,15888128.0,8108641024.0,8101296512.0,7344512.0,-299776.0,-36422784.0,1136300928.0,1143645440.0,-7344512.0,299776.0,36422784.0
2018-09-25,NASDAQ-100 Consolidated - CHICAGO MERCANTILE EXCHANGE,49420,17370,10112,7258,14.686361796843384,35.14771347632538,20.46135167948199,1135,2.2966410360178062,24274,31314,-7040,-14.245244840145691,49.11776608660461,63.363010926750306,42779,42561,218,0.4411169566976933,86.56212059894779,86.1210036422501,6641,6859,-218,-0.4411169566976933,13.437879401052205,13.878996357749898,7563.19,2018-10-01,2018-10-01,7645.45,0.010876363016134816,2018-10-02,2018-10-02,7628.28,0.008606156925847541,2018-10-03,2018-10-03,7637.43,0.009815963898831104,2018-10-04,2018-10-04,7490.0,-0.009677133590455855,2018-10-05,2018-10-05,7399.01,-0.021707771456224045,0.010876363016134816,-0.002245780169904954,0.0011994840252325112,-0.019303613912009743,-0.012148197596795751,-0.03223355067393019,0.009178853543979404,5.175831470476226,1392.0,8.821086909746803,3.6452554392705707,-4.814158084523843,-1223.0,-10.623799113868813,-5.809641029344959,0.3616733859523829,169.0,-1.1468240985991827,-1.5084974845515688,-0.3616733859523829,-169.0,1.1468240985991827,1.5084974845515635,0.008606156925847541,-0.02532925921469642,-0.03791521831396527,-0.05877414159898131,-0.21999182884470703,-0.028035789131305666,0.019416410271327456,20.0,NASDAQ-100 Index x $20,151263.8,2627452206.0,1529579545.6,1097872660.3999999,210559209.6,-34034355.0,3671777481.2,4736674633.2,-1064897151.9999999,-184995627.39999998,-53396121.4,6470914100.2,6437938591.799999,32975508.4,25563582.2,-87430476.39999999,1004542895.8,1037518404.1999999,-32975508.4,-25563582.2,87430476.39999999
2018-10-02,NASDAQ-100 Consolidated - CHICAGO MERCANTILE EXCHANGE,49441,18573,11328,7245,14.653829817358064,37.565987742966364,22.9121579256083,767,1.551344026213062,23316,30189,-6873,-13.901417851580671,47.15924030662811,61.06065815820877,42656,42283,373,0.7544345785886207,86.27657207580752,85.5221374972189,6785,7158,-373,-0.7544345785886207,13.723427924192471,14.477862502781091,7628.28,2018-10-08,2018-10-08,7352.82,-0.03611036826125946,2018-10-09,2018-10-09,7371.62,-0.03364585463564529,2018-10-10,2018-10-10,7044.5,-0.07652839172133163,2018-10-11,2018-10-11,6964.03,-0.08707729658586205,2018-10-12,2018-10-12,7157.21,-0.06175310817117352,-0.03611036826125946,0.0025568421367583305,-0.044375591796647074,-0.011423096032365687,0.02773968521100567,-0.026603398424005942,0.008606156925847541,-0.03253197948532005,-13.0,2.418274266640985,2.4508062461263123,0.34382698856502003,167.0,-1.9585257799765046,-2.302352768541539,0.31331762189092743,155.0,-0.2855485231402639,-0.5988661450311952,-0.31331762189092743,-155.0,0.2855485231402657,0.5988661450311934,-0.03364585463564529,-0.04612442123257132,-0.06680536110368263,-0.10725353552832351,-0.17019695134420865,-0.01686356557441515,0.007322751655681303,20.0,NASDAQ-100 Index x $20,152565.6,2833600888.8,1728263116.8,1105337772.0,-1983352.8,-256157642.4,3557219529.6,4605802898.400001,-1048583368.8000001,25478455.2,137461605.6,6507838233.6,6450931264.8,56906968.800000004,23647668.0,-118390905.60000001,1035157596.0,1092064564.8,-56906968.800000004,-23647668.0,118543471.2
2018-10-09,NASDAQ-100 Consolidated - CHICAGO MERCANTILE EXCHANGE,49546,15235,12972,2263,4.567472651677229,30.74920276107052,26.181730109393293,935,1.8871351875025226,26109,28535,-2426,-4.896459855487829,52.69648407540467,57.5929439308925,42279,42442,-163,-0.32898720381060026,85.33282202397771,85.66180922778832,7267,7104,163,0.32898720381060026,14.667177976022284,14.338190772211682,7371.62,2018-10-15,2018-10-15,7068.67,-0.041096800974548264,2018-10-16,2018-10-16,7276.43,-0.012913036754471863,2018-10-17,2018-10-17,7278.63,-0.01261459489230321,2018-10-18,2018-10-18,7116.09,-0.03466402229089394,2018-10-19,2018-10-19,7107.23,-0.0358659290630825,-0.041096800974548264,0.02939166773947588,0.00030234606805801256,-0.022331125500265836,-0.0012450657594269554,0.005455057316298362,-0.03364585463564529,-10.086357165680834,-4982.0,-6.816784981895843,3.269572183784991,9.004957996092841,4447.0,5.5372437687765625,-3.4677142273162644,-1.083421782399221,-536.0,-0.9437500518298094,0.13967173056941817,1.083421782399221,536.0,0.943750051829813,-0.1396717305694093,-0.012913036754471863,-0.034314031379805265,-0.07617050254896485,-0.05192481435559615,-0.11120622061365071,0.0267064770023413,0.031560226924339574,20.0,NASDAQ-100 Index x $20,147432.4,2246132614.0,1912493092.8,333639521.2,-734508216.8,-689393902.4,3849312531.6,4206983534.0,-357671002.4,655631882.8,657843368.8,6233294439.599999,6257325920.8,-24031481.2,-79023766.39999999,-31550533.599999998,1071391250.8,1047359769.5999999,24031481.2,79023766.39999999,31550533.599999998
2018-10-16,NASDAQ-100 Consolidated - CHICAGO MERCANTILE EXCHANGE,50144,12291,12216,75,0.14956924058710913,24.511407147415444,24.361837906828335,1315,2.6224473516273132,30098,28794,1304,2.600510529674537,60.02313337587747,57.422622846202934,43704,42325,1379,2.7500797702616464,87.15698787492023,84.40690810465858,6440,7819,-1379,-2.7500797702616464,12.84301212507977,15.593091895341416,7276.43,2018-10-22,2018-10-22,7141.21,-0.01858328878309834,2018-10-23,2018-10-23,7118.67,-0.02168096168038447,2018-10-24,2018-10-24,6789.15,-0.06696690547425055,2018-10-25,2018-10-25,7016.39,-0.03573730524446739,2018-10-26,2018-10-26,6852.4,-0.05827445601758019,-0.01858328878309834,-0.0031563278492020563,-0.046289545659512266,0.033471053077336776,-0.023372418009831364,-0.040442726092636994,-0.012913036754471863,-4.41790341109012,-2188.0,-6.237795613655077,-1.819892202564958,7.496970385162366,3730.0,7.326649300472802,-0.17032108468956864,3.0790669740722465,1542.0,1.8241658509425207,-1.2549011231297413,-3.0790669740722465,-1542.0,-1.8241658509425136,1.2549011231297342,-0.02168096168038447,-0.064084997725533,-0.03952212829643109,-0.06122782738238397,-0.08339116847135197,0.0519897807028995,0.09158612121603582,20.0,NASDAQ-100 Index x $20,145528.6,1788692022.6000001,1777777377.6000001,10914645.0,-318416576.8,-842756122.6,4380119802.8,4190350508.4,189769294.4,542821678.0,1036309160.6,6360181934.400001,6159497995.0,200683939.4,224405101.20000002,193553038.0,937204184.0,1137888123.4,-200683939.4,-224405101.20000002,-193553038.0
2018-10-23,NASDAQ-100 Consolidated - CHICAGO MERCANTILE EXCHANGE,50872,14147,12291,1856,3.6483723855952195,27.8090108507627,24.16063846516748,825,1.6217172511401163,28904,30527,-1623,-3.1903601195156472,56.81710960842899,60.00746972794464,43876,43643,233,0.45801226607957224,86.24783771033181,85.78982544425224,6996,7229,-233,-0.45801226607957224,13.752162289668188,14.21017455574776,7118.67,2018-10-29,2018-10-29,6713.9,-0.056860340484950145,2018-10-30,2018-10-30,6810.12,-0.04334377067626394,2018-10-31,2018-10-31,6967.1,-0.0212918986271311,2018-11-01,2018-11-01,7069.17,-0.006953546097796304,2018-11-02,2018-11-02,6965.29,-0.021546159605656645,-0.056860340484950145,0.01433146159460219,0.023050988822517215,0.014650284910507905,-0.014694794438385284,0.0374432148229793,-0.02168096168038447,3.4988031450081105,1781.0,3.2976037033472565,-0.20119944166085446,-5.790870649190184,-2927.0,-3.206023767448478,2.5848468817417043,-2.292067504182074,-1146.0,-0.909150164588425,1.3829173395936607,2.292067504182074,1146.0,0.9091501645884179,-1.3829173395936571,-0.04334377067626394,-0.01823655261446311,-0.040423281315189574,-0.08312086386923401,-0.06628485377184212,0.0972147887175554,0.10619258934604359,20.0,NASDAQ-100 Index x $20,142373.4,2014156489.8,1749911459.3999999,264245030.39999998,253567025.39999998,-769101106.8,4115160753.6,4346232781.8,-231072028.2,-416726941.8,771236707.8,6246775298.4,6213602296.2,33173002.2,-163159916.4,2135601.0,996044306.4,1029217308.5999999,-33173002.2,163159916.4,-2135601.0
2018-10-30,NASDAQ-100 Consolidated - CHICAGO MERCANTILE EXCHANGE,49653,12214,10164,2050,4.128652850784444,24.598715082673756,20.47006223188931,919,1.8508448633516603,29958,30804,-846,-1.7038245423237266,60.33472297746359,62.03854751978732,43090,41887,1203,2.4228143314603345,86.78226894648863,84.3594546150283,6563,7766,-1203,-2.4228143314603345,13.21773105351137,15.640545384971706,6810.12,2018-11-05,2018-11-05,6937.09,0.018644311700821703,2018-11-06,2018-11-06,6988.85,0.02624476514363927,2018-11-07,2018-11-07,7203.13,0.0577097026190434,2018-11-08,2018-11-08,7158.59,0.051169436074547825,2018-11-09,2018-11-09,7039.15,0.0336308317621421,0.018644311700821703,0.007461341859482884,0.030660265995120728,-0.006183423039706315,-0.016684849949501257,0.014712220830348066,-0.04334377067626394,0.48028046518922496,194.0,-3.210295768088944,-3.6905762332781684,1.4865355771919206,777.0,3.517613369034599,2.0310777918426837,1.9648020653807623,970.0,0.53443123615682,-1.4303708292239463,-1.9648020653807623,-970.0,-0.5344312361568182,1.4303708292239463,0.02624476514363927,0.003052809642120735,-0.04157929669374405,-0.01601733890151713,-0.026039188736762364,0.1426318478969535,0.18169870721808135,20.0,NASDAQ-100 Index x $20,136202.4,1663576113.6,1384361193.6,279214920.0,26423265.599999998,-707571468.0,4080351499.2,4195578729.6,-115227230.39999999,105829264.8,820891864.8,5868961416.0,5705109928.8,163851487.2,132116328.0,113047992.0,893896351.1999999,1057747838.4,-163851487.2,-132116328.0,-113047992.0
2018-11-06,NASDAQ-100 Consolidated - CHICAGO MERCANTILE EXCHANGE,48663,10533,10651,-118,-0.24248402276883874,21.644781456137103,21.887265478905945,997,2.0487844974621376,31306,30071,1235,2.537862441690812,64.33224421018022,61.7943817684894,42837,41719,1118,2.2974333682674724,88.02786511312496,85.7304317448575,5826,6943,-1117,-2.2953784189219735,11.972134886875038,14.267513305797012,6988.85,2018-11-12,2018-11-12,6829.1,-0.02285783784170503,2018-11-13,2018-11-13,6830.91,-0.022598853888694204,2018-11-14,2018-11-14,6769.87,-0.031332765762607684,2018-11-15,2018-11-15,6890.45,-0.014079569600148889,2018-11-16,2018-11-16,6867.02,-0.017432052483598914,-0.02285783784170503,0.00026504224568379975,-0.008935851885034318,0.01781127259459936,-0.003400358467153697,0.005552708263167894,0.02624476514363927,-4.371136873553283,-2168.0,-2.953933626536653,1.4172032470166336,4.241686984014539,2081.0,3.997521232716629,-0.2441657512979205,-0.12538096319286218,-85.0,1.2455961666363322,1.3709771298291997,0.12743591253836106,86.0,-1.2455961666363322,-1.3730320791746937,-0.022598853888694204,-0.06608955693712126,-0.04118131022986615,-0.027706990420455435,0.004960758923141961,0.09319129756683853,0.17475407255843245,20.0,NASDAQ-100 Index x $20,139777.0,1472271141.0,1488764827.0,-16493686.0,-303036536.0,-332809037.0,4375858762.0,4203234167.0,172624595.0,290875937.0,511723597.0,5987627349.0,5831356663.0,156270686.0,-11881045.0,179054337.0,814340802.0,970471711.0,-156130909.0,12020822.0,-178914560.0
2018-11-13,NASDAQ-100 Consolidated - CHICAGO MERCANTILE EXCHANGE,49733,8969,10049,-1080,-2.171596324372147,18.03430317897573,20.205899503347876,1204,2.420927754207468,33283,30602,2681,5.390786801520117,66.92337080007239,61.53258399855227,43456,41855,1601,3.21919047714797,87.37860173325559,84.15941125610762,6277,7877,-1600,-3.2171797398105886,12.621398266744416,15.838578006555004,6830.91,2018-11-19,2018-11-19,6642.92,-0.027520491413296266,2018-11-20,2018-11-20,6526.96,-0.044496267700789516,2018-11-21,2018-11-21,6575.66,-0.03736691011885673,2018-11-22,2018-11-23,6527.35,-0.04443917428278221,2018-11-23,2018-11-23,6527.35,-0.04443917428278221,-0.027520491413296266,-0.017456178909274866,0.007461360265728523,-0.00734679104454905,0.0,-0.017397469787382658,-0.022598853888694204,-1.9291123016033083,-962.0,-3.6104782771613735,-1.6813659755580694,2.8529243598293053,1446.0,2.59112658989217,-0.26179776993713233,0.9217571088804974,483.0,-0.6492633798693674,-1.5710204887498804,-0.9218013208886151,-483.0,0.6492633798693781,1.5710647007579919,-0.044496267700789516,-0.019012108196418964,-0.0052262436483572206,-0.01854364938200037,0.02690124741798683,0.08358622789642967,0.20976414562627843,20.0,NASDAQ-100 Index x $20,136618.2,1225328635.8000002,1372876291.8000002,-147547656.0,-131426708.4,-157794021.0,4547063550.6,4180790156.4000006,366273394.20000005,197549917.20000002,188123261.4,5936880499.200001,5718154761.000001,218725738.20000002,65986590.60000001,30329240.400000002,857552441.4000001,1076141561.4,-218589120.00000003,-65986590.60000001,-30192622.200000003
2018-11-20,NASDAQ-100 Consolidated - CHICAGO MERCANTILE EXCHANGE,51279,10050,9155,895,1.745353848553989,19.598666120634178,17.85331227208019,2243,4.374110259560444,31867,32136,-269,-0.5245812125821486,62.144347588681526,62.66892880126368,44160,43535,625,1.2188225199399363,86.11712396887616,84.89830144893621,7120,7744,-624,-1.2168724039080325,13.884826147155756,15.101698551063789,6526.96,2018-11-26,2018-11-26,6678.34,0.02319303320381927,2018-11-27,2018-11-27,6701.04,0.026670915709610554,2018-11-28,2018-11-28,6913.33,0.05919601161949828,2018-11-29,2018-11-29,6892.4,0.055989312022748594,2018-11-30,2018-11-30,6949.01,0.06466256879159671,0.02319303320381927,0.003399048266485405,0.03168015710994121,-0.0030274845841294917,0.008213394463467028,0.04052953278808813,-0.044496267700789516,3.916950172926136,1975.0,1.5643629416584481,-2.3525872312676874,-5.915368014102266,-2950.0,-4.779023211390864,1.1363448027114131,-2.0003679572080335,-976.0,-1.2614777643794355,0.7388901928285918,2.000307335902556,976.0,1.2634278804113404,-0.7368794554912146,0.026670915709610554,0.04109876573473725,0.02716118989544891,-0.005429786608160514,0.08268014512115895,0.14157586380183118,0.2775840513807346,20.0,NASDAQ-100 Index x $20,130539.2,1311918960.0,1195086376.0,116832584.0,257814920.0,-125448171.2,4159892686.4,4195007731.2,-35115044.8,-385090640.0,176750076.79999998,5764611072.0,5683024072.0,81587000.0,-127406259.2,51171366.4,929439104.0,1010895564.8,-81456460.8,127406259.2,-51040827.199999996
2018-11-27,NASDAQ-100 Consolidated - CHICAGO MERCANTILE EXCHANGE,48146,11324,8579,2745,5.701408216674282,23.52012628255722,17.818718065882937,648,1.345906201969011,30002,31896,-1894,-3.933867818718066,62.3146263448677,66.24849416358576,41975,41123,852,1.7696174136999958,87.1827358451377,85.41311843143771,6171,7023,-852,-1.7696174136999958,12.817264154862293,14.58688156856229,6701.04,2018-12-03,2018-12-03,7062.13,0.05388566550863749,2018-12-04,2018-12-04,6795.21,0.014053042512804037,2018-12-05,2018-12-06,6838.85,0.020565464465217342,2018-12-06,2018-12-06,6838.85,0.020565464465217342,2018-12-07,2018-12-07,6613.28,-0.01309647457708063,0.05388566550863749,-0.03779596240794214,0.006422170911568603,0.0,-0.03298361566637675,-0.06355731202909043,0.026670915709610554,3.956054368120293,1850.0,3.9214601619230436,-0.03459420619725151,-3.4092866061359173,-1625.0,0.17027875618617117,3.5795653623220787,0.5507948937600595,227.0,1.065611876261542,0.5148169825015003,-0.5527450097919633,-228.0,-1.067561992293463,-0.5148169825014985,0.014053042512804037,0.00047753781502568593,-0.03126678843880948,-0.11963665341499219,0.0630021608586131,0.08615677566467306,0.25141022885999775,20.0,NASDAQ-100 Index x $20,134020.8,1517651539.1999998,1149764443.1999998,367887095.99999994,247938479.99999997,93144455.99999999,4020892041.5999994,4274727436.7999997,-253835395.2,-217783799.99999997,-140453798.39999998,5625523079.999999,5511337358.4,114185721.6,30422721.599999998,-47041300.8,827042356.8,941228078.4,-114185721.6,-30556742.4,47041300.8
2018-12-04,NASDAQ-100 Consolidated - CHICAGO MERCANTILE EXCHANGE,48620,8119,10183,-2064,-4.245166598107774,16.69888934594817,20.944055944055943,792,1.6289592760180998,33152,30776,2376,4.886877828054299,68.18593171534349,63.29905388728918,42062,41751,311,0.639654463183875,86.5117235705471,85.87206910736323,6557,6869,-312,-0.6417112299465241,13.486219662690251,14.127930892636776,6795.21,2018-12-10,2018-12-10,6682.74,-0.016551364858481188,2018-12-11,2018-12-11,6704.24,-0.013387371398382086,2018-12-12,2018-12-12,6763.96,-0.004598827703632402,2018-12-13,2018-12-13,6767.97,-0.004008706132702322,2018-12-14,2018-12-14,6594.96,-0.029469287924876464,-0.016551364858481188,0.0032172432265806794,0.008907795663639861,0.0005928479766290629,-0.0255630565738324,-0.013135330717639726,0.014053042512804037,-9.946574814782057,-4809.0,-6.821236936609051,3.1253378781730063,8.820745646772366,4270.0,5.871305370475788,-2.9494402762965777,-1.1299629505161208,-541.0,-0.6710122745905949,0.4589506759255215,1.1279061837534718,540.0,0.6689555078279579,-0.4589506759255144,-0.013387371398382086,-0.04469177553011605,-0.13183698517043618,-0.06846587522681413,0.053211011874541025,0.054676750240242766,0.21478806394504368,20.0,NASDAQ-100 Index x $20,135904.2,1103406199.8000002,1383912468.6000001,-280506268.8,-653563297.8000001,-264469573.20000002,4505496038.400001,4182587659.2000003,322908379.20000005,580310934.0,155066692.20000002,5716402460.400001,5674136254.200001,42266206.2,-73524172.2,-109674689.4,891123839.4000001,933525949.8000001,-42402110.400000006,73388268.0,109402881.00000001
2018-12-11,NASDAQ-100 Consolidated - CHICAGO MERCANTILE EXCHANGE,50696,9840,10449,-609,-1.2012782073536374,19.409815370048918,20.611093577402556,372,0.7337857030140446,34530,33627,903,1.781205617800221,68.11188259428752,66.3306769764873,44742,44448,294,0.5799274104465836,88.25548366735048,87.6755562569039,5954,6248,-294,-0.5799274104465836,11.744516332649518,12.324443743096102,6704.24,2018-12-17,2018-12-17,6448.39,-0.03816241661993003,2018-12-18,2018-12-18,6491.52,-0.031729174373232416,2018-12-19,2018-12-19,6342.97,-0.053886794028853324,2018-12-20,2018-12-20,6243.19,-0.06876991277161915,2018-12-21,2018-12-21,6046.56,-0.09809911339689503,-0.03816241661993003,0.006688491235796956,-0.022883700581681987,-0.015730801186195187,-0.03149511707956976,-0.06231477934802332,-0.013387371398382086,3.0438883907541365,1455.0,2.710926024100747,-0.33296236665338697,-3.1056722102540784,-1473.0,-0.07404912105596395,3.0316230891981135,-0.0597270527372914,-17.0,1.7437600968033706,1.803487149540672,0.061783819499940495,18.0,-1.7417033300407336,-1.8034871495406737,-0.031729174373232416,-0.12005685953963452,-0.055825865422478804,-0.02273039151343026,0.07413815734520246,0.12076089161485881,0.24612036561936934,20.0,NASDAQ-100 Index x $20,134084.8,1319394432.0,1401052075.1999998,-81657643.19999999,195093383.99999997,63153940.8,4629948144.0,4508869569.599999,121078574.39999999,-197506910.39999998,-238402774.39999998,5999222121.599999,5959801190.4,39420931.199999996,-2279441.5999999996,-175248833.6,798340899.1999999,837761830.4,-39420931.199999996,2413526.4,175114748.79999998
2018-12-18,NASDAQ-100 Consolidated - CHICAGO MERCANTILE EXCHANGE,54430,10670,9972,698,1.28238103986772,19.603160022046666,18.320778982178947,701,1.2878927062281829,35211,36344,-1133,-2.0815726621348523,64.69042807275399,66.77200073488885,46582,47017,-435,-0.799191622267132,85.58148080102885,86.38067242329598,7847,7413,434,0.7973544001469778,14.416681976851,13.619327576704023,6491.52,2018-12-24,2018-12-24,5899.35,-0.09122208666075127,2018-12-25,2018-12-26,6262.77,-0.03523828009464658,2018-12-26,2018-12-26,6262.77,-0.03523828009464658,2018-12-27,2018-12-27,6288.3,-0.031305456965394884,2018-12-28,2018-12-28,6285.27,-0.031772219757468245,-0.09122208666075127,0.06160339698441364,0.0,0.004076470954545552,-0.0004818472401125762,0.06541737649063029,-0.031729174373232416,2.4836592472213574,1307.0,0.19334465199774797,-2.2903145952236095,-3.862778279935073,-2036.0,-3.4214545215335335,0.4413237584015519,-1.3791190327137155,-729.0,-2.6740028663216293,-1.2948838336079262,1.3772818105935614,728.0,2.672165644201483,1.294883833607921,-0.09122208666075127,-0.024886313220940592,0.00929366311742097,0.02743887410036483,0.13213546288080447,0.1762114265996253,0.32106193926846105,20.0,NASDAQ-100 Index x $20,129830.40000000001,1385290368.0,1294668748.8000002,90621619.2,169688332.8,-25576588.8,4571458214.400001,4718556057.6,-147097843.20000002,-264334694.4,-112173465.60000001,6047759692.8,6104235916.8,-56476224.00000001,-94646361.60000001,-137620224.0,1018779148.8000001,962432755.2,56346393.6,94516531.2,137360563.20000002
2018-12-24,NASDAQ-100 Consolidated - CHICAGO MERCANTILE EXCHANGE,41653,10453,8296,2157,5.178498547523588,25.09543130146688,19.916932753943293,347,0.8330732480253523,23940,27108,-3168,-7.605694667851055,57.47485175137446,65.0805464192255,34740,35751,-1011,-2.4271961203274675,83.40335630086668,85.83055242119416,6913,5902,1011,2.4271961203274675,16.596643699133313,14.16944757880585,5899.35,2018-12-31,2018-12-31,6329.97,0.0729944824429809,2019-01-01,2019-01-02,6360.87,0.07823234763151854,2019-01-02,2019-01-02,6360.87,0.07823234763151854,2019-01-03,2019-01-03,6147.13,0.042001237424462046,2019-01-04,2019-01-04,6422.67,0.08870807800859404,0.0729944824429809,0.004881539722936923,0.0,-0.033602321694988224,0.04482416997851035,0.014644619168811213,-0.09122208666075127,3.896117507655868,1459.0,5.4922712794202155,1.596153771764346,-5.524122005716203,-2035.0,-7.21557632137953,-1.69145431566335,-1.6280044980603354,-576.0,-2.17812450016217,-0.5501200021018207,1.6298417201804898,577.0,2.1799617222823127,0.550120002101826,0.0729944824429809,0.11060540568028676,0.13057201217083247,0.12670209429852441,0.2460949087611346,0.28684346580555475,0.4746556824056887,20.0,NASDAQ-100 Index x $20,117987.0,1233318111.0,978820152.0,254497959.0,172143033.0,-69376356.0,2824608780.0,3198391596.0,-373782816.0,-240103545.0,-150315438.0,4098868380.0,4218153237.0,-119284857.0,-67960512.0,-219809781.0,815644131.0,696359274.0,119284857.0,68078499.0,219809781.0
2018-12-31,NASDAQ-100 Consolidated - CHICAGO MERCANTILE EXCHANGE,40798,7327,9085,-1758,-4.309034756605716,17.95921368694544,22.268248443551155,345,0.8456296877297906,27688,25089,2599,6.37041031423109,67.86607186626796,61.495661552036864,35360,34519,841,2.061375557625374,86.67091524094317,84.60953968331782,5438,6278,-840,-2.0589244570812295,13.329084759056817,15.388009216138046,6329.97,2019-01-07,2019-01-07,6488.25,0.025004857842928052,2019-01-08,2019-01-08,6551.85,0.03505229882606087,2019-01-09,2019-01-09,6600.69,0.042767975203673814,2019-01-10,2019-01-10,6620.94,0.04596704249783157,2019-01-11,2019-01-11,6601.4,0.04288014003225915,0.025004857842928052,0.009802334990174577,0.007454383113166374,0.003067861087249879,-0.002951242572806878,0.017439217046198774,0.0729944824429809,-9.487533304129304,-3915.0,-7.136217614521442,2.351315689607862,13.976104982082145,5767.0,10.3912201148935,-3.5848848671886344,4.488571677952841,1852.0,3.2675589400764977,-1.221012737876336,-4.4861205774086965,-1851.0,-3.267558940076496,1.218561637332197,0.03505229882606087,0.0536606018669914,0.05005394970276322,0.04783908928478331,0.18478286626950835,0.23220489196631244,0.37963845010323904,20.0,NASDAQ-100 Index x $20,126599.40000000001,927593803.8000001,1150155549.0,-222561745.20000002,-495636651.00000006,38739416.400000006,3505284187.2000003,3176252346.6000004,329031840.6,730098739.8000001,28231666.200000003,4476554784.0,4370084688.6,106470095.4,234462088.8,67097682.00000001,688447537.2,794791033.2,-106343496.0,-234335489.4,-66844483.2
2019-01-08,NASDAQ-100 Consolidated - CHICAGO MERCANTILE EXCHANGE,41062,7391,8600,-1209,-2.944328089230919,17.999610345331448,20.94393843456237,366,0.8913350543081195,28567,23926,4641,11.302420729628366,69.57040572792363,58.26798499829526,36324,32893,3431,8.35565729871901,88.46135112756319,80.10569382884418,4738,8170,-3432,-8.358092640397448,11.538648872436804,19.89674151283425,6551.85,2019-01-14,2019-01-14,6541.04,-0.0016499156726726971,2019-01-15,2019-01-15,6669.64,0.01797812831490342,2019-01-16,2019-01-16,6668.56,0.017813289376283015,2019-01-17,2019-01-17,6718.45,0.025427932568663714,2019-01-18,2019-01-18,6784.61,0.03552584384563118,-0.0016499156726726971,0.01966048212516669,-0.00016192778021006937,0.007481375289417613,0.009847509470190197,0.03723719775448542,0.03505229882606087,1.3647066673747972,549.0,0.040396658386008255,-1.3243100089887854,4.932010415397277,2042.0,1.7043338616556696,-3.2276765537416026,6.294281741093636,2590.0,1.790435886620017,-4.503845854473639,-6.299168183316219,-2592.0,-1.7904358866200134,4.508732296696204,0.01797812831490342,0.014493616306844537,0.012353762677716817,0.07199035386951769,0.15516838755466011,0.19460305104665077,0.35022169310957985,20.0,NASDAQ-100 Index x $20,131037.0,968494467.0,1126918200.0,-158423733.0,71939313.0,-78622200.0,3743333979.0,3135191262.0,608142717.0,267577554.0,489816306.0,4759787988.0,4310200041.0,449587947.0,339385830.0,411063069.0,620853306.0,1070572290.0,-449718984.0,-339647904.0,-411194106.0
2019-01-15,NASDAQ-100 Consolidated - CHICAGO MERCANTILE EXCHANGE,41781,7068,10010,-2942,-7.041478183863478,16.916780354706685,23.958258538570163,471,1.1273066704961585,29611,22746,6865,16.430913573155262,70.87192743112898,54.44101385797372,37150,33227,3923,9.389435389291783,88.91601445633182,79.52657906704003,4631,8553,-3922,-9.387041956870348,11.083985543668176,20.471027500538522,6669.64,2019-01-21,2019-01-22,6646.81,-0.0034229733538841955,2019-01-22,2019-01-22,6646.81,-0.0034229733538841955,2019-01-23,2019-01-23,6658.76,-0.0016312724524861766,2019-01-24,2019-01-24,6702.55,0.004934299302510992,2019-01-25,2019-01-25,6787.37,0.017651627374191126,-0.0034229733538841955,0.0,0.001797854910851937,0.006576299491196647,0.012654885081051281,0.021146986298690607,0.01797812831490342,-4.097150094632559,-1733.0,-1.082829990624763,3.014320104007794,5.128492843526896,2224.0,1.3015217032053528,-3.8269711403215396,1.033778090572774,492.0,0.4546633287686319,-0.5791147618041492,-1.0289493164729002,-490.0,-0.45466332876862836,0.5742859877042719,-0.0034229733538841955,-0.005525035834018088,0.05305833598215193,0.051731427783208606,0.14769762685842092,0.18853191476601427,0.3544089336156073,20.0,NASDAQ-100 Index x $20,133392.80000000002,942820310.4000001,1335261928.0000002,-392441617.6,-231169722.40000004,-485549792.00000006,3949894200.8000007,3034152628.8,915741572.0000001,296665587.20000005,1066875614.4000001,4955542520.000001,4432242565.6,523299954.4000001,65629257.60000001,581325822.4000001,617742056.8000001,1140908618.4,-523166561.6000001,-65362472.00000001,-581059036.8000001
2019-01-22,NASDAQ-100 Consolidated - CHICAGO MERCANTILE EXCHANGE,41357,7591,10431,-2840,-6.867035810140967,18.354812969992988,25.221848780133953,475,1.1485359189496338,28840,23954,4886,11.814203157869285,69.73426505791039,57.920061900041105,36905,34860,2045,4.944749377372633,89.23519597649732,84.29044659912469,4451,6497,-2046,-4.947167347728317,10.762386053146988,15.709553400875306,6646.81,2019-01-28,2019-01-28,6697.09,0.007564530955450843,2019-01-29,2019-01-29,6632.79,-0.002109282497920084,2019-01-30,2019-01-30,6807.91,0.024237190471820158,2019-01-31,2019-01-31,6906.84,0.03912102196391953,2019-02-01,2019-02-01,6875.52,0.03440898716828067,0.007564530955450843,-0.009601184992287681,0.02640216258919703,0.014531625711855733,-0.004534635231162154,0.026642915057136785,-0.0034229733538841955,0.1744423737225107,102.0,1.4380326152863034,1.26359024156379,-4.6167104152859775,-1979.0,-1.137662373218589,3.479048042067383,-4.44468601191915,-1878.0,0.3191815201655004,4.76386753208466,4.439874609142032,1876.0,-0.3215994905211872,-4.761474099663216,-0.002109282497920084,0.05667530740310012,0.05534384163230177,0.06315811644984581,0.1751065548736912,0.19674851545327754,0.3791021557709635,20.0,NASDAQ-100 Index x $20,132936.2,1009118694.2,1386657502.2,-377538808.00000006,13559492.4,-664282191.4000001,3833880008.0000005,3184353734.8,649526273.2,-263080739.8,1070668154.8000001,4906010461.0,4634155932.0,271854529.0,-249654183.60000002,406253027.20000005,591699026.2,863686491.4000001,-271987465.20000005,249388311.20000002,-406385963.40000004
2019-01-29,NASDAQ-100 Consolidated - CHICAGO MERCANTILE EXCHANGE,43546,7526,11228,-3702,-8.501354889082808,17.282873283424426,25.784228172507234,541,1.2423643962706103,30736,23867,6869,15.774123914940521,70.58283194782528,54.808708032884766,38803,35635,3168,7.275065448031966,89.10806962752032,81.83300417948836,4744,7911,-3167,-7.2727690258577145,10.894226794653928,18.16699582051164,6632.79,2019-02-04,2019-02-04,6959.96,0.04932615083547054,2019-02-05,2019-02-05,7023.52,0.05890884529737872,2019-02-06,2019-02-06,6997.62,0.05500400284043372,2019-02-07,2019-02-07,6904.98,0.041037029666249,2019-02-08,2019-02-08,6913.13,0.0422657735281835,0.04932615083547054,0.009132236392163318,-0.0036876096316377227,-0.013238786901832333,0.0011803075461478407,-0.006728486945327239,-0.002109282497920084,-1.6343190789418411,-862.0,-1.0719396865685624,0.5623793923732805,3.9599207570712363,1983.0,0.8485668899148919,-3.111353867156339,2.3303160706593324,1123.0,-0.1271263489770007,-2.4574424196363367,-2.3256016781293978,-1121.0,0.1318407415069398,2.457442419636335,0.05890884529737872,0.05757456515282411,0.06540535732323804,0.07394022726484639,0.17318051679609936,0.19896303064019816,0.37060422537122384,20.0,NASDAQ-100 Index x $20,132655.8,998367550.8,1489459322.3999999,-491091771.59999996,-114349299.6,-257882875.2,4077308668.7999997,3166095978.6,911212690.1999999,263056451.39999998,566440266.0,5147443007.4,4727189433.0,420253574.4,148972463.39999998,308690046.59999996,629319115.1999999,1049440033.8,-420120918.59999996,-148707151.79999998,-308690046.59999996
2019-02-05,NASDAQ-100 Consolidated - CHICAGO MERCANTILE EXCHANGE,43092,7460,12163,-4703,-10.913858720876265,17.311798013552398,28.225656734428668,540,1.2531328320802004,29732,21453,8279,19.212382808874036,68.99656548779356,49.78418267891952,37733,34156,3577,8.300844704353477,87.56381694978185,79.26297224542839,5359,8936,-3577,-8.300844704353477,12.436183050218137,20.737027754571614,7023.52,2019-02-11,2019-02-11,6909.18,-0.016279586304303262,2019-02-12,2019-02-12,7014.67,-0.001260051939768192,2019-02-13,2019-02-13,7015.88,-0.0010877736519580017,2019-02-14,2019-02-14,7022.42,-0.00015661662528199116,2019-02-15,2019-02-15,7055.18,0.004507711233113776,-0.016279586304303262,0.015268092595648097,0.0001724956412774148,0.00093217101774834,0.004665058484112361,0.02113130646473249,0.05890884529737872,-2.4125038317934564,-1001.0,0.028924730127972254,2.441428561921434,3.438258893933515,1410.0,-1.5862664600317231,-5.024525353965245,1.0257792563215107,409.0,-1.54425267773847,-2.570031934059969,-1.028075678495762,-410.0,1.5419562555642088,2.5700319340599727,-0.001260051939768192,0.006135100348543032,0.014195161400551326,0.01897481604665452,0.08779500877053081,0.07087614187757696,0.3289717976171491,20.0,NASDAQ-100 Index x $20,140470.40000000002,1047909184.0000001,1708541475.2000003,-660632291.2000002,-140610870.40000004,-490803577.6000001,4176465932.8000007,3013511491.2000003,1162954441.6000001,198063264.00000003,511031315.2000001,5300369603.200001,4797906982.400001,502462620.8000001,57452393.60000001,20508678.400000002,752780873.6000001,1255243494.4,-502462620.8000001,-57592864.00000001,-20368208.000000004
2019-02-12,NASDAQ-100 Consolidated - CHICAGO MERCANTILE EXCHANGE,43001,7507,12866,-5359,-12.462500872072743,17.45773354108044,29.920234413153185,348,0.8092835050347666,29981,21433,8548,19.878607474244784,69.7216343805958,49.84302690635102,37836,34647,3189,7.416106602172043,87.988651426711,80.57254482453897,5165,8354,-3189,-7.416106602172043,12.011348573288993,19.427455175461038,7014.67,2019-02-18,2019-02-19,7066.61,0.0074044823206222965,2019-02-19,2019-02-19,7066.61,0.0074044823206222965,2019-02-20,2019-02-20,7062.34,0.006795758032808408,2019-02-21,2019-02-21,7035.16,0.0029210212312196226,2019-02-22,2019-02-22,7090.63,0.010828734637552406,0.0074044823206222965,0.0,-0.0006042501284208024,-0.003848582764352959,0.007884682082568206,0.0033990838605781892,-0.001260051939768192,-1.5486421511964785,-656.0,0.14593552752804229,1.6945776787245173,0.6662246653707484,269.0,0.7250688928022413,0.058844227431499974,-0.8847381021814336,-388.0,0.4248344769291492,1.3095725791105792,0.8847381021814336,388.0,-0.4248344769291439,-1.3095725791105757,0.0074044823206222965,0.015474712281547065,0.02026039713913841,0.0266028195196637,0.05520003079261038,0.10171255383360855,0.35685071428876913,20.0,NASDAQ-100 Index x $20,140293.4,1053182553.8,1805014884.3999999,-751832330.6,-92032470.39999999,-339089147.8,4206136425.3999996,3006908442.2,1199227983.2,37738924.6,236113792.2,5308141082.4,4860745429.8,447395652.59999996,-54433839.199999996,-102975355.6,724615411.0,1172011063.6,-447395652.59999996,54433839.199999996,102835062.2
2019-02-19,NASDAQ-100 Consolidated - CHICAGO MERCANTILE EXCHANGE,44320,8323,13468,-5145,-11.608754512635379,18.779332129963898,30.388086642599276,370,0.8348375451263539,30501,22257,8244,18.601083032490976,68.81994584837545,50.21886281588448,39195,36096,3099,6.992328519855596,88.43637184115524,81.44404332129965,5125,8224,-3099,-6.992328519855596,11.563628158844766,18.555956678700362,7066.61,2019-02-25,2019-02-25,7115.43,0.006908545964755541,2019-02-26,2019-02-26,7123.22,0.00801091329505943,2019-02-27,2019-02-27,7117.0,0.007130717557640942,2019-02-28,2019-02-28,7097.53,0.0043755067847242035,2019-03-01,2019-03-01,7151.57,0.012022737918181425,0.006908545964755541,0.0010948038277376337,-0.0008732006030980344,-0.0027357032457496766,0.007613916390631692,0.005079102738696051,0.0074044823206222965,0.8537463594373644,214.0,1.3215985888834574,0.4678522294460912,-1.2775244417538083,-304.0,-0.9016885322203478,0.3758359095334569,-0.4237780823164474,-90.0,0.44772041444423394,0.8714984967606796,0.4237780823164474,90.0,-0.44772041444422683,-0.871498496760676,0.00801091329505943,0.012761423086883328,0.01905722828909484,0.04000079245918475,0.0543980777204347,0.08460350861304078,0.36271847462927775,20.0,NASDAQ-100 Index x $20,141332.19999999998,1176307900.6,1903462069.5999997,-727154168.9999999,30245090.799999997,-325770720.99999994,4310773432.2,3145630775.3999996,1165142656.8,-42964988.8,474593527.59999996,5539515578.999999,5101527091.2,437988487.79999995,-12719897.999999998,148964138.79999998,724327524.9999999,1162316012.8,-437988487.79999995,12719897.999999998,-148822806.6
2019-02-26,NASDAQ-100 Consolidated - CHICAGO MERCANTILE EXCHANGE,44657,9585,13475,-3890,-8.710840405759456,21.46360033141501,30.174440737174464,422,0.9449806301363727,29487,22521,6966,15.598898269028371,66.02996170813087,50.431063439102495,39494,36417,3077,6.890297153861656,88.43854266968223,81.54824551582058,5164,8240,-3076,-6.888057863268917,11.563696620910495,18.45175448417941,7123.22,2019-03-04,2019-03-04,7150.83,0.0038760560533017685,2019-03-05,2019-03-05,7156.79,0.004712756309646515,2019-03-06,2019-03-06,7112.47,-0.0015091489522996993,2019-03-07,2019-03-07,7026.88,-0.01352478233158605,2019-03-08,2019-03-08,7015.69,-0.015095701101468295,0.0038760560533017685,0.0008334696811418407,-0.006192720479432756,-0.012033794167145895,-0.0015924563960107996,-0.018898505488174178,0.00801091329505943,2.8979141068759233,1255.0,2.6842682014511112,-0.2136459054248121,-3.002184763462605,-1278.0,-2.7899841402445844,0.21220062321801691,-0.10203136599393936,-22.0,0.0021708285269994576,0.10420219452093704,0.10427065658667889,23.0,6.846206572852509e-05,-0.10420219452095125,0.004712756309646515,0.010958527182931332,0.03173564764249859,0.031998169367224216,0.021782283854773432,0.06216430209933144,0.24029160969336916,20.0,NASDAQ-100 Index x $20,142464.4,1365521274.0,1919707790.0,-554186516.0,178792822.0,-26783307.2,4200847762.7999997,3208440752.4,992407010.4,-182069503.2,13819046.799999999,5626489013.599999,5188126054.8,438362958.79999995,-3134216.8,-12964260.4,735686161.6,1173906656.0,-438220494.4,3276681.1999999997,12964260.4
2019-03-05,NASDAQ-100 Consolidated - CHICAGO MERCANTILE EXCHANGE,46534,9348,13591,-4243,-9.118064211114454,20.088537413504103,29.20660162461856,1218,2.61744101087377,30741,23097,7644,16.42669875789745,66.06137447887565,49.63467572097821,41308,37906,3402,7.310783513130184,88.76950186960072,81.45871835647054,5226,8628,-3402,-7.310783513130184,11.230498130399278,18.541281643529462,7156.79,2019-03-11,2019-03-11,7164.02,0.0010102294464418016,2019-03-12,2019-03-12,7201.28,0.006216474145531725,2019-03-13,2019-03-13,7256.98,0.013999292979114841,2019-03-14,2019-03-14,7243.01,0.012047300535575234,2019-03-15,2019-03-15,7306.99,0.020987062635623,0.0010102294464418016,0.005200990505330738,0.007734736046924873,-0.0019250431997882567,0.008833344148358124,0.019956672371098882,0.004712756309646515,-0.4072238053549988,-353.0,-1.3750629179109062,-0.9678391125559038,0.8278004888690802,678.0,0.03141277074477955,-0.7963877181242864,0.4204863592685282,325.0,0.3309591999184818,-0.08952715935004107,-0.4227256498612677,-326.0,-0.33319849051121686,0.08952715935005173,0.006216474145531725,0.02689613639634536,0.02715742672343313,0.04790555542359076,0.0013916853785007621,0.06325741009586694,0.20088615147293676,20.0,NASDAQ-100 Index x $20,143135.8,1338033458.3999999,1945358657.8,-607325199.4,-50526937.4,65842467.99999999,4400137627.799999,3306007572.6,1094130055.1999998,97046072.39999999,-90891233.0,5912653626.4,5425705634.799999,486947991.59999996,46519134.99999999,-25048764.999999996,748027690.8,1234975682.3999999,-486947991.59999996,-46662270.8,25048764.999999996
2019-03-12,NASDAQ-100 Consolidated - CHICAGO MERCANTILE EXCHANGE,51567,11096,13826,-2730,-5.294083425446507,21.517637248628,26.811720674074508,1807,3.5041790292241166,32467,26359,6108,11.844784455174821,62.96080826885411,51.11602381367929,45369,41992,3377,6.54876180503035,87.98068532200826,81.43192351697792,6198,9576,-3378,-6.550701029728315,12.019314677991739,18.570015707720053,7201.28,2019-03-18,2019-03-18,7326.28,0.017358025239957442,2019-03-19,2019-03-19,7349.28,0.020551901884109602,2019-03-20,2019-03-20,7380.75,0.024921958318521176,2019-03-21,2019-03-21,7493.27,0.040546958318521176,2019-03-22,2019-03-22,7326.06,0.017327475115535007,0.017358025239957442,0.0031393831521591142,0.004282052119391366,0.015245063171086981,-0.0223146903821696,-3.00288823249506e-05,0.006216474145531725,3.8239807856679473,1513.0,1.4290998351238962,-2.394880950544053,-4.58191430272263,-1536.0,-3.1005662100215403,1.481348092701083,-0.7620217080998346,-25.0,-0.7888165475924609,-0.026794839492623623,0.7600824834018693,24.0,0.7888165475924609,0.028734064190590658,0.020551901884109602,0.0208115779416993,0.04143152328474953,0.050992323586917854,0.043404783594027885,0.08518763330963375,0.16260859180590126,20.0,NASDAQ-100 Index x $20,144025.6,1598108057.6000001,1991297945.6000001,-393189888.0,217910732.8,378643302.40000004,4676079155.2,3796370790.4,879708364.8000001,-221223321.60000002,-351422464.0,6534297446.400001,6047922995.2,486374451.20000005,-3600640.0,27076812.8,892670668.8000001,1379189145.6000001,-486518476.8,3456614.4000000004,-27220838.400000002
2019-03-19,NASDAQ-100 Consolidated - CHICAGO MERCANTILE EXCHANGE,39868,12547,12096,451,1.1312330691281227,31.471355473061102,30.34012240393298,424,1.0635095816193438,21197,19677,1520,3.812581519012742,53.167954249021776,49.35537273000903,34168,32197,1971,4.943814588140865,85.70281930370221,80.75900471556136,5700,7671,-1971,-4.943814588140865,14.297180696297781,19.240995284438647,7349.28,2019-03-25,2019-03-25,7316.96,-0.0043977097076175475,2019-03-26,2019-03-26,7351.15,0.00025444669409790954,2019-03-27,2019-03-27,7308.19,-0.005591023882611679,2019-03-28,2019-03-28,7320.47,-0.003920111902118273,2019-03-29,2019-03-29,7378.77,0.004012637972699462,-0.0043977097076175475,0.004672705604513272,-0.0058439835944036345,0.0016803066149073675,0.007963969526546766,0.008447497321292019,0.020551901884109602,6.42531649457463,3181.0,9.953718224433104,3.528401729858473,-8.03220293616208,-4588.0,-9.792854019832333,-1.7606510836702611,-1.6049472168894852,-1406.0,-2.2778660183060424,-0.6729188014165572,1.6068864415874504,1407.0,2.2778660183060424,0.6709795767185938,0.00025444669409790954,0.020459147018483614,0.02982741166481606,0.04156189449850878,0.03893170487449105,0.07340991226351434,0.016963566499031302,20.0,NASDAQ-100 Index x $20,146985.6,1844228323.2,1777937817.6000001,66290505.6,467561193.6,822531417.6,3115653763.2000003,2892235651.2000003,223418112.0,-674369932.8000001,-988331174.4000001,5022203980.8,4732495363.2,289708617.6,-206661753.6,-165799756.8,837817920.0,1127526537.6000001,-289708617.6,206808739.20000002,165799756.8
2019-03-26,NASDAQ-100 Consolidated - CHICAGO MERCANTILE EXCHANGE,38725,12222,10740,1482,3.826985151710781,31.561007101355713,27.734021949644934,638,1.6475145255003227,19955,19751,204,0.526791478373144,51.530019367333765,51.00322788896062,32816,31129,1687,4.356358941252421,84.74112330535829,80.38476436410588,5909,7596,-1687,-4.356358941252421,15.258876694641705,19.615235635894127,7351.15,2019-04-01,2019-04-01,7478.42,0.017312937431558373,2019-04-02,2019-04-02,7499.64,0.02019956061296546,2019-04-03,2019-04-03,7544.97,0.02636594274365245,2019-04-04,2019-04-04,7540.57,0.025767396937893983,2019-04-05,2019-04-05,7578.84,0.030973385116614516,0.017312937431558373,0.0028374977602221296,0.006044290125926111,-0.0005831699794698331,0.005075213147016866,0.013427970079241236,0.00025444669409790954,2.695752082582658,1031.0,0.08965162829461093,-2.606100454288047,-3.285790040639598,-1316.0,-1.637934881688011,1.647855158951593,-0.5874556468884435,-284.0,-0.9616959983439273,-0.37424035145548373,0.5874556468884435,284.0,0.9616959983439237,0.3742403514554802,0.02019956061296546,0.029565442141705756,0.041296939934567956,0.06251538874869933,0.03270100596505321,0.04882093277922506,0.027571196343429305,20.0,NASDAQ-100 Index x $20,147023.0,1796915106.0,1579027020.0,217888086.0,151580713.0,789807556.0,2933843965.0,2903851273.0,29992692.0,-193482268.0,-994169526.0,4824706768.0,4576678967.0,248027801.0,-41754532.0,-204361970.0,868758907.0,1116786708.0,-248027801.0,41754532.0,204214947.0
2019-04-02,NASDAQ-100 Consolidated - CHICAGO MERCANTILE EXCHANGE,39308,12309,10881,1428,3.632848275160273,31.31423628777857,27.681388012618296,705,1.7935280350055969,20468,20416,52,0.13228859265289508,52.07082527729724,51.93853668464434,33483,32003,1480,3.765136867813168,85.18113361147857,81.4159967436654,5826,7306,-1480,-3.765136867813168,14.82141039991859,18.58654726773176,7499.64,2019-04-08,2019-04-08,7599.74,0.013347307337418846,2019-04-09,2019-04-09,7568.49,0.009180440661151756,2019-04-10,2019-04-10,7611.49,0.014914049207695124,2019-04-11,2019-04-11,7594.89,0.012700609629262116,2019-04-12,2019-04-12,7628.15,0.017135489170146734,0.013347307337418846,-0.004111982778358225,0.005681450328929527,-0.0021809133297159278,0.004379260265783946,0.003738285783460915,0.02019956061296546,-0.19413687655050804,-54.0,-0.24677081357714314,-0.05263393702663777,-0.39450288572024894,-152.0,0.5408059099634741,0.9353087956837172,-0.591222073439253,-207.0,0.4400103061202856,1.0312323795595262,0.591222073439253,207.0,-0.43746629472311405,-1.028688368162367,0.009180440661151756,0.020679659290312458,0.04147799094356519,0.03757780373457931,0.04002592124421955,0.02460118085668106,0.041850008800422334,20.0,NASDAQ-100 Index x $20,149992.80000000002,1846261375.2000003,1632071656.8000002,214189718.40000004,-8099611.200000001,850609168.8000001,3070052630.4000006,3062253004.8,7799625.600000001,-22798905.6,-1138745337.6000001,5022208922.400001,4800219578.400001,221989344.00000003,-31048509.600000005,-288286161.6,873858052.8000001,1095847396.8000002,-221989344.00000003,31048509.600000005,288286161.6
2019-04-09,NASDAQ-100 Consolidated - CHICAGO MERCANTILE EXCHANGE,40204,12387,10908,1479,3.6787384339866684,30.81036712764899,27.131628693662325,878,2.1838623022584818,20833,20699,134,0.3333001691373993,51.81822704208536,51.484926872947966,34098,32484,1614,4.014525917819122,84.81245647199283,80.79793055417372,6106,7719,-1613,-4.012038603124067,15.187543528007163,19.199582131131233,7568.49,2019-04-15,2019-04-15,7629.12,0.008010844963790786,2019-04-16,2019-04-16,7654.73,0.011394611078299643,2019-04-17,2019-04-17,7680.72,0.014828585358506174,2019-04-18,2019-04-18,7689.72,0.016017726125026277,2019-04-19,2019-04-19,7689.715,0.016017065491267024,0.008010844963790786,0.0033568747116312636,0.003395286313168544,0.001171765147017556,-6.502187336332454e-07,0.007942593641206308,0.009180440661151756,0.04589015882639558,51.0,-0.5038691601295788,-0.5497593189559709,0.2010115764845042,82.0,-0.2525982352118774,-0.45360981169637427,0.2493890500059539,134.0,-0.3686771394857402,-0.6180661894916852,-0.24690173531089865,-133.0,0.36613312808857224,0.6130348633994736,0.011394611078299643,0.032003741829611965,0.028139034338421576,0.009468203036536949,0.03413758887175633,0.004727495180676833,0.06352918481757919,20.0,NASDAQ-100 Index x $20,151369.8,1875017712.6,1651141778.3999999,223875934.2,7719859.8,637115488.1999999,3153487043.3999996,3133203490.2,20283553.2,12412323.6,-904283185.1999999,5161407440.4,4917096583.2,244310857.2,20283553.2,-266864957.39999998,924263998.8,1168423486.1999998,-244159487.39999998,-20132183.4,267167696.99999997
2019-04-16,NASDAQ-100 Consolidated - CHICAGO MERCANTILE EXCHANGE,41813,11794,13499,-1705,-4.077679190682323,28.20653863630928,32.28421782699161,957,2.2887618683184656,22421,18660,3761,8.994810226484585,53.62207925764715,44.627269031162555,35171,33115,2056,4.917131035802262,84.11498816157655,79.19785712577429,6642,8698,-2056,-4.917131035802262,15.885011838423457,20.80214287422572,7654.73,2019-04-22,2019-04-22,7713.49,0.007676299490641858,2019-04-23,2019-04-23,7810.71,0.02037694340623375,2019-04-24,2019-04-24,7784.41,0.016941159257086724,2019-04-25,2019-04-25,7816.92,0.02118820650761033,2019-04-26,2019-04-26,7826.68,0.02246323515003157,0.007676299490641858,0.012603892660780103,-0.003367171486330922,0.0041762959556344015,0.0012485736069960396,0.01467429140376142,0.011394611078299643,-7.756417624668991,-3184.0,-2.603828491339712,5.152589133329283,8.661510057347186,3627.0,1.8038522155617898,-6.857657841785411,0.90260511798314,442.0,-0.6974683104162835,-1.6000734283994262,-0.9050924326781953,-443.0,0.6974683104162942,1.602560743094486,0.02037694340623375,0.016555776624387786,-0.0019047046727970196,-0.03303186395862423,0.03557930847985502,0.037639472587537526,0.13552796767488862,20.0,NASDAQ-100 Index x $20,153094.59999999998,1805597712.3999996,2066624005.3999996,-261026292.99999997,-487453206.3999999,-330071957.59999996,3432534026.5999994,2856745235.9999995,575788790.5999999,555274114.1999999,343084998.59999996,5384490176.599999,5069727678.999999,314762497.59999996,67667813.19999999,13013040.999999998,1016854333.1999998,1331616830.7999997,-314762497.59999996,-67820907.8,-13013040.999999998
2019-04-23,NASDAQ-100 Consolidated - CHICAGO MERCANTILE EXCHANGE,43451,12553,13761,-1208,-2.7801431497548963,28.89001403880233,31.670157188557223,891,2.0505857172447124,23509,20444,3065,7.05392280960162,54.10462359899657,47.05070078939495,36953,35096,1857,4.273779659846723,85.0452233550436,80.7714436951969,6497,8354,-1857,-4.273779659846723,14.952475201951623,19.22625486179835,7810.71,2019-04-29,2019-04-29,7839.04,0.003627071034515428,2019-04-30,2019-04-30,7781.46,-0.003744858021869968,2019-05-01,2019-05-01,7751.85,-0.007535806604009099,2019-05-02,2019-05-02,7724.06,-0.011093741798120726,2019-05-03,2019-05-03,7845.73,0.004483587279517476,0.003627071034515428,-0.007345287178021742,-0.003805198510305252,-0.0035849506891902916,0.01575207857007843,0.0008534208270400967,0.02037694340623375,1.2975360409274268,497.0,0.6834754024930518,-0.6140606384343847,-1.9408874168829646,-696.0,0.48254434134941704,2.4234317582323968,-0.6433513759555387,-199.0,0.9302351934670554,1.573586569422602,0.6433513759555387,199.0,-0.9325366364718342,-1.5758880124273702,-0.003744858021869968,-0.021836683220859632,-0.05234223265234528,-0.04605087117560369,0.018417019707555493,0.00818235474111817,0.07583049428285005,20.0,NASDAQ-100 Index x $20,156214.2,1960956852.6000001,2149663606.2000003,-188706753.60000002,77638457.4,-420216198.00000006,3672439627.8,3193643104.8,478796523.00000006,-108725083.2,446928826.20000005,5772583332.6,5482493563.200001,290089769.40000004,-31086625.8,26556414.000000004,1014923657.4000001,1305013426.8000002,-290089769.40000004,31086625.8,-26556414.000000004
2019-04-30,NASDAQ-100 Consolidated - CHICAGO MERCANTILE EXCHANGE,43989,13027,13509,-482,-1.0957284775739389,29.614221737252493,30.70995021482643,893,2.0300529677874013,23604,21690,1914,4.351087771942986,53.65886926277024,49.30778149082725,37525,36093,1432,3.2553592943690464,85.30541726340675,82.05005796903771,6464,7896,-1432,-3.2553592943690464,14.69458273659324,17.949942030962283,7781.46,2019-05-06,2019-05-06,7794.09,0.001623088726280253,2019-05-07,2019-05-07,7640.15,-0.018159831188491626,2019-05-08,2019-05-08,7617.55,-0.021064170477005595,2019-05-09,2019-05-09,7582.75,-0.02553633893896523,2019-05-10,2019-05-10,7586.53,-0.02505056891637303,0.001623088726280253,-0.019750862512493472,-0.002958057106208556,-0.0045683979757271675,0.0004984998846064848,-0.026630434085313404,-0.003744858021869968,1.6844146721809574,726.0,0.7242076984501615,-0.9602069737307914,-2.7028350376586348,-1151.0,-0.44575433622632943,2.257080701432301,-1.018420365477677,-425.0,0.26019390836314926,1.278614273840816,1.018420365477677,425.0,-0.25789246535838295,-1.2763128308360656,-0.018159831188491626,-0.04878004898823618,-0.04246503869453799,-0.0646511066046731,0.021976595651715725,0.03419024193403297,0.11516347831897877,20.0,NASDAQ-100 Index x $20,155629.2,2027381588.4,2102394862.8000002,-75013274.4,112986799.2,-297251772.0,3673471636.8,3375597348.0000005,297874288.8,-179129209.20000002,289781570.40000004,5839985730.0,5617124715.6,222861014.4,-66142410.00000001,-7470201.600000001,1005987148.8000001,1228848163.2,-222861014.4,66142410.00000001,7470201.600000001
2019-05-07,NASDAQ-100 Consolidated - CHICAGO MERCANTILE EXCHANGE,41776,11277,13147,-1870,-4.476254308693987,26.99396782841823,31.47022213711222,863,2.065779394867867,23007,20346,2661,6.369685944082727,55.072290310225966,48.70260436614324,35147,34356,791,1.89343163538874,84.13203753351206,82.23860589812332,6629,7420,-791,-1.89343163538874,15.867962466487937,17.761394101876675,7640.15,2019-05-13,2019-05-13,7324.13,-0.04136306224354225,2019-05-14,2019-05-14,7401.88,-0.03118656047328905,2019-05-15,2019-05-15,7503.25,-0.01791849636460008,2019-05-16,2019-05-16,7580.14,-0.007854557829361952,2019-05-17,2019-05-17,7503.68,-0.017862214747092597,-0.04136306224354225,0.010615595299373393,0.01369516933535797,0.010247559390930583,-0.010086884938800611,0.024514857054694472,-0.018159831188491626,-3.380525831120048,-1388.0,-2.620253908834261,0.7602719222857885,2.0185981721397415,747.0,1.4134210474557278,-0.6051771246840119,-1.3619276589803064,-641.0,-1.173379729894691,0.18854792908561535,1.3619276589803064,641.0,1.1733797298946964,-0.18854792908560825,-0.03118656047328905,-0.024754749579523838,-0.047351164571376114,-0.061962134251290824,-0.015553359554459023,0.07460979169257165,0.1689063696393398,20.0,NASDAQ-100 Index x $20,152803.0,1723159431.0,2008901041.0,-285741610.0,-212090564.0,-511737247.0,3515538621.0,3108929838.0,406608783.0,114143841.0,386133181.0,5370567041.0,5249699868.0,120867173.0,-97946723.0,-125756869.0,1012931087.0,1133798260.0,-120867173.0,97946723.0,125604066.0
2019-05-14,NASDAQ-100 Consolidated - CHICAGO MERCANTILE EXCHANGE,43292,11663,9366,2297,5.305830176476023,26.940312297884134,21.634482121408112,1686,3.8944839693245865,23478,24221,-743,-1.7162524253903724,54.23172872586159,55.947981151251966,36827,35272,1555,3.5918876466783702,85.06652499307032,81.47463734639194,6465,8020,-1555,-3.5918876466783702,14.933475006929687,18.525362653608056,7401.88,2019-05-20,2019-05-20,7376.7,-0.0034018384518528233,2019-05-21,2019-05-21,7451.02,0.006638853912789733,2019-05-22,2019-05-22,7420.66,0.002537193253605796,2019-05-23,2019-05-23,7307.93,-0.01269272130864052,2019-05-24,2019-05-24,7300.96,-0.01363437396985634,-0.0034018384518528233,0.010074965770602073,-0.004074609919178962,-0.015191371117932895,-0.0009537584514356379,-0.010267463771062912,-0.03118656047328905,9.78208448517001,4167.0,-0.05365553053409755,-9.835740015704108,-8.0859383694731,-3404.0,-0.840561584364373,7.245376785108725,1.6984560112896303,764.0,0.9344874595582553,-0.7639685517313808,-1.6984560112896303,-764.0,-0.93448745955825,0.7639685517313808,0.006638853912789733,-0.01668495030992123,-0.031766253978718906,0.015127237944954519,0.044079342005004074,0.1164447410657834,0.2310993963695711,20.0,NASDAQ-100 Index x $20,148037.6,1726562528.8,1386520161.6000001,340042367.2,616872679.2,592446475.2,3475626772.8,3585618709.6,-109991936.8,-503919990.40000004,-666761350.4,5451780695.2,5221582227.2,230198468.0,113100726.4,-74166837.60000001,957063084.0,1187261552.0,-230198468.0,-113100726.4,74166837.60000001
2019-05-21,NASDAQ-100 Consolidated - CHICAGO MERCANTILE EXCHANGE,43256,12782,10190,2592,5.992232291474015,29.549657850933976,23.55742555945996,950,2.1962271130016644,22996,24277,-1281,-2.961438875531718,53.1625670427224,56.12400591825411,36729,35417,1312,3.033105233955983,84.91076382467172,81.87765859071574,6527,7839,-1312,-3.033105233955983,15.089236175328278,18.122341409284264,7451.02,2019-05-27,2019-05-28,7278.38,-0.023169982096410968,2019-05-28,2019-05-28,7278.38,-0.023169982096410968,2019-05-29,2019-05-29,7216.86,-0.03142656978507652,2019-05-30,2019-05-30,7245.4,-0.027596221725347814,2019-05-31,2019-05-31,7127.96,-0.04335782215052442,-0.023169982096410968,0.0,-0.00845243034851173,0.00395462846722805,-0.016208904960388626,-0.02066668681767092,0.006638853912789733,0.6864021149979918,295.0,2.6093455530498417,1.922943438051849,-1.2451864501413457,-538.0,-1.0691616831391926,0.1760247670021471,-0.5587824127223873,-243.0,-0.15576116839859822,0.4030212443237957,0.5587824127223873,243.0,0.1557611683985911,-0.40302124432379216,-0.023169982096410968,-0.0381518235087277,0.00843240254354427,0.024745605299677065,0.02864708456023468,0.11914073509398704,0.247955313500702,20.0,NASDAQ-100 Index x $20,149020.40000000002,1904778752.8000002,1518517876.0000002,386260876.8000001,43961018.00000001,566277520.0000001,3426873118.4000006,3617768250.8000007,-190895132.40000004,-80172975.20000002,-647642658.4000001,5473370271.6,5277855506.800001,195514764.80000004,-36211957.2,-81216118.00000001,972656150.8000002,1168170915.6000001,-195514764.80000004,36211957.2,81216118.00000001
2019-05-28,NASDAQ-100 Consolidated - CHICAGO MERCANTILE EXCHANGE,44743,13902,10358,3544,7.920792079207921,31.070782021768768,23.149989942560847,694,1.5510806159622734,23185,26066,-2881,-6.438996044073933,51.818161500122926,58.25715754419686,37782,37118,664,1.4840310216123194,84.4422591243323,82.95822810271997,6961,7624,-663,-1.4817960351339874,15.557740875667703,17.03953691080169,7278.38,2019-06-03,2019-06-03,6978.02,-0.04126742489400104,2019-06-04,2019-06-04,7166.75,-0.015337204158068163,2019-06-05,2019-06-05,7220.9,-0.007897361775559997,2019-06-06,2019-06-06,7275.93,-0.0003366133672603189,2019-06-07,2019-06-07,7417.29,0.01908529095760314,-0.04126742489400104,0.02704635412337586,0.007555726096208026,0.007620933678627484,0.019428444198885897,0.06295052178125027,-0.023169982096410968,1.9285597877339056,952.0,1.521124170834792,-0.40743561689911445,-3.4775571685422153,-1600.0,-1.3444055425994748,2.1331516259427445,-1.5490742123436636,-648.0,-0.46850470033942315,1.0805695120042316,1.5513091988219956,649.0,0.46850470033942493,-1.0828044984825738,-0.015337204158068163,0.032351979423992816,0.04905212423643723,0.04302605799642234,0.03952115718058136,0.15214512020532034,0.290119504615038,20.0,NASDAQ-100 Index x $20,145567.6,2023680775.2,1507789200.8,515891574.40000004,138580355.20000002,586055157.6,3374984806.0,3794365061.6000004,-419380255.6,-232908160.0,-697996642.0,5499835063.2,5403178176.8,96656886.4,-94327804.8,-111795916.80000001,1013296063.6,1109807382.4,-96511318.8,94473372.4,111941484.4
2019-06-04,NASDAQ-100 Consolidated - CHICAGO MERCANTILE EXCHANGE,44544,12281,11440,841,1.8880208333333333,27.57049209770115,25.682471264367816,653,1.4659662356321839,25298,25126,172,0.38613505747126436,56.79328304597702,56.40714798850575,38233,37219,1014,2.2764008620689653,85.83198635057471,83.55558548850574,6311,7325,-1014,-2.2764008620689653,14.168013649425287,16.444414511494255,7166.75,2019-06-10,2019-06-10,7501.93,0.04676875850280804,2019-06-11,2019-06-11,7513.85,0.04843199497680262,2019-06-12,2019-06-12,7472.29,0.042632992639620504,2019-06-13,2019-06-13,7510.68,0.04798967453866809,2019-06-14,2019-06-14,7479.11,0.043584609481285064,0.04676875850280804,0.0015889244501081645,-0.005531119199877588,0.005137648565566977,-0.004203347766114418,-0.003041883888546093,-0.015337204158068163,-6.032771245874588,-2703.0,-3.5002899240676193,2.5324813218069693,6.825131101545198,3053.0,4.975121545854094,-1.8500095556911091,0.7923698404566459,350.0,1.3897272262424138,0.5973573857857701,-0.7946048269349779,-351.0,-1.3897272262424156,-0.595122399307435,0.04843199497680262,0.06539226288066402,0.05927233404262733,0.08833432169393385,0.061779746747130826,0.151810792897757,0.3475159591167545,20.0,NASDAQ-100 Index x $20,143335.0,1760297135.0,1639752400.0,120544735.0,-387434505.0,388581185.0,3626088830.0,3601435210.0,24653620.0,437601755.0,-356760815.0,5480127055.0,5334785365.0,145341690.0,50167250.0,31963705.0,904587185.0,1049928875.0,-145341690.0,-50310585.0,-31963705.0
2019-06-11,NASDAQ-100 Consolidated - CHICAGO MERCANTILE EXCHANGE,43984,13822,11509,2313,5.258730447435431,31.42506365951255,26.16633321207712,496,1.1276827937431793,22927,23903,-976,-2.2189887231720626,52.125773008366686,54.34476173153874,37245,35909,1336,3.037468170243725,84.6785194616224,81.64105129137869,6739,8076,-1337,-3.039741724263368,15.32148053837759,18.36122226264096,7513.85,2019-06-17,2019-06-17,7526.52,0.0016862194480857795,2019-06-18,2019-06-18,7635.4,0.016176793521297306,2019-06-19,2019-06-19,7667.74,0.02048084537221251,2019-06-20,2019-06-20,7738.05,0.029838232064786974,2019-06-21,2019-06-21,7728.78,0.028604510337576494,0.0016862194480857795,0.01446618091760854,0.004235534484113401,0.009169585823202153,-0.0011979762343226064,0.02687297715278758,0.04843199497680262,3.370709614102098,1472.0,3.854571561811401,0.483861947709304,-2.605123780643327,-1148.0,-4.6675100376103345,-2.0623862569670095,0.7610673081747596,322.0,-1.153466888952309,-1.914534197127054,-0.7633408621944029,-323.0,1.1534668889523036,1.916807751146706,0.016176793521297306,0.010339572922003937,0.038059050952574225,0.041657738709183656,0.04004471742182769,0.11185211309781273,0.3265063848759291,20.0,NASDAQ-100 Index x $20,150277.0,2077128694.0,1729537993.0,347590701.0,221207744.0,2404432.0,3445400779.0,3592071131.0,-146670352.0,-172517996.0,-35014541.0,5597066865.0,5396296793.0,200770072.0,48389194.0,-32910663.0,1012716703.0,1213637052.0,-200920349.0,-48539471.0,32760386.0
2019-06-18,NASDAQ-100 Consolidated - CHICAGO MERCANTILE EXCHANGE,49541,15005,10710,4295,8.669586806887224,30.28804424617993,21.61845743929271,1096,2.212308996588684,26371,30477,-4106,-8.28808461678206,53.230657435255644,61.51874205203771,42472,42282,190,0.383520720211542,85.73101067802426,85.34748995781271,7069,7259,-190,-0.383520720211542,14.268989321975736,14.65251004218728,7635.4,2019-06-24,2019-06-24,7723.02,0.011475495717316875,2019-06-25,2019-06-25,7591.54,-0.0057442963040573725,2019-06-26,2019-06-26,7627.05,-0.0010935903816433612,2019-06-27,2019-06-27,7657.05,0.0028354768577940614,2019-06-28,2019-06-28,7671.08,0.004672970636770968,0.011475495717316875,-0.017024428267698455,0.0046775753009271615,0.003933368733652021,0.0018322983394387649,-0.006725348374081674,0.016176793521297306,3.4108563594517936,1982.0,-1.1370194133326201,-4.547875772784412,-6.0690958936099975,-3130.0,1.1048844268889582,7.17398032049897,-2.653947450032183,-1146.0,1.0524912164018616,3.7064386664340248,2.6562210040518264,1147.0,-1.0524912164018545,-3.7087122204536804,-0.0057442963040573725,0.021533907850276313,0.025075307122089274,0.03820101107996976,0.033186211593367876,0.12315006417476515,0.30305812400136234,20.0,NASDAQ-100 Index x $20,152708.0,2291383540.0,1635502680.0,655880860.0,302667256.0,260061724.0,4027062668.0,4654081716.0,-627019048.0,-477976040.0,-431400100.0,6485814176.0,6456799656.0,29014520.0,-175003368.0,-171338376.0,1079492852.0,1108507372.0,-29014520.0,175156076.0,171338376.0
2019-06-25,NASDAQ-100 Consolidated - CHICAGO MERCANTILE EXCHANGE,43391,15532,11018,4514,10.40307897951188,35.79544145099214,25.39236247148026,496,1.1430941900394092,21256,24989,-3733,-8.60316655527644,48.987117144108225,57.59028369938467,37285,36503,782,1.8022170496185845,85.92795741052292,84.12574036090433,6107,6888,-781,-1.7999124242354405,14.074347214860225,15.874259639095664,7591.54,2019-07-01,2019-07-01,7768.14,0.02326273720483596,2019-07-02,2019-07-02,7799.82,0.02743580353920283,2019-07-03,2019-07-03,7857.69,0.03505876278067421,2019-07-04,2019-07-05,7841.3,0.03289978054518583,2019-07-05,2019-07-05,7841.3,0.03289978054518583,0.02326273720483596,0.0040781963249889586,0.007419401986199725,-0.0020858547486601875,0.0,0.009417955907076836,-0.0057442963040573725,1.733492172624656,219.0,5.507397204812214,3.773905032187553,-0.31508193849438015,373.0,-4.2435402911474185,-3.9284583526530383,1.4186963294070425,592.0,0.19694673249865957,-1.2217495969083814,-1.4163917040238985,-591.0,-0.1946421071155111,1.2217495969083831,0.02743580353920283,0.03099766318823316,0.044199200689188256,0.04781901959286272,0.015609481080255172,0.14594798947249177,0.3448944482937586,20.0,NASDAQ-100 Index x $20,151830.8,2358235985.6,1672871754.3999999,685364231.1999999,33250945.2,147275876.0,3227315484.7999997,3794099861.2,-566784376.4,56632888.4,-129359841.6,5661011378.0,5542279692.4,118731685.6,89883833.6,17916034.4,927230695.5999999,1045810550.4,-118579854.8,-89732002.8,-17916034.4
2019-07-02,NASDAQ-100 Consolidated - CHICAGO MERCANTILE EXCHANGE,41814,14070,9150,4920,11.766394030707419,33.649017075620606,21.88262304491319,407,0.973358205385756,21144,25055,-3911,-9.353326637011527,50.56679581001578,59.92012244702731,35622,34613,1009,2.4130673936958913,85.19156263452432,82.77849524082843,6192,7201,-1009,-2.4130673936958913,14.808437365475676,17.22150475917157,7799.82,2019-07-08,2019-07-08,7785.79,-0.0017987594585515687,2019-07-09,2019-07-09,7826.86,0.0034667466685127657,2019-07-10,2019-07-10,7903.4,0.013279793636263415,2019-07-11,2019-07-11,7896.78,0.01243105610129458,2019-07-12,2019-07-12,7943.24,0.018387603816498288,-0.0017987594585515687,0.005274994573447156,0.009779145148884671,-0.0008376141913606361,0.005883410706642556,0.020222739118316735,0.02743580353920283,1.3633150511955385,406.0,-2.146424375371538,-3.509739426567073,-0.7501600817350873,-178.0,1.579678665907558,2.32983874764264,0.6108503440773068,227.0,-0.7363947759986047,-1.3472451200758968,-0.6131549694604508,-228.0,0.7340901506154509,1.3472451200759057,0.0034667466685127657,0.01631576113294919,0.01983891935967752,0.019570964458154316,-0.014831111487188076,0.11965019705582947,0.3021903069558016,20.0,NASDAQ-100 Index x $20,155996.4,2194869348.0,1427367060.0,767502288.0,63334538.4,636309315.6,3298387881.6,3908489802.0,-610101920.4,-27767359.2,-636933301.1999999,5556903760.8,5399503393.2,157400367.6,35411182.8,-779982.0,965929708.8,1123330076.3999999,-157400367.6,-35567179.199999996,779982.0
2019-07-09,NASDAQ-100 Consolidated - CHICAGO MERCANTILE EXCHANGE,42165,12595,9009,3586,8.504683979603938,29.870745879283767,21.366061899679828,804,1.9067947349697616,22287,24617,-2330,-5.52591011502431,52.856634649590895,58.382544764615204,35686,34429,1257,2.9811454998221274,84.63417526384443,81.65302976402229,6479,7735,-1256,-2.9787738645796273,15.365824736155579,18.344598600735207,7826.86,2019-07-15,2019-07-15,7966.93,0.01789606559974244,2019-07-16,2019-07-16,7927.08,0.012804624076577342,2019-07-17,2019-07-17,7888.76,0.00790866324426398,2019-07-18,2019-07-18,7904.13,0.009872413713801098,2019-07-19,2019-07-19,7834.9,0.001027231865652345,0.01789606559974244,-0.005001926714556348,-0.004834062479500578,0.001948341691216271,-0.00875871221753699,-0.016572255561427163,0.0034667466685127657,-3.2617100511034813,-1334.0,-3.7782711963368385,-0.5165611452333607,3.8274165219872174,1581.0,2.2898388395751113,-1.5375776824121061,0.5680781061262361,248.0,-0.5573873706798906,-1.1254654768061414,-0.565706470883736,-247.0,0.5573873706799031,1.1230938415636373,0.012804624076577342,0.016315610602464004,0.01604858142345722,-0.03903736619793885,-0.0284392463899954,0.13026807685329755,0.34460179433387084,20.0,NASDAQ-100 Index x $20,156537.19999999998,1971586033.9999998,1410243634.8,561342399.1999999,-208820624.79999998,199271855.59999996,3488744576.3999996,3853476252.3999996,-364731675.99999994,247485313.19999996,-211951368.79999998,5586186519.2,5389419258.799999,196767260.39999998,38821225.599999994,-12366438.799999999,1014204518.7999998,1210815241.9999998,-196610723.2,-38664688.4,12679513.2
2019-07-16,NASDAQ-100 Consolidated - CHICAGO MERCANTILE EXCHANGE,43219,14979,9883,5096,11.791110391263102,34.658367847474494,22.867257456211387,513,1.1869779495129458,20911,25108,-4197,-9.711006733149773,48.383812674980916,58.09481940813068,36403,35504,899,2.0801036581133294,84.22915847196835,82.14905481385502,6816,7715,-899,-2.0801036581133294,15.770841528031653,17.85094518614498,7927.08,2019-07-22,2019-07-22,7905.12,-0.0027702508363735,2019-07-23,2019-07-23,7954.56,0.0034665980411450192,2019-07-24,2019-07-24,8010.61,0.010537297466406192,2019-07-25,2019-07-25,7929.87,0.0003519580980637649,2019-07-26,2019-07-26,8016.95,0.011337087553046077,-0.0027702508363735,0.006254174509684907,0.0070462728296725174,-0.010079132550454895,0.010981264510010913,0.014146527819944632,0.012804624076577342,3.286426411659164,1510.0,4.787621968190727,1.5011955565315596,-4.185096618125463,-1867.0,-4.472821974609978,-0.2877253564845219,-0.901041841708798,-358.0,-0.4050167918760792,0.4960250498327241,0.8986702064662979,357.0,0.40501679187607387,-0.49365341459022716,0.0034665980411450192,0.0032029448422370432,-0.051186565544942164,-0.025094990841520448,0.001989383228124364,0.1395646316171908,0.348481408034232,20.0,NASDAQ-100 Index x $20,158541.6,2374794626.4,1566866632.8,807927993.6,239397816.0,126991821.60000001,3315263397.6,3980662492.8,-665399095.2,-295997167.2,-14427285.6,5771389864.8,5628860966.400001,142528898.4,-56757892.800000004,112405994.4,1080619545.6000001,1223148444.0,-142528898.4,56599351.2,-112405994.4
2019-07-23,NASDAQ-100 Consolidated - CHICAGO MERCANTILE EXCHANGE,44925,14298,9631,4667,10.388425153032832,31.826377295492485,21.437952142459654,551,1.2264885920979411,23093,26961,-3868,-8.609905397885365,51.403450194769064,60.01335559265443,37943,37143,800,1.7807456872565388,84.45854201446856,82.67779632721202,6982,7782,-800,-1.7807456872565388,15.54145798553144,17.322203672787982,7954.56,2019-07-29,2019-07-29,7989.08,0.004339649207498519,2019-07-30,2019-07-30,7952.47,-0.00026274237669965395,2019-07-31,2019-07-31,7848.78,-0.013298032826454365,2019-08-01,2019-08-01,7801.15,-0.019285793305978016,2019-08-02,2019-08-02,7692.8,-0.0329069112559337,0.004339649207498519,-0.004582505119488101,-0.013038716273057416,-0.006068459047138597,-0.013888977907103417,-0.03708562187385778,0.0034665980411450192,-1.4026852382302692,-429.0,-2.8319905519820097,-1.4293053137517333,1.1011013352644081,329.0,3.019637519788148,1.9185361845237452,-0.2993579708567906,-99.0,0.22938354250021575,0.528741513357005,0.2993579708567906,99.0,-0.2293835425002122,-0.5287415133569979,-0.00026274237669965395,-0.054464357550889186,-0.028462919382090335,-0.03646839045780037,-0.010049581623622239,0.15237423565854025,0.3618691668678091,20.0,NASDAQ-100 Index x $20,159091.2,2274685977.6000004,1532207347.2,742478630.4000001,-68250124.80000001,24340953.6,3673893081.6000004,4289257843.2000003,-615364761.6,52341004.800000004,-21477312.0,6036397401.6,5909124441.6,127272960.00000001,-15750028.8,2863641.6,1110774758.4,1238047718.4,-127272960.00000001,15750028.8,-3022732.8000000003
2019-07-30,NASDAQ-100 Consolidated - CHICAGO MERCANTILE EXCHANGE,45643,15094,10099,4995,10.943627719475057,33.0696930526039,22.126065333128846,753,1.649760094647591,23203,26961,-3758,-8.233464058015468,50.83583462962557,59.06929868764104,39051,37814,1237,2.7101636614595885,85.55747869333742,82.84731503187783,6593,7830,-1237,-2.7101636614595885,14.444712223122933,17.15487588458252,7952.47,2019-08-05,2019-08-05,7415.69,-0.067498525615312,2019-08-06,2019-08-06,7521.32,-0.05421585997809497,2019-08-07,2019-08-07,7551.9,-0.05037051381520463,2019-08-08,2019-08-08,7724.83,-0.028625068689350663,2019-08-09,2019-08-09,7646.27,-0.03850376046687376,-0.067498525615312,0.014244122933941394,0.004065775688310014,0.02289887313126493,-0.01016980308951776,0.03109353276633753,-0.00026274237669965395,0.5552025664422242,328.0,1.243315757111418,0.688113190669192,0.37644133986989736,110.0,-0.5676155651434911,-0.9440569050133902,0.9294179742030497,437.0,1.0989366788688528,0.16951870466580488,-0.9294179742030497,-437.0,-1.0967457624085082,-0.167327788205462,-0.05421585997809497,-0.02820758833419057,-0.03621516333918895,-0.04859370736387569,0.011951003901932378,0.14315803769143431,0.3244312773264155,20.0,NASDAQ-100 Index x $20,159049.4,2400691643.6,1606239890.6,794451753.0,52168203.199999996,11928705.0,3690423228.2,4288130873.3999996,-597707645.1999999,17495434.0,24334558.2,6211038119.4,6014294011.599999,196744107.79999998,69504587.8,36263263.199999996,1048612694.1999999,1245356802.0,-196744107.79999998,-69504587.8,-36263263.199999996
2019-08-06,NASDAQ-100 Consolidated - CHICAGO MERCANTILE EXCHANGE,40983,16775,8967,7808,19.051801966669107,40.931605787765655,21.87980382109655,746,1.8202669399507112,17080,22720,-5640,-13.761803674694386,41.675816802088676,55.43762047678305,34601,32433,2168,5.2899982919747215,84.42768952980504,79.13769123783032,6382,8550,-2168,-5.2899982919747215,15.572310470194958,20.86230876216968,7521.32,2019-08-12,2019-08-12,7561.68,0.0053660793584104916,2019-08-13,2019-08-13,7728.15,0.027499162381071418,2019-08-14,2019-08-14,7490.13,-0.004146878473459403,2019-08-15,2019-08-15,7484.89,-0.00484356469343139,2019-08-16,2019-08-16,7604.11,0.011007376364787103,0.0053660793584104916,0.022014949058939193,-0.030799091632538134,-0.0006995873235844385,0.01592808979156657,0.005611186932004353,-0.05421585997809497,8.10817424719405,2813.0,7.861912735161752,-0.2462615120322944,-5.5283396166789185,-1882.0,-9.160017827536898,-3.6316782108579844,2.579834630515133,931.0,-1.1297891635323793,-3.709623794047502,-2.579834630515133,-931.0,1.1275982470720258,3.7074328775871592,0.027499162381071418,0.019032563433014404,0.005944435285295757,0.011725335446437724,0.09158764684922338,0.2410135454946738,0.47534475331457804,20.0,NASDAQ-100 Index x $20,150426.4,2523402860.0,1348873528.8,1174529331.2,423149463.2,635100260.8,2569282912.0,3417687808.0,-848404896.0,-283102484.8,-497911384.0,5204903866.4,4878779431.2,326124435.2,140046978.4,137038450.4,960021284.8,1286145720.0,-326124435.2,-140046978.4,-137188876.79999998
2019-08-13,NASDAQ-100 Consolidated - CHICAGO MERCANTILE EXCHANGE,38828,14830,9991,4839,12.462655815390955,38.19408674152673,25.73143092613578,746,1.9212939116101784,16917,19962,-3045,-7.842278767899454,43.5690738642217,51.41135263212115,32493,30699,1794,4.620377047491501,83.6844545173586,79.06407746986712,6335,8129,-1794,-4.620377047491501,16.31554548264139,20.935922530132896,7728.15,2019-08-19,2019-08-19,7719.32,-0.0011425761663528267,2019-08-20,2019-08-20,7664.47,-0.008240005693471164,2019-08-21,2019-08-21,7733.22,0.0006560431668640732,2019-08-22,2019-08-22,7707.43,-0.002681107380162029,2019-08-23,2019-08-23,7464.99,-0.03405213408124841,-0.0011425761663528267,-0.0071055481570915235,0.008969961393286097,-0.003334962667556285,-0.031455361904032975,-0.032947202603338055,0.027499162381071418,-6.589146151278152,-2969.0,-2.7375190462389227,3.8516271050392277,5.9195249067949325,2595.0,1.8932570621330242,-4.026267844661902,-0.6696212444832206,-374.0,-0.7432350124464335,-0.0736137679632094,0.6696212444832206,374.0,0.7432350124464318,0.0736137679632165,-0.008240005693471164,-0.02097785369072802,-0.015351668898766158,0.011204492666420762,0.0693102488952726,0.23158323790299118,0.40733293220240285,20.0,NASDAQ-100 Index x $20,154563.0,2292169290.0,1544238933.0,747930357.0,-458897547.0,-39722691.0,2614742271.0,3085386606.0,-470644335.0,401090985.0,178056576.0,5022215559.0,4744929537.0,277286022.0,-57806562.0,138333885.0,979156605.0,1256442627.0,-277286022.0,57806562.0,-138333885.0
2019-08-20,NASDAQ-100 Consolidated - CHICAGO MERCANTILE EXCHANGE,38354,14486,9770,4716,12.295979558846534,37.76920269072326,25.473223131876725,667,1.739062418522188,16991,19603,-2612,-6.810241435052407,44.30046409761694,51.11070553266934,32144,30041,2103,5.4831308338113365,83.80872920686238,78.32559837305105,6210,8313,-2103,-5.4831308338113365,16.191270793137612,21.67440162694895,7664.47,2019-08-26,2019-08-26,7575.02,-0.01167073522370099,2019-08-27,2019-08-27,7566.03,-0.012843679993528645,2019-08-28,2019-08-28,7587.9,-0.0099902537292208,2019-08-29,2019-08-29,7702.31,0.004937066750864805,2019-08-30,2019-08-30,7691.0,0.003461426556565561,-0.01167073522370099,-0.001186795546414543,0.0028905515838557605,0.015077953056840565,-0.0014683906516357315,0.015310850664420617,-0.008240005693471164,-0.1666762565444202,-123.0,-0.42488405080347036,-0.2582077942590537,1.0320373328470467,433.0,0.7313902333952385,-0.30064709945180823,0.8627537863198356,309.0,0.12427468950377829,-0.7384790968160644,-0.8627537863198356,-309.0,-0.12427468950377829,0.7384790968160537,-0.012843679993528645,-0.007170750228000067,0.01960605234282342,0.029267516214428246,0.0879734671803789,0.25642086145552123,0.48725613121324773,20.0,NASDAQ-100 Index x $20,153289.4,2220550248.4,1497637438.0,722912810.4,-18854596.2,7511180.6,2604540195.4,3004932108.2,-400391912.8,66374310.199999996,192531486.4,4927334473.599999,4604966865.4,322367608.2,47366424.6,199736088.2,951927174.0,1274294782.2,-322367608.2,-47366424.6,-199736088.2
2019-08-27,NASDAQ-100 Consolidated - CHICAGO MERCANTILE EXCHANGE,40023,14078,9501,4577,11.435924343502487,35.17477450465982,23.738850161157334,1034,2.583514479174475,18488,20515,-2027,-5.064587861979362,46.19343877270569,51.25802663468506,33599,31050,2549,6.368837918197038,83.94922919321391,77.58039127501686,6424,8973,-2549,-6.368837918197038,16.0507708067861,22.419608724983135,7566.03,2019-09-02,2019-09-03,7609.51,0.005746739042800542,2019-09-03,2019-09-03,7609.51,0.005746739042800542,2019-09-04,2019-09-04,7719.25,0.02025104314944559,2019-09-05,2019-09-05,7862.54,0.03918964106671541,2019-09-06,2019-09-06,7852.54,0.03786794395475579,0.005746739042800542,0.0,0.01442142792374268,0.018562684198594415,-0.001271853624910002,0.0319376674713614,-0.012843679993528645,-0.8600552153440475,-139.0,-2.594428186063439,-1.7343729707193916,1.745653573073045,585.0,1.8929746750887517,0.14732110201571658,0.8857070843857011,446.0,0.1404999863515286,-0.7452070980341858,-0.8857070843857011,-446.0,-0.14049998635151084,0.7452070980341858,0.005746739042800542,0.03287192887154822,0.04265909598560946,0.01903376010933089,0.1083421556615558,0.16770221635388727,0.5492682423939634,20.0,NASDAQ-100 Index x $20,151320.6,2130291406.8000002,1437697020.6000001,692594386.2,-21033563.400000002,-63252010.800000004,2797615252.8,3104342109.0,-306726856.2,88522551.0,261935958.60000002,5084220839.400001,4698504630.0,385716209.40000004,67488987.60000001,198532627.20000002,972083534.4000001,1357799743.8,-385716209.40000004,-67488987.60000001,-198532627.20000002
2019-09-03,NASDAQ-100 Consolidated - CHICAGO MERCANTILE EXCHANGE,40017,14282,9391,4891,12.222305520153935,35.68983182147587,23.46752630132194,1122,2.803808381437889,17947,21167,-3220,-8.04658020341355,44.848439413249366,52.89501961666292,33350,31680,1670,4.173226378789015,83.33958067821176,79.16635429942275,6667,8337,-1670,-4.173226378789015,16.66041932178824,20.833645700577254,7609.51,2019-09-09,2019-09-09,7832.4,0.029290979314042564,2019-09-10,2019-09-10,7814.74,0.026970199132401396,2019-09-11,2019-09-11,7887.58,0.03654243177287375,2019-09-12,2019-09-12,7917.34,0.04045332748100727,2019-09-13,2019-09-13,7892.95,0.03724812767182106,0.029290979314042564,-0.0022547367345896463,0.00932084752659712,0.0037730203687316166,-0.003080580093819396,0.007730708339717118,0.005746739042800542,0.7863811766514477,314.0,0.5150573168160477,-0.27132385983539464,-2.9819923414341876,-1193.0,-1.3449993594563239,1.636992981977862,-2.1956115394080227,-879.0,-0.6096485150021493,1.5859630244058849,2.1956115394080227,879.0,0.6096485150021387,-1.5859630244058813,0.026970199132401396,0.03670144332552283,0.013211100320519975,0.009807464606788052,0.08479258191394701,0.12944066043674285,0.6154601281817096,20.0,NASDAQ-100 Index x $20,152190.2,2173580436.4,1429218168.2,744362268.2,47787722.800000004,-443938813.40000004,2731357519.4,3221409963.4,-490052444.00000006,-181562908.60000002,368300284.0,5075543170.0,4821385536.0,254157634.00000003,-133775185.80000001,-75790719.60000001,1014652063.4000001,1268809697.4,-254157634.00000003,133775185.80000001,75790719.60000001
2019-09-10,NASDAQ-100 Consolidated - CHICAGO MERCANTILE EXCHANGE,40842,14461,9082,5379,13.170265902747172,35.40717888448166,22.236912981734488,1057,2.588022134077665,18530,23207,-4677,-11.451447039811958,45.36996229371725,56.8214093335292,34048,33346,702,1.7188188629352137,83.36516331227658,81.64634444934137,6795,7496,-701,-1.7163704030165026,16.63728514764213,18.353655550658633,7814.74,2019-09-16,2019-09-16,7852.41,0.0048203779012481185,2019-09-17,2019-09-17,7888.79,0.009475683132132318,2019-09-18,2019-09-18,7888.56,0.00944625157074963,2019-09-19,2019-09-19,7901.79,0.011139206166807858,2019-09-20,2019-09-20,7823.55,0.0011273567642686722,0.0048203779012481185,0.004632972552375714,-2.9155295045213414e-05,0.0016771121725638327,-0.00990155395169956,-0.003675304779042321,0.026970199132401396,0.9479603825932372,488.0,-0.2826529369942108,-1.2306133195874516,-3.4048668363984085,-1457.0,0.5215228804678844,3.9263897168662822,-2.4544075158538012,-968.0,0.02558263406481842,2.4799901499186205,2.4568559757725126,969.0,-0.023134174146107966,-2.4799901499186205,0.009475683132132318,-0.013397758594655751,-0.016712008332970707,-0.026932437931396214,0.06904260410455132,0.07134338442481791,0.4163311895213404,20.0,NASDAQ-100 Index x $20,156294.8,2260179102.7999997,1419469373.6,840709729.1999999,76271862.39999999,84399192.0,2896142644.0,3627133423.6,-730990779.5999999,-227721523.6,-255073113.6,5321525350.4,5211806400.799999,109718949.6,-151293366.39999998,-170673921.6,1062023165.9999999,1171585820.8,-109562654.8,151449661.2,170830216.39999998
2019-09-17,NASDAQ-100 Consolidated - CHICAGO MERCANTILE EXCHANGE,49948,16298,9340,6958,13.930487707215505,32.62993513253784,18.699447425322337,2760,5.525746776647714,23983,29238,-5255,-10.520941779450627,48.015936574037,58.53687835348763,43041,41337,1704,3.411548009930328,86.17161848322256,82.76007047329223,6907,8611,-1704,-3.411548009930328,13.82838151677745,17.239929526707776,7888.79,2019-09-23,2019-09-23,7818.61,-0.008896167853371773,2019-09-24,2019-09-24,7710.04,-0.02265873473625235,2019-09-25,2019-09-25,7803.54,-0.01080647348959729,2019-09-26,2019-09-26,7771.99,-0.014805819396891073,2019-09-27,2019-09-27,7681.58,-0.026266385592720765,-0.008896167853371773,-0.013886099958944076,0.012127044736473414,-0.004043036878134787,-0.01163279932166661,-0.017526133161776758,0.009475683132132318,0.7602218044683333,1579.0,-2.7772437519438213,-3.537465556412151,0.9305052603613309,-578.0,2.6459742803197486,1.7154690199584266,1.6927291469951142,1002.0,2.8064551709459806,1.1137260239508606,-1.6951776069138254,-1003.0,-2.808903630864682,-1.113726023950857,-0.02265873473625235,-0.02594187448265195,-0.03606636759249515,0.006852761957157005,0.08707419008491812,-0.052586011289437296,0.4500157818879702,20.0,NASDAQ-100 Index x $20,157775.8,2571429988.3999996,1473625972.0,1097804016.3999999,249127988.2,353733343.59999996,3783937011.3999996,4613048840.4,-829111828.9999999,-91194412.39999999,-417001439.4,6790828207.799999,6521978244.599999,268849963.2,158091351.6,-62952544.199999996,1089757450.6,1358607413.8,-268849963.2,-158249127.39999998,62952544.199999996
2019-09-24,NASDAQ-100 Consolidated - CHICAGO MERCANTILE EXCHANGE,40586,13948,11192,2756,6.790518898142217,34.36653033065589,27.576011432513674,808,1.9908342778297936,19831,21235,-1404,-3.459320948110186,48.861676440151776,52.32099738826196,34587,33235,1352,3.3311979500320303,85.21904104863745,81.88784309860543,5999,7351,-1352,-3.3311979500320303,14.780958951362539,18.11215690139457,7710.04,2019-09-30,2019-09-30,7749.45,0.005111516931170179,2019-10-01,2019-10-01,7684.14,-0.003359256242509767,2019-10-02,2019-10-02,7550.79,-0.020654886355972235,2019-10-03,2019-10-03,7638.39,-0.009293077597522181,2019-10-04,2019-10-04,7754.1,0.005714626642663312,0.005111516931170179,-0.008427694868668012,-0.017353926399050534,0.011601435081627365,0.0151484802425641,0.000600042583667193,-0.02265873473625235,-7.139968809073288,-4202.0,1.736595198118053,8.876564007191337,7.061620831340441,3851.0,0.8457398661147764,-6.215880965225672,-0.08035005989829758,-352.0,-0.952577434585109,-0.8722273746868012,0.08035005989829758,352.0,0.9525774345850895,0.8722273746867941,-0.003359256242509767,-0.013718476168735783,0.03019569288875279,0.02134619275645777,0.12833526155506325,-0.020260595275770288,0.45088352330208425,20.0,NASDAQ-100 Index x $20,154200.8,2150792758.3999996,1725815353.6,424977404.79999995,-647951761.5999999,-280799656.79999995,3057956064.7999997,3274453987.9999995,-216497923.2,593827280.8,96067098.39999999,5333343069.599999,5124863588.0,208479481.6,-54278681.599999994,-184578357.6,925050599.1999999,1133530080.8,-208479481.6,54278681.599999994,184578357.6
2019-10-01,NASDAQ-100 Consolidated - CHICAGO MERCANTILE EXCHANGE,41303,15010,9656,5354,12.96273878410769,36.341185870275766,23.378447086168073,873,2.113647919037358,19329,23002,-3673,-8.892816502433238,46.79805341016391,55.69086991259715,35213,33531,1682,4.072343413311382,85.25530833111397,81.18296491780258,6091,7772,-1681,-4.0699222816744545,14.747112800522967,18.81703508219742,7684.14,2019-10-07,2019-10-07,7725.13,0.005334364027724581,2019-10-08,2019-10-08,7604.27,-0.010394136494129458,2019-10-09,2019-10-09,7690.53,0.0008315829748026804,2019-10-10,2019-10-10,7740.36,0.0073163685200945405,2019-10-11,2019-10-11,7843.88,0.020788272988258916,0.005334364027724581,-0.015645044161069044,0.01134362667290878,0.006479397388736485,0.013374054953516401,0.01537190959893242,-0.003359256242509767,6.1722198859654736,2598.0,1.9746555396198744,-4.197564346345601,-5.433495554323052,-2269.0,-2.063623029987866,3.369872524335193,0.7411454632793513,330.0,0.03626728247651556,-0.7048781808028508,-0.7387243316424241,-329.0,-0.03384615083957243,0.7048781808028508,-0.010394136494129458,0.03366804873414586,0.024788720663600605,0.047288310728331284,0.13650584190293236,0.016834675057976423,0.47354811338679403,20.0,NASDAQ-100 Index x $20,153682.80000000002,2306778828.0000005,1483961116.8000002,822817711.2,399267914.40000004,71155136.4,2970534841.2000003,3535011765.6000004,-564476924.4000001,-348706273.20000005,-69618308.4,5411632436.400001,5153137966.8,258494469.60000002,50715324.00000001,1844193.6,936081934.8000001,1194422721.6000001,-258340786.80000004,-50561641.2,-1690510.8000000003
2019-10-08,NASDAQ-100 Consolidated - CHICAGO MERCANTILE EXCHANGE,40562,13335,9724,3611,8.902420985158523,32.87559785020463,23.973176865046103,624,1.5383856811794292,20385,22529,-2144,-5.28573541738573,50.2563976135299,55.54213303091563,34344,32876,1468,3.619150929441349,84.67038114491396,81.05123021547261,6219,7686,-1467,-3.616685567772792,15.332084216754598,18.94876978452739,7604.27,2019-10-14,2019-10-14,7842.33,0.03130609512813187,2019-10-15,2019-10-15,7942.85,0.04452498398925875,2019-10-16,2019-10-16,7920.21,0.041547709379072595,2019-10-17,2019-10-17,7942.14,0.044431615395034596,2019-10-18,2019-10-18,7868.49,0.0347462675575696,0.03130609512813187,0.012817619253461698,-0.0028503622755057245,0.002768865977038626,-0.00927331928170505,0.0033357433313823126,-0.010394136494129458,-4.060317798949168,-1743.0,-3.465588020071138,0.5947297788780297,3.6070810850475077,1529.0,3.4583442033659892,-0.148736881681522,-0.4531924838700325,-214.0,-0.5849271862000052,-0.13173470232996465,0.45323671390166265,214.0,0.5849714162316317,0.1317347023299682,0.04452498398925875,0.03555239358939111,0.058288303808255115,0.07968023229054211,0.1633529582721287,0.058525012920372266,0.4848591646535434,20.0,NASDAQ-100 Index x $20,152085.40000000002,2028058809.0000002,1478878429.6000001,549180379.4000001,-265084852.20000005,-268886987.20000005,3100260879.0000005,3426331976.6000004,-326071097.6,232538576.60000002,385232318.20000005,5223220977.6,4999959610.400001,223261367.20000005,-32546275.600000005,116497416.40000002,945819102.6000001,1168928384.4,-223109281.80000004,32546275.600000005,-116497416.40000002
2019-10-15,NASDAQ-100 Consolidated - CHICAGO MERCANTILE EXCHANGE,42866,16782,10302,6480,15.116875845658564,39.14990901880278,24.033033173144215,583,1.3600522558671209,19542,23502,-3960,-9.238090794569121,45.58857836047217,54.826669155041294,36908,34387,2521,5.881117902300191,86.10087248635281,80.21975458405262,5959,8479,-2520,-5.878785051089441,13.901460364857929,19.78024541594737,7942.85,2019-10-21,2019-10-21,7940.33,-0.0003172664723619656,2019-10-22,2019-10-22,7874.62,-0.008590115638593243,2019-10-23,2019-10-23,7889.47,-0.0067205096407461085,2019-10-24,2019-10-24,7966.72,0.0030052185298727885,2019-10-25,2019-10-25,8029.22,0.010873930642024021,-0.0003172664723619656,-0.00827547469689549,0.0018858052833026218,0.00979153225755347,0.007845135764781519,0.011194748832857204,0.04452498398925875,6.214454860500041,2869.0,6.274311168598153,0.059856308098112265,-3.952355377183391,-1816.0,-4.667819253057729,-0.7154638758743346,2.2619669728588416,1053.0,1.4304913414388523,-0.8314756314199911,-2.262099483316649,-1053.0,-1.4306238518966694,0.8314756314199805,-0.008590115638593243,0.013176630554523783,0.033656684943061954,0.040406151444380756,0.13730210189037928,0.09433767476409605,0.5212637781149083,20.0,NASDAQ-100 Index x $20,158857.0,2665938174.0,1636544814.0,1029393360.0,455760733.0,-75933646.0,3104383494.0,3733457214.0,-629073720.0,-288484312.0,205719815.0,5863094156.0,5462615659.0,400478497.0,167276421.0,129786169.0,946628863.0,1346948503.0,-400319640.0,-167276421.0,-129627312.0
2019-10-22,NASDAQ-100 Consolidated - CHICAGO MERCANTILE EXCHANGE,43791,16784,10566,6218,14.199264689091365,38.32751021899477,24.128245529903406,849,1.9387545386038227,19627,24662,-5035,-11.497796350848349,44.8197118129296,56.317508163777944,37260,36077,1183,2.701468338243018,85.08597657052819,82.38450823228517,6531,7714,-1183,-2.701468338243018,14.91402342947181,17.61549176771483,7874.62,2019-10-28,2019-10-28,8110.67,0.029976049637950863,2019-10-29,2019-10-29,8047.51,0.02195534514681352,2019-10-30,2019-10-30,8083.11,0.026476198216548896,2019-10-31,2019-10-31,8083.83,0.026567631199981623,2019-11-01,2019-11-01,8161.17,0.03638905750372712,0.029976049637950863,-0.007787272814699597,0.004423728581884223,8.907462597940174e-05,0.009567247208315921,0.006226366009219886,-0.008590115638593243,-0.9176111565671992,-262.0,-0.8223987998080133,0.09521235675919115,-2.2597055562792274,-1075.0,-0.7688665475425722,1.4908390087366499,-3.179649564057173,-1338.0,-1.0148959158246242,2.164753648232548,3.177316712846423,1337.0,1.0125630646138806,-2.1647536482325407,0.02195534514681352,0.04261284988989944,0.04942079744800387,0.05893871704285414,0.16407267906260858,0.06709911081423603,0.4829718767381792,20.0,NASDAQ-100 Index x $20,157492.4,2643352441.6,1664064698.3999999,979287743.1999999,-41263008.8,545238688.8,3091103334.7999997,3884077568.7999997,-792974234.0,-169304330.0,-571854904.4,5868166824.0,5681853314.8,186313509.2,-210724831.2,-26616215.599999998,1028582864.4,1214896373.6,-186313509.2,210567338.79999998,26616215.599999998
2019-10-29,NASDAQ-100 Consolidated - CHICAGO MERCANTILE EXCHANGE,45936,19153,11067,8086,17.602751654475792,41.69496691048415,24.09221525600836,467,1.016631835597353,19723,26049,-6326,-13.77133402995472,42.93582375478927,56.70715778474399,39343,37583,1760,3.8314176245210727,85.64742250087077,81.8160048763497,6593,8353,-1760,-3.8314176245210727,14.352577499129223,18.183995123650295,8047.51,2019-11-04,2019-11-04,8210.66,0.0202733516329896,2019-11-05,2019-11-05,8210.18,0.020213705854357444,2019-11-06,2019-11-06,8196.03,0.018455398005097212,2019-11-07,2019-11-07,8219.65,0.021390467361954046,2019-11-08,2019-11-08,8255.89,0.025893723648681366,0.0202733516329896,-5.8460586603192866e-05,-0.0017234701309837286,0.002881883058017065,0.004408946852968221,0.005508692358470624,0.02195534514681352,3.4034869653844275,1868.0,3.36745669148938,-0.036030273895047316,-2.2735376791063704,-1291.0,-1.8838880581403288,0.38964962096604694,1.129949286278055,577.0,0.561445930342586,-0.5685033559354764,-1.129949286278055,-577.0,-0.561445930342586,0.5685033559354657,0.020213705854357444,0.026875393755335653,0.036188833564667844,0.0420303920094538,0.12965749654240888,0.07829626803818823,0.4413091751361602,20.0,NASDAQ-100 Index x $20,160950.2,3082679180.6000004,1781235863.4,1301443317.2,300654973.6,439715946.40000004,3174420794.6000004,4192591759.8,-1018170965.2,-207786708.20000002,-427000880.6,6332263718.6,6048991366.6,283272352.0,92868265.4,12554115.600000001,1061144668.6,1344417020.6000001,-283272352.0,-92868265.4,-12715065.8
2019-11-05,NASDAQ-100 Consolidated - CHICAGO MERCANTILE EXCHANGE,45370,18462,10229,8233,18.146352215120125,40.69208728234516,22.54573506722504,651,1.4348688560722944,19726,25501,-5775,-12.728675336125193,43.478069208728236,56.20674454485343,38839,36380,2459,5.419880978620233,85.6050253471457,80.18514436852546,6531,8990,-2459,-5.419880978620233,14.394974652854309,19.814855631474543,8210.18,2019-11-11,2019-11-11,8241.91,0.0038647142937182632,2019-11-12,2019-11-12,8263.79,0.006529698496257064,2019-11-13,2019-11-13,8259.81,0.006044934459414897,2019-11-14,2019-11-14,8257.83,0.0058037704410864865,2019-11-15,2019-11-15,8315.52,0.012830412975111338,0.0038647142937182632,0.0026547244510073398,-0.00048161920861988783,-0.00023971495712360458,0.006986096831734345,0.008931182213831601,0.020213705854357444,0.5436005606443324,147.0,-1.0028796281389845,-1.5464801887833204,1.0426586938295266,551.0,0.5422454539389676,-0.5004132398905625,1.5884633540991602,699.0,-0.042397153725076464,-1.630860507824238,-1.5884633540991602,-699.0,0.042397153725085346,1.6308605078242486,0.006529698496257064,0.01565860919005413,0.021384427625216418,0.005427408412483015,0.13688859440353318,0.08774959866896959,0.3738931424158787,20.0,NASDAQ-100 Index x $20,164203.6,3031526863.2000003,1679638624.4,1351888238.8,24137929.2,758949039.2,3239080213.6,4187356003.6000004,-948275790.0,90476183.60000001,-596223271.6,6377503620.400001,5973726968.0,403776652.40000004,114778316.4,162725767.6,1072413711.6,1476190364.0,-403776652.40000004,-114778316.4,-162889971.20000002
2019-11-12,NASDAQ-100 Consolidated - CHICAGO MERCANTILE EXCHANGE,46371,18729,10754,7975,17.19824890556598,40.389467555153004,23.191218649587025,1014,2.1867115222876365,20145,25707,-5562,-11.994565568997865,43.443100213495505,55.437665782493376,39888,37475,2413,5.203683336568114,86.01927929093614,80.81559595436804,6483,8895,-2412,-5.201526816329171,13.980720709063855,19.182247525393027,8263.79,2019-11-18,2019-11-18,8328.48,0.007828127287842435,2019-11-19,2019-11-19,8338.74,0.009069688363329442,2019-11-20,2019-11-20,8283.75,0.002415356634183574,2019-11-21,2019-11-21,8265.62,0.00022144802808399255,2019-11-22,2019-11-22,8272.05,0.0009995413726628932,0.007828127287842435,0.0012319174687338563,-0.006594521474467374,-0.0021886223027010043,0.000777921075490795,-0.006775546078035877,0.006529698496257064,-0.9481033095541456,-258.0,-0.3026197271921589,0.6454835823619867,0.7341097671273271,213.0,-0.034968995232731004,-0.7690787623600528,-0.21619764205211922,-46.0,0.4142539437904418,0.6304515858425788,0.21835416229106208,47.0,-0.4142539437904542,-0.6326081060815163,0.009069688363329442,0.01475836147820786,-0.0010951391552788126,0.01095139155278635,0.15175482436025112,0.10269622049931093,0.4066536056700376,20.0,NASDAQ-100 Index x $20,165275.80000000002,3095450458.2000003,1777375953.2000003,1318074505.0000002,-42641156.400000006,247087321.00000003,3329480991.0000005,4248744990.6000004,-919263999.6000001,35203745.400000006,-264771831.60000002,6592521110.400001,6193710605.000001,398810505.40000004,-7602686.800000001,-17849786.400000002,1071483011.4000001,1470128241.0000002,-398645229.6,7767962.600000001,17849786.400000002
2019-11-19,NASDAQ-100 Consolidated - CHICAGO MERCANTILE EXCHANGE,46589,18032,11117,6915,14.84255940243405,38.70441520530598,23.861855802871922,1243,2.668011762433192,20601,25048,-4447,-9.545171607031703,44.21859237158986,53.76376397862156,39876,37408,2468,5.297387795402348,85.59101933932902,80.29363154392668,6713,9181,-2468,-5.297387795402348,14.408980660670972,19.706368456073324,8338.74,2019-11-25,2019-11-25,8371.93,0.0039802176347985,2019-11-26,2019-11-26,8385.75,0.0056375423625152354,2019-11-27,2019-11-27,8444.71,0.012708154949069073,2019-11-28,2019-11-29,8403.68,0.007787747309545567,2019-11-29,2019-11-29,8403.68,0.007787747309545567,0.0039802176347985,0.0016507543660779778,0.007030975166204545,-0.004858662997308194,0.0,0.003792434958247437,0.009069688363329442,-2.355689503131929,-1060.0,-1.6850523498470267,0.6706371532848969,2.4493939619661624,1115.0,0.7754921580943517,-1.6739018038718143,0.0937044588342344,55.0,-0.4282599516071173,-0.5219644104413561,-0.09586097907317725,-56.0,0.4282599516071173,0.5241209306802972,0.0056375423625152354,-0.0100734643363386,0.0018647901241675147,0.028416763204033302,0.15482674840563426,0.11510132226211645,0.43636688516490496,20.0,NASDAQ-100 Index x $20,166774.8,3007283193.6,1854035451.6,1153247742.0,-176781288.0,116242035.6,3435727654.7999997,4177375190.3999996,-741647535.5999999,185953902.0,98063582.39999999,6650311924.799999,6238711718.4,411600206.4,9172614.0,214305617.99999997,1119559232.3999999,1531159438.8,-411600206.4,-9339388.799999999,-214305617.99999997
2019-11-26,NASDAQ-100 Consolidated - CHICAGO MERCANTILE EXCHANGE,44884,18029,11378,6651,14.818198021566706,40.16798859281704,25.349790571250335,1058,2.3571874164512967,18909,23344,-4435,-9.881026646466447,42.12859816415649,52.00962481062293,37995,35779,2216,4.937171375100259,84.65154620800284,79.71437483290259,6889,9105,-2216,-4.937171375100259,15.34845379199715,20.285625167097407,8385.75,2019-12-02,2019-12-02,8309.26,-0.009121426229019458,2019-12-03,2019-12-03,8254.74,-0.01562293175923446,2019-12-04,2019-12-04,8296.53,-0.010639477685359,2019-12-05,2019-12-05,8308.4,-0.009223981158512973,2019-12-06,2019-12-06,8397.37,0.0013856840473422949,-0.009121426229019458,-0.006561354440708378,0.0050625458827293635,0.001430718625738514,0.010708439651437196,0.010603832350895237,0.0056375423625152354,-0.02436138086734374,-264.0,1.4635733875110617,1.4879347683784125,-0.33585503943474393,12.0,-2.0899942074333637,-1.7541391679986305,-0.36021642030208945,-252.0,-0.9394731313261815,-0.5792567110240867,0.36021642030208945,252.0,0.9394731313261779,0.5792567110240832,-0.01562293175923446,-0.0037516024207732146,0.022651521927078866,0.0374158542766001,0.053557523179202926,0.11975434516888761,0.44051635214500795,20.0,NASDAQ-100 Index x $20,167715.0,3023733735.0,1908261270.0,1115472465.0,-44276760.0,-240671025.0,3171322935.0,3915138960.0,-743816025.0,2012580.0,317149065.0,6372331425.0,6000674985.0,371656440.0,-42264180.0,76478040.0,1155388635.0,1527045075.0,-371656440.0,42264180.0,-76478040.0
2019-12-03,NASDAQ-100 Consolidated - CHICAGO MERCANTILE EXCHANGE,42146,14095,9674,4421,10.489726189911261,33.44326863759313,22.95354244768187,1406,3.3360223983296162,19934,22586,-2652,-6.292412091301666,47.29748967873582,53.589901770037486,35435,33666,1769,4.197314098609596,84.07678071465857,79.87946661604897,6711,8480,-1769,-4.197314098609596,15.923219285341434,20.120533383951027,8254.74,2019-12-09,2019-12-09,8362.74,0.013083392087455126,2019-12-10,2019-12-10,8354.29,0.012059737799131387,2019-12-11,2019-12-11,8402.61,0.01791334433307412,2019-12-12,2019-12-12,8466.89,0.025700385475496468,2019-12-13,2019-12-13,8487.71,0.02822257272791151,0.013083392087455126,-0.0010104343791627057,0.005783854762044349,0.007650003986856335,0.002458990254981419,0.014943666788636234,-0.01562293175923446,-4.328471831655445,-2230.0,-6.724719955223911,-2.3962481235684656,3.5886145551647806,1783.0,5.168891514579329,1.5802769594145545,-0.739857276490663,-447.0,-0.5747654933442732,0.16509178314638007,0.739857276490663,447.0,0.5747654933442838,-0.16509178314638007,0.012059737799131387,0.03888190300360783,0.05388055832164307,0.05794610127030042,0.04115817094178609,0.1699108633342783,0.5088700552652174,20.0,NASDAQ-100 Index x $20,165094.8,2327011206.0,1597127095.1999998,729884110.8,-368161404.0,-629341377.5999999,3290999743.2,3728831152.7999997,-437831409.59999996,294364028.4,515591060.4,5850134238.0,5558081536.799999,292052701.2,-73797375.6,-113915411.99999999,1107951202.8,1400003904.0,-292052701.2,73797375.6,113915411.99999999
2019-12-10,NASDAQ-100 Consolidated - CHICAGO MERCANTILE EXCHANGE,42601,13101,10661,2440,5.72756508063191,30.75279923006502,25.02523414943311,1983,4.654820309382409,20577,21212,-635,-1.4905753386070748,48.301683059083125,49.7922583976902,35661,33856,1805,4.236989742024836,83.70930259853056,79.47231285650571,6940,8745,-1805,-4.236989742024836,16.290697401469448,20.527687143494283,8354.29,2019-12-16,2019-12-16,8570.33,0.025859767855796134,2019-12-17,2019-12-17,8575.7,0.026502551383779993,2019-12-18,2019-12-18,8580.62,0.027091470370312676,2019-12-19,2019-12-19,8641.29,0.03435360754773886,2019-12-20,2019-12-20,8678.49,0.038806409641034545,0.025859767855796134,0.0006265803067093678,0.0005737140991406431,0.007070584643067868,0.004304912808156924,0.012620284166420692,0.012059737799131387,-4.762161109279351,-1981.0,-2.6904694075281093,2.0716917017512415,4.801836752694592,2017.0,1.0041933803473029,-3.797643372347288,0.0396756434152401,36.0,-0.3674781161280123,-0.40715375954326305,-0.0396756434152401,-36.0,0.36747811612801407,0.40715375954325594,0.026502551383779993,0.04132248222170887,0.04533958002415517,0.058911050490227046,0.0021521876784262872,0.19306009247943257,0.5124828082338533,20.0,NASDAQ-100 Index x $20,167085.80000000002,2188991065.8,1781301713.8000002,407689352.00000006,-330996969.8,-924819903.0000001,3438124506.6000004,3544223989.6000004,-106099483.00000001,337012058.6,823231736.6000001,5958446713.8,5656856844.8,301589869.00000006,6015088.800000001,-101588166.4,1159575452.0000002,1461165321.0000002,-301589869.00000006,-6015088.800000001,101421080.60000001
2019-12-17,NASDAQ-100 Consolidated - CHICAGO MERCANTILE EXCHANGE,55265,13105,11526,1579,2.857142857142857,23.71301908983986,20.855876232697003,2979,5.390391748846467,31947,31842,105,0.18999366687777072,57.80693024518231,57.61693657830453,48031,46347,1684,3.047136524020628,86.91034108386863,83.863204559848,7234,8918,-1684,-3.047136524020628,13.089658916131366,16.136795440151992,8575.7,2019-12-23,2019-12-23,8696.01,0.014029175460895216,2019-12-24,2019-12-24,8699.51,0.014437305409470857,2019-12-25,2019-12-26,8778.31,0.023626059680259104,2019-12-26,2019-12-26,8778.31,0.023626059680259104,2019-12-27,2019-12-27,8770.98,0.022771318959385,0.014029175460895216,0.0004024834378064668,0.00905798142654013,0.0,-0.0008350126618904552,0.008621195237815904,0.026502551383779993,-2.870422223489053,-861.0,-7.039780140225158,-4.169357916736107,1.6805690054848454,740.0,9.505247186099183,7.824678180614335,-1.1898532180042078,-121.0,3.2010384853380742,4.390891703342291,1.1898532180042078,121.0,-3.2010384853380813,-4.390891703342291,0.014437305409470857,0.018350688573527396,0.03157176673624318,0.053374068589153056,-0.12847347738377046,0.16018167613139456,0.46879205196077267,20.0,NASDAQ-100 Index x $20,171514.0,2247690970.0,1976870364.0,270820606.0,-147673554.0,-915198704.0,5479357758.0,5461348788.0,18008970.0,126920360.0,780731728.0,8237988934.0,7949159358.0,288829576.0,-20753194.0,-134466976.0,1240732276.0,1529561852.0,-288829576.0,20753194.0,134466976.0
2019-12-24,NASDAQ-100 Consolidated - CHICAGO MERCANTILE EXCHANGE,42219,12661,9965,2696,6.385750491484876,29.98886757147256,23.603117079987683,2031,4.810630284942798,20936,23001,-2065,-4.8911627466306635,49.58904758521045,54.480210331841114,35628,34997,631,1.4945877448542124,84.38854544162581,82.8939576967716,6590,7222,-632,-1.4969563466685616,15.609085956559843,17.106042303228406,8699.51,2019-12-30,2019-12-30,8709.73,0.0011747788093812161,2019-12-31,2019-12-31,8733.07,0.003857688536480719,2020-01-01,2020-01-02,8872.22,0.0198528422865194,2020-01-02,2020-01-02,8872.22,0.0198528422865194,2020-01-03,2020-01-03,8793.9,0.010850036381359285,0.0011747788093812161,0.002679761599957864,0.01593368655009053,0.0,-0.008827553870395466,0.009663904621612929,0.014437305409470857,3.5286076343420185,1117.0,6.2758484816327,2.74724084729068,-5.081156413508435,-2170.0,-8.217882659971856,-3.136726246463418,-1.5525487791664154,-1053.0,-2.5217956422428216,-0.9692468630764068,1.5501801773520663,1052.0,2.519427040428477,0.969246863076414,0.003857688536480719,0.016890606482434123,0.038382621549949425,0.05369497822291125,-0.1316947736136863,0.1736086285319518,0.45873273322290564,20.0,NASDAQ-100 Index x $20,173990.2,2202889922.2000003,1733812343.0,469077579.20000005,194347053.4,-688131241.0,3642658827.2000003,4001948590.2000003,-359289763.0,-377558734.0,412356774.0,6198922845.6,6089135029.400001,109787816.2,-183211680.60000002,-275774467.0,1146595418.0,1256557224.4,-109961806.4,183037690.4,275600476.8
2019-12-31,NASDAQ-100 Consolidated - CHICAGO MERCANTILE EXCHANGE,43347,14302,9175,5127,11.827808152813343,32.99420951853646,21.166401365723118,1732,3.9956629063141627,19969,25228,-5259,-12.132327496712575,46.06777862366484,58.20010612037741,36004,36135,-131,-0.3022123791727224,83.05995801324198,83.3621703924147,7343,7212,131,0.3022123791727224,16.940041986758022,16.6378296075853,8733.07,2020-01-06,2020-01-06,8848.52,0.013219864263082748,2020-01-07,2020-01-07,8846.45,0.012982834215230277,2020-01-08,2020-01-08,8912.37,0.020531153420275006,2020-01-09,2020-01-09,8989.63,0.029377985061381562,2020-01-10,2020-01-10,8966.64,0.026745462935714448,0.013219864263082748,-0.00023393742682387142,0.007451576621130496,0.00866885014872576,-0.0025573911273322203,0.01334912505142083,0.003857688536480719,5.442057661328468,2431.0,3.005341947063897,-2.4367157142645652,-7.241164750081912,-3194.0,-3.5212689615456085,3.7198957885362987,-1.796800124026935,-762.0,-1.3285874283838268,0.4682126956431034,1.799168725841284,763.0,1.3309560301981787,-0.46821269564310697,0.012982834215230277,0.03439225839252402,0.04964577176182017,0.04097757146112424,-0.10529744980860112,0.16303316016017289,0.4706729706735433,20.0,NASDAQ-100 Index x $20,174661.4,2498007342.7999997,1602518345.0,895488997.8,424601863.4,123310948.39999999,3487813496.6,4406357799.2,-918544302.6,-557868511.6,-455342269.8,6288509045.599999,6311389689.0,-22880643.4,-133091986.8,-331856660.0,1282538660.2,1259658016.8,22880643.4,133266648.2,331856660.0
2020-01-07,NASDAQ-100 Consolidated - CHICAGO MERCANTILE EXCHANGE,42058,12833,9498,3335,7.929525892814684,30.512625422036237,22.58309952922155,1996,4.745827191021922,20084,22554,-2470,-5.8728422654429595,47.753102857958055,53.62594512340102,34913,34049,864,2.054305958438347,83.01155547101622,80.95724951257786,7144,8009,-865,-2.056683627371725,16.986066860050407,19.04275048742213,8846.45,2020-01-13,2020-01-13,9070.65,0.025343499369803624,2020-01-14,2020-01-14,9033.42,0.02113503156633434,2020-01-15,2020-01-15,9035.67,0.021389370877583636,2020-01-16,2020-01-16,9125.0,0.03148720673264416,2020-01-17,2020-01-17,9173.73,0.03699563101583103,0.025343499369803624,-0.004104446759603753,0.0002490751011245962,0.009886372565620416,0.005340273972602727,0.011364124952456534,0.012982834215230277,-3.898282259998659,-1792.0,-2.481584096500221,1.416698163498431,6.259485231269616,2789.0,1.685324234293212,-4.574160996976396,2.3565183376110697,995.0,-0.04840254222575879,-2.404920879836837,-2.3588960065444473,-996.0,0.04602487329238514,2.40492087983683,0.02113503156633434,0.036193049189222615,0.027635944361862563,0.055119285136975726,-0.09010846158628605,0.1896308688796069,0.44717711624436896,20.0,NASDAQ-100 Index x $20,176929.0,2270529857.0,1680471642.0,590058215.0,-317056768.0,158351455.0,3553442036.0,3990456666.0,-437014630.0,493454981.0,-324664715.0,6177122177.0,6024255521.0,152866656.0,176044355.0,-166490189.0,1263980776.0,1417024361.0,-153043585.0,-176221284.0,166313260.0
2020-01-14,NASDAQ-100 Consolidated - CHICAGO MERCANTILE EXCHANGE,43174,13821,10476,3345,7.747718534303052,32.012322230972345,24.264603696669294,1793,4.152962431092788,20261,23184,-2923,-6.770278408301292,46.928707092231434,53.69898550053273,35876,35453,423,0.9797563348311484,83.09630796312597,82.11655162829481,7298,7721,-423,-0.9797563348311484,16.903692036874045,17.883448371705192,9033.42,2020-01-20,2020-01-21,9166.63,0.014746352987019318,2020-01-21,2020-01-21,9166.63,0.014746352987019318,2020-01-22,2020-01-22,9188.58,0.017176218973544932,2020-01-23,2020-01-23,9216.98,0.02032010024996067,2020-01-24,2020-01-24,9141.47,0.011961139856222713,0.014746352987019318,0.0,0.002394555032765755,0.0030907931366979113,-0.008192488211974047,-0.002744738251680312,0.02113503156633434,-0.181807358511632,10.0,1.4996968089361076,1.681504167447745,-0.8974361428583322,-453.0,-0.8243957657266208,0.07304037713171141,-1.0745496236071987,-441.0,0.08475249210974312,1.1593021157169545,1.0769272925405764,442.0,-0.08237482317636236,-1.1593021157169368,0.014746352987019318,0.006366359584742076,0.03328086151202969,0.05362752977277707,-0.03777749733766389,0.18333034443211993,0.4271549424249066,20.0,NASDAQ-100 Index x $20,180668.4,2497017956.4,1892682158.3999999,604335798.0,1806684.0,319060394.4,3660522452.4,4188616185.6,-528093733.2,-81842785.2,-547063915.1999999,6481659518.4,6405236785.2,76422733.2,-79674764.39999999,-227822852.4,1318517983.2,1394940716.3999999,-76422733.2,79855432.8,227822852.4
2020-01-21,NASDAQ-100 Consolidated - CHICAGO MERCANTILE EXCHANGE,43385,13847,12048,1799,4.146594445084706,31.916561023395186,27.769966578310473,1506,3.471245822288809,20950,21622,-672,-1.548922438630863,48.28857900195921,49.83750144059007,36303,35177,1126,2.595367062348738,83.6763858476432,81.08101878529446,7082,8208,-1126,-2.595367062348738,16.323614152356804,18.918981214705543,9166.63,2020-01-27,2020-01-27,8952.18,-0.02339463903310146,2020-01-28,2020-01-28,9090.93,-0.008258214851041057,2020-01-29,2020-01-29,9101.61,-0.007093119281567861,2020-01-30,2020-01-30,9136.09,-0.003331649690235028,2020-01-31,2020-01-31,8991.51,-0.019104076416305515,-0.02339463903310146,0.015499018116257757,0.0011747972979663235,0.0037883407441101635,-0.015825150584112047,0.004393343297386831,0.014746352987019318,-3.601124089218346,-1546.0,-0.09576120757715856,3.5053628816411795,5.221355969670428,2251.0,1.3598719097277723,-3.8614840599426614,1.6156107275175897,703.0,0.5800778845172374,-1.0355328430003539,-1.6156107275175897,-703.0,-0.580077884517241,1.0355328430003503,-0.008258214851041057,0.018265163969746867,0.03831615326461324,0.050527838474990316,-0.08330542413078734,0.18179418172218154,0.41781003487650326,20.0,NASDAQ-100 Index x $20,183332.59999999998,2538606512.2,2208791164.7999997,329815347.4,-283432199.59999996,-164449342.2,3840817969.9999995,3964017477.1999993,-123199507.19999999,412681682.59999996,255382311.79999998,6655523377.799999,6449090870.199999,206432507.59999996,128882817.79999998,90749636.99999999,1298361473.1999998,1504793980.7999997,-206432507.59999996,-128882817.79999998,-90566304.39999999
2020-01-28,NASDAQ-100 Consolidated - CHICAGO MERCANTILE EXCHANGE,41234,14353,9477,4876,11.825192802056556,34.80865305330553,22.983460251248967,1324,3.2109424261531747,18396,21871,-3475,-8.427511277101422,44.61366833195906,53.041179609060485,34073,32672,1401,3.397681524955134,82.63326381141776,79.23558228646263,7160,8562,-1402,-3.4001067080564584,17.364311005480914,20.764417713537373,9090.93,2020-02-03,2020-02-03,9126.23,0.0038829910691204894,2020-02-04,2020-02-04,9334.06,0.02674423848825147,2020-02-05,2020-02-05,9367.48,0.03042043003301087,2020-02-06,2020-02-06,9445.92,0.03904881018773665,2020-02-07,2020-02-07,9401.1,0.03411862152717049,0.0038829910691204894,0.022772820759503043,0.003580435523234282,0.008373650117214027,-0.004744905737080085,0.030118679893011757,-0.008258214851041057,7.6785983569718494,3077.0,2.8920920299103408,-4.786506327061506,-6.8785888384705585,-2803.0,-3.674910670000145,3.203678168470418,0.8023144626063958,275.0,-1.0431220362254408,-1.8454364988318304,-0.8047396457077203,-276.0,1.0406968531241105,1.8454364988318304,0.02674423848825147,0.0469621919869585,0.05927556366620346,-0.02816653521696899,-0.045466195427750544,0.1585723352836288,0.48391748698978,20.0,NASDAQ-100 Index x $20,181818.6,2609642365.8,1723094872.2,886547493.6,559455832.2,-45636468.6,3344734965.6,3976554600.6,-631819635.0,-509637535.8,324364382.40000004,6195105157.8,5940377299.2,254727858.6,50000115.0,278546095.2,1301821176.0,1556730853.2,-254909677.20000002,-50181933.6,-278727913.8
2020-02-04,NASDAQ-100 Consolidated - CHICAGO MERCANTILE EXCHANGE,40957,14109,9851,4258,10.396269258002295,34.44832385184462,24.052054593842325,1422,3.471933979539517,18461,20678,-2217,-5.412994115779965,45.074102107087924,50.48709622286789,33992,31951,2041,4.983275142222331,82.99435993847204,78.01108479624973,6965,9006,-2041,-4.983275142222331,17.005640061527945,21.988915203750274,9334.06,2020-02-10,2020-02-10,9516.84,0.019582046826354338,2020-02-11,2020-02-11,9517.86,0.019691324032629076,2020-02-12,2020-02-12,9613.2,0.02990552878383057,2020-02-13,2020-02-13,9595.7,0.02803067475460863,2020-02-14,2020-02-14,9623.58,0.03101758505944896,0.019582046826354338,0.00010717843317742393,0.010016957593408593,-0.0018204135979694724,0.002905468074241524,0.011215907801328973,0.02674423848825147,-1.4289235440542605,-618.0,-0.36032920146090675,1.0685943425933573,3.014517161321457,1258.0,0.4604337751288625,-2.5540833861925947,1.5855936172671967,640.0,0.3610961270542816,-1.2244974902128973,-1.5831684341658723,-639.0,-0.35867094395296917,1.2244974902129009,0.019691324032629076,0.03168396174869237,-0.05348047901984765,-0.07923347396524127,-0.04322234911710432,0.18882244168132645,0.4416149028397076,20.0,NASDAQ-100 Index x $20,186681.19999999998,2633885050.7999997,1838996501.1999998,794888549.5999999,-115368981.6,172306747.6,3446321633.2,3860193853.5999994,-413872220.4,234844949.59999996,47230343.599999994,6345667350.4,5964651021.2,381016329.2,119475967.99999999,219723772.39999998,1300234557.9999998,1681250887.1999998,-381016329.2,-119289286.79999998,-219537091.2
2020-02-11,NASDAQ-100 Consolidated - CHICAGO MERCANTILE EXCHANGE,41566,14808,13062,1746,4.2005485252369725,35.62527065389982,31.42472212866285,1202,2.8917865563200693,18352,19430,-1078,-2.593465813405187,44.15146995140259,46.74493576480778,34362,33695,667,1.6046768993889238,82.66852716162248,81.06385026223356,7204,7871,-667,-1.6046768993889238,17.331472838377522,18.936149737766446,9517.86,2020-02-17,2020-02-18,9629.8,0.011761047126139568,2020-02-18,2020-02-18,9629.8,0.011761047126139568,2020-02-19,2020-02-19,9718.73,0.021104534002391206,2020-02-20,2020-02-20,9627.83,0.011554067826170966,2020-02-21,2020-02-21,9446.69,-0.007477521207498339,0.011761047126139568,0.0,0.009234875075287086,-0.00935307390986262,-0.018814208393791665,-0.019014932812727037,0.019691324032629076,-6.195720732765323,-2512.0,1.1769468020551983,7.3726675348205255,2.8195283023747777,1139.0,-0.922632155685335,-3.7421604580601127,-3.378598242833407,-1374.0,-0.32583277684956613,3.052765465983825,3.378598242833407,1374.0,0.3258327768495768,-3.0527654659838284,0.011761047126139568,-0.07175877770843442,-0.09701445492999483,-0.12036214022900105,-0.04259465888340441,0.1427022460931342,0.43804174467790014,20.0,NASDAQ-100 Index x $20,190357.2,2818809417.6000004,2486445746.4,332363671.20000005,-478177286.40000004,-304381162.8,3493435334.4,3698640396.0,-205205061.60000002,216816850.8,351209034.0,6541054106.400001,6414085854.0,126968252.4,-261550792.8,46447156.800000004,1371333268.8000002,1498301521.2,-126968252.4,261550792.8,-46447156.800000004
2020-02-18,NASDAQ-100 Consolidated - CHICAGO MERCANTILE EXCHANGE,41664,15694,12013,3681,8.834965437788018,37.668010752688176,28.83304531490015,1152,2.7649769585253456,17406,20268,-2862,-6.869239631336406,41.7770737327189,48.6463133640553,34252,33434,818,1.9633256528417817,82.21006144393242,80.24673579109063,7412,8230,-818,-1.9633256528417817,17.78993855606759,19.75326420890937,9629.8,2020-02-24,2020-02-24,9079.63,-0.05713202766412595,2020-02-25,2020-02-25,8834.87,-0.082548962595277,2020-02-26,2020-02-26,8873.76,-0.07851045712268157,2020-02-27,2020-02-27,8436.67,-0.1238997694656171,2020-02-28,2020-02-28,8461.83,-0.12128704645994715,-0.05713202766412595,-0.02695704560648382,0.004401875749161954,-0.04925645949405888,0.002982219287941845,-0.06804242023078022,0.011761047126139568,4.634416912551045,1935.0,2.0427400987883573,-2.5916768137626995,-4.275773817931219,-1784.0,-2.3743962186836924,1.9013775992475246,0.35864875345285796,151.0,-0.4584657176900606,-0.8171144711429292,-0.35864875345285796,-151.0,0.4584657176900677,0.8171144711429257,-0.082548962595277,-0.10751105941971795,-0.13058734345469258,-0.22387276994330096,-0.034399468317098836,0.18372448025919552,0.4303277326631916,20.0,NASDAQ-100 Index x $20,192596.0,3022601624.0,2313655748.0,708945876.0,372673260.0,362465672.0,3352325976.0,3903535728.0,-551209752.0,-343591264.0,-421785240.0,6596798192.0,6439254664.0,157543528.0,29081996.0,-59319568.0,1427521552.0,1585065080.0,-157543528.0,-29081996.0,59319568.0
2020-02-25,NASDAQ-100 Consolidated - CHICAGO MERCANTILE EXCHANGE,42933,16592,8676,7916,18.438031351175084,38.646262781543335,20.208231430368247,1144,2.664616961311811,15325,23939,-8614,-20.063820371276176,35.69515291267789,55.75897328395407,33061,33760,-699,-1.6281182307316049,77.00603265553305,78.63415088626465,9872,9173,699,1.6281182307316049,22.99396734446696,21.365849113735354,8834.87,2020-03-02,2020-03-02,8877.98,0.004879528504663666,2020-03-03,2020-03-03,8594.49,-0.027208097006520826,2020-03-04,2020-03-04,8949.28,0.012949822691222357,2020-03-05,2020-03-05,8671.66,-0.0184733901008165,2020-03-06,2020-03-06,8530.34,-0.03446909801728837,0.004879528504663666,-0.03193181331789441,0.0412810998674733,-0.03102148999696075,-0.016296764402663366,-0.03915755611073679,-0.082548962595277,9.603065913387066,4235.0,0.9782520288551595,-8.624813884531903,-13.19458073993977,-5752.0,-6.081920820041006,7.112659919898768,-3.591443883573387,-1517.0,-5.20402878839937,-1.6125849048259795,3.591443883573387,1517.0,5.20402878839937,1.612584904825983,-0.027208097006520826,-0.05236070253438929,-0.1540396180136211,-0.14499817201611354,0.06283171116269948,0.32676655117732323,0.49348094539025444,20.0,NASDAQ-100 Index x $20,176697.40000000002,2931763260.8,1533026642.4,1398736618.4,748313489.0000001,537160096.0000001,2707887655.0000005,4229959058.6000004,-1522071403.6000001,-1016363444.8000002,-908047938.6000001,5841792741.400001,5965304224.000001,-123511482.60000001,-268049955.80000004,-371064540.00000006,1744356732.8000002,1620845250.2000003,123511482.60000001,268049955.80000004,371241237.40000004
2020-03-03,NASDAQ-100 Consolidated - CHICAGO MERCANTILE EXCHANGE,43369,15557,9115,6442,14.853927920865134,35.87124443727086,21.017316516405728,1083,2.497175401784685,19282,26018,-6736,-15.531831492540753,44.46032880629021,59.99216029883097,35923,36216,-293,-0.6755977772141392,82.83105443980723,83.50665221702137,7446,7153,293,0.6755977772141392,17.168945560192764,16.493347782978628,8594.49,2020-03-09,2020-03-09,7948.03,-0.07521795941353127,2020-03-10,2020-03-10,8372.27,-0.025856100827390538,2020-03-11,2020-03-11,8006.12,-0.06845897778693089,2020-03-12,2020-03-12,7263.65,-0.15484804799354002,2020-03-13,2020-03-13,7995.26,-0.0697225780703683,-0.07521795941353127,0.05337674870376685,-0.04373365885237823,-0.09273780557873235,0.10072208875702993,0.005942353010746082,-0.027208097006520826,-3.58410343030995,-1474.0,-2.7750183442724747,0.8090850860374807,4.531988878735422,1878.0,8.765175893612316,4.233187014876897,0.9525204535174657,406.0,5.825021784274185,4.8725013307567195,-0.9525204535174657,-406.0,-5.825021784274195,-4.872501330756727,-0.025856100827390538,-0.13037888228388184,-0.12108455533719864,-0.09087101154344235,0.12366295149566753,0.43031872746375877,0.5195724237272952,20.0,NASDAQ-100 Index x $20,171889.8,2674089618.6,1566775527.0,1107314091.6,-253365565.2,375407323.2,3314379123.6,4472228816.4,-1157849692.8,322809044.4,-776770006.1999999,6174797285.4,6225160996.799999,-50363711.4,69787258.8,-401190793.2,1279891450.8,1229527739.3999999,50363711.4,-69787258.8,401190793.2
2020-03-10,NASDAQ-100 Consolidated - CHICAGO MERCANTILE EXCHANGE,44032,14999,11465,3534,8.025981104651162,34.063862645348834,26.037881540697676,1017,2.30968386627907,20355,24828,-4473,-10.158521075581394,46.227743459302324,56.38626453488372,36371,37310,-939,-2.1325399709302326,82.60128997093024,84.73382994186046,7660,6722,938,2.1302688953488373,17.39643895348837,15.266170058139537,8372.27,2020-03-16,2020-03-16,7020.38,-0.1614723366542169,2020-03-17,2020-03-17,7473.95,-0.10729706519259419,2020-03-18,2020-03-18,7175.18,-0.1429827275040103,2020-03-19,2020-03-19,7288.52,-0.12944518033938224,2020-03-20,2020-03-20,6994.29,-0.16458857633592805,-0.1614723366542169,0.0646076138328695,-0.03997484596498502,0.015796119400488973,-0.040368963795119006,-0.003716323048040149,-0.025856100827390538,-6.827946816213972,-2908.0,-1.807381791922026,5.0205650242919475,5.3733104169593595,2263.0,1.7674146530121178,-3.6058957639472453,-1.4569421937160936,-646.0,-0.22976446887699353,1.2271777248390947,1.4546711181346983,645.0,0.2274933932956067,-1.2271777248390912,-0.10729706519259419,-0.09775604465694498,-0.06674056140091045,-0.03857496234593483,0.19049791753013223,0.32201422075494457,0.5281984455828586,20.0,NASDAQ-100 Index x $20,167445.40000000002,2511513554.6000004,1919761511.0000002,591752043.6,-486931223.20000005,299392375.20000005,3408351117.0000005,4157334391.200001,-748983274.2,378928940.20000005,-568477133.0000001,6090156643.400001,6247387874.000001,-157231230.60000002,-108169728.40000002,-268917312.40000004,1282631764.0000002,1125567978.8000002,157063785.20000002,108002283.00000001,268749867.00000006
2020-03-17,NASDAQ-100 Consolidated - CHICAGO MERCANTILE EXCHANGE,59254,13368,8885,4483,7.565733958888851,22.560502244574206,14.994768285685357,4900,8.269483916697606,28607,33479,-4872,-8.222229722887906,48.27859722550376,56.50082694839167,46875,47264,-389,-0.6564957639990548,79.10858338677558,79.76507915077462,12379,11990,389,0.6564957639990548,20.891416613224422,20.234920849225368,7473.95,2020-03-23,2020-03-23,7006.92,-0.062487707303366946,2020-03-24,2020-03-24,7553.83,0.01068778892018285,2020-03-25,2020-03-25,7469.62,-0.000579345593695435,2020-03-26,2020-03-26,7897.13,0.05662066243418806,2020-03-27,2020-03-27,7588.37,0.015309173863887304,-0.062487707303366946,0.07805283919325468,-0.011147987180013308,0.057233165810308906,-0.039097748169271695,0.08298225183104702,-0.10729706519259419,-0.4602471457623114,949.0,-11.503360400774628,-11.043113255012319,1.9362913526934875,-399.0,2.050853766201435,0.11456241350794727,1.4760442069311779,550.0,-3.4927065841546607,-4.968750791085839,-1.4737731313497826,-549.0,3.494977659736051,4.9687507910858315,0.01068778892018285,0.045431130794292285,0.0769820509904402,0.16299413295513077,0.3312063901952784,0.5304985984653363,0.7597495300343193,20.0,NASDAQ-100 Index x $20,149479.0,1998235272.0,1328120915.0,670114357.0,141855571.0,119882158.0,4276145753.0,5004407441.0,-728261688.0,-59642121.0,-300452790.0,7006828125.0,7064975456.0,-58147331.0,82213450.0,-180421153.0,1850400541.0,1792253210.0,58147331.0,-82063971.0,180421153.0
2020-03-24,NASDAQ-100 Consolidated - CHICAGO MERCANTILE EXCHANGE,39971,13345,7862,5483,13.717445147732105,33.386705361387,19.669260213654898,499,1.2484050936929274,19829,24949,-5120,-12.80928673288134,49.60846613795001,62.41775287083136,33673,33310,363,0.9081584148507669,84.24357659302994,83.33541817817918,6298,6661,-363,-0.9081584148507669,15.756423406970052,16.66458182182082,7553.83,2020-03-30,2020-03-30,7889.01,0.04437219264929193,2020-03-31,2020-03-31,7813.5,0.034375939093148844,2020-04-01,2020-04-01,7486.29,-0.008941159650137753,2020-04-02,2020-04-02,7635.66,0.010832915223138562,2020-04-03,2020-04-03,7528.11,-0.0034048952650510556,0.04437219264929193,-0.009571543197435473,-0.04187751967748132,0.0199524731208649,-0.014085226424434882,-0.0457471850080049,0.01068778892018285,6.1517111888432545,1000.0,10.826203116812795,4.674491927969541,-4.587057009993433,-248.0,1.3298689124462513,5.916925922439688,1.5646541788498216,752.0,5.134993206254364,3.5703390274045574,-1.5646541788498216,-752.0,-5.13499320625437,-3.570339027404547,0.034375939093148844,0.06559321562703957,0.15069573977704032,0.11241582084849666,0.351608389386576,0.4808871790866356,0.7233363737335896,20.0,NASDAQ-100 Index x $20,151076.6,2016117227.0,1187764229.2,828352997.8000001,151076600.0,-367569367.8,2995697901.4,3769210093.4,-773512192.0,-37466996.800000004,527861640.40000004,5087202351.8,5032361546.0,54840805.800000004,113609603.2,160443349.20000002,951480426.8000001,1006321232.6,-54840805.800000004,-113609603.2,-160443349.20000002
2020-03-31,NASDAQ-100 Consolidated - CHICAGO MERCANTILE EXCHANGE,37304,12725,8445,4280,11.473300450353848,34.11162341840017,22.638322968046324,399,1.0695903924512116,18781,21546,-2765,-7.412073772249625,50.345807420115804,57.75788119236543,31905,30389,1516,4.063907355779541,85.5270212309672,81.46311387518764,5399,6914,-1515,-4.061226678104225,14.472978769032812,18.534205447137037,7813.5,2020-04-06,2020-04-06,8081.66,0.03432008702886025,2020-04-07,2020-04-07,8049.31,0.0301798169834262,2020-04-08,2020-04-08,8229.54,0.053246304473027584,2020-04-09,2020-04-09,8238.53,0.05439687719971853,2020-04-10,2020-04-13,8332.74,0.06645421386062589,0.03432008702886025,-0.004002890495269473,0.022390739081983524,0.0010924061369164129,0.011435292461154933,0.031067874669312934,0.034375939093148844,-2.244144697378257,-1203.0,0.7249180570131699,2.9690627543914268,5.397212960631715,2355.0,0.7373412821657936,-4.659871678465926,3.1557489409287744,1153.0,1.2834446379372508,-1.8723043029915374,-3.153068263253458,-1152.0,-1.2834446379372402,1.8696236253162155,0.0301798169834262,0.11245408587700778,0.07544634286811291,0.11059064439751709,0.2999104114673323,0.44915210853010823,0.6505445702950023,20.0,NASDAQ-100 Index x $20,156270.0,1988535750.0,1319700150.0,668835600.0,-187992810.0,-337855740.0,2934906870.0,3366993420.0,-432086550.0,368015850.0,620548170.0,4985794350.0,4748889030.0,236905320.0,180179310.0,282692430.0,843701730.0,1080450780.0,-236749050.0,-180023040.0,-282536160.0
2020-04-07,NASDAQ-100 Consolidated - CHICAGO MERCANTILE EXCHANGE,36673,11959,9156,2803,7.643225261091266,32.60982193984675,24.966596678755486,485,1.3224988411092629,18698,19808,-1110,-3.0267499250129526,50.9857388269299,54.01248875194285,31142,29449,1693,4.616475336078314,84.91805960788591,80.3015842718076,5531,7224,-1693,-4.616475336078314,15.08194039211409,19.698415728192405,8049.31,2020-04-13,2020-04-13,8332.74,0.03521171379907084,2020-04-14,2020-04-14,8692.16,0.0798639883418577,2020-04-15,2020-04-15,8591.96,0.0674157163781739,2020-04-16,2020-04-16,8757.83,0.08802245161386502,2020-04-17,2020-04-17,8832.41,0.09728784206348107,0.03521171379907084,0.043133471103142584,-0.01152762949600572,0.019305257473265724,0.008515808139687664,0.059964669484467326,0.0301798169834262,-3.8300751892625824,-1477.0,-1.5018014785534177,2.328273710709162,4.385323847236672,1655.0,0.6399314068140924,-3.7453924404225845,0.5525679802987726,177.0,-0.6089616230812851,-1.1615296033800462,-0.5552486579740892,-178.0,0.608961623081278,1.164210281055368,0.0798639883418577,0.04394041228378587,0.07805513764533845,0.1094888878674074,0.30744250128271866,0.4027624728082282,0.6869098096607036,20.0,NASDAQ-100 Index x $20,160986.2,1925233965.8000002,1473989647.2,451244318.6,-237776617.4,-117680912.2,3010119967.6000004,3188814649.6000004,-178694682.0,266432161.00000003,541396590.6,5013432240.400001,4740882603.8,272549636.6,28494557.400000002,423715678.40000004,890414672.2,1162964308.8000002,-272549636.6,-28655543.6,-423554692.20000005
2020-04-14,NASDAQ-100 Consolidated - CHICAGO MERCANTILE EXCHANGE,35587,10902,10853,49,0.13769072976086774,30.63478236434653,30.497091634585665,573,1.6101385337342289,18827,17222,1605,4.510073903391688,52.90415039199707,48.39407648860539,30303,28648,1655,4.650574648045635,85.15188130497091,80.50130665692528,5284,6940,-1656,-4.653384662938714,14.848118695029083,19.5015033579678,8692.16,2020-04-20,2020-04-20,8726.51,0.003951837057762475,2020-04-21,2020-04-21,8403.0,-0.0332667599307882,2020-04-22,2020-04-22,8664.64,-0.0031660714943121393,2020-04-23,2020-04-23,8641.5,-0.0058282406214335,2020-04-24,2020-04-24,8786.6,0.010864963369289216,0.003951837057762475,-0.037072094113225096,0.031136498869451357,-0.002670624515271225,0.016791066365793084,0.006885914300218454,0.0798639883418577,-7.505534531330398,-2754.0,-1.9750395755002224,5.530494955830179,7.536823828404641,2715.0,1.9184115650671743,-5.618412263337454,0.034099311967320745,-38.0,0.23382169708500555,0.19972238511768126,-0.036909326860399716,37.0,-0.23382169708500733,-0.19691237022460584,-0.0332667599307882,-0.0016750727091999762,0.027433917461252566,0.04835276847181835,0.22978868313514722,0.3901228233258478,0.6090925615727276,20.0,NASDAQ-100 Index x $20,173843.2,1895238566.4,1886720249.6000001,8518316.8,-478764172.8,-770820748.8000001,3272945926.4,2993927590.4,279018336.0,471984288.00000006,1125982406.4,5267970489.6,4980259993.6,287710496.0,-6606041.600000001,355335500.8,918587468.8000001,1206471808.0,-287884339.20000005,6432198.4,-355509344.0
2020-04-21,NASDAQ-100 Consolidated - CHICAGO MERCANTILE EXCHANGE,35851,11843,10098,1745,4.867367716381691,33.03394605450336,28.166578338121674,548,1.528548715517001,18097,18950,-853,-2.379292069956208,50.47836880421745,52.85766087417366,30488,29596,892,2.488075646425483,85.04086357423782,82.55278792781233,5363,6255,-892,-2.488075646425483,14.959136425762182,17.447212072187664,8403.0,2020-04-27,2020-04-27,8837.66,0.051726764250862756,2020-04-28,2020-04-28,8677.6,0.032678805188623095,2020-04-29,2020-04-29,8982.76,0.06899440675949076,2020-04-30,2020-04-30,9000.51,0.07110674759014635,2020-05-01,2020-05-01,8718.18,0.03750803284541249,0.051726764250862756,-0.018111128964001688,0.03516640545773031,0.00197600737412551,-0.03136822246739346,-0.013519415772953458,-0.0332667599307882,4.729676986620823,1696.0,2.399163690156829,-2.330513296463991,-6.889365973347896,-2458.0,-2.4257815877796176,4.463584385568268,-2.1624990016201515,-763.0,-0.11101773073309573,2.0514812708870522,2.1653090165132305,764.0,0.11101773073309928,-2.0542912857801348,0.032678805188623095,0.06278947994763784,0.0844281804117577,0.10657384267523518,0.28919076520290377,0.3897227180768774,0.6433773652267047,20.0,NASDAQ-100 Index x $20,168060.0,1990334580.0,1697069880.0,293264700.0,285029760.0,-628208280.0,3041381820.0,3184737000.0,-143355180.0,-413091480.0,717112020.0,5123813280.0,4973903760.0,149909520.0,-128229780.0,88903740.0,901305780.0,1051215300.0,-149909520.0,128397840.0,-88903740.0
2020-04-28,NASDAQ-100 Consolidated - CHICAGO MERCANTILE EXCHANGE,36350,11878,9678,2200,6.052269601100413,32.6767537826685,26.624484181568086,595,1.636863823933975,18291,19919,-1628,-4.4786795048143055,50.3191196698762,54.79779917469051,30765,30192,573,1.576341127922971,84.63548830811554,83.05914718019257,5585,6158,-573,-1.576341127922971,15.364511691884456,16.94085281980743,8677.6,2020-05-04,2020-05-04,8834.11,0.0180360929289205,2020-05-05,2020-05-05,8930.62,0.029157831658523037,2020-05-06,2020-05-06,8984.86,0.035408407854706336,2020-05-07,2020-05-07,9101.88,0.04889370332810894,2020-05-08,2020-05-08,9220.35,0.06254609569466218,0.0180360929289205,0.01092469982827926,0.006073486499257541,0.01302413170600314,0.013015992300491996,0.043721438831981985,0.032678805188623095,1.1849018847187223,455.0,-0.3571922718348617,-1.5420941565535884,-2.0993874348580976,-775.0,-0.15924913434125187,1.9401383005168498,-0.9117345185025121,-319.0,-0.40537526612227737,0.5063592523802356,0.9117345185025121,319.0,0.4053752661222738,-0.5063592523802356,0.029157831658523037,0.050111782059555576,0.07155665160873981,0.08209412740849986,0.21375726007190932,0.33665414400295024,0.6087720106942012,20.0,NASDAQ-100 Index x $20,173552.0,2061450656.0,1679636256.0,381814400.0,78966160.0,-360988160.0,3174439632.0,3456982288.0,-282542656.0,-134502800.0,197328624.0,5339327280.0,5239881984.0,99445296.0,-55363088.0,-163659536.0,969287920.0,1068733216.0,-99445296.0,55363088.0,163485984.0
2020-05-05,NASDAQ-100 Consolidated - CHICAGO MERCANTILE EXCHANGE,36901,11545,8975,2570,6.964580905666513,31.286415002303457,24.321834096636945,425,1.1517303054117773,19140,21194,-2054,-5.566244817213626,51.86851304842687,57.43475786564049,31109,30594,515,1.3956261347930952,84.30394840248232,82.90832226768923,5792,6307,-515,-1.3956261347930952,15.696051597517682,17.091677732310778,8930.62,2020-05-11,2020-05-11,9298.92,0.0412401378627687,2020-05-12,2020-05-12,9112.45,0.020360288535398396,2020-05-13,2020-05-13,9000.08,0.007777735476372172,2020-05-14,2020-05-14,9094.42,0.01834139175107663,2020-05-15,2020-05-15,9152.64,0.02486053599862026,0.0412401378627687,-0.020052866354372312,-0.012331480556820651,0.010482129047741706,0.0064017276527803535,-0.01573085906750471,0.029157831658523037,0.9123113045661002,370.0,-1.3903387803650418,-2.302650084931141,-1.0875653123993203,-426.0,1.5493933785506684,2.6369586909499816,-0.18071499312987593,-58.0,-0.3315399056332211,-0.15082491250333874,0.18071499312987593,58.0,0.33153990563322644,0.1508249125033494,0.020360288535398396,0.0411975876254953,0.05143651840521701,0.0813706103271663,0.24252739451460248,0.2630601234852674,0.51665505866334,20.0,NASDAQ-100 Index x $20,178612.40000000002,2062080158.0000002,1603046290.0000002,459033868.00000006,66086588.00000001,-41616689.2,3418641336.0000005,3785511205.6000004,-366869869.6,-76088882.4,-168610105.60000002,5556453151.6,5464467765.6,91985386.00000001,-10359519.200000001,-210405407.20000002,1034523020.8000002,1126508406.8000002,-91985386.00000001,10359519.200000001,210405407.20000002
2020-05-12,NASDAQ-100 Consolidated - CHICAGO MERCANTILE EXCHANGE,39313,12831,11141,1690,4.298832447282069,32.63805865744156,28.33922621015949,517,1.3150866125709053,19738,21525,-1787,-4.5455701676290285,50.20731055884822,54.75288072647725,33086,33184,-98,-0.24928140818558747,84.16045582886068,84.40973723704627,6227,6129,98,0.24928140818558747,15.839544171139316,15.59026276295373,9112.45,2020-05-18,2020-05-18,9331.93,0.024085728865453238,2020-05-19,2020-05-19,9298.54,0.020421511229142597,2020-05-20,2020-05-20,9485.02,0.04088582104702909,2020-05-21,2020-05-21,9377.99,0.029140351936087328,2020-05-22,2020-05-22,9413.99,0.03309099089706935,0.024085728865453238,-0.0035780379835681497,0.02005476128510497,-0.011284109047740576,0.003838775686474394,0.008793465017418622,0.020360288535398396,-2.665748458384444,-880.0,1.3516436551381048,4.017392113522547,1.0206746495845973,267.0,-1.661202489578649,-2.681877139163241,-1.6449075429786826,-613.0,-0.1434925736216428,1.501414969357043,1.6449075429786826,613.0,0.14349257362163392,-1.5014149693570484,0.020421511229142597,0.030456134190036677,0.059792920674461625,0.09379694813140249,0.1935407052987943,0.2756492491042475,0.4651679844608201,20.0,NASDAQ-100 Index x $20,182249.0,2338436919.0,2030436109.0,308000810.0,-160379120.0,299070609.0,3597230762.0,3922909725.0,-325678963.0,48660483.0,-618188608.0,6029890414.0,6047750816.0,-17860402.0,-111718637.0,-319482497.0,1134864523.0,1117004121.0,17860402.0,111718637.0,319664746.0
2020-05-19,NASDAQ-100 Consolidated - CHICAGO MERCANTILE EXCHANGE,39633,11930,12921,-991,-2.5004415512325586,30.10117831100346,32.601619862236014,794,2.00338102086645,20668,20105,563,1.4205333938889309,52.14846214013574,50.72792874624682,33392,33820,-428,-1.0799081573436278,84.25302147200566,85.33292962934928,6241,5813,428,1.0799081573436278,15.746978527994349,14.66707037065072,9298.54,2020-05-25,2020-05-26,9389.98,0.009833801865669178,2020-05-26,2020-05-26,9389.98,0.009833801865669178,2020-05-27,2020-05-27,9442.05,0.015433605705841735,2020-05-28,2020-05-28,9416.71,0.012708446702385245,2020-05-29,2020-05-29,9555.53,0.02763767215068169,0.009833801865669178,0.0,0.005545272726885431,-0.0026837392303578067,0.01474187906391955,0.017630495485613462,0.020421511229142597,-6.799273998514628,-2681.0,-2.536880346438103,4.262393652076522,5.96610356151796,2350.0,1.9411515812875209,-4.024951980230433,-0.8306267491580404,-330.0,0.0925656431449795,0.9231923923030081,0.8306267491580404,330.0,-0.09256564314496707,-0.9231923923030099,0.009833801865669178,0.038583476545780204,0.07190698754858271,0.06999270853273742,0.22589460280861284,0.2881043690729941,0.42147907090790593,20.0,NASDAQ-100 Index x $20,185970.80000000002,2218631644.0,2402928706.8,-184297062.8,-498587714.8000001,-508816108.8000001,3843644494.4000006,3738942934.0000005,104701560.4,437031380.00000006,263334652.8,6209936953.6,6289532456.000001,-79595502.4,-61370364.00000001,-245481456.00000003,1160643762.8000002,1081048260.4,79595502.4,61370364.00000001,245481456.00000003
2020-05-26,NASDAQ-100 Consolidated - CHICAGO MERCANTILE EXCHANGE,42000,13748,13060,688,1.638095238095238,32.733333333333334,31.0952380952381,747,1.7785714285714287,20787,21810,-1023,-2.435714285714286,49.49285714285715,51.92857142857142,35282,35617,-335,-0.7976190476190477,84.0047619047619,84.80238095238096,6719,6384,335,0.7976190476190477,15.997619047619047,15.2,9389.98,2020-06-01,2020-06-01,9598.89,0.022248183702201718,2020-06-02,2020-06-02,9657.31,0.0284697092006585,2020-06-03,2020-06-03,9704.69,0.03351551334507641,2020-06-04,2020-06-04,9629.66,0.025525080990587812,2020-06-05,2020-06-05,9824.39,0.04626314433044576,0.022248183702201718,0.00608612037433498,0.004906128103995933,-0.007731313416502794,0.02022189776170702,0.023492299630478053,0.009833801865669178,4.138536789327796,1679.0,2.6321550223298757,-1.5063817669979152,-3.856247679603217,-1586.0,-2.6556049972785942,1.200642682324606,0.2822891097245801,93.0,-0.24825956724374976,-0.5305486769683228,-0.2822891097245801,-93.0,0.2506405196246977,0.5329296293492796,0.0284697092006585,0.061468714523353674,0.05957307683296453,0.08731009011733781,0.24833173233595818,0.2864574791426606,0.45450043557068276,20.0,NASDAQ-100 Index x $20,187799.59999999998,2581868900.7999997,2452662775.9999995,129206124.79999998,315315528.4,-283952995.2,3903790285.1999993,4095909275.9999995,-192118990.79999998,-297850165.59999996,113618757.99999999,6625945487.199999,6688858353.199999,-62912865.99999999,17465362.799999997,-170522036.79999998,1261825512.3999999,1198912646.3999999,62912865.99999999,-17465362.799999997,170522036.79999998
2020-06-02,NASDAQ-100 Consolidated - CHICAGO MERCANTILE EXCHANGE,41947,13707,11187,2520,6.007580995065202,32.676949483872505,26.669368488807304,620,1.4780556416430257,21673,23590,-1917,-4.570052685531743,51.66758051827306,56.237633203804805,36000,35397,603,1.4375283095334588,85.8225856437886,84.38505733425514,5947,6550,-603,-1.4375283095334588,14.17741435621141,15.614942665744868,9657.31,2020-06-08,2020-06-08,9901.52,0.02528758008182419,2020-06-09,2020-06-09,9967.17,0.032085539347913805,2020-06-10,2020-06-10,10094.26,0.045245518679632335,2020-06-11,2020-06-11,9588.48,-0.007127243507767722,2020-06-12,2020-06-12,9663.78,0.0006699588187601968,0.02528758008182419,0.006630295146603737,0.012750861076915587,-0.05010570363751288,0.007853173808570313,-0.02401045496045051,0.0284697092006585,4.369485756969963,1832.0,-0.05638384946082908,-4.425869606430794,-2.134338399817457,-894.0,2.1747233754159154,4.309061775233381,2.2351473571525062,938.0,1.817823739026693,-0.4173236181258204,-2.2351473571525062,-938.0,-1.8202046914076373,0.41494266574486893,0.032085539347913805,0.030242375982546088,0.05721158376400881,0.05172661952448476,0.2729072588536561,0.2897307842453023,0.41391236275940213,20.0,NASDAQ-100 Index x $20,193146.19999999998,2647454963.3999996,2160726539.3999996,486728423.99999994,353843838.4,-9657310.0,4186057592.5999994,4556318858.0,-370261265.4,-172672702.79999998,26461029.4,6953263199.999999,6836796041.4,116467158.6,181171135.6,16996865.599999998,1148640451.3999999,1265107610.0,-116467158.6,-181171135.6,-16996865.599999998
2020-06-09,NASDAQ-100 Consolidated - CHICAGO MERCANTILE EXCHANGE,43255,13478,11447,2031,4.6954109351520055,31.159403537163332,26.463992602011327,1062,2.45520749046353,22592,23319,-727,-1.680730551381343,52.22980002311871,53.91053057450006,37132,35827,1305,3.016992255230609,85.84441105074558,82.82741879551497,6123,7427,-1304,-3.014680383770662,14.155588949254422,17.170269333025086,9967.17,2020-06-15,2020-06-15,9776.89,-0.019090674684990927,2020-06-16,2020-06-16,9949.37,-0.0017858629881901678,2020-06-17,2020-06-17,9982.48,0.001536042828606199,2020-06-18,2020-06-18,10012.05,0.004502782635391833,2020-06-19,2020-06-19,10008.64,0.004160659444957693,-0.019090674684990927,0.01764160177725249,0.0033278488989754162,0.0029621897564533484,-0.0003405895895446376,0.02370385674790243,0.032085539347913805,-1.3121700599131962,-489.0,-1.5175459467091734,-0.20537588679597718,2.8893221341504,1190.0,0.5622195048456504,-2.327102629304747,1.5794639456971504,702.0,0.0218254069569781,-1.5576385387401643,-1.5771520742372034,-701.0,-0.02182540695698698,1.5553266672802177,-0.0017858629881901678,0.024344924386761724,0.019030477056175554,0.05586741271594642,0.11047167852058304,0.2677339706255637,0.38563503983578085,20.0,NASDAQ-100 Index x $20,199343.4,2686750345.2,2281883899.7999997,404866445.4,-97478922.6,67976099.39999999,4503566092.8,4648488744.599999,-144922651.79999998,237218646.0,211304004.0,7402019128.8,7141875991.8,260143137.0,139939066.79999998,279678790.2,1220579638.2,1480523431.8,-259943793.6,-139739723.4,-279479446.8
2020-06-16,NASDAQ-100 Consolidated - CHICAGO MERCANTILE EXCHANGE,45730,14653,9616,5037,11.01465121364531,32.04242291712224,21.02777170347693,1592,3.481303301989941,22945,28388,-5443,-11.902471025584955,50.17493986442161,62.077410890006554,39191,39597,-406,-0.8878198119396457,85.70085283183906,86.5886726437787,6539,6133,406,0.8878198119396457,14.299147168160944,13.411327356221298,9949.37,2020-06-22,2020-06-22,10130.33,0.0181880862808399,2020-06-23,2020-06-23,10209.82,0.02617753686916857,2020-06-24,2020-06-24,10002.7,0.0053601383806209935,2020-06-25,2020-06-25,10101.83,0.015323583302259358,2020-06-26,2020-06-26,9849.36,-0.010051892732906742,0.0181880862808399,0.007846733522007598,-0.020286351767220046,0.009910324212462518,-0.0249925013586646,-0.027735522929657752,-0.0017858629881901678,6.319240278493305,3006.0,0.8830193799589061,-5.436220898534398,-10.221740474203612,-4716.0,-2.054860158697103,8.166880315506496,-3.904812067170255,-1711.0,-0.1435582189065201,3.7612538482637206,3.902500195710308,1710.0,0.14355821890652187,-3.758941976803788,0.02617753686916857,0.02085358168406648,0.05775642075829923,0.07439164489811922,0.14970797145949932,0.2660017669460477,0.4101807451125046,20.0,NASDAQ-100 Index x $20,198987.40000000002,2915762372.2000003,1913462838.4000003,1002299533.8000001,598156124.4000001,1199496047.2,4565765893.000001,5648854311.200001,-1083088418.2,-938424578.4000001,-1195118324.4,7798515193.400001,7879304077.800001,-80788884.4,-340467441.40000004,4377722.800000001,1301178608.6000001,1220389724.2,80788884.4,340268454.00000006,-4377722.800000001
2020-06-23,NASDAQ-100 Consolidated - CHICAGO MERCANTILE EXCHANGE,36512,14882,7088,7794,21.34640666082384,40.75920245398773,19.41279579316389,303,0.8298641542506573,15301,23059,-7758,-21.24780893952673,41.906770376862404,63.15457931638914,30486,30450,36,0.0985977212971078,83.4958369851008,83.39723926380368,6026,6062,-36,-0.0985977212971078,16.504163014899213,16.60276073619632,10209.82,2020-06-29,2020-06-29,9961.16,-0.02435498373134881,2020-06-30,2020-06-30,10156.85,-0.00518814239624199,2020-07-01,2020-07-01,10279.25,0.006800315774421195,2020-07-02,2020-07-02,10341.89,0.012935585544113337,2020-07-03,2020-07-06,10604.06,0.038613805140541135,-0.02435498373134881,0.019645302354344363,0.012050980372851683,0.006093829802757966,0.02535029863980376,0.06454067598552782,0.02617753686916857,10.331755447178528,2757.0,8.716779536865495,-1.6149759103130386,-9.345337913941776,-2315.0,-8.268169487559206,1.0771684263825847,0.9864175332367534,442.0,-2.205015846738263,-3.1914333799750096,-0.9864175332367534,-442.0,2.2050158467382683,3.191433379975022,-0.00518814239624199,0.030773314318959688,0.046984177977672514,0.061044171199884145,0.09564811132811357,0.24294649660816758,0.3977151409133559,20.0,NASDAQ-100 Index x $20,204196.4,3038850824.7999997,1447344083.2,1591506741.6,562969474.8,1451019618.3999999,3124409116.4,4708564787.599999,-1584155671.2,-472714666.0,-1375262754.0,6225131450.4,6217780380.0,7351070.399999999,90254808.8,75756864.39999999,1230487506.3999999,1237838576.8,-7351070.399999999,-90254808.8,-75756864.39999999
2020-06-30,NASDAQ-100 Consolidated - CHICAGO MERCANTILE EXCHANGE,38816,15656,6892,8764,22.578318219291013,40.333882934872214,17.755564715581205,438,1.1284006595218468,16491,25095,-8604,-22.166117065127782,42.485057708161584,64.65117477328937,32586,32426,160,0.4122011541632316,83.94991755976918,83.53771640560593,6231,6390,-159,-0.4096248969497115,16.052658697444354,16.462283594394066,10156.85,2020-07-06,2020-07-06,10604.06,0.04403038343580934,2020-07-07,2020-07-07,10524.01,0.036149002889675375,2020-07-08,2020-07-08,10666.7,0.05019764986191588,2020-07-09,2020-07-09,10754.59,0.05885092326853303,2020-07-10,2020-07-10,10836.33,0.06689869398484771,0.04403038343580934,-0.007548995384786483,0.01355851999380464,0.008239661751056948,0.007600475703862131,0.02190387455370879,-0.00518814239624199,1.231911558467175,970.0,-0.4253195191155186,-1.6572310775826864,-0.918308125601051,-846.0,0.5782873312991796,1.4965954569002307,0.3136034328661238,124.0,0.4540805746683816,0.14047714180225057,-0.3110271756526037,-123.0,-0.45150431745485875,-0.14047714180225412,0.036149002889675375,0.05244440943796547,0.06657772833112618,0.03698489196945909,0.11480921742469374,0.26451508095521725,0.43477062278166945,20.0,NASDAQ-100 Index x $20,203137.0,3180312872.0,1400020204.0,1780292668.0,197042890.0,1268387428.0,3349932267.0,5097723015.0,-1747790748.0,-171853902.0,-1358377119.0,6619422282.0,6586920362.0,32501920.0,25188988.0,-89989691.0,1265746647.0,1298045430.0,-32298783.0,-24985851.0,90192828.0
2020-07-07,NASDAQ-100 Consolidated - CHICAGO MERCANTILE EXCHANGE,42507,16359,7419,8940,21.031830051520924,38.48542592984685,17.453595878325924,634,1.4915190439221775,18992,27594,-8602,-20.23666690192204,44.67969981414826,64.9163667160703,35985,35647,338,0.7951631495988897,84.65664478791727,83.8614816383184,6522,6860,-338,-0.7951631495988897,15.343355212082715,16.138518361681605,10524.01,2020-07-13,2020-07-13,10602.21,0.007430627678993051,2020-07-14,2020-07-14,10689.52,0.015726894976344497,2020-07-15,2020-07-15,10701.68,0.016882348078346654,2020-07-16,2020-07-16,10626.46,0.009734882425995295,2020-07-17,2020-07-17,10645.22,0.011517472902439208,0.007430627678993051,0.008235075517274426,0.00113756277176158,-0.007028802954302638,0.001765404471479659,0.004056701385843242,0.036149002889675375,-1.5464881677700895,176.0,-1.8484570050253666,-0.3019688372552807,1.9294501632057433,2.0,2.1946421059866736,0.2651919427809304,0.38296199543565806,178.0,0.7067272281480967,0.3237652327124607,-0.3855382526491782,-179.0,-0.7093034853616391,-0.3237652327124607,0.015726894976344497,0.029367132870455226,0.000806726713486583,0.05440226681654625,0.07290566998701076,0.21649257269804933,0.40501196787156224,20.0,NASDAQ-100 Index x $20,210480.2,3443245591.8,1561552603.8000002,1881692988.0,37044515.2,1454207701.8000002,3997439958.4,5807990638.8,-1810550680.4,420960.4,-1657531575.0,7574129997.0,7502987689.400001,71142307.60000001,37465475.6,-203534353.4,1372751864.4,1443894172.0,-71142307.60000001,-37675955.800000004,203323873.20000002
2020-07-14,NASDAQ-100 Consolidated - CHICAGO MERCANTILE EXCHANGE,44657,15903,8780,7123,15.950466892088585,35.61143829634772,19.66097140425913,687,1.5383926372125312,21395,27928,-6533,-14.629285442371856,47.909622231677005,62.53890767404886,37985,37395,590,1.3211814497167298,85.05945316523726,83.73827171552051,6672,7261,-589,-1.3189421591239896,14.940546834762747,16.259488993886738,10689.52,2020-07-20,2020-07-20,10952.08,0.024562375111323975,2020-07-21,2020-07-21,10833.07,0.01342904078012852,2020-07-22,2020-07-22,10870.75,0.016953988579468504,2020-07-23,2020-07-23,10580.59,-0.010190354665129964,2020-07-24,2020-07-24,10483.13,-0.019307695761830446,0.024562375111323975,-0.010866429025354063,0.0034782383941025508,-0.02669181059264536,-0.009211206558424556,-0.04281835048684823,0.015726894976344497,-5.081363159432339,-1817.0,-2.8739876334991266,2.2073755259332053,5.607381459550183,2069.0,3.2299224175287478,-2.3774590420214423,0.5260183001178401,252.0,0.4028083773199853,-0.12320992279788356,-0.5237790095250999,-251.0,-0.40280837731996755,0.12097063220513249,0.01342904078012852,-0.01468915348865063,0.03807654600019461,0.017452607787814545,0.13037535829485325,0.20604947649660588,0.3915068216346478,20.0,NASDAQ-100 Index x $20,213790.40000000002,3399908731.2000003,1877079712.0000002,1522829019.2,-388457156.8000001,445966774.40000004,4574045608.000001,5970738291.200001,-1396692683.2,442332337.6,-233031536.00000003,8120828344.000001,7994692008.000001,126136336.00000001,53875180.800000004,212935238.40000004,1426409548.8000002,1552332094.4,-125922545.60000001,-53661390.400000006,-212721448.00000003
2020-07-21,NASDAQ-100 Consolidated - CHICAGO MERCANTILE EXCHANGE,44441,13047,9905,3142,7.070047928714475,29.358025246956636,22.287977318242163,1075,2.4189374676537434,23372,26923,-3551,-7.990369253617155,52.59107580837515,60.5814450619923,37494,37903,-409,-0.9203213249026799,84.36803852298553,85.2883598478882,6947,6538,409,0.9203213249026799,15.63196147701447,14.711640152111787,10833.07,2020-07-27,2020-07-27,10674.38,-0.014648663767519277,2020-07-28,2020-07-28,10532.5,-0.027745597508370134,2020-07-29,2020-07-29,10662.98,-0.015700997039620357,2020-07-30,2020-07-30,10715.51,-0.010851956093701931,2020-07-31,2020-07-31,10905.88,0.006721086451024538,-0.014648663767519277,-0.013291638483921231,0.01238832186090666,0.004926390183607188,0.017765836623734987,0.021687442268309765,0.01342904078012852,-8.88041896337411,-3981.0,-6.253413049391085,2.6270059139830337,6.638916188754701,2982.0,4.681453576698146,-1.9574626120565597,-2.2415027746194096,-999.0,-0.6914146422517291,1.5500881323676907,2.2392634840266696,998.0,0.691414642251722,-1.5478488417749503,-0.027745597508370134,0.02432089887723432,0.00397025035377796,0.05224373146301109,0.07798066476077414,0.19970977756074704,0.35956012469226173,20.0,NASDAQ-100 Index x $20,216661.4,2826781285.7999997,2146031167.0,680750118.8,-862529033.4,-1007908832.8,5063810240.8,5833174872.2,-769364631.4,646084294.8,911494509.8,8123502531.599999,8212117044.2,-88614512.6,-216444738.6,-96414323.0,1505146745.8,1416532233.2,88614512.6,216228077.2,96414323.0
2020-07-28,NASDAQ-100 Consolidated - CHICAGO MERCANTILE EXCHANGE,44183,14488,9667,4821,10.911436525360433,32.79089242468823,21.879455899327795,597,1.3511984247334947,21619,27470,-5851,-13.24264988796596,48.930584161329016,62.173234049294976,36704,37734,-1030,-2.331213362605527,83.07267501075074,85.40388837335627,7479,6449,1030,2.331213362605527,16.92732498924926,14.596111626643731,10532.5,2020-08-03,2020-08-03,11055.08,0.04961595062900548,2020-08-04,2020-08-04,11096.54,0.05355233800142423,2020-08-05,2020-08-05,11125.44,0.05629622596724437,2020-08-06,2020-08-06,11267.08,0.06974412532637064,2020-08-07,2020-08-07,11139.39,0.057620697840018886,0.04961595062900548,0.003750312073725448,0.002604415430395468,0.012731181867863262,-0.011333016185205103,0.007626358199126493,-0.027745597508370134,3.8413885966459578,1679.0,3.4328671777315947,-0.40852141891436844,-5.252280634348805,-2300.0,-3.660491647046136,1.591788987302678,-1.410892037702847,-621.0,-1.2953635122347862,0.11552852546806491,1.410892037702847,621.0,1.2953635122347915,-0.11552852546805603,0.05355233800142423,0.032620935200569745,0.08227201519107541,0.11291811061001655,0.10125326370757182,0.2808155708521245,0.42007785426062183,20.0,NASDAQ-100 Index x $20,210650.0,3051897200.0,2036353550.0,1015543650.0,353681350.0,-830592950.0,4554042350.0,5786555500.0,-1232513150.0,-484495000.0,579919450.0,7731697600.0,7948667100.0,-216969500.0,-130813650.0,-250673500.0,1575451350.0,1358481850.0,216969500.0,130813650.0,250462850.0
2020-08-04,NASDAQ-100 Consolidated - CHICAGO MERCANTILE EXCHANGE,45713,14719,11067,3652,7.988974689913155,32.19871808894625,24.209743399033098,686,1.5006672062651762,22750,27139,-4389,-9.601207533961894,49.76702469756962,59.368232231531515,38155,38892,-737,-1.6122328440487388,83.46640999278104,85.07864283682979,7559,6821,738,1.6144204055739069,16.53577756874412,14.921357163170216,11096.54,2020-08-10,2020-08-10,11085.17,-0.0010246437177715562,2020-08-11,2020-08-11,10876.08,-0.019867454179410937,2020-08-12,2020-08-12,11157.72,0.0055134303125117246,2020-08-13,2020-08-13,11178.37,0.007374370749801296,2020-08-14,2020-08-14,11164.45,0.006119925670524218,-0.0010246437177715562,-0.01886213743226317,0.025895359357415382,0.0018507365304023526,-0.0012452620552012572,0.007151897535175422,0.05355233800142423,-2.922461835447278,-1169.0,-0.59217433574198,2.330287499705303,3.6414423540040666,1462.0,0.8364405362406018,-2.8050018177634612,0.7189805185567881,293.0,0.39373498203029555,-0.3252455365264808,-0.71679295703162,-292.0,-0.391547420505141,0.32524553652648436,-0.019867454179410937,0.02725984856540875,0.05634819502295296,0.10781018227303285,0.016524970846768294,0.21264105748278284,0.35730777341405506,20.0,NASDAQ-100 Index x $20,221930.80000000002,3266599445.2000003,2456108163.6000004,810491281.6,-259437105.20000002,-1173570070.4,5048925700.0,6022979981.200001,-974054281.2,324462829.6,934994460.4000001,8467769674.000001,8631332673.6,-163562999.60000002,65025724.400000006,-238575610.00000003,1677574917.2,1513789986.8000002,163784930.4,-64803793.6,238797540.8
2020-08-11,NASDAQ-100 Consolidated - CHICAGO MERCANTILE EXCHANGE,47013,13788,11288,2500,5.317678089039202,29.328058196669005,24.010380107629807,1337,2.843894242018165,24223,27509,-3286,-6.989556080233126,51.524046540318636,58.513602620551765,39348,40134,-786,-1.671877991193925,83.69599897900581,85.36787697019973,7665,6879,786,1.671877991193925,16.304001020994193,14.632123029800267,10876.08,2020-08-17,2020-08-17,11288.57,0.03792634846378462,2020-08-18,2020-08-18,11399.03,0.04808258122411768,2020-08-19,2020-08-19,11318.64,0.040691131363505884,2020-08-20,2020-08-20,11477.05,0.055256121690903326,2020-08-21,2020-08-21,11555.16,0.06243793719796109,0.03792634846378462,0.009785118930032866,-0.007052354454721299,0.013995497692302239,0.006805755834469629,0.02361592300884885,-0.019867454179410937,-2.671296600873953,-1152.0,-2.8706598922772457,-0.1993632914032908,2.6116514537287676,1103.0,1.757021842749019,-0.8546296109797495,-0.059645147145186206,-49.0,0.2295889862247691,0.28923413336994486,0.057457585620018126,48.0,-0.23177654774992718,-0.2892341333699484,0.04808258122411768,0.07776055343469324,0.1302656839596621,0.01766996932718401,0.06879408757567074,0.25845709115784365,0.38409978595229166,20.0,NASDAQ-100 Index x $20,217521.6,2999187820.8,2455383820.8,543804000.0,-250584883.20000002,-1005602356.8000001,5269025716.8,5983801694.400001,-714775977.6,239926324.8,706292635.2,8559039916.8,8730011894.4,-170971977.6,-10658558.4,-299309721.6,1667303064.0,1496331086.4,170971977.6,10441036.8,299092200.0
2020-08-18,NASDAQ-100 Consolidated - CHICAGO MERCANTILE EXCHANGE,45989,15576,11335,4241,9.221770423362107,33.86896866642023,24.64719824305812,605,1.315531975037509,21566,27044,-5478,-11.911544064885081,46.89382243579986,58.80536650068494,37748,38984,-1236,-2.687599208506382,82.0804975102742,84.76809671878058,8241,7005,1236,2.687599208506382,17.9195024897258,15.231903281219422,11399.03,2020-08-24,2020-08-24,11626.17,0.019926256883260995,2020-08-25,2020-08-25,11721.81,0.02831644446939774,2020-08-26,2020-08-26,11971.94,0.05025953962749452,2020-08-27,2020-08-27,11926.16,0.04624340843036645,2020-08-28,2020-08-28,11995.85,0.05235708652402882,0.019926256883260995,0.008226268840039186,0.02133885466493668,-0.003823941650225482,0.005843456737122388,0.03179722987019806,0.04808258122411768,3.9040923343229057,1741.0,4.540910469751225,0.6368181354283138,-4.921987984651955,-2192.0,-4.630224104518774,0.2917638801331748,-1.015721217312457,-450.0,-1.6155014687316083,-0.5997802514191477,1.015721217312457,450.0,1.6155014687316083,0.5997802514191548,0.02831644446939774,0.07841281231824104,-0.02901738130349696,0.0034950342265964718,0.05074642316056699,0.20832825249165943,0.3161497074751096,20.0,NASDAQ-100 Index x $20,227980.6,3551025825.6,2584160101.0,966865724.6,396914224.6,250550679.4,4916629619.6,6165507346.400001,-1248877726.8,-499733475.2,-439318616.2,8605811688.800001,8887595710.4,-281784021.6,-102591270.0,-188539956.20000002,1878788124.6000001,1597004103.0,281784021.6,102591270.0,188539956.20000002
2020-08-25,NASDAQ-100 Consolidated - CHICAGO MERCANTILE EXCHANGE,46997,15625,11681,3944,8.392025022873801,33.24680298742473,24.854777964550927,797,1.6958529267825606,21783,27110,-5327,-11.33476604889674,46.34976700640466,57.6845330553014,38205,39588,-1383,-2.942741026022938,81.29242292061195,84.2351639466349,8792,7408,1384,2.9448688214141328,18.707577079388045,15.762708257973912,11721.81,2020-08-31,2020-08-31,12110.7,0.033176616921789526,2020-09-01,2020-09-01,12292.86,0.04871687904854305,2020-09-02,2020-09-02,12420.54,0.059609394794831294,2020-09-03,2020-09-03,11771.37,0.004228015980467292,2020-09-04,2020-09-04,11622.13,-0.008503806152804105,0.033176616921789526,0.015041244519309327,0.01038651705136151,-0.05226584351405017,-0.012678218423174292,-0.04034201160956852,0.02831644446939774,-0.8297454004883065,-297.0,-0.6221656789955006,0.2075797214928059,0.5767780159883422,151.0,-0.5440554293952005,-1.1208334453835391,-0.25514181751655585,-147.0,-0.7880745896622443,-0.5329327721456849,0.25726961290775074,148.0,0.7880745896622443,0.5308049767544905,0.04871687904854305,-0.0557550412436304,-0.024137910442158517,-0.045678952311972165,0.03054135837383476,0.1256546557229643,0.3101799124879179,20.0,NASDAQ-100 Index x $20,234436.19999999998,3663065624.9999995,2738449252.2,924616372.8,-69627551.39999999,-205600547.39999998,5106723744.599999,6355565382.0,-1248841637.3999999,35399866.199999996,122844568.8,8956635021.0,9280860285.599998,-324225264.59999996,-34462121.4,-82755978.6,2061163070.3999999,1736703369.6,324459700.79999995,34696557.599999994,82990414.8
2020-09-01,NASDAQ-100 Consolidated - CHICAGO MERCANTILE EXCHANGE,49030,15861,14135,1726,3.52029369773608,32.349581888639605,28.82928819090353,988,2.0150928003263306,23184,26249,-3065,-6.2512747297572915,47.285335508872116,53.536610238629414,40034,41372,-1338,-2.7289414644095453,81.65204976544973,84.38099122985928,8996,7657,1339,2.7309810320212113,18.347950234550275,15.616969202529063,12292.86,2020-09-07,2020-09-08,11068.26,-0.09961880311009808,2020-09-08,2020-09-08,11068.26,-0.09961880311009808,2020-09-09,2020-09-09,11395.85,-0.07297000047181856,2020-09-10,2020-09-10,11154.12,-0.09263426086362325,2020-09-11,2020-09-11,11087.4,-0.09806180172880852,-0.09961880311009808,0.0,0.02959724473404135,-0.021212107916478318,-0.005981646243719885,0.0017292690992078974,0.04871687904854305,-4.871731325137721,-2218.0,-0.8972210987851241,3.974510226352603,5.083491319139448,2262.0,0.9355685024674543,-4.147922816671986,0.21379956161339253,45.0,0.35962684483777707,0.14582728322437788,-0.2138877893929214,-45.0,-0.35962684483776997,-0.14573905544484944,-0.09961880311009808,-0.06947040802547166,-0.09001078674938134,-0.07890027219052353,0.013216615173360813,0.06240126382306488,0.2676065618578589,20.0,NASDAQ-100 Index x $20,245857.2,3899541049.2000003,3475191522.0,424349527.20000005,-545311269.6,-473520967.20000005,5699953324.8,6453505642.8,-753552318.0,556128986.4,325514932.8,9842647144.800001,10171604078.4,-328956933.6,11063574.0,-147760177.20000002,2211731371.2000003,1882528580.4,329202790.8,-11063574.0,147760177.20000002
2020-09-08,NASDAQ-100 Consolidated - CHICAGO MERCANTILE EXCHANGE,50161,14256,17950,-3694,-7.364286995873289,28.420486034967407,35.7847730308407,779,1.5529993421183788,23529,24336,-807,-1.6088196008851499,46.90695959011981,48.51577919100497,38564,43065,-4501,-8.973106596758438,76.88044496720559,85.85355156396403,11596,7095,4501,8.973106596758438,23.11756145212416,14.144454855365723,11068.26,2020-09-14,2020-09-14,11277.76,0.018927997715991518,2020-09-15,2020-09-15,11438.87,0.0334840345275591,2020-09-16,2020-09-16,11247.6,0.016203088832390966,2020-09-17,2020-09-17,11080.95,0.0011465216754937835,2020-09-18,2020-09-18,10936.98,-0.011860942912436112,0.018927997715991518,0.014285638282779622,-0.01672105723729711,-0.014816494185426188,-0.01299256832672302,-0.03021699344550699,-0.09961880311009808,-10.884580693609369,-5420.0,-3.929095853672198,6.955484839937167,4.642455128872141,2258.0,-0.3783759187523046,-5.020831047624448,-6.2441651323488925,-3163.0,-4.771604798244141,1.472560334104756,6.2421255647372265,3162.0,4.769611217573885,-1.4725143471633402,0.0334840345275591,0.010671053986805568,0.02301084361950312,0.02014860511046912,0.1416175622907303,0.15596218375788062,0.416280427095135,20.0,NASDAQ-100 Index x $20,221365.2,3155782291.2000003,3973505340.0,-817723048.8000001,-1199799384.0,-1371136048.8000002,5208501790.8,5387143507.2,-178641716.4,499842621.6,548764330.8000001,8536727572.8,9533092338.0,-996364765.2,-700178127.6,-822371718.0,2566950859.2000003,1570586094.0,996364765.2,699956762.4000001,822371718.0
2020-09-15,NASDAQ-100 Consolidated - CHICAGO MERCANTILE EXCHANGE,69673,15438,31612,-16174,-23.21415756462331,22.15779426750678,45.371951832130094,1815,2.605026337318617,40292,29115,11177,16.042082298738393,57.830149412254386,41.788067113516,57545,62543,-4998,-7.173510542103828,82.5929700170798,89.76648055918362,12128,7130,4998,7.173510542103828,17.407029982920214,10.233519440816385,11438.87,2020-09-21,2020-09-21,10980.22,-0.04009574372293778,2020-09-22,2020-09-22,11186.37,-0.022073858694084292,2020-09-23,2020-09-23,10833.33,-0.05293704710342895,2020-09-24,2020-09-24,10896.47,-0.04741727111156968,2020-09-25,2020-09-25,11151.13,-0.025154582576775608,-0.04009574372293778,0.018774669359994833,-0.0315598357644169,0.005828309485633731,0.02337087148406769,0.01556526189821339,0.0334840345275591,-15.84987056875002,-12480.0,-6.262691767460627,9.587178801289397,17.65090189962354,11984.0,10.923189822134574,-6.727712077488967,1.79959605465461,-497.0,5.712525049874202,3.9129289952195876,-1.79959605465461,497.0,-5.710531469203946,-3.9109354145493374,-0.022073858694084292,-0.010133868118092138,-0.01290337244850237,0.05632549368949902,0.10115072555243643,0.1497883969308158,0.34479192437714556,20.0,NASDAQ-100 Index x $20,228777.40000000002,3531865501.2000003,7232111168.800001,-3700245667.6000004,-2855141952.0000005,-4670490621.0,9217899000.800001,6660854001.000001,2557044999.8,2741668361.6000004,3810287597.0000005,13164995483.000002,14308424928.2,-1143429445.2,-113702367.80000001,-860660578.8000001,2774612307.2000003,1631182862.0000002,1143429445.2,113702367.80000001,860660578.8000001
2020-09-22,NASDAQ-100 Consolidated - CHICAGO MERCANTILE EXCHANGE,66403,16676,43538,-26862,-40.452991581705646,25.11332319322922,65.56631477493487,692,1.0421215908919776,39234,15356,23878,35.95921870999804,59.08467990904025,23.125461199042213,56602,59586,-2984,-4.493772871707604,85.24012469316146,89.73389756486905,9801,6818,2983,4.492266915651402,14.759875306838547,10.267608391187146,11186.37,2020-09-28,2020-09-28,11364.45,0.015919373308767693,2020-09-29,2020-09-29,11322.95,0.012209501384273791,2020-09-30,2020-09-30,11418.06,0.020711812679180097,2020-10-01,2020-10-01,11583.2,0.03547442110353938,2020-10-02,2020-10-02,11255.69,0.006196827031467622,0.015919373308767693,-0.00365173853552081,0.008399754480943544,0.014463052392438058,-0.02827457006699363,-0.009570194774054186,-0.022073858694084292,-17.238834017082336,-10688.0,2.95552892572244,20.194362942804773,19.917136411259648,12701.0,1.2545304967858613,-18.662605914473787,2.679737670396224,2014.0,2.6471546760816693,-0.03258299431456635,-2.681243626452426,-2015.0,-2.6471546760816675,0.03408895037076043,0.012209501384273791,0.009377483491069816,0.0801689913707484,0.043934716981469446,0.13443950092836188,0.16371888289051761,0.34340004845182115,20.0,NASDAQ-100 Index x $20,223727.40000000002,3730878122.4000006,9740643541.2,-6009765418.8,-2391198451.2000003,-6892146284.400001,8777720811.6,3435557954.4000006,5342162857.200001,2841561707.4,6533958717.000001,12663418294.800001,13331020856.400002,-667602561.6,450586983.6,-358187567.40000004,2192752247.4,1525373413.2,667378834.2,-450810711.00000006,357740112.6
2020-09-29,NASDAQ-100 Consolidated - CHICAGO MERCANTILE EXCHANGE,55119,14857,30795,-15938,-28.915618933580074,26.954407735989406,55.87002666956947,897,1.627388015022043,29654,16769,12885,23.376694061938714,53.79996008635861,30.423266024419892,45408,48462,-3054,-5.540739128068361,82.38175583737005,87.92249496543842,9711,6657,3054,5.540739128068361,17.618244162629946,12.077505034561584,11322.95,2020-10-05,2020-10-05,11509.06,0.016436529349683537,2020-10-06,2020-10-06,11291.27,-0.002797857448809782,2020-10-07,2020-10-07,11503.19,0.015918113212546103,2020-10-08,2020-10-08,11550.94,0.02013521211345104,2020-10-09,2020-10-09,11725.85,0.03558259994082813,0.016436529349683537,-0.01892335255876665,0.01876848219907945,0.004151022455510134,0.015142490567867206,0.01883646448971521,0.012209501384273791,11.537372648125572,10924.0,1.8410845427601856,-9.696288105365397,-12.582524648059326,-10993.0,-5.284719822681637,7.297804825377678,-1.046966256360757,-70.0,-2.8583688557914115,-1.811402599430636,1.048472212416959,71.0,2.858368855791399,1.8098966433744383,-0.002797857448809782,0.06713974715069826,0.03134253882601268,0.024375273228266492,0.13428832592213147,0.13897261755991153,0.3044568774038565,20.0,NASDAQ-100 Index x $20,226459.0,3364501363.0,6973804905.0,-3609303542.0,2473838116.0,-4000171776.0,6715415186.0,3797490971.0,2917924215.0,-2489463787.0,3612021050.0,10283050272.0,10974656058.0,-691605786.0,-15852130.0,-388603644.0,2199143349.0,1507537563.0,691605786.0,16078589.0,388377185.0
2020-10-06,NASDAQ-100 Consolidated - CHICAGO MERCANTILE EXCHANGE,55500,14529,29531,-15002,-27.030630630630633,26.17837837837838,53.20900900900901,723,1.3027027027027027,30609,18584,12025,21.666666666666668,55.15135135135135,33.48468468468469,45861,48838,-2977,-5.363963963963965,82.63243243243244,87.99639639639639,9640,6662,2978,5.365765765765765,17.36936936936937,12.003603603603603,11291.27,2020-10-12,2020-10-12,12088.11,0.07057133519967196,2020-10-13,2020-10-13,12083.17,0.07013382905554466,2020-10-14,2020-10-14,11985.36,0.06147138452981826,2020-10-15,2020-10-15,11898.57,0.05378491524868312,2020-10-16,2020-10-16,11852.17,0.049675545797771115,0.07057133519967196,-0.00040866603629519105,-0.008094730108075932,-0.007241334428002233,-0.0038996282746581734,-0.019518353158599733,-0.002797857448809782,1.8849883029494414,936.0,-0.7760293576110264,-2.6610176605604607,-1.7100273952720464,-860.0,1.351391264992742,3.0614186602647955,0.17677516410439598,77.0,0.25067659506238726,0.07390143095797441,-0.17497336230259553,-76.0,-0.24887479326057615,-0.07390143095798152,0.07013382905554466,0.034236184237911305,0.027249370531392758,-0.0010060870034992453,0.13382994118464953,0.2025626878110256,0.2996013734504621,20.0,NASDAQ-100 Index x $20,225825.40000000002,3281017236.6000004,6668849887.400001,-3387832650.8,211372574.40000004,-2553633623.2000003,6912289668.6,4196739233.6000004,2715550435.0000005,-194209844.00000003,2897791532.8,10356578669.400002,11028860885.2,-672282215.8000001,17388555.8,344157909.6,2176956856.0,1504448814.8000002,672508041.2,-17162730.400000002,-343932084.20000005
2020-10-13,NASDAQ-100 Consolidated - CHICAGO MERCANTILE EXCHANGE,45242,14733,11160,3573,7.897528844878653,32.564873347774196,24.66734450289554,716,1.582600238716237,19981,26522,-6541,-14.457804694752664,44.16471420361611,58.62251889836877,35431,38398,-2967,-6.558065514345078,78.31439812563548,84.87246363998054,9812,6844,2968,6.56027584987401,21.687812209893462,15.12753636001945,12083.17,2020-10-19,2020-10-19,11634.35,-0.0371442262254027,2020-10-20,2020-10-20,11677.84,-0.03354500516006975,2020-10-21,2020-10-21,11665.37,-0.0345770191100514,2020-10-22,2020-10-22,11662.91,-0.034780608068909036,2020-10-23,2020-10-23,11692.57,-0.03232595419910511,-0.0371442262254027,0.0037380687361132647,-0.0010678344625375535,-0.0002108805807274905,0.0025431045939650065,0.005004147202035236,0.07013382905554466,34.92815947550928,18575.0,6.386494969395816,-28.54166450611347,-36.12447136141933,-18566.0,-10.986637147735244,25.13783421368408,-1.194101550381113,10.0,-4.31803430679696,-3.1239327564158543,1.194510084108245,-10.0,4.318442840524092,3.1239327564158472,-0.03354500516006975,-0.040073920999207924,-0.06647758824877914,-0.03797678920349534,0.0669460083736304,0.15751826714347317,0.21343240225867888,20.0,NASDAQ-100 Index x $20,241663.4,3560426872.2,2696963544.0,863463328.1999999,4488897655.0,4772127159.8,4828676395.4,6409396694.8,-1580720299.3999999,-4486722684.4,-4281792121.2,8562375925.4,9279391233.199999,-717015307.8,2416634.0,490818365.4,2371201280.7999997,1653944309.6,717256971.1999999,-2416634.0,-490576702.0
2020-10-20,NASDAQ-100 Consolidated - CHICAGO MERCANTILE EXCHANGE,43978,13223,12010,1213,2.758197280458411,30.06730638046296,27.309109100004548,752,1.709945882031925,20633,24831,-4198,-9.545681931875029,46.91664013825094,56.46232207012597,34608,37593,-2985,-6.787484651416617,78.69389240074582,85.48137705216244,9370,6385,2985,6.787484651416617,21.306107599254172,14.518622947837557,11677.84,2020-10-26,2020-10-26,11504.52,-0.014841785809704522,2020-10-27,2020-10-27,11598.95,-0.006755530132284693,2020-10-28,2020-10-28,11142.76,-0.04582011741897474,2020-10-29,2020-10-29,11350.74,-0.028010316976427196,2020-10-30,2020-10-30,11052.95,-0.0535107519883814,-0.014841785809704522,0.008208078216214165,-0.0393302842067601,0.018665034515685575,-0.026235293910352953,-0.03925152896426798,-0.03354500516006975,-5.1393315644202415,-2360.0,-2.4975669673112364,2.6417645971090096,4.912122762877635,2343.0,2.7519259346348335,-2.160196828242796,-0.22941913707153905,-18.0,0.3794942751103463,0.6089134121819058,0.2272088015426066,17.0,-0.3817046106392894,-0.6089134121818933,-0.006755530132284693,-0.03407565097655052,-0.004585608297424826,0.025659711042453015,0.1129232803326643,0.18252176772416817,0.3196550046926485,20.0,NASDAQ-100 Index x $20,233556.8,3088321566.3999996,2805017168.0,283304398.4,-551194048.0,6557107160.0,4818977454.4,5799448900.799999,-980471446.4,547223582.4,-6557340716.799999,8082933734.4,8780100782.4,-697167048.0,-4204022.399999999,-233556.8,2188427216.0,1491260168.0,697167048.0,3970465.5999999996,467113.6
2020-10-27,NASDAQ-100 Consolidated - CHICAGO MERCANTILE EXCHANGE,45535,13167,13265,-98,-0.21521906225980014,28.916218293620293,29.13143735588009,930,2.0423849785878994,22608,24474,-1866,-4.097946634457011,49.649719995607775,53.747666630064785,36706,38670,-1964,-4.313165696716811,80.61051938069616,84.92368507741298,8830,6866,1964,4.313165696716811,19.391676732184035,15.078511035467223,11598.95,2020-11-02,2020-11-02,11084.76,-0.04433073683393762,2020-11-03,2020-11-03,11279.91,-0.027505938037494793,2020-11-04,2020-11-04,11777.02,0.015352251712439369,2020-11-05,2020-11-05,12078.07,0.041307187288504466,2020-11-06,2020-11-06,12091.35,0.042452118510727166,-0.04433073683393762,0.01760525261710666,0.04407038708642186,0.025562493737804504,0.0010995134156368547,0.09080846134693044,-0.006755530132284693,-2.9734163427182114,-1311.0,-1.151088086842666,1.8223282558755436,5.447735297418018,2332.0,2.7330798573568345,-2.714655440061186,2.4743189546998057,1021.0,1.9166269799503368,-0.55769197474946,-2.4743189546998057,-1021.0,-1.9144308670701378,0.5598880876296661,-0.027505938037494793,0.0021846805098737487,0.03263571271537491,0.04145720086731974,0.16305269011419132,0.20358135865746463,0.34145676979381734,20.0,NASDAQ-100 Index x $20,231979.0,3054467493.0,3077201435.0,-22733942.0,-304124469.0,3674547360.0,5244581232.0,5677454046.0,-432872814.0,540975028.0,-3421922229.0,8515021174.0,8970627930.0,-455606756.0,236850559.0,252857110.0,2048374570.0,1592767814.0,455606756.0,-236850559.0,-252857110.0
2020-11-03,NASDAQ-100 Consolidated - CHICAGO MERCANTILE EXCHANGE,44591,13165,13103,62,0.1390415106187347,29.52389495638133,29.384853445762598,939,2.105806104370837,21691,23763,-2072,-4.646677580677715,48.64434527146734,53.291022852145055,35795,37805,-2010,-4.507636070058981,80.27404633221951,84.78168240227849,8796,6786,2010,4.507636070058981,19.725953667780495,15.218317597721514,11279.91,2020-11-09,2020-11-09,11830.39,0.048801807815842535,2020-11-10,2020-11-10,11624.29,0.03053038543747255,2020-11-11,2020-11-11,11892.93,0.05434617829397581,2020-11-12,2020-11-12,11827.14,0.048513684949613944,2020-11-13,2020-11-13,11937.84,0.058327593039306125,0.048801807815842535,-0.01742123463385392,0.023110228667729382,-0.005531858003032131,0.00935982832705129,0.009082540812264117,-0.027505938037494793,0.35426057287853485,160.0,0.6076766627610368,0.2534160898825064,-0.5487309462207044,-206.0,-1.005374724140438,-0.4566437779197301,-0.19447037334216954,-46.0,-0.3364730484766483,-0.14200267513449205,0.19447037334216954,46.0,0.3342769355964599,0.13980656225429122,0.03053038543747255,0.06184269200729431,0.07091368636806505,0.10420473212995485,0.19292795775852833,0.200778197698386,0.4160121844943798,20.0,NASDAQ-100 Index x $20,225598.2,2970000303.0,2956013214.6000004,13987088.4,36095712.0,3398411284.8,4893450556.2,5360890026.6,-467439470.40000004,-46473229.2,-3180257825.4,8075287569.0,8528739951.0,-453452382.0,-10377517.200000001,218153459.4,1984361767.2,1530909385.2,453452382.0,10377517.200000001,-218379057.60000002
2020-11-10,NASDAQ-100 Consolidated - CHICAGO MERCANTILE EXCHANGE,47620,13685,16741,-3056,-6.417471650566989,28.737925241495173,35.15539689206216,821,1.7240655186896263,24289,23727,562,1.1801763964720706,51.00587988240235,49.82570348593028,38795,41290,-2495,-5.239395212095758,81.46787064258714,86.7072658546829,8825,6330,2495,5.239395212095758,18.532129357412852,13.292734145317095,11624.29,2020-11-16,2020-11-16,12013.38,0.03347215184755359,2020-11-17,2020-11-17,11977.49,0.030384651449679945,2020-11-18,2020-11-18,11894.71,0.023263356299610516,2020-11-19,2020-11-19,11985.43,0.03106770391998137,2020-11-20,2020-11-20,11906.44,0.024272450188355554,0.03347215184755359,-0.002987502268304132,-0.006911297776078351,0.007626919866058124,-0.006590501967805862,-0.008901741225200488,0.03053038543747255,-6.556513161185723,-3118.0,-0.7859697148861571,5.770543446299559,5.826853977149786,2634.0,2.36153461093501,-3.4653193662147714,-0.7317591420367773,-485.0,1.1938243103676314,1.9255834524044104,0.7317591420367773,485.0,-1.193824310367642,-1.9255834524044193,0.030384651449679945,0.03918690948006276,0.07149167820142122,0.08701004534470469,0.17745513919559808,0.14856649309334147,0.3953488772217486,20.0,NASDAQ-100 Index x $20,232485.80000000002,3181568173.0000005,3892044777.8,-710476604.8000001,-724890724.4000001,-1541148368.2,5646847596.200001,5516190576.6,130657019.60000001,612367597.2,1651346637.4,9019286611.0,9599338682.0,-580052071.0,-112755613.00000001,109733297.60000001,2051687185.0000002,1471635114.0,580052071.0,112755613.00000001,-109965783.4
2020-11-17,NASDAQ-100 Consolidated - CHICAGO MERCANTILE EXCHANGE,47695,12507,15803,-3296,-6.910577628682252,26.222874515148337,33.13345214383059,901,1.8890869063843172,26264,24578,1686,3.5349617360310304,55.066568822727746,51.53160708669672,39672,41282,-1610,-3.3756158926512216,83.1785302442604,86.55414613691163,8022,6413,1609,3.373519236817277,16.81937309990565,13.445853863088375,11977.49,2020-11-23,2020-11-23,11905.94,-0.0059737056762309,2020-11-24,2020-11-24,12079.81,0.008542691331823171,2020-11-25,2020-11-25,12152.22,0.014588198362094129,2020-11-26,2020-11-27,12258.21,0.023437297797785694,2020-11-27,2020-11-27,12258.21,0.023437297797785694,-0.0059737056762309,0.014603634824297718,0.005994299579215268,0.008721863165742638,0.0,0.02958775199606234,0.030384651449679945,-0.49310597811526335,-240.0,-2.5150507263468356,-2.0219447482315687,2.3547853395589597,1124.0,4.060688940325399,1.7059036007664332,1.8637793194445362,885.0,1.7106596016732567,-0.15311971777127553,-1.865875975278481,-886.0,-1.712756257507202,0.15311971777128086,0.008542691331823171,0.03989483606331534,0.054955587522928395,0.051632687649916686,0.14997132120335732,0.10354339682187175,0.36170182567466136,20.0,NASDAQ-100 Index x $20,239549.8,2996049348.6,3785605489.3999996,-789556140.8,-57491952.0,-1080130048.2,6291535947.2,5887654984.4,403880962.79999995,269253975.2,1409511023.2,9503419665.6,9889094843.6,-385675178.0,212001573.0,329380975.0,1921668495.6,1536232867.3999999,385435628.2,-212241122.79999998,-329620524.8
2020-11-24,NASDAQ-100 Consolidated - CHICAGO MERCANTILE EXCHANGE,49452,13235,17795,-4560,-9.2210628488231,26.763326053546876,35.98438890236997,733,1.4822454096902047,26528,24049,2479,5.01294184259484,53.643937555609476,48.63099571301464,40496,42576,-2080,-4.206098843322819,81.88950901884657,86.09560786216937,8956,6875,2081,4.208121006228262,18.11049098115344,13.90236997492518,12079.81,2020-11-30,2020-11-30,12268.32,0.015605377899155615,2020-12-01,2020-12-01,12455.33,0.03108658165981093,2020-12-02,2020-12-02,12456.41,0.031175987039531172,2020-12-03,2020-12-03,12467.13,0.03206341821601488,2020-12-04,2020-12-04,12528.48,0.037142140480686425,0.015605377899155615,0.015243325899552795,8.670986637837608e-05,0.0008606010881144766,0.004920940104097715,0.02120583747407956,0.008542691331823171,-2.3104852201408486,-1264.0,0.5404515383985391,2.850936758539383,1.4779801065638094,793.0,-1.4226312671182697,-2.900611373682075,-0.8304829506715969,-470.0,-1.2890212254138333,-0.45853827474225284,0.8346017694109849,472.0,1.2911178812477893,0.4565161118368053,0.03108658165981093,0.046019763555883664,0.042725009747669906,0.050534735231762884,0.09229449800948863,0.1306245710818299,0.3499152718461631,20.0,NASDAQ-100 Index x $20,241596.19999999998,3197525707.0,4299204379.0,-1101678672.0,-305377596.79999995,-1078002244.3999999,6409063993.599999,5810147013.799999,598916979.8,191585786.6,1049735488.9999999,9783679715.199999,10286199811.199999,-502520095.99999994,-113550213.99999999,-28025159.2,2163735567.2,1660973874.9999998,502761692.2,114033406.39999999,28266755.4
2020-12-01,NASDAQ-100 Consolidated - CHICAGO MERCANTILE EXCHANGE,49193,13349,17874,-4525,-9.198463195983168,27.135974630536865,36.33443782652003,745,1.5144431118248531,26337,23623,2714,5.517045108043828,53.53810501494115,48.02105990689732,40431,42241,-1810,-3.679385278393267,82.18852275730288,85.86790803569613,8762,6952,1810,3.679385278393267,17.811477242697134,14.132091964303864,12455.33,2020-12-07,2020-12-07,12596.47,0.011331694945055704,2020-12-08,2020-12-08,12635.72,0.014482956292607208,2020-12-09,2020-12-09,12364.64,-0.007281220168393832,2020-12-10,2020-12-10,12401.74,-0.004302575684466015,2020-12-11,2020-12-11,12375.41,-0.006416530112008267,0.011331694945055704,0.0031159523263264433,-0.021453466838454838,0.0030004917247894447,-0.002123089179421611,-0.01754936105115157,0.03108658165981093,0.022599652839932816,35.0,0.3726485769899881,0.35004892415005884,0.5041032654489879,235.0,-0.10583254066832382,-0.6099358061173206,0.5267135649295516,270.0,0.29901373845630985,-0.22769982647324127,-0.5287357278349947,-271.0,-0.2990137384563063,0.2297219893786835,0.014482956292607208,0.011287537142733228,0.018861804544721084,0.031164168271735848,0.048543073527558045,0.09628488366024834,0.2955032102722288,20.0,NASDAQ-100 Index x $20,249106.6,3325324003.4,4452531368.400001,-1127207365.0,8718731.0,-1142651974.2,6560720524.2,5884645211.8,676075312.4,58540051.0,1192224187.6000001,10071628944.6,10522511890.6,-450882946.0,67258782.0,49821320.0,2182672029.2000003,1731789083.2,450882946.0,-67507888.60000001,-49821320.0
2020-12-08,NASDAQ-100 Consolidated - CHICAGO MERCANTILE EXCHANGE,48901,14001,12187,1814,3.7095355923191757,28.631316332999322,24.92178074068015,856,1.7504754503997872,25171,28791,-3620,-7.402711600989755,51.47338500235169,58.876096603341445,40028,41834,-1806,-3.6931760086705796,81.8551767857508,85.54835279442138,8874,7067,1807,3.695220956626654,18.14686816220527,14.451647205578618,12635.72,2020-12-14,2020-12-14,12462.21,-0.01373170662217904,2020-12-15,2020-12-15,12595.92,-0.0031498007236626657,2020-12-16,2020-12-16,12668.16,0.0025673250119502278,2020-12-17,2020-12-17,12752.06,0.009207231562586182,2020-12-18,2020-12-18,12738.18,0.008108758345389155,-0.01373170662217904,0.010729236628174377,0.005735190442619498,0.006622903405072211,-0.0010884515913506254,0.02214454739568672,0.014482956292607208,12.907998788302343,6339.0,1.4953417024624578,-11.412657085839882,-12.919756709033582,-6334.0,-2.0647200125894614,10.855036696444124,-0.01379073027731259,4.0,-0.33334597155207746,-0.319555241274756,0.01583567823338683,-3.0,0.3353909195081357,0.3195552412747542,-0.0031498007236626657,0.004316334961521839,0.016443067747623497,0.01318959267853348,0.012565172384320089,0.09300142769861952,0.2920245146299538,20.0,NASDAQ-100 Index x $20,252714.4,3538254314.4,3079830392.7999997,458423921.59999996,1601956581.6,1230719128.0,6361074162.4,7275900290.4,-914826128.0,-1600693009.6,-1056851620.8,10115652003.199999,10572054209.6,-456402206.4,1010857.6,174120221.6,2242587585.6,1785932664.8,456654920.8,-758143.2,-173867507.2
2020-12-15,NASDAQ-100 Consolidated - CHICAGO MERCANTILE EXCHANGE,55366,15015,12608,2407,4.3474334429071995,27.11953184264711,22.772098399739914,858,1.5496875338655494,28827,33432,-4605,-8.317378896795868,52.066250045154064,60.38362894194993,44700,46899,-2199,-3.971751616515551,80.73546942166672,84.70722103818228,10665,8467,2198,3.969945453888668,19.26272441570639,15.29277896181772,12595.92,2020-12-21,2020-12-21,12690.26,0.007489726832180521,2020-12-22,2020-12-22,12717.56,0.009657095313402975,2020-12-23,2020-12-23,12653.14,0.0045427408240128475,2020-12-24,2020-12-24,12711.01,0.009137085659483457,2020-12-25,2020-12-28,12838.86,0.019287197759274566,0.007489726832180521,0.002151256160236148,-0.005065437080697843,0.004573568300042519,0.010058209379113059,0.011709767963776985,-0.0031498007236626657,0.6378978505880237,593.0,-1.5117844903522126,-2.1496823409402346,-0.9146672958061126,-985.0,0.592865042802373,1.5075323386084847,-0.27857560784497126,-393.0,-1.1197073640840784,-0.8411317562390934,0.2747244972620142,391.0,1.1158562535011214,0.8411317562391023,0.007489726832180521,0.01965477710242669,0.016391021854695653,0.02351316934372405,0.04416985817629837,0.11388528983988455,0.2634964337658543,20.0,NASDAQ-100 Index x $20,251918.4,3782554776.0,3176187187.2,606367588.8,149387611.2,1436690635.2,7262051716.8,8422135948.8,-1160084232.0,-248139624.0,-1584818654.3999999,11260752480.0,11814721041.6,-553968561.6,-99003931.2,-148379937.6,2686709736.0,2132993092.8,553716643.1999999,98500094.39999999,148379937.6
2020-12-21,NASDAQ-100 Consolidated - CHICAGO MERCANTILE EXCHANGE,42541,14062,7823,6239,14.66585176653111,33.05517030629275,18.389318539761643,417,0.9802308361345525,21565,27775,-6210,-14.597682235960601,50.692273336310855,65.28995557227145,36044,36015,29,0.06816953057050845,84.72767447873815,84.65950494816765,6497,6526,-29,-0.06816953057050845,15.272325521261843,15.34049505183235,12690.26,2020-12-28,2020-12-28,12838.86,0.011709767963776985,2020-12-29,2020-12-29,12843.49,0.01207461470450566,2020-12-30,2020-12-30,12845.36,0.012221971811452237,2020-12-31,2020-12-31,12888.28,0.0156040932179482,2021-01-01,2021-01-04,12694.66,0.0003467226045801297,0.011709767963776985,0.00036062391832292207,0.0001455990544627639,0.0033412843236779732,-0.015022951084240899,-0.011231526786646184,0.007489726832180521,10.318418323623911,3832.0,5.935638463645642,-4.382779859978271,-6.280303339164734,-1605.0,-1.3739767088432089,4.906326630321523,4.039921147086059,2228.0,3.9922050570714305,-0.04771609001463162,-4.038114984459177,-2227.0,-3.9903988944445477,0.04771609001462984,0.01207461470450566,0.008835122369439175,0.01590432347327786,0.024135045302460467,0.025809557881398826,0.12451754337578591,0.259728327079193,20.0,NASDAQ-100 Index x $20,253805.2,3569008722.4,1985518079.6000001,1583490642.8000002,972581526.4000001,2740842354.8,5473309138.0,7049439430.0,-1576130292.0,-407357346.0,-2205313382.8,9148154628.800001,9140794278.0,7360350.800000001,565477985.6,535275166.8,1648972384.4,1656332735.2,-7360350.800000001,-565224180.4,-535528972.0
2020-12-29,NASDAQ-100 Consolidated - CHICAGO MERCANTILE EXCHANGE,43377,14140,10181,3959,9.12695668211264,32.5979205569772,23.47096387486456,331,0.7630772068146714,21829,26383,-4554,-10.498651359015145,50.32390437328538,60.82255573230053,36301,36895,-594,-1.3693893076976278,83.68720750628214,85.05659681397975,7077,6482,595,1.371694676902506,16.315097862922748,14.943403186020241,12843.49,2021-01-04,2021-01-04,12694.66,-0.011587971805171349,2021-01-05,2021-01-05,12802.38,-0.003200843384469576,2021-01-06,2021-01-06,12623.35,-0.0171402009889835,2021-01-07,2021-01-07,12939.57,0.007480832702014828,2021-01-08,2021-01-08,13105.2,0.02037686018364182,-0.011587971805171349,0.008485457664876295,-0.013984118577951787,0.025050402626877855,0.012800270797252322,0.03233958215501653,0.01207461470450566,-5.538895084418471,-2280.0,-0.45724974931555096,5.081645335102916,4.099030876945456,1656.0,-0.3683689630254747,-4.467399839970923,-1.4375588382681364,-623.0,-1.0404669724560165,0.39709186581210076,1.4398642074730144,624.0,1.0427723416609052,-0.39709186581210965,-0.003200843384469576,0.003784018206889339,0.011916542933424035,0.05035235749784528,0.004129718635666801,0.13464097375401862,0.2838146017943721,20.0,NASDAQ-100 Index x $20,256869.8,3632138972.0,2615191433.7999997,1016947538.1999999,-585663144.0,2179283383.2,5607210864.2,6776995933.4,-1169785069.2,425376388.79999995,-1866929706.3999999,9324630609.8,9477211271.0,-152580661.2,-160029885.4,312353676.8,1817867574.6,1665030043.6,152837531.0,160286755.2,-312096807.0
2021-01-05,NASDAQ-100 Consolidated - CHICAGO MERCANTILE EXCHANGE,44180,14466,9309,5157,11.6727025803531,32.74332277048438,21.07062019013128,505,1.1430511543684927,22262,27875,-5613,-12.704843820733364,50.38931643277501,63.09416025350838,37233,37689,-456,-1.0321412403802626,84.27569035762788,85.30783159800815,6946,6490,456,1.0321412403802626,15.7220461747397,14.689904934359438,12802.38,2021-01-11,2021-01-11,12902.49,0.007819639785727306,2021-01-12,2021-01-12,12892.09,0.007007290831861024,2021-01-13,2021-01-13,12973.63,0.013376419072078871,2021-01-14,2021-01-14,12898.69,0.007522819975660955,2021-01-15,2021-01-15,12803.93,0.00012107123831661681,0.007819639785727306,-0.0008060459647710738,0.006324808467827792,-0.005776332452829269,-0.007346482472251115,-0.007638835604600325,-0.003200843384469576,2.54574589824046,1198.0,0.1454022135071824,-2.4003436847332793,-2.206192461718219,-1059.0,0.06541205948963125,2.2716045212078484,0.33724806731736523,138.0,0.588482851345745,0.25123478402839794,-0.33955343652224346,-139.0,-0.5930516881830474,-0.25349825166080286,0.007007290831861024,0.01516593008487499,0.053725166726811935,0.051063942798136086,0.0606199784727528,0.154969622835754,0.2716174648776244,20.0,NASDAQ-100 Index x $20,256047.59999999998,3703984581.5999994,2383547108.3999996,1320437473.1999998,306745024.79999995,855967126.8,5700131671.2,7137326849.999999,-1437195178.8,-271154408.4,-510302866.79999995,9533420290.8,9650177996.4,-116757705.6,35334568.8,345664259.99999994,1778506629.6,1661748923.9999998,116757705.6,-35590616.4,-345920307.59999996
2021-01-12,NASDAQ-100 Consolidated - CHICAGO MERCANTILE EXCHANGE,46458,15673,11590,4083,8.788583236471652,33.7358474320892,24.947264195617546,466,1.0030565241723708,23372,27380,-4008,-8.627147100606999,50.307804899048605,58.9349519996556,39511,39436,75,0.16143613586465194,85.04670885531017,84.88527271944552,6947,7022,-75,-0.16143613586465194,14.953291144689828,15.11472728055448,12892.09,2021-01-18,2021-01-19,12996.54,0.008101867113865957,2021-01-19,2021-01-19,12996.54,0.008101867113865957,2021-01-20,2021-01-20,13296.45,0.03136496875215733,2021-01-21,2021-01-21,13404.99,0.03978408465966332,2021-01-22,2021-01-22,13366.4,0.03679077635976791,0.008101867113865957,0.0,0.02307614180389539,0.008163081123156779,-0.002878778723445552,0.028458343528354302,0.007007290831861024,-2.884119343881448,-1074.0,0.9925246616048184,3.8766440054862663,4.077696720126365,1605.0,-0.08151153372640607,-4.159208253852775,1.1935773762449144,531.0,0.7710184976822916,-0.42255887856262575,-1.1935773762449144,-531.0,-0.7687550300498724,0.42482234619504133,0.008101867113865957,0.04639278813598113,0.04375008241487621,0.06166494338776718,0.08488926155495347,0.15377258458481147,0.228979940413075,20.0,NASDAQ-100 Index x $20,257841.8,4041154531.3999996,2988386462.0,1052768069.4,-276922093.2,432142856.79999995,6026278549.599999,7059708484.0,-1033429934.4,413836089.0,153931554.6,10187587359.8,10168249224.8,19338135.0,136913995.79999998,586332253.1999999,1791226984.6,1810565119.6,-19338135.0,-136913995.79999998,-586074411.4
2021-01-19,NASDAQ-100 Consolidated - CHICAGO MERCANTILE EXCHANGE,47010,17135,10813,6322,13.448202510104231,36.4496915549883,23.001489044884067,361,0.7679217187832376,22840,28181,-5341,-11.361412465432887,48.58540736013614,59.94681982556903,40336,39355,981,2.0867900446713468,85.80302063390768,83.71623058923633,6674,7656,-982,-2.0889172516485854,14.196979366092322,16.285896617740907,12996.54,2021-01-25,2021-01-25,13483.29,0.03745227575954835,2021-01-26,2021-01-26,13490.19,0.03798318629419817,2021-01-27,2021-01-27,13112.65,0.00893391625771156,2021-01-28,2021-01-28,13201.53,0.015772659492449437,2021-01-29,2021-01-29,12925.38,-0.005475303426912159,0.03745227575954835,0.0005117445371269902,-0.027986262610089296,0.006778187475453112,-0.020918029955618866,-0.04137788329109604,0.008101867113865957,4.659619273632579,2239.0,2.713844122899097,-1.9457751507334784,-2.7342653648258874,-1333.0,-1.7223975389124675,1.011867825913427,1.9253539088066949,906.0,0.7563117785975066,-1.169042130209192,-1.9274811157839336,-907.0,-0.7563117785975066,1.1711693371864271,0.03798318629419817,0.035361719349919385,0.05313260298510203,0.05980283983275547,0.0625366443684241,0.13324084717932605,0.1703699600047397,20.0,NASDAQ-100 Index x $20,259930.80000000002,4453914258.0,2810631740.4,1643282517.6000001,581985061.2,21574256.400000002,5936819472.0,7325109874.8,-1388290402.8000002,-346487756.40000004,225879865.20000002,10484568748.800001,10229576634.0,254992114.8,235497304.8,247454121.60000002,1734778159.2,1990030204.8000002,-255252045.60000002,-235757235.60000002,-247714052.4
2021-01-26,NASDAQ-100 Consolidated - CHICAGO MERCANTILE EXCHANGE,46412,17583,9651,7932,17.09040765319314,37.88459881065242,20.794191157459277,590,1.271222959579419,21240,28230,-6990,-15.060760148237526,45.764026544859085,60.82478669309661,39414,38471,943,2.0318021201413425,84.92200293027665,82.89020081013531,6998,7941,-943,-2.0318021201413425,15.077997069723349,17.10979918986469,13490.19,2021-02-01,2021-02-01,13248.9,-0.017886330733666522,2021-02-02,2021-02-02,13456.12,-0.0025255389286584773,2021-02-03,2021-02-03,13402.37,-0.006509915723944548,2021-02-04,2021-02-04,13560.89,0.005240845384683057,2021-02-05,2021-02-05,13603.96,0.008433535776738443,-0.017886330733666522,0.015640543743254298,-0.003994464972072231,0.01182775882176057,0.0031760452300697573,0.02679920597181651,0.03798318629419817,3.6422051430889084,1610.0,1.4349072556641218,-2.20729788742479,-3.699347682804639,-1649.0,-2.8213808152770525,0.8779668675275829,-0.05498792453000423,-38.0,-0.8810177036310307,-0.8260297791010203,0.0571151315072429,39.0,0.8810177036310272,0.8239025721237851,-0.0025255389286584773,0.01459505018090912,0.02102120133222729,-0.021903323822718646,0.034846803492019074,0.10872938038678459,0.048845123752890185,20.0,NASDAQ-100 Index x $20,269803.8,4743960215.4,2603876473.7999997,2140083741.6,434384118.0,1071930497.4,5730632712.0,7616561274.0,-1885928562.0,-444906466.2,-657242056.8,10634046973.199999,10379621989.8,254424983.39999998,-10252544.4,414688440.59999996,1888086992.3999999,2142511975.8,-254424983.39999998,10522348.2,-414958244.4
2021-02-02,NASDAQ-100 Consolidated - CHICAGO MERCANTILE EXCHANGE,46946,17434,11621,5813,12.382311592041921,37.13628424146892,24.753972649427,442,0.9415072636646359,21172,27492,-6320,-13.462275806245474,45.09862395092233,58.5608997571678,39048,39554,-506,-1.077834107272185,83.17641545605589,84.25424956332807,7898,7392,506,1.077834107272185,16.823584543944108,15.745750436671921,13456.12,2021-02-08,2021-02-08,13695.02,0.017754003382847383,2021-02-09,2021-02-09,13687.08,0.01716393730139143,2021-02-10,2021-02-10,13655.27,0.014799957194198576,2021-02-11,2021-02-11,13734.35,0.020676837007993276,2021-02-12,2021-02-12,13807.7,0.026127888276858302,0.017754003382847383,-0.0005797727933219976,-0.0023240895793696925,0.005791170734815276,0.005340624055743426,0.008227808356614297,-0.0025255389286584773,-4.708096061151219,-2119.0,-0.7483145691834991,3.9597814919677212,1.5984843419920516,670.0,-0.6654025939367543,-2.2638869359288094,-3.1096362274135276,-1449.0,-1.7455874742207556,1.3640487531927619,3.1096362274135276,1449.0,1.745587474220759,-1.3640487531927707,0.01716393730139143,0.023606359039604285,-0.019426848155337573,-0.029441622102062137,0.006580648805153189,0.11929887664497629,0.11619694235782663,20.0,NASDAQ-100 Index x $20,269122.4,4691879921.6,3127471410.4,1564408511.2,-570270365.6,176544294.4,5697859452.8,7398713020.8,-1700853568.0000002,180312008.00000003,-190269536.8,10508691475.2,10644867409.6,-136175934.4,-389958357.6,-13456120.000000002,2125528715.2000003,1989352780.8000002,136175934.4,389958357.6,13456120.000000002
2021-02-09,NASDAQ-100 Consolidated - CHICAGO MERCANTILE EXCHANGE,46874,16606,11473,5133,10.950633613517088,35.426889106967614,24.476255493450527,467,0.9962879208089772,22138,27516,-5378,-11.473311430643854,47.228740879805436,58.70205231044929,39211,39456,-245,-0.5226778171267653,83.65191790758203,84.1745957247088,7664,7418,246,0.5248111959721807,16.35021547126339,15.825404275291206,13687.08,2021-02-15,2021-02-16,13773.77,0.006333710331202891,2021-02-16,2021-02-16,13773.77,0.006333710331202891,2021-02-17,2021-02-17,13699.71,0.0009227680411014738,2021-02-18,2021-02-18,13637.51,-0.003621663641916295,2021-02-19,2021-02-19,13580.78,-0.007766448358597966,0.006333710331202891,0.0,-0.005376886647591839,-0.004540242092715752,-0.004159850295251788,-0.01401141444934828,0.01716393730139143,-1.4316779785248333,-680.0,-1.7093951345013068,-0.27771715597647173,1.9889643756016202,942.0,2.1301169288831048,0.14115255328148635,0.5551562901454198,261.0,0.4755024515261397,-0.07965383861927933,-0.5530229113000044,-260.0,-0.47336907268071826,0.07965383861928466,0.006333710331202891,-0.03597334128243579,-0.045819122851623484,-0.0652140558833586,-0.02453481677611291,0.09983867998141305,0.07744164569798673,20.0,NASDAQ-100 Index x $20,273741.6,4545753009.599999,3140637376.7999997,1405115632.8,-186144287.99999997,287428680.0,6060091540.799999,7532273865.599999,-1472182324.8,257864587.2,-375025991.99999994,10733681877.599998,10800748569.599998,-67066691.99999999,71446557.6,-87597312.0,2097955622.3999999,2030615188.7999997,67340433.6,-71172816.0,87871053.6
2021-02-16,NASDAQ-100 Consolidated - CHICAGO MERCANTILE EXCHANGE,47071,15044,10823,4221,8.967304709906312,31.960230290412355,22.992925580506043,1025,2.1775615559473986,23468,27711,-4243,-9.014042616472988,49.85659960485224,58.870642221325234,39537,39559,-22,-0.046737906566675876,83.994391451212,84.04112935777867,7534,7512,22,0.046737906566675876,16.005608548788,15.958870642221326,13773.77,2021-02-22,2021-02-22,13223.74,-0.03993314829563732,2021-02-23,2021-02-23,13194.71,-0.0420407775068119,2021-02-24,2021-02-24,13302.19,-0.03423753990374456,2021-02-25,2021-02-25,12828.31,-0.06864206386486782,2021-02-26,2021-02-26,12909.44,-0.0627518827452469,-0.03993314829563732,-0.0021952942208482984,0.008145688688876218,-0.03562420924674814,0.006324293691063021,-0.02376785992465058,0.006333710331202891,-1.9833289036107757,-912.0,-3.4666588165552596,-1.483329912944484,2.4592688141708656,1135.0,2.6278587250468064,0.16858991087594433,0.47593991056008944,223.0,0.3424735436299642,-0.13346636693012215,-0.47807328940550486,-224.0,-0.34460692247538915,0.13346636693012037,-0.0420407775068119,-0.051824591233917805,-0.07109745552597446,-0.04512127035662716,-0.04037311498594798,0.0892319241572932,0.061497324261984954,20.0,NASDAQ-100 Index x $20,275475.4,4144251917.6000004,2981470254.2000003,1162781663.4,-251233564.8,-578773815.4000001,6464856687.200001,7633698809.400001,-1168842122.2,312664579.0,302471989.20000005,10891470889.800001,10897531348.6,-6060458.800000001,61431014.2,-276301826.20000005,2075431663.6000001,2069371204.8000002,6060458.800000001,-61706489.60000001,276577301.6
2021-02-23,NASDAQ-100 Consolidated - CHICAGO MERCANTILE EXCHANGE,48014,13507,14585,-1078,-2.245178489607198,28.13137834798184,30.376556837589035,1008,2.0993876785937435,25856,25276,580,1.2079810055400508,53.85096013662681,52.64297913108676,40371,40869,-498,-1.0371974840671472,84.0817261632024,85.11892364726955,7643,7145,498,1.0371974840671472,15.9182738367976,14.881076352730455,13194.71,2021-03-01,2021-03-01,13282.95,0.006687528562583145,2021-03-02,2021-03-02,13059.95,-0.010213183919919322,2021-03-03,2021-03-03,12683.33,-0.03875644102826048,2021-03-04,2021-03-04,12464.0,-0.05537901174031101,2021-03-05,2021-03-05,12668.51,-0.039879618422837604,0.006687528562583145,-0.0167884393150618,-0.028837782686763846,-0.01729277721229361,0.016408055198973148,-0.0462577966490878,-0.0420407775068119,-11.21248319951351,-5299.0,-3.8288519424305143,7.3836312570829925,10.222023622013038,4823.0,3.994360531774568,-6.227663090238472,-0.9904595775004713,-476.0,0.08733471199040821,1.0777942894908819,0.9904595775004713,476.0,-0.0873347119904011,-1.0777942894908712,-0.010213183919919322,-0.030331852689448935,-0.0032156826485765233,-0.013408403822440795,0.035091335845956584,0.1639270586469881,0.0512190112552684,20.0,NASDAQ-100 Index x $20,263894.19999999995,3564418959.399999,3848896906.9999995,-284477947.59999996,-1398375365.7999997,-2377686741.9999995,6823248435.199999,6670189799.199999,153058635.99999997,1272761726.5999997,1997679093.9999998,10653672748.199999,10785092059.799997,-131419311.59999998,-125613639.19999997,-380271542.1999999,2016943370.5999997,1885524058.9999998,131419311.59999998,125613639.19999997,380271542.1999999
2021-03-02,NASDAQ-100 Consolidated - CHICAGO MERCANTILE EXCHANGE,48803,11323,16021,-4698,-9.626457389914554,23.201442534270434,32.82789992418499,1388,2.844087453640145,29025,23066,5959,12.21031493965535,59.47380283998934,47.26348790033399,41736,40476,1260,2.5818084953793825,85.51933282789992,82.93752433252054,7067,8327,-1260,-2.5818084953793825,14.480667172100075,17.062475667479458,13059.95,2021-03-08,2021-03-08,12299.08,-0.05825979425648653,2021-03-09,2021-03-09,12794.49,-0.020326264648792725,2021-03-10,2021-03-10,12752.07,-0.02357436284212433,2021-03-11,2021-03-11,13052.9,-0.0005398182994575951,2021-03-12,2021-03-12,12937.29,-0.009392072710844968,-0.05825979425648653,0.04028024860396062,-0.0033154897147131823,0.023590679787673707,-0.008857035601283925,0.05189087313847862,-0.010213183919919322,-7.381278900307356,-3620.0,-4.929935813711406,2.451343086595955,11.002333934115299,5379.0,5.6228427033625294,-5.37949123075277,3.6190059794465297,1758.0,1.4376066646975119,-2.181399314749015,-3.6190059794465297,-1758.0,-1.4376066646975243,2.1813993147490027,-0.020326264648792725,0.007069705473604415,-0.0032281900007273823,-0.012513064751396463,0.04553156788502255,0.19315234744390297,0.07243825588918784,20.0,NASDAQ-100 Index x $20,261199.0,2957556277.0,4184669179.0,-1227112902.0,-945540380.0,-2745462689.0,7581300975.0,6024816134.0,1556484841.0,1404989421.0,3207262521.0,10901401464.0,10572290724.0,329110740.0,459187842.0,461277434.0,1845893333.0,2175004073.0,-329110740.0,-459187842.0,-461277434.0
2021-03-09,NASDAQ-100 Consolidated - CHICAGO MERCANTILE EXCHANGE,50706,12491,14990,-2499,-4.92841083895397,24.63416558198241,29.562576420936377,1289,2.5421054707529684,29889,25054,4835,9.535360706819706,58.94568690095847,49.41032619413876,43669,41332,2337,4.608922021062596,86.12195795369384,81.51303593263125,7037,9373,-2336,-4.606949867865736,13.878042046306158,18.484991914171893,12794.49,2021-03-15,2021-03-15,13082.54,0.022513597650238637,2021-03-16,2021-03-16,13152.28,0.027964381542367134,2021-03-17,2021-03-17,13202.38,0.03188012964956011,2021-03-18,2021-03-18,12789.14,-0.0004181487499697045,2021-03-19,2021-03-19,12866.99,0.005666501751925956,0.022513597650238637,0.005330769101413058,0.003809225472693578,-0.03130041704601749,0.00608719585523354,-0.016476158299535193,-0.020326264648792725,4.698046550960584,2199.0,1.4327230477119741,-3.265323503248613,-2.6749542328356437,-1124.0,-0.5281159390308687,2.1468382938047696,2.0271135256832133,1077.0,0.6026251257939208,-1.4244883998892846,-2.0251413724863534,-1076.0,-0.6026251257939172,1.4225162466924353,0.027964381542367134,0.017452825395932292,0.007975308120917735,0.0612740328063095,0.07943810187041467,0.22519615865892284,0.03697841805339652,20.0,NASDAQ-100 Index x $20,255889.8,3196319491.7999997,3835788102.0,-639468610.1999999,562701670.1999999,-1952950953.6,7648290232.2,6411063049.2,1237227183.0,-287620135.2,2613402527.4,11174451676.199999,10576437213.6,598014462.6,275593314.59999996,660707463.6,1800696522.6,2398455095.4,-597758572.8,-275337424.8,-660707463.6
2021-03-16,NASDAQ-100 Consolidated - CHICAGO MERCANTILE EXCHANGE,51477,11413,13879,-2466,-4.790488956232881,22.171066689978048,26.96155564621093,1276,2.478776929502496,31531,27577,3954,7.6811002972201186,61.252598247761135,53.571497950541016,44221,42732,1489,2.89255395613575,85.9043844823902,83.01183052625444,7256,8745,-1489,-2.89255395613575,14.095615517609804,16.988169473745558,13152.28,2021-03-22,2021-03-22,13086.51,-0.005000653879023265,2021-03-23,2021-03-23,13017.79,-0.010225603469512512,2021-03-24,2021-03-24,12798.88,-0.026869865909180835,2021-03-25,2021-03-25,12780.51,-0.0282665819158352,2021-03-26,2021-03-26,12979.12,-0.013165778100831194,-0.005000653879023265,-0.005251209069492169,-0.01681621842109926,-0.0014352818371606846,0.015540068432323917,-0.008206160389591988,0.027964381542367134,0.13792188272108863,33.0,-2.4630988920043606,-2.6010207747254483,-1.8542604095995872,-881.0,2.3069113468026643,4.161171756402254,-1.7163680649268458,-848.0,-0.2175734713036377,1.4987945936231881,1.7143959117299858,847.0,0.21757347130364657,-1.4968224404263353,-0.010225603469512512,-0.019445297697433417,0.03240350722460272,0.06342702558035551,0.06676637054563916,0.16959949149501075,0.023287217121289894,20.0,NASDAQ-100 Index x $20,263045.60000000003,3002139432.8,3650809882.4000006,-648670449.6000001,8680504.8,-1758985927.2000003,8294090813.600001,7254008511.200001,1040082302.4000001,-231743173.60000002,2156184783.2000003,11632139477.600002,11240464579.2,391674898.40000004,-223062668.80000004,397461901.6,1908658873.6000001,2300333772.0000005,-391674898.40000004,222799623.20000002,-397461901.6
2021-03-23,NASDAQ-100 Consolidated - CHICAGO MERCANTILE EXCHANGE,44355,9946,12478,-2532,-5.708488332769699,22.42362755044527,28.13211588321497,423,0.9536692593845113,27602,23739,3863,8.709277420809379,62.22973734640965,53.52045992560027,37972,36640,1332,3.0030436252959083,85.60928869349566,82.60624506819975,6383,7715,-1332,-3.0030436252959083,14.39071130650434,17.39375493180025,13017.79,2021-03-29,2021-03-29,12965.74,-0.003998374532082738,2021-03-30,2021-03-30,12896.53,-0.009314945163503174,2021-03-31,2021-03-31,13091.44,0.005657642349431002,2021-04-01,2021-04-01,13329.52,0.023946460958426785,2021-04-02,2021-04-05,13598.16,0.044582836257152536,-0.003998374532082738,-0.005337913609250178,0.015113367704336023,0.018185929126207645,0.020153763976497263,0.04877623645083129,-0.010225603469512512,-0.9179993765368177,-66.0,0.2525608604672236,1.1705602370040395,1.02817712358926,-91.0,0.9771390986485144,-0.05103802494074472,0.11048966916015823,-157.0,-0.29509578889454247,-0.4055854580546878,-0.11048966916015823,157.0,0.29509578889453536,0.4055854580546914,-0.009314945163503174,0.04306952255336727,0.07441355253080584,0.06080217917173325,0.09622447435394177,0.15440255219972054,0.12571565526867445,20.0,NASDAQ-100 Index x $20,260355.80000000002,2589498786.8,3248719672.4,-659220885.6,-17183482.8,-378557333.20000005,7186340791.6,6180586336.200001,1005754455.4000001,-23692377.8,854748091.4000001,9886230437.6,9539436512.0,346793925.6,-40875860.6,476451114.00000006,1661851071.4,2008644997.0000002,-346793925.6,40875860.6,-476451114.00000006
2021-03-30,NASDAQ-100 Consolidated - CHICAGO MERCANTILE EXCHANGE,44446,9619,13192,-3573,-8.038968636097737,21.64199253026144,29.680961166359175,731,1.6446924357647483,27661,22598,5063,11.391351302704406,62.23507177248796,50.84372046978356,38011,36521,1490,3.352382666606669,85.52175673851416,82.16937407190748,6435,7925,-1490,-3.352382666606669,14.478243261485849,17.830625928092516,12896.53,2021-04-05,2021-04-05,13598.16,0.054404556884681377,2021-04-06,2021-04-06,13578.46,0.05287701420459601,2021-04-07,2021-04-07,13616.7,0.055842152889187924,2021-04-08,2021-04-08,13758.51,0.06683813397867477,2021-04-09,2021-04-09,13845.06,0.07354924154016618,0.054404556884681377,-0.001448725415791552,0.00281622510947499,0.010414417590165037,0.006290652112765027,0.018156868282179328,-0.009314945163503174,-2.330480303328038,-1041.0,-0.7816350201838311,1.5488452831442068,2.682073881895027,1200.0,0.00533442607831347,-2.6767394558167084,0.34933904131076066,158.0,-0.08753195498150035,-0.4368709962922708,-0.34933904131076066,-158.0,0.08753195498150923,0.4368709962922672,0.05287701420459601,0.08451575733937733,0.07077640264474239,0.08248342771272577,0.12997449701586383,0.14529257094737869,0.18166049317141897,20.0,NASDAQ-100 Index x $20,257930.6,2481034441.4,3402620475.2000003,-921586033.8000001,-268505754.6,290171925.0,7134618326.6,5828715698.8,1305902627.8,309516720.0,-231105817.6,9804200036.6,9419883442.6,384316594.0,40753034.800000004,59324038.0,1659783411.0,2044100005.0,-384316594.0,-40753034.800000004,-59324038.0
2021-04-06,NASDAQ-100 Consolidated - CHICAGO MERCANTILE EXCHANGE,42918,11488,13367,-1879,-4.378116408033925,26.767323733631578,31.145440141665503,612,1.4259751153362226,23804,21258,2546,5.932242881774546,55.463907917423924,49.53166503564938,35903,35237,666,1.5517964490423597,83.65487674169346,82.1030802926511,7014,7681,-667,-1.5541264737406217,16.342793233608276,17.8969197073489,13578.46,2021-04-12,2021-04-12,13819.35,0.01774059797650107,2021-04-13,2021-04-13,13986.49,0.030049799461794757,2021-04-14,2021-04-14,13803.91,0.016603502900918166,2021-04-15,2021-04-15,14026.19,0.032973547810281945,2021-04-16,2021-04-16,14041.91,0.03413126378101783,0.01774059797650107,0.012094635420623945,-0.01305402570623504,0.016102683949692498,0.0011207605201410953,0.016104954285114603,0.05287701420459601,3.6608522280638116,1694.0,5.125331203370138,1.4644789753063279,-5.4591084209298595,-2517.0,-6.771163855064039,-1.3120554341341801,-1.8005862175643093,-824.0,-1.8668799968206997,-0.0662937792563838,1.7982561928660472,823.0,1.8645499721224272,0.0662937792563838,0.030049799461794757,0.01700045513261439,0.028119536383360177,-0.0024885001686494324,0.0889570687692125,0.08069324503662423,0.09148165550437981,20.0,NASDAQ-100 Index x $20,271569.19999999995,3119786969.5999994,3630065496.399999,-510278526.7999999,460038224.7999999,168372903.99999997,6464433236.799999,5773018053.599999,691415183.1999999,-683539676.3999999,-621621898.8,9750148987.599998,9569283900.399998,180865087.19999996,-223773020.79999995,-453792133.1999999,1904786368.7999997,2085923025.1999996,-181136656.39999998,223501451.59999996,453248994.7999999
2021-04-13,NASDAQ-100 Consolidated - CHICAGO MERCANTILE EXCHANGE,42860,11859,13081,-1222,-2.8511432571161923,27.669155389640693,30.52029864675688,617,1.439570695286981,23282,21208,2074,4.839010732617825,54.32104526364909,49.48203453103127,35758,34906,852,1.9878674755016332,83.42977134857676,81.44190387307513,7103,7955,-852,-1.9878674755016332,16.572561829211384,18.56042930471302,13986.49,2021-04-19,2021-04-19,13907.67,-0.0056354381978609425,2021-04-20,2021-04-20,13809.3,-0.012668653822367149,2021-04-21,2021-04-21,13935.15,-0.003670685068233759,2021-04-22,2021-04-22,13762.36,-0.016024749597647436,2021-04-23,2021-04-23,13941.44,-0.0032209653744433853,-0.0056354381978609425,-0.0070730755043799665,0.009113423562381984,-0.012399579480665723,0.013012303122429625,0.0024281565495873902,0.030049799461794757,1.526973150917733,657.0,0.9018316560091151,-0.6251414949086218,-1.0932321491567212,-472.0,-1.1428626537748343,-0.04963050461811491,0.43607102645927354,186.0,-0.2251053931166922,-0.6611764195759662,-0.4337410017610115,-185.0,0.22976859560310814,0.6635095973641185,-0.012668653822367149,-0.0018739512200701691,-0.03158905486651764,-0.045416684243151706,0.06349341400165454,0.04830518593299682,-0.0033067624543399177,20.0,NASDAQ-100 Index x $20,279729.8,3317315698.2,3659145513.7999997,-341829815.59999996,183782478.6,347983871.2,6512669203.599999,5932509598.4,580159605.1999999,-132032465.6,-525892024.0,10002578188.4,9764248398.8,238329789.6,52029742.8,-178187882.6,1986920769.3999999,2225250559.0,-238329789.6,-51750013.0,178187882.6
2021-04-20,NASDAQ-100 Consolidated - CHICAGO MERCANTILE EXCHANGE,43629,11057,12082,-1025,-2.349354786953632,25.3432350042403,27.69258979119393,999,2.2897613972357833,24097,22770,1327,3.0415549290609456,55.23161200119186,52.19005707213093,36153,35852,301,0.6899080886566274,82.86460840266795,82.17470031401132,7475,7777,-302,-0.692200142107314,17.133099543881364,17.82529968598868,13809.3,2021-04-26,2021-04-26,14026.16,0.01570390968405344,2021-04-27,2021-04-27,13960.28,0.010933211676189325,2021-04-28,2021-04-28,13901.62,0.00668534972808188,2021-04-29,2021-04-29,13970.2,0.011651568146104463,2021-04-30,2021-04-30,13860.76,0.003726474187685236,0.01570390968405344,-0.004696937722085015,-0.004201921451432167,0.004933237996722628,-0.007833817697670775,-0.011792251050893432,-0.012668653822367149,0.5017884701625603,197.0,-2.3259203854003943,-2.8277088555629497,-1.7974558035568795,-747.0,0.9105667375427728,2.708022541099659,-1.297959386845006,-551.0,-0.5651629459088099,0.732796440936184,1.2956673333943192,550.0,0.5605377146699801,-0.7351296187243399,0.010933211676189325,-0.019163172644522164,-0.03316822720919954,-0.042842142614035406,0.06654283707356634,0.11596677601326633,0.029035505058185418,20.0,NASDAQ-100 Index x $20,276186.0,3053788602.0,3336879252.0,-283090650.0,54408642.0,416212302.0,6655254042.0,6288755220.0,366498822.0,-206310942.0,-700407696.0,9984952458.0,9901820472.0,83131986.0,-152178486.0,-284747766.0,2064490350.0,2147898522.0,-83408172.0,151902300.0,284471580.0
2021-04-27,NASDAQ-100 Consolidated - CHICAGO MERCANTILE EXCHANGE,43576,10512,12064,-1552,-3.5615935377271897,24.123370662750137,27.684964200477324,976,2.239765008261428,24973,22144,2829,6.492105746282357,57.3090692124105,50.81696346612814,36461,35184,1277,2.930512208555168,83.67220488342207,80.7416926748669,7115,8392,-1277,-2.930512208555168,16.327795116577935,19.2583073251331,13960.28,2021-05-03,2021-05-03,13799.72,-0.011501201981622189,2021-05-04,2021-05-04,13544.67,-0.029770892847421404,2021-05-05,2021-05-05,13503.37,-0.03272928623208127,2021-05-06,2021-05-06,13613.73,-0.024824000664743218,2021-05-07,2021-05-07,13719.63,-0.01723819293022788,-0.011501201981622189,-0.018482259060328743,-0.0030491698948736934,0.008172774648106174,0.007778911437203551,-0.0058037409454684274,0.010933211676189325,-1.2122387507735577,-527.0,-1.2198643414901618,-0.007625590716607178,3.4505508172214117,1502.0,2.0774572112186362,-1.373093606002783,2.2406041198985407,976.0,0.807596480754114,-1.4330076391444209,-2.238312066447854,-975.0,-0.8053044273034295,1.4330076391444209,-0.029770892847421404,-0.04362448317655521,-0.053193775483013295,-0.02167220141716364,0.07139469981977431,0.11455429260731154,-0.06809104115390241,20.0,NASDAQ-100 Index x $20,279205.60000000003,2935009267.2000003,3368336358.4000006,-433327091.20000005,-147141351.20000002,564274517.6,6972601448.800001,6182728806.400001,789872642.4000001,419366811.20000005,-623745310.4000001,10180115381.6,9823569830.400002,356545551.20000005,272504665.6,-59470792.800000004,1986547844.0000002,2343093395.2000003,-356545551.20000005,-272225460.00000006,59470792.800000004
2021-05-04,NASDAQ-100 Consolidated - CHICAGO MERCANTILE EXCHANGE,47448,11433,14794,-3361,-7.0835440903726195,24.09585230146687,31.179396391839486,1035,2.1813353566009104,27217,22340,4877,10.278620805934919,57.361743382228966,47.08312257629405,39685,38168,1517,3.1971842859551507,83.63893104029675,80.4417467543416,7763,9280,-1517,-3.1971842859551507,16.361068959703253,19.558253245658406,13544.67,2021-05-10,2021-05-10,13359.08,-0.013702068784252397,2021-05-11,2021-05-11,13351.27,-0.014278679362435542,2021-05-12,2021-05-12,13001.63,-0.0400925234797157,2021-05-13,2021-05-13,13109.15,-0.03215434558390873,2021-05-14,2021-05-14,13393.12,-0.011188903088816482,-0.013702068784252397,-0.0005846210966623522,-0.026187770901195284,0.008269732333561208,0.02166196893009853,0.002548079658180047,-0.029770892847421404,-3.5219505526454298,-1809.0,-0.027518361283267012,3.4944321913621614,3.7865150596525616,2048.0,0.05267416981846651,-3.7338408898340916,0.26667207739998267,240.0,-0.033273843125314784,-0.2999459205253032,-0.26667207739998267,-240.0,0.033273843125318336,0.2999459205253068,-0.014278679362435542,-0.024141599610769338,0.008347194874441355,0.008115369366695546,0.11198131811258594,0.17924541535526517,-0.03357556883999391,20.0,NASDAQ-100 Index x $20,270893.4,3097124242.2000003,4007596959.6000004,-910472717.4000001,-490046160.6,-401464018.8,7372905667.8,6051758556.000001,1321147111.8000002,554789683.2,631452515.4000001,10750404579.0,10339459291.2,410945287.8,65014416.00000001,230530283.4,2102945464.2000003,2513890752.0,-410945287.8,-65014416.00000001,-230259390.00000003
2021-05-11,NASDAQ-100 Consolidated - CHICAGO MERCANTILE EXCHANGE,45487,12243,13445,-1202,-2.6425132455426823,26.91538241695429,29.557895662496975,737,1.6202431463934752,25176,21889,3287,7.226240464308484,55.347681755226766,48.121441290918284,38156,36071,2085,4.583727218765802,83.88330731857454,79.29958009980874,7332,9416,-2084,-4.58152878844505,16.118891111746215,20.700419900191264,13351.27,2021-05-17,2021-05-17,13312.91,-0.0028731349152553154,2021-05-18,2021-05-18,13217.68,-0.010005789711390767,2021-05-19,2021-05-19,13237.91,-0.008490578049878406,2021-05-20,2021-05-20,13494.09,0.010697109713158293,2021-05-21,2021-05-21,13411.74,0.004529157151342167,-0.0028731349152553154,-0.00715320692470689,0.0015305257806210726,0.019351997407445864,-0.006102671614017674,0.007423621131668501,-0.014278679362435542,4.441030844829937,2159.0,2.819530115487421,-1.621500729342511,-3.052380341626435,-1590.0,-2.0140616270021994,1.038318714624232,1.3865429328106509,568.0,0.24437627827778385,-1.1421666545328577,-1.3843445024898995,-567.0,-0.24217784795703778,1.1421666545328577,-0.010005789711390767,0.022953621640487976,0.022718438021251952,0.03442294253655276,0.1275017283000044,0.21486120795999186,-0.07530444669308611,20.0,NASDAQ-100 Index x $20,267025.4,3269191972.2000003,3590156503.0000005,-320964530.8,576507838.6,5340508.0,6722631470.400001,5844918980.6,877712489.8000001,-424570386.00000006,323901810.20000005,10188621162.400002,9631873203.400002,556747959.0,151670427.20000002,329242318.20000005,1957830232.8000002,2514311166.4,-556480933.6,-151403401.8,-328975292.8
2021-05-18,NASDAQ-100 Consolidated - CHICAGO MERCANTILE EXCHANGE,45595,11798,13019,-1221,-2.6779252110977083,25.87564425923895,28.553569470336658,827,1.8137953722995943,25447,22879,2568,5.632196512775524,55.81094418247615,50.17874766970063,38073,36726,1347,2.9542713016778155,83.5025770369558,80.54830573527799,7522,8870,-1348,-2.9564645246189274,16.49742296304419,19.45388748766312,13217.68,2021-05-24,2021-05-24,13641.75,0.03208354264893676,2021-05-25,2021-05-25,13657.73,0.0332925294000157,2021-05-26,2021-05-26,13702.74,0.03669781686347373,2021-05-27,2021-05-27,13657.85,0.033301608149085116,2021-05-28,2021-05-28,13686.51,0.035469916051833694,0.03208354264893676,0.0011714039621015804,0.003295569615155758,-0.003275987138338765,0.0020984269119956878,0.0032811039639342177,-0.010005789711390767,-0.035411965555026015,-19.0,-1.039738157715341,-1.0043261921603168,-1.59404395153296,-719.0,0.4632624272493828,2.057306378782343,-1.629455917087986,-738.0,-0.3807302816187388,1.2487256354692562,1.6250642638261228,736.0,0.37853185129797495,-1.2465324125281434,0.0332925294000157,0.03305496879936576,0.044877769775028664,0.061488097759969884,0.13505774084408162,0.23393591008406922,-0.04944740680664084,20.0,NASDAQ-100 Index x $20,264353.6,3118843772.7999997,3441619518.3999996,-322775745.59999996,-5022718.399999999,-51813305.599999994,6727006059.2,6048146014.4,678860044.8,-190070238.39999998,328062817.59999996,10064734612.8,9708650313.599998,356084299.2,-195092956.79999998,276513865.59999996,1988467779.1999998,2344816432.0,-356348652.79999995,194564249.6,-276513865.59999996
2021-05-25,NASDAQ-100 Consolidated - CHICAGO MERCANTILE EXCHANGE,46678,10586,13245,-2659,-5.696473713526714,22.678778011054458,28.375251724581176,807,1.7288658468657612,27806,23342,4464,9.563391747718411,59.56981875830155,50.006427010583145,39200,37395,1805,3.8669180341916967,83.97960495308283,80.11268691889113,7478,9283,-1805,-3.8669180341916967,16.020395046917177,19.887313081108875,13657.73,2021-05-31,2021-06-01,13654.59,-0.00022990643393883126,2021-06-01,2021-06-01,13654.59,-0.00022990643393883126,2021-06-02,2021-06-02,13675.79,0.0013223280881962118,2021-06-03,2021-06-03,13529.68,-0.009375642950914975,2021-06-04,2021-06-04,13770.77,0.00827663162179948,-0.00022990643393883126,0.0,0.0015525914729039858,-0.01068384349277085,0.017819342364342683,0.008508494213301132,0.0332925294000157,-3.018548502429006,-1438.0,-3.1968662481844916,-0.1783177457554821,3.931195234942887,1896.0,3.758874575825402,-0.1723206591174815,0.9126467325138812,458.0,0.4770279161270281,-0.4356188163868637,-0.9104535095727693,-457.0,-0.4770279161270139,0.4334255934457545,-0.00022990643393883126,0.011211965678044722,0.02728711140138218,0.044860309875799365,0.12446797527846876,0.1939553644712555,-0.1382286807544152,20.0,NASDAQ-100 Index x $20,273154.6,2891614595.6,3617932676.9999995,-726318081.4,-392796314.79999995,-302382142.2,7595336807.599999,6375974673.2,1219362134.3999999,517901121.59999996,446607770.99999994,10707660320.0,10214616267.0,493044052.99999994,125104806.79999998,144225628.79999998,2042650098.7999997,2535694151.7999997,-493044052.99999994,-124831652.19999999,-144225628.79999998
2021-06-01,NASDAQ-100 Consolidated - CHICAGO MERCANTILE EXCHANGE,47675,10632,13542,-2910,-6.1038280020975355,22.300996329313058,28.404824331410595,959,2.011536444677504,28651,23938,4713,9.885684320922916,60.096486628211856,50.21080230728894,40242,38439,1803,3.78185631882538,84.40901940220242,80.62716308337703,7433,9236,-1803,-3.78185631882538,15.590980597797587,19.37283691662297,13654.59,2021-06-07,2021-06-07,13802.89,0.010860816765644321,2021-06-08,2021-06-08,13810.86,0.011444503276920148,2021-06-09,2021-06-09,13814.94,0.011743303900007218,2021-06-10,2021-06-10,13960.35,0.022392470224298133,2021-06-11,2021-06-11,13998.3,0.025171755431689924,0.010860816765644321,0.0005774153094026957,0.0002954196914601859,0.010525561457378707,0.0027184132202988653,0.014157180126770585,-0.00022990643393883126,-0.40735428857082123,-251.0,-0.3777816817413999,0.029572606829418646,0.3222925732045052,249.0,0.5266678699103053,0.20437529670579124,-0.08506171536631646,-2.0,0.4294144491195908,0.5144761644858988,0.08506171536631646,2.0,-0.42941444911958904,-0.5144761644859059,0.011444503276920148,0.027523345629564933,0.0451005852244557,0.06724185786610959,0.14119208266231364,0.18172131129532265,-0.0741501575660638,20.0,NASDAQ-100 Index x $20,273091.8,2903512017.6,3698209155.6,-794697138.0,-68546041.8,123164401.8,7824353161.799999,6537271508.4,1287081653.3999999,67999858.2,-44787055.199999996,10989760215.6,10497375700.199999,492384515.4,-546183.6,78104254.8,2029891349.3999999,2522275864.7999997,-492384515.4,546183.6,-78104254.8
2021-06-08,NASDAQ-100 Consolidated - CHICAGO MERCANTILE EXCHANGE,47631,12104,13804,-1700,-3.5691041548571305,25.41202158258277,28.9811257374399,1035,2.1729545883983117,26969,23412,3557,7.467825575780479,56.620688207259974,49.1528626314795,40107,38250,1857,3.8987214209233483,84.2035649052088,80.30484348428544,7524,9381,-1857,-3.8987214209233483,15.796435094791208,19.695156515714558,13810.86,2021-06-14,2021-06-14,14128.2,0.022977569825485267,2021-06-15,2021-06-15,14030.41,0.01589691011276617,2021-06-16,2021-06-16,13983.01,0.012464828403155215,2021-06-17,2021-06-17,14163.81,0.025555975514920837,2021-06-18,2021-06-18,14049.58,0.017284948221906404,0.022977569825485267,-0.006921617757393084,-0.0033783759704811844,0.012929977165145434,-0.008064920385122298,-0.005564757010801169,0.011444503276920148,2.534723847240405,1210.0,3.1110252532697125,0.5763014060293052,-2.4178587451424374,-1156.0,-3.4757984209518824,-1.0579396758094362,0.11686510209796808,54.0,-0.2054544969936245,-0.3223195990915855,-0.11686510209796808,-54.0,0.20545449699362095,0.322319599091589,0.01589691011276617,0.033275263090061014,0.05516600704083596,0.07063282083809397,0.1350314173049325,0.18208858825590868,-0.07958809226941699,20.0,NASDAQ-100 Index x $20,276217.2,3343332988.8,3812902228.8,-469569240.0,334222812.0,-137556165.6,7449301666.8,6466797086.400001,982504580.4000001,-319307083.2,74578644.0,11078243240.4,10565307900.0,512935340.40000004,14915728.8,-62977521.6,2078258212.8000002,2591193553.2000003,-512935340.40000004,-14915728.8,62701304.400000006
2021-06-15,NASDAQ-100 Consolidated - CHICAGO MERCANTILE EXCHANGE,57779,13178,15385,-2207,-3.819726890392703,22.807594454732687,26.62732134512539,2964,5.129891483064782,33838,29284,4554,7.881756347461881,58.5645303657038,50.68277401824193,49981,47634,2347,4.062029457069177,86.50374703612039,82.44171757905121,7799,10146,-2347,-4.062029457069177,13.497983696498729,17.560013153567905,14030.41,2021-06-21,2021-06-21,14137.23,0.0076134624718735555,2021-06-22,2021-06-22,14270.42,0.017106413853907432,2021-06-23,2021-06-23,14274.24,0.01737867959667616,2021-06-24,2021-06-24,14365.96,0.02391590837331181,2021-06-25,2021-06-25,14345.18,0.022434839751653834,0.0076134624718735555,0.00942122325236272,0.00026768658525822,0.006425561010603653,-0.0014464748614083645,0.014709387906966187,0.01589691011276617,-0.25062273553557235,-507.0,-2.6044271278500837,-2.353804392314508,0.413930771681402,997.0,1.9438421584438288,1.5299113867624285,0.16330803614582878,490.0,2.300182130911594,2.1368740947657727,-0.16330803614582878,-490.0,-2.29845139829248,-2.1351433621466533,0.017106413853907432,0.038654608097696386,0.053879394828804106,0.06016431451397364,0.09639704042861186,0.1343146779032116,-0.19377338224613527,20.0,NASDAQ-100 Index x $20,280608.2,3697854859.6000004,4317157157.0,-619302297.4,-142268357.4,-276679685.2,9495220271.6,8217330528.8,1277889742.8,279766375.40000004,557287885.2,14025078444.2,13366490998.800001,658587445.4,137498018.0,280608200.0,2188463351.8,2847050797.2000003,-658587445.4,-137498018.0,-280327591.8
2021-06-22,NASDAQ-100 Consolidated - CHICAGO MERCANTILE EXCHANGE,44754,11749,13822,-2073,-4.631988202171873,26.252402019931182,30.884390222103054,518,1.1574384412566474,25571,21672,3899,8.71207042945882,57.13679224203423,48.42472181257541,37839,36012,1827,4.08231666443223,84.54886714036735,80.46655047593512,6915,8741,-1826,-4.080082227286947,15.451132859632658,19.531215086919605,14270.42,2021-06-28,2021-06-28,14524.98,0.017838297681497695,2021-06-29,2021-06-29,14572.75,0.021185781497671474,2021-06-30,2021-06-30,14554.8,0.019927934847047135,2021-07-01,2021-07-01,14560.05,0.02029582871422142,2021-07-02,2021-07-02,14727.63,0.032039000954421804,0.017838297681497695,0.003288816920918425,-0.0012317510421849809,0.00036070574655777676,0.011509575859973031,0.013951826439692061,0.017106413853907432,-0.8122613117791699,134.0,3.444807565198495,4.257068876977662,0.8303140819969386,-655.0,-1.4277381236695703,-2.258052205666516,0.020287207363052673,-520.0,-1.954879895753038,-1.9751671031160924,-0.01805277021776952,521.0,1.9531491631339293,1.9712019333517006,0.021185781497671474,0.0361545070152105,0.0423337224832907,0.032079644467366775,0.05307131815321475,0.12023892779609846,-0.19086053528908042,20.0,NASDAQ-100 Index x $20,285408.4,3353263291.6000004,3944914904.8,-591651613.2,38244725.6,167249322.4,7298178196.400001,6185370844.8,1112807351.6000001,-186942502.00000003,-161255746.0,10799568447.6,10278127300.800001,521441146.8000001,-148412368.0,6278984.800000001,1973599086.0000002,2494754824.4,-521155738.40000004,148697776.4,-5993576.4
2021-06-29,NASDAQ-100 Consolidated - CHICAGO MERCANTILE EXCHANGE,44827,12705,14325,-1620,-3.6138934124523168,28.342293706917705,31.95618711937002,604,1.3474022352599995,24714,20569,4145,9.246659379391884,55.13195172552257,45.88529234613068,38022,35497,2525,5.6327659669395675,84.81941686929753,79.18665090235795,6805,9330,-2525,-5.6327659669395675,15.18058313070248,20.813349097642046,14572.75,2021-07-05,2021-07-06,14786.36,0.014658180508140273,2021-07-06,2021-07-06,14786.36,0.014658180508140273,2021-07-07,2021-07-07,14810.54,0.016317441800621113,2021-07-08,2021-07-08,14722.14,0.010251325247465193,2021-07-09,2021-07-09,14826.09,0.01738450189566154,0.014658180508140273,0.0,0.0016352909032377738,-0.005968722274812488,0.00706079415085048,0.0026869357975864983,0.021185781497671474,1.018094789719556,453.0,2.0898916869865225,1.0717968972669674,0.5345889499330649,246.0,-2.0048405165116634,-2.53942946644473,1.5504493025073378,698.0,0.2705497289301775,-1.2798995735771683,-1.552683739652621,-699.0,-0.2705497289301775,1.2821340107224408,0.014658180508140273,0.020709200391141103,0.010667856101284956,0.026365648213274806,0.013556123586831559,0.13147209689317396,-0.20140193168756748,20.0,NASDAQ-100 Index x $20,291455.0,3702935775.0,4175092875.0,-472157100.0,132029115.0,375976950.0,7203018870.0,5994937895.0,1208080975.0,71697930.0,-165546440.0,11081702010.0,10345778135.0,735923875.0,203435590.0,210430510.0,1983351275.0,2719275150.0,-735923875.0,-203727045.0,-210430510.0
2021-07-06,NASDAQ-100 Consolidated - CHICAGO MERCANTILE EXCHANGE,45658,13151,13465,-314,-0.6877217574138158,28.803276534232776,29.49099829164659,780,1.70835341013623,25148,21688,3460,7.578080511629945,55.07906610013579,47.50098558850585,39079,35933,3146,6.890358754216129,85.5906960445048,78.70033729028867,6578,9724,-3146,-6.890358754216129,14.407113758815543,21.29747251303167,14786.36,2021-07-12,2021-07-12,14877.89,0.006190164448856894,2021-07-13,2021-07-13,14874.54,0.005963604294769054,2021-07-14,2021-07-14,14900.44,0.007715218620404141,2021-07-15,2021-07-15,14794.69,0.00056335703986643,2021-07-16,2021-07-16,14681.38,-0.007099786560045951,0.006190164448856894,-0.0002251663374308599,0.0017412303170383225,-0.007097105857276742,-0.007658828944709262,-0.013208190139865295,0.014658180508140273,2.926171655038501,1306.0,0.4609828273150711,-2.4651888277234306,-1.6685788677619398,-685.0,-0.052885625386778656,1.6156932423751655,1.257592787276561,621.0,0.771279175207269,-0.4863136120692815,-1.257592787276561,-621.0,-0.7734693718869377,0.4841234153896252,0.005963604294769054,-0.003932678495586539,0.011538336683267536,0.018602279398039823,-0.007588750713495518,0.10099645889860653,-0.20332657936097864,20.0,NASDAQ-100 Index x $20,295727.2,3889108407.2000003,3981966748.0,-92858340.8,386219723.2,409877899.2,7436947625.6,6413731513.6,1023216112.0,-202573132.0,-28685538.400000002,11556723248.800001,10626365477.6,930357771.2,183646591.20000002,381192360.8,1945293521.6000001,2875651292.8,-930357771.2,-183646591.20000002,-381192360.8
2021-07-13,NASDAQ-100 Consolidated - CHICAGO MERCANTILE EXCHANGE,46456,13593,14444,-851,-1.8318408816945064,29.259944894093337,31.091785775787844,700,1.5068021353538832,25857,21471,4386,9.441191665231617,55.65911830549337,46.21792664026175,40150,36614,3536,7.611503358016187,86.42586533494058,78.8143619769244,6307,9842,-3535,-7.609350783537111,13.576287239538487,21.185638023075597,14874.54,2021-07-19,2021-07-19,14549.09,-0.021879668211588488,2021-07-20,2021-07-20,14728.21,-0.009837615146418122,2021-07-21,2021-07-21,14842.63,-0.0021452764253551138,2021-07-22,2021-07-22,14940.17,0.004412237285993381,2021-07-23,2021-07-23,15111.79,0.015950073077890092,-0.021879668211588488,0.012311422913735326,0.007768764839719111,0.006571611634865304,0.011487151752624047,0.0386759584276406,0.005963604294769054,-1.1441191242806905,-537.0,0.4566683598605614,1.6007874841412537,1.8631111536016727,926.0,0.5800522053575818,-1.283058948244097,0.7211446038000586,390.0,0.8351692904357861,0.11402468663573018,-0.7189920293209822,-389.0,-0.8308265192770552,-0.11183448995607392,-0.009837615146418122,0.005541683978126377,0.012563749870584173,0.01203667474758885,-0.014281450048203137,0.06518386450942337,-0.21039642234314482,20.0,NASDAQ-100 Index x $20,297490.80000000005,4043792444.4000006,4296957115.200001,-253164670.80000004,-159752559.60000002,403397524.8000001,7692219615.600001,6387424966.800001,1304794648.8000002,275476480.8000001,-49978454.400000006,11944255620.000002,10892328151.2,1051927468.8000002,116021412.00000001,353716561.20000005,1876274475.6000004,2927904453.6000004,-1051629978.0000001,-115723921.20000002,-353419070.40000004
2021-07-20,NASDAQ-100 Consolidated - CHICAGO MERCANTILE EXCHANGE,46906,14379,14835,-456,-0.9721570801176822,30.65492687502665,31.62708395514433,730,1.5563040975568159,24651,22597,2054,4.378970707372192,52.55404425873023,48.17507355135803,39760,38162,1598,3.406813627254509,84.76527523131368,81.35846160405919,7147,8744,-1597,-3.4046817038331985,15.23685669210762,18.641538395940817,14728.21,2021-07-26,2021-07-26,15125.95,0.027005318365232567,2021-07-27,2021-07-27,14956.97,0.015532097926360455,2021-07-28,2021-07-28,15018.1,0.01968263624703903,2021-07-29,2021-07-29,15048.36,0.021737196848768514,2021-07-30,2021-07-30,14959.9,0.01573103588283975,0.027005318365232567,-0.011171529722100226,0.004087057739635913,0.0020149020182314015,-0.005878381431597912,-0.010977822880546384,-0.009837615146418122,0.8596838015768242,395.0,1.3949819809333128,0.5352981793564844,-5.0622209578594255,-2332.0,-3.105074046763143,1.957146911096281,-4.204689730761679,-1938.0,-1.6605901036269017,2.544099627134784,4.204669079703912,1938.0,1.660569452569133,-2.5440996271347807,0.015532097926360455,0.022623930538741677,0.022091618737103857,0.01864585037828781,0.04634032241528341,0.03276365559698036,-0.16830219015073788,20.0,NASDAQ-100 Index x $20,294564.19999999995,4235538631.799999,4369859906.999999,-134321275.2,116352858.99999999,476310311.3999999,7261302094.199999,6656267227.399999,605034866.8,-686923714.3999999,-543470948.9999999,11711872591.999998,11241159000.399998,470713591.5999999,-570865419.5999999,-67455201.79999998,2105250337.3999996,2575669364.7999997,-470419027.3999999,570865419.5999999,67455201.79999998
2021-07-27,NASDAQ-100 Consolidated - CHICAGO MERCANTILE EXCHANGE,46944,12768,14733,-1965,-4.185838445807771,27.198364008179958,31.38420245398773,779,1.6594239945466942,26477,22783,3694,7.8689502385821415,56.40124403544648,48.53229379686435,40023,38295,1728,3.6809815950920246,85.2569018404908,81.57592024539878,6921,8650,-1729,-3.68311179277437,14.743098159509202,18.426209952283575,14956.97,2021-08-02,2021-08-02,14963.62,0.00044460876768503965,2021-08-03,2021-08-03,15061.42,0.006983366283411785,2021-08-04,2021-08-04,15083.39,0.008452246678304576,2021-08-05,2021-08-05,15181.64,0.015021090501619039,2021-08-06,2021-08-06,15109.36,0.010188560918421352,0.00044460876768503965,0.006535851618792776,0.0014586938017795426,0.006513787683007699,-0.004761013961600891,0.009739621829477185,0.015532097926360455,-3.213681365690088,-1509.0,-3.456562866846692,-0.24288150115659946,3.4899795312099497,1640.0,3.847199776716252,0.35722024550631915,0.27416796783751574,130.0,0.49162660917711776,0.21745864133959003,-0.2784300889411715,-132.0,-0.4937585325984184,-0.21532844365724202,0.006983366283411785,0.006459195946772578,0.0030661290354931925,0.026790854029927313,0.04028356010609113,-0.05401160796605187,-0.19188846404051085,20.0,NASDAQ-100 Index x $20,299139.39999999997,3819411859.1999993,4407220780.2,-587808920.9999999,-451401354.59999996,-103203092.99999999,7920313893.799999,6815292950.199999,1105020943.6,490588615.99999994,-134911869.39999998,11972456206.199999,11455543322.999998,516912883.1999999,38888121.99999999,-238414101.79999998,2070343787.3999999,2587555809.9999995,-517212022.59999996,-39486400.8,238114962.39999998
2021-08-03,NASDAQ-100 Consolidated - CHICAGO MERCANTILE EXCHANGE,44609,12974,13267,-293,-0.6568181308704522,29.083817166939408,29.74063529780986,1030,2.308951108520702,23946,21526,2420,5.42491425497097,53.679750722948285,48.25483646797731,37950,35823,2127,4.768096124100517,85.0725189984084,80.30442287430787,6658,8786,-2128,-4.770337824205878,14.925239301486249,19.695577125692125,15061.42,2021-08-09,2021-08-09,15133.11,0.004759843361382909,2021-08-10,2021-08-10,15053.58,-0.0005205352483365067,2021-08-11,2021-08-11,15027.76,-0.002234849038138531,2021-08-12,2021-08-12,15088.98,0.00182984074542758,2021-08-13,2021-08-13,15136.68,0.004996872804821972,0.004759843361382909,-0.0052553639007448805,-0.001715206615303444,0.0040737940983885945,0.0031612474799489476,0.000235906565140942,0.006983366283411785,3.5290203149373185,1672.0,1.88545315875945,-1.6435671561778697,-2.4440359836111716,-1274.0,-2.721493312498197,-0.27745732888703856,1.0871145290084927,399.0,-0.18438284208239963,-1.271497371090902,-1.0872260314315083,-399.0,0.18214114197704667,1.2693671734085505,-0.0005205352483365067,-0.0038900714540860415,0.0196701240653272,0.03459766741781323,0.06049031233442803,-0.0027713190389750952,-0.14340082143649135,20.0,NASDAQ-100 Index x $20,301228.4,3908137261.6000004,3996397182.8,-88259921.2,503653884.8,6325796.4,7213215266.400001,6484242538.400001,728972728.0,-383764981.6,-313277536.0,11431617780.0,10790904973.2,640712806.8000001,120190131.60000001,-306951739.6,2005578687.2,2646592722.4,-641014035.2,-120190131.60000001,306650511.20000005
2021-08-10,NASDAQ-100 Consolidated - CHICAGO MERCANTILE EXCHANGE,46672,11700,14354,-2654,-5.686492972231745,25.068563592732257,30.755056564964008,1448,3.1025025711347274,26707,21565,5142,11.017312307164895,57.22274597188892,46.20543366472403,39855,37367,2488,5.3308193349331505,85.39381213575591,80.06299280082277,6817,9305,-2488,-5.3308193349331505,14.606187864244086,19.937007199177238,15053.58,2021-08-16,2021-08-16,15140.77,0.005791977722242825,2021-08-17,2021-08-17,15002.83,-0.0033712910815898445,2021-08-18,2021-08-18,14857.92,-0.012997572670421231,2021-08-19,2021-08-19,14933.94,-0.007947611133032773,2021-08-20,2021-08-20,15092.57,0.0025900815619939177,0.005791977722242825,-0.009110500985088588,-0.00965884436469655,0.005116463138851168,0.010622113119511667,-0.003183457644492349,-0.0005205352483365067,-5.0296748413612935,-2361.0,-4.015253574207151,1.0144212671541482,5.592398052193925,2722.0,3.5429952489406347,-2.0494028032532796,0.5627232108326332,361.0,0.3212931373475101,-0.24143007348510537,-0.5604815107272723,-360.0,-0.31905143724216245,0.24143007348511247,-0.0033712910815898445,0.0202011747371722,0.03513649244897232,0.041331032219578345,0.07748057272755049,-0.02036392672042131,-0.13587532002354252,20.0,NASDAQ-100 Index x $20,301071.6,3522537719.9999995,4321581746.4,-799044026.4,-710830047.5999999,-542832094.8,8040719221.2,6492609053.999999,1548110167.1999998,819516895.1999999,227610129.6,11999208618.0,11250142477.199999,749066140.8,108686847.6,-315523036.79999995,2052405097.1999998,2801471238.0,-749066140.8,-108385775.99999999,315221965.2
2021-08-17,NASDAQ-100 Consolidated - CHICAGO MERCANTILE EXCHANGE,46900,10983,15368,-4385,-9.349680170575693,23.417910447761194,32.76759061833689,1332,2.840085287846482,27728,20838,6890,14.690831556503198,59.12153518123667,44.430703624733475,40043,37539,2504,5.339019189765459,85.37953091684435,80.0405117270789,6857,9361,-2504,-5.339019189765459,14.620469083155651,19.959488272921106,15002.83,2021-08-23,2021-08-23,15312.82,0.020662101750136497,2021-08-24,2021-08-24,15357.68,0.023652204284125178,2021-08-25,2021-08-25,15368.92,0.024401396269903675,2021-08-26,2021-08-26,15278.52,0.01837586641986877,2021-08-27,2021-08-27,15432.95,0.028669257733374254,0.020662101750136497,0.0029295714309971466,0.0007318813779164657,-0.005882000817233668,0.01010765440631678,0.007845060544040994,-0.0033712910815898445,-3.663187198343948,-1731.0,-1.6506531449710629,2.0125340533728817,3.6735192493383035,1748.0,1.898789209347754,-1.7747300399905583,0.00819985483230834,16.0,-0.014281218911563087,-0.022481073743875868,-0.00819985483230834,-16.0,0.014281218911564864,0.022481073743868762,0.023652204284125178,0.0386380436224365,0.04485353763256672,0.025333220465738826,0.08711289803323785,-0.02546252940278604,-0.09115746829098248,20.0,NASDAQ-100 Index x $20,300056.6,3295521637.7999997,4611269828.799999,-1315748191.0,-519397974.59999996,-1178922381.3999999,8319969404.799999,6252579430.799999,2067389973.9999998,524498936.79999995,1451073717.6,12015166433.8,11263824707.4,751341726.4,4800905.6,271851279.59999996,2057488106.1999998,2808829832.6,-751341726.4,-4800905.6,-272151336.2
2021-08-24,NASDAQ-100 Consolidated - CHICAGO MERCANTILE EXCHANGE,45425,13033,13517,-484,-1.0654925701706108,28.691249312052836,29.756741882223448,972,2.13979086406164,24583,20901,3682,8.10566868464502,54.117776554760596,46.01210787011558,38588,35390,3198,7.040176114474408,84.94881673087507,77.90864061640066,6837,10035,-3198,-7.040176114474408,15.051183269124932,22.09135938359934,15357.68,2021-08-30,2021-08-30,15605.09,0.016109855134369244,2021-08-31,2021-08-31,15582.51,0.014639580978377031,2021-09-01,2021-09-01,15611.57,0.016531793864698274,2021-09-02,2021-09-02,15604.25,0.01605515937303026,2021-09-03,2021-09-03,15652.86,0.019220350990514223,0.016109855134369244,-0.0014469637791258982,0.0018649113653705918,-0.00046888301432845836,0.0031151769549961905,0.0030611806788682916,0.023652204284125178,8.284187600405083,3901.0,5.273338864291642,-3.0108487361134415,-6.585162871858179,-3208.0,-5.003758626476078,1.5814042453821031,1.7011569247089495,694.0,-0.43071418596927913,-2.131871110678233,-1.7011569247089495,-694.0,0.4307141859692809,2.131871110678233,0.014639580978377031,0.020711461627016536,0.0016421751202004842,-0.02148176026587345,0.06179579207276098,-0.09683428747050338,-0.1612151054065457,20.0,NASDAQ-100 Index x $20,307153.6,4003132868.7999997,4151795211.2,-148662342.39999998,1198206193.6,454894481.59999996,7550756948.799999,6419817393.599999,1130939555.1999998,-985348748.8,-3685843.1999999997,11852443116.8,10870165904.0,982277212.8,213164598.39999998,451515791.99999994,2100009163.1999998,3082286376.0,-982277212.8,-213164598.39999998,-451208638.4
2021-08-31,NASDAQ-100 Consolidated - CHICAGO MERCANTILE EXCHANGE,46120,13879,14369,-490,-1.06244579358196,30.09323503902862,31.15568083261058,1001,2.170424978317433,23903,20879,3024,6.55680832610581,51.82784041630529,45.27103209019948,38783,36249,2534,5.4943625325238505,84.09150043365135,78.5971379011275,7337,9871,-2534,-5.4943625325238505,15.908499566348656,21.402862098872507,15582.51,2021-09-06,2021-09-07,15675.76,0.005984273393695894,2021-09-07,2021-09-07,15675.76,0.005984273393695894,2021-09-08,2021-09-08,15620.85,0.0024604508516279378,2021-09-09,2021-09-09,15561.05,-0.0013771850619701542,2021-09-10,2021-09-10,15440.75,-0.009097379048689902,0.005984273393695894,0.0,-0.0035028604673712493,-0.0038282167743753925,-0.007730840785165505,-0.014991936595099675,0.014639580978377031,0.0030467765886508236,-6.0,1.4019857269757843,1.3989389503871337,-1.5488603585392093,-658.0,-2.289936138455303,-0.7410757799160947,-1.5458135819505578,-664.0,-0.8573162972237185,0.6884972847268358,1.5458135819505578,664.0,0.8573162972237238,-0.6884972847268322,0.005984273393695894,-0.012809874660757559,-0.03560016967741397,-0.05212318169537522,0.03551481757431896,-0.1011724041890556,-0.20791323092364444,20.0,NASDAQ-100 Index x $20,311650.2,4325393125.8,4478101723.8,-152708598.0,-1869901.2000000002,-61395089.400000006,7449374730.6,6506944525.8,942430204.8000001,-205065831.6,188236720.8,12086729706.6,11297008099.800001,789721606.8000001,-206935732.8,126841631.4,2286577517.4,3076299124.2000003,-789721606.8000001,206935732.8,-126529981.2
2021-09-07,NASDAQ-100 Consolidated - CHICAGO MERCANTILE EXCHANGE,46866,15087,14089,998,2.1294755259676523,32.19178082191781,30.062305295950154,1342,2.863483122092775,22235,21467,768,1.6387146332095763,47.44377587163402,45.80506123842444,38665,36898,1767,3.77032390218922,82.50117355865659,78.73084965646737,8201,9967,-1766,-3.768190159177229,17.498826441343404,21.267016600520634,15675.76,2021-09-13,2021-09-13,15434.5,-0.015390641346894829,2021-09-14,2021-09-14,15382.9,-0.01868234777771549,2021-09-15,2021-09-15,15503.53,-0.01098702710426791,2021-09-16,2021-09-16,15515.91,-0.010197272731912177,2021-09-17,2021-09-17,15333.47,-0.021835623918712743,-0.015390641346894829,-0.003343159804334417,0.007841824363416627,0.0007985278191482426,-0.011758253302577848,-0.006545725485114562,0.005984273393695894,3.1919213195496123,1488.0,2.0985457828891896,-1.093375536660428,-4.9180936928962335,-2256.0,-4.384064544671276,0.5340291482249597,-1.7240386303346305,-767.0,-1.5903268749947586,0.13371175533987412,1.7261723733466217,768.0,1.590326874994748,-0.13584549835187332,-0.01868234777771549,-0.041337070738516,-0.05776179272966675,-0.06389546663128298,0.04145891491066456,-0.15362253568567008,-0.23376538043450534,20.0,NASDAQ-100 Index x $20,313515.2,4730003822.400001,4417115652.8,312888169.6,466510617.6,1144957510.4,6971010472.0,6730230798.400001,240779673.60000002,-707290291.2,-1371315484.8,12122065208.0,11568083849.6,553981358.4,-240466158.4,-226044459.20000002,2571138155.2000003,3124805998.4,-553667843.2,240779673.60000002,226357974.4
2021-09-14,NASDAQ-100 Consolidated - CHICAGO MERCANTILE EXCHANGE,55540,16398,14486,1912,3.442563917897011,29.524666906733888,26.082102988836876,2993,5.3889088944904575,28058,28568,-510,-0.9182571119913576,50.51854519265394,51.436802304645305,47450,46047,1403,2.526107310046813,85.43392149801944,82.90781418797263,8090,9493,-1403,-2.526107310046813,14.566078501980554,17.09218581202737,15382.9,2021-09-20,2021-09-20,15012.19,-0.024098837020327668,2021-09-21,2021-09-21,15027.77,-0.02308602409168614,2021-09-22,2021-09-22,15176.51,-0.013416845978326597,2021-09-23,2021-09-23,15316.58,-0.004311280707798848,2021-09-24,2021-09-24,15329.68,-0.0034596857549615834,-0.024098837020327668,0.001037823262295401,0.009897676102309294,0.009229394636843358,0.0008552823149816646,0.02114881306458294,-0.01868234777771549,1.3130883919293588,914.0,-2.667113915183922,-3.9802023071132773,-2.5569717452009337,-1278.0,3.0747693210199216,5.631741066220862,-1.2442165921424069,-364.0,2.932747939362855,4.176964531505263,1.2420828491304157,363.0,-2.9327479393628497,-4.174830788493264,-0.02308602409168614,-0.03982344031359497,-0.04607388723842709,-0.04685657450805758,0.03458385609995518,-0.12509604820937537,-0.21772747661364233,20.0,NASDAQ-100 Index x $20,307658.0,5044975884.0,4456733788.0,588242096.0,281199412.0,1937322426.0,8632268164.0,8789173744.0,-156905580.0,-393186924.0,-2276669200.0,14598372100.0,14166727926.0,431644174.0,-111987512.0,-338731458.0,2488953220.0,2920597394.0,-431644174.0,111679854.0,338731458.0
2021-09-21,NASDAQ-100 Consolidated - CHICAGO MERCANTILE EXCHANGE,44460,13980,12096,1884,4.237516869095816,31.44399460188934,27.206477732793523,756,1.7004048582995952,22297,24129,-1832,-4.120557804768331,50.15069725596042,54.27125506072874,37033,36981,52,0.11695906432748539,83.29509671614936,83.17813765182186,7427,7480,-53,-0.11920827710301393,16.70490328385065,16.824111560953668,15027.77,2021-09-27,2021-09-27,15204.82,0.011781521809290263,2021-09-28,2021-09-28,14770.3,-0.017132947869178294,2021-09-29,2021-09-29,14752.89,-0.018291469725714493,2021-09-30,2021-09-30,14689.62,-0.022501675231920593,2021-10-01,2021-10-01,14791.87,-0.0156976051669675,0.011781521809290263,-0.028577779940834547,-0.0011787167491520423,-0.004288651240536456,0.006960697417632389,-0.02715915084821785,-0.02308602409168614,0.7949529511988049,-28.0,1.9193276951554523,1.124374743956647,-3.2023006927769733,-1322.0,-0.3678479366935221,2.8344527560834365,-2.4091482457193276,-1351.0,-2.1388247818700847,0.27032346384922334,2.4068990329437994,1350.0,2.138824781870097,-0.26807425107370264,-0.017132947869178294,-0.02353110275177228,-0.02433228616088745,0.02548282280072156,0.06378258384311186,-0.02484999437707658,-0.21135737371546137,20.0,NASDAQ-100 Index x $20,300555.4,4201764492.0000005,3635518118.4,566246373.6,-8415551.200000001,711715187.2,6701483753.8,7252101246.6,-550617492.8000001,-397334238.8,-1657262475.6000001,11130468128.2,11114839247.400002,15628880.8,-406050345.40000004,-945547288.4000001,2232224955.8,2248154392.0,-15929436.200000001,405749790.00000006,945246733.0000001
2021-09-28,NASDAQ-100 Consolidated - CHICAGO MERCANTILE EXCHANGE,46122,12808,13264,-456,-0.988682190711591,27.769827847881707,28.758510038593293,929,2.014223147304974,24152,23083,1069,2.3177659251550233,52.365465504531464,50.047699579376435,37889,37276,613,1.3290837344434325,82.14951649971813,80.8204327652747,8232,8846,-614,-1.3312518971423615,17.84831533758293,19.179567234725294,14770.3,2021-10-04,2021-10-04,14472.12,-0.020187809320054373,2021-10-05,2021-10-05,14674.15,-0.006509684975931407,2021-10-06,2021-10-06,14766.75,-0.00024034718319865256,2021-10-07,2021-10-07,14897.13,0.008586826266223424,2021-10-08,2021-10-08,14820.75,0.0034156381386973855,-0.020187809320054373,0.013959945052970824,0.006310416616976067,0.008829295545736082,-0.005127162077527614,0.02408976708319166,-0.017132947869178294,-5.226199059807407,-2340.0,-3.674166754007633,1.55203230579977,6.438323729923354,2901.0,2.2147682485710476,-4.223555481352307,1.2121246701159472,561.0,-1.1455802164312274,-2.357704886547154,-1.2120436200393476,-561.0,1.1434120537322805,2.355455673771626,-0.006509684975931407,-0.007324834295850402,0.043358631849048423,0.05343087141087177,0.11633886921728065,0.03175426362362321,-0.23686384162813212,20.0,NASDAQ-100 Index x $20,295406.0,3783560048.0,3918265184.0,-134705136.0,-691250040.0,10043804.0,7134645712.0,6818856698.0,315789014.0,856972806.0,-577518730.0,11192637934.0,11011554056.0,181083878.0,165722766.0,-567474926.0,2431782192.0,2613161476.0,-181379284.0,-165722766.0,567179520.0
2021-10-05,NASDAQ-100 Consolidated - CHICAGO MERCANTILE EXCHANGE,45030,11754,12285,-531,-1.179213857428381,26.102598267821453,27.281812125249832,1029,2.285143237841439,24430,23340,1090,2.4206084832334,54.252720408616476,51.832111925383074,37213,36654,559,1.241394625805019,82.64046191427937,81.39906728847434,7817,8377,-560,-1.243615367532756,17.35953808572063,18.603153453253388,14674.15,2021-10-11,2021-10-11,14713.73,0.0026972601479471336,2021-10-12,2021-10-12,14662.11,-0.000820490454302214,2021-10-13,2021-10-13,14774.6,0.00684537094141735,2021-10-14,2021-10-14,15052.42,0.025777983733299648,2021-10-15,2021-10-15,15146.92,0.03221787974090495,0.0026972601479471336,-0.003508287837278412,0.007672156326749668,0.01880389316800457,0.0062780602720360346,0.029441208993232992,-0.006509684975931407,-0.19053166671679,-75.0,-1.6672295800602548,-1.476697913343461,0.10284255807837672,21.0,1.8872549040850117,1.78441234600664,-0.0876891086384135,-54.0,0.49094541456123864,0.5786345231996393,0.08763652960960555,54.0,-0.48877725186230236,-0.5764137814719064,-0.000820490454302214,0.050195070924039964,0.060333307210298504,0.08847803791020259,0.10941553684540506,0.009982861017503453,-0.21068409413833167,20.0,NASDAQ-100 Index x $20,293483.0,3449599182.0,3605438655.0,-155839473.0,-22011225.0,-448735507.0,7169789690.0,6849893220.0,319896470.0,6163143.0,94501526.0,10921382879.0,10757325882.0,164056997.0,-15848082.0,-354527464.0,2294156611.0,2458507091.0,-164350480.0,15848082.0,353940498.0
2021-10-12,NASDAQ-100 Consolidated - CHICAGO MERCANTILE EXCHANGE,46123,12134,12298,-164,-0.35557097326713355,26.307915790386577,26.663486763653708,794,1.7214838583786831,25460,24885,575,1.2466665221256206,55.200225484031826,53.95355896190621,38389,37977,412,0.8932636645491404,83.23179324848773,82.33852958393861,7734,8146,-412,-0.8932636645491404,16.76820675151226,17.661470416061402,14662.11,2021-10-18,2021-10-18,15300.89,0.04356671720509531,2021-10-19,2021-10-19,15410.72,0.05105745353158575,2021-10-20,2021-10-20,15388.71,0.0495563053339525,2021-10-21,2021-10-21,15489.59,0.05643662474227784,2021-10-22,2021-10-22,15355.07,0.047261956157742535,0.04356671720509531,0.0071780138279538,-0.00142822658513031,0.0065554552655811005,-0.00868454232810556,0.0035409704925661867,-0.000820490454302214,0.8236428841612475,367.0,0.20531752256512448,-0.6183253615961242,-1.1739419611077795,-515.0,0.94750507541535,2.1214470365231364,-0.3481309612558786,-147.0,0.5913313342083626,0.9394622954642671,0.3503517029836155,148.0,-0.5913313342083697,-0.9416830371919858,0.05105745353158575,0.06120401497465222,0.08937185712015516,0.10624869135479131,0.08061663703245991,-0.049233705107927905,-0.2639974737605979,20.0,NASDAQ-100 Index x $20,293242.2,3558200854.8,3606292575.6000004,-48091720.800000004,107619887.4,-608770807.2,7465946412.0,7297332147.0,168614265.0,-151019733.0,318167787.0,11257274815.800001,11136459029.4,120815786.4,-43106603.4,-290603020.2,2267935174.8,2388750961.2000003,-120815786.4,43399845.6,290603020.2
2021-10-19,NASDAQ-100 Consolidated - CHICAGO MERCANTILE EXCHANGE,47473,12116,12727,-611,-1.2870473742969688,25.52187559244202,26.80892296673899,1025,2.1591220272575993,27002,24917,2085,4.391970172519116,56.878646809765556,52.48667663724643,40143,38669,1474,3.1049227982221472,84.55964442946518,81.45472163124302,7330,8804,-1474,-3.1049227982221472,15.44035557053483,18.54527836875698,15410.72,2021-10-25,2021-10-25,15514.19,0.006714157417693656,2021-10-26,2021-10-26,15559.49,0.009653669653332253,2021-10-27,2021-10-27,15598.39,0.012177886562081408,2021-10-28,2021-10-28,15778.16,0.02384314295503387,2021-10-29,2021-10-29,15850.47,0.028535331249935014,0.006714157417693656,0.0029199075169248356,0.0025000819435598842,0.011524907378261506,0.004582917146232379,0.0216756401719973,0.05105745353158575,-0.9314764010298353,-447.0,-0.7860401979445584,0.14543620308528205,3.1453036503934957,1510.0,1.67842132573373,-1.4668823246597782,2.211659133673007,1062.0,1.3278511809774471,-0.8838079526955909,-2.211659133673007,-1062.0,-1.3278511809774294,0.8838079526955767,0.009653669653332253,0.036453196216659656,0.052510200691466835,0.05833925994372757,-0.01297538336949855,-0.07789772314337029,-0.27662432384729585,20.0,NASDAQ-100 Index x $20,308214.39999999997,3734325670.3999996,3922644668.7999997,-188318998.39999998,-137771836.79999998,-768994927.9999999,8322405228.799999,7679778204.799999,642627023.9999999,465403743.99999994,1207275804.8,12372650659.199999,11918342633.599998,454308025.59999996,327323692.79999995,438280876.79999995,2259211551.9999995,2713519577.6,-454308025.59999996,-327323692.79999995,-437972662.4
2021-10-26,NASDAQ-100 Consolidated - CHICAGO MERCANTILE EXCHANGE,49102,13151,13802,-651,-1.3258115759032219,26.783023094782287,28.10883467068551,779,1.5864934218565434,27510,26228,1282,2.6108916133762374,56.02623111074906,53.41533949737281,41441,40809,632,1.2871166143945256,84.3977842043094,83.11066758991487,7661,8293,-632,-1.2871166143945256,15.602215795690602,16.889332410085128,15559.49,2021-11-01,2021-11-01,15905.28,0.02222373612502726,2021-11-02,2021-11-02,15972.49,0.026543286444478564,2021-11-03,2021-11-03,16144.5,0.037598276036039824,2021-11-04,2021-11-04,16346.24,0.05056399663485123,2021-11-05,2021-11-05,16359.38,0.051408497322212865,0.02222373612502726,0.00422564079349752,0.010769141192137344,0.012495896435318565,0.0008038545867428137,0.028550267584097844,0.009653669653332253,-0.038764201606253046,-40.0,1.2611475023402683,1.2999117039465204,-1.7810785591428786,-803.0,-0.8524156990164968,0.92866286012638,-1.8178061838276216,-842.0,-0.16186022515577747,1.6559459586718503,1.8178061838276216,842.0,0.16186022515577214,-1.6559459586718503,0.026543286444478564,0.04244676400061964,0.048220089475940364,0.04802406762689526,-0.09064371647142666,-0.16387298041259712,-0.24997605962663305,20.0,NASDAQ-100 Index x $20,311189.8,4092457059.7999997,4295041619.599999,-202584559.79999998,-12447592.0,-60682011.0,8560831398.0,8161886074.4,398945323.59999996,-249885409.39999998,66283427.4,12896016501.8,12699344548.199999,196671953.6,-262021811.6,5912606.2,2384025057.7999997,2580697011.4,-196671953.6,262021811.6,-5601416.399999999
2021-11-02,NASDAQ-100 Consolidated - CHICAGO MERCANTILE EXCHANGE,51117,14303,12859,1444,2.8248919146272278,27.980906547723848,25.156014633096625,695,1.359625956139836,28918,28566,352,0.688616311598881,56.572177553455795,55.88356124185692,43915,42119,1796,3.513508226226109,85.9107537609797,82.39724553475361,7202,8998,-1796,-3.513508226226109,14.089246239020287,17.602754465246395,15972.49,2021-11-08,2021-11-08,16336.03,0.022760383634611747,2021-11-09,2021-11-09,16219.94,0.015492262007990032,2021-11-10,2021-11-10,15985.57,0.0008189080099596513,2021-11-11,2021-11-11,16032.47,0.0037552066083621494,2021-11-12,2021-11-12,16199.89,0.014236978705261416,0.022760383634611747,-0.007106377742939984,-0.014449498580142772,0.002933896007461634,0.010442558133587632,-0.00833372612562544,0.026543286444478564,4.15070349053045,2095.0,1.1978834529415607,-2.952820037588886,-1.9222753017773564,-930.0,0.545946442706736,2.4682217444841044,2.226391611831583,1164.0,1.5129695566702992,-0.71342205516126,-2.226391611831583,-1164.0,-1.5129695566703152,0.7134220551612671,0.015492262007990032,0.02111630685009036,0.020925353529725133,0.010231967589273916,-0.059653191205629175,-0.18047217434476404,-0.2932254144469647,20.0,NASDAQ-100 Index x $20,319449.8,4569090489.4,4107804978.2,461285511.2,669247331.0,630913355.0,9237849316.4,9125402986.8,112446329.6,-297088314.0,-235753952.4,14028637967.0,13454906126.199999,573731840.8,371839567.2,395159402.59999996,2300677459.6,2874409300.4,-573731840.8,-371839567.2,-394839952.8
2021-11-09,NASDAQ-100 Consolidated - CHICAGO MERCANTILE EXCHANGE,52579,16405,13165,3240,6.162155993837843,31.20066946879933,25.038513474961487,659,1.253352098746648,28062,30071,-2009,-3.820917096179083,53.37111774662888,57.19203484280797,45126,43895,1231,2.3412388976587613,85.82513931417486,83.4839004165161,7453,8685,-1232,-2.3431407976568592,14.174860685825138,16.518001483482,16219.94,2021-11-15,2021-11-15,16189.12,-0.001900130333404415,2021-11-16,2021-11-16,16309.77,0.005538244901029277,2021-11-17,2021-11-17,16308.07,0.005433435635396888,2021-11-18,2021-11-18,16482.971,0.016216521146194207,2021-11-19,2021-11-19,16573.34,0.021787996749679683,-0.001900130333404415,0.007452536024193934,-0.00010423200327169813,0.01072481293004035,0.005482567432776531,0.023733223300586914,0.015492262007990032,3.3372640792106156,1796.0,3.219762921075482,-0.11750115813513773,-4.509533407777964,-2361.0,-3.201059806826912,1.3084736009510536,-1.1722693285673476,-565.0,-0.08561444680483987,1.0866548817624846,1.1703674285692496,564.0,0.08561444680485053,-1.084752981764396,0.005538244901029277,0.005350204747982978,-0.005180043822603508,0.006517903272145187,-0.09080859731910229,-0.23884675282399315,-0.3181540745526802,20.0,NASDAQ-100 Index x $20,324398.8,5321762314.0,4270710202.0,1051052112.0,582620244.8,1104253515.2,9103279125.6,9754996314.8,-651717189.1999999,-765905566.8,-838246499.1999999,14638820248.8,14239485326.0,399334922.8,-183285322.0,265682617.2,2417744256.4,2817403578.0,-399659321.59999996,182960923.2,-266007016.0
2021-11-16,NASDAQ-100 Consolidated - CHICAGO MERCANTILE EXCHANGE,52868,16123,13431,2692,5.091927063630173,30.496708784141635,25.40478172051146,590,1.115986986456836,28492,30401,-1909,-3.6108799273662706,53.89271392903079,57.50359385639706,45205,44423,782,1.4791556328970266,85.50540969962927,84.02625406673224,7663,8444,-781,-1.4772641295301505,14.494590300370735,15.971854429900887,16309.77,2021-11-22,2021-11-22,16380.98,0.004366094678220467,2021-11-23,2021-11-23,16306.72,-0.0001870044764580303,2021-11-24,2021-11-24,16367.81,0.0035586032175805027,2021-11-25,2021-11-26,16025.58,-0.017424525299866267,2021-11-26,2021-11-26,16025.58,-0.017424525299866267,0.004366094678220467,-0.004533306310123053,0.003746308270455412,-0.020908722669679025,0.0,-0.021695893652272313,0.005538244901029277,-1.0702289302076702,-548.0,-0.7039606846576945,0.3662682455499713,0.21003716881281242,100.0,0.5215961824019075,0.3115590135890898,-0.8620832647617347,-449.0,-0.3197296145455937,0.5423536502161426,0.8658766681267087,451.0,0.31972961454559723,-0.5461470535811124,-0.0001870044764580303,-0.010659255158104619,0.0009742626658744147,-0.024210641842282277,-0.10355449525039295,-0.2296580515850315,-0.27214485550685263,20.0,NASDAQ-100 Index x $20,326195.4,5259248434.200001,4381130417.400001,878118016.8000001,-178755079.20000002,1077423406.2,9293959336.800001,9916666355.400002,-622707018.6,32619540.000000004,-1302824427.6000001,14745663057.000002,14490578254.2,255084802.8,-146461734.60000002,-225727216.8,2499635350.2000003,2754393957.6000004,-254758607.4,147114125.4,226053412.20000002
2021-11-23,NASDAQ-100 Consolidated - CHICAGO MERCANTILE EXCHANGE,51745,16719,11116,5603,10.828099333268915,32.31036815151222,21.48226881824331,865,1.6716590974973429,26124,30679,-4555,-8.802782877572712,50.48603729828969,59.2888201758624,43709,42660,1049,2.0272490095661415,84.4699971011692,82.44274809160305,8037,9085,-1048,-2.0253164556962027,15.531935452700743,17.557251908396946,16306.72,2021-11-29,2021-11-29,16399.24,0.005673734509453965,2021-11-30,2021-11-30,16135.92,-0.01047420940569277,2021-12-01,2021-12-01,15877.72,-0.026308172336312885,2021-12-02,2021-12-02,15990.76,-0.019376060912310922,2021-12-03,2021-12-03,15712.04,-0.036468400757479036,0.005673734509453965,-0.016056841658515952,-0.01600156669096031,0.0071194100916252,-0.01743006586303586,-0.04190438093472626,-0.0001870044764580303,5.736172269638741,2911.0,1.8136593673705868,-3.9225129022681493,-5.191902950206441,-2646.0,-3.406676630741103,1.7852263194653375,0.548093376669115,267.0,-1.03541259846007,-1.5835059751291851,-0.5480523261660522,-267.0,1.0373451523300083,1.5853974784960592,-0.01047420940569277,0.0011614843451044354,-0.024028130733832365,-0.0196507942737717,-0.14939791693240567,-0.278221493960772,-0.28098109245758796,20.0,NASDAQ-100 Index x $20,326134.39999999997,5452641033.599999,3625309990.3999996,1827331043.1999998,949377238.3999999,2039644537.5999997,8519935065.599999,10005477257.599998,-1485542191.9999998,-862951622.3999999,-1903646492.7999997,14255008489.599998,13912893503.999998,342114985.59999996,87077884.8,135998044.79999998,2621142172.7999997,2962931023.9999995,-341788851.2,-87077884.8,-135671910.39999998
2021-11-30,NASDAQ-100 Consolidated - CHICAGO MERCANTILE EXCHANGE,51695,17343,10557,6786,13.126994873778896,33.54869910049328,20.421704226714382,890,1.7216365219073413,26105,31195,-5090,-9.846213366863333,50.49811393751813,60.34432730438147,44338,42641,1697,3.2827159299738855,85.76844955991876,82.48573362994487,7357,9054,-1697,-3.2827159299738855,14.231550440081245,17.514266370055132,16135.92,2021-12-06,2021-12-06,15846.16,-0.017957451449932882,2021-12-07,2021-12-07,16325.66,0.01175885849706737,2021-12-08,2021-12-08,16394.34,0.01601520086862096,2021-12-09,2021-12-09,16149.57,0.0008459387503161331,2021-12-10,2021-12-10,16331.98,0.012150531237140383,-0.017957451449932882,0.03025969698652542,0.00420687433157374,-0.014930152723439893,0.011295037576851907,0.030658531783094523,-0.01047420940569277,2.2988955405099816,1183.0,1.2383309489810586,-1.0605645915289266,-1.0434304892906212,-535.0,0.01207663922843949,1.055507128519075,1.255466920407744,648.0,1.2984524587495656,0.04298553834182428,-1.2573994742776828,-649.0,-1.3003850126194987,-0.04298553834181362,0.01175885849706737,-0.013697390666289944,-0.009273719750717668,0.021860544673002913,-0.13199929102276164,-0.216524375430716,-0.28709054085543306,20.0,NASDAQ-100 Index x $20,322718.4,5596905211.200001,3406938148.8,2189967062.4,381775867.20000005,1723961692.8000002,8424563832.000001,10067200488.0,-1642636656.0,-172654344.0,-1756233532.8000002,14308688419.2,13761035294.400002,547653124.8000001,209121523.20000002,-31949121.6,2374239268.8,2921892393.6000004,-547653124.8000001,-209444241.60000002,31949121.6
2021-12-07,NASDAQ-100 Consolidated - CHICAGO MERCANTILE EXCHANGE,50376,16143,10988,5155,10.233047482928379,32.04502143878037,21.811973955851993,1270,2.5210417659202795,24877,29854,-4977,-9.879704621248212,49.38264252818803,59.26234714943624,42290,42111,179,0.3553279339367953,83.94870573288867,83.59337779895188,8086,8265,-179,-0.3553279339367953,16.051294267111324,16.40662220104812,16325.66,2021-12-13,2021-12-13,16082.55,-0.01489128157759012,2021-12-14,2021-12-14,15914.9,-0.025160391677886196,2021-12-15,2021-12-15,16289.59,-0.0022094053165384597,2021-12-16,2021-12-16,15863.94,-0.02828185813008477,2021-12-17,2021-12-17,15801.46,-0.03210896221040993,-0.01489128157759012,-0.010424341910953205,0.023543346172454793,-0.026130184983170213,-0.003938491950927769,-0.017477949703249784,0.01175885849706737,-2.893947390850517,-1631.0,-1.5036776617129135,1.3902697291376107,-0.0334912543848791,113.0,-1.1154714093300981,-1.081980154945235,-2.92738799603709,-1518.0,-1.819743827030095,1.1076441690070027,2.92738799603709,1518.0,1.819743827030079,-1.1076441690070133,-0.025160391677886196,-0.02078813352722031,0.009984282411859668,-0.002813362522556484,-0.18731555110176246,-0.22136807945283676,-0.2925437623961298,20.0,NASDAQ-100 Index x $20,326513.2,5270902587.6,3587727041.6,1683175546.0,-532543029.20000005,625272778.0,8122668876.400001,9747725072.800001,-1625056196.4,36895991.6,-969091177.6,13808243228.0,13749797365.2,58445862.800000004,-495647037.6,-343491886.40000004,2640185735.2000003,2698631598.0,-58445862.800000004,495647037.6,343818399.6
2021-12-14,NASDAQ-100 Consolidated - CHICAGO MERCANTILE EXCHANGE,53943,17007,10315,6692,12.405687484937806,31.527723708358824,19.12203622342102,3232,5.9915095563835905,24814,31655,-6841,-12.681904973768606,46.000407837902976,58.68231281167158,45054,45202,-148,-0.2743636801809317,83.52149491129526,83.79585859147619,8890,8742,148,0.2743636801809317,16.480358897354616,16.205995217173683,15914.9,2021-12-20,2021-12-20,15627.64,-0.01804975211908344,2021-12-21,2021-12-21,15986.28,0.004485105153032798,2021-12-22,2021-12-22,16180.14,0.016666143048338355,2021-12-23,2021-12-23,16308.21,0.024713318965246422,2021-12-24,2021-12-27,16567.5,0.041005598527166454,-0.01804975211908344,0.022949082523016973,0.012126648601175516,0.007915259076868297,0.015899353761081203,0.060140878597152225,-0.025160391677886196,2.1726400020094268,1537.0,-0.5172977304215429,-2.6899377324309732,-2.8022003525203942,-1864.0,-3.3822346902850526,-0.5800343377646584,-0.629691614117727,-327.0,-0.4272108215934054,0.2024807925243124,0.629691614117727,327.0,0.42906463024329256,-0.2006269838744359,0.004485105153032798,0.036051750246624215,0.022923800966389907,-0.00444740463339377,-0.15434215734940215,-0.2892390150110902,-0.256406889141622,20.0,NASDAQ-100 Index x $20,318298.0,5413294086.0,3283243870.0,2130050216.0,489224026.0,1273192000.0,7898246572.0,10075723190.0,-2177476618.0,-593307472.0,-1569845736.0,14340598092.0,14387706196.0,-47108104.0,-104083446.0,-296017140.0,2829669220.0,2782561116.0,47108104.0,104083446.0,295698842.0
2021-12-21,NASDAQ-100 Consolidated - CHICAGO MERCANTILE EXCHANGE,41614,14395,9323,5072,12.188205892247801,34.59172393905897,22.40351804681117,417,1.0020666121978181,19278,24732,-5454,-13.106166194069305,46.32575575527467,59.431921949343966,34090,34472,-382,-0.9179603018215023,81.91954630653146,82.83750660835297,7524,7142,382,0.9179603018215023,18.080453693468545,17.16249339164704,15986.28,2021-12-27,2021-12-27,16567.5,0.036357426493217826,2021-12-28,2021-12-28,16488.66,0.03142569753563684,2021-12-29,2021-12-29,16491.01,0.03157269858903988,2021-12-30,2021-12-30,16429.1,0.027700002752359953,2021-12-31,2021-12-31,16320.08,0.020880404947242193,0.036357426493217826,-0.004758714350384774,0.0001425221940412058,-0.0037541666641400795,-0.006635786500782115,-0.014934057642975729,0.004485105153032798,-0.2174815926900049,-1620.0,3.064000230700149,3.2814818233901484,-0.4242612203006981,1387.0,0.325347917371694,0.7496091376723868,-0.6435966216405706,-234.0,-1.6019486047638054,-0.9583519831232223,0.6435966216405706,234.0,1.600094796113929,0.9564981744733565,0.03142569753563684,0.018356365583487744,-0.008892625426303091,-0.04851159869588173,-0.08331832045979437,-0.27770813472552713,-0.30737982820268384,20.0,NASDAQ-100 Index x $20,319725.60000000003,4602450012.000001,2980801768.8,1621648243.2000003,-517955472.00000006,-169774293.60000002,6163670116.800001,7907453539.200001,-1743783422.4,443459407.20000005,-287433314.40000004,10899445704.000002,11021580883.2,-122135179.20000002,-74815790.4,-457527333.6,2405615414.4,2283480235.2000003,122135179.20000002,74815790.4,457207608.00000006
2021-12-28,NASDAQ-100 Consolidated - CHICAGO MERCANTILE EXCHANGE,42219,13863,11042,2821,6.6818257182785,32.835926952320044,26.154101234041544,441,1.0445534001279047,20825,23832,-3007,-7.122385655747412,49.32613278381771,56.44851843956512,35130,35316,-186,-0.44055993746891214,83.20898173808001,83.64954167554892,7090,6903,187,0.4429285392832611,16.793386863734337,16.350458324451075,16488.66,2022-01-03,2022-01-03,16501.77,0.0007950918995236478,2022-01-04,2022-01-04,16279.73,-0.012671132766398308,2022-01-05,2022-01-05,15771.78,-0.043477153389056444,2022-01-06,2022-01-06,15765.36,-0.04386651189362867,2022-01-07,2022-01-07,15592.19,-0.05436888140091434,0.0007950918995236478,-0.013455526285968133,-0.03120137741842144,-0.0004070561471184453,-0.010984208416426888,-0.0551201477174873,0.03142569753563684,-5.506380173969301,-2251.0,-1.755796986738929,3.750583187230376,5.983780538321892,2447.0,3.000377028543042,-2.983403509778846,0.4774003643525902,196.0,1.2894354315485543,0.81203506719595,-0.47503176253824125,-195.0,-1.2870668297342078,-0.8120350671959642,-0.012671132766398308,-0.03908989572227206,-0.0775017496873609,-0.14188781865839906,-0.07576965017169379,-0.2941955258947664,-0.3436392041560684,20.0,NASDAQ-100 Index x $20,329773.2,4571645871.6,3641355674.4,930290197.2,-742319473.2,-1307550738.0,6867526890.0,7859154902.400001,-991628012.4,806955020.4,686917575.6,11584932516.0,11646270331.2,-61337815.2,64635547.2,-620962935.6,2338091988.0,2276424399.6,61667588.4,-64305774.0,621292708.8000001
2022-01-04,NASDAQ-100 Consolidated - CHICAGO MERCANTILE EXCHANGE,42186,13910,9565,4345,10.299625468164795,32.973024226046554,22.673398757881763,683,1.6190205281372965,19645,25024,-5379,-12.750675579576162,46.5675816621628,59.31825724173897,34239,35272,-1033,-2.4486796567581663,81.16199687099986,83.61067652775802,7947,6914,1033,2.4486796567581663,18.838003129000143,16.389323472241976,16279.73,2022-01-10,2022-01-10,15614.43,-0.04086677113195358,2022-01-11,2022-01-11,15844.12,-0.026757814779483358,2022-01-12,2022-01-12,15905.1,-0.023012052411188644,2022-01-13,2022-01-13,15495.62,-0.048164803716032045,2022-01-14,2022-01-14,15611.59,-0.04104122119961451,-0.04086677113195358,0.014710111095954215,0.0038487464119181247,-0.025745201224764314,0.0074840503316420115,-0.00018188304023902813,-0.012671132766398308,3.617799749886295,1524.0,0.1370972737265106,-3.480702476159781,-5.62828992382875,-2372.0,-2.758551121654911,2.869738802173849,-2.008119719289254,-847.0,-2.0469848670801554,-0.03886514779090078,2.0057511174749054,846.0,2.0446162652658053,0.03886514779090078,-0.026757814779483358,-0.06566263691105434,-0.1308750206545194,-0.07739993230845965,-0.08962617930395655,-0.2764069182965565,-0.332750604586194,20.0,NASDAQ-100 Index x $20,325594.6,4529020886.0,3114312349.0,1414708537.0,496206170.4,-263731625.99999997,6396305917.0,8147679270.4,-1751373353.3999999,-772310391.1999999,-130889029.19999999,11148033509.4,11484372731.199999,-336339221.79999995,-275778626.2,-394620655.2,2587500286.2,2251161064.3999996,336339221.79999995,275453031.59999996,394620655.2
2022-01-11,NASDAQ-100 Consolidated - CHICAGO MERCANTILE EXCHANGE,44044,15215,10961,4254,9.658523294886932,34.545000454091365,24.886477159204432,828,1.879938243574607,19795,24396,-4601,-10.446371810008173,44.9436926709654,55.390064480973564,35838,36185,-347,-0.7878485151212424,81.36863136863137,82.15647988375261,8207,7860,347,0.7878485151212424,18.63363908818454,17.8457905730633,15844.12,2022-01-17,2022-01-18,15210.76,-0.03997445108974185,2022-01-18,2022-01-18,15210.76,-0.03997445108974185,2022-01-19,2022-01-19,15047.84,-0.05025713008990085,2022-01-20,2022-01-20,14846.46,-0.06296720802417566,2022-01-21,2022-01-21,14438.4,-0.08872187284620425,-0.03997445108974185,0.0,-0.010710838906142772,-0.01338265159650831,-0.02748533993962199,-0.050777212972921815,-0.026757814779483358,-0.6411021732778632,-91.0,1.5719762280448109,2.2130784013226688,2.304303769567989,778.0,-1.6238889911974042,-3.9281927607654055,1.660831141636924,686.0,0.2066344976315122,-1.4541966440054068,-1.660831141636924,-686.0,-0.20436404081560156,1.4564671008213246,-0.03997445108974185,-0.10697975021648409,-0.0520344455861228,-0.0692427222212404,-0.1201631898773804,-0.25871616725952595,-0.2927483508077444,20.0,NASDAQ-100 Index x $20,316882.4,4821365716.0,3473347986.4,1348017729.6000001,-28836298.400000002,-772559291.2,6272687108.0,7730663030.400001,-1457975922.4,246534507.20000002,709816576.0,11356431451.2,11466389644.0,-109958192.80000001,217381326.4,-63059597.6,2600653856.8,2490695664.0,109958192.80000001,-217381326.4,63059597.6
2022-01-18,NASDAQ-100 Consolidated - CHICAGO MERCANTILE EXCHANGE,47162,17719,11677,6042,12.811161528349094,37.570501675077395,24.7593401467283,962,2.0397777872015603,20241,26177,-5936,-12.586404308553497,42.91802722530851,55.50443153386201,38922,38817,105,0.222636868665451,82.52830668758746,82.30566981892201,8240,8345,-105,-0.222636868665451,17.471693312412537,17.694330181077987,15210.76,2022-01-24,2022-01-24,14509.58,-0.04609763088760854,2022-01-25,2022-01-25,14149.12,-0.06979532909598196,2022-01-26,2022-01-26,14172.76,-0.06824116612187692,2022-01-27,2022-01-27,14003.11,-0.07939445497792352,2022-01-28,2022-01-28,14454.61,-0.04971152000294521,-0.04609763088760854,-0.024842896899841316,0.0016707752849647317,-0.01197014554680953,0.03224283748395895,-0.0037885314392284153,-0.03997445108974185,3.152638233462163,1788.0,3.0255012209860297,-0.1271370124761333,-2.140032498545324,-1335.0,-2.025665445656884,0.11436705288844706,1.0104853837866934,452.0,1.15967531895609,0.14918993516940304,-1.0104853837866934,-452.0,-1.1619457757720042,-0.1514603919853137,-0.06979532909598196,-0.012562159944670692,-0.03048697106521958,-0.03878438684194618,-0.06577580607412126,-0.19468718196855384,-0.2401964135914313,20.0,NASDAQ-100 Index x $20,304215.2,5390389128.8,3552320890.4,1838068238.4,543936777.6,295088744.0,6157619863.2,7963441290.400001,-1805821427.2,-406127292.0,-146631726.4,11840664014.4,11808721418.4,31942596.0,137505270.4,148152802.4,2506733248.0,2538675844.0,-31942596.0,-137505270.4,-148152802.4
2022-01-25,NASDAQ-100 Consolidated - CHICAGO MERCANTILE EXCHANGE,48669,17582,11561,6021,12.37132466251618,36.125665207832505,23.75434054531632,999,2.052641311717931,21420,28431,-7011,-14.405473710164582,44.01158848548357,58.41706219564815,40001,40991,-990,-2.0341490476484005,82.189895005034,84.2240440526824,8668,7679,989,2.0320943516406746,17.810104994965993,15.778010643325318,14149.12,2022-01-31,2022-01-31,14930.05,0.05519283178035095,2022-02-01,2022-02-01,15019.68,0.06152750135697471,2022-02-02,2022-02-02,15139.74,0.07001283472046316,2022-02-03,2022-02-03,14501.11,0.024877165505699184,2022-02-04,2022-02-04,14694.35,0.03853455197213673,0.05519283178035095,0.006003328856902801,0.007993512511584866,-0.04218236244479756,0.013325876432907613,-0.015786953158227757,-0.06979532909598196,-0.43983686583291437,-21.0,-1.4448364672448903,-1.0049996014119777,-1.8190694016110847,-1075.0,1.0935612601750577,2.912630661786139,-2.2567859163138517,-1095.0,-0.3384116825534562,1.9183742337603888,2.254731220306126,1094.0,0.3384116825534562,-1.9163195377526687,0.06152750135697471,0.042257751718834724,0.03333776234847097,-0.019689563732585458,-0.08052868305590744,-0.14574899357698579,-0.16272955491224905,20.0,NASDAQ-100 Index x $20,282982.4,4975396556.8,3271559526.4,1703837030.4,-5942630.4,905543680.0000001,6061483008.000001,8045472614.400001,-1983989606.4,-304206080.0,-1133061529.6000001,11319578982.400002,11599731558.400002,-280152576.0,-309865728.0,-227517849.60000002,2452891443.2000003,2173021849.6000004,279869593.6,309582745.6,226951884.8
2022-02-01,NASDAQ-100 Consolidated - CHICAGO MERCANTILE EXCHANGE,47867,14236,14434,-198,-0.413646144525456,29.740739966991875,30.15438611151733,1189,2.4839659890947834,25125,22725,2400,5.0138926609146175,52.48918879394991,47.475296133035286,40550,38348,2202,4.600246516389161,84.71389475003656,80.1136482336474,7317,9519,-2202,-4.600246516389161,15.286105249963441,19.886351766352604,15019.68,2022-02-07,2022-02-07,14571.25,-0.029856162048725432,2022-02-08,2022-02-08,14747.03,-0.018152850127299613,2022-02-09,2022-02-09,15056.96,0.002482076848508097,2022-02-10,2022-02-10,14705.64,-0.02090856795883811,2022-02-11,2022-02-11,14253.84,-0.050989102297785305,-0.029856162048725432,0.012063481170112356,0.02101643517372631,-0.023332731175482957,-0.030722906313495946,-0.021783306167967753,0.06152750135697471,-12.784970807041637,-6219.0,-6.38492524084063,6.400045566201008,19.4193663710792,9411.0,8.477600308466336,-10.941766062612864,6.634395564037561,3192.0,2.5239997450025555,-4.110395819035006,-6.632340868029836,-3191.0,-2.523999745002552,4.1083411230272855,-0.018152850127299613,-0.02655582542371082,-0.07650961937937428,-0.06749078542285858,-0.1284834297401809,-0.1410203146804725,-0.19426179519137554,20.0,NASDAQ-100 Index x $20,300393.6,4276403289.6,4335881222.4,-59477932.8,-1868147798.3999999,-1364688124.8,7547389199.999999,6826444559.999999,720944640.0,2827004169.6,2336761814.3999996,12180960480.0,11519493772.8,661466707.1999999,958856371.1999999,971773295.9999999,2197979971.2,2859446678.3999996,-661466707.1999999,-958555977.5999999,-971773295.9999999
2022-02-08,NASDAQ-100 Consolidated - CHICAGO MERCANTILE EXCHANGE,46753,13408,11814,1594,3.4094068829807713,28.678373580305006,25.268966697324235,338,0.7229482600047056,25823,25166,657,1.4052574166363656,55.232819284323995,53.827561867687635,39570,37318,2252,4.816803199794665,84.63628002481124,79.81947682501658,7184,9435,-2251,-4.814664299617137,15.365858875366287,20.18052317498342,14747.03,2022-02-14,2022-02-14,14268.59,-0.03244314278875138,2022-02-15,2022-02-15,14620.82,-0.008558333440699673,2022-02-16,2022-02-16,14603.64,-0.009723313779113618,2022-02-17,2022-02-17,14171.74,-0.03901056687346538,2022-02-18,2022-02-18,14009.54,-0.05000939172158736,-0.03244314278875138,0.024685690737487054,-0.0011750366942483437,-0.029574818332963493,-0.011445312996145818,-0.0181552627134145,-0.018152850127299613,3.8230530275062273,1792.0,-1.0623663866868682,-4.885419414193095,-3.608635244278252,-1743.0,2.7436304903740876,6.352265734652349,0.21655668340550438,50.0,-0.07761472522531676,-0.2941714086308167,-0.2144177832279759,-49.0,0.07975362540284614,0.2941714086308167,-0.008558333440699673,-0.059435696543643,-0.050250118159385404,-0.10031986101608259,-0.16282397201334775,-0.11791255595194428,-0.13689264889269226,20.0,NASDAQ-100 Index x $20,294940.60000000003,3954563564.8000007,3484428248.4000006,470135316.40000004,528533555.20000005,-784541996.0000001,7616251113.800001,7422475139.600001,193775974.20000002,-514081465.8000001,1550797674.8000002,11670799542.000002,11006593310.800001,664206231.2,14747030.000000002,766550619.4000001,2118853270.4000003,2782764561.0000005,-663911290.6,-14452089.400000002,-766255678.8000001
2022-02-15,NASDAQ-100 Consolidated - CHICAGO MERCANTILE EXCHANGE,47189,13604,11736,1868,3.958549661997499,28.828752463497846,24.870202801500348,560,1.1867172434253745,26328,25130,1198,2.5387272457564265,55.79266354447011,53.253936298713676,40492,37426,3066,6.497276907753926,85.80813325139334,79.3108563436394,6697,9763,-3066,-6.497276907753926,14.191866748606666,20.689143656360592,14620.82,2022-02-21,2022-02-22,13870.53,-0.051316547225121356,2022-02-22,2022-02-22,13870.53,-0.051316547225121356,2022-02-23,2022-02-23,13509.43,-0.07601420440166828,2022-02-24,2022-02-24,13974.67,-0.04419382770596991,2022-02-25,2022-02-25,14189.16,-0.029523651888197833,-0.051316547225121356,0.0,-0.026033612270043083,0.03443816652516052,0.015348484078693714,0.022971724944901073,-0.008558333440699673,0.5491427790167278,274.0,0.15037888319283965,-0.3987638958238868,1.133469829120061,541.0,0.5598442601461144,-0.5736255689739593,1.6804737079592602,814.0,1.1718532265821011,-0.5086204813771786,-1.6826126081367887,-815.0,-1.1739921267596216,0.5086204813771715,-0.051316547225121356,-0.042051676992124976,-0.09255363242280523,-0.07949348942125001,-0.1406706327004914,-0.06741140373795729,-0.13883831413012404,20.0,NASDAQ-100 Index x $20,292416.4,3978032705.6000004,3431798870.4,546233835.2,80122093.60000001,-1220546053.6000001,7698738979.200001,7348424132.000001,350314847.20000005,158197272.4,2086098597.6000001,11840524868.800001,10943976186.400002,896548682.4000001,238026949.60000002,865844960.4000001,1958312630.8000002,2854861313.2000003,-896548682.4000001,-238319366.00000003,-865844960.4000001
2022-02-22,NASDAQ-100 Consolidated - CHICAGO MERCANTILE EXCHANGE,51586,15068,12287,2781,5.390997557476835,29.20947543907262,23.818477881595783,465,0.9014073585856628,28351,29466,-1115,-2.1614391501570194,54.95870972744543,57.12014887760245,43884,42218,1666,3.229558407319815,85.06959252510372,81.8400341177839,7702,9368,-1666,-3.229558407319815,14.93040747489629,18.159965882216106,13870.53,2022-02-28,2022-02-28,14237.81,0.0264791612144597,2022-03-01,2022-03-01,14005.99,0.009766029127942444,2022-03-02,2022-03-02,14243.69,0.026903081569341625,2022-03-03,2022-03-03,14035.21,0.01187265374863089,2022-03-04,2022-03-04,13837.83,-0.0023575162592922583,0.0264791612144597,-0.016281998425319633,0.016971310132307682,-0.014636656652875835,-0.014063202474348335,-0.028092803598306126,-0.051316547225121356,1.4324478954793358,913.0,0.3807229755747734,-1.051724919904565,-4.700166395913445,-2313.0,-0.8339538170246783,3.866212578888778,-3.2677185004341105,-1400.0,-0.738540726289628,2.5291777741445003,3.2677185004341105,1400.0,0.7385407262896244,-2.529177774144486,0.009766029127942444,-0.04346769734105327,-0.029701100102159095,0.056508294924562996,-0.15144987249946473,-0.07128350538876305,-0.13050907211188045,20.0,NASDAQ-100 Index x $20,277410.60000000003,4180022920.8000007,3408544042.2000003,771478878.6000001,253275877.80000004,-898810344.0000001,7864867920.600001,8174180739.600001,-309312819.00000006,-641650717.8000001,1635612897.6000001,12173886770.400002,11711720710.800001,462166059.6000001,-388374840.00000006,736802553.6000001,2136616441.2000003,2598782500.8,-462166059.6000001,388374840.00000006,-736525143.0000001
2022-03-01,NASDAQ-100 Consolidated - CHICAGO MERCANTILE EXCHANGE,49907,12290,9863,2427,4.8630452641913955,24.625803995431504,19.76275873124011,444,0.8896547578496002,30685,28403,2282,4.57250485903781,61.48436091129501,56.91185605225721,43420,38710,4710,9.437553850161299,87.00182339150821,77.5642695413469,6488,11197,-4709,-9.435550123229207,13.000180335423888,22.435730458653094,14005.99,2022-03-07,2022-03-07,13319.38,-0.04902259676038612,2022-03-08,2022-03-08,13267.61,-0.052718872425297936,2022-03-09,2022-03-09,13742.2,-0.018834084559534836,2022-03-10,2022-03-10,13591.0,-0.029629465678613243,2022-03-11,2022-03-11,13301.83,-0.05027563206885055,-0.04902259676038612,-0.003886817554570765,0.035770572092486796,-0.011002605114173947,-0.021276580089765296,-0.0013176288986423978,0.009766029127942444,-0.5279522932854395,-354.0,-4.583671443641116,-4.055719150355674,6.733944009194829,3397.0,6.5256511838495825,-0.2082928253452465,6.207995442841484,3044.0,1.9322308664044954,-4.275764576436998,-6.205991715909392,-3043.0,-1.930227139472402,4.275764576436988,-0.052718872425297936,-0.039085419881065175,0.04629019440967763,0.0880573240449265,-0.09737904996362268,-0.11875561813195634,-0.14021643596775368,20.0,NASDAQ-100 Index x $20,280119.8,3442672342.0,2762821587.4,679850754.6,-99162409.2,735314475.0,8595476063.0,7956242679.4,639233383.6,951566960.5999999,-33054136.4,12162801716.0,10843437458.0,1319364258.0,852684671.1999999,702540458.4,1817417262.3999999,3136501400.6,-1319084138.2,-852404551.4,-702260338.6
2022-03-08,NASDAQ-100 Consolidated - CHICAGO MERCANTILE EXCHANGE,49602,15072,9749,5323,10.731422120075804,30.385871537438007,19.6544494173622,465,0.9374621991048748,27123,30001,-2878,-5.802185395750172,54.68126285230434,60.483448248054515,42660,40215,2445,4.929236724325632,86.00459658884722,81.07535986452159,6942,9387,-2445,-4.929236724325632,13.995403411152777,18.924640135478406,13267.61,2022-03-14,2022-03-14,13046.64,-0.01665484589914845,2022-03-15,2022-03-15,13458.56,0.01439219271594494,2022-03-16,2022-03-16,13956.79,0.05194454766156076,2022-03-17,2022-03-17,14118.6,0.06414041413638172,2022-03-18,2022-03-18,14420.08,0.08686342152052995,-0.01665484589914845,0.031572880067205045,0.03701956227114955,0.011593640084861967,0.021353391979374692,0.1052715488432272,-0.052718872425297936,5.868376855884408,2896.0,5.760067542006503,-0.10830931387790699,-10.374690254787982,-5160.0,-6.80309805899067,3.571592195797308,-4.508317125835667,-2265.0,-0.9972268026609896,3.5110903231746846,4.5063133989035755,2264.0,0.9952230757288891,-3.511090323174688,0.01439219271594494,0.10451920127287417,0.14861078973530262,0.11705423961060046,-0.0419012919433116,-0.09468924697063008,-0.0840724139464456,20.0,NASDAQ-100 Index x $20,265352.2,3999388358.4,2586918597.8,1412469760.6000001,768459971.2,989498353.8000001,7197147720.6,7960831352.200001,-763683631.6,-1369217352.0,-938020027.0,11319924852.0,10671138723.0,648786129.0,-601022733.0,51212974.6,1842074972.4,2490861101.4,-648786129.0,600757380.8000001,-51478326.800000004
2022-03-15,NASDAQ-100 Consolidated - CHICAGO MERCANTILE EXCHANGE,52947,13652,9857,3795,7.16754490339396,25.784274840878613,18.616729937484656,2535,4.7878066745991275,29604,30599,-995,-1.879237728294332,55.91251628987478,57.791754018169115,45790,42991,2799,5.286418493965664,86.48270912421856,81.1962906302529,7156,9956,-2800,-5.288307175099629,13.515402194647477,18.803709369747107,13458.56,2022-03-21,2022-03-21,14376.09,0.0681744555138144,2022-03-22,2022-03-22,14654.33,0.0888482868895335,2022-03-23,2022-03-23,14447.55,0.07348408745066326,2022-03-24,2022-03-24,14765.69,0.09712257477768804,2022-03-25,2022-03-25,14754.31,0.09627701626325558,0.0681744555138144,0.019354358521684212,-0.01411050522268853,0.022020342549428973,-0.0007707056019733427,0.026308961616127835,0.01439219271594494,-3.5638772166818438,-1528.0,-4.601596696559394,-1.0377194798775449,3.9229476674558397,1883.0,1.2312534375704374,-2.6916942298853996,0.35718176964003234,354.0,0.4781125353713378,0.12093076573131611,-0.3590704507739968,-355.0,-0.4800012165053005,-0.12093076573129835,0.0888482868895335,0.1323143040563033,0.10120547814922243,0.03578986161966813,-0.15951706571876922,-0.10587611156022625,-0.09352932260212077,20.0,NASDAQ-100 Index x $20,269171.2,3674725222.4,2653220518.4,1021504704.0,-411293593.6,518692902.40000004,7968544204.8,8236369548.8,-267825344.0,506849369.6,-590292441.6,12325349248.0,11571939059.2,753410188.8000001,95286604.8,-71868710.4,1926189107.2,2679868467.2000003,-753679360.0,-95555776.0,71599539.2
2022-03-22,NASDAQ-100 Consolidated - CHICAGO MERCANTILE EXCHANGE,42562,11335,10773,562,1.3204266716789625,26.63173723039331,25.311310558714347,711,1.6705042056294348,24852,21518,3334,7.8332785113481505,58.39011324655796,50.55683473520981,36899,33003,3896,9.153705183027114,86.69470419623137,77.54099901320427,5663,9559,-3896,-9.153705183027114,13.305295803768619,22.459000986795733,14654.33,2022-03-28,2022-03-28,14987.4,0.022728435895738697,2022-03-29,2022-03-29,15239.32,0.039919259358838,2022-03-30,2022-03-30,15071.55,0.02847076597838316,2022-03-31,2022-03-31,14838.49,0.012566934141649666,2022-04-01,2022-04-01,14861.21,0.014117329144355262,0.022728435895738697,0.016808786046946134,-0.011009021399905006,-0.015463572094442823,0.0015311531025057334,-0.008419739247634728,0.0888482868895335,-5.8471182317149974,-3233.0,0.8474623895146962,6.69458062122969,9.712516239642483,4329.0,2.477596956683179,-7.234919282959304,3.8672866890614497,1097.0,0.21199507201281165,-3.6552916170486327,-3.8653980079274852,-1096.0,-0.21010639087885785,3.6552916170486256,0.039919259358838,0.01134886412411884,-0.048728942230726324,-0.03030298894592931,-0.21205814254217015,-0.19126019408597994,-0.13053411517278501,20.0,NASDAQ-100 Index x $20,293086.6,3322136610.9999995,3157421941.7999997,164714669.2,-947548977.8,-650359165.4,7283788183.2,6306637458.799999,977150724.4,1268771891.3999999,1303942283.3999999,10814602453.4,9672737059.8,1141865393.6,321516000.2,653583118.0,1659749415.8,2801614809.3999996,-1141865393.6,-321222913.59999996,-653583118.0
2022-03-29,NASDAQ-100 Consolidated - CHICAGO MERCANTILE EXCHANGE,44664,9804,12049,-2245,-5.026419487730611,21.950564212788823,26.976983700519437,637,1.4262045495253448,28475,21668,6807,15.240462117141321,63.75380619738492,48.5133440802436,38916,34354,4562,10.214042629410711,87.13057495969909,76.91653233028838,5748,10310,-4562,-10.214042629410711,12.869425040300914,23.083467669711624,15239.32,2022-04-04,2022-04-04,15159.58,-0.005232516936451215,2022-04-05,2022-04-05,14820.64,-0.027473666804030628,2022-04-06,2022-04-06,14498.89,-0.04858681358485817,2022-04-07,2022-04-07,14531.81,-0.046426612211043605,2022-04-08,2022-04-08,14327.26,-0.05984912712640722,-0.005232516936451215,-0.022358139209661565,-0.021709588789687873,0.0022705186397027344,-0.014076016683399972,-0.054903895754367826,0.039919259358838,-6.346846159409574,-2807.0,-4.681173017604486,1.6656731418050903,7.407183605793171,3473.0,5.363692950826959,-2.043490654966213,1.0603374463835973,666.0,0.4358707634677188,-0.6244666829158945,-1.0603374463835973,-666.0,-0.4358707634677046,0.6244666829158909,-0.027473666804030628,-0.08524527341114962,-0.06752663504670808,-0.14630639687335134,-0.23633272350734802,-0.26035085554998516,-0.17249785423496589,20.0,NASDAQ-100 Index x $20,304786.4,2988125865.6000004,3672371333.6000004,-684245468.0,-855535424.8000001,-1423962060.8000002,8678792740.0,6604111715.200001,2074681024.8000002,1058523167.2,1379158460.0,11861067542.400002,10470631985.6,1390435556.8000002,202987742.4,-45108387.2,1751912227.2,3142347784.0000005,-1390435556.8000002,-202987742.4,44803600.800000004
2022-04-05,NASDAQ-100 Consolidated - CHICAGO MERCANTILE EXCHANGE,46538,11730,13457,-1727,-3.7109458936782844,25.205208646697326,28.916154540375604,546,1.173234775882075,28237,22988,5249,11.278954832609909,60.6751471915424,49.39619235893248,40513,36991,3522,7.568008938931625,87.05359061412179,79.48558167519016,6025,9547,-3522,-7.568008938931625,12.946409385878207,20.51441832480983,14820.64,2022-04-11,2022-04-11,13990.21,-0.05603199322026586,2022-04-12,2022-04-12,13940.24,-0.059403642487773745,2022-04-13,2022-04-13,14217.29,-0.04071011778168809,2022-04-14,2022-04-14,13893.21,-0.06257691975515234,2022-04-15,2022-04-18,13910.76,-0.06139276036662378,-0.05603199322026586,-0.0035717834113997426,0.0198741198142931,-0.02279478015852543,0.0012632069910409882,-0.0056789712234482925,-0.027473666804030628,1.3154735940523268,518.0,3.2546444339085028,1.9391708398561676,-3.9615072845314128,-1558.0,-3.0786590058425176,0.8828482786888827,-2.6460336904790864,-1040.0,-0.07698434557730138,2.569049344901785,2.6460336904790864,1040.0,0.0769843455772925,-2.569049344901792,-0.059403642487773745,-0.0411844562717939,-0.1221897299981648,-0.11677903248442711,-0.2051692774401105,-0.2184858413671743,-0.11609215256561112,20.0,NASDAQ-100 Index x $20,296412.8,3476922144.0,3988827049.6,-511904905.59999996,153541830.4,-2089710240.0,8369808233.599999,6813937446.4,1555870787.2,-461811142.4,2408946825.6,12008571766.4,10964605884.8,1043965881.5999999,-308269312.0,319236585.59999996,1785887120.0,2829853001.6,-1043965881.5999999,308269312.0,-319236585.59999996
2022-04-12,NASDAQ-100 Consolidated - CHICAGO MERCANTILE EXCHANGE,45660,13641,11043,2598,5.68988173455979,29.87516425755585,24.185282522996058,422,0.9242225142356548,25305,25282,23,0.050372317126587816,55.42049934296978,55.37012702584319,39368,36747,2621,5.740254051686378,86.21988611476128,80.4796320630749,6293,8913,-2620,-5.7380639509417435,13.782303985983354,19.520367936925098,13940.24,2022-04-18,2022-04-18,13910.76,-0.0021147412096204077,2022-04-19,2022-04-19,14210.26,0.019369824335879526,2022-04-20,2022-04-20,13998.53,0.00418142011902245,2022-04-21,2022-04-21,13720.45,-0.01576658651500973,2022-04-22,2022-04-22,13356.87,-0.04184791653515285,-0.0021147412096204077,0.021530096127026832,-0.014899797751765198,-0.019864942961868137,-0.02649913085941058,-0.039817378777291745,-0.059403642487773745,9.400827628238074,4325.0,4.669955610858523,-4.730872017379546,-11.228582515483321,-5226.0,-5.254647848572624,5.973934666910708,-1.8277548872452467,-901.0,-0.8337044993605076,0.9940503878847409,1.8299449879898813,902.0,0.8358946001051475,-0.9940503878847338,0.019369824335879526,-0.06675136152605698,-0.06099894980287279,-0.11437249286956319,-0.1574757679925166,-0.2258849202022346,-0.07001959794092494,20.0,NASDAQ-100 Index x $20,278804.8,3803176276.7999997,3078841406.4,724334870.4,1205830760.0,-333729345.59999996,7055155464.0,7048742953.599999,6412510.399999999,-1457033884.8,283823286.4,10975987366.4,10245239985.6,730747380.8,-251203124.79999998,-49627254.4,1754518606.3999999,2484987182.4,-730468576.0,251481929.6,50184864.0
2022-04-19,NASDAQ-100 Consolidated - CHICAGO MERCANTILE EXCHANGE,47422,13147,11517,1630,3.4372232297246,27.7234195099321,24.2861962802075,767,1.6173927712875882,27152,26318,834,1.758677407110624,57.256125848762174,55.49744844165156,41066,38602,2464,5.195900636835224,86.59693812998187,81.40103749314665,6356,8820,-2464,-5.195900636835224,13.403061870018135,18.598962506853358,14210.26,2022-04-25,2022-04-25,13533.22,-0.04764444844781168,2022-04-26,2022-04-26,13009.71,-0.084484731454597,2022-04-27,2022-04-27,13003.36,-0.08493159168094033,2022-04-28,2022-04-28,13456.06,-0.053074327985554115,2022-04-29,2022-04-29,12854.8,-0.09538600982670276,-0.04764444844781168,-0.0386833288751679,-0.00048809696757257104,0.034814078822704264,-0.044683213362603946,-0.050129976457930936,0.019369824335879526,-2.2526585048351895,-968.0,-2.1517447476237486,0.10091375721144047,1.7083050899840362,811.0,1.8356265057923977,0.12732141580836753,-0.5443534148511544,-157.0,0.37705201522058474,0.9214054300717436,0.5421633141065199,156.0,-0.3792421159652193,-0.92140543007174,-0.084484731454597,-0.07884162569861497,-0.1312009773220194,-0.11584305987364063,-0.1379876230273056,-0.21551470557188968,-0.07870862320604965,20.0,NASDAQ-100 Index x $20,284205.2,3736445764.4,3273191288.4,463254476.0,-275110633.6,303531153.6,7716739590.400001,7479712453.6,237027136.8,230490417.20000002,-710513000.0,11671170743.2,10970889130.4,700281612.8000001,-44620216.4,-406981846.40000004,1806408251.2,2506689864.0,-700281612.8000001,44336011.2,406981846.40000004
2022-04-26,NASDAQ-100 Consolidated - CHICAGO MERCANTILE EXCHANGE,47395,13604,10438,3166,6.6800295389809055,28.703449730984282,22.023420192003375,1131,2.3863276716953266,25237,27182,-1945,-4.103808418609558,53.24823293596371,57.35204135457327,39973,38750,1223,2.5804409747863697,84.34012026585083,81.75967929106446,7423,8645,-1222,-2.5783310475788586,15.661989661356685,18.240320708935542,13009.71,2022-05-02,2022-05-02,13075.85,0.005083895029174501,2022-05-03,2022-05-03,13089.9,0.006163857610969048,2022-05-04,2022-05-04,13535.71,0.04043133936113863,2022-05-05,2022-05-05,12850.55,-0.01223393911163273,2022-05-06,2022-05-06,12693.53,-0.024303385701910263,0.005083895029174501,0.0010744999369065589,0.03405755582548364,-0.05061869676581432,-0.012218932263599491,-0.029238634582072986,-0.084484731454597,3.2428063092563053,1536.0,0.9800302210521821,-2.2627760882041237,-5.8624858257201815,-2779.0,-4.007892912798461,1.85459291292171,-2.615459662048854,-1241.0,-2.256817864131037,0.35864179791781226,2.617569589256365,1242.0,2.25892779133855,-0.3586417979178158,0.006163857610969048,-0.05102727116899597,-0.03425210861733263,-0.09530343105265215,-0.0709324035662593,-0.10297846762149188,-0.021875968026958237,20.0,NASDAQ-100 Index x $20,260194.19999999998,3539681896.7999997,2715907059.6,823774837.1999999,399658291.2,1407910816.1999998,6566521025.4,7072598744.4,-506077718.99999994,-723079681.8,-2277219638.3999996,10400742756.599998,10082525250.0,318217506.59999996,-322901002.2,-868788433.8,1931421546.6,2249378859.0,-317957312.4,323161196.4,869048628.0
2022-05-03,NASDAQ-100 Consolidated - CHICAGO MERCANTILE EXCHANGE,45344,13415,10197,3218,7.096859562455893,29.584950599858857,22.488091037402963,736,1.6231474947071278,24758,26032,-1274,-2.8096330275229358,54.60038814396613,57.410021171489056,38909,36964,1945,4.2894318983768525,85.80848623853211,81.51905434015526,6435,8380,-1945,-4.2894318983768525,14.191513761467888,18.480945659844743,13089.9,2022-05-09,2022-05-09,12187.72,-0.06892184050298322,2022-05-10,2022-05-10,12345.86,-0.05684077036493773,2022-05-11,2022-05-11,11967.56,-0.0857409147510676,2022-05-12,2022-05-12,11945.5,-0.08742618354609277,2022-05-13,2022-05-13,12387.4,-0.053667331301232246,-0.06892184050298322,0.012975355521787524,-0.03064185079046755,-0.0018433164320880158,0.0369930099200535,0.016383704253133402,0.006163857610969048,0.4168300234749873,52.0,0.8815008688745749,0.4646708453995885,1.2941753910866218,671.0,1.352155208002415,0.057979816915789684,1.7089909235904828,722.0,1.4683659726812834,-0.24062495090919356,-1.711100850797994,-723.0,-1.4704758998887968,0.24062495090920066,-0.05684077036493773,-0.04016837408994711,-0.10084569018861866,-0.034209581433013225,-0.014385136632059758,-0.1375831748141696,0.0018151399170351912,20.0,NASDAQ-100 Index x $20,261798.0,3512020170.0,2669554206.0,842465964.0,13613496.0,1294591110.0,6481594884.0,6815125536.0,-333530652.0,175666458.0,-1707708354.0,10186298382.0,9677101272.0,509197110.0,189018156.0,-412855446.0,1684670130.0,2193867240.0,-509197110.0,-189279954.0,412855446.0
2022-05-10,NASDAQ-100 Consolidated - CHICAGO MERCANTILE EXCHANGE,49984,13844,11151,2693,5.387724071702945,27.69686299615877,22.309138924455826,1099,2.198703585147247,27779,29399,-1620,-3.2410371318822024,55.575784250960304,58.81682138284251,42722,41648,1074,2.1486875800256082,85.47135083226632,83.32266325224072,7262,8336,-1074,-2.1486875800256082,14.528649167733676,16.677336747759284,12345.86,2022-05-16,2022-05-16,12243.58,-0.008284558548371734,2022-05-17,2022-05-17,12564.1,0.017677180852528673,2022-05-18,2022-05-18,11928.31,-0.0338210541833458,2022-05-19,2022-05-19,11875.63,-0.03808807162887007,2022-05-20,2022-05-20,11835.62,-0.04132883411929178,-0.008284558548371734,0.026178617691884343,-0.05060370420483762,-0.004416384215366609,-0.00336908441910011,-0.033320319710411384,-0.05684077036493773,-1.7091354907529475,-525.0,-1.888087603700086,-0.17895211294713675,-0.4314041043592667,-346.0,0.9753961069941752,1.4068002113534561,-2.1407443183512442,-871.0,-0.3371354062657872,1.8036089120854513,2.1407443183512442,871.0,0.3371354062657872,-1.8036089120854584,0.017677180852528673,-0.046656936009318084,0.02399508823200658,0.02963098560975097,0.053646323544896735,-0.10419363252134728,0.06927423443972303,20.0,NASDAQ-100 Index x $20,246917.2,3418321716.8,2753373697.2000003,664948019.6,-129631530.0,23457134.0,6859112898.8,7259118762.8,-400005864.0,-85433351.2,-405684959.6,10548796618.4,10283607545.6,265189072.8,-215064881.20000002,-381980908.40000004,1793112706.4,2058301779.2,-265189072.8,215064881.20000002,381733991.20000005
2022-05-17,NASDAQ-100 Consolidated - CHICAGO MERCANTILE EXCHANGE,48711,13958,10923,3035,6.230625526061876,28.65471864671224,22.424093120650365,1045,2.145305988380448,26504,28351,-1847,-3.791751349797787,54.41070805362238,58.20245940342017,41506,40319,1187,2.4368212518732935,85.20867976432427,82.77185851245099,7205,8392,-1187,-2.4368212518732935,14.79132023567572,17.228141487549014,12564.1,2022-05-23,2022-05-23,12034.28,-0.04216935554476642,2022-05-24,2022-05-24,11769.84,-0.06321662514625004,2022-05-25,2022-05-25,11943.93,-0.04936047946132238,2022-05-26,2022-05-26,12276.79,-0.022867535279088802,2022-05-27,2022-05-27,12681.42,0.009337716191370582,-0.04216935554476642,-0.021973894574498942,0.014791195122448642,0.027868549129139275,0.03295894122160581,0.053774716892078356,0.017677180852528673,0.8429014543589304,342.0,0.9578556505534692,0.11495419619453884,-0.5507142179155844,-227.0,-1.1650761973379247,-0.6143619794223412,0.28813367184768524,113.0,-0.2626710679420512,-0.5508047397897258,-0.28813367184768524,-113.0,0.2626710679420441,0.5508047397897293,-0.06321662514625004,0.0062081645322784595,0.011746165662482877,-0.09968163258808826,0.08525162964318955,-0.05515317452105606,0.0686010140002069,20.0,NASDAQ-100 Index x $20,251282.0,3507394156.0,2744753286.0,762640870.0,85938444.0,353051210.0,6659978128.0,7124095982.0,-464117854.0,-57041014.0,-673687042.0,10429710692.0,10131438958.0,298271734.0,28394866.0,-320887114.0,1810486810.0,2108758544.0,-298271734.0,-28394866.0,320887114.0
2022-05-24,NASDAQ-100 Consolidated - CHICAGO MERCANTILE EXCHANGE,51049,15002,12257,2745,5.3771866246155655,29.387451272306997,24.010264647691436,686,1.343806930596094,27760,29980,-2220,-4.348762953241004,54.37912593782445,58.72788889106545,43448,42923,525,1.0284236713745616,85.11038414072753,84.08196046935298,7601,8126,-525,-1.0284236713745616,14.889615859272464,15.918039530647023,11769.84,2022-05-30,2022-05-31,12642.1,0.07410975850139012,2022-05-31,2022-05-31,12642.1,0.07410975850139012,2022-06-01,2022-06-01,12548.36,0.06614533417616553,2022-06-02,2022-06-02,12892.89,0.09541760975510272,2022-06-03,2022-06-03,12548.03,0.06611729641184594,0.07410975850139012,0.0,-0.007414907333433529,0.027456177540331916,-0.026748075877479627,-0.007441010591594743,-0.06321662514625004,-0.8534389014463102,-290.0,0.7327326255947568,1.5861715270410706,-0.5570116034432173,-373.0,-0.031582115797931465,0.5254294876452761,-1.4083975804987319,-662.0,-0.09829562359674071,1.3101019569019883,1.4083975804987319,662.0,0.09829562359674426,-1.31010195690199,0.07410975850139012,0.08002147862672726,-0.03892576279711535,-0.018953528680084042,0.09447452131889644,-0.003823331498134186,0.1616589520333327,20.0,NASDAQ-100 Index x $20,235396.8,3531422793.6,2885258577.6,646164216.0,-68265072.0,-99102052.8,6534615168.0,7057196064.0,-522580896.0,-87803006.39999999,-64734120.0,10227520166.4,10103936846.4,123583320.0,-155832681.6,-164306966.4,1789251076.8,1912834396.8,-123583320.0,155832681.6,164071569.6
2022-05-31,NASDAQ-100 Consolidated - CHICAGO MERCANTILE EXCHANGE,52616,14888,13765,1123,2.1343317622016116,28.295575490345144,26.16124372814353,530,1.0072981602554356,30523,29748,775,1.4729359890527598,58.01087121788049,56.53793522882773,45941,44044,1897,3.6053671886878518,87.31374486848107,83.70837767979322,6675,8572,-1897,-3.6053671886878518,12.68625513151893,16.29162232020678,12642.1,2022-06-06,2022-06-06,12599.63,-0.0033594102245672053,2022-06-07,2022-06-07,12711.68,0.0055038324329028665,2022-06-08,2022-06-08,12615.13,-0.002133348098812826,2022-06-09,2022-06-09,12269.78,-0.029450803268444292,2022-06-10,2022-06-10,11832.82,-0.06401468110519615,-0.0033594102245672053,0.008893118289981627,-0.0075953768502668995,-0.027375857402975545,-0.03561270047221721,-0.060859723658551856,0.07410975850139012,-3.242854862413954,-1622.0,-1.0918757819618534,2.1509790804520925,5.821698942293764,2995.0,3.6317452800560446,-2.18995366223772,2.57694351731329,1372.0,2.203360727753534,-0.3735827895597623,-2.57694351731329,-1372.0,-2.203360727753534,0.373582789559757,0.0055038324329028665,-0.10523647178870599,-0.08664225089186128,-0.0794432886941252,-0.023682774222636982,-0.09006810577356605,0.13549093900538667,20.0,NASDAQ-100 Index x $20,252842.0,3764311696.0,3480370130.0,283941566.0,-410109724.0,-529703990.0,7717496366.0,7521543816.0,195952550.0,757261790.0,518073258.0,11615814322.0,11136173048.0,479641274.0,346899224.0,-12136416.0,1687720350.0,2167361624.0,-479641274.0,-346899224.0,12136416.0
2022-06-07,NASDAQ-100 Consolidated - CHICAGO MERCANTILE EXCHANGE,53659,16695,13295,3400,6.336308913695746,31.113140386514843,24.7768314728191,701,1.306397808382564,29542,29737,-195,-0.36340595240313833,55.0550699789411,55.418475931344226,46938,43733,3205,5.972902961292607,87.4746081738385,81.5017052125459,6720,9926,-3206,-5.974766581561341,12.523528205892767,18.49829478745411,12711.68,2022-06-13,2022-06-13,11288.32,-0.11197261101601053,2022-06-14,2022-06-14,11311.69,-0.11013414434598734,2022-06-15,2022-06-15,11593.77,-0.0879435291007955,2022-06-16,2022-06-16,11127.57,-0.12461846113180952,2022-06-17,2022-06-17,11265.99,-0.11372926316584442,-0.11197261101601053,0.0020702814945006143,0.02493703416554016,-0.040211251387598734,0.012439373555951594,-0.0019781508674452386,0.0055038324329028665,4.201977151494134,2277.0,2.8175648961696993,-1.3844122553244276,-1.8363419414558981,-970.0,-2.9558012389393937,-1.1194592974835018,2.367535772604755,1308.0,0.16086330535743798,-2.2066724672473157,-2.3693993928734893,-1309.0,-0.16272692562616342,2.20667246724733,-0.11013414434598734,-0.09164170274896788,-0.08448214555432487,-0.07330109002114593,-0.05509657260094658,-0.09141120607189601,0.14525302713724697,20.0,NASDAQ-100 Index x $20,254233.6,4244429952.0,3380035712.0,864394240.0,578889907.2,179743155.20000002,7510569011.2,7560144563.2,-49575552.0,-246606592.0,362282880.0,11933216716.800001,11118398028.800001,814818688.0,332537548.8,541771801.6,1708449792.0,2523522713.6,-815072921.6,-332791782.40000004,-542026035.2
2022-06-14,NASDAQ-100 Consolidated - CHICAGO MERCANTILE EXCHANGE,60453,17674,11993,5681,9.39738309099631,29.23593535473839,19.83855226374208,2474,4.092435445718161,31271,35457,-4186,-6.924387540734124,51.72778852993234,58.65217607066647,51418,49924,1494,2.471341372636594,85.0545051527633,82.58316378012671,9035,10530,-1495,-2.4729955502621874,14.945494847236695,17.418490397498886,11311.69,2022-06-20,2022-06-21,11546.76,0.020781156485016883,2022-06-21,2022-06-21,11546.76,0.020781156485016883,2022-06-22,2022-06-22,11527.71,0.019097057999290845,2022-06-23,2022-06-23,11697.68,0.034123106273244774,2022-06-24,2022-06-24,12105.85,0.07020701592777034,0.020781156485016883,0.0,-0.0016498134541638176,0.014744472232559813,0.034893243788511885,0.048419643259234535,-0.11013414434598734,3.061074177300565,2281.0,-1.8772050317764517,-4.93827920907702,-6.560981588330986,-3991.0,-3.3272814490087583,3.233700139322245,-3.501561588656013,-1711.0,-2.4201030210752066,1.0814585675808104,3.5017710312991537,1711.0,2.4219666413439285,-1.0798043899552248,0.020781156485016883,0.02882681544490695,0.04139169301846146,0.03830550518976383,0.06382158634120993,0.04619292077487969,0.3172965312875442,20.0,NASDAQ-100 Index x $20,226233.80000000002,3998456181.2000003,2713221963.4,1285234217.8000002,516039297.8,598614634.8000001,7074557159.8,8021571846.6,-947014686.8000001,-902899095.8000001,-529160858.20000005,11632489528.400002,11294496231.2,337993297.20000005,-387086031.8,69453776.60000001,2044022383.0000002,2382241914.0,-338219531.0,387086031.8,-69680010.4
2022-06-21,NASDAQ-100 Consolidated - CHICAGO MERCANTILE EXCHANGE,47325,16578,10416,6162,13.020602218700475,35.03011093502377,22.009508716323296,849,1.7939778129952455,22183,27700,-5517,-11.657686212361332,46.873745377707344,58.53143159006867,39609,38965,644,1.3608029582673007,83.69572107765451,82.33491811938721,7715,8359,-644,-1.3608029582673007,16.302165874273637,17.66296883254094,11546.76,2022-06-27,2022-06-27,12008.24,0.039966189649737194,2022-06-28,2022-06-28,11637.77,0.007881864696243746,2022-06-29,2022-06-29,11658.26,0.009656388458753717,2022-06-30,2022-06-30,11503.72,-0.003727452549459831,2022-07-01,2022-07-01,11585.68,0.0033706425005801677,0.039966189649737194,-0.030851315430071247,0.001760646584354264,-0.013255837492044287,0.007124651851748931,-0.03518917010319578,0.020781156485016883,3.6232191277041643,481.0,5.79417558028538,2.1709564525812155,-4.733298671627208,-1331.0,-4.854043152224996,-0.12074448059779996,-1.1105384143692931,-850.0,-1.3587840751087867,-0.24824566073949939,1.1121925919948867,851.0,1.356671027036942,0.2444784350420548,0.007881864696243746,0.020190945338778965,0.017167586405190782,0.06085343421011613,0.026395283179004414,-0.04107992198677379,0.30514100925281196,20.0,NASDAQ-100 Index x $20,230935.2,3828443745.6000004,2405421043.2000003,1423022702.4,111079831.2,789105578.4000001,5122835541.6,6396905040.0,-1274069498.4,-307374751.2,-761393354.4000001,9147112336.800001,8998390068.0,148722268.8,-196294920.0,27481288.8,1781665068.0,1930387336.8000002,-148722268.8,196525855.20000002,-27481288.8
2022-06-28,NASDAQ-100 Consolidated - CHICAGO MERCANTILE EXCHANGE,49609,15797,10959,4838,9.752262694269186,31.843012356628837,22.090749662359652,952,1.9190066318611543,25754,29740,-3986,-8.034832389284203,51.91396722368925,59.94879961297346,42503,41651,852,1.7174303049849824,85.67598621217924,83.95855590719425,7106,7958,-852,-1.7174303049849824,14.324013787820759,16.04144409280574,11637.77,2022-07-04,2022-07-05,11779.9,0.012212820841106087,2022-07-05,2022-07-05,11779.9,0.012212820841106087,2022-07-06,2022-07-06,11852.59,0.018458862823375943,2022-07-07,2022-07-07,12109.05,0.04049573071129586,2022-07-08,2022-07-08,12125.69,0.041925557903275346,0.012212820841106087,0.0,0.0061706805660490804,0.021637464891639535,0.0013741788166703461,0.029354239000331184,0.007881864696243746,-3.2683395244312887,-1324.0,-3.1870985783949344,0.08124094603635612,3.622853823077129,1531.0,5.040221845981904,1.417368022904789,0.3566273467176817,208.0,1.9802651345247284,1.6236377878070414,-0.3566273467176817,-208.0,-1.9781520864528783,-1.6215247397352002,0.012212820841106087,0.009213105259856524,0.05255731983017364,0.03859244511620341,-0.03145104259664866,-0.07005293969549153,0.28425892589387813,20.0,NASDAQ-100 Index x $20,232755.40000000002,3676837053.8,2550766428.6000004,1126070625.2,-308168149.6,864686311.0000001,5994382571.6,6922145596.000001,-927763024.4000001,356348517.40000004,-1108148459.4,9892802766.2,9694495165.400002,198307600.8,48413123.2,-243229393.00000003,1653959872.4,1852267473.2000003,-198307600.8,-48413123.2,243229393.00000003
2022-07-05,NASDAQ-100 Consolidated - CHICAGO MERCANTILE EXCHANGE,51890,16703,10524,6179,11.907882058200038,32.18924648294469,20.281364424744652,674,1.2989015224513394,27437,32621,-5184,-9.990364232029293,52.87531316245905,62.86567739448834,44814,43819,995,1.917517826170746,86.36346116785508,84.44594334168434,7076,8071,-995,-1.917517826170746,13.636538832144923,15.554056658315668,11779.9,2022-07-11,2022-07-11,11860.28,0.006823487465937861,2022-07-12,2022-07-12,11744.99,-0.0029635226105484413,2022-07-13,2022-07-13,11728.53,-0.004360818003548372,2022-07-14,2022-07-14,11768.4,-0.000976239187089889,2022-07-15,2022-07-15,11983.62,0.01729386497338692,0.006823487465937861,-0.00972068113063107,-0.0014014486176658902,0.003399402994237022,0.018287957581319514,0.010399417214433493,0.012212820841106087,2.1556193639308514,1341.0,0.3462341263158528,-1.8093852376150004,-1.9555318427450903,-1198.0,0.9613459387698029,2.916877781514877,0.20008752118576356,143.0,0.6874749556758388,0.48738743449008837,-0.20008752118576356,-143.0,-0.6874749556758353,-0.4873874344900724,-0.0029635226105484413,0.03985772374977725,0.02606134177709496,0.09522152140510531,-0.01675396225774406,-0.07786653536957022,0.2910712315045121,20.0,NASDAQ-100 Index x $20,235598.0,3935193394.0,2479433352.0,1455760042.0,315936918.0,654726842.0,6464102326.0,7685442358.0,-1221340032.0,-282246404.0,-1175398422.0,10558088772.0,10323668762.0,234420010.0,33690514.0,-520671580.0,1667091448.0,1901511458.0,-234420010.0,-33690514.0,520907178.0
2022-07-12,NASDAQ-100 Consolidated - CHICAGO MERCANTILE EXCHANGE,50852,15394,11511,3883,7.635884527648863,30.272162353496423,22.636277825847557,821,1.6144891056398962,28155,30073,-1918,-3.771729725477857,55.36655392118304,59.138283646660895,44370,42405,1965,3.864154802171006,87.25320538031936,83.38905057814834,6482,8447,-1965,-3.864154802171006,12.746794619680642,16.610949421851647,11744.99,2022-07-18,2022-07-18,11877.5,0.01128225737101518,2022-07-19,2022-07-19,12249.42,0.042948525286100825,2022-07-20,2022-07-20,12439.68,0.05914777279503869,2022-07-21,2022-07-21,12619.41,0.07445046781649034,2022-07-22,2022-07-22,12396.47,0.05546875731694967,0.01128225737101518,0.031312986739633786,0.015532163971845314,0.014448120851983326,-0.017666436069515123,0.04369353820248367,-0.0029635226105484413,-4.271997530551174,-2296.0,-1.9170841294482663,2.3549134011029054,6.218634506551436,3266.0,2.4912407587239898,-3.727393747827442,1.9466369760002602,970.0,0.8897442124642794,-1.0568927635359984,-1.9466369760002602,-970.0,-0.8897442124642811,1.0568927635359788,0.042948525286100825,0.02911113589709302,0.09847688248351005,0.10755053857006258,-0.0811954714307973,-0.04590978791808242,0.2872773838036473,20.0,NASDAQ-100 Index x $20,234899.8,3616047521.2,2703931597.7999997,912115923.4,-539329940.8,-422349840.4,6613603869.0,7064141685.4,-450537816.4,767182746.8,532752746.4,10422504126.0,9960926019.0,461578107.0,227852806.0,110637805.8,1522620503.6,1984198610.6,-461578107.0,-227852806.0,-110402906.0
2022-07-19,NASDAQ-100 Consolidated - CHICAGO MERCANTILE EXCHANGE,51278,15365,9742,5623,10.965716291587036,29.964117165256056,18.99840087366902,1197,2.3343344124185808,27818,31729,-3911,-7.627052537150434,54.24938570147042,61.87643823862084,44379,42667,1712,3.3386637544366007,86.54588712508287,83.20722337064628,6898,8611,-1713,-3.340613908498771,13.452162720854949,16.79277662935372,12249.42,2022-07-25,2022-07-25,12328.41,0.006448468580553257,2022-07-26,2022-07-26,12086.9,-0.013267566954190513,2022-07-27,2022-07-27,12601.47,0.028740136267676242,2022-07-28,2022-07-28,12717.87,0.03824262699784975,2022-07-29,2022-07-29,12947.97,0.05702718985878508,0.006448468580553257,-0.019589711893098993,0.04257253720970633,0.009237017586043672,0.018092652307343693,0.05025465570986043,0.042948525286100825,3.3298317639381727,1740.0,-0.3080451882403672,-3.6378769521785372,-3.8553228116725773,-1993.0,-1.1171682197126174,2.7381545919599475,-0.5254910477344055,-253.0,-0.707318255236487,-0.18182720750206727,0.523540893672235,252.0,0.7053681011743063,0.18182720750207437,-0.013267566954190513,0.053241704505192944,0.06194170826047274,0.11313107069559214,-0.08993731948124895,-0.05651124706312627,0.2932326591789651,20.0,NASDAQ-100 Index x $20,244988.4,3764246766.0,2386676992.7999997,1377569773.2,426279816.0,-132048747.6,6815087311.2,7773236943.599999,-958149632.4,-488261881.2,393451370.4,10872340203.6,10452920062.8,419420140.8,-61982065.199999996,261647611.2,1689929983.2,2109595112.3999999,-419665129.2,61737076.8,-261892599.6
2022-07-26,NASDAQ-100 Consolidated - CHICAGO MERCANTILE EXCHANGE,53432,16698,10336,6362,11.906722563257972,31.25093576882767,19.344213205569698,1437,2.6893996107201676,28504,33599,-5095,-9.535484353945202,53.34630932774368,62.88179368168888,46639,45372,1267,2.3712382093127715,87.2866447072915,84.91540649797874,6792,8060,-1268,-2.373109746968109,12.711483755053152,15.08459350202126,12086.9,2022-08-01,2022-08-01,12940.78,0.07064507855612279,2022-08-02,2022-08-02,12901.6,0.06740355260654107,2022-08-03,2022-08-03,13253.26,0.09649786132093419,2022-08-04,2022-08-04,13311.04,0.10127824338746927,2022-08-05,2022-08-05,13207.69,0.09272766383439923,0.07064507855612279,-0.0030276382103706645,0.027257084392633413,0.004359682070675497,-0.007764231795562182,0.0206254955265448,-0.013267566954190513,0.9410062716709362,739.0,1.2868186035716143,0.34581233190067806,-1.908431816794768,-1184.0,-0.9030763737267407,1.0053554430680407,-0.9674255451238292,-445.0,0.7407575822086301,1.708183127332461,0.9675041615306621,445.0,-0.7406789658017967,-1.708183127332461,0.06740355260654107,0.07622053628308345,0.12809818894836544,0.06576458810778618,-0.03449271525370445,-0.019877718852642112,0.287461632014826,20.0,NASDAQ-100 Index x $20,241738.0,4036541124.0,2498603968.0,1537937156.0,178644382.0,368408712.0,6890499952.0,8122155062.0,-1231655110.0,-286217792.0,-268087442.0,11274418582.0,10968136536.0,306282046.0,-107573410.0,100321270.0,1641884496.0,1948408280.0,-306523784.0,107573410.0,-100563008.0
2022-08-02,NASDAQ-100 Consolidated - CHICAGO MERCANTILE EXCHANGE,52465,14984,10041,4943,9.421519107976746,28.559992375869626,19.13847326789288,1436,2.7370628037739446,29955,31773,-1818,-3.465167254360049,57.09520632802821,60.56037358238826,46375,43251,3124,5.95444582102354,88.39226150767178,82.43781568664824,6090,9214,-3124,-5.95444582102354,11.607738492328219,17.562184313351757,12901.6,2022-08-08,2022-08-08,13159.16,0.01996341539033919,2022-08-09,2022-08-09,13008.17,0.008260215787189162,2022-08-10,2022-08-10,13378.32,0.03695045575742539,2022-08-11,2022-08-11,13291.99,0.03025903763874238,2022-08-12,2022-08-12,13565.87,0.05148741241396415,0.01996341539033919,-0.011474136647020017,0.02845519392812368,-0.006452977653397474,0.020604890614573268,0.030906987984035572,0.06740355260654107,-2.4852034552812263,-1419.0,-2.6909433929580437,-0.20573993767681742,6.070317099585154,3277.0,3.748897000284529,-2.3214200993006244,3.583207611710768,1857.0,1.1056168003802753,-2.4775908113305007,-3.5813360740554305,-1856.0,-1.1037452627249333,2.477590811330497,0.008260215787189162,0.05686193960439012,-0.0015354684690270792,-0.04332020834625161,-0.1249961245116884,-0.061982234761579935,0.21829928070936933,20.0,NASDAQ-100 Index x $20,258032.0,3866351488.0,2590899312.0,1275452176.0,-366147408.0,-318927552.0,7729348560.0,8198450736.0,-469102176.0,845570864.0,868535712.0,11966234000.0,11160142032.0,806091968.0,479165424.0,549350128.0,1571414880.0,2377506848.0,-806091968.0,-478907392.0,-549350128.0
2022-08-09,NASDAQ-100 Consolidated - CHICAGO MERCANTILE EXCHANGE,51757,14788,10573,4215,8.143825955909346,28.57198060165775,20.4281546457484,984,1.901192109279904,29941,30174,-233,-0.4501806518924977,57.849179821087006,58.2993604729795,45713,41731,3982,7.693645304016848,88.32235253202465,80.6287072280078,6044,10026,-3982,-7.693645304016848,11.677647467975346,19.371292771992195,13008.17,2022-08-15,2022-08-15,13667.18,0.05066123828332514,2022-08-16,2022-08-16,13635.21,0.04820355207534943,2022-08-17,2022-08-17,13470.86,0.03556918459706471,2022-08-18,2022-08-18,13505.99,0.03826979505956629,2022-08-19,2022-08-19,13242.9,0.018044813374978874,0.05066123828332514,-0.0023391804307838493,-0.012053353047001059,0.002607851317584675,-0.019479505019624588,-0.031043712016670666,0.008260215787189162,-1.2776931520673998,-728.0,0.011988225788122975,1.2896813778555192,3.0149866024675513,1585.0,0.753973493058794,-2.2610131094087578,1.7391994829933086,858.0,-0.06990897564712384,-1.8091084586404378,-1.7391994829933086,-858.0,0.06990897564712739,1.8091084586404378,0.04820355207534943,-0.009715432685765912,-0.051157849259350074,-0.07663337733132336,-0.14980354654036654,-0.021517246468949924,0.17411211569344487,20.0,NASDAQ-100 Index x $20,260163.4,3847296359.2,2750707628.2,1096588731.0,-189398955.2,86374248.8,7789552359.4,7850170431.599999,-60618072.199999996,412358989.0,438375329.0,11892849504.199999,10856878845.4,1035970658.8,223220197.2,524749577.8,1572427589.6,2608398248.4,-1035970658.8,-223220197.2,-524749577.8
2022-08-16,NASDAQ-100 Consolidated - CHICAGO MERCANTILE EXCHANGE,53559,15680,14311,1369,2.556059672510689,29.27612539442484,26.72006572191415,983,1.8353591366530368,30863,27759,3104,5.795477884202469,57.6243021714371,51.828824287234646,47527,43053,4474,8.353404656546985,88.73765380234882,80.38424914580182,6033,10506,-4473,-8.351537556713158,11.264213297485016,19.615750854198176,13635.21,2022-08-22,2022-08-22,12890.54,-0.05461375365689258,2022-08-23,2022-08-23,12881.79,-0.05525547461315217,2022-08-24,2022-08-24,12917.86,-0.05261011748260558,2022-08-25,2022-08-25,13143.58,-0.03605591699724453,2022-08-26,2022-08-26,12605.17,-0.0755426575754975,-0.05461375365689258,-0.0006787923547034724,0.0028000766974154434,0.01747348244987945,-0.040963725255980465,-0.02213793991562807,0.04820355207534943,-5.587766283398657,-2846.0,0.7041447927670923,6.29191107616575,6.245658536094966,3337.0,-0.22487764964990475,-6.470536185744855,0.6597593525301368,492.0,0.4153012703241643,-0.24445808220598053,-0.6578922526963096,-491.0,-0.41343417049032993,0.24445808220598053,-0.05525547461315217,-0.09479208607714873,-0.11909607552798962,-0.11745987043837225,-0.12937534515420002,-0.07658994617611314,0.10285430147390473,20.0,NASDAQ-100 Index x $20,272704.19999999995,4276001855.999999,3902669806.1999993,373332049.79999995,-776116153.1999998,-1160083666.7999997,8416469724.599998,7569995887.799998,846473836.7999998,910013915.3999999,1913019962.9999998,12960812513.399998,11740733922.599998,1220078590.7999997,134170466.39999998,753209000.3999999,1645224438.5999997,2865030325.1999993,-1219805886.6,-133897762.19999997,-752663591.9999999
2022-08-23,NASDAQ-100 Consolidated - CHICAGO MERCANTILE EXCHANGE,52432,16857,9251,7606,14.506408300274643,32.15021361000915,17.643805309734514,1048,1.9987793713762587,28217,32012,-3795,-7.237946292340555,53.81637168141593,61.05431797375649,46122,42311,3811,7.268462007934086,87.96536466280133,80.69690265486726,6310,10121,-3811,-7.268462007934086,12.034635337198656,19.303097345132745,12881.79,2022-08-29,2022-08-29,12484.32,-0.03085518394570952,2022-08-30,2022-08-30,12342.7,-0.041848997693643475,2022-08-31,2022-08-31,12272.03,-0.04733503651278281,2022-09-01,2022-09-01,12274.62,-0.047133977498468815,2022-09-02,2022-09-02,12098.44,-0.06081064820960447,-0.03085518394570952,-0.011343829699975605,-0.005725651599731041,0.00021104902774848888,-0.014353193825959565,-0.03090917246594116,-0.05525547461315217,11.950348627763955,6237.0,2.8740882155843117,-9.076260412179636,-13.033424176543024,-6899.0,-3.807930490021171,9.225493686521844,-1.0849426486128992,-663.0,-0.7722891395474818,0.3126535090654414,1.083075548779072,662.0,0.7704220397136403,-0.31265350906543077,-0.041848997693643475,-0.06757445976063892,-0.06584255759486846,-0.07997723918803212,-0.08981282880717667,-0.0637714168605451,0.1573671050374208,20.0,NASDAQ-100 Index x $20,257635.80000000002,4342966680.6,2383388785.8,1959577894.8000002,1606874484.6000001,320498935.20000005,7269709368.6,8247437229.6,-977727861.0000001,-1777429384.2,334926540.0,11882678367.6,10900828333.800001,981850033.8000001,-170812535.4,655425475.2,1625681898.0,2607531931.8,-981850033.8000001,170554899.60000002,-655167839.4000001
2022-08-30,NASDAQ-100 Consolidated - CHICAGO MERCANTILE EXCHANGE,52728,15476,10114,5362,10.169170080412684,29.350629646487636,19.181459566074953,1168,2.2151418601122743,29677,30247,-570,-1.0810195721438325,56.283189197390385,57.36420876953421,46321,41530,4791,9.086253982703687,87.84896070399029,78.7627067212866,6407,11198,-4791,-9.086253982703687,12.15103929600971,21.2372932787134,12342.7,2022-09-05,2022-09-06,12011.31,-0.026849068680272703,2022-09-06,2022-09-06,12011.31,-0.026849068680272703,2022-09-07,2022-09-07,12259.39,-0.006749738711951281,2022-09-08,2022-09-08,12321.19,-0.0017427305208747024,2022-09-09,2022-09-09,12588.29,0.019897591288777994,-0.026849068680272703,0.0,0.02065386706362582,0.005041033852418497,0.02167810089772182,0.04803639236686097,-0.041848997693643475,-4.337238219861959,-2244.0,-2.799583963521517,1.5376542563404385,6.156926720196723,3225.0,2.466817515974455,-3.6901092042222814,1.8177919747696007,980.0,-0.11640395881104837,-1.9341959335806536,-1.8177919747696007,-980.0,0.1164039588110537,1.9341959335806536,-0.026849068680272703,-0.025041522519383963,-0.03979356218655561,-0.08676788709115513,-0.0679956573521191,-0.024352856344235896,0.24580116182034706,20.0,NASDAQ-100 Index x $20,246854.0,3820312504.0,2496681356.0,1323631148.0,-553940376.0,103431826.0,7325886158.0,7466592938.0,-140706780.0,796104150.0,308073792.0,11434524134.0,10251846620.0,1182677514.0,241916920.0,411505618.0,1581593578.0,2764271092.0,-1182677514.0,-241916920.0,-411505618.0
2022-09-06,NASDAQ-100 Consolidated - CHICAGO MERCANTILE EXCHANGE,57351,17086,12677,4409,7.687747380167739,29.791982703004305,22.10423532283657,1085,1.8918589039423899,32043,31669,374,0.6521246360133215,55.87173719725899,55.21961256124567,50214,45431,4783,8.33987201618106,87.55557880420568,79.21570678802462,7137,11920,-4783,-8.33987201618106,12.44442119579432,20.78429321197538,12011.31,2022-09-12,2022-09-12,12739.72,0.060643676668073576,2022-09-13,2022-09-13,12033.62,0.001857416052037708,2022-09-14,2022-09-14,12134.4,0.010247841409471548,2022-09-15,2022-09-15,11927.49,-0.00697842283647665,2022-09-16,2022-09-16,11861.38,-0.012482402002779058,0.060643676668073576,-0.05542507998605928,0.008374869739945057,-0.01705152294303791,-0.005542658178711579,-0.06894500036107543,-0.026849068680272703,-2.481422700244945,-953.0,0.4413530565166681,2.9227757567616166,1.733144208157154,944.0,-0.4114520001313977,-2.14459620828854,-0.7463819665226268,-8.0,-0.29338189978460605,0.45300006673801363,0.7463819665226268,8.0,0.2933818997846096,-0.4530000667380172,0.001857416052037708,-0.013301629880504207,-0.06157196841976431,-0.03569718873295247,-0.038432111068651076,0.011727280371583104,0.2911364372412335,20.0,NASDAQ-100 Index x $20,240226.19999999998,4104504853.2,3045347537.3999996,1059157315.8,-228935568.6,46603882.8,7697568126.599999,7607723527.799999,89844598.8,226773532.79999998,145817303.39999998,12062718406.8,10913716492.199999,1149001914.6,-1921809.5999999999,192421186.2,1714494389.3999999,2863496304.0,-1149001914.6,1921809.5999999999,-192421186.2
2022-09-13,NASDAQ-100 Consolidated - CHICAGO MERCANTILE EXCHANGE,62994,15056,12695,2361,3.747975997714068,23.900688954503604,20.152712956789536,3514,5.578309045305902,36688,33579,3109,4.935390672127504,58.24046734609646,53.305076673968955,55258,49788,5470,8.683366669841572,87.71946534590596,79.0360986760644,7736,13206,-5470,-8.683366669841572,12.28053465409404,20.963901323935612,12033.62,2022-09-19,2022-09-19,11953.27,-0.006677126251286025,2022-09-20,2022-09-20,11851.54,-0.015130941478956439,2022-09-21,2022-09-21,11637.79,-0.032893676217131684,2022-09-22,2022-09-22,11501.65,-0.044206980110723215,2022-09-23,2022-09-23,11311.24,-0.06003014886625979,-0.006677126251286025,-0.008510641857834678,-0.018035630812535786,-0.011698097319164602,-0.01655501601944065,-0.05371166216441192,0.001857416052037708,-3.939771382453671,-2048.0,-5.891293748500701,-1.9515223660470333,4.283266036114182,2735.0,2.3687301488374715,-1.9145358872767133,0.34349465366051213,687.0,0.16388654170027905,-0.17960811196022064,-0.34349465366051213,-687.0,-0.16388654170027905,0.1796081119602313,-0.015130941478956439,-0.0633117881402272,-0.03748497958220387,-0.10323327477517164,-0.016571073376091427,0.013808812310842411,0.2705852436756353,20.0,NASDAQ-100 Index x $20,240672.40000000002,3623563654.4000006,3055336118.0000005,568227536.4000001,-492897075.20000005,238747020.8,8829789011.2,8081538519.6,748250491.6,658239014.0000001,1203362.0,13299075479.2,11982597451.2,1316478028.0000002,165341938.8,239709710.40000004,1861841686.4,3178319714.4,-1316478028.0000002,-165341938.8,-239950382.8
2022-09-20,NASDAQ-100 Consolidated - CHICAGO MERCANTILE EXCHANGE,54363,14748,14051,697,1.2821220315287973,27.128745654213343,25.846623622684543,785,1.4439968360833655,33124,28807,4317,7.941062855250813,60.93114802347185,52.990085168221036,48657,43643,5014,9.223184886779611,89.50389051376855,80.28070562698895,5706,10720,-5014,-9.223184886779611,10.496109486231445,19.719294373011056,11851.54,2022-09-26,2022-09-26,11254.11,-0.05040948264951228,2022-09-27,2022-09-27,11271.75,-0.048921068485614616,2022-09-28,2022-09-28,11493.83,-0.030182575429016034,2022-09-29,2022-09-29,11164.78,-0.057946899727799095,2022-09-30,2022-09-30,10971.22,-0.07427895446498944,-0.05040948264951228,0.0015674273665353677,0.01970235322820324,-0.028628403238955102,-0.01733666046263349,-0.0251365945419052,-0.015130941478956439,-2.4658539661852705,-1664.0,3.2280566997097395,5.693910665895007,3.005672183123309,1208.0,2.69068067737539,-0.3149915057479191,0.5398182169380394,-456.0,1.7844251678625938,1.244606950924549,-0.5398182169380394,456.0,-1.7844251678625955,-1.244606950924556,-0.048921068485614616,-0.022697472227237947,-0.08945588505797564,-0.059384687559591476,-0.0657399797832181,0.07508728823427169,0.28179375844826904,20.0,NASDAQ-100 Index x $20,237030.80000000002,3495730238.4,3330519770.8,165210467.60000002,-394419251.20000005,-1637645797.2,7851408219.200001,6828146255.6,1023261963.6,286333206.40000004,1922793849.6000001,11533207635.6,10344735204.400002,1188472431.2,-108086044.80000001,285148052.40000004,1352497744.8000002,2540970176.0,-1188472431.2,108086044.80000001,-285148052.40000004
2022-09-27,NASDAQ-100 Consolidated - CHICAGO MERCANTILE EXCHANGE,56411,14946,14956,-10,-0.017727039052667034,26.49483256811615,26.51255960716881,831,1.4731169452766304,34070,29176,4894,8.675612912375245,60.396022052436585,51.72040914006134,49847,44962,4885,8.659658577227844,88.36397156582936,79.70431298860152,6564,11449,-4885,-8.659658577227844,11.63602843417064,20.295687011398485,11271.75,2022-10-03,2022-10-03,11229.73,-0.00372790383037247,2022-10-04,2022-10-04,11582.54,0.0275724710005103,2022-10-05,2022-10-05,11573.18,0.02674207643001303,2022-10-06,2022-10-06,11485.5,0.01896333754740831,2022-10-07,2022-10-07,11039.47,-0.0206072703883603,-0.00372790383037247,0.031417496235439435,-0.0008081129009699373,-0.007576137241449676,-0.03883418222976798,-0.016942526668049962,-0.048921068485614616,-1.2998490705814643,-707.0,-0.6339130860971949,0.6659359844842676,0.7345500571244319,577.0,-0.5351259710352636,-1.2696760281596937,-0.5635263095517669,-129.0,-1.1399189479391936,-0.576392638387432,0.5635263095517669,129.0,1.1399189479391953,0.5763926383874285,0.0275724710005103,-0.04261982389602326,-0.01100184088539935,0.03533080488832696,-0.03985539068911215,0.11877658748641506,0.29046776232616933,20.0,NASDAQ-100 Index x $20,225435.0,3369351510.0,3371605860.0,-2254350.0,-159382545.0,-1211036820.0,7680570450.0,6577291560.0,1103278890.0,130075995.0,1231776840.0,11237258445.0,10136008470.0,1101249975.0,-29081115.0,21190890.0,1479755340.0,2581005315.0,-1101249975.0,29081115.0,-21190890.0
2022-10-04,NASDAQ-100 Consolidated - CHICAGO MERCANTILE EXCHANGE,54434,13959,14711,-752,-1.3814895102325753,25.64389903369218,27.025388543924755,994,1.8260645919829517,32177,27911,4266,7.83701363118639,59.11195208876805,51.274938457581655,47130,43616,3514,6.455524120953815,86.58191571444318,80.12639159348936,7304,10818,-3514,-6.455524120953815,13.418084285556823,19.873608406510638,11582.54,2022-10-10,2022-10-10,10926.97,-0.0565998477017996,2022-10-11,2022-10-11,10791.35,-0.06830885108102369,2022-10-12,2022-10-12,10785.62,-0.06880356122232256,2022-10-13,2022-10-13,11033.58,-0.04739547629449159,2022-10-14,2022-10-14,10692.06,-0.076881236758086,-0.0565998477017996,-0.01241149193234714,-0.000530980831869976,0.02298986984521978,-0.030952782324503936,-0.021498182936349197,0.0275724710005103,-1.3637624711799083,-742.0,-0.8509335344239695,0.5128289367559447,-0.8385992811888547,-628.0,-1.2840699636685358,-0.44547068247968724,-2.20413445627403,-1371.0,-1.7820558513861755,0.42207860488784377,2.20413445627403,1371.0,1.7820558513861826,-0.4220786048878473,-0.06830885108102369,-0.03753926168180732,0.00755015739207443,-0.025347635320059347,-0.06215389715899977,0.1310196209121659,0.2575497257078325,20.0,NASDAQ-100 Index x $20,231650.80000000002,3233613517.2000003,3407814918.8,-174201401.60000002,-171884893.60000002,-1195549778.8000002,7453827791.6,6465605478.8,988222312.8000001,-145476702.4,901584913.6,10917702204.0,10103681292.800001,814020911.2,-317593246.8,-293964865.20000005,1691977443.2,2505998354.4,-814020911.2,317593246.8,293964865.20000005
2022-10-11,NASDAQ-100 Consolidated - CHICAGO MERCANTILE EXCHANGE,56257,16983,15277,1706,3.0325115096787956,30.18824324084114,27.155731731162348,1164,2.0690758483388736,31259,29365,1894,3.3666921449775136,55.56464084469488,52.197948699717365,49406,45806,3600,6.399203654656309,87.8219599338749,81.42275627921859,6851,10451,-3600,-6.399203654656309,12.178040066125105,18.577243720781414,10791.35,2022-10-17,2022-10-17,11062.53,0.025129386036038204,2022-10-18,2022-10-18,11147.74,0.03302552507332246,2022-10-19,2022-10-19,11103.38,0.028914825299892755,2022-10-20,2022-10-20,11046.71,0.02366339707265519,2022-10-21,2022-10-21,11310.33,0.04809222201114771,0.025129386036038204,0.007702577981709258,-0.003979281899290865,-0.005103851259706471,0.023864118819087343,0.02239993925440187,-0.06830885108102369,4.414001019911371,2458.0,4.54434420714896,0.13034318723759242,-4.470321486208876,-2372.0,-3.547311244073171,0.9230102421357103,-0.05632046629750587,86.0,1.2400442194317094,1.2963646857292304,0.05632046629750587,-86.0,-1.2400442194317183,-1.2963646857292233,0.03302552507332246,0.08142076755920247,0.04611100557390868,0.024848605596148765,0.03840390683278749,0.20134644877610297,0.4021897167638895,20.0,NASDAQ-100 Index x $20,215827.0,3665389941.0,3297189079.0,368200862.0,530502766.0,-141366685.0,6746536193.0,6337759855.0,408776338.0,-511941644.0,-262229805.0,10663148762.0,9886171562.0,776977200.0,18561122.0,-403596490.0,1478630777.0,2255607977.0,-776977200.0,-18561122.0,403596490.0
2022-10-18,NASDAQ-100 Consolidated - CHICAGO MERCANTILE EXCHANGE,54878,15904,15601,303,0.5521338241189548,28.980647982798207,28.428514158679253,1147,2.09009074674733,30965,28524,2441,4.448048398265243,56.42516126681002,51.97711286854477,48016,45272,2744,5.000182222384197,87.49589999635555,82.49571777397135,6862,9605,-2743,-4.998359998542221,12.504100003644448,17.502460002186666,11147.74,2022-10-24,2022-10-24,11430.26,0.025343253430740287,2022-10-25,2022-10-25,11669.99,0.04684806068315184,2022-10-26,2022-10-26,11405.9,0.023158057148803257,2022-10-27,2022-10-27,11191.63,0.00393712088728293,2022-10-28,2022-10-28,11546.21,0.03574446479734905,0.025343253430740287,0.02097327619844158,-0.022629839442878663,-0.01878589151228749,0.031682605661552454,0.010144126205352988,0.03302552507332246,-2.4803776855598407,-1403.0,-1.2075952580429323,1.2727824275169048,1.0813562532877294,547.0,0.8605204221151439,-0.2208358311725931,-1.3990214322721117,-856.0,-0.3260599375193465,1.0729614947527608,1.4008436561140876,857.0,0.3260599375193429,-1.0747837185947482,0.04684806068315184,0.012667141501326862,-0.007915505743765094,0.06489297382249681,0.036729417801276476,0.17438960722083596,0.3565090323240405,20.0,NASDAQ-100 Index x $20,222954.8,3545873139.2,3478317834.7999997,67555304.39999999,-312805584.4,-87844191.19999999,6903795382.0,6359562715.2,544232666.8,121956275.6,-418263204.79999995,10705397676.8,10093609705.6,611787971.1999999,-190849308.79999998,-506107396.0,1529915837.6,2141480854.0,-611565016.4,191072263.6,506330350.79999995
2022-10-25,NASDAQ-100 Consolidated - CHICAGO MERCANTILE EXCHANGE,56318,16498,15358,1140,2.02421961007138,29.294364146454065,27.270144536382684,571,1.0138854362725949,32164,30035,2129,3.780318903370148,57.111403103803404,53.33108420043325,49234,45964,3270,5.806314144678433,87.42142831776697,81.61511417308853,7084,10354,-3270,-5.806314144678433,12.578571682233033,18.384885826911468,11669.99,2022-10-31,2022-10-31,11405.57,-0.022658117102071218,2022-11-01,2022-11-01,11288.95,-0.03265127048095151,2022-11-02,2022-11-02,10906.34,-0.06543707406775834,2022-11-03,2022-11-03,10690.6,-0.08392380798955268,2022-11-04,2022-11-04,10857.03,-0.06966244187013004,-0.022658117102071218,-0.010224828745954762,-0.033892434637410984,-0.019781154814539015,0.015567882064617455,-0.048094045277877306,0.04684806068315184,1.4720857859524252,837.0,0.3137161636558581,-1.1583696222965685,-0.6677294948950951,-312.0,0.686241836993382,1.3539713318884807,0.8061319222942362,526.0,-0.07447167858857995,-0.8806036008828215,-0.8079541461362121,-527.0,0.07447167858858528,0.8824258247248018,-0.03265127048095151,-0.05231281260738008,0.01723737552474347,0.004700089717300626,0.015137116655626892,0.090413102324852,0.2635709199408056,20.0,NASDAQ-100 Index x $20,233399.8,3850629900.3999996,3584554128.3999996,266075772.0,195355632.6,268409770.0,7507071167.2,7010162993.0,496908174.2,-72820737.6,-645350447.0,11491205753.199999,10727988407.199999,763217346.0,122768294.8,-376940677.0,1653404183.1999998,2416621529.2,-763217346.0,-123001694.6,376940677.0
2022-11-01,NASDAQ-100 Consolidated - CHICAGO MERCANTILE EXCHANGE,56493,14929,17979,-3050,-5.398898978634521,26.42628290230648,31.825181880941,1426,2.524206538863222,33388,27574,5814,10.291540544846264,59.10112757332767,48.8095870284814,49743,46979,2764,4.8926415662117435,88.05161701449737,83.15897544828563,6750,9514,-2764,-4.8926415662117435,11.94838298550263,16.841024551714373,11288.95,2022-11-07,2022-11-07,10977.0,-0.02763321655246953,2022-11-08,2022-11-08,11059.5,-0.020325185247520916,2022-11-09,2022-11-09,10797.55,-0.04352929191820332,2022-11-10,2022-11-10,11605.96,0.028081442472506213,2022-11-11,2022-11-11,11817.01,0.046776715283529446,-0.02763321655246953,0.007515714676141094,-0.023685519236855246,0.07486976212196295,0.01818462238367191,0.07652455133460867,-0.03265127048095151,-7.423118588705901,-4190.0,-2.868081244147586,4.555037344558315,6.511221641476116,3685.0,1.989724469524269,-4.52149717195185,-0.9136725784666897,-506.0,0.6301886967304,1.5438612751971021,0.9136725784666897,506.0,-0.6301886967304036,-1.543861275197095,-0.020325185247520916,0.05157255546352846,0.038612094127443264,0.019000881392866376,0.07201555503390478,0.16163682184791317,0.27644997984754993,20.0,NASDAQ-100 Index x $20,225779.0,3370654691.0,4059280641.0,-688625950.0,-946014010.0,-518840142.0,7538309252.0,6225630146.0,1312679106.0,831995615.0,349505892.0,11230924797.0,10606871641.0,624053156.0,-114244174.0,-169334250.0,1524008250.0,2148061406.0,-624053156.0,114244174.0,169334250.0
2022-11-08,NASDAQ-100 Consolidated - CHICAGO MERCANTILE EXCHANGE,54611,15662,16145,-483,-0.8844372012964421,28.67920382340554,29.56364102470198,1235,2.2614491585944223,30884,27655,3229,5.912728204940397,56.55270916115801,50.63998095621761,47781,45035,2746,5.028291003643955,87.49336214315797,82.46507113951401,6830,9576,-2746,-5.028291003643955,12.50663785684203,17.534928860485984,11059.5,2022-11-14,2022-11-14,11700.94,0.05799900537999014,2022-11-15,2022-11-15,11871.15,0.07338939373389386,2022-11-16,2022-11-16,11699.09,0.057831728378317404,2022-11-17,2022-11-17,11676.86,0.05582169175821705,2022-11-18,2022-11-18,11677.02,0.05583615895836158,0.05799900537999014,0.014546694539071092,-0.014493962253025128,-0.0019001477892724994,1.3702313806929212e-05,-0.0020442802031289675,-0.020325185247520916,4.514461777338079,2567.0,2.2529209210990615,-2.2615408562390193,-4.378812339905867,-2585.0,-2.54841841216966,1.8303939277362105,0.13564943743221125,-18.0,-0.5582548713394004,-0.6939043087716215,-0.13564943743221125,18.0,0.5582548713394004,0.6939043087716108,0.07338939373389386,0.06016004340160053,0.040141959401419625,0.04432298024322989,0.15089018490890194,0.19364437813644386,0.3830661422306614,20.0,NASDAQ-100 Index x $20,221190.0,3464277780.0,3571112550.0,-106834770.0,567794730.0,-484184910.0,6831231960.0,6117009450.0,714222510.0,-571776150.0,295288650.0,10568679390.0,9961291650.0,607387740.0,-3981420.0,-188896260.0,1510727700.0,2118115440.0,-607387740.0,3981420.0,188896260.0
2022-11-15,NASDAQ-100 Consolidated - CHICAGO MERCANTILE EXCHANGE,53686,13633,14685,-1052,-1.9595425250530862,25.39395745632008,27.35349998137317,1060,1.9744439891219312,31865,29196,2669,4.971500949968334,59.3543940692173,54.38289311924896,46559,44941,1618,3.0138211079238535,86.72465819766792,83.71083708974408,7127,8745,-1618,-3.0138211079238535,13.27534180233208,16.289162910255932,11871.15,2022-11-21,2022-11-21,11553.45,-0.02676236084962269,2022-11-22,2022-11-22,11724.84,-0.012324837947460865,2022-11-23,2022-11-23,11838.72,-0.0027318330574543914,2022-11-24,2022-11-25,11756.03,-0.009697459808021835,2022-11-25,2022-11-25,11756.03,-0.009697459808021835,-0.02676236084962269,0.014834529945600528,0.00971271249756911,-0.0069847078062492685,0.0,0.017534156464086514,0.07338939373389386,-1.0751053237566441,-569.0,-3.2852463670854597,-2.210141043328811,-0.9412272549720626,-560.0,2.8016849080592863,3.742912163031349,-2.0144698957201013,-1128.0,-0.7687039454900457,1.2457659502300658,2.0144698957201013,1128.0,0.768703945490051,-1.2457659502300515,-0.012324837947460865,-0.03097425270508747,-0.027079095117153673,-0.003111745702817359,0.060629340881043436,0.13097804340775743,0.33200827215560413,20.0,NASDAQ-100 Index x $20,237423.0,3236787759.0,3486556755.0,-249768996.0,-135093687.0,-321708165.0,7565483895.0,6931801908.0,633681987.0,-132956880.0,54132444.0,11054177457.0,10670027043.0,384150414.0,-267813144.0,-267338298.0,1692113721.0,2076264135.0,-384150414.0,267813144.0,267100875.0
2022-11-22,NASDAQ-100 Consolidated - CHICAGO MERCANTILE EXCHANGE,50542,13473,12864,609,1.20493846701753,26.657037711210478,25.45209924419295,670,1.3256301689683827,29033,28344,689,1.3632226662973368,57.44331447113292,56.08009180483558,43176,41878,1298,2.5681611333148666,85.42598235131177,82.85782121799691,7367,8664,-1297,-2.5661825808238694,14.575996201179217,17.142178782003086,11724.84,2022-11-28,2022-11-28,11587.75,-0.011692270427570928,2022-11-29,2022-11-29,11503.45,-0.018882133999269857,2022-11-30,2022-11-30,12030.06,0.02603191173610897,2022-12-01,2022-12-01,12041.89,0.027040880728436356,2022-12-02,2022-12-02,11994.26,0.02297856516592134,-0.011692270427570928,-0.007274923949860734,0.04577844038092915,0.0009833699915045013,-0.003955359167041039,0.035081012275894885,-0.012324837947460865,3.164480992070616,1661.0,1.2630802548903972,-1.901400737180218,-3.6082782836709972,-1980.0,-1.9110795980843776,1.6971986855866206,-0.4456599746089869,-320.0,-1.2986758463561472,-0.8530158717471608,0.4476385270999841,321.0,1.3006543988471364,0.8530158717471537,-0.018882133999269857,-0.014938370161127978,0.009328059060933702,-0.05564425612630963,0.028611051408803823,0.16611740544007425,0.35896268094063544,20.0,NASDAQ-100 Index x $20,234496.8,3159375386.3999996,3016566835.2,142808551.2,389499184.79999995,-124517800.8,6808145594.4,6646577299.2,161568295.2,-464303664.0,-337675392.0,10124633836.8,9820256990.4,304376846.4,-75038976.0,-462427689.59999996,1727537925.6,2031680275.1999998,-304142349.59999996,75273472.8,462662186.4
2022-11-29,NASDAQ-100 Consolidated - CHICAGO MERCANTILE EXCHANGE,50849,13594,11643,1951,3.8368502822081063,26.734055733642748,22.89720545143464,968,1.9036755885071488,29275,29286,-11,-0.02163267714212669,57.5724203032508,57.59405298039293,43837,41897,1940,3.81521760506598,86.2101516254007,82.39493402033472,7012,8952,-1940,-3.81521760506598,13.789848374599304,17.605065979665284,11503.45,2022-12-05,2022-12-05,11786.8,0.02463174091250875,2022-12-06,2022-12-06,11549.69,0.004019663666117612,2022-12-07,2022-12-07,11497.39,-0.0005267984821946126,2022-12-08,2022-12-08,11637.5,0.011653025831380948,2022-12-09,2022-12-09,11563.33,0.00520539490326799,0.02463174091250875,-0.02011657107951259,-0.004528260065854717,0.01218624400842283,-0.006373361976369507,-0.018959344351308194,-0.018882133999269857,2.631911815190576,1342.0,0.07701802243227007,-2.5548937927583104,-1.3848553434394635,-700.0,0.12910583211787952,1.5139611755573483,1.2470564717511134,642.0,0.7841692740889243,-0.462887197662198,-1.2490350242421107,-643.0,-0.7861478265799136,0.462887197662198,0.004019663666117612,0.028753113196475777,-0.03746962867661441,-0.05919441558836702,0.04682682151876172,0.2478856343097069,0.3917937662179607,20.0,NASDAQ-100 Index x $20,230069.0,3127557986.0,2678693367.0,448864619.0,308752598.0,1150575069.0,6735269975.0,6737800734.0,-2530759.0,-161048300.0,-1340151925.0,10085534753.0,9639200893.0,446333860.0,147704298.0,-189576856.0,1613243828.0,2059577688.0,-446333860.0,-147934367.0,189576856.0
2022-12-06,NASDAQ-100 Consolidated - CHICAGO MERCANTILE EXCHANGE,50020,13747,11044,2703,5.403838464614155,27.48300679728109,22.07916833266693,939,1.8772491003598561,28067,29071,-1004,-2.007197121151539,56.111555377848866,58.1187524990004,42753,41054,1699,3.396641343462615,85.47181127548981,82.0751699320272,7267,8966,-1699,-3.396641343462615,14.528188724510196,17.92483006797281,11549.69,2022-12-12,2022-12-12,11706.44,0.013571792835998187,2022-12-13,2022-12-13,11834.21,0.0246344274175323,2022-12-14,2022-12-14,11740.92,0.016557154347865533,2022-12-15,2022-12-15,11345.22,-0.01770350546205146,2022-12-16,2022-12-16,11243.72,-0.026491620121405934,0.013571792835998187,0.010914505178346134,-0.007883077957886453,-0.03370263999754708,-0.008946499054227286,-0.03952696122817878,0.004019663666117612,1.5669881824060483,752.0,0.7489510636383407,-0.8180371187677089,-1.9855644440094125,-993.0,-1.4608649254019355,0.5246995186074699,-0.41857626160336503,-241.0,-0.7383403499108852,-0.31976408830752234,0.41857626160336503,241.0,0.7383403499108923,0.3197640883075259,0.0246344274175323,-0.0413231870292623,-0.06296099722157045,-0.059486445090734086,0.05216417064007772,0.260474523558641,0.37473040401950164,20.0,NASDAQ-100 Index x $20,230993.80000000002,3175471768.6000004,2551095527.2000003,624376241.4000001,173707337.60000002,735946246.8000001,6483302984.6,6715220759.8,-231917775.20000002,-229376843.4,-977796755.4000001,9875677931.400002,9483219465.2,392458466.20000005,-55669505.800000004,-241850508.60000002,1678631944.6000001,2071090410.8000002,-392458466.20000005,55669505.800000004,241850508.60000002
2022-12-13,NASDAQ-100 Consolidated - CHICAGO MERCANTILE EXCHANGE,62597,14621,10781,3840,6.134479288144799,23.357349393740915,17.222870105596115,3920,6.262280939981149,36661,39217,-2556,-4.083262776171382,58.56670447465534,62.64996725082672,55202,53918,1284,2.051216511973417,88.1863348083774,86.13511829640397,7395,8679,-1284,-2.051216511973417,11.813665191622603,13.86488170359602,11834.21,2022-12-19,2022-12-19,11084.59,-0.0633434762438726,2022-12-20,2022-12-20,11072.42,-0.06437185076147878,2022-12-21,2022-12-21,11235.88,-0.05055935292681135,2022-12-22,2022-12-22,10956.14,-0.07419760169880374,2022-12-23,2022-12-23,10985.45,-0.07172088377677921,-0.0633434762438726,-0.0010979206267439645,0.014762807046697857,-0.02489702631213575,0.00267521225541123,-0.008943948310221606,0.0246344274175323,0.7306408235306447,1137.0,-4.125657403540174,-4.856298227070816,-2.0760656550198426,-1552.0,2.4551490968064726,4.531214751826319,-1.345424831489198,-415.0,2.7145235328875827,4.05994836437678,1.345424831489198,415.0,-2.7145235328875934,-4.05994836437679,-0.06437185076147878,-0.0854894412047783,-0.08209842482092167,-0.05310282646665887,0.030891795903571273,0.2591334782803416,0.3819469149186976,20.0,NASDAQ-100 Index x $20,236684.19999999998,3460559688.2,2551692360.2,908867327.9999999,269109935.4,1157859106.3999999,8677079456.199999,9282044271.4,-604964815.1999999,-367333878.4,-1236674945.0,13065441208.4,12761538695.599998,303902512.79999995,-98223943.0,-79052522.8,1750279658.9999998,2054182171.8,-303902512.79999995,98223943.0,79052522.8
2022-12-20,NASDAQ-100 Consolidated - CHICAGO MERCANTILE EXCHANGE,49009,12498,11595,903,1.8425187210512353,25.501438511293845,23.658919790242606,818,1.6690811891693362,28542,28799,-257,-0.5243934787488013,58.23828276439021,58.76267624313901,41858,41212,646,1.3181252423024343,85.4088024648534,84.09067722255095,7151,7797,-646,-1.3181252423024343,14.591197535146605,15.90932277744904,11072.42,2022-12-26,2022-12-27,10822.51,-0.02257049497761099,2022-12-27,2022-12-27,10822.51,-0.02257049497761099,2022-12-28,2022-12-28,10679.34,-0.03550082095874252,2022-12-29,2022-12-29,10951.05,-0.010961470030941833,2022-12-30,2022-12-30,10939.76,-0.011981120658356548,-0.02257049497761099,0.0,-0.013228909005397083,0.02544258353044282,-0.0010309513699598982,0.01083390082337643,-0.06437185076147878,-4.2919605670935645,-2937.0,2.14408911755293,6.436049684646491,3.5588692974225804,2299.0,-0.32842171026512545,-3.8872910076877076,-0.7330912696709828,-638.0,-2.777532343524001,-2.0444410738530223,0.7330912696709828,638.0,2.777532343524003,2.0444410738530205,-0.02257049497761099,-0.018946174368385638,0.012044340803546216,0.04378175683364627,0.15073669532044498,0.36105295861248043,0.518353711293466,20.0,NASDAQ-100 Index x $20,221448.4,2767662103.2,2567694198.0,199967905.2,-650393950.8,65105829.6,6320580232.8,6377492471.599999,-56912238.8,509109871.59999996,-209490186.4,9269387127.199999,9126331460.8,143055666.4,-141284079.2,-144384356.79999998,1583577508.3999999,1726633174.8,-143055666.4,141284079.2,144162908.4
2022-12-27,NASDAQ-100 Consolidated - CHICAGO MERCANTILE EXCHANGE,50156,12753,12518,235,0.4685381609378738,25.426668793364705,24.95813063242683,1179,2.3506659223223543,29319,28736,583,1.1623733950075763,58.45561847037244,57.293245075364865,43251,42434,817,1.6289177765372038,86.23295318605949,84.6040354095223,6905,7723,-818,-1.6309115559454503,13.767046813940507,15.397958369885956,10822.51,2023-01-02,2023-01-03,10862.64,0.003708012281808948,2023-01-03,2023-01-03,10862.64,0.003708012281808948,2023-01-04,2023-01-04,10914.8,0.008527596648097324,2023-01-05,2023-01-05,10741.22,-0.007511196570850975,2023-01-06,2023-01-06,11040.35,0.0201284175297598,0.003708012281808948,0.0,0.004801779309633769,-0.015903177337193486,0.027848791850460186,0.016359743119536363,-0.02257049497761099,-1.3739805601133614,-668.0,-0.07476971792914,1.2992108421842232,1.6867668737563775,840.0,0.2173357059822294,-1.4694311677741467,0.3107925342347695,171.0,0.8241507212060952,0.5133581869713453,-0.312786313643016,-172.0,-0.8241507212060988,-0.5113644075630841,0.003708012281808948,0.03541415069147558,0.06788443715921733,0.09462961919185098,0.1652167565564735,0.38100218895616633,0.5595699149273134,20.0,NASDAQ-100 Index x $20,216450.2,2760389400.6000004,2709523603.6000004,50865797.0,-144588733.6,-371428543.20000005,6346103413.8,6219912947.200001,126190466.60000001,181818168.0,128571418.80000001,9361687600.2,9184847786.800001,176839813.4,37012984.2,-243073574.60000002,1494588631.0,1671644894.6000001,-177056263.60000002,-37229434.4,242857124.4
2023-01-03,NASDAQ-100 Consolidated - CHICAGO MERCANTILE EXCHANGE,48932,11960,11688,272,0.5558734570424263,24.44208289054198,23.886209433499552,932,1.9046840513365488,29143,28307,836,1.7084934194392216,59.5581623477479,57.849668928308674,42035,40927,1108,2.264366876481648,85.90492928962642,83.64056241314476,6897,8005,-1108,-2.264366876481648,14.09507071037358,16.359437586855226,10862.64,2023-01-09,2023-01-09,11108.45,0.02262893734856375,2023-01-10,2023-01-10,11205.78,0.03158900598749481,2023-01-11,2023-01-11,11402.52,0.04970062526236729,2023-01-12,2023-01-12,11459.61,0.054956253728375426,2023-01-13,2023-01-13,11541.48,0.062493095601069415,0.02262893734856375,0.008761798450728886,0.01755701075694871,0.00500678797318499,0.007144222185571758,0.038982036197669157,0.003708012281808948,0.08733529610455248,37.0,-0.984585902822726,-1.0719211989272779,0.5461200244316453,253.0,1.1025438773754601,0.5564238529438086,0.6354490999444442,291.0,-0.3280238964330664,-0.9634729963775328,-0.6334553205361977,-290.0,0.3280238964330735,0.9614792169692699,0.03158900598749481,0.06393933703040888,0.09058571397008452,0.1140873673434819,0.20597571124514857,0.4000915063004944,0.523012729870455,20.0,NASDAQ-100 Index x $20,217252.8,2598343488.0,2539250726.4,59092761.599999994,8038353.6,-528141556.79999995,6331398350.4,6149775009.599999,181623340.79999998,54964958.4,399745152.0,9132221448.0,8891505345.6,240716102.39999998,63220564.8,-128396404.8,1498392561.6,1739108664.0,-240716102.39999998,-63003312.0,128396404.8
2023-01-10,NASDAQ-100 Consolidated - CHICAGO MERCANTILE EXCHANGE,50725,11414,13044,-1630,-3.2134056185312962,22.50172498767866,25.715130606209957,1513,2.982750123213406,31206,28421,2785,5.490389354361755,61.5199605717102,56.02957121734845,44133,42977,1156,2.278955150320355,87.00443568260226,84.72548053228192,6592,7748,-1156,-2.278955150320355,12.995564317397735,15.274519467718086,11205.78,2023-01-16,2023-01-17,11557.19,0.031359709007315884,2023-01-17,2023-01-17,11557.19,0.031359709007315884,2023-01-18,2023-01-18,11410.29,0.018250402917066033,2023-01-19,2023-01-19,11295.67,0.008021753059581638,2023-01-20,2023-01-20,11619.03,0.03687828959697592,0.031359709007315884,0.0,-0.012710702168952759,-0.010045318742994302,0.028626898625756736,0.005350781634636093,0.03158900598749481,-3.7692790755737224,-1902.0,-1.9403579028633189,1.8289211727104053,3.7818959349225327,1949.0,1.9617982239622975,-1.8200977109602263,0.014588273838707089,48.0,1.0995063929758402,1.084918119137157,-0.014588273838707089,-48.0,-1.0995063929758455,-1.0849181191371393,0.031359709007315884,0.057190128665742135,0.07997212153013877,0.13586649032909803,0.15691634138810495,0.3492197776504624,0.48840143211806764,20.0,NASDAQ-100 Index x $20,224115.6,2558055458.4,2923363886.4,-365308428.0,-426267871.2,-1225912332.0,6993751413.6,6369589467.6,624161946.0,436801304.40000004,1197001419.6000001,9890893774.800001,9631816141.2,259077633.6,10757548.8,-28686796.8,1477370035.2,1736447668.8,-259077633.6,-10757548.8,28686796.8
2023-01-17,NASDAQ-100 Consolidated - CHICAGO MERCANTILE EXCHANGE,55003,12324,16451,-4127,-7.5032270967038155,22.406050579059325,29.90927767576314,1542,2.8034834463574714,34585,28476,6109,11.106666909077687,62.878388451539,51.77172154246132,48451,46469,1982,3.6034398123738702,88.08792247695581,84.48448266458193,6552,8534,-1982,-3.6034398123738702,11.912077523044196,15.51551733541807,11557.19,2023-01-23,2023-01-23,11872.54,0.027286044445059776,2023-01-24,2023-01-24,11846.64,0.025045015267551873,2023-01-25,2023-01-25,11814.69,0.022280502440472194,2023-01-26,2023-01-26,12051.48,0.042769046801168775,2023-01-27,2023-01-27,12166.6,0.05272994560096356,0.027286044445059776,-0.0021815045474684602,-0.0026969672413442725,0.020041998562805974,0.009552353735806873,0.024768078271372396,0.031359709007315884,-4.289821478172519,-2497.0,-0.09567440861933463,4.194147069553182,5.616277554715932,3324.0,1.3584278798288025,-4.257849674887126,1.3244846620535151,826.0,1.0834867943535471,-0.24099786769998843,-1.3244846620535151,-826.0,-1.0834867943535382,0.2409978676999831,0.025045015267551873,0.04713429475503994,0.1013291293125751,0.08944215678724654,0.13278314192290686,0.37069218382669145,0.4562978544092464,20.0,NASDAQ-100 Index x $20,231143.80000000002,2848616191.2000003,3802546653.8,-953930462.6,-577166068.6,-1162653314.0,7994108323.000001,6582050848.8,1412057474.2,768321991.2,1471461430.8000002,11199148253.800001,10741021242.2,458127011.6,190924778.8,308808116.8,1514454177.6000001,1972581189.2,-458127011.6,-190924778.8,-308808116.8
2023-01-24,NASDAQ-100 Consolidated - CHICAGO MERCANTILE EXCHANGE,54777,12048,17100,-5052,-9.222849005969659,21.99463278383263,31.21748178980229,1438,2.6251894043120285,34722,27306,7416,13.538528944630047,63.38791828687222,49.84938934224218,48208,45845,2363,4.3138543549299895,88.00774047501689,83.6938861200869,6569,8933,-2364,-4.315679938660387,11.992259524983114,16.3079394636435,11846.64,2023-01-30,2023-01-30,11912.39,0.005550096905114099,2023-01-31,2023-01-31,12101.93,0.0215495701734838,2023-02-01,2023-02-01,12363.1,0.043595483613919406,2023-02-02,2023-02-02,12803.14,0.08074019299987167,2023-02-03,2023-02-03,12573.36,0.061343976013451984,0.005550096905114099,0.01591116476206711,0.021580855285066036,0.03559301469696097,-0.01794715983735229,0.05548592683751963,0.025045015267551873,-1.7196219092658431,-925.0,-0.4114177952266971,1.3082041140391496,2.43186203555236,1307.0,0.5095298353332183,-1.922332200219138,0.7104145425561192,381.0,-0.08018200193892255,-0.7905965444950311,-0.7122401262865168,-382.0,0.08018200193891722,0.7924221282254305,0.0215495701734838,0.07442025755826132,0.06282372048108154,0.018035493608314246,0.07415351525833502,0.3135724559875206,0.4691263514380448,20.0,NASDAQ-100 Index x $20,236932.8,2854566374.4,4051550880.0,-1196984505.6,-219162840.0,-1252663713.6,8226780681.599999,6469687036.799999,1757093644.8,309671169.59999996,1618961822.3999999,11422056422.4,10862184216.0,559872206.4,90271396.8,366298108.79999995,1556411563.1999998,2116520702.3999999,-560109139.1999999,-90508329.6,-366298108.79999995
2023-01-31,NASDAQ-100 Consolidated - CHICAGO MERCANTILE EXCHANGE,55690,11888,15059,-3171,-5.694020470461483,21.346740887053333,27.040761357514814,995,1.7866762434907524,36620,30209,6411,11.511941102531873,65.75686837852398,54.2449272759921,49503,46264,3239,5.816124977554319,88.89028550906805,83.07416053151374,6187,9426,-3239,-5.816124977554319,11.109714490931944,16.925839468486263,12101.93,2023-02-06,2023-02-06,12464.51,0.029960510430980802,2023-02-07,2023-02-07,12728.27,0.051755381166475045,2023-02-08,2023-02-08,12495.38,0.032511343232029866,2023-02-09,2023-02-09,12381.17,0.023074005551180665,2023-02-10,2023-02-10,12304.92,0.016773357637996478,0.029960510430980802,0.02116087997041194,-0.01829706629416261,-0.009140178209866345,-0.006158545597871656,-0.012803551844396632,0.0215495701734838,3.5288285355081754,1881.0,-0.6478918967792957,-4.176720432287475,-2.0265878420981736,-1005.0,2.3689500916517545,4.395537933749914,1.5022706226243292,876.0,0.8825450340511622,-0.6197255885731607,-1.5004450388939317,-875.0,-0.8825450340511694,0.6179000048427632,0.051755381166475045,0.04040347283449819,-0.0034399471819784866,-0.004942186907377577,0.08360071492728838,0.2988019266348425,0.4441259369373314,20.0,NASDAQ-100 Index x $20,242038.6,2877354876.8,3644859277.4,-767504400.6,455274606.6,-833338899.8000001,8863453532.0,7311744067.400001,1551709464.6000001,-243248793.0,1349365195.0,11981636815.800001,11197673790.4,783963025.4,212025813.6,515784256.6,1497492818.2,2281455843.6,-783963025.4,-211783775.0,-515784256.6
2023-02-07,NASDAQ-100 Consolidated - CHICAGO MERCANTILE EXCHANGE,55861,11662,14646,-2984,-5.341830615277206,20.876819247775728,26.218649863052935,564,1.0096489500725014,37356,31326,6030,10.79465100875387,66.87313152288716,56.0784805141333,49582,46535,3047,5.45461055118956,88.7595997207354,83.30498916954583,6280,9326,-3046,-5.4528203934766655,11.242190436977499,16.695010830454162,12728.27,2023-02-13,2023-02-13,12502.31,-0.017752608956283944,2023-02-14,2023-02-14,12590.89,-0.010793297125218149,2023-02-15,2023-02-15,12687.89,-0.0031724657003662227,2023-02-16,2023-02-16,12442.48,-0.022453169205241652,2023-02-17,2023-02-17,12358.18,-0.02907622167034485,-0.017752608956283944,0.0070850906752431,0.007703982800262743,-0.01934206554438922,-0.00677517665288585,-0.011528269575782346,0.051755381166475045,0.35218985518427726,187.0,-0.46992163927760444,-0.822111494461879,-0.7172900937780025,-381.0,1.116263144363188,1.8335532381411994,-0.3615144263647583,-192.0,-0.13068578833265576,0.23082863803209364,0.3633045840776532,193.0,0.13247594604555424,-0.23082863803210074,-0.010793297125218149,-0.05247924501915824,-0.053907561671774684,-0.04526145344182675,0.0371488034116183,0.19993133395190377,0.3806063196333829,20.0,NASDAQ-100 Index x $20,254565.40000000002,2968741694.8,3728364848.4000006,-759623153.6,47603729.800000004,-344681551.6,9509545082.400002,7974515720.400001,1535029362.0000002,-96989417.4,826064723.0000001,12621861662.800001,11846200889.000002,775660773.8000001,-48876556.800000004,481383171.40000004,1598670712.0000002,2374076920.4,-775406208.4000001,49131122.2,-481128606.00000006
2023-02-14,NASDAQ-100 Consolidated - CHICAGO MERCANTILE EXCHANGE,55237,10802,15367,-4565,-8.264388000796567,19.555732570559588,27.820120571356156,601,1.0880388145627025,36853,28186,8667,15.69056972681355,66.71796078715354,51.02739106033999,48256,44153,4103,7.427992106740048,87.36173217227584,79.93374006553579,6981,11083,-4102,-7.426181726016981,12.638267827724171,20.064449553741152,12590.89,2023-02-20,2023-02-21,12060.3,-0.042140785917437196,2023-02-21,2023-02-21,12060.3,-0.042140785917437196,2023-02-22,2023-02-22,12066.27,-0.041666633573956946,2023-02-23,2023-02-23,12180.14,-0.03262279314647332,2023-02-24,2023-02-24,11969.65,-0.04934043582304348,-0.042140785917437196,0.0,0.0004950125618765622,0.009437050554976789,-0.0172814105584993,-0.00751639677288285,-0.010793297125218149,-2.9225573855193607,-1581.0,-1.3210866772161403,1.6014707083032214,4.895918718059679,2637.0,-0.15517073573361984,-5.05108945379331,1.9733815555504872,1056.0,-1.3978675484595584,-3.3712491040100474,-1.9733613325403159,-1056.0,1.3960773907466724,3.36943872328699,-0.042140785917437196,-0.0435846870237131,-0.03484424055805424,-0.031062140960646856,0.06632732078510739,0.1943278036739262,0.39786941193196035,20.0,NASDAQ-100 Index x $20,251817.8,2720135875.6,3869684132.6,-1149548257.0,-398123941.79999995,-110296196.39999999,9280241383.4,7097736510.799999,2182504872.6,664043538.6,644149932.4,12151719756.8,11118511323.4,1033208433.4,265919596.79999998,534105553.79999995,1757940061.8,2790896677.4,-1032956615.5999999,-265919596.79999998,-533853736.0
2023-02-21,NASDAQ-100 Consolidated - CHICAGO MERCANTILE EXCHANGE,53659,11570,14384,-2814,-5.244227436217596,21.562086509252875,26.80631394547047,1033,1.9251197376022662,34077,27153,6924,12.903706740714513,63.50658789764998,50.60288115693547,46680,42570,4110,7.659479304496916,86.99379414450512,79.3343148400082,6979,11089,-4110,-7.659479304496916,13.006205855494885,20.6656851599918,12060.3,2023-02-27,2023-02-27,12057.79,-0.00020812085934829305,2023-02-28,2023-02-28,12042.12,-0.0015074251884280576,2023-03-01,2023-03-01,11938.57,-0.01009344709501414,2023-03-02,2023-03-02,12044.87,-0.0012794043265921262,2023-03-03,2023-03-03,12290.81,0.019113123222473716,-0.00020812085934829305,-0.0012995747977033734,-0.008598984232012441,0.008903913952843734,0.020418651259830778,0.01932526607280427,-0.042140785917437196,3.020160564578971,1751.0,2.0063539386932874,-1.0138066258856853,-2.7868629860990364,-1743.0,-3.211372889503565,-0.42450990340451966,0.2314871977568682,7.0,-0.3679380277707196,-0.5994252255275825,-0.2332975784799345,-8.0,0.36793802777071427,0.601235606250647,-0.0015074251884280576,0.007617555118861086,0.011566047279089275,0.05647786539306665,0.13368158337686475,0.2362014211918444,0.45486430685803825,20.0,NASDAQ-100 Index x $20,241206.0,2790753420.0,3469507104.0,-678753684.0,422351706.0,539819028.0,8219576862.0,6549466518.0,1670110344.0,-420422058.0,-118673352.0,11259496080.0,10268139420.0,991356660.0,1688442.0,421386882.0,1683376674.0,2674733334.0,-991356660.0,-1929648.0,-421145676.0
2023-02-28,NASDAQ-100 Consolidated - CHICAGO MERCANTILE EXCHANGE,53651,10789,15555,-4766,-8.88333861437811,20.109597211608357,28.992935825986464,1197,2.2310860934558536,34864,26464,8400,15.656744515479673,64.98294533186707,49.32620081638739,46851,43216,3635,6.775269799258169,87.32549253508788,80.5502227358297,6800,10435,-3635,-6.775269799258169,12.674507464912116,19.449777264170287,12042.12,2023-03-06,2023-03-06,12302.48,0.02162077773681026,2023-03-07,2023-03-07,12152.17,0.009138756298724848,2023-03-08,2023-03-08,12215.33,0.014383679950041861,2023-03-09,2023-03-09,11995.88,-0.003839855440736506,2023-03-10,2023-03-10,11830.28,-0.017591586863442643,0.02162077773681026,-0.01221786176445716,0.0051974256449671685,-0.017965130700521414,-0.013804739627271911,-0.0383825049908636,-0.0015074251884280576,-3.6391111781605137,-1952.0,-1.4524892976445187,2.186621880515993,2.7530377747651595,1476.0,1.4763574342170926,-1.2766803405480758,-0.8842095052387471,-475.0,0.3316983905827584,1.215907895821502,0.8842095052387471,475.0,-0.33169839058276906,-1.2159078958215126,0.009138756298724848,0.013093209501316982,0.05807283102975225,0.047205143280419026,0.19206501845190038,0.2768972572935662,0.49234943681012955,20.0,NASDAQ-100 Index x $20,240842.40000000002,2598448653.6000004,3746303532.0000005,-1147854878.4,-470124364.8000001,-384143628.00000006,8396729433.6,6373653273.6,2023076160.0000002,355483382.40000004,479035533.6,11283707282.400002,10408245158.400002,875462124.0000001,-114400140.00000001,95373590.4,1637728320.0000002,2513190444.0000005,-875462124.0000001,114400140.00000001,-95373590.4
2023-03-07,NASDAQ-100 Consolidated - CHICAGO MERCANTILE EXCHANGE,52162,11117,13602,-2485,-4.764004447682221,21.312449676009358,26.07645412369158,1428,2.737625091062459,33021,25806,7215,13.831908285725241,63.304704574211115,49.472796288485874,45567,40837,4730,9.067903838043021,87.35669644568843,78.2887926076454,6595,11325,-4730,-9.067903838043021,12.643303554311569,21.711207392354588,12152.17,2023-03-13,2023-03-13,11923.17,-0.018844371005343086,2023-03-14,2023-03-14,12199.79,0.003918641691154745,2023-03-15,2023-03-15,12251.32,0.00815903661650541,2023-03-16,2023-03-16,12581.39,0.03532044071141205,2023-03-17,2023-03-17,12519.88,0.03025879328547898,-0.018844371005343086,0.023200205985488775,0.004223843197300736,0.026941586702494025,-0.004888966958340846,0.05004625447762634,0.009138756298724848,4.1193341666958885,2281.0,1.2028524644010012,-2.9164817022948846,-1.8248362297544318,-1185.0,-1.6782407576559564,0.14659547209848256,2.2926340387848523,1095.0,0.03120391060055283,-2.2614301281843012,-2.2926340387848523,-1095.0,-0.031203910600547502,2.2614301281843012,0.003918641691154745,0.04849092795772281,0.037721657942573206,0.07800335248766266,0.19798274711430142,0.27617042882053155,0.4728125923189026,20.0,NASDAQ-100 Index x $20,243043.4,2701913477.7999997,3305876326.7999997,-603962849.0,554381995.4,121278656.6,8025536111.4,6271977980.4,1753558131.0,-288006429.0,288006429.0,11074758607.8,9925163325.8,1149595282.0,266132523.0,409042042.2,1602871223.0,2752466505.0,-1149595282.0,-266132523.0,-409285085.59999996
2023-03-14,NASDAQ-100 Consolidated - CHICAGO MERCANTILE EXCHANGE,61292,12227,13521,-1294,-2.111205377537036,19.94876982314168,22.059975200678718,2054,3.351171441623703,38176,31166,7010,11.437055406904653,62.285453240227106,50.84839783332246,52457,46741,5716,9.325850029367617,85.5853945049925,76.25954447562488,8835,14551,-5716,-9.325850029367617,14.414605495007503,23.740455524375122,12199.79,2023-03-20,2023-03-20,12562.61,0.02973985617785213,2023-03-21,2023-03-21,12741.44,0.04439830521672916,2023-03-22,2023-03-22,12567.15,0.030111993731039455,2023-03-23,2023-03-23,12729.23,0.04339746831707747,2023-03-24,2023-03-24,12767.05,0.04649752167865162,0.02973985617785213,0.014235099234952031,-0.013678987618354066,0.012897116689145838,0.0029711145136037675,0.01627368834979337,0.003918641691154745,2.652799070145185,1191.0,-1.3636798528676763,-4.016478923012862,-2.394852878820588,-205.0,-1.019251333984009,1.3756015448365844,0.25794619132459573,986.0,-1.7713019406959347,-2.029248132020527,-0.25794619132459573,-986.0,1.7713019406959347,2.029248132020534,0.04439830521672916,0.033671071387294305,0.07379553254605198,0.06265353747892366,0.2214021716767256,0.2532789498835635,0.49339529614854016,20.0,NASDAQ-100 Index x $20,243995.80000000002,2983336646.6000004,3299067211.8,-315730565.20000005,290598997.8,798110261.8000001,9314783660.800001,7604373102.8,1710410558.0000002,-50019139.0,-404301040.6,12799287680.6,11404607687.800001,1394679992.8000002,240579858.8,393565225.40000004,2155702893.0,3550382885.8,-1394679992.8000002,-240579858.8,-393809221.20000005
2023-03-21,NASDAQ-100 Consolidated - CHICAGO MERCANTILE EXCHANGE,42975,10613,11637,-1024,-2.382780686445608,24.695753344968004,27.078534031413614,622,1.4473531122745782,25401,22029,3372,7.846422338568935,59.1064572425829,51.26003490401396,36636,34288,2348,5.463641652123327,85.24956369982549,79.78592204770216,6339,8687,-2348,-5.463641652123327,14.750436300174522,20.21407795229785,12741.44,2023-03-27,2023-03-27,12673.07,-0.005365955496396069,2023-03-28,2023-03-28,12610.57,-0.010271209533616377,2023-03-29,2023-03-29,12846.03,0.008208648316045952,2023-03-30,2023-03-30,12963.14,0.017399917120827668,2023-03-31,2023-03-31,13181.35,0.03452592485621708,-0.005365955496396069,-0.004931717413381276,0.018671638157514048,0.009116435194375105,0.01683311296491441,0.04010709322997519,0.04439830521672916,-0.27157530890857196,270.0,4.746983521826323,5.0185588307348965,-3.590633068335718,-3638.0,-3.1789959976442077,0.4116370706915049,-3.86220837724429,-3368.0,-0.3358308051670065,3.52637757207728,3.86220837724429,3368.0,0.3358308051670189,-3.5263775720772728,-0.010271209533616377,0.028147524926538825,0.017479186026069238,0.02749689203104211,0.18276662606424376,0.19226947660547,0.41524027111535267,20.0,NASDAQ-100 Index x $20,254828.80000000002,2704498054.4,2965442745.6000004,-260944691.20000002,68803776.0,456143552.00000006,6472906348.8,5613623635.200001,859282713.6,-927067174.4000001,-905151897.6,9335907916.800001,8737569894.400002,598338022.4000001,-858263398.4000001,-449008345.6,1615359763.2,2213697785.6000004,-598338022.4000001,858263398.4000001,449008345.6
2023-03-28,NASDAQ-100 Consolidated - CHICAGO MERCANTILE EXCHANGE,44015,10262,11731,-1469,-3.3374985800295356,23.314779052595703,26.652277632625243,556,1.2632057253209132,26474,23505,2969,6.745427695103942,60.147676928319896,53.40224923321595,37292,35792,1500,3.4079291150744067,84.72566170623651,81.31773259116211,6723,8222,-1499,-3.405657162331024,15.27433829376349,18.679995456094513,12610.57,2023-04-03,2023-04-03,13148.35,0.04264517781511867,2023-04-04,2023-04-04,13100.08,0.03881743648383851,2023-04-05,2023-04-05,12967.2,0.02828024427127418,2023-04-06,2023-04-06,13062.6,0.03584532657921091,2023-04-07,2023-04-10,13051.23,0.03494370198968011,0.04264517781511867,-0.0036711830762035103,-0.010143449505651825,0.0073570238756246464,-0.000870423958476918,-0.00738647815125093,-0.010271209533616377,-0.9547178935839278,-445.0,-1.3809742923723007,-0.4262563987883716,-1.1009946434649933,-403.0,1.0412196857369977,2.142214329201984,-2.05571253704892,-848.0,-0.5239019935889786,1.5318105434599545,2.057984489792303,849.0,0.5239019935889679,-1.534082496203336,0.03881743648383851,0.028038383673378853,0.038160051448903776,0.009082856682925522,0.18518909137334782,0.15346332481402514,0.4440694591917733,20.0,NASDAQ-100 Index x $20,252211.4,2588193386.7999997,2958691933.4,-370498546.59999996,-112234073.0,831540985.8,6677044603.599999,5928228957.0,748815646.6,-101641194.2,-1369760113.3999999,9405467528.8,9027150428.8,378317100.0,-213875267.2,-538471339.0,1695617242.2,2073682130.8,-378064888.59999996,214127478.6,538723550.4
2023-04-04,NASDAQ-100 Consolidated - CHICAGO MERCANTILE EXCHANGE,46437,7763,11440,-3677,-7.918254839890604,16.717272864310786,24.63552770420139,888,1.912268234382066,27551,25040,2511,5.4073260546546935,59.32984473587872,53.92251868122402,36202,37368,-1166,-2.5109287852359112,77.95938583457158,80.47031461980748,10235,9069,1166,2.5109287852359112,22.04061416542843,19.529685380192518,13100.08,2023-04-10,2023-04-10,13051.23,-0.003728984861161133,2023-04-11,2023-04-11,12964.15,-0.0103762725113129,2023-04-12,2023-04-12,12848.35,-0.019215913185262945,2023-04-13,2023-04-13,13109.39,0.0007106826828537915,2023-04-14,2023-04-14,13079.52,-0.0015694560643904065,-0.003728984861161133,-0.006672168063852957,-0.008932324911390177,0.020317005685554834,-0.0022785194429335576,0.002167611788314261,0.03881743648383851,-4.580756259861069,-2208.0,-6.5975061882849175,-2.0167499284238524,-1.3381016404492483,-458.0,-0.8178321924411733,0.5202694480080723,-5.918857900310318,-2666.0,-6.766275871664931,-0.8474179713546306,5.916585947566935,2665.0,6.76627587166494,0.8496899240980049,-0.0103762725113129,-0.0006328205629277939,-0.0286234893222026,0.00103663489077932,0.1609616124481683,0.11187259925130233,0.3833334605590193,20.0,NASDAQ-100 Index x $20,262001.6,2033918420.8,2997298304.0,-963379883.2,-578499532.8000001,-312305907.2,7218406081.6,6560520064.0,657886017.6,-119996732.8,-1232455526.4,9484981923.2,9790475788.800001,-305493865.6,-698496265.6,-1544761433.6000001,2681586376.0,2376092510.4,305493865.6,698234264.0,1544761433.6000001
2023-04-11,NASDAQ-100 Consolidated - CHICAGO MERCANTILE EXCHANGE,47494,10321,10747,-426,-0.8969554048932497,21.731166042026363,22.62812144691961,804,1.6928454120520489,28995,27411,1584,3.3351581252368723,61.049816818966605,57.71465869372974,40120,38962,1158,2.4382027203436225,84.47382827304502,82.03562555270139,7374,8532,-1158,-2.4382027203436225,15.526171726954985,17.964374447298606,12964.15,2023-04-17,2023-04-17,13087.71,0.009530898670564447,2023-04-18,2023-04-18,13091.79,0.009845612708893503,2023-04-19,2023-04-19,13088.71,0.009608034464272608,2023-04-20,2023-04-20,12985.98,0.0016838743766462994,2023-04-21,2023-04-21,13000.77,0.0028247127655882664,0.009530898670564447,0.0003117428488255136,-0.0002352619466093886,-0.007848749036383218,0.0011389205897438526,-0.0066428733521753935,-0.0103762725113129,7.0212994349973545,3251.0,5.013893177715577,-2.0074062572817795,-2.0721679294178212,-927.0,1.7199720830878817,3.792140012505719,4.949131505579533,2324.0,6.514442438473438,1.565310932893908,-4.949131505579533,-2324.0,-6.514442438473445,-1.5653109328939117,0.009845612708893503,-0.018438540127968195,0.01153257251728812,0.01827809767705557,0.16622069321937816,0.16718180520898018,0.4015496580955946,20.0,NASDAQ-100 Index x $20,259283.0,2676059843.0,2786514401.0,-110454558.0,842929033.0,225057644.0,7517910585.0,7107206313.0,410704272.0,-240355341.0,-1406869558.0,10402433960.0,10102184246.0,300249714.0,602573692.0,-1181811914.0,1911952842.0,2212202556.0,-300249714.0,-602573692.0,1181811914.0
2023-04-18,NASDAQ-100 Consolidated - CHICAGO MERCANTILE EXCHANGE,49012,11751,11216,535,1.0915694115726762,23.975761038113117,22.88419162654044,797,1.6261323757447155,29438,28155,1283,2.6177262711172773,60.062841753040075,57.44511548192279,41986,40168,1818,3.709295682689954,85.6647351668979,81.95543948420794,7026,8844,-1818,-3.709295682689954,14.335264833102098,18.044560515792053,13091.79,2023-04-24,2023-04-24,12969.76,-0.009321108878159623,2023-04-25,2023-04-25,12725.11,-0.028008393046329072,2023-04-26,2023-04-26,12806.48,-0.021793047398407817,2023-04-27,2023-04-27,13160.03,0.005212427024875899,2023-04-28,2023-04-28,13245.99,0.01177837408024418,-0.009321108878159623,-0.018863109263394184,0.006394443741547073,0.027607117646691437,0.00653190000326731,0.02129800397231718,0.009845612708893503,1.988524816465926,961.0,2.2445949960867537,0.2560701796208278,-0.717431854119595,-301.0,-0.9869750659265293,-0.2695432118069476,1.2710929623463314,660.0,1.1909068938528833,-0.08018606849344678,-1.2710929623463314,-660.0,-1.1909068938528868,0.08018606849344678,-0.028008393046329072,0.001670512588423767,0.008350271429651723,0.025528976557063654,0.21002170062306225,0.15507581468996978,0.3530357575243721,20.0,NASDAQ-100 Index x $20,261835.80000000002,3076832485.8,2936750332.8,140082153.0,251624203.8,408202012.20000005,7707922280.400001,7371986949.000001,335935331.40000004,-78812575.80000001,-546974986.2,10993437898.800001,10517420414.400002,476017484.40000004,172811628.0,-138772974.0,1839658330.8000002,2315675815.2000003,-476017484.40000004,-172811628.0,138772974.0
2023-04-25,NASDAQ-100 Consolidated - CHICAGO MERCANTILE EXCHANGE,49531,12961,11935,1026,2.071430013526882,26.167450687448262,24.096020673921384,990,1.99874825866629,28541,27848,693,1.399123781066403,57.62249904100463,56.22337525993822,42493,40773,1720,3.4725727322283015,85.7907169247542,82.31814419252589,7038,8757,-1719,-3.4705537945932847,14.209283075245803,17.67983686983909,12725.11,2023-05-01,2023-05-01,13231.47,0.03979219040149751,2023-05-02,2023-05-02,13113.66,0.030534117190342602,2023-05-03,2023-05-03,13030.21,0.023976217101463027,2023-05-04,2023-05-04,12982.48,0.020225365438884202,2023-05-05,2023-05-05,13259.13,0.041965845481885644,0.03979219040149751,-0.008903772596695614,-0.006363593382778032,-0.0036630261523029617,0.02130948786364395,0.002090470673326461,-0.028008393046329072,0.979860601954206,491.0,2.191689649335146,1.2118290473809452,-1.2186024900508743,-590.0,-2.440342712035445,-1.221740221984568,-0.23672295046165237,-98.0,0.1259817578562945,0.3627047083179491,0.23874188809666919,99.0,-0.1259817578562945,-0.3647236459529637,0.030534117190342602,0.03740635640870682,0.05508007396399717,0.07445358036197725,0.22289080408735162,0.15880019897666897,0.3729917462403076,20.0,NASDAQ-100 Index x $20,254502.2,3298603014.2000003,3037483757.0,261119257.20000002,124960580.2,634982989.0,7263747290.200001,7087377265.6,176370024.6,-150156298.0,-579247007.2,10814561984.6,10376818200.6,437743784.0,-24941215.6,55990484.0,1791186483.6000001,2228675765.4,-437489281.8,25195717.8,-55990484.0
2023-05-02,NASDAQ-100 Consolidated - CHICAGO MERCANTILE EXCHANGE,255954,73064,59376,13688,5.347835939270338,28.545754315228518,23.197918375958178,9311,3.6377630355454493,135518,136225,-707,-0.276221508552318,52.94623252615705,53.222454034709365,217893,204912,12981,5.07161443071802,85.12974987693102,80.058135446213,38061,51042,-12981,-5.07161443071802,14.87025012306899,19.94186455378701,13113.66,2023-05-08,2023-05-08,13291.64,0.013572107253047472,2023-05-09,2023-05-09,13201.11,0.006668618829525963,2023-05-10,2023-05-10,13347.83,0.01785695221623862,2023-05-11,2023-05-11,13389.78,0.021055906589007245,2023-05-12,2023-05-12,13340.18,0.017273591049333348,0.013572107253047472,-0.006811048147557286,0.011114216910547592,0.003142832954869945,-0.003704317770717669,0.0036519195524404857,0.030534117190342602,3.2764059257434557,12662.0,2.378303627780255,-0.8981022979632058,-1.675345289618721,-1400.0,-4.676266514847583,-3.0009212252288577,1.5990416984897182,11261.0,-0.6609670478231777,-2.2600087463128915,-1.601060636124735,-11262.0,0.6609670478231866,2.2620276839479203,0.006668618829525963,0.0238186745729263,0.04261815541961589,0.09465930945289114,0.19859825555947008,0.09883739550972037,0.3299634884540241,20.0,NASDAQ-100 Index x $20,262273.2,19162729084.8,15572733523.2,3589995561.6000004,3320903258.4,4554374118.0,35542739517.6,35728166670.0,-185427152.4,-367182480.0,-843995157.6,57147494367.600006,53742925958.4,3404568409.2000003,2953458505.2000003,3710378960.4,9982380265.2,13386948674.400002,-3404568409.2000003,-2953720778.4,-3710378960.4
2023-05-09,NASDAQ-100 Consolidated - CHICAGO MERCANTILE EXCHANGE,264599,78800,57002,21798,8.238126372359684,29.78091376006712,21.54278738770744,12944,4.891930808506457,132394,143335,-10941,-4.134936262041807,50.03571442068942,54.17065068273123,224138,213281,10857,4.103190110317877,84.708558989263,80.60536887894511,40461,51318,-10857,-4.103190110317877,15.291441010737003,19.39463112105488,13201.11,2023-05-15,2023-05-15,13413.51,0.016089556105509217,2023-05-16,2023-05-16,13426.01,0.017036446177632003,2023-05-17,2023-05-17,13589.26,0.029402830519554835,2023-05-18,2023-05-18,13834.62,0.04798914636723728,2023-05-19,2023-05-19,13803.49,0.04563101133162273,0.016089556105509217,0.0009318962747260073,0.012159234202864466,0.018055434953779814,-0.002250152154522622,0.029073672737411682,0.006668618829525963,2.890290433089346,8110.0,1.235159444838601,-1.6551309882507397,-3.8587147534894886,-10234.0,-2.9105181054676237,0.9481966480218631,-0.9684243204001426,-2124.0,-0.4211908876680184,0.5472334327321136,0.9684243204001426,2124.0,0.42119088766801305,-0.5472334327321313,0.017036446177632003,0.035711390936065346,0.08740780131367742,0.10279287120552727,0.15695195328271616,0.158691958479249,0.3704490758731651,20.0,NASDAQ-100 Index x $20,264022.2,20804949360.0,15049793444.400002,5755155915.6,2141220042.0,5867629372.8,34954955146.8,37843622037.0,-2888666890.2000003,-2702003194.8,-3306878055.0,59177407863.600006,56310918838.200005,2866489025.4,-560783152.8000001,2560751317.8,10682602234.2,13549091259.6,-2866489025.4,560783152.8000001,-2560751317.8
2023-05-16,NASDAQ-100 Consolidated - CHICAGO MERCANTILE EXCHANGE,283785,81526,58135,23391,8.242507532110576,28.728086403439224,20.48557887132865,14119,4.97524534418662,147815,155319,-7504,-2.6442553341438058,52.08696724633085,54.73122258047466,243460,227573,15887,5.5982521979667705,85.7902989939567,80.19204679598992,40325,56212,-15887,-5.5982521979667705,14.209701006043307,19.80795320401008,13426.01,2023-05-22,2023-05-22,13849.74,0.031560381677058214,2023-05-23,2023-05-23,13672.54,0.01836211949790001,2023-05-24,2023-05-24,13604.48,0.013292854690261535,2023-05-25,2023-05-25,13938.53,0.03817366440215664,2023-05-26,2023-05-26,14298.41,0.06497835172176991,0.031560381677058214,-0.012794464011598672,-0.004977860733996864,0.024554411487980543,0.02581907848245102,0.0323955539959595,0.017036446177632003,0.004381159750892039,1593.0,-1.052827356627894,-1.0572085163787897,1.4906809278980009,3437.0,2.051252825641427,0.5605718977434293,1.4950620876488934,5030.0,1.0817400046936996,-0.41332208295519024,-1.4950620876488934,-5030.0,-1.081740004693696,0.4133220829552009,0.01836211949790001,0.06919255981486683,0.08431991336219768,0.10984946383921956,0.12003864141319709,0.1777490110613651,0.3647219091896996,20.0,NASDAQ-100 Index x $20,268520.2,21891377825.2,15610421827.0,6280955998.2,427752678.6,6137297691.2,39691313363.0,41706288943.8,-2014975580.8000002,922903927.4000001,-2359486997.4,65373927892.0,61107947474.600006,4265980417.4,1350656606.0,3777810693.8,10828077065.0,15094057482.400002,-4265980417.4,-1350656606.0,-3777810693.8
2023-05-23,NASDAQ-100 Consolidated - CHICAGO MERCANTILE EXCHANGE,285583,78584,61828,16756,5.867296022522349,27.517044081755564,21.649748059233218,14285,5.002048441258759,150290,156169,-5879,-2.058595924827458,52.62568150064955,54.684277425477,243159,232281,10878,3.809050258593824,85.14477402366387,81.33572376507004,42424,53302,-10878,-3.809050258593824,14.855225976336126,18.66427623492995,13672.54,2023-05-29,2023-05-30,14354.99,0.04991391504431508,2023-05-30,2023-05-30,14354.99,0.04991391504431508,2023-05-31,2023-05-31,14254.09,0.042534159709900266,2023-06-01,2023-06-01,14441.51,0.05624192724980137,2023-06-02,2023-06-02,14546.64,0.06393106182172437,0.04991391504431508,0.0,-0.00702891468402278,0.013148506849612884,0.007279709670249046,0.013350758168413801,0.01836211949790001,-2.375211509588227,-6635.0,-1.21104232168366,1.1641691879045695,0.5856594093163476,1625.0,0.5387142543186982,-0.04694515499765828,-1.7892019393729464,-5009.0,-0.6455249702928256,1.1436769690801185,1.7892019393729464,5009.0,0.6455249702928185,-1.1436769690801292,0.04991391504431508,0.0647685068026862,0.08983773314980237,0.10222021658009406,0.09043089286994199,0.1653738076465674,0.36871429887935947,20.0,NASDAQ-100 Index x $20,273450.80000000005,21488857667.200005,16906916062.400003,4581941604.800001,-1814346058.0000002,4301381084.000001,41096920732.00001,42704537985.200005,-1607617253.2000003,444357550.00000006,-1797118657.6000004,66492023077.20001,63517425274.80001,2974597802.4000006,-1369715057.2000003,2504262426.4000006,11600876739.200003,14575474541.600002,-2974597802.4000006,1369715057.2000003,-2504535877.2000003
2023-05-30,NASDAQ-100 Consolidated - CHICAGO MERCANTILE EXCHANGE,310068,85416,72831,12585,4.058787104764116,27.547505708425245,23.488718603661134,17647,5.691332223899273,166568,162140,4428,1.4280738418669452,53.7198291987564,52.29175535688946,269631,252618,17013,5.486860946631062,86.95866713108093,81.47180618444986,40437,57450,-17013,-5.486860946631062,13.041332868919076,18.528193815550136,14354.99,2023-06-05,2023-06-05,14556.5,0.014037627333770342,2023-06-06,2023-06-06,14558.09,0.014148390211348172,2023-06-07,2023-06-07,14303.29,-0.003601535075956064,2023-06-08,2023-06-08,14484.54,0.009024736346037177,2023-06-09,2023-06-09,14528.36,0.012077333387205513,0.014037627333770342,0.00010922955380765487,-0.01750229597426578,0.012671909749435217,0.0030252945554363198,-0.0019331570088962913,0.04991391504431508,-1.8085089177582327,-4171.0,0.03046162666968044,1.8389705444279159,3.486669766694403,10307.0,1.0941476981068519,-2.392522068587539,1.6778106880372374,6135.0,1.8138931074170586,0.13608241937981802,-1.6778106880372374,-6135.0,-1.8138931074170497,-0.13608241937981447,0.014148390211348172,0.03802580148087875,0.04981960976635991,0.04116477963412035,0.07116410391090477,0.11532157110523933,0.31448639114342813,20.0,NASDAQ-100 Index x $20,287099.8,24522916516.8,20909765533.8,3613150983.0,-1197493265.8,-316671079.4,47821639486.4,46550361572.0,1271277914.3999999,2959137638.6,1474257473.0,77411006173.8,72526577276.4,4884428897.4,1761357273.0,1157586393.6,11609454612.6,16493883510.0,-4884428897.4,-1761357273.0,-1157586393.6
2023-06-06,NASDAQ-100 Consolidated - CHICAGO MERCANTILE EXCHANGE,318085,89542,77268,12274,3.858717009604351,28.150337174025815,24.29162016442146,18574,5.839319678702234,167808,165031,2777,0.8730370812833048,52.75570995174246,51.88267287045916,275923,260872,15051,4.731754090887655,86.74505242309446,82.0132983322068,42161,57213,-15052,-4.732068472263703,13.254633195529497,17.986701667793202,14558.09,2023-06-12,2023-06-12,14784.3,0.015538439451878494,2023-06-13,2023-06-13,14900.85,0.023544297363184308,2023-06-14,2023-06-14,15005.69,0.030745791515233156,2023-06-15,2023-06-15,15185.48,0.04309562586850335,2023-06-16,2023-06-16,15083.92,0.03611943599744194,0.015538439451878494,0.00788336275643764,0.00703584023730186,0.011981455034723476,-0.006687967716529131,0.020266093085232306,0.014148390211348172,-0.20007009515976515,-311.0,0.6028314656005698,0.8029015607603256,-0.5550367605836404,-1651.0,-0.9641192470139401,-0.4090824864303002,-0.7551068557434064,-1962.0,-0.21361470798646565,0.5414921477569408,0.7547924743673589,1961.0,0.21330032661042075,-0.5414921477569337,0.023544297363184308,0.03517357015927214,0.026639483613578374,0.0446899284178075,0.06526611664030102,0.09064513270628205,0.2814071076631619,20.0,NASDAQ-100 Index x $20,291161.8,26071209895.6,22497489962.399998,3573719933.2,-90551319.8,-2773024983.2,48859279334.4,48050723015.799995,808556318.6,-480708131.79999995,3994157572.3999996,80338237341.4,75955961089.59999,4382276251.8,-571259451.6,1221132589.2,12275672649.8,16658240063.4,-4382567413.599999,570968289.8,-1221423751.0
2023-06-13,NASDAQ-100 Consolidated - CHICAGO MERCANTILE EXCHANGE,335337,91391,73805,17586,5.244276653038585,27.253479335713028,22.009202682674445,29210,8.710640340910786,171832,172439,-607,-0.181011937245219,51.24158682161527,51.422598758860495,292432,275454,16978,5.062966508318498,87.20540829076423,82.14244178244572,42904,59883,-16979,-5.063264715793366,12.794293501760915,17.85755821755428,14900.85,2023-06-19,2023-06-20,15070.15,0.011361767952834834,2023-06-20,2023-06-20,15070.15,0.011361767952834834,2023-06-21,2023-06-21,14867.45,-0.0022414828684269583,2023-06-22,2023-06-22,15042.32,0.009494089263364147,2023-06-23,2023-06-23,14891.48,-0.0006288231879389983,0.011361767952834834,0.0,-0.013450430154975157,0.011761936310530574,-0.010027708491775256,-0.011855887300391887,0.023544297363184308,1.385559643434234,5312.0,-0.896857838312787,-2.2824174817470144,-1.0540490185285238,-3384.0,-1.5141231301271887,-0.46007411159866507,0.3312124174308426,1927.0,0.46035586766976166,0.12914345023891372,-0.33119624352966337,-1927.0,-0.4603396937685815,-0.12914345023892082,0.011361767952834834,0.0030239885644107733,0.02065922413822041,0.01464413103950446,0.026098511158759274,0.09753805990933406,0.28920028052090996,20.0,NASDAQ-100 Index x $20,298017.0,27236071647.0,21995144685.0,5240926962.0,1583066304.0,-1729988685.0,51208857144.0,51389753463.0,-180896319.0,-1008489528.0,2055423249.0,87149707344.0,82089974718.0,5059732626.0,574278759.0,325136547.0,12786121368.0,17846152011.0,-5060030643.0,-574278759.0,-325434564.0
2023-06-20,NASDAQ-100 Consolidated - CHICAGO MERCANTILE EXCHANGE,255039,71831,54948,16883,6.619771878026498,28.16471206364517,21.544940185618668,7729,3.030516901336658,132957,141320,-8363,-3.279106332756951,52.132026866479244,55.4111331992362,212517,203998,8519,3.340273448374562,83.32725583146107,79.98698238308651,42521,51041,-8520,-3.3406655452695473,16.672352071643946,20.01301761691349,15070.15,2023-06-26,2023-06-26,14689.02,-0.02529039193372329,2023-06-27,2023-06-27,14945.91,-0.00824411170426309,2023-06-28,2023-06-28,14964.57,-0.007005902396459263,2023-06-29,2023-06-29,14939.95,-0.008639595491750196,2023-06-30,2023-06-30,15179.21,0.00723682246029389,-0.02529039193372329,0.017488573097456328,0.0012485020985675277,-0.001645219341417703,0.01601477916592753,0.03337118473526468,0.011361767952834834,1.3754952249879127,-703.0,0.9112327279321413,-0.4642624970557776,-3.098094395511732,-7756.0,0.890440044863972,3.9885344403757017,-1.7226930599439356,-8459.0,-3.878152459303152,-2.155459399359202,1.7225991705238188,8459.0,3.8780585698830308,2.1554593993592093,-0.00824411170426309,0.009193007368871742,0.003245488598321744,0.05117400954867746,0.008034425669286582,0.1155728376957097,0.3210790204477063,20.0,NASDAQ-100 Index x $20,301403.0,21650078893.0,16561492044.0,5088586849.0,-211886309.0,38278181.0,40073638671.0,42594271960.0,-2520633289.0,-2337681668.0,-748685052.0,64053261351.0,61485609194.0,2567652157.0,-2549567977.0,-711009677.0,12815956963.0,15383910523.0,-2567953560.0,2549567977.0,710708274.0
2023-06-27,NASDAQ-100 Consolidated - CHICAGO MERCANTILE EXCHANGE,265818,79203,62511,16692,6.279484459291695,29.795950612825315,23.51646615353362,10978,4.12989338569999,131175,141724,-10549,-3.9685047664191284,49.34767397241722,53.31617873883635,221356,215213,6143,2.310979692872567,83.27351797094252,80.96253827806996,44461,50604,-6143,-2.310979692872567,16.726105831809733,19.0370855246823,14945.91,2023-07-03,2023-07-03,15208.69,0.017582067602441187,2023-07-04,2023-07-05,15203.78,0.01725354963331105,2023-07-05,2023-07-05,15203.78,0.01725354963331105,2023-07-06,2023-07-06,15089.45,0.009603965231959943,2023-07-07,2023-07-07,15036.85,0.006084607762257388,0.017582067602441187,-0.0003228417437661779,0.0,-0.0075198404607275116,-0.0034858792069956124,-0.011298803512991618,-0.00824411170426309,-0.3402874187348024,-191.0,1.6312385491801464,1.9715259679149533,-0.6893984336621775,-2186.0,-2.7843528940620246,-2.0949544603998476,-1.0292937555019952,-2376.0,-0.05373786051855234,0.9755558949834437,1.0296858523969803,2377.0,0.0537537601657867,-0.97593209223119,0.017582067602441187,0.011585109237242763,0.059912042826432144,0.04118250410981994,-0.026768527309477985,0.12930299995115724,0.3181620255976385,20.0,NASDAQ-100 Index x $20,298918.2,23675218194.600002,18685675600.2,4989542594.400001,-57093376.2,1227657047.4,39210594885.0,42363882976.8,-3153288091.8,-653435185.2,-4476897881.400001,66167337079.200005,64331082576.600006,1836254502.6000001,-710229643.2,-3249240834.0,13290202090.2,15126456592.800001,-1836254502.6000001,710528561.4,3249240834.0
2023-07-03,NASDAQ-100 Consolidated - CHICAGO MERCANTILE EXCHANGE,259143,68020,62783,5237,2.020891939971367,26.24805609258209,24.22716415261072,14998,5.787538154609617,132358,135444,-3086,-1.1908482961145006,51.07527504119347,52.26612333730797,215375,213224,2151,0.8300436438568667,83.11048340105656,82.2804397571997,43768,45919,-2151,-0.8300436438568667,16.88951659894344,17.71956024280031,15208.69,2023-07-10,2023-07-10,15045.64,-0.010720844464579216,2023-07-11,2023-07-11,15119.06,-0.005893341241093197,2023-07-12,2023-07-12,15307.23,0.0064791905154224505,2023-07-13,2023-07-13,15571.98,0.0238870014445689,2023-07-14,2023-07-14,15565.6,0.023467504433320574,-0.010720844464579216,0.004879819004043773,0.01244587957187826,0.017295748479640105,-0.00040971026163660884,0.034558848942285,0.017582067602441187,-4.258592519320328,-11455.0,-3.5478945202432257,0.7106979990770981,2.7776564703046276,7463.0,1.7276010687762522,-1.0500554015283825,-1.4809360490157002,-3992.0,-0.16303456988596565,1.3179014791297448,1.4809360490157002,3992.0,0.1634107671337084,-1.3175252818819914,-0.005893341241093197,0.041598586071515786,0.023192661563882222,0.0334887488666018,-0.042283063169806234,0.08779513554421836,0.3158195084520756,20.0,NASDAQ-100 Index x $20,304173.8,20689901876.0,19096943685.399998,1592958190.6,-3484310879.0,-2140471030.6,40259835820.4,41198516167.2,-938680346.8,2270049069.4,-1783370989.3999999,65511432175.0,64857154331.2,654277843.8,-1214261809.6,-3923842020.0,13313078878.4,13967356722.199999,-654277843.8,1214261809.6,3924146193.7999997
2023-07-11,NASDAQ-100 Consolidated - CHICAGO MERCANTILE EXCHANGE,271791,70620,61200,9420,3.4658984293078134,25.983200326721633,22.517301897413823,18610,6.847173011615543,138302,144877,-6575,-2.4191382348937234,50.88542299045958,53.30456122535331,227532,224687,2845,1.0467601944140903,83.71579632879676,82.66903613438267,44259,47104,-2845,-1.0467601944140903,16.28420367120324,17.33096386561733,15119.06,2023-07-17,2023-07-17,15713.28,0.039302707972585615,2023-07-18,2023-07-18,15841.35,0.047773472689439656,2023-07-19,2023-07-19,15826.35,0.04678134751763663,2023-07-20,2023-07-20,15466.09,0.02295314655805325,2023-07-21,2023-07-21,15425.67,0.020279699928434702,0.039302707972585615,0.008150430718474988,-0.000946888996202988,-0.02276330297257423,-0.0026134595104515546,-0.018303625977517113,-0.005893341241093197,1.4450064893364463,4183.0,-0.26485576586045667,-1.7098622551968958,-1.2282899387792228,-3489.0,-0.1898520507338901,1.038437888045344,0.2167165505572236,694.0,0.6053129277402007,0.3885963771829637,-0.2167165505572236,-694.0,-0.6053129277402007,-0.3885963771829779,0.047773472689439656,0.029258432733251905,0.039615558110094096,0.010185157013729684,0.000824125309377699,0.10315714072171156,0.3527970654260253,20.0,NASDAQ-100 Index x $20,302381.2,21354160344.0,18505729440.0,2848430904.0,1264860559.6000001,-2469244879.2000003,41819924722.4,43808081112.4,-1988156390.0,-1055008006.8000001,-1804611001.6000001,68801399198.40001,67941124684.4,860274514.0,209852552.8,-4273553499.6000004,13383089530.800001,14243364044.800001,-860274514.0,-209852552.8,4273855880.8
2023-07-18,NASDAQ-100 Consolidated - CHICAGO MERCANTILE EXCHANGE,278468,68272,66705,1567,0.5627217489980896,24.51700015800738,23.954278409009294,23855,8.566513926196189,143811,137737,6074,2.181220104284873,51.643635893531744,49.462415789246876,235938,228297,7641,2.7439418532829625,84.72714997773532,81.98320812445236,42530,50171,-7641,-2.7439418532829625,15.272850022264677,18.01679187554764,15841.35,2023-07-24,2023-07-24,15448.02,-0.024829323258434455,2023-07-25,2023-07-25,15561.42,-0.0176708424471399,2023-07-26,2023-07-26,15499.26,-0.02159475044740511,2023-07-27,2023-07-27,15464.93,-0.023761863730048294,2023-07-28,2023-07-28,15750.93,-0.005707846869111521,-0.024829323258434455,0.007340746581115276,-0.00399449407573349,-0.002214944455412704,0.018493455838468176,0.01960833815595775,0.047773472689439656,-2.903176680309724,-7853.0,-1.466200168714252,1.4369765115954714,4.600358339178596,12649.0,0.7582129030721632,-3.842145436106435,1.6971816588688722,4796.0,1.0113536489385666,-0.6858280099303045,-1.6971816588688722,-4796.0,-1.011353648938563,0.685828009930308,-0.0176708424471399,-0.0077859525861117,-0.03587446776947678,-0.05073431241655546,-0.04540900870190989,0.062454336278157996,0.28768185792246226,20.0,NASDAQ-100 Index x $20,316827.0,21630412944.0,21133945035.0,496467909.0,-2488042431.0,-4852522332.0,45563207697.0,43638800499.0,1924407198.0,4007544723.0,4574031399.0,74751528726.0,72330653619.0,2420875107.0,1519502292.0,-278174106.0,13474652310.0,15895527417.0,-2420875107.0,-1519502292.0,278490933.0
2023-07-25,NASDAQ-100 Consolidated - CHICAGO MERCANTILE EXCHANGE,272910,59273,71666,-12393,-4.541057491480708,21.718881682605986,26.259939174086693,19006,6.964200652229673,148445,139121,9324,3.41651093767176,54.39338976219267,50.9768788245209,226724,229794,-3070,-1.1249129749734343,83.07647209702832,84.20138507200176,46186,43116,3070,1.1249129749734343,16.923527902971674,15.798614927998242,15561.42,2023-07-31,2023-07-31,15757.0,0.012568261765314448,2023-08-01,2023-08-01,15718.01,0.0100627063597023,2023-08-02,2023-08-02,15370.74,-0.012253380475560682,2023-08-03,2023-08-03,15353.54,-0.013358678064084084,2023-08-04,2023-08-04,15274.92,-0.0184109162274394,0.012568261765314448,-0.002474455797423336,-0.022093763777984665,-0.0011190092344284253,-0.005120643187173868,-0.030594656343212567,-0.0176708424471399,-5.103779240478797,-13960.0,-2.7981184754013952,2.3056607650773984,1.235290833386887,3250.0,2.7497538686609246,1.5144630352740265,-3.8688548282563966,-10711.0,-1.6506778807070077,2.218176947549395,3.8688548282563966,10711.0,1.650677880706997,-2.218176947549397,0.0100627063597023,-0.018531085209447573,-0.0336582394151691,-0.04192805026790625,-0.052409098912567065,0.11842049118910736,0.26944327702741777,20.0,NASDAQ-100 Index x $20,311228.4,18447440953.2,22304494514.4,-3857053561.2000003,-4344748464.0,-9052078014.0,46200299838.0,43298406236.4,2901893601.6000004,1011492300.0000001,6185041993.200001,70562947761.6,71518418949.6,-955471188.0000001,-3333567392.4,-2867347249.2000003,14374394882.400002,13418923694.400002,955471188.0000001,3333567392.4,2867347249.2000003
2023-08-01,NASDAQ-100 Consolidated - CHICAGO MERCANTILE EXCHANGE,276532,64211,78084,-13873,-5.01677925158752,23.220097493237674,28.23687674482519,18567,6.714231987618069,150032,136172,13860,5.012078168168602,54.254842115921484,49.242763947752884,232810,232823,-13,-0.00470108341891716,84.18917159677723,84.19387268019615,43722,43709,13,0.00470108341891716,15.810828403222773,15.806127319803856,15718.01,2023-08-07,2023-08-07,15407.85,-0.019732777877097707,2023-08-08,2023-08-08,15273.05,-0.02830892714790234,2023-08-09,2023-08-09,15101.71,-0.03920979818692072,2023-08-10,2023-08-10,15128.84,-0.03748375271424309,2023-08-11,2023-08-11,15028.07,-0.043894869643167356,-0.019732777877097707,-0.008748787144215564,-0.011218453419585495,0.0017964852986847024,-0.006660788269292284,-0.024648474641173257,0.0100627063597023,-0.4757217601068122,-1480.0,1.5012158106316882,1.976937570738496,1.5955672304968425,4536.0,-0.138547646271185,-1.7341148767680181,1.1202118915545172,3057.0,1.1126994997489135,-0.007512391805605034,-1.1202118915545172,-3057.0,-1.112699499748901,0.007512391805613916,-0.02830892714790234,-0.04328537772911456,-0.05147280094617579,-0.0217241241098588,-0.08323127418801746,0.11189081823971359,0.19584285796993384,20.0,NASDAQ-100 Index x $20,314360.2,20185382802.2,24546501856.8,-4361119054.6,-465253096.0,-6007423422.0,47164089526.4,42807057154.4,4357032372.0,1425937867.2,5327147949.2,73186198162.0,73190284844.6,-4086682.6,960999131.4,-680275472.8000001,13744456664.4,13740369981.800001,4086682.6,-960999131.4,680275472.8000001
2023-08-08,NASDAQ-100 Consolidated - CHICAGO MERCANTILE EXCHANGE,281647,62376,77564,-15188,-5.392565871463215,22.146871793415162,27.539437664878374,19991,7.097892042166258,153674,138488,15186,5.391855762710059,54.56262626621267,49.17077050350261,236042,236043,-1,-0.00035505437657777286,83.80774515617067,83.80810021054724,45605,45604,1,0.00035505437657777286,16.192254843829332,16.191899789452755,15273.05,2023-08-14,2023-08-14,15205.59,-0.004416930475576231,2023-08-15,2023-08-15,15037.65,-0.015412769551595762,2023-08-16,2023-08-16,14876.47,-0.025965998932760637,2023-08-17,2023-08-17,14715.81,-0.03648518141432133,2023-08-18,2023-08-18,14694.84,-0.03785818811566777,-0.004416930475576231,-0.011044622405312787,-0.010718430073847984,-0.010799605013823821,-0.0014249980123417494,-0.033589620659244424,-0.02830892714790234,-0.3757866198756945,-1315.0,-1.0732256998225118,-0.6974390799468146,0.37977759454145676,1326.0,0.3077841502911838,-0.07199344425027476,0.004346029042339387,12.0,-0.3814264406065604,-0.3857724696489129,-0.004346029042339387,-12.0,0.3814264406065586,0.38577246964889866,-0.015412769551595762,-0.023838722455567174,0.00677664251737542,0.015399019842140316,0.001503956315208832,0.1505711040034572,0.1836483217170113,20.0,NASDAQ-100 Index x $20,305461.0,19053435336.0,23692777004.0,-4639341668.0,-401681215.0,-7516784288.0,46941413714.0,42302682968.0,4638730746.0,405041286.0,6647136821.0,72101625362.0,72101930823.0,-305461.0,3665532.0,-869342006.0,13930548905.0,13930243444.0,305461.0,-3665532.0,869342006.0
2023-08-15,NASDAQ-100 Consolidated - CHICAGO MERCANTILE EXCHANGE,281293,61059,60915,144,0.05119217328550657,21.7065479766649,21.655355803379393,19789,7.035013313520066,153208,156471,-3263,-1.160000426601444,54.46562836615202,55.62562879275347,234056,237176,-3120,-1.109163754519309,83.207189656337,84.3163534108563,47237,44118,3119,1.1088082533159376,16.792810343663014,15.684002090347077,15037.65,2023-08-21,2023-08-21,14936.69,-0.006713814991039069,2023-08-22,2023-08-22,14908.96,-0.008557853121997194,2023-08-23,2023-08-23,15148.06,0.00734223765016484,2023-08-24,2023-08-24,14816.44,-0.01471041020372188,2023-08-25,2023-08-25,14941.83,-0.006372006264276697,-0.006713814991039069,-0.0018565023442276285,0.01603733593758383,-0.0218919122316652,0.00846289662024069,0.0003441190785911097,-0.015412769551595762,5.443758044748721,15332.0,-0.44032381675026144,-5.884081861498981,-6.551856189311503,-18449.0,-0.09699790006065001,6.454858289250858,-1.1088087001427311,-3119.0,-0.6005554998336748,0.5082532003090563,1.1084531989393598,3118.0,0.600555499833682,-0.5078976991056781,-0.008557853121997194,0.022536766050546442,0.03129411842940888,0.016763922554388522,0.05152533806811577,0.170423570172201,0.2639228868872463,20.0,NASDAQ-100 Index x $20,300753.0,18363677427.0,18320368995.0,43308432.0,4611144996.0,-427971519.0,46077765624.0,47059122663.0,-981357039.0,-5548592097.0,-2808130761.0,70393044168.0,71331393528.0,-938349360.0,-938048607.0,-3236403033.0,14206669461.0,13268620854.0,938048607.0,937747854.0,3236102280.0
2023-08-22,NASDAQ-100 Consolidated - CHICAGO MERCANTILE EXCHANGE,278608,61479,53247,8232,2.9546890254407625,22.066487681617183,19.111798656176422,22141,7.947007982541779,146658,159199,-12541,-4.501306495147304,52.63955091023947,57.14085740538678,230279,234587,-4308,-1.5462585424682709,82.65340550163671,84.19966404410498,48330,44022,4308,1.5462585424682709,17.346953425601562,15.80069488313329,14908.96,2023-08-28,2023-08-28,15052.46,0.009625084512937088,2023-08-29,2023-08-29,15376.55,0.03136301928504737,2023-08-30,2023-08-30,15462.43,0.0371233137656819,2023-08-31,2023-08-31,15501.07,0.03971504383940938,2023-09-01,2023-09-01,15490.86,0.039030220753157874,0.009625084512937088,0.02153069996532131,0.005585128003355866,0.0024989603833291962,-0.0006586642083417082,0.029124807506547112,-0.008557853121997194,2.9034968521552558,8088.0,0.3599397049522821,-2.5435571472029714,-3.34130606854586,-9278.0,-1.8260774559125466,1.5152286126333152,-0.43709478794896195,-1188.0,-0.5537841547002813,-0.11668936675131647,0.4374502891523333,1189.0,0.5541430819385482,0.11669279278621225,0.03136301928504737,0.0401959626962578,0.025540346207918008,0.01893291014262566,0.06872779858554878,0.1768828945815133,0.32268246745581197,20.0,NASDAQ-100 Index x $20,298179.19999999995,18331759036.799995,15877147862.399998,2454611174.3999996,2411673369.5999994,6149945999.999999,43730365113.59999,47469830460.799995,-3739465347.1999993,-2766506617.5999994,-6519688207.999999,68664407996.79999,69948963990.4,-1284555993.6,-354236889.59999996,-369145849.59999996,14411000735.999998,13126444742.399998,1284555993.6,354535068.79999995,369145849.59999996
2023-08-29,NASDAQ-100 Consolidated - CHICAGO MERCANTILE EXCHANGE,282272,63942,51656,12286,4.35253939462646,22.652618750708537,18.300079356082076,24040,8.516608094320372,148277,157354,-9077,-3.2156926652306996,52.52982938442353,55.74552204965424,236260,233050,3210,1.1372009976193176,83.699410497676,82.56220950005668,46012,49222,-3210,-1.1372009976193176,16.300589502324,17.43779049994332,15376.55,2023-09-04,2023-09-05,15508.24,0.008564339855169134,2023-09-05,2023-09-05,15508.24,0.008564339855169134,2023-09-06,2023-09-06,15371.44,-0.00033232422097273506,2023-09-07,2023-09-07,15258.52,-0.007675974129437324,2023-09-08,2023-09-08,15280.23,-0.006264083946008636,0.008564339855169134,0.0,-0.008821117031977743,-0.007346091192497295,0.0014228116488361753,-0.014702506538459614,0.03136301928504737,1.3978503691856972,4054.0,0.5861310690913548,-0.8117193000943459,1.2856138299166044,3464.0,-0.1097215258159423,-1.3953353557325414,2.6834595400875885,7518.0,1.0460049960392865,-1.6374545440482962,-2.6834595400875885,-7518.0,-1.0463639232775606,1.6370956168100292,0.008564339855169134,-0.005645609710890898,-0.01205211832303088,-0.05402512267056003,0.041223811583222636,0.1687310222384084,0.2734664147679422,20.0,NASDAQ-100 Index x $20,307531.0,19664147202.0,15885821336.0,3778325866.0,1246730674.0,8044703429.0,45599774087.0,48391232974.0,-2791458887.0,1065287384.0,-7053838547.0,72657274060.0,71670099550.0,987174510.0,2312018058.0,991172413.0,14150116372.0,15137290882.0,-987174510.0,-2312018058.0,-991172413.0
2023-09-05,NASDAQ-100 Consolidated - CHICAGO MERCANTILE EXCHANGE,291708,64075,54515,9560,3.2772498525923184,21.965458609294224,18.688208756701908,26510,9.087854978265938,156324,160243,-3919,-1.3434667544256584,53.58920564400016,54.93267239842582,246909,241268,5641,1.93378309816666,84.64251923156033,82.70873613339367,44800,50440,-5640,-1.933440289604673,15.357823577001659,17.291263866606332,15508.24,2023-09-11,2023-09-11,15461.87,-0.0029900233682222943,2023-09-12,2023-09-12,15289.74,-0.01408928414829791,2023-09-13,2023-09-13,15348.53,-0.010298396207435445,2023-09-14,2023-09-14,15473.89,-0.0022149515354418225,2023-09-15,2023-09-15,15202.4,-0.01972112889663813,-0.0029900233682222943,-0.011132547356820455,0.003845062113548181,0.00816755741429298,-0.017545038771763277,-0.016781281953605953,0.008564339855169134,-1.0752895420341413,-2726.0,-0.6871601414143136,0.3881294006198317,1.8722259108050412,5158.0,1.0593762595766307,-0.8128496512284187,0.7965821005473424,2431.0,0.9431087338843298,0.14652663333698968,-0.7962392919853554,-2430.0,-0.9427659253223428,-0.14652663333698612,-0.01408928414829791,-0.020441391157217104,-0.0620579769206564,-0.06078188111610339,0.023824108989801474,0.15408769789479648,0.2224946222137394,20.0,NASDAQ-100 Index x $20,310164.8,19873809560.0,16908634072.0,2965175488.0,-845509244.8,7675958470.4,48486202195.2,49701738046.4,-1215535851.2,1599830038.3999999,-5925698504.0,76582480603.2,74832840966.4,1749639636.8,754010628.8,1749949801.6,13895383040.0,15644712512.0,-1749329472.0,-753700464.0,-1749639636.8
2023-09-12,NASDAQ-100 Consolidated - CHICAGO MERCANTILE EXCHANGE,319625,59590,55128,4462,1.396010950332421,18.643723113023075,17.247712162690654,35336,11.055455612045366,173508,181445,-7937,-2.483222526398123,54.28486507626125,56.768087602659364,268433,271908,-3475,-1.087211576065702,83.98373093468909,85.07094251075479,51192,47717,3475,1.087211576065702,16.01626906531091,14.92905748924521,15289.74,2023-09-18,2023-09-18,15225.37,-0.00421001272748911,2023-09-19,2023-09-19,15191.23,-0.006442882612784806,2023-09-20,2023-09-20,14969.92,-0.02091729486570726,2023-09-21,2023-09-21,14694.24,-0.03894768648780167,2023-09-22,2023-09-22,14701.1,-0.03849901960399582,-0.00421001272748911,-0.002242310039099249,-0.014568273931735543,-0.01841559607532972,0.0004668495954878171,-0.03443397434676465,-0.01408928414829791,-1.8812389022598974,-5098.0,-3.321735496271149,-1.440496594011254,-1.1397557719724645,-4018.0,0.6956594322610883,1.8354152042335414,-3.020994674232362,-9116.0,-0.6587882968712364,2.362206377361119,3.020651865670375,9115.0,0.658445488309253,-2.3622063773611224,-0.006442882612784806,-0.048654195558590296,-0.04735986354248001,-0.01034811579529793,0.06962250502624645,0.1915905044820907,0.2314886322461991,20.0,NASDAQ-100 Index x $20,305794.8,18222312132.0,16857855734.4,1364456397.6,-1558941890.3999999,1320421946.3999999,53057844158.4,55484937486.0,-2427093327.6,-1228683506.3999999,-1429284895.2,82085415548.4,83148052478.4,-1062636930.0,-2787625396.7999997,-108557154.0,15654247401.599998,14591610471.6,1062636930.0,2787319602.0,108862948.8
2023-09-19,NASDAQ-100 Consolidated - CHICAGO MERCANTILE EXCHANGE,241955,55927,53691,2236,0.9241387861379182,23.11462875328057,22.19048996714265,8020,3.314665950280011,137434,139676,-2242,-0.9266185861007211,56.80147134797793,57.72808993407865,201381,201387,-6,-0.0024797999628030005,83.23076605153851,83.23324585150131,40574,40568,6,0.0024797999628030005,16.76923394846149,16.766754148498688,15191.23,2023-09-25,2023-09-25,14768.9,-0.027800908813835346,2023-09-26,2023-09-26,14545.83,-0.042485039065302765,2023-09-27,2023-09-27,14580.16,-0.04022518255598784,2023-09-28,2023-09-28,14702.77,-0.03215407837285056,2023-09-29,2023-09-29,14715.24,-0.03133321001656875,-0.027800908813835346,-0.015104036184143688,0.0023601265792325687,0.008409372736650322,0.0008481395002437608,-0.003633310537683898,-0.006442882612784806,-0.47187216419450273,-2226.0,4.470905640257495,4.942777804451996,1.5566039402974017,5695.0,2.5166062717166824,0.9600023314192896,1.084731776102899,3469.0,-0.7529648831505824,-1.8376966592534814,-1.084731776102899,-3469.0,0.7529648831505789,1.8376966592534778,-0.042485039065302765,-0.04118231374286341,-0.003930557301811577,-0.004556576393089928,0.1066812891385358,0.18701375727969372,0.2791854247483583,20.0,NASDAQ-100 Index x $20,303824.6,16991998404.199999,16312646598.599998,679351805.5999999,-676313559.5999999,-1821732301.6,41755830076.399994,42437004829.6,-681174753.1999999,1730281096.9999998,3129089555.3999996,61184501772.6,61186324720.2,-1822947.5999999999,1053967537.4,1307053429.1999998,12327379320.4,12325556372.8,1822947.5999999999,-1053967537.4,-1307053429.1999998
2023-09-26,NASDAQ-100 Consolidated - CHICAGO MERCANTILE EXCHANGE,248727,55953,57889,-1936,-0.7783634265680847,22.49574835060126,23.274111777169345,7075,2.844484113103925,140391,141582,-1191,-0.4788382443401802,56.443811890144616,56.9226501344848,203419,206546,-3127,-1.257201670908265,81.78404435384981,83.04124602475807,45309,42182,3127,1.257201670908265,18.21635769337466,16.9591560224664,14545.83,2023-10-02,2023-10-02,14837.57,0.020056607288824413,2023-10-03,2023-10-03,14565.62,0.0013605273813870333,2023-10-04,2023-10-04,14776.25,0.01584096610506247,2023-10-05,2023-10-05,14723.22,0.012195247710168333,2023-10-06,2023-10-06,14973.24,0.029383679033784915,0.020056607288824413,-0.018328472923800798,0.014460764457674857,-0.003588867270112539,0.016981339679771112,0.0091436805352898,-0.042485039065302765,-1.702502212706003,-4172.0,-0.6188804026793093,1.0836218100266954,0.44778034176054093,1051.0,-0.3576594578333143,-0.8054397995938558,-1.254721870945462,-3121.0,-1.4467216976887016,-0.1919998267432419,1.254721870945462,3121.0,1.4471237449131706,0.1924018739677109,0.0013605273813870333,0.04026514815586335,0.039611352531962796,0.013751707534049418,0.16036424184800735,0.2519422404909173,0.371172356613545,20.0,NASDAQ-100 Index x $20,290916.6,16277656519.8,16840871057.399998,-563214537.5999999,-1213704055.1999998,-4137415885.2,40842072390.6,41188554061.2,-346481670.59999996,305753346.59999996,2294168307.6,59177963855.399994,60087660063.6,-909696208.1999999,-907950708.5999999,-1843538494.1999998,13181140229.4,12271444021.199999,909696208.1999999,907950708.5999999,1843538494.1999998
2023-10-03,NASDAQ-100 Consolidated - CHICAGO MERCANTILE EXCHANGE,263748,63429,64547,-1118,-0.42388947025190715,24.049092315391967,24.47298178564387,8630,3.272062726542002,148371,146637,1734,0.657445743664407,56.254834159879884,55.59738841621547,220430,219814,616,0.2335562734124998,83.57598920181385,83.34243292840135,43318,43934,-616,-0.2335562734124998,16.42401079818615,16.65756707159865,14565.62,2023-10-09,2023-10-09,15047.15,0.03305935483693778,2023-10-10,2023-10-10,15131.52,0.038851761888611724,2023-10-11,2023-10-11,15241.12,0.0463763300154747,2023-10-12,2023-10-12,15184.1,0.04246163225458299,2023-10-13,2023-10-13,14995.12,0.029487244621238196,0.03305935483693778,0.005607041865070883,0.007243158651609294,-0.0037411948728177657,-0.012445913817743515,-0.003457797656034489,0.0013605273813870333,0.3544739563161775,818.0,1.553343964790706,1.1988700084745254,1.1362839880045872,2925.0,-0.18897773026473175,-1.3252617182693243,1.4907579443207648,3743.0,1.7919448479640465,0.30118690364328415,-1.4907579443207648,-3743.0,-1.792346895188512,-0.3015889508677496,0.038851761888611724,0.0381988545630052,0.012374344518118585,-0.010699166942430227,0.13582113222780756,0.2441474513271662,0.35753239477619214,20.0,NASDAQ-100 Index x $20,291312.4,18477654219.600002,18803341482.800003,-325687263.20000005,238293543.20000002,-3110633807.2000003,43222312100.4,42717176398.8,505135701.6,852088770.0000001,1646788997.2,64213992332.00001,64034543893.600006,179448438.4,1090382313.2,-1463844810.0,12619070543.2,12798518981.6,-179448438.4,-1090382313.2,1463553497.6000001
2023-10-10,NASDAQ-100 Consolidated - CHICAGO MERCANTILE EXCHANGE,264373,69805,61603,8202,3.1024348174737963,26.40398225234801,23.301547434874212,7395,2.7971842812995273,145743,152440,-6697,-2.5331633714486728,55.12779292892996,57.66095630037863,222943,221438,1505,0.5692714460251236,84.32895946257749,83.75968801655237,41430,42936,-1506,-0.569649699477632,15.671040537422506,16.24069023690014,15131.52,2023-10-16,2023-10-16,15172.73,0.0027234540878906532,2023-10-17,2023-10-17,15122.01,-0.0006284894048979028,2023-10-18,2023-10-18,14909.26,-0.014688544177980822,2023-10-19,2023-10-19,14783.13,-0.023024124476589303,2023-10-20,2023-10-20,14560.88,-0.037712007782430446,0.0027234540878906532,-0.003342839423096544,-0.014068896925739316,-0.008459843077389562,-0.015034028652930687,-0.04032563684979573,0.038851761888611724,3.5263242877257035,9320.0,2.3548899369560417,-1.1714343507696583,-3.1906091151130798,-8431.0,-1.1270412309499207,2.063567884163156,0.3357151726126238,889.0,0.7529702607636324,0.4172550881510233,-0.3360934260651322,-890.0,-0.752970260763643,-0.41687683469850967,-0.0006284894048979028,-0.025487194941420266,-0.047697785813982985,0.010871346698811513,0.1022487496299116,0.20079806919595655,0.32886709332572006,20.0,NASDAQ-100 Index x $20,302630.4,21125115072.0,18642940531.2,2482174540.8,2820515328.0,1131837696.0,44106262387.200005,46132978176.0,-2026715788.8000002,-2551476902.4,375261696.0,67469329267.200005,67013870515.200005,455458752.00000006,269038425.6,1507099392.0,12537977472.000002,12993738854.400002,-455761382.40000004,-269341056.0,-1507402022.4
2023-10-17,NASDAQ-100 Consolidated - CHICAGO MERCANTILE EXCHANGE,265176,77044,62286,14758,5.565360364437204,29.053911364527714,23.488551000090503,9226,3.4791987208495487,139525,150998,-11473,-4.326560473044318,52.61599843123058,56.9425589042749,225794,222510,3284,1.2384227833589767,85.14873140857392,83.91030862521495,39382,42666,-3284,-1.2384227833589767,14.851268591426074,16.089691374785048,15122.01,2023-10-23,2023-10-23,14604.85,-0.034199157387146295,2023-10-24,2023-10-24,14745.86,-0.024874338794908857,2023-10-25,2023-10-25,14381.64,-0.04895976130157309,2023-10-26,2023-10-26,14109.57,-0.06695141717271713,2023-10-27,2023-10-27,14180.42,-0.0622661934491513,-0.034199157387146295,0.009655011862497842,-0.024699814049502833,-0.018917870284612892,0.005021414543462388,-0.029060894155023886,-0.0006284894048979028,2.4629255469634077,6556.0,2.6499291121797057,0.18700356521629047,-1.7933971015956454,-4776.0,-2.511794497699384,-0.7183973961037324,0.6691513373338531,1779.0,0.8197719459964361,0.1506206086625781,-0.6687730838813447,-1778.0,-0.8197719459964325,-0.15099886211509173,-0.024874338794908857,-0.047098897567188436,0.011507068174138269,0.045659274130885885,0.11299430432859126,0.17138264027070482,0.33314486632398754,20.0,NASDAQ-100 Index x $20,302440.2,23301202768.8,18837790297.2,4463412471.6,1982797951.2,3787156184.4,42197968905.0,45667865319.6,-3469896414.6,-1444454395.2,-2791825486.2000003,68289182518.8,67295968902.0,993213616.8000001,538041115.8000001,995028258.0,11910699956.4,12903913573.2,-993213616.8000001,-537738675.6,-995028258.0
2023-10-24,NASDAQ-100 Consolidated - CHICAGO MERCANTILE EXCHANGE,262564,66330,64935,1395,0.5312990356636859,25.26241221187977,24.731113176216084,11675,4.446534940052711,142906,146422,-3516,-1.3391020855867521,54.42711110434028,55.76621318992703,220911,223031,-2120,-0.8074221903992932,84.13605825627276,84.94348044667205,41653,39533,2120,0.8074221903992932,15.863941743727244,15.056519553327952,14745.86,2023-10-30,2023-10-30,14335.51,-0.027828149731517926,2023-10-31,2023-10-31,14409.78,-0.02279148181252233,2023-11-01,2023-11-01,14664.91,-0.005489676424433765,2023-11-02,2023-11-02,14919.55,0.011778899297836709,2023-11-03,2023-11-03,15099.49,0.02398164637396527,-0.027828149731517926,0.005180841142031323,0.017705336236916835,0.01736389790322601,0.012060685476438682,0.05329283715752009,-0.024874338794908857,-5.034061328773518,-13363.0,-3.791499152647944,1.2425621761255812,2.9874583874575658,7957.0,1.8111126731096974,-1.1763457143478675,-2.04584497375827,-5404.0,-1.0126731523011614,1.0331718214571026,2.04584497375827,5404.0,1.0126731523011703,-1.0331718214570955,-0.02279148181252233,0.03730945499279126,0.07233284460858846,0.08054870994299423,0.18027778644311,0.18483906669397387,0.38279225491086977,20.0,NASDAQ-100 Index x $20,294917.2,19561857876.0,19150448382.0,411409494.0,-3940978543.6000004,982369193.2,42145437383.200005,43182366258.4,-1036928875.2,2346656160.4,-685682490.0,65150453569.200005,65775678033.200005,-625224464.0,-1593732548.8,296981620.40000004,12284186131.6,11658961667.6,625224464.0,1593732548.8,-296981620.40000004
2023-10-31,NASDAQ-100 Consolidated - CHICAGO MERCANTILE EXCHANGE,270325,69067,64315,4752,1.7578840284842319,25.54961620271895,23.791732174234717,13114,4.8511976324794235,146195,152012,-5817,-2.1518542495144732,54.081198557292154,56.233052806806626,228375,229440,-1065,-0.39397022103024143,84.48164246740035,84.87561268843059,41950,40885,1065,0.39397022103024143,15.51835753259965,15.124387311569407,14409.78,2023-11-06,2023-11-06,15154.93,0.05171140711377964,2023-11-07,2023-11-07,15296.02,0.06150267387843522,2023-11-08,2023-11-08,15313.24,0.06269769559285421,2023-11-09,2023-11-09,15187.9,0.05399943649382566,2023-11-10,2023-11-10,15529.12,0.07767918732971646,0.05171140711377964,0.009309841747866976,0.001125783046831641,-0.008185073831533995,0.02246656878172759,0.0246909751480211,-0.02279148181252233,1.2265849928205461,3357.0,0.28720399083918124,-0.9393810019813671,-0.8127521639277211,-2301.0,-0.3459125470481226,0.4668396168795965,0.41345196936905176,1055.0,0.3455842111275871,-0.06786775824146218,-0.41345196936905176,-1055.0,-0.3455842111275942,0.06786775824145508,0.06150267387843522,0.09734291571418852,0.10575040007550429,0.1110808076181593,0.21283676780630922,0.21033693782972374,0.4261598719758386,20.0,NASDAQ-100 Index x $20,288195.60000000003,19904805505.2,18535300014.000004,1369505491.2,967472629.2000002,1691708172.0000002,42132755742.00001,43809189547.200005,-1676433805.2000003,-663138075.6,-2176164975.6000004,65816670150.00001,66123598464.00001,-306928314.00000006,304046358.00000006,-484456803.6000001,12089805420.000002,11782877106.000002,306928314.00000006,-304046358.00000006,484456803.6000001
2023-11-07,NASDAQ-100 Consolidated - CHICAGO MERCANTILE EXCHANGE,279223,82864,63440,19424,6.9564469975610885,29.676638385806324,22.720191388245237,11171,4.000744924307812,147096,155699,-8603,-3.08104991350999,52.680474029718184,55.76152394322818,241132,230310,10822,3.8757552207375463,86.35821547651877,82.48246025578122,38092,48914,-10822,-3.8757552207375463,13.64214266016768,17.517897880905224,15296.02,2023-11-13,2023-11-13,15482.79,0.0122103658337267,2023-11-14,2023-11-14,15812.47,0.033763684932420324,2023-11-15,2023-11-15,15817.18,0.03407160816996835,2023-11-16,2023-11-16,15833.17,0.03511697814202641,2023-11-17,2023-11-17,15837.99,0.0354320927927656,0.0122103658337267,0.0212933198732268,0.0002978661777699454,0.0010109260942847698,0.0003044241930074687,0.022941601610562357,0.06150267387843522,5.198562969076857,14672.0,4.127022183087373,-1.0715407859894803,-0.9291956639955168,-2786.0,-1.4007245275739706,-0.4715288635784489,4.269725441767788,11887.0,1.8765730091184167,-2.393152432649373,-4.269725441767788,-11887.0,-1.8762148724319694,2.3935105693358167,0.033763684932420324,0.04168404591521191,0.0467056136171371,0.03802884671960416,0.14884329387644613,0.18275531805005496,0.32240027144315975,20.0,NASDAQ-100 Index x $20,305920.4,25349788025.600002,19407590176.0,5942197849.6,4488464108.8,3433038728.8,44999667158.4,47631500359.600006,-2631833201.2000003,-852294234.4000001,-583084282.4000001,73767197892.8,70456527324.0,3310670568.8,3636475794.8,2850260366.8,11653119876.800001,14963790445.6,-3310670568.8,-3636475794.8,-2849954446.4
2023-11-14,NASDAQ-100 Consolidated - CHICAGO MERCANTILE EXCHANGE,284718,70058,65611,4447,1.5618963325114674,24.606101475846277,23.04420514333481,13848,4.863759930878975,158806,160832,-2026,-0.7115812839370886,55.776592979720284,56.48817426365738,242711,240291,2420,0.8499638238537782,85.24610316172495,84.39613933787116,42007,44427,-2420,-0.8499638238537782,14.753896838275066,15.603860662128843,15812.47,2023-11-20,2023-11-20,16027.06,0.013570934838137205,2023-11-21,2023-11-21,15933.62,0.007661674615034864,2023-11-22,2023-11-22,16001.39,0.011947532548678419,2023-11-23,2023-11-24,15982.01,0.010721917575179596,2023-11-24,2023-11-24,15982.01,0.010721917575179596,0.013570934838137205,-0.005830139776103582,0.004253270757053285,-0.0012111447817970689,0.0,-0.002810871114228064,0.033763684932420324,-5.394550665049621,-14977.0,-5.0705369099600475,0.32401375508957386,2.3694686295729013,6577.0,3.0961189500021007,0.7266503204292007,-3.025791396883768,-8402.0,-1.1121123147938192,1.913679082089942,3.025791396883768,8402.0,1.111754178107386,-1.9140372187763806,0.007661674615034864,0.012519233238071026,0.00412585763008555,0.03426283180300116,0.11307215128313275,0.15875445139184463,0.33254254395423377,20.0,NASDAQ-100 Index x $20,316249.39999999997,22155800465.199997,20749439383.399998,1406361081.8,-4736467263.799999,-3260847563.3999996,50222302216.399994,50863023500.799995,-640721284.4,2079972303.7999997,2987608081.7999997,76757208123.4,75991884575.4,765323547.9999999,-2657127458.7999997,-273239481.59999996,13284688545.8,14050012093.8,-765323547.9999999,2657127458.7999997,273239481.59999996
2023-11-21,NASDAQ-100 Consolidated - CHICAGO MERCANTILE EXCHANGE,295027,76132,67623,8509,2.8841428072684874,25.805095804790746,22.920952997522264,10597,3.5918746419819203,163533,174605,-11072,-3.752876855338664,55.429842014459695,59.18271886979836,250261,252824,-2563,-0.8687340480701766,84.82647350920425,85.69520755727441,44766,42203,2563,0.8687340480701766,15.173526490795759,14.304792442725581,15933.62,2023-11-27,2023-11-27,15961.98,0.001779884294968781,2023-11-28,2023-11-28,16010.43,0.00482062456616883,2023-11-29,2023-11-29,15987.6,0.0033878051566436085,2023-11-30,2023-11-30,15947.87,0.0008943353738823934,2023-12-01,2023-12-01,15997.58,0.004014153720246716,0.001779884294968781,0.0030353377212601895,-0.0014259454618020806,-0.0024850509144587196,0.0031170306755696764,0.0022302997497805066,0.007661674615034864,1.32224647475702,4062.0,1.198994328944469,-0.12325214581254684,-3.0412955714015752,-9046.0,-0.3467509652605898,2.6945446061409797,-1.718697871923955,-4983.0,-0.4196296525206975,1.299068219403253,1.718697871923955,4983.0,0.4196296525206922,-1.299068219403262,0.00482062456616883,-0.0035089326844748303,0.02639889742569479,0.05511804599331471,0.10119985288967581,0.17448520800671785,0.29817266885993265,20.0,NASDAQ-100 Index x $20,318672.4,24261167156.800003,21549583705.2,2711583451.6000004,1294447288.8000002,2267035453.6000004,52113453589.200005,55641794402.00001,-3528340812.8,-2882710530.4,-2407888654.4,79751273496.40001,80568030857.6,-816757361.2,-1587944569.2,-141171873.20000002,14265688658.400002,13448931297.2,816757361.2,1587944569.2,141171873.20000002
2023-11-28,NASDAQ-100 Consolidated - CHICAGO MERCANTILE EXCHANGE,304631,81194,69738,11456,3.760615301791347,26.653229645045972,22.892614343254625,11045,3.625697975583575,167170,177697,-10527,-3.4556561873217104,54.87622730450939,58.33188349183111,259409,258480,929,0.304959114469637,85.15515492513894,84.8501958106693,45223,46151,-928,-0.3046308484691315,14.845173340861567,15.149804189330698,16010.43,2023-12-04,2023-12-04,15839.67,-0.010665547396291108,2023-12-05,2023-12-05,15877.71,-0.008289596219464457,2023-12-06,2023-12-06,15788.05,-0.013889695654645151,2023-12-07,2023-12-07,16022.49,0.0007532589693093339,2023-12-08,2023-12-08,16084.69,0.00463822645612888,-0.010665547396291108,0.0024015651841231556,-0.005646910039294073,0.01484920557003555,0.003882043302882332,0.01546875660919711,0.00482062456616883,0.8764724945228597,2947.0,0.8481338402552261,-0.02833865426763893,0.29722066801695357,545.0,-0.5536147099503026,-0.8508353779672504,1.1736931625398137,3492.0,0.328681415934696,-0.8450117466051097,-1.1733648965393082,-3491.0,-0.3283531499341912,0.8450117466051168,-0.008289596219464457,0.02147475114659625,0.05005611966699197,0.054216595057097194,0.12245898454944681,0.17857165610167858,0.3068293606105521,20.0,NASDAQ-100 Index x $20,320208.6,25999017068.399998,22330707346.8,3668309721.6,943654744.1999999,2146678454.3999999,53529271661.99999,56900107594.2,-3370835932.2,174513687.0,-1508182506.0,83064992717.4,82767518928.0,297473789.4,1118168431.1999998,638495948.4,14480793517.8,14777947098.599998,-297153580.79999995,-1117848222.6,-638175739.8
2023-12-05,NASDAQ-100 Consolidated - CHICAGO MERCANTILE EXCHANGE,288233,75992,64666,11326,3.929459846721229,26.36478127070807,22.435321423986842,11687,4.054705741535494,156396,169275,-12879,-4.468260053498385,54.26026860213785,58.72852865563624,244074,245627,-1553,-0.5388002067771559,84.67940867284453,85.2182088796217,44159,42606,1553,0.5388002067771559,15.32059132715546,14.781791120378305,15877.71,2023-12-11,2023-12-11,16221.73,0.02166685246172162,2023-12-12,2023-12-12,16354.25,0.030013144212861942,2023-12-13,2023-12-13,16562.369,0.04312076489619732,2023-12-14,2023-12-14,16537.83,0.04157526494689745,2023-12-15,2023-12-15,16623.449,0.04696766725176382,0.02166685246172162,0.008169288972261324,0.012725682926456372,-0.0014816117187098632,0.005177160485988708,0.02476425140845029,-0.008289596219464457,0.1688445449298821,-130.0,-0.28844837433790005,-0.4572929192677826,-1.0126038661766747,-2352.0,-0.6159587023715432,0.3966451638051325,-0.8437593212467929,-2482.0,-0.4757462522944138,0.3680130689523935,0.8434310552462874,2481.0,0.475417986293893,-0.3680130689523935,0.030013144212861942,0.05883342119235069,0.06302867353037689,0.04196001816382844,0.12723239056513824,0.17490746461548934,0.3370517536848827,20.0,NASDAQ-100 Index x $20,317554.19999999995,24131578766.399998,20534959897.199997,3596618869.1999993,-41282045.99999999,-2571553911.5999994,49664206663.19999,53753987204.99999,-4089780541.799999,-746887478.3999999,-1357861759.1999998,77506723810.79999,77999885483.4,-493161672.5999999,-788169524.3999999,-3929733224.9999995,14022875917.799997,13529714245.199999,493161672.5999999,787851970.1999999,3929733224.9999995
2023-12-12,NASDAQ-100 Consolidated - CHICAGO MERCANTILE EXCHANGE,348789,72476,58376,14100,4.0425586816097985,20.77932503605332,16.736766354443517,16427,4.7097242172201526,212861,223330,-10469,-3.0015281445229065,61.02858748412364,64.03011562864654,301763,298133,3630,1.0407438307974162,86.51735003110763,85.47660620031021,47026,50656,-3630,-1.0407438307974162,13.482649968892368,14.523393799689785,16354.25,2023-12-18,2023-12-18,16729.801,0.02296351101395655,2023-12-19,2023-12-19,16811.85,0.027980494366907527,2023-12-20,2023-12-20,16554.16,0.012223733891801869,2023-12-21,2023-12-21,16757.41,0.024651696042313098,2023-12-22,2023-12-22,16777.4,0.02587400828530817,0.02296351101395655,0.0049043619825484,-0.015327878847360532,0.01227788060523749,0.0011929051088443998,0.002845162354292219,0.030013144212861942,0.11309883488856931,2774.0,-5.585456234654753,-5.698555069543325,1.4667319089754787,2410.0,6.768318881985792,5.301586973010302,1.5795440375745722,5183.0,1.8379413582630946,0.2583973206885162,-1.5795440375745722,-5183.0,-1.8379413582630928,-0.2583973206885197,0.027980494366907527,0.03205350291208697,0.01159875873243954,0.01983881865570125,0.11402901386489761,0.1746292248192367,0.3065826925722672,20.0,NASDAQ-100 Index x $20,327085.0,23705812460.0,19093913960.0,4611898500.0,907333790.0,3157351505.0,69623640185.0,73047893050.0,-3424252865.0,788274850.0,-2761578655.0,98702150855.0,97514832305.0,1187318550.0,1695281555.0,395772850.0,15381499210.0,16568817760.0,-1187318550.0,-1695281555.0,-395772850.0
2023-12-19,NASDAQ-100 Consolidated - CHICAGO MERCANTILE EXCHANGE,283394,72084,48466,23618,8.333980253639808,25.43596547562757,17.10198522198776,6193,2.1852967952744233,162938,188576,-25638,-9.046768809501964,57.49521867082578,66.54198748032775,241215,243235,-2020,-0.7127885558621566,85.11648094172777,85.82926949758993,42179,40159,2020,0.7127885558621566,14.88351905827223,14.170730502410073,16811.85,2023-12-25,2023-12-26,16878.461,0.003962145748385826,2023-12-26,2023-12-26,16878.461,0.003962145748385826,2023-12-27,2023-12-27,16906.801,0.005647861478659477,2023-12-28,2023-12-28,16898.471,0.005152377638392158,2023-12-29,2023-12-29,16825.93,0.0008375044983153224,0.003962145748385826,0.0,0.0016790630377971905,-0.0004927011325204234,-0.0042927552439507854,-0.0031123098249300485,0.027980494366907527,4.29142157203001,9518.0,4.65664043957425,0.36521886754424315,-6.045240664979058,-15169.0,-3.5333688132978622,2.5118718516812066,-1.7535323866595727,-5650.0,-1.400869089379853,0.3526632972797188,1.7535323866595727,5650.0,1.4008690893798619,-0.3526632972797117,0.003962145748385826,-0.01593584287273564,-0.00792006828516778,0.0011218872402503077,0.07258862052659287,0.18421583585387702,0.308665019019323,20.0,NASDAQ-100 Index x $20,336237.0,24237307908.0,16296062442.0,7941245466.0,3200303766.0,5080204833.0,54785784306.0,63406228512.0,-8620444206.0,-5100379053.0,-4897628142.0,81105407955.0,81784606695.0,-679198740.0,-1899739050.0,182576691.0,14182140423.0,13502941683.0,679198740.0,1899739050.0,-182576691.0
2023-12-26,NASDAQ-100 Consolidated - CHICAGO MERCANTILE EXCHANGE,286224,78604,49858,28746,10.04318296159651,27.462407065794626,17.41922410419811,8021,2.802350606517972,155962,189210,-33248,-11.616076918776901,54.489490748504664,66.10556766728158,242587,247090,-4503,-1.5732433338923362,84.75424842081726,86.3274917547096,43637,39135,4502,1.57289395718039,15.245751579182738,13.672857622002349,16878.461,2024-01-01,2024-01-02,16543.939,-0.019819461027874574,2024-01-02,2024-01-02,16543.939,-0.019819461027874574,2024-01-03,2024-01-03,16368.49,-0.030214306861271245,2024-01-04,2024-01-04,16282.01,-0.03533799675219196,2024-01-05,2024-01-05,16305.98,-0.033917843575904216,-0.019819461027874574,0.0,-0.010605031848823887,-0.0052833217969403545,0.001472176960952476,-0.014383454871297552,0.003962145748385826,1.7092027079567025,5128.0,2.0264415901670567,0.3172388822103507,-2.569308109274937,-7610.0,-3.005727922321114,-0.4364198130461716,-0.8604547780301796,-2483.0,-0.36223252091050995,0.4982222571196644,0.8601054013182333,2482.0,0.36223252091050817,-0.4978728804077246,-0.019819461027874574,-0.011835320767693114,-0.002829049402075179,0.031149166976775833,0.07892176899303793,0.16723503404723927,0.2914477214480635,20.0,NASDAQ-100 Index x $20,337569.22,26534290968.879997,16830526170.759998,9703764798.119999,1731054960.1599998,5836571813.799999,52647970689.64,63871472116.2,-11223501426.56,-2568901764.2,-7669910247.619999,81889904372.14,83409978569.79999,-1520074197.6599998,-838184373.2599999,-1833676003.04,14730508053.14,13210771424.699999,1519736628.4399998,837846804.04,1833000864.6
2024-01-02,NASDAQ-100 Consolidated - CHICAGO MERCANTILE EXCHANGE,281637,78330,40250,38080,13.520950727354716,27.81239680865795,14.291446081303238,10159,3.607125484222599,148550,196077,-47527,-16.875268519406188,52.74520038205207,69.62046890145827,237040,246486,-9446,-3.353962725068084,84.16507774191602,87.5190404669841,44597,35151,9446,3.353962725068084,15.834922258083989,12.480959533015904,16543.939,2024-01-08,2024-01-08,16649.869,0.006402949140467795,2024-01-09,2024-01-09,16678.699,0.00814558129113041,2024-01-10,2024-01-10,16793.051,0.015057599039745018,2024-01-11,2024-01-11,16820.9,0.0167409345501095,2024-01-12,2024-01-12,16832.92,0.01746748461778047,0.006402949140467795,0.0017315451551001004,0.006856170256444916,0.001658364522325373,0.0007145872099587613,0.010994140554499321,-0.019819461027874574,3.4777677657582053,9334.0,0.3499897428633254,-3.127778022894873,-5.259191600629286,-14279.0,-1.7442903664525957,3.5149012341766905,-1.7807193911757477,-4943.0,-0.5891706789012403,1.1915487122744963,1.781068767887694,4944.0,0.589170678901251,-1.191898088986445,0.00814558129113041,0.017333961398189546,0.051999224610293826,0.05638149415323657,0.09537269207774512,0.20962069553085283,0.2700826568569916,20.0,NASDAQ-100 Index x $20,330878.77999999997,25917734837.399998,13317870894.999998,12599863942.4,3088422532.5199995,8852330880.119999,49152042768.99999,64877718546.06,-15725675777.06,-4724618099.62,-11464287969.439999,78431506011.2,81556986967.07999,-3125480955.8799996,-1635533809.54,-2611626210.54,14756200951.659998,11630719995.779999,3125480955.8799996,1635864688.32,2611626210.54
2024-01-09,NASDAQ-100 Consolidated - CHICAGO MERCANTILE EXCHANGE,287400,78944,43110,35834,12.468336812804454,27.468336812804456,15.0,11114,3.8670842032011135,151236,193356,-42120,-14.65553235908142,52.62212943632568,67.2776617954071,241294,247580,-6286,-2.187195546276966,83.95755045233125,86.1447459986082,46106,39820,6286,2.187195546276966,16.042449547668756,13.85525400139179,16678.699,2024-01-15,2024-01-16,16830.711,0.009114140137668869,2024-01-16,2024-01-16,16830.711,0.009114140137668869,2024-01-17,2024-01-17,16736.279,0.003452307641021557,2024-01-18,2024-01-18,16982.289,0.018202259061093518,2024-01-19,2024-01-19,17314.0,0.03809056090046359,0.009114140137668869,0.0,-0.0056106958285957464,0.014699205241499813,0.019532761455184344,0.028714710863967596,0.00814558129113041,-1.0526139145502622,-2246.0,-0.34405999585349534,0.7085539186967615,2.219736160324768,5407.0,-0.12307094572638988,-2.3428071060511684,1.166767178791118,3160.0,-0.20752728958477462,-1.3742944683758935,-1.166767178791118,-3160.0,0.20752728958476752,1.3742944683758864,0.009114140137668869,0.04349931610373203,0.04784617793030499,0.05360316173341806,0.08940751313996387,0.22629588794665567,0.26946586181572085,20.0,NASDAQ-100 Index x $20,333573.98,26333664277.12,14380374277.8,11953289999.32,-749207159.0799999,7249896881.32,50448394439.28,64498530476.88,-14050136037.599998,1803634509.86,-10557950040.98,80489399930.12,82586245968.4,-2096846038.28,1054093776.8,-3307719585.68,15379761921.88,13282915883.599998,2096846038.28,-1054093776.8,3307719585.68
2024-01-16,NASDAQ-100 Consolidated - CHICAGO MERCANTILE EXCHANGE,284650,78680,42510,36170,12.70683295274899,27.640962585631478,14.934129632882486,13296,4.670999473037063,150585,188795,-38210,-13.423502546987528,52.90180923941683,66.32531178640436,242561,244601,-2040,-0.7166695942385386,85.21377129808538,85.93044089232392,42089,40049,2040,0.7166695942385386,14.786228701914633,14.069559107676094,16830.711,2024-01-22,2024-01-22,17330.381,0.029687991196569286,2024-01-23,2024-01-23,17404.211,0.03407461514846277,2024-01-24,2024-01-24,17499.301,0.03972440617630468,2024-01-25,2024-01-25,17516.99,0.040775401585827487,2024-01-26,2024-01-26,17421.01,0.0350727310331691,0.029687991196569286,0.0042601486949420675,0.005463620269830161,0.0010108403758528617,-0.005479251857767986,0.005229486876254796,0.009114140137668869,0.23849613994453556,336.0,0.17262577282702196,-0.0658703671175136,1.2320298120938915,3910.0,0.2796798030911489,-0.9523500090027426,1.4705259520384273,4246.0,1.2562208457541288,-0.21430510628428578,-1.4705259520384273,-4246.0,-1.2562208457541235,0.21430510628430355,0.03407461514846277,0.03838221688911414,0.04408720463443294,0.04573241142337947,0.05246058826629496,0.2119879546383987,0.23330559237812354,20.0,NASDAQ-100 Index x $20,336614.22,26484806829.6,14309470492.199999,12175336337.4,113102377.91999999,4225181689.4399996,50689052318.7,63551081664.899994,-12862029346.199999,1316161600.1999998,-4231913973.8399997,81649481817.42,82336174826.21999,-686693008.8,1429263978.12,-6732284.399999999,14167755905.579998,13481062896.779999,686693008.8,-1429263978.12,6732284.399999999
2024-01-23,NASDAQ-100 Consolidated - CHICAGO MERCANTILE EXCHANGE,302456,84375,50737,33638,11.121617689845795,27.896619673605414,16.775001983759623,16394,5.420292538418811,158063,195929,-37866,-12.519506969608802,52.25983283518924,64.77933980479806,258831,263060,-4229,-1.398219906366546,85.57641442060994,86.97463432697648,43625,39396,4229,1.398219906366546,14.42358557939006,13.025365673023515,17404.211,2024-01-29,2024-01-29,17596.27,0.011035202917271114,2024-01-30,2024-01-30,17476.711,0.004165658529421412,2024-01-31,2024-01-31,17137.24,-0.015339448596664251,2024-02-01,2024-02-01,17344.711,-0.0034187128620768448,2024-02-02,2024-02-02,17642.73,0.013704671817642344,0.011035202917271114,-0.006794564984511031,-0.019424192572618404,0.012106441877455021,0.017182125432934514,0.002640332297697112,0.03407461514846277,-1.5852152629031941,-2532.0,0.2556570879739368,1.8408723508771363,0.9039955773787263,344.0,-0.6419764042275844,-1.5459719816063,-0.6815503121280073,-2189.0,0.36264312252455966,1.0441934346525699,0.6815503121280073,2189.0,-0.3626431225245721,-1.0441934346525787,0.004165658529421412,0.00968265668578705,0.011273650957230874,0.008152567214911421,0.003864581968122671,0.1350322057115947,0.23915470801865135,20.0,NASDAQ-100 Index x $20,348084.22,29369606062.499996,17660749070.14,11708856992.359999,-881349245.04,1702828004.2399998,55019236065.85999,68199793140.38,-13180557074.519999,119740971.67999999,-1607452927.9599998,90094986746.81999,91567034913.2,-1472048166.3799999,-761956357.5799999,95375076.27999999,15185174097.499998,13713125931.119999,1472048166.3799999,761956357.5799999,-95026992.05999999
2024-01-30,NASDAQ-100 Consolidated - CHICAGO MERCANTILE EXCHANGE,309275,86972,47661,39311,12.710694365855629,28.121251313555895,15.410556947700266,20129,6.5084471748443935,156557,204268,-47711,-15.42672378950772,50.620645056988124,66.04736884649583,263657,272058,-8401,-2.7163527604882387,85.25002020855226,87.96637296904049,45618,37217,8401,2.7163527604882387,14.749979791447739,12.033627030959503,17476.711,2024-02-05,2024-02-05,17613.039,0.007800552403710359,2024-02-06,2024-02-06,17572.73,0.0054941115636688576,2024-02-07,2024-02-07,17755.07,0.015927424788336975,2024-02-08,2024-02-08,17783.17,0.017535278806178,2024-02-09,2024-02-09,17962.41,0.027791213117845937,0.007800552403710359,-0.0022885885848547005,0.010376304649306167,0.0015826465342010376,0.010079192854817398,0.019835929506543337,0.004165658529421412,1.5890766760098334,5673.0,0.22463163995048063,-1.3644450360593563,-2.9072168198989186,-9845.0,-1.6391877782011193,1.2680290416977726,-1.3181328541216928,-4172.0,-0.3263942120576786,0.9917386420640071,1.3181328541216928,4172.0,0.3263942120576786,-0.9917386420640124,0.0054941115636688576,0.0070785057897906345,0.003970369481992364,0.028285642533083077,-0.0020611429690632344,0.07550385195475284,0.2280937185492169,20.0,NASDAQ-100 Index x $20,349534.22,30399690181.839996,16659150459.419998,13740539722.419998,1982907630.06,430276624.82,54722028880.53999,71398656050.95999,-16676627170.419998,-3441164395.8999996,-64314296.48,92157143842.54,95093580824.76,-2936436982.22,-1458256765.84,365263259.9,15945052047.96,13008615065.74,2936436982.22,1458256765.84,-365263259.9
2024-02-06,NASDAQ-100 Consolidated - CHICAGO MERCANTILE EXCHANGE,301342,83742,50668,33074,10.975569286724054,27.789687464741057,16.814118178017004,24718,8.20264018955207,149892,188404,-38512,-12.78016340238002,49.741489735914676,62.521653138294695,258352,263790,-5438,-1.8045941156559657,85.7338173902078,87.53841150586376,42990,37552,5438,1.8045941156559657,14.266182609792196,12.46158849413623,17572.73,2024-02-12,2024-02-12,17882.66,0.01763698639881217,2024-02-13,2024-02-13,17600.42,0.0015757369515152497,2024-02-14,2024-02-14,17807.631,0.013367359539468326,2024-02-15,2024-02-15,17845.721,0.015534922576059707,2024-02-16,2024-02-16,17685.98,0.006444644628353036,0.01763698639881217,-0.015782886885955527,0.011773071324434392,0.0021389706469097103,-0.008951221416047095,-0.01099836377809571,0.0054941115636688576,-1.7351250791315742,-6237.0,-0.331563848814838,1.403561230316738,2.6465603871276997,9199.0,-0.8791553210734477,-3.5257157082011332,0.911758644832273,2963.0,0.48379718165554664,-0.4279614631767288,-0.911758644832273,-2963.0,-0.4837971816555431,0.427961463176727,0.0015757369515152497,-0.001515416215920995,0.02266699596477051,0.018502475141881636,0.02951840721390475,0.0287485211461167,0.22729479141829412,20.0,NASDAQ-100 Index x $20,351454.6,29431511113.199997,17807501672.8,11624009440.4,-2192022340.2,-970014695.9999999,52680232903.2,66215452458.399994,-13535219555.199999,3233030865.3999996,1268048196.8,90798998819.2,92710208934.0,-1911210114.8,1041359979.8,298033500.79999995,15109033253.999998,13197823139.199999,1911210114.8,-1041359979.8,-298033500.79999995
2024-02-13,NASDAQ-100 Consolidated - CHICAGO MERCANTILE EXCHANGE,312885,88518,55105,33413,10.679003467727759,28.290905604295506,17.611902136567746,24413,7.802547261773494,155460,192873,-37413,-11.957428448151877,49.68598686418332,61.6434153123352,268391,272390,-3999,-1.2781053741790114,85.77943973025232,87.05754510443134,44494,40495,3999,1.2781053741790114,14.22056026974767,12.942454895568659,17600.42,2024-02-19,2024-02-20,17546.1,-0.0030862899862617033,2024-02-20,2024-02-20,17546.1,-0.0030862899862617033,2024-02-21,2024-02-21,17478.91,-0.006903812522655595,2024-02-22,2024-02-22,18004.699,0.02296984958313497,2024-02-23,2024-02-23,17937.609,0.01915800872933726,-0.0030862899862617033,0.0,-0.003829340993155128,0.030081338023938642,-0.0037262494640982746,0.022313163609007258,0.0015757369515152497,-0.29656581899629586,339.0,0.5012181395544495,0.7977839585507418,0.8227349542281441,1099.0,-0.05550287173135615,-0.878237825959495,0.5264887414769543,1439.0,0.04562234004451682,-0.4808664014324222,-0.5264887414769543,-1439.0,-0.0456223400445257,0.4808664014324293,-0.0030862899862617033,0.02105807702316209,0.016900108065603048,0.03515194523767051,0.04104163423372875,0.0798850254709833,0.23255695034550317,20.0,NASDAQ-100 Index x $20,352008.39999999997,31159079551.199997,19397422881.999996,11761656669.199999,119330847.6,-970487158.8,54723225863.99999,67892916133.2,-13169690269.199999,386857231.59999996,280550694.79999995,94475886484.4,95883568075.99998,-1407681591.6,506540087.59999996,-689584455.5999999,15662261749.599998,14254580157.999998,1407681591.6,-506540087.59999996,689584455.5999999
2024-02-20,NASDAQ-100 Consolidated - CHICAGO MERCANTILE EXCHANGE,304972,82979,56750,26229,8.600461681728158,27.20872735857718,18.608265676849022,26897,8.819498183439793,148924,181521,-32597,-10.688522224991146,48.832023923507734,59.52054614849887,258800,265169,-6369,-2.088388442217646,84.8602494655247,86.94863790774235,46172,39804,6368,2.088060543262988,15.139750534475297,13.051689991212308,17546.1,2024-02-26,2024-02-26,17933.33,0.022069291751443565,2024-02-27,2024-02-27,17971.051,0.02421911421911438,2024-02-28,2024-02-28,17874.5,0.018716409914454113,2024-02-29,2024-02-29,18043.85,0.02836812739013239,2024-03-01,2024-03-01,18302.91,0.04313266195906795,0.022069291751443565,0.0021034018779555463,-0.00537258505359528,0.00947439089205293,0.014357246374803623,0.02060855401645978,-0.0030862899862617033,-2.078541785999601,-7184.0,-1.0821782457183282,0.9963635402812763,1.2689062231607302,4816.0,-0.8539629406755864,-2.1228691638363273,-0.8102830680386348,-2370.0,-0.919190264727618,-0.10890719668898896,0.8099551690839766,2369.0,0.9191902647276269,0.10923509564364942,0.02421911421911438,0.020048272835558878,0.03835661486028252,0.027704105185767824,0.0665504585064487,0.12388621972974057,0.26322139962726765,20.0,NASDAQ-100 Index x $20,350922.0,29119156638.0,19914823500.0,9204333138.0,-2521023648.0,-2599981098.0,52260707928.0,63699712362.0,-11439004434.0,1690040352.0,1849008018.0,90818613600.0,93053635818.0,-2235022218.0,-831685140.0,-750973080.0,16202770584.0,13968099288.0,2234671296.0,831334218.0,750622158.0
2024-02-27,NASDAQ-100 Consolidated - CHICAGO MERCANTILE EXCHANGE,307552,79907,67827,12080,3.927791072729164,25.98162261991468,22.053831547185517,31265,10.165760586827593,153785,171709,-17924,-5.82795754864218,50.00292633440849,55.830883883050674,264957,270800,-5843,-1.8998413276454063,86.15030954115076,88.05015086879618,42596,36752,5844,1.9001664759130164,13.850015607116845,11.94984913120383,17971.051,2024-03-04,2024-03-04,18226.48,0.014213359029474626,2024-03-05,2024-03-05,17897.869,-0.004072215921038791,2024-03-06,2024-03-06,18017.57,0.002588551999546329,2024-03-07,2024-03-07,18297.99,0.018192536429839423,2024-03-08,2024-03-08,18018.449,0.0026374639969581892,0.014213359029474626,-0.018029317783795906,0.006688002912525581,0.01556369699132576,-0.01527714246209566,-0.011413668464783089,0.02421911421911438,-4.672670608998994,-14149.0,-1.2271047386624971,3.4455658703364946,4.860564676348966,14673.0,1.1709024109007586,-3.6896622654481988,0.18854711457223994,526.0,1.2900600756260587,1.1015129610538281,-0.1878940673499716,-524.0,-1.2897349273584524,-1.101840860008478,-0.004072215921038791,0.013803199378823239,0.0034025834103972308,0.013326321315319856,0.04999084360731043,0.08961462521028962,0.173401043711912,20.0,NASDAQ-100 Index x $20,359421.02,28720255445.140003,24378449523.54,4341805921.6,-5085448011.9800005,-9787393795.62,55273561560.700005,61715823923.18,-6442262362.4800005,5273784626.46,10706073922.74,95231115196.14,97331212216.0,-2100097019.8600001,189055456.52,919398969.1600001,15309897767.92,13209441327.04,2100456440.88,-188336614.48000002,-919039548.1400001
2024-03-05,NASDAQ-100 Consolidated - CHICAGO MERCANTILE EXCHANGE,309873,69488,69335,153,0.049375066559526,22.42467075221139,22.375295685651864,32889,10.613703033178108,161680,172013,-10333,-3.3345919134613213,52.17621412643244,55.510806039893765,264056,274236,-10180,-3.285216846901795,85.2142651989686,88.49948204587041,45816,35637,10179,3.2848941340484648,14.78541208817806,11.500517954129595,17897.869,2024-03-11,2024-03-11,17951.689,0.0030070619021740352,2024-03-12,2024-03-12,18219.109,0.01794850548967597,2024-03-13,2024-03-13,18068.471,0.00953197277284823,2024-03-14,2024-03-14,18014.811,0.006533850482423498,2024-03-15,2024-03-15,17808.25,-0.005007244158508395,0.0030070619021740352,0.014896648443497584,-0.008268132102398629,-0.002969814103252033,-0.01146617635899716,-0.007990278797721961,-0.004072215921038791,-3.878416006169638,-11927.0,-3.5569518677032903,0.3214641384663466,2.493365635180859,7591.0,2.173287792023949,-0.3200778431569091,-1.3853755192563888,-4337.0,-0.9360443421821572,0.4493311770742281,1.3847276581354484,4335.0,0.9353964810612148,-0.4493311770742352,0.01794850548967597,0.0075053627892796015,0.017469677535353556,0.012510427917424183,0.04229391778429048,0.05927359285063516,0.1371481711034983,20.0,NASDAQ-100 Index x $20,357957.38,24873742421.44,24818974942.3,54767479.14,-4269357671.26,-11784314906.98,57874549198.4,61573322805.94,-3698773607.54,2717254471.58,10086881011.02,94520793933.28,98164800061.68001,-3644006128.4,-1552461157.06,-1697433895.96,16400175322.08,12756527151.06,3643648171.02,1551745242.3,1697075938.58
2024-03-12,NASDAQ-100 Consolidated - CHICAGO MERCANTILE EXCHANGE,353521,73204,71077,2127,0.6016615703168977,20.707114994583065,20.105453424266166,42524,12.02870550830078,189424,197956,-8532,-2.413435128323353,53.58210686211004,55.99554199043338,305152,311558,-6406,-1.8120564266337784,86.31792736499388,88.12998379162765,48369,41963,6406,1.8120564266337784,13.682072635006124,11.870016208372345,18219.109,2024-03-18,2024-03-18,17985.01,-0.012849091577420313,2024-03-19,2024-03-19,18032.199,-0.010259008824196614,2024-03-20,2024-03-20,18240.109,0.0011526359494309357,2024-03-21,2024-03-21,18320.381,0.005558559422417453,2024-03-22,2024-03-22,18339.439,0.006604603990238989,-0.012849091577420313,0.0026237961502386664,0.011529930431668278,0.0044008508940380775,0.0010402622085206037,0.019706911477947564,0.01794850548967597,0.5522865037573718,1974.0,-1.7175557576283254,-2.2698422613856977,0.9211567851379683,1801.0,1.4058927356775968,0.4847359505396156,1.4731604202680166,3774.0,1.1036621660252735,-0.36949825424275673,-1.4728377074146863,-3773.0,-1.1033394531719356,0.3694982542427496,-0.010259008824196614,-0.0004703852422200949,-0.005342193188481503,-0.002700955354073553,0.054397336335163304,0.033483086357296576,0.06355151615811727,20.0,NASDAQ-100 Index x $20,364382.18,26674233104.72,25899192207.86,775040896.86,719290423.3199999,-11400060883.48,69022730064.31999,72131638824.08,-3108908759.7599998,656252306.18,10523721740.58,111191950991.36,113526183236.44,-2334232245.08,1375178347.32,-877067907.26,17624801664.42,15290569419.34,2334232245.08,-1374813965.1399999,877067907.26
2024-03-19,NASDAQ-100 Consolidated - CHICAGO MERCANTILE EXCHANGE,255935,68511,57818,10693,4.178013948854201,26.768906167581612,22.59089221872741,4796,1.873913298298396,139386,156871,-17485,-6.831812764959853,54.4614843612636,61.29329712622346,212693,219485,-6792,-2.6537988161056516,83.10430382714361,85.75810264324927,43242,36450,6792,2.6537988161056516,16.89569617285639,14.241897356750737,18032.199,2024-03-25,2024-03-25,18277.061,0.01357915360184303,2024-03-26,2024-03-26,18210.539,0.009890086062160242,2024-03-27,2024-03-27,18280.84,0.013788723161273886,2024-03-28,2024-03-28,18254.689,0.012338484063979083,2024-03-29,2024-04-01,18293.199,0.014474108232723104,0.01357915360184303,-0.0036396442513377814,0.003860456848641336,-0.0014305141339239213,0.002109594964888384,0.0008829647173580479,-0.010259008824196614,3.5763523785373037,8566.0,6.0617911729985465,2.4854387944612455,-4.4183776366364995,-8953.0,0.8793774991535628,5.2977551357900765,-0.8417423894718732,-386.0,-3.2136235378502676,-2.371881148378378,0.8417423894718732,386.0,3.2136235378502658,2.3718811483783924,0.009890086062160242,0.00496778013596666,0.007636395317065947,-0.017665011349974558,0.10407272013801538,0.07765004146194276,0.08047604177394008,20.0,NASDAQ-100 Index x $20,360643.98,24708079713.78,20851713635.64,3856366078.14,3089276332.68,-5602964873.28,50268721796.28,56574581786.579994,-6305859990.299999,-3228845552.94,5450051825.759999,76706450038.14,79155943950.3,-2449493912.16,-139208576.28,-152552403.54,15594966983.16,13145473071.0,2449493912.16,139208576.28,152913047.51999998
2024-03-26,NASDAQ-100 Consolidated - CHICAGO MERCANTILE EXCHANGE,260574,64886,72155,-7269,-2.7896106288424782,24.901179703270472,27.690790332112954,3782,1.4514111154604834,147816,149236,-1420,-0.5449507625472993,56.72707177231804,57.27202253486534,216483,225173,-8690,-3.334945159532417,83.07927882290636,86.41422398243877,44091,35402,8689,3.334561391389778,16.920721177093647,13.586159785703869,18210.539,2024-04-01,2024-04-01,18293.199,0.004539129786328644,2024-04-02,2024-04-02,18121.779,-0.004874100651276803,2024-04-03,2024-04-03,18160.189,-0.0027648824672351635,2024-04-04,2024-04-04,17878.779,-0.018218021992649547,2024-04-05,2024-04-05,18108.461,-0.005605435401994541,0.004539129786328644,-0.009370695633934889,0.002119549079590888,-0.015495984100165505,0.012846626718748588,-0.010098725761415572,0.009890086062160242,-6.96762457769668,-17962.0,-1.86772646431114,5.099898113385542,6.286862002412554,16065.0,2.2655874110544403,-4.0212745913581145,-0.6811463434267653,-1898.0,-0.02502500423724996,0.6561213391894967,0.6807625752841262,1897.0,0.025025004237257065,-0.6557375710468687,-0.004874100651276803,-0.002231619832888998,-0.027285244000740505,-0.040584630691052004,0.08185326090567657,0.09523611574594248,0.11407081360963556,20.0,NASDAQ-100 Index x $20,364210.78,23632180671.08,26279628830.9,-2647448159.82,-6541954030.360001,-7047114382.22,53836180656.48,54353359964.08,-517179307.6,5851046180.700001,6010934713.120001,78845442286.74,82010433964.94,-3164991678.2000003,-691272060.44,-1036908090.6600001,16058417500.980001,12893790033.560001,3164627467.42,690907849.6600001,1036179669.1
2024-04-02,NASDAQ-100 Consolidated - CHICAGO MERCANTILE EXCHANGE,266623,64284,71106,-6822,-2.55866898204581,24.11044808587406,26.669117067919874,6394,2.398142695866448,149656,151423,-1767,-0.662733522614328,56.13019131882846,56.79292484144278,220333,228923,-8590,-3.2217775660764447,82.63840703915267,85.86018460522911,46290,37700,8590,3.2217775660764447,17.36159296084734,14.139815394770894,18121.779,2024-04-08,2024-04-08,18100.189,-0.001191384135078577,2024-04-09,2024-04-09,18169.9,0.002655423620385289,2024-04-10,2024-04-10,18011.66,-0.00607661091110312,2024-04-11,2024-04-11,18307.98,0.010274984591744696,2024-04-12,2024-04-12,18003.49,-0.00652744965050045,-0.001191384135078577,0.0038513962478514685,-0.008708908689646133,0.016451565263834622,-0.016631545369833134,-0.005342430402245912,-0.004874100651276803,0.2309416467966683,447.0,-0.7907316173964105,-1.0216732641930797,-0.1177827600670287,-347.0,-0.5968804534895824,-0.4790976934225597,0.11316759345597216,100.0,-0.4408717837536926,-0.5540393772096621,-0.11278382531333309,-99.0,0.4408717837536926,0.5536556090670253,0.002655423620385289,-0.02252091254396149,-0.03588543928275456,-0.03758405838632073,0.10430057667075632,0.09113465074262317,0.07254480920443851,20.0,NASDAQ-100 Index x $20,362435.57999999996,23298808824.719997,25771344351.479996,-2472535526.7599998,162008704.26,-2527988170.4999995,54240659160.479996,54881082830.34,-640423669.8599999,-125765146.25999999,3104623178.2799997,79856518648.13998,82969840280.34,-3113321632.2,36243557.99999999,576272572.1999999,16777142998.199999,13663821365.999998,3113321632.2,-35881122.419999994,-575910136.6199999
2024-04-09,NASDAQ-100 Consolidated - CHICAGO MERCANTILE EXCHANGE,267024,66179,58367,7812,2.925579723170951,24.783914554496974,21.858334831326022,6826,2.556324525136317,147614,162419,-14805,-5.5444454431062375,55.281173227874646,60.82561867098089,220620,227612,-6992,-2.618491221762838,82.62178680568039,85.24027802744322,46404,39412,6992,2.618491221762838,17.37821319431961,14.759721972556775,18169.9,2024-04-15,2024-04-15,17706.83,-0.025485555781814995,2024-04-16,2024-04-16,17713.66,-0.025109659381724825,2024-04-17,2024-04-17,17493.619,-0.03721985261338823,2024-04-18,2024-04-18,17394.311,-0.04268537526348526,2024-04-19,2024-04-19,17037.65,-0.06231459721847665,-0.025485555781814995,0.0003857268635887312,-0.012422108135755172,-0.005676812785278873,-0.020504462637238152,-0.037792196570475944,0.002655423620385289,5.4842487052167606,14634.0,0.6734664686229124,-4.810782236593852,-4.8817119204919095,-13038.0,-0.8490180909538125,4.032693829538104,0.6032863443136067,1598.0,-0.016620233472281143,-0.6199065777858834,-0.6032863443136067,-1598.0,0.016620233472270485,0.6199065777858817,-0.025109659381724825,-0.03843879162791208,-0.04013291212389736,-0.004317635209880155,0.1256539661748275,0.1066532562094451,-0.05941144420167421,20.0,NASDAQ-100 Index x $20,363398.0,24049316242.0,21210451066.0,2838865176.0,5317966332.0,2065917630.0,53642632372.0,59022739762.0,-5380107390.0,-4737983124.0,-2279595654.0,80172866760.0,82713745576.0,-2540878816.0,580710004.0,-212951228.0,16863120792.0,14322241976.0,2540878816.0,-580710004.0,212951228.0
2024-04-16,NASDAQ-100 Consolidated - CHICAGO MERCANTILE EXCHANGE,263134,65351,59192,6159,2.3406325294336727,24.835635075664868,22.495002546231195,7630,2.8996632894266803,141517,159836,-18319,-6.961852136173964,53.78134334597582,60.74319548214978,214498,226658,-12160,-4.621219606740292,81.51664171106736,86.13786131780766,48636,36476,12160,4.621219606740292,18.483358288932635,13.862138682192343,17713.66,2024-04-22,2024-04-22,17210.891,-0.028383123532911947,2024-04-23,2024-04-23,17471.471,-0.013672442623376413,2024-04-24,2024-04-24,17526.801,-0.010548864548602599,2024-04-25,2024-04-25,17430.5,-0.01598540335537657,2024-04-26,2024-04-26,17718.301,0.00026200119004204936,-0.028383123532911947,0.015140413125619201,0.0031668770191128903,-0.005494499538164388,0.016511345056079874,0.02948191351627294,-0.025109659381724825,-0.5849471937372783,-1653.0,0.05172052116789416,0.6366677149051725,-1.4174066930677265,-3514.0,-1.499829881898826,-0.08242318883110755,-2.0027283849774538,-5168.0,-1.1051450946130217,0.8975832903644374,2.0027283849774538,5168.0,1.1051450946130252,-0.8975832903644321,-0.013672442623376413,-0.015410197553752392,0.021327551731262773,0.03438645655386874,0.1515756201710996,0.13809511981149014,0.06303440395717197,20.0,NASDAQ-100 Index x $20,354273.2,23152107893.2,20970139254.4,2181968638.8,-585613599.6,-1606274688.8,50135680444.4,56625611195.200005,-6489930750.8,-1244916024.8,-295463848.8,75990892853.6,80298854965.6,-4307962112.0,-1830883897.6000001,-1901738537.6000001,17230431355.2,12922469243.2,4307962112.0,1830883897.6000001,1901738537.6000001
2024-04-23,NASDAQ-100 Consolidated - CHICAGO MERCANTILE EXCHANGE,263107,62829,58089,4740,1.8015484194643245,23.879638322051484,22.078089902587163,9689,3.6825322017278146,142258,160632,-18374,-6.983470603214662,54.06849684729027,61.05196745050493,214776,228410,-13634,-5.181922183750337,81.63066737106956,86.8125895548199,48331,34698,13633,5.181542110244121,18.369332628930437,13.187790518686313,17471.471,2024-04-29,2024-04-29,17782.721,0.017814756410607924,2024-04-30,2024-04-30,17440.689,-0.0017618436364060797,2024-05-01,2024-05-01,17318.551,-0.008752554378506638,2024-05-02,2024-05-02,17541.539,0.004010423621456871,2024-05-03,2024-05-03,17890.801,0.024000841142683305,0.017814756410607924,-0.01923395187946786,-0.007003049019450924,0.012875673028303725,0.019910567710164973,0.006077810026935637,-0.013672442623376413,-0.5390841099693482,-1419.0,-0.955996753613384,-0.41691264364403224,-0.02161846704069781,-55.0,0.2871535013144495,0.30877196835515264,-0.5607025770100451,-1474.0,0.11402566000219849,0.6747282370122321,0.5603225035038291,1473.0,-0.11402566000219849,-0.6743481635060302,-0.0017618436364060797,0.03548516321264539,0.0487250901770091,0.07110620508141507,0.130662667156074,0.16707179378313364,0.0460716215595125,20.0,NASDAQ-100 Index x $20,349429.42000000004,21954301029.180004,20298005578.38,1656295450.8000002,-495840346.9800001,4196297904.7800007,49709130430.36001,56129546593.44001,-6420416163.080001,-19218618.1,-5924226386.68,75049053109.92001,79813173822.20001,-4764120712.280001,-515058965.08000004,-1727579052.4800003,16888273298.020002,12124502015.160002,4763771282.860001,514709535.6600001,1727579052.4800003
2024-04-30,NASDAQ-100 Consolidated - CHICAGO MERCANTILE EXCHANGE,261962,61315,60780,535,0.20422809415106008,23.406066528733174,23.201838434582115,10763,4.108611172612822,140092,154992,-14900,-5.687847855795878,53.47798535665478,59.16583321245066,212170,226534,-14364,-5.4832380268893965,80.99266305800079,86.47590108489017,49792,35428,14364,5.4832380268893965,19.00733694199922,13.524098915109825,17440.689,2024-05-06,2024-05-06,18093.57,0.03743435824123709,2024-05-07,2024-05-07,18091.449,0.03731274607327739,2024-05-08,2024-05-08,18085.01,0.036943551943389386,2024-05-09,2024-05-09,18113.461,0.03857485217470491,2024-05-10,2024-05-10,18161.18,0.04131092527365188,0.03743435824123709,-0.00011722396409330482,-0.00035591400113954563,0.0015731813253074822,0.0026344495952486113,0.003736686568764469,-0.0017618436364060797,-1.5973203253132644,-4205.0,-0.47357179331831034,1.123748531994952,1.2956227474187836,3474.0,-0.5905114906354925,-1.8861342380542752,-0.3013158431390597,-730.0,-0.6380043130687767,-0.3366884699297259,0.30169591664527573,731.0,0.6380043130687838,0.3363083964235116,0.03731274607327739,0.050576040889210416,0.07299665741416539,0.08192050210860358,0.0777251976685096,0.17831640710983399,0.12065234349399856,20.0,NASDAQ-100 Index x $20,348813.77999999997,21387516920.699997,21200901548.399998,186615372.29999998,-1466761944.8999999,2566222979.4599996,48866020067.759995,54063345389.759995,-5197325322.0,1211779071.7199998,-4580971372.74,74007819702.59999,79018180838.51999,-5010361135.919999,-254634059.39999998,-2014050765.7199998,17368135733.76,12357774597.839998,5010361135.919999,254982873.17999998,2014050765.7199998
2024-05-07,NASDAQ-100 Consolidated - CHICAGO MERCANTILE EXCHANGE,242910,65707,60326,5381,2.2152237454201145,27.04993619035857,24.834712444938454,8148,3.3543287637396566,125015,135421,-10406,-4.2838911531019725,51.46556337738257,55.74945453048454,198870,203895,-5025,-2.0686674076818576,81.8698283314808,83.93849573916266,44041,39016,5025,2.0686674076818576,18.13058334362521,16.061915935943354,18091.449,2024-05-13,2024-05-13,18198.609,0.0059232403109337195,2024-05-14,2024-05-14,18322.77,0.012786206345329232,2024-05-15,2024-05-15,18596.65,0.027924850021687098,2024-05-16,2024-05-16,18557.961,0.02578632590457497,2024-05-17,2024-05-17,18546.23,0.025137898020219263,0.0059232403109337195,0.006822554405119696,0.014947521581071044,-0.0020804284642664816,-0.000632127635142643,0.019101514846546763,0.03731274607327739,2.0109956512690546,4846.0,3.643869661625395,1.632874010356339,1.4039567026939057,4494.0,-2.0124219792722045,-3.4163786819661155,3.414570619207539,9339.0,0.877165273480017,-2.5374053457275068,-3.414570619207539,-9339.0,-0.8767535983740089,2.537817020833529,0.012786206345329232,0.03440034018281235,0.043003188965129224,0.03114128669295635,-0.0007478118529921085,0.11806749144305684,0.09396157267447158,20.0,NASDAQ-100 Index x $20,361828.98,23774696788.86,21827695047.48,1947001741.3799999,1753423237.08,-879606250.38,45234049934.7,48999242300.579994,-3765192365.8799996,1626059436.12,1591685683.02,71956929252.59999,73775119877.09999,-1818190624.5,3379120844.22,711717603.66,15935310108.179998,14117119483.679998,1818190624.5,-3379120844.22,-711717603.66
2024-05-14,NASDAQ-100 Consolidated - CHICAGO MERCANTILE EXCHANGE,256748,68568,64269,4299,1.6744044744262856,26.7063424057831,25.03193793135682,9697,3.7768551264274697,134445,145213,-10768,-4.193995668904918,52.364575381307745,56.558571050212656,212710,219179,-6469,-2.519591194478633,82.84777291351831,85.36736410799695,44037,37569,6468,2.5192017075108666,17.151837599513918,14.632635892003055,18322.77,2024-05-20,2024-05-20,18674.189,0.019179359889361702,2024-05-21,2024-05-21,18713.801,0.021341260082400115,2024-05-22,2024-05-22,18705.199,0.020871789582033617,2024-05-23,2024-05-23,18623.391,0.016406962484384113,2024-05-24,2024-05-24,18808.35,0.026501451472675797,0.019179359889361702,0.0021212166161539425,-0.0004596607605263925,-0.004373543419666448,0.009931542542386484,0.007184301283445382,0.012786206345329232,-0.5408192709938289,-1082.0,-0.34359378457546796,0.19722548641836468,0.08989548419705429,-362.0,0.8990120039251721,0.8091165197281143,-0.45092378679677525,-1444.0,0.9779445820375088,1.4288683688342871,0.45053429982900894,1443.0,-0.9787457441112934,-1.4292800439402988,0.021341260082400115,0.029835499763408935,0.018123351436491353,0.048432087506419697,0.03731204397588361,0.14997836025884737,0.15690471473472622,20.0,NASDAQ-100 Index x $20,366455.4,25127113867.2,23551722102.600002,1575391764.6000001,-396504742.8,-681607044.0,49268096253.0,53214088000.200005,-3945991747.2000003,-132656854.80000001,2767104725.4,77948728134.0,80319328116.6,-2370599982.6000004,-529161597.6,2085497681.4,16137596449.800001,13767362922.6,2370233527.2000003,528795142.20000005,-2085864136.8000002
2024-05-21,NASDAQ-100 Consolidated - CHICAGO MERCANTILE EXCHANGE,258244,68390,62493,5897,2.2834993262186147,26.4827062777838,24.199206951565184,9360,3.624479174733972,133043,149583,-16540,-6.4047954647542635,51.51833150044144,57.923126965195706,210792,221436,-10644,-4.12168336921671,81.62512972227816,85.74681309149487,47452,36808,10644,4.12168336921671,18.374870277721843,14.253186908505135,18713.801,2024-05-27,2024-05-28,18869.439,0.008316749761312359,2024-05-28,2024-05-28,18869.439,0.008316749761312359,2024-05-29,2024-05-29,18736.75,0.0012263142052222342,2024-05-30,2024-05-30,18538.66,-0.009358921792531616,2024-05-31,2024-05-31,18536.65,-0.00946632915461687,0.008316749761312359,0.0,-0.007031952566263322,-0.010572271071557227,-0.00010842207581340801,-0.01763640137897038,0.021341260082400115,0.6090948517923291,1598.0,-0.2236361279992991,-0.8327309797916342,-2.2107997958493453,-5772.0,-0.8462438808663038,1.3645559149830504,-1.6020921747380767,-4175.0,-1.2226431912401523,0.3794489834979231,1.602481661705843,4176.0,1.2230326782079253,-0.37944898349791956,0.008316749761312359,-0.003150669391001837,0.026524755713710935,0.06385971508407096,0.05375813283469255,0.10531206354069922,0.14179738258411523,20.0,NASDAQ-100 Index x $20,374276.02,25596737007.800003,23389631317.86,2207105689.94,598093079.96,433037355.14000005,49794804528.86,55985329899.66,-6190525370.8,-2160321187.44,686422220.6800001,78894390807.84,82878184764.72,-3983793956.88,-1562602383.5,1119085299.8,17760145701.04,13776351744.16,3983793956.88,1562976659.52,-1118711023.78
2024-05-28,NASDAQ-100 Consolidated - CHICAGO MERCANTILE EXCHANGE,265906,68455,70512,-2057,-0.7735816416327574,25.744059930953046,26.5176415725858,8956,3.3681075267199683,139288,145704,-6416,-2.412882748038781,52.38242085549029,54.795303603529064,216699,225172,-8473,-3.186464389671538,81.49458831316329,84.68105270283483,49207,40734,8473,3.186464389671538,18.505411686836702,15.318947297165163,18869.439,2024-06-03,2024-06-03,18600.971,-0.014227661988255091,2024-06-04,2024-06-04,18654.84,-0.011372834136722298,2024-06-05,2024-06-05,19035.051,0.00877673151809133,2024-06-06,2024-06-06,19021.189,0.00804210448439946,2024-06-07,2024-06-07,19000.949,0.006969470581504877,-0.014227661988255091,0.0028960316103927575,0.020381359475610594,-0.0007282355061722923,-0.001064076488593746,0.021503070995594786,0.008316749761312359,-3.0570809678513724,-7954.0,-0.7386463468307554,2.3184346210206144,3.9919127167154826,10124.0,0.8640893550488471,-3.1278233616666427,0.9352189795451715,2171.0,-0.1305414091148691,-1.0657603886600384,-0.9352189795451715,-2171.0,0.13054140911485845,1.0657603886600278,-0.011372834136722298,0.018057823552676933,0.0550848385052678,0.04407613814062006,0.037737263943035115,0.10882469796796834,0.13490337471082237,20.0,NASDAQ-100 Index x $20,377388.77999999997,25834148934.899998,26610437655.359997,-776288720.4599999,-3001750356.12,-978191717.7599999,52565728388.64,54987054801.119995,-2421326412.48,3820684008.72,3201766409.52,81779771237.21999,84977386370.15999,-3197615132.9399996,819311041.3799999,2223197302.98,18570169697.46,15372554564.519999,3197615132.9399996,-819311041.3799999,-2223197302.98
2024-06-04,NASDAQ-100 Consolidated - CHICAGO MERCANTILE EXCHANGE,254627,60959,58991,1968,0.7728952546273569,23.940509058348095,23.167613803720737,6717,2.63797633401014,140208,152796,-12588,-4.9437019640493745,55.06407411625632,60.007776080305696,207885,218504,-10619,-4.170413978093446,81.64295223994313,85.81336621803658,46743,36123,10620,4.170806709422018,18.35744049138544,14.18663378196342,18654.84,2024-06-10,2024-06-10,19074.67,0.022505151478114938,2024-06-11,2024-06-11,19210.18,0.029769218068876446,2024-06-12,2024-06-12,19465.18,0.04343859287991747,2024-06-13,2024-06-13,19576.92,0.04942845931672424,2024-06-14,2024-06-14,19659.801,0.053871327762661014,0.022505151478114938,0.007104185812913277,0.013274211902231103,0.005740506894875708,0.0042336077380915604,0.03067581247801421,-0.011372834136722298,1.5464768962601143,4025.0,-1.8035508726049514,-3.3500277688650613,-2.5308192160105936,-6172.0,2.6816532607660335,5.212472476776632,-0.983949588421908,-2146.0,0.14836392677983667,1.1323135152017443,0.9843423197504797,2147.0,-0.14797119545126236,-1.1323135152017425,0.029769218068876446,0.06722217933790908,0.05608683858987806,0.07274525002626664,0.016290678451275964,0.13800600809226982,0.16123107997709996,20.0,NASDAQ-100 Index x $20,373096.8,22743607831.2,22009353328.8,734254502.4,1501714620.0,-1273379378.3999999,52311156134.4,57007698652.799995,-4696542518.4,-2302753449.6,-814097217.6,77561228268.0,81523143187.2,-3961914919.2,-800665732.8,-2087103499.2,17439663722.399998,13477375706.4,3962288016.0,801038829.6,2087476596.0
2024-06-11,NASDAQ-100 Consolidated - CHICAGO MERCANTILE EXCHANGE,267660,61336,67264,-5928,-2.2147500560412463,22.91563924381678,25.13038929985803,10962,4.095494283792871,150557,150617,-60,-0.022416498542927595,56.24934618545916,56.27176268400209,222856,228844,-5988,-2.237166554584174,83.26085332137787,85.49801987596204,44804,38816,5988,2.237166554584174,16.739146678622134,14.501980124037958,19210.18,2024-06-17,2024-06-17,19902.75,0.03605223896912979,2024-06-18,2024-06-18,19908.859,0.036370247441720904,2024-06-19,2024-06-20,19752.301,0.02822050600254644,2024-06-20,2024-06-20,19752.301,0.02822050600254644,2024-06-21,2024-06-21,19700.43,0.02552032307870089,0.03605223896912979,0.0003069425079449406,-0.007863735435566732,0.0,-0.0026260737926178113,-0.010165429400459725,0.029769218068876446,-2.9876453106686034,-7896.0,-1.0248698145313142,1.9627754961372936,4.921285465506447,12528.0,1.1852720692028385,-3.736013396303605,1.9332474235092723,4631.0,1.6179010814347379,-0.31534634207453394,-1.933640154837844,-4632.0,-1.618293812763305,0.3153463420745375,0.036370247441720904,0.025556814147498885,0.041733653719017605,0.06469694713948537,-0.019835264427506716,0.1123362717059393,0.1422027279286293,20.0,NASDAQ-100 Index x $20,384203.6,23565512009.6,25843070950.399998,-2277558940.7999997,-3033671625.6,-3929250217.2,57844541405.2,57867593621.2,-23052216.0,4813302700.799999,4114052148.7999997,85622077481.59999,87922688638.4,-2300611156.7999997,1779246871.6,184801931.6,17213858094.399998,14913246937.599998,2300611156.7999997,-1779631075.1999998,-184417728.0
2024-06-18,NASDAQ-100 Consolidated - CHICAGO MERCANTILE EXCHANGE,345118,66122,67610,-1488,-0.43115687967593697,19.159244084631926,19.59040096430786,31478,9.12093834572523,200597,204467,-3870,-1.121355594318465,58.124177817442146,59.24553341176062,298196,303555,-5359,-1.552802229961926,86.40407049183177,87.95687272179372,46922,41563,5359,1.552802229961926,13.59592950816822,12.043127278206295,19908.859,2024-06-24,2024-06-24,19474.619,-0.021811395620412122,2024-06-25,2024-06-25,19701.131,-0.01043394802283748,2024-06-26,2024-06-26,19751.051,-0.007926521555052468,2024-06-27,2024-06-27,19789.029,-0.006018928558387038,2024-06-28,2024-06-28,19682.869,-0.011351228114077294,-0.021811395620412122,0.01163113897119139,0.002533864680154485,0.0019228343848638474,-0.005364588631407874,0.010693405606548634,0.036370247441720904,1.7835931763653092,4440.0,-3.756395159184855,-5.53998833555017,-1.0989390957755374,-3810.0,1.8748316319829854,2.9737707277585272,0.6843643246222479,629.0,3.1432171704539087,2.4588528458316716,-0.6843643246222479,-629.0,-3.143217170453914,-2.4588528458316627,-0.01043394802283748,0.005175183570288899,0.027332606052411057,0.02460010390349332,-0.02393200936326878,0.10508995015736478,0.09092540160136764,20.0,NASDAQ-100 Index x $20,398177.18,26328271495.96,26920759139.8,-592487643.84,1767906679.2,-2940538474.2999997,79873147776.45999,81414093463.06,-1540945686.6,-1517055055.8,5044904870.6,118734842367.28,120868673874.9,-2133831507.62,250453446.22,2104366396.3,18683269639.96,16549438132.34,2133831507.62,-250453446.22,-2104366396.3
2024-06-25,NASDAQ-100 Consolidated - CHICAGO MERCANTILE EXCHANGE,252655,69542,61187,8355,3.30688092458095,27.5244899170806,24.217608992499652,8619,3.411371237458194,130392,149017,-18625,-7.371712414161603,51.608715442005895,58.98042785616751,208552,218823,-10271,-4.06522728622034,82.544180799905,86.60940808612536,44103,33833,10270,4.064831489580654,17.45581920009499,13.390987710514338,19701.131,2024-07-01,2024-07-01,19812.221,0.005638762566473998,2024-07-02,2024-07-02,20011.891,0.01577371370202041,2024-07-03,2024-07-03,20186.631,0.024643255252706053,2024-07-04,2024-07-05,20391.971,0.035066007124159526,2024-07-05,2024-07-05,20391.971,0.035066007124159526,0.005638762566473998,0.010078122992873917,0.00873180850325439,0.01017207873864634,0.0,0.029262241724438587,-0.01043394802283748,3.738037804256887,9843.0,8.365245832448675,4.6272080281917916,-6.250356819843138,-14755.0,-6.51546237543625,-0.26510555559310944,-2.5124250562584143,-4912.0,-3.8598896919267673,-1.3474646356683593,2.5120292596187284,4911.0,3.859889691926769,1.3478604323080425,0.01577371370202041,0.038164763231105736,0.03540344968012232,0.002700809410383531,0.012370305034771878,0.10641617478712262,0.12635766951653693,20.0,NASDAQ-100 Index x $20,394022.62,27401121040.04,24109062049.94,3292058990.1,3878364648.66,4102563519.44,51377397467.04,58716068764.54,-7338671297.5,-5813803758.1,-4810622167.58,82174205446.24,86221211776.26,-4047006330.02,-1935439109.44,-708452670.76,17377579609.86,13330967302.46,4046612307.4,1935045086.82,708058648.14
2024-07-02,NASDAQ-100 Consolidated - CHICAGO MERCANTILE EXCHANGE,265554,71783,58499,13284,5.002372398834135,27.0314135731339,22.029041174299767,8195,3.086001340593627,139712,161054,-21342,-8.036783479066404,52.61152157376654,60.64830505283294,219689,227748,-8059,-3.0347876514757828,82.72855991625056,85.76334756772633,45865,37807,8058,3.0344110802322692,17.271440083749447,14.237029003517176,20011.891,2024-07-08,2024-07-08,20439.539,0.021369694648047055,2024-07-09,2024-07-09,20453.02,0.022043344129747622,2024-07-10,2024-07-10,20675.381,0.03315478782090109,2024-07-11,2024-07-11,20211.359,0.009967473838429441,2024-07-12,2024-07-12,20331.49,0.015970454766118802,0.021369694648047055,0.0006595549928987143,0.010871793016385967,-0.022443213984787103,0.005943736885777984,-0.00528627382447322,0.01577371370202041,1.6954914742531848,4929.0,-0.49307634394670075,-2.1885678181998856,-0.6650710649048008,-2717.0,1.002806131760643,1.6678771966654296,1.0304396347445572,2212.0,0.18437911634555348,-0.8460605183990282,-1.0304204093483849,-2212.0,-0.18437911634554283,0.8460412930028376,0.022043344129747622,0.019324910374536763,-0.012869898202024,-0.06074493409943116,-0.011922411530224664,0.04998423187493861,0.1232387284140215,20.0,NASDAQ-100 Index x $20,400237.82,28730271433.06,23413512232.18,5316759200.88,1972772214.78,4529091171.12,55918026307.840004,64459901862.28,-8541875554.440001,-1087446156.94,-3503681876.28,87927846437.98,91153363029.36,-3225516591.38,885326057.84,1024608819.2,18356907614.3,15131791260.74,3225116353.56,-885326057.84,-1025409294.84
2024-07-09,NASDAQ-100 Consolidated - CHICAGO MERCANTILE EXCHANGE,271471,67705,60099,7606,2.8017725650253618,24.940048844996333,22.138276279970974,9679,3.565390041661909,148547,164373,-15826,-5.82972030161601,54.719288616463636,60.54900891807965,225931,234152,-8221,-3.0283161000622534,83.22472750312187,86.25304360318412,45540,37319,8221,3.0283161000622534,16.77527249687812,13.746956396815865,20453.02,2024-07-15,2024-07-15,20386.881,-0.0032337033846345786,2024-07-16,2024-07-16,20398.619,-0.002659802806627143,2024-07-17,2024-07-17,19799.141,-0.031969802014568005,2024-07-18,2024-07-18,19705.09,-0.03656819384130072,2024-07-19,2024-07-19,19522.619,-0.045489663629136534,-0.0032337033846345786,0.0005757624229030256,-0.02938816593417426,-0.0047502565894146365,-0.00926009472679401,-0.0423930467833703,0.022043344129747622,-2.200599833808773,-5678.0,-2.0913647281375667,0.10923510567120687,2.2070631774503937,5516.0,2.1077670426970982,-0.09929613475328836,0.006471551413529397,-162.0,0.4961675868713087,0.48969603545779705,-0.006094980170015862,163.0,-0.49616758687132645,-0.49007260670131103,-0.002659802806627143,-0.03416023648341415,-0.08100270766859852,-0.11612466031911195,-0.01687970773998171,0.03520355429173794,0.10997055691531132,20.0,NASDAQ-100 Index x $20,409060.4,27695434382.0,24584120979.600002,3111313402.4,-2322644951.2000003,5536223453.6,60764695238.8,67238485129.200005,-6473789890.400001,2256377166.4,-6449246266.400001,92419425232.40001,95782310780.8,-3362885548.4,-66267784.800000004,-913431873.2,18628610616.0,15265725067.6,3362885548.4,66676845.2,913431873.2
2024-07-16,NASDAQ-100 Consolidated - CHICAGO MERCANTILE EXCHANGE,264434,65921,59747,6174,2.3347980970676994,24.929093838159993,22.594295741092296,10548,3.988897040471347,141826,159804,-17978,-6.798671880317962,53.6337989819766,60.432470862294565,218294,230099,-11805,-4.464251949446743,82.55141169441146,87.0156636438582,46140,34335,11805,4.464251949446743,17.44858830558854,12.984336356141798,20398.619,2024-07-22,2024-07-22,19822.869,-0.028224949934110732,2024-07-23,2024-07-23,19754.34,-0.03158444206443578,2024-07-24,2024-07-24,19032.391,-0.06697649483036083,2024-07-25,2024-07-25,18830.58,-0.07686986065086054,2024-07-26,2024-07-26,19023.66,-0.06740451400165859,-0.028224949934110732,-0.0034570676928752375,-0.0365463488023392,-0.01060355475042507,0.01025353441051724,-0.04031752416867607,-0.002659802806627143,-0.4669744679576624,-1432.0,-0.01095500683634043,0.45601946112132197,-0.9689515787019518,-2152.0,-1.0854896344870397,-0.11653805578508525,-1.43593584938449,-3584.0,-0.673315808710413,0.7626200406740793,1.43593584938449,3584.0,0.6733158087104201,-0.7626200406740669,-0.03158444206443578,-0.07855183725917914,-0.11376745651261988,-0.06824917902530547,-0.011706135596728284,0.017588984822943132,0.1218695736216262,20.0,NASDAQ-100 Index x $20,407972.38,26893947261.98,24375125787.86,2518821474.12,-584216448.16,3125884375.56,57861090765.88,65195618213.520004,-7334527447.64,-877956561.76,-5755674337.04,89057922719.72,93874036665.62,-4816113945.9,-1462173009.92,-2629789961.48,18823845613.2,14007731667.3,4816113945.9,1462173009.92,2629789961.48
2024-07-23,NASDAQ-100 Consolidated - CHICAGO MERCANTILE EXCHANGE,252187,53388,54846,-1458,-0.5781424101956087,21.170004798026863,21.74814720822247,7357,2.9172796377291457,140693,157272,-16579,-6.574089861888202,55.7891564592941,62.363246321182295,201438,219475,-18037,-7.152232272083811,79.87644089505011,87.0286731671339,50749,32712,18037,7.152232272083811,20.123559104949898,12.971326832866087,19754.34,2024-07-29,2024-07-29,19059.49,-0.035174548985184906,2024-07-30,2024-07-30,18796.27,-0.04849921586851291,2024-07-31,2024-07-31,19362.43,-0.019839184705740642,2024-08-01,2024-08-01,18890.391,-0.04373464261524307,2024-08-02,2024-08-02,18440.85,-0.06649121155148696,-0.035174548985184906,-0.013810442986669669,0.030120869725748678,-0.02437911976957441,-0.023797336963538807,-0.03245837113165162,-0.03158444206443578,-2.912940507263308,-7632.0,-3.75908904013313,-0.8461485328698259,0.22458201842975978,1399.0,2.1553574773175015,1.9307754588877302,-2.6879803226370678,-6232.0,-2.674970799361347,0.013009523275698598,2.6879803226370678,6232.0,2.6749707993613576,-0.013009523275711032,-0.04849921586851291,-0.0848633768579462,-0.03786054102541514,-0.0017474641015594594,0.03220158203210022,0.09173528449950741,0.1675196437846065,20.0,NASDAQ-100 Index x $20,395086.8,21092894078.399998,21668930632.8,-576036554.4,-3015302457.6,-3876986768.4,55585947152.4,62136091209.6,-6550144057.2,552726433.1999999,808347592.8,79585494818.4,86711675430.0,-7126180611.599999,-2462180937.6,-3068244088.7999997,20050260013.2,12924079401.6,7126180611.599999,2462180937.6,3068639175.6
2024-07-30,NASDAQ-100 Consolidated - CHICAGO MERCANTILE EXCHANGE,266789,49794,48827,967,0.3624587220612544,18.664187803844985,18.301729081783733,8982,3.366705523840938,149978,175721,-25743,-9.649198430220137,56.215960927924314,65.86515935814445,208754,233531,-24777,-9.287114536206516,78.24685425561024,87.53396879181675,58035,33258,24777,9.287114536206516,21.753145744389762,12.466031208183246,18796.27,2024-08-05,2024-08-05,17895.16,-0.047940894656227084,2024-08-06,2024-08-06,18077.92,-0.03821768893509203,2024-08-07,2024-08-07,17867.369,-0.04941943268531479,2024-08-08,2024-08-08,18413.82,-0.020347122061983636,2024-08-09,2024-08-09,18513.1,-0.015065223046913157,-0.047940894656227084,0.01021281732043744,-0.011646859815730992,0.030583741792090446,0.0053916026115168325,0.03453112461693553,-0.04849921586851291,0.9406011322568631,2425.0,-2.5058169941818775,-3.4464181264387364,-3.0751085683319346,-9164.0,0.42680446863021615,3.501913036962158,-2.134882264122705,-6740.0,-1.6295866394398644,0.5052956246828444,2.134882264122705,6740.0,1.6295866394398644,-0.5052956246828408,-0.03821768893509203,0.011180941750677187,0.049134748543194995,0.04177690573714887,0.09333660348569173,0.14187756400605012,0.24004927573396206,20.0,NASDAQ-100 Index x $20,375925.4,18718829367.600002,18355309505.8,363519861.8,911619095.0,-4630273151.8,56380539641.200005,66057987213.4,-9677447572.2,-3444980365.6000004,-1654447685.4,78475930951.6,87790234587.40001,-9314303635.800001,-2533737196.0,-6284720837.200001,21816830589.0,12502526953.2,9314303635.800001,2533737196.0,6285096762.6
2024-08-06,NASDAQ-100 Consolidated - CHICAGO MERCANTILE EXCHANGE,257764,50648,37350,13298,5.1589826352787815,19.64898123865241,14.489998603373627,9372,3.6358839869027486,150446,181279,-30833,-11.961716919352586,58.36579196474294,70.32750888409552,210465,228001,-17536,-6.80312223584364,81.65026923852827,88.4533914743719,47299,29764,17535,6.802734284073804,18.349730761471733,11.546996477397931,18077.92,2024-08-12,2024-08-12,18542.029,0.025672699071574545,2024-08-13,2024-08-13,19006.43,0.051361550443856485,2024-08-14,2024-08-14,19022.68,0.052260437041429686,2024-08-15,2024-08-15,19490.15,0.0781190535194316,2024-08-16,2024-08-16,19508.52,0.07913521024542658,0.025672699071574545,0.025045856631979335,0.0008549738167555887,0.024574350196712613,0.0009425273792145195,0.05212433871179911,-0.03821768893509203,4.796523913217527,12331.0,0.9847934348074254,-3.811730478410107,-2.312518489132449,-5090.0,2.1498310368186253,4.462349525951069,2.4839923003628765,7241.0,3.4034149829180222,0.919422682555151,-2.4843802521327127,-7242.0,-3.4034149829180294,-0.9190347307853148,0.051361550443856485,0.0908235018187935,0.08317328542221691,0.04872352571534799,0.11890422128209455,0.1929978670112491,0.2732969832812626,20.0,NASDAQ-100 Index x $20,361558.39999999997,18312209843.199997,13504206239.999998,4808003603.2,4458376630.4,2057990412.7999997,54395015046.399994,65542945193.59999,-11147930147.199999,-1840332255.9999998,-5425906908.799999,76095388656.0,82435676758.4,-6340288102.4,2618044374.3999996,-3367916495.9999995,17101350761.599998,10761424217.599998,6339926543.999999,-2618405932.7999997,3367554937.6
2024-08-13,NASDAQ-100 Consolidated - CHICAGO MERCANTILE EXCHANGE,252979,48230,38686,9544,3.77264516027022,19.06482356243008,15.292178402159864,11229,4.438708351286076,149200,169987,-20787,-8.216887567742777,58.977227358792625,67.1941149265354,208658,219902,-11244,-4.444637697200163,82.48036398278118,86.92500167998134,44321,33077,11244,4.444637697200163,17.519636017218822,13.074998320018658,19006.43,2024-08-19,2024-08-19,19766.49,0.03998962456389776,2024-08-20,2024-08-20,19719.82,0.03753413976217512,2024-08-21,2024-08-21,19824.84,0.043059638238217346,2024-08-22,2024-08-22,19491.84,0.02553925171639282,2024-08-23,2024-08-23,19720.869,0.03758933161040745,0.03998962456389776,-0.0023610666334792363,0.005325606420342632,-0.01679710908133436,0.011749993843577444,-0.002307997019197816,0.051361550443856485,-1.3863374750085615,-3754.0,-0.5841576762223291,0.8021797987862378,3.744829351609809,10046.0,0.6114353940496855,-3.1333939575601164,2.358484538643477,6292.0,0.8300947442529178,-1.5283897943905629,-2.358096586873641,-6291.0,-0.8300947442529107,1.5280018426207267,0.03753413976217512,0.030257654909417564,-0.0025091508505278304,-0.009327843261464741,0.1086137165159371,0.14137794420098881,0.25427021276483797,20.0,NASDAQ-100 Index x $20,380128.6,18333602378.0,14705655019.599998,3627947358.3999996,-1427002764.3999999,1281033382.0,56715187120.0,64616920328.2,-7901733208.2,3818771915.6,-1067781237.4,79316873418.79999,83591039397.2,-4274165978.3999996,2391769151.2,213252144.6,16847679680.599998,12573513702.199999,4274165978.3999996,-2391389022.6,-213252144.6
2024-08-20,NASDAQ-100 Consolidated - CHICAGO MERCANTILE EXCHANGE,253133,54107,42604,11503,4.544251440942113,21.374929384947833,16.83067794400572,12850,5.076382771112419,143589,165331,-21742,-8.589160638873636,56.72472573706312,65.31388637593676,210546,220786,-10240,-4.0453042471744105,83.17603789312338,87.22134214029779,42586,32347,10239,4.0449091979315215,16.823567057633735,12.77865785970221,19719.82,2024-08-26,2024-08-26,19516.439,-0.010313532273621195,2024-08-27,2024-08-27,19581.52,-0.00701324859963226,2024-08-28,2024-08-28,19350.779,-0.01871421747257329,2024-08-29,2024-08-29,19325.449,-0.019998711955788617,2024-08-30,2024-08-30,19574.641,-0.007362085455141054,-0.010313532273621195,0.0033346759621466493,-0.011783610261103417,-0.0013089912297586936,0.012894499889756661,0.002982203874385192,0.03753413976217512,0.7716062806718931,1959.0,2.3101058225177518,1.538499541845857,-0.3722730711308593,-955.0,-2.2525016217295075,-1.8802285505986447,0.39933345002575216,1004.0,0.6956739103421938,0.29634046031645767,-0.3997284992686412,-1005.0,-0.6960689595850873,-0.296340460316447,-0.00701324859963226,-0.038594672770846716,-0.04516669016248631,-0.014575183749141685,0.04892387455869285,0.12397623304878036,0.18585108789025462,20.0,NASDAQ-100 Index x $20,394396.4,21339606014.800003,16802864225.6,4536741789.2,772622547.6,5111771740.400001,56630984679.600006,65205951208.4,-8574966528.8,-376648562.0,-2036268613.2,83038584434.40001,87077203570.40001,-4038619136.0,395973985.6,3075108730.8,16795765090.400002,12757540350.800001,4038224739.6000004,-396368382.0,-3075503127.2000003
2024-08-27,NASDAQ-100 Consolidated - CHICAGO MERCANTILE EXCHANGE,253674,63961,42785,21176,8.347721879262359,25.2138571552465,16.86613527598414,13589,5.356875359713649,131061,167161,-36100,-14.230863233914395,51.66512926038932,65.89599249430371,208611,223536,-14925,-5.883535561389816,82.23586177534946,88.11939733673928,45063,30139,14924,5.883141354652033,17.764138224650537,11.880996869998501,19581.52,2024-09-02,2024-09-03,18958.74,-0.03180447687411392,2024-09-03,2024-09-03,18958.74,-0.03180447687411392,2024-09-04,2024-09-04,18921.4,-0.033711376849192454,2024-09-05,2024-09-05,18930.33,-0.03325533462162278,2024-09-06,2024-09-06,18421.311,-0.05925020121012048,-0.03180447687411392,0.0,-0.001969540169863615,0.00047195239252917354,-0.02688907166436083,-0.028347295231645142,-0.00701324859963226,3.803470438320246,9673.0,3.8389277702986675,0.03545733197841727,-5.641702595040758,-14358.0,-5.059596476673796,0.5821061183669514,-1.8382313142154052,-4685.0,-0.9401761177739161,0.89805519644149,1.8382321567205118,4685.0,0.9405711670168024,-0.8976609897037093,-0.03180447687411392,-0.03842291098954531,-0.0076153434462696845,0.018554228680919493,0.06850234302546498,0.07689546061797037,0.20140259795970894,20.0,NASDAQ-100 Index x $20,391630.4,25049072014.4,16755906664.000002,8293165350.400001,3788240859.2000003,7914458753.6,51327471854.4,65465329294.4,-14137857440.0,-5623029283.200001,-4056116052.8,81698409374.40001,87543493094.40001,-5845083720.0,-1834788424.0,3858342700.8,17648040715.2,11803348625.6,5844692089.6,1834788424.0,-3858734331.2000003
2024-09-03,NASDAQ-100 Consolidated - CHICAGO MERCANTILE EXCHANGE,263973,67374,40514,26860,10.175283078193603,25.523064858906025,15.347781780712422,12906,4.88913638894887,134180,175396,-41216,-15.613718069651064,50.830956196277654,66.44467426592871,214460,228816,-14356,-5.438434991457459,81.24315744413254,86.68159243559,49514,35158,14356,5.438434991457459,18.757221382489874,13.318786391032416,18958.74,2024-09-09,2024-09-09,18660.779,-0.01571628705283168,2024-09-10,2024-09-10,18829.141,-0.006835844576169148,2024-09-11,2024-09-11,19237.301,0.014693012299340502,2024-09-12,2024-09-12,19423.07,0.024491606509715158,2024-09-13,2024-09-13,19514.59,0.02931893153236964,-0.01571628705283168,0.009022238567854002,0.021677037736347105,0.009656708079787357,0.0047119224715763686,0.045754306398462896,-0.03180447687411392,1.8275611989312441,5684.0,0.3092077036595242,-1.5183534952717164,-1.3828548357366692,-5116.0,-0.8341730641116669,0.5486817716249988,0.44510056993235647,569.0,-0.9927043312169275,-1.4378049011492777,-0.444706363194574,-568.0,0.9930831578393366,1.437789521033915,-0.006835844576169148,0.024983727821574542,0.05201295022770491,0.04296493332362794,0.11976428813307205,0.07351696368007565,0.2253508935720412,20.0,NASDAQ-100 Index x $20,379174.80000000005,25546522975.200005,15361887847.200003,10184635128.000002,2155229563.2000003,5142368637.6,50877674664.00001,66505743220.80001,-15628068556.800001,-1939858276.8000002,-3936971948.4000006,81317827608.00002,86761261036.8,-5443433428.800001,215750461.20000002,1205775864.0000002,18774461047.2,13331027618.400002,5443433428.800001,-215371286.40000004,-1205396689.2
2024-09-10,NASDAQ-100 Consolidated - CHICAGO MERCANTILE EXCHANGE,269479,68433,41001,27432,10.179642940637304,25.39455764642143,15.214914705784125,18699,6.9389451497148205,138191,176162,-37971,-14.090522823670861,51.280804812248824,65.37132763591968,225323,235862,-10539,-3.910879883033557,83.61430760838508,87.52518749141862,44156,33617,10539,3.910879883033557,16.38569239161493,12.474812508581373,18829.141,2024-09-16,2024-09-16,19423.061,0.03154259665908299,2024-09-17,2024-09-17,19432.4,0.03203858317275343,2024-09-18,2024-09-18,19344.49,0.027369756273002643,2024-09-19,2024-09-19,19839.83,0.05367685121695165,2024-09-20,2024-09-20,19791.49,0.0511095540683455,0.03154259665908299,0.00048082019615747207,-0.004523887939729465,0.02560625790599813,-0.002436512812861835,0.018968637332704708,-0.006835844576169148,0.004359862443701346,572.0,-0.12850721248459607,-0.1328670749282974,1.5231952459802027,3245.0,0.4498486159711703,-1.073346630009027,1.5275551084239023,3817.0,2.3711501642525405,0.8435950558286152,-1.5275551084239023,-3817.0,-2.3715289908749426,-0.8439738824510439,0.03203858317275343,0.05925384487800067,0.05014355142382754,0.06790739949315783,0.1348462471017664,0.029094264045290252,0.26611198036065487,20.0,NASDAQ-100 Index x $20,376582.82,25770692121.06,15440272202.82,10330419918.24,215405373.04,6736313484.16,52040356478.62,66339582736.840004,-14299226258.22,1222011250.9,-6471199178.88,84852770750.86,88821577090.84,-3968806339.98,1437416623.94,265490888.1,16628390999.92,12659584659.94,3968806339.98,-1437416623.94,-265490888.1
2024-09-17,NASDAQ-100 Consolidated - CHICAGO MERCANTILE EXCHANGE,278372,65981,45380,20601,7.400528788814967,23.702455706752115,16.30192691793715,17896,6.428807495006682,148620,181509,-32889,-11.814765852887502,53.38899027201012,65.20375612489761,232497,244786,-12289,-4.414596295604443,83.52025347376892,87.93484976937336,45875,33586,12289,4.414596295604443,16.479746526231086,12.065150230626644,19432.4,2024-09-23,2024-09-23,19852.199,0.0216030444000741,2024-09-24,2024-09-24,19944.84,0.026370391716926234,2024-09-25,2024-09-25,19972.609,0.02779939688355526,2024-09-26,2024-09-26,20115.539,0.03515463864473767,2024-09-27,2024-09-27,20008.619,0.029652487598031962,0.0216030444000741,0.004666535933878224,0.0013922899356424434,0.007156300911913993,-0.005315293813404787,0.007879227888053952,0.03203858317275343,-2.7791141518223377,-6831.0,-1.692101939669314,1.0870122121530237,2.275756970783359,5082.0,2.1081854597612946,-0.16757151102207501,-0.5037164125708857,-1750.0,-0.09405413461615808,0.4096622779547374,0.5037164125708857,1750.0,0.09405413461615453,-0.40966227795472854,0.026370391716926234,0.017542918013214948,0.03475530557213702,0.0374338733249624,0.13218542228443209,0.002622372944155016,0.24916376772812399,20.0,NASDAQ-100 Index x $20,388648.0,25643383688.0,17636846240.0,8006537448.0,-2654854488.0,3535919504.0,57760865760.0,70543109832.0,-12782244072.0,1975109136.0,-4332259256.0,90359494056.0,95135589328.0,-4776095272.0,-680134000.0,-796339752.0,17829227000.0,13053131728.0,4776095272.0,680134000.0,796728400.0
2024-09-24,NASDAQ-100 Consolidated - CHICAGO MERCANTILE EXCHANGE,232823,51747,37005,14742,6.3318486575639,22.22589692599099,15.894048268427088,4411,1.8945722716398292,133771,162595,-28824,-12.380220167251517,57.45609325539144,69.83631342264295,189929,204011,-14082,-6.048371509687617,81.57656245302225,87.62493396270987,42894,28812,14082,6.048371509687617,18.42343754697775,12.37506603729013,19944.84,2024-09-30,2024-09-30,20060.689,0.005808469759596813,2024-10-01,2024-10-01,19773.301,-0.008600670649651754,2024-10-02,2024-10-02,19802.59,-0.007132170526311543,2024-10-03,2024-10-03,19793.34,-0.007595949629076948,2024-10-04,2024-10-04,20035.02,0.004521470214852608,0.005808469759596813,-0.014325928685699596,0.0014812397788310783,-0.0004671106153285587,0.012210167662456195,-0.0012795672172575268,0.026370391716926234,-1.0686801312510665,-5859.0,-1.476558780761124,-0.40787864951006014,-0.5654543143640147,4065.0,4.067102983381318,4.632557297745336,-1.6337752140831743,-1793.0,-1.9436910207466696,-0.30991580666348284,1.6337752140831743,1793.0,1.9436910207466624,0.3099158066634864,-0.008600670649651754,0.008169481429783243,0.010779229113896172,0.022342671086857502,0.09289670912376335,0.01719692913054205,0.23240747982936938,20.0,NASDAQ-100 Index x $20,398896.8,20641712709.6,14761176084.0,5880536625.599999,-2337136351.2,-2566502011.2,53360823832.799995,64858625196.0,-11497801363.199999,1621515492.0,2902373116.7999997,75762070327.2,81379335064.8,-5617264737.599999,-715221962.4,336270002.4,17110279339.199999,11493014601.6,5617264737.599999,715221962.4,-335871105.59999996
2024-10-01,NASDAQ-100 Consolidated - CHICAGO MERCANTILE EXCHANGE,239651,56071,41463,14608,6.09553058405765,23.396939716504416,17.301409132446764,7353,3.0682116911675728,133690,160554,-26864,-11.209634009455415,55.78528777263604,66.99492178209145,197114,209369,-12255,-5.113686151945955,82.25043918030804,87.36412533225398,42537,30281,12256,5.114103425397766,17.74956081969197,12.635457394294203,19773.301,2024-10-07,2024-10-07,19800.74,0.0013876792752005596,2024-10-08,2024-10-08,20107.779,0.016915637909927117,2024-10-09,2024-10-09,20268.859,0.025061976247668483,2024-10-10,2024-10-10,20241.76,0.023691491875837967,2024-10-11,2024-10-11,20271.971,0.025219360186748974,0.0013876792752005596,0.015506440668378918,0.008010830037469718,-0.001336977083910007,0.0014925085565682394,0.02379865600982578,-0.008600670649651754,-0.23631807350624978,-134.0,1.1710427905134253,1.407360864019676,1.1705861577961016,1960.0,-1.670805482755398,-2.8413916405514925,0.9346853577416621,1827.0,0.6738767272857871,-0.2608086304558981,-0.934268084289851,-1826.0,-0.67387672728578,0.2603913570040728,0.016915637909927117,0.01954802589613136,0.031211784011177413,0.039313061587440634,0.06265362571479582,-0.017037165418156586,0.24814718594533125,20.0,NASDAQ-100 Index x $20,395466.02,22174175207.420002,16397207587.26,5776967620.16,-52992446.68,-4845249677.04,52869852213.8,63493651375.08,-10623799161.28,775113399.2,5675728319.04,77951889066.28,82798325141.38,-4846436075.1,722516418.5400001,830874108.02,16821938092.740002,11975106551.62,4846831541.12,-722120952.52,-830478642.0
2024-10-08,NASDAQ-100 Consolidated - CHICAGO MERCANTILE EXCHANGE,257025,56872,44725,12147,4.7259994163991825,22.127030444509288,17.401031028110108,14384,5.596342768213209,142601,167110,-24509,-9.53564828324093,55.48137340725611,65.01702169049703,213857,226219,-12362,-4.809648866841747,83.2047466199786,88.01439548682035,43168,30806,12362,4.809648866841747,16.7952533800214,11.985604513179652,20107.779,2024-10-14,2024-10-14,20439.051,0.016474818029380556,2024-10-15,2024-10-15,20159.83,0.002588600163150989,2024-10-16,2024-10-16,20174.051,0.003295838889018965,2024-10-17,2024-10-17,20190.42,0.0041099019439192475,2024-10-18,2024-10-18,20324.039,0.010755041618470296,0.016474818029380556,-0.0136611528588092,0.0007054126944521233,0.0008113888479810427,0.006617940587664961,-0.005627071433013109,0.016915637909927117,-1.3695311676584678,-2461.0,-1.2699092719951288,0.09962189566334345,1.673985726214486,2355.0,-0.30391436537993144,-1.977900091594421,0.3040372851042079,-107.0,0.9543074396705578,0.6502701545663712,-0.304454558556019,106.0,-0.9543074396705684,-0.6498528811145512,0.002588600163150989,0.014058340307002704,0.022024859135362673,0.005952024835761405,0.052977506864383184,-0.1500602826398677,0.23535423778031395,20.0,NASDAQ-100 Index x $20,402155.57999999996,22871392145.76,17986408315.5,4884983830.259999,-989704882.3799999,-6146948040.299999,57347787863.579994,67204218973.799995,-9856431110.22,947076390.8999999,5413818417.959999,86003785872.06,90975233152.01999,-4971447279.959999,-43030647.059999995,-733129622.3399999,17360252077.44,12388804797.48,4971447279.959999,42628491.48,733129622.3399999
2024-10-15,NASDAQ-100 Consolidated - CHICAGO MERCANTILE EXCHANGE,249104,46829,47384,-555,-0.22279850985933589,18.798975528293404,19.02177403815274,9463,3.798814952790802,148828,161331,-12503,-5.019188772560858,59.745327252874304,64.76451602543516,205119,218177,-13058,-5.241987282420194,82.342716295202,87.58470357762221,43984,30926,13058,5.241987282420194,17.656882266041492,12.414894983621299,20159.83,2024-10-21,2024-10-21,20361.471,0.010002118073416222,2024-10-22,2024-10-22,20390.461,0.011440126231223147,2024-10-23,2024-10-23,20066.961,-0.004606636067863823,2024-10-24,2024-10-24,20232.869,0.0036229968209056107,2024-10-25,2024-10-25,20352.02,0.009533314517037095,0.010002118073416222,0.0014237674674879575,-0.015865261702518674,0.008267719262523121,0.005888981933308779,-0.0004641609636161226,0.002588600163150989,-4.948797926258519,-12702.0,-3.3280549162158835,1.6207430100426308,4.516459510680072,12006.0,4.263953845618197,-0.2525056650618751,-0.4323384155784469,-696.0,-0.8620303247765975,-0.4296919091981408,0.4323384155784469,696.0,0.8616288860200925,0.4292904704416465,0.011440126231223147,0.019386076172269284,0.003354740590570282,0.04518683937314938,0.02964211503767622,-0.06595293710314032,0.2192225827301122,20.0,NASDAQ-100 Index x $20,403196.60000000003,18881293581.4,19105067694.4,-223774113.00000003,-5121403213.200001,-8530027269.6,60006943584.8,65048110674.600006,-5041167089.8,4840778379.6,8219565887.6,82703283395.40001,87968224598.20001,-5264941202.8,-280624833.6,-310058185.40000004,17734199254.4,12469258051.6,5264941202.8,280624833.6,310058185.40000004
2024-10-22,NASDAQ-100 Consolidated - CHICAGO MERCANTILE EXCHANGE,254792,49104,47732,1372,0.5384784451631135,19.272190649627934,18.73371220446482,12847,5.0421520298910485,150208,163136,-12928,-5.073942666959716,58.95318534333887,64.0271280102986,212159,223714,-11555,-4.535071744795755,83.26752802285786,87.80259976765362,42634,31079,11555,4.535071744795755,16.732864454142987,12.197792709347233,20390.461,2024-10-28,2024-10-28,20351.07,-0.0019318346946642917,2024-10-29,2024-10-29,20550.65,0.007856075446259103,2024-10-30,2024-10-30,20387.699,-0.00013545549558680037,2024-10-31,2024-10-31,19890.42,-0.024523280763490418,2024-11-01,2024-11-01,20033.141,-0.017523880406627335,-0.0019318346946642917,0.009806855364361766,-0.007929238247938675,-0.024391129180394655,0.007175363818360925,-0.015622225268745127,0.011440126231223147,0.7612769550224494,1927.0,0.4732151213345297,-0.2880618336879195,-0.054753894398857916,-425.0,-0.792141909535431,-0.7373880151365597,0.7069155376244387,1503.0,0.9248117276558645,0.2178961900314107,-0.7069155376244387,-1503.0,-0.924017811898505,-0.21710227427406537,0.007856075446259103,-0.007993934026307659,0.033365013179446956,0.014424833259042202,0.05767643016997015,-0.10367843081134853,0.23229832812509743,20.0,NASDAQ-100 Index x $20,407809.22,20025063938.879997,19465549689.039997,559514249.8399999,785848366.9399999,-5452409271.4,61256207317.759995,66528364913.92,-5272157596.16,-173318918.5,6482535361.12,86520396305.98,91232631843.07999,-4712235537.099999,612937257.66,1030533898.9399999,17386538285.48,12674302748.38,4712235537.099999,-612937257.66,-1030533898.9399999
2024-10-29,NASDAQ-100 Consolidated - CHICAGO MERCANTILE EXCHANGE,267750,56266,51971,4295,1.604108309990663,21.01437908496732,19.410270774976656,14322,5.349019607843137,153750,169743,-15993,-5.973109243697479,57.422969187675065,63.39607843137255,224339,236037,-11698,-4.369000933706816,83.78674136321195,88.15574229691877,43411,31713,11698,4.369000933706816,16.21325863678805,11.844257703081231,20550.65,2024-11-04,2024-11-04,19963.6,-0.02856600642802065,2024-11-05,2024-11-05,20227.461,-0.015726461206823195,2024-11-06,2024-11-06,20781.33,0.011224949089201575,2024-11-07,2024-11-07,21101.57,0.0268079111852908,2024-11-08,2024-11-08,21117.18,0.027567497865030877,-0.02856600642802065,0.013217105131339002,0.027382032772180542,0.015409985790129754,0.0007397553831303139,0.05778416718427537,0.007856075446259103,1.0656298648275495,2923.0,1.7421884353393864,0.6765585705118369,-0.8991665767377635,-3065.0,-1.5302161556638083,-0.6310495789260457,0.1660708110889395,-143.0,0.5192133403540851,0.3531425292651562,-0.1660708110889395,143.0,-0.519605817354936,-0.35353500626600187,-0.015726461206823195,0.025310099680545317,0.00651755540578991,0.018113782289124636,0.04439708719675539,-0.04893767350424438,0.26575801738631144,20.0,NASDAQ-100 Index x $20,411013.0,23126057458.0,21360756623.0,1765300835.0,1201390999.0,-4238777069.0,63193248750.0,69766579659.0,-6573330909.0,-1259754845.0,4468122323.0,92206245407.0,97014275481.0,-4808030074.0,-58774859.0,228934241.0,17842485343.0,13034455269.0,4808030074.0,58774859.0,-229345254.0
2024-11-05,NASDAQ-100 Consolidated - CHICAGO MERCANTILE EXCHANGE,263529,61284,45850,15434,5.856660936746999,23.25512562184807,17.39846468510107,14873,5.6437811398366025,145082,173216,-28134,-10.675864895324613,55.0535235211305,65.72938841645511,221240,233940,-12700,-4.8192039585776145,83.9528097476938,88.77201370627141,42290,29590,12700,4.8192039585776145,16.047569717184825,11.228365758607211,20227.461,2024-11-11,2024-11-11,21106.59,0.04346215276351306,2024-11-12,2024-11-12,21070.789,0.04169223215904361,2024-11-13,2024-11-13,21036.16,0.039980252588300624,2024-11-14,2024-11-14,20896.67,0.03308418194453555,2024-11-15,2024-11-15,20394.131,0.008239788473699328,0.04346215276351306,-0.0016962000967469804,-0.001643460052682455,-0.006630963065502482,-0.024048759922035257,-0.03375528685590612,-0.015726461206823195,4.252552626756335,11139.0,2.2407465368807493,-2.0118060898755843,-4.702755651627134,-12141.0,-2.3694456665445642,2.3333099850825576,-0.4502030248707989,-1002.0,0.16606838448186068,0.6162714093526347,0.4502030248707989,1002.0,-0.16568891960322674,-0.6158919444740203,0.04169223215904361,0.022599425602649825,0.034380933919487155,0.049529646849893805,0.06621982857858422,-0.02156034313945787,0.2574835269735536,20.0,NASDAQ-100 Index x $20,404549.22,24792394398.48,18548581737.0,6243812661.48,4506273761.58,1329753286.1399999,58692809936.03999,70074397691.51999,-11381587755.48,-4911632080.0199995,-1466490922.5,89502469432.79999,94640244526.79999,-5137775094.0,-405358318.44,-136737636.35999998,17108386513.8,11970611419.8,5137775094.0,405358318.44,136737636.35999998
2024-11-12,NASDAQ-100 Consolidated - CHICAGO MERCANTILE EXCHANGE,288619,68657,51908,16749,5.803152252623701,23.78810819800498,17.98495594538128,18741,6.49333550459256,157135,187772,-30637,-10.615032274382491,54.44374763962179,65.05877991400428,244532,258421,-13889,-4.812226499294918,84.7248448646832,89.53707136397811,44087,30198,13889,4.812226499294918,15.275155135316801,10.462928636021882,21070.789,2024-11-18,2024-11-18,20539.189,-0.025229240347858006,2024-11-19,2024-11-19,20684.59,-0.018328644456550802,2024-11-20,2024-11-20,20667.1,-0.019158703549259748,2024-11-21,2024-11-21,20740.779,-0.01566196690593802,2024-11-22,2024-11-22,20776.23,-0.013979495499670258,-0.025229240347858006,0.007079198696696487,-0.000845557006447839,0.0035650381524259256,0.0017092414899171349,0.011540913324279867,0.04169223215904361,-0.053508684123297456,1315.0,0.5329825761569111,0.5864912602802086,0.06083262094212216,-2503.0,-0.6097758815087104,-0.6706085024508326,0.00697745928269633,-1189.0,0.7720351169894002,0.7650576577067056,-0.00697745928269633,1189.0,-0.7724145818680235,-0.7654371225853289,-0.018328644456550802,-0.007018674051550655,0.007523733449184,0.014113899579175637,0.029554232639318778,0.006023030271908647,0.21550930057721152,20.0,NASDAQ-100 Index x $20,421415.78,28933143207.460003,21874850308.24,7058292899.22,554161750.7,7292178657.120001,66219168590.3,79130083842.16,-12910915251.86,-1054803697.34,-7641953754.52,103049643514.96,108902687283.38,-5853043768.42,-501063362.42,-350196513.18,18578957492.86,12725913724.44,5853043768.42,501063362.42,350196513.18
2024-11-19,NASDAQ-100 Consolidated - CHICAGO MERCANTILE EXCHANGE,287341,61892,43812,18080,6.292175498797596,21.539564489578584,15.247388990780989,22508,7.833201666312847,159419,191304,-31885,-11.096571669201403,55.48077023466891,66.57734190387032,243818,257624,-13806,-4.804744188960155,84.853188372004,89.65793256096416,43523,29717,13806,4.804744188960155,15.146811627996005,10.34206743903585,20684.59,2024-11-25,2024-11-25,20804.891,0.005815972180255979,2024-11-26,2024-11-26,20922.9,0.011521137233080347,2024-11-27,2024-11-27,20744.49,0.002895875625284372,2024-11-28,2024-11-29,20930.369,0.011882227300613613,2024-11-29,2024-11-29,20930.369,0.011882227300613613,0.005815972180255979,0.005672175835961024,-0.00852702063289501,0.008960403461352628,0.0,0.0060311779571446955,-0.018328644456550802,0.48902324617389503,1331.0,-2.2485437084263964,-2.7375669546002914,-0.4815393948189115,-1248.0,1.0370225950471195,1.5185619898660434,0.007482310334762765,83.0,0.12834350732079258,0.12086119698604136,-0.007482310334762765,-83.0,-0.12834350732079614,-0.12086119698603248,0.011521137233080347,0.026335063929234348,0.03304827410163802,0.06364593158481746,0.07155176873218183,0.03300906616954924,0.18460651141743667,20.0,NASDAQ-100 Index x $20,413691.8,25604212885.6,18124665141.6,7479547744.0,550623785.8,6911962594.4,65950333064.2,79140896107.2,-13190563043.0,-516287366.4,-7842355452.599999,100865507292.4,106576936283.2,-5711428990.8,34336419.4,-931220241.8,18005108211.399998,12293679220.6,5711428990.8,-34336419.4,931220241.8
2024-11-26,NASDAQ-100 Consolidated - CHICAGO MERCANTILE EXCHANGE,289033,68024,49586,18438,6.379202374815332,23.535028872135708,17.155826497320376,21016,7.271142049523757,158533,189031,-30498,-10.551736306926891,54.8494462570018,65.40118256392869,247572,259633,-12061,-4.172879913366294,85.65527119740652,89.82815111077281,41461,29400,12061,4.172879913366294,14.344728802593476,10.171848889227181,20922.9,2024-12-02,2024-12-02,21164.6,0.011551935917105016,2024-12-03,2024-12-03,21229.32,0.014645197367477714,2024-12-04,2024-12-04,21492.359,0.02721702058510056,2024-12-05,2024-12-05,21425.221,0.0240081919810351,2024-12-06,2024-12-06,21622.25,0.03342509881517364,0.011551935917105016,0.0030579363654403835,0.01239036389295567,-0.003123807861203143,0.009196124511387627,0.02162337110080048,0.011521137233080347,0.08702687601773551,358.0,1.9954643825571239,1.9084375065393875,0.5448353622745117,1387.0,-0.6313239776671082,-1.1761593399416341,0.6318642755938617,1745.0,0.8020828254025218,0.17021854980865214,-0.6318642755938617,-1745.0,-0.802082825402529,-0.17021854980866813,0.014645197367477714,0.02128194466350264,0.05153109750560403,0.041808257937475224,0.007855029656500756,0.023519206228582057,0.19574050442338287,20.0,NASDAQ-100 Index x $20,418458.0,28465186992.0,20749658388.0,7715528604.0,149807964.0,5918251494.0,66339402114.0,79101534198.0,-12762132084.0,580401246.0,-6069733290.0,103598483976.0,108645505914.0,-5047021938.0,730209210.0,-151900254.0,17349687138.0,12302665200.0,5047021938.0,-730209210.0,151900254.0
2024-12-03,NASDAQ-100 Consolidated - CHICAGO MERCANTILE EXCHANGE,307679,82241,52777,29464,9.576214171262908,26.729481050055416,17.153266878792508,20362,6.617936225741763,161753,202622,-40869,-13.282999489727931,52.57199873894546,65.8549982286734,264356,275761,-11405,-3.7067853184650237,85.91941601474264,89.62620133320766,43323,31918,11405,3.7067853184650237,14.08058398525736,10.37379866679234,21229.32,2024-12-09,2024-12-09,21440.82,0.009962636579975204,2024-12-10,2024-12-10,21368.18,0.00654095373756669,2024-12-11,2024-12-11,21763.98,0.02518498001820113,2024-12-12,2024-12-12,21615.27,0.018180045333529238,2024-12-13,2024-12-13,21780.25,0.02595137291255689,0.009962636579975204,-0.0033879301258067374,0.018522869051084356,-0.006832849506386185,0.007632567162010995,0.015831017656974034,0.014645197367477714,3.197011796447576,11026.0,3.1944521779197075,-0.002559618527868679,-2.7312631828010403,-10371.0,-2.2774475180563414,0.4538156647447096,0.46609459490127003,656.0,0.26414481733611694,-0.20194977756514731,-0.46609459490127003,-656.0,-0.26414481733611517,0.20194977756515797,0.00654095373756669,0.036353496014003284,0.026770994078001653,-0.01022877793542143,-0.041300946050085496,0.02040856701957483,0.20380016882311836,20.0,NASDAQ-100 Index x $20,424586.4,34918410122.4,22408396432.800003,12510013689.6,4681489646.400001,5956947192.0,68678123959.200005,86030545540.8,-17352421581.600002,-4403385554.400001,-5407107804.0,112241962358.40001,117084370250.40001,-4842407892.0,278528678.40000004,549839388.0,18394356607.2,13551948715.2,4842407892.0,-278528678.40000004,-549839388.0
2024-12-10,NASDAQ-100 Consolidated - CHICAGO MERCANTILE EXCHANGE,306813,84419,48915,35504,11.571869510092467,27.514805435232535,15.94293592514007,23182,7.555742422909069,152775,202986,-50211,-16.36534305912722,49.794174301610425,66.15951736073765,260376,275084,-14708,-4.7937994804652995,84.86472215975202,89.65852164021733,46437,31730,14707,4.793473549034754,15.135277840247968,10.341804291213215,21368.18,2024-12-16,2024-12-16,22096.66,0.03409181315395138,2024-12-17,2024-12-17,22001.08,0.02961880702989217,2024-12-18,2024-12-18,21209.32,-0.007434418841473667,2024-12-19,2024-12-19,21110.51,-0.01205858430619744,2024-12-20,2024-12-20,21289.15,-0.0036984899977442476,0.03409181315395138,-0.004325540602063804,-0.035987324258627384,-0.00465880094222737,0.00846213568502141,-0.03654443703256505,0.00654095373756669,1.9956553388295593,6040.0,0.7853243851771197,-1.2103309536524378,-3.0823435693992884,-9342.0,-2.7778244373350347,0.3045191320642573,-1.0870141620002758,-3303.0,-1.0546938549906173,0.03232030700966959,1.0866882305697305,3302.0,1.0546938549906066,-0.03199437557912432,0.02961880702989217,0.020098576481478503,-0.016660754448904913,-0.009132317305451387,-0.09318617682928543,0.026850204369300412,0.2012576176351939,20.0,NASDAQ-100 Index x $20,427363.6,36077607748.4,20904490494.0,15173117254.4,2581276144.0,8015204318.0,65290473990.0,86748827709.59999,-21458353719.6,-3992430751.2,-8365215106.4,111275224713.59999,117560888542.4,-6285663828.799999,-1411581970.8,-350010788.4,19845483493.2,13560247028.0,6285236465.2,1411154607.1999998,349583424.79999995
2024-12-17,NASDAQ-100 Consolidated - CHICAGO MERCANTILE EXCHANGE,340251,85940,50256,35684,10.487551836732296,25.25782437083212,14.770272534099826,28908,8.496080834442807,178811,225447,-46636,-13.706352075379646,52.55267434923042,66.25902642461007,293659,304612,-10953,-3.2190941393265557,86.30657955450535,89.5256736938319,46592,35640,10952,3.2188002386473515,13.69342044549465,10.474620206847298,22001.08,2024-12-23,2024-12-23,21503.17,-0.022631161742969086,2024-12-24,2024-12-24,21797.65,-0.009246364269390406,2024-12-25,2024-12-26,21768.311,-0.010579889714504964,2024-12-26,2024-12-26,21768.311,-0.010579889714504964,2024-12-27,2024-12-27,21473.02,-0.02400154901486662,-0.022631161742969086,0.013694725010312547,-0.00134597078125398,0.0,-0.013565177381010485,-0.001402118850383327,0.02961880702989217,-1.0843176733601716,180.0,-2.2569810644004136,-1.1726633910402438,2.6589909837475734,3575.0,2.7585000476199966,0.09950906387241787,1.5747053411387437,3755.0,1.4418573947533275,-0.13284794638542508,-1.5746733103874027,-3755.0,-1.4418573947533169,0.13281591563408313,-0.009246364269390406,-0.044948247995098556,-0.037636379668634534,-0.05652767955027671,-0.11443624585702161,-0.01281755259287276,0.14235023917007705,20.0,NASDAQ-100 Index x $20,440021.60000000003,37815456304.0,22113725529.600002,15701730774.400002,79203888.0,7746140246.400001,78680702317.6,99201549655.20001,-20520847337.600002,1573077220.0000002,-6490758621.6,129216303034.40001,134035859619.20001,-4819556584.8,1652281108.0000002,1255381624.8000002,20501486387.2,15682369824.000002,4819116563.200001,-1652281108.0000002,-1255821646.4
2024-12-24,NASDAQ-100 Consolidated - CHICAGO MERCANTILE EXCHANGE,251693,78928,50836,28092,11.161216243598352,31.35883794940662,20.197621705808267,2678,1.0639946283766335,126302,167033,-40731,-16.18281001060816,50.18097444108497,66.36378445169314,207907,220547,-12640,-5.021991076430413,82.60340970944762,87.62540078587804,43786,31146,12640,5.021991076430413,17.39659029055238,12.374599214121966,21797.65,2024-12-30,2024-12-30,21197.09,-0.027551593864476254,2024-12-31,2024-12-31,21012.17,-0.03603507717575072,2025-01-01,2025-01-02,20975.619,-0.037711909311324954,2025-01-02,2025-01-02,20975.619,-0.037711909311324954,2025-01-03,2025-01-03,21326.16,-0.021630313359467745,-0.027551593864476254,-0.00872383897978457,-0.0017395157187477528,0.0,0.016711831007228062,0.006089043354535972,-0.009246364269390406,0.673664406866056,-7592.0,6.1010135785744986,5.427349171708441,-2.476457935228515,5905.0,-2.3716999081454517,0.10475802708306503,-1.8028969371038572,-1687.0,-3.7031698450577295,-1.9002729079538625,1.8031908377830614,1688.0,3.7031698450577277,1.899979007274668,-0.03603507717575072,-0.028654969687099352,-0.04772257559874582,-0.010603895374042716,-0.06926526483359441,0.018023502533530023,0.1738802118577003,20.0,NASDAQ-100 Index x $20,435953.0,34408898384.0,22162106708.0,12246791676.0,-3309755176.0,4208690262.0,55061735806.0,72818537449.0,-17756801643.0,2574302465.0,-4461107049.0,90637680371.0,96148126291.0,-5510445920.0,-735452711.0,-252416787.0,19088638058.0,13578192138.0,5510445920.0,735888664.0,252416787.0
2024-12-31,NASDAQ-100 Consolidated - CHICAGO MERCANTILE EXCHANGE,258092,73675,50005,23670,9.171148272708956,28.54602234861987,19.374874075910917,3054,1.1832989786587729,134614,178134,-43520,-16.862204175255336,52.15737024006943,69.01957441532477,211343,231194,-19851,-7.6914433612820226,81.88669156734808,89.5781349286301,46749,26898,19851,7.6914433612820226,18.113308432651923,10.421865071369899,21012.17,2025-01-06,2025-01-06,21559.5,0.02604823775935583,2025-01-07,2025-01-07,21173.039,0.007655991741928769,2025-01-08,2025-01-08,21180.971,0.008033487260002303,2025-01-09,2025-01-10,20847.58,-0.007833079591493708,2025-01-10,2025-01-10,20847.58,-0.007833079591493708,0.02604823775935583,-0.017925322943481925,0.0003746273739919648,-0.015740118807584413,0.0,-0.033021173960435024,-0.03603507717575072,-1.9900679708893954,-4422.0,-2.812815600786749,-0.82274762989735,-0.6793941646471744,-2789.0,1.9763957989844627,2.6557899636316336,-2.6694522848516096,-7211.0,-0.7167181420995377,1.952734142752064,2.6694522848516096,7211.0,0.7167181420995448,-1.9527341427520675,0.007655991741928769,-0.012124402191682204,0.02638185394464254,0.02145751723881939,-0.07499225448870817,0.06976723489292169,0.21180063744011224,20.0,NASDAQ-100 Index x $20,420243.39999999997,30961432494.999996,21014271217.0,9947161278.0,-1858316314.8,-2434890259.6,56570645047.6,74859637815.59999,-18288992768.0,-1172058842.6,-1114065253.3999999,88815500886.2,97157752619.59999,-8342251733.4,-3030375157.3999996,-3549375756.3999996,19645958706.6,11303706973.199999,8342251733.4,3030375157.3999996,3549375756.3999996
2025-01-07,NASDAQ-100 Consolidated - CHICAGO MERCANTILE EXCHANGE,247811,70285,52119,18166,7.330586616413315,28.362340654773195,21.031754038359878,5333,2.152043291056491,127757,161004,-33247,-13.416272885384425,51.5542086509477,64.97048153633213,203374,218455,-15081,-6.085686268971111,82.06818906343948,88.15387533241059,44437,29356,15081,6.085686268971111,17.931810936560524,11.846124667589413,21173.039,2025-01-13,2025-01-13,20784.721,-0.018340210869115192,2025-01-14,2025-01-14,20757.41,-0.01963010600414994,2025-01-15,2025-01-15,21237.85,0.003061015473498907,2025-01-16,2025-01-16,21091.25,-0.00386288430300441,2025-01-17,2025-01-17,21441.16,0.012663321500517633,-0.018340210869115192,-0.0013139940632352909,0.023145469497398707,-0.006902770289836213,0.01659029218277719,0.03158276697579909,0.007655991741928769,-1.840561656295641,-5504.0,-0.1836816938466761,1.6568799624489614,3.445931289870911,10273.0,-0.6031615891217328,-4.049092878992639,1.6057570923109115,4770.0,0.18149749609139576,-1.424259596219514,-1.6057570923109115,-4770.0,-0.1814974960913993,1.424259596219514,-0.01963010600414994,0.01858358641855795,0.013696663950791388,0.018602950667591767,-0.1928225324668792,0.07222444543742634,0.21096036331865253,20.0,NASDAQ-100 Index x $20,423460.78,29762940922.300003,22070352392.82,7692588529.4800005,-2330728133.1200004,-7341963003.64,54100078870.46001,68178879423.12,-14078800552.660002,4350212592.940001,7183588671.92,86120912671.72,92507124694.90001,-6386212023.18,2019907920.6000001,-157950870.94,18817326680.86,12431114657.68,6386212023.18,-2019907920.6000001,158374331.72
2025-01-14,NASDAQ-100 Consolidated - CHICAGO MERCANTILE EXCHANGE,261461,62016,52315,9701,3.7103047873296586,23.719025017115364,20.008720229785702,8230,3.147696979664271,147007,171162,-24155,-9.238471512003702,56.22521140820237,65.46368292020607,217253,231707,-14454,-5.528166724674043,83.09193340498202,88.62010012965604,44209,29754,14455,5.528549190892714,16.908449061236666,11.379899870343952,20757.41,2025-01-20,2025-01-21,21566.51,0.03897885140776225,2025-01-21,2025-01-21,21566.51,0.03897885140776225,2025-01-22,2025-01-22,21853.0,0.05278066965001904,2025-01-23,2025-01-23,21900.93,0.055089724585100086,2025-01-24,2025-01-24,21774.01,0.048975281598234055,0.03897885140776225,0.0,0.013284022310517729,0.0021932915389191177,-0.005795187692942849,0.009621399104444706,-0.01963010600414994,-3.6202818290836567,-8465.0,-4.643315637657832,-1.0230338085741764,4.177801373380722,9092.0,4.671002757254669,0.49320138387393797,0.557519544297068,627.0,1.023744341542539,0.4662247972454452,-0.5571370780783971,-626.0,-1.0233618753238574,-0.4662247972454612,0.03897885140776225,0.03399407729577053,0.03899860339030736,0.0450976301956747,-0.09284298956372694,0.10247810300032612,0.24013299347076544,20.0,NASDAQ-100 Index x $20,415148.2,25745830771.2,21718478083.0,4027352688.2000003,-3514229513.0,-10786795680.6,61029691437.4,71057596208.40001,-10027904771.0,3774527434.4,9332946684.2,90192191894.6,96192743977.40001,-6000552082.8,260297921.4,-1453433848.2,18353286773.8,12352319542.800001,6000967231.0,-259882773.20000002,1454264144.6000001
2025-01-21,NASDAQ-100 Consolidated - CHICAGO MERCANTILE EXCHANGE,263439,69166,50343,18823,7.145107596065882,26.255034372283525,19.109926776217645,10839,4.1144249712457155,136047,172556,-36509,-13.85861622614723,51.64269527290948,65.5013114990567,216052,233739,-17687,-6.713888224598484,82.01215461643872,88.7260428410372,47387,29701,17686,6.713508630081347,17.98784538356128,11.274336753479933,21566.51,2025-01-27,2025-01-27,21127.279,-0.020366345783346507,2025-01-28,2025-01-28,21463.039,-0.004797762827643326,2025-01-29,2025-01-29,21411.461,-0.007189341251783388,2025-01-30,2025-01-30,21508.119,-0.0027074848920849437,2025-01-31,2025-01-31,21478.051,-0.004101683582554583,-0.020366345783346507,0.015892250014779563,-0.0024031079662112376,0.004514311284036232,-0.0013979837102444659,0.01660280057834229,0.03897885140776225,3.4348028087362237,9122.0,2.5360093551681615,-0.8987934535680573,-4.620144714143528,-12354.0,-4.582516135292892,0.037628578850629424,-1.1857214999244405,-3233.0,-1.079778788543294,0.10594271138116085,1.1849594391886331,3231.0,1.0793963223246124,-0.10556311686401898,-0.004797762827643326,1.9010957266640816e-05,0.005889223615689332,0.027732767146840365,-0.15255597683630773,0.06941642389056013,0.15862835479639514,20.0,NASDAQ-100 Index x $20,431330.19999999995,29833384613.199997,21714456258.6,8118928354.599999,3934594084.3999996,-3997999623.7999997,58681179719.399994,74428613991.2,-15747434271.8,-5328653290.799999,1821076104.3999999,93189752370.4,100818689617.79999,-7628937247.4,-1394490536.6,-2176923519.3999996,20439444187.399998,12810938270.199999,7628505917.199999,1393627876.1999998,2176492189.2
2025-01-28,NASDAQ-100 Consolidated - CHICAGO MERCANTILE EXCHANGE,279517,81725,49885,31840,11.391078181291299,29.23793543863164,17.84685725734034,15994,5.722013330137344,136735,179799,-43064,-15.406576344193734,48.9183126607684,64.32488900496213,234453,245677,-11224,-4.0154981629024356,83.87790366954425,87.89340183244668,45063,33840,11223,4.015140402909304,16.121738570462618,12.106598167553315,21463.039,2025-02-03,2025-02-03,21297.58,-0.0077090201438854145,2025-02-04,2025-02-04,21566.92,0.004839994932683833,2025-02-05,2025-02-05,21658.16,0.009091023875975823,2025-02-06,2025-02-06,21774.07,0.014491470662658656,2025-02-07,2025-02-07,21491.311,0.0013172412350366258,-0.0077090201438854145,0.01264650725575378,0.004230553087784417,0.005351793504157376,-0.012986042572656342,0.009096385598739376,-0.004797762827643326,4.245970585225416,13017.0,2.9829010663481164,-1.2630695188773053,-1.547960118046504,-6555.0,-2.7243826121410777,-1.1764224940945667,2.698390061696048,6463.0,1.8657490531055316,-0.8326410085905138,-2.6983682271720433,-6463.0,-1.8661068130986607,0.8322614140733826,0.004839994932683833,0.01073850725426162,0.03268735615678664,-0.017508657557767093,-0.08936712084435017,0.08597393873253445,0.2085772196565454,20.0,NASDAQ-100 Index x $20,429260.78,35081337245.5,21413674010.300003,13667663235.2,5587687573.26,3507060572.6000004,58694972753.3,77180658983.22,-18485686229.920002,-2813804412.9,195742915.68,100641477653.34001,105459500648.06001,-4818022994.72,2774312421.1400003,3703232749.0600004,19343778529.14,14526184795.2,4817593733.940001,-2774312421.1400003,-3703662009.84
2025-02-04,NASDAQ-100 Consolidated - CHICAGO MERCANTILE EXCHANGE,271345,70683,50690,19993,7.36811070777055,26.049125651845433,18.681014944074885,17087,6.297149385468684,140764,171561,-30797,-11.349757688551474,51.8763935211631,63.226151209714565,228534,239338,-10804,-3.9816469807809245,84.22266855847722,88.20431553925813,42812,32007,10805,3.9820155153033965,15.777699976045255,11.79568446074186,21566.92,2025-02-10,2025-02-10,21756.73,0.008800978535646209,2025-02-11,2025-02-11,21693.52,0.005870101062182442,2025-02-12,2025-02-12,21719.26,0.007063595543545409,2025-02-13,2025-02-13,22030.711,0.021504739666118322,2025-02-14,2025-02-14,22114.689,0.025398573370699173,0.008800978535646209,-0.002905307920813449,0.0011865294336741439,0.01433985319941855,0.0038118606340031835,0.016452794146914584,0.004839994932683833,-4.022967473520748,-11847.0,-3.1888097867862086,0.8341576867345459,4.05681865564226,12267.0,2.958080860394702,-1.0987377952475654,0.03385118212151106,420.0,0.3447648889329713,0.3109137068114478,-0.03312488760590737,-418.0,-0.34403859441736273,-0.3109137068114549,0.005870101062182442,0.027713229334555,-0.022241006133467245,-0.056308040276497495,-0.0823283992336411,0.06730868385471833,0.1748835253248957,20.0,NASDAQ-100 Index x $20,431338.39999999997,30488292127.199997,21864543496.0,8623748631.199999,-5110066024.799999,788055256.8,60716918537.6,74000847242.4,-13283928704.8,5291228152.799999,1056779079.9999999,98575489905.59999,103235669979.2,-4660180073.599999,181162128.0,1844834336.8,18466459580.8,13805848168.8,4660611412.0,-180299451.2,-1844402998.3999999
2025-02-11,NASDAQ-100 Consolidated - CHICAGO MERCANTILE EXCHANGE,276366,68694,53824,14870,5.380546087434778,24.856168993291504,19.475622905856728,18093,6.546753218557999,147909,170886,-22977,-8.313974946266907,53.51924621697315,61.83322116324005,234696,242803,-8107,-2.9334288588321282,84.92216842882266,87.85559728765477,41670,33563,8107,2.9334288588321282,15.077831571177352,12.144402712345222,21693.52,2025-02-17,2025-02-18,22164.609,0.021715655181823834,2025-02-18,2025-02-18,22164.609,0.021715655181823834,2025-02-19,2025-02-19,22175.6,0.022222304171936935,2025-02-20,2025-02-20,22068.061,0.01726510958111005,2025-02-21,2025-02-21,21614.08,-0.0036619230074234066,0.021715655181823834,0.0,0.0004958806176096342,-0.004849429102256386,-0.020571857219354284,-0.024838200394150856,0.005870101062182442,-1.987564620335772,-5123.0,-1.1929566585539284,0.7946079617818427,3.0357827422845673,7820.0,1.6428526958100491,-1.3929300464745182,1.0482181219487963,2697.0,0.6994998703454343,-0.34871825160335845,-1.0485866564712683,-2698.0,-0.6998684048679031,0.348718251603362,0.021715655181823834,-0.027947055157484857,-0.06181527940140663,-0.1067857590653799,-0.022855719127186314,0.09890875247539355,0.15830169562154972,20.0,NASDAQ-100 Index x $20,433870.4,29804293257.600002,23352640409.600002,6451652848.0,-2222718059.2000003,2242676097.6,64173336993.600006,74142377174.40001,-9969040180.800001,3392866528.0,511099331.20000005,101827647398.40001,105345034731.20001,-3517387332.8,1170148468.8,2753775428.8,18079379568.0,14561992235.2,3517387332.8,-1170582339.2,-2754209299.2000003
2025-02-18,NASDAQ-100 Consolidated - CHICAGO MERCANTILE EXCHANGE,303715,82935,71129,11806,3.8871968786526843,27.306850172036285,23.4196532933836,19853,6.536720280526151,158729,175612,-16883,-5.558829824012643,52.26248291984261,57.82131274385526,261517,266594,-5077,-1.671632945359959,86.10605337240506,87.77768631776502,42198,37121,5077,1.671632945359959,13.89394662759495,12.22231368223499,22164.609,2025-02-24,2025-02-24,21352.08,-0.036658846542251156,2025-02-25,2025-02-25,21087.25,-0.04860717371553902,2025-02-26,2025-02-26,21132.92,-0.046546681694227154,2025-02-27,2025-02-27,20550.949,-0.07280344986009002,2025-02-28,2025-02-28,20884.41,-0.05775869991661031,-0.036658846542251156,-0.012403007107504416,0.0021657636723610985,-0.02753859854672225,0.016226063331673757,-0.0219027841784033,0.021715655181823834,-1.493349208782094,-3064.0,2.45068117874478,3.9440303875268725,2.7551451222542633,6094.0,-1.25676329713054,-4.011908419384788,1.2617959134721692,3030.0,1.1838849435823988,-0.0779109698897571,-1.2617959134721692,-3030.0,-1.1838849435824024,0.07791096988976776,-0.04860717371553902,-0.08175555905362475,-0.12577023127274656,-0.12096987589539698,-0.035969053187448585,0.055049967269894085,0.11446134691570675,20.0,NASDAQ-100 Index x $20,443292.18,36764436948.3,31530929471.22,5233507477.08,-1358247239.52,-3110581227.06,70363324439.22,77847426314.16,-7484101874.94,2701422544.92,8700052324.68,115928441037.06,118179035434.92,-2250594397.86,1343175305.4,5589914389.8,18706043411.64,16455449013.78,2250594397.86,-1343175305.4,-5589471097.62
2025-02-25,NASDAQ-100 Consolidated - CHICAGO MERCANTILE EXCHANGE,301391,77286,53870,23416,7.769309634328829,25.643101486109405,17.873791851780577,20410,6.771934132074282,152203,194367,-42164,-13.989800624438024,50.50018082822646,64.48998145266448,249899,268647,-18748,-6.220490990109194,82.91521644641014,89.13570743651934,51492,32744,18748,6.220490990109194,17.084783553589855,10.864292563480662,21087.25,2025-03-03,2025-03-03,20425.58,-0.031377728248111914,2025-03-04,2025-03-04,20352.529,-0.034841954261461416,2025-03-05,2025-03-05,20628.461,-0.021756701324259997,2025-03-06,2025-03-06,20052.631,-0.04906372333993281,2025-03-07,2025-03-07,20201.369,-0.04201026686741993,-0.031377728248111914,-0.003576446788781662,0.013557627162698038,-0.027914346106575727,0.007417380791577832,-0.0109769710333808,-0.04860717371553902,3.882112755676145,11610.0,-1.6637486859268797,-5.545861441603023,-8.430970800425381,-25281.0,-1.7623020916161494,6.668668708809221,-4.548858044749235,-13671.0,-3.1908369259949154,1.3580211187543227,4.548858044749235,13671.0,3.1908369259949048,-1.358021118754328,-0.034841954261461416,-0.08110535987385747,-0.0760597517457231,-0.037910111560302995,0.015542092970871169,0.11561673523100446,0.18446165336874176,20.0,NASDAQ-100 Index x $20,421745.0,32594984070.0,22719403150.0,9875580920.0,4896459450.0,-3552779880.0,64190854235.0,81973310415.0,-17782456180.0,-10662135345.0,379570500.0,105393653755.0,113300529015.0,-7906875260.0,-5765675895.0,-3173209380.0,21716493540.0,13809618280.0,7906875260.0,5765675895.0,3173631125.0
2025-03-04,NASDAQ-100 Consolidated - CHICAGO MERCANTILE EXCHANGE,304391,73119,54189,18930,6.218974936841103,24.021406677595593,17.80243174075449,24722,8.121790723115991,156125,195979,-39854,-13.093028374689133,51.29093829975262,64.38396667444175,253965,274890,-20925,-6.874381962673009,83.43380717563923,90.30818913831223,50426,29502,20924,6.874053437848031,16.566192824360773,9.692139386512743,20352.529,2025-03-10,2025-03-10,19430.949,-0.04528085919936531,2025-03-11,2025-03-11,19376.961,-0.04793350251460149,2025-03-12,2025-03-12,19596.02,-0.037170270092724,2025-03-13,2025-03-13,19225.48,-0.05537636133573376,2025-03-14,2025-03-14,19704.641,-0.0318332920690102,-0.04528085919936531,-0.002778454104326089,0.01130512674304307,-0.01890894171367452,0.024923226884322247,0.014085364538808598,-0.034841954261461416,-1.5503346974877266,-4486.0,-1.621694808513812,-0.07136011102608819,0.8967722497488904,2310.0,0.790757471526156,-0.10601477822272898,-0.6538909725638158,-2177.0,0.5185907292290892,1.17248170179289,0.6535624477388371,2176.0,-0.5185907292290821,-1.1721531769679192,-0.04793350251460149,-0.0427057492461993,-0.003178916978818558,-0.04501204739715636,0.06436797117449156,0.1414359856703804,0.21459500192826186,20.0,NASDAQ-100 Index x $20,407050.57999999996,29763131359.019997,22057663879.62,7705467479.4,-1826028901.8799999,-432694766.53999996,63550771802.49999,79773365617.81999,-16222593815.319998,940286839.8,-3686657103.0599995,103376600549.7,111894133936.19998,-8517533386.499999,-886149112.66,-4119758920.1799994,20525932547.079998,12008806211.159998,8517126335.919999,885742062.0799999,4118944819.0199995
2025-03-11,NASDAQ-100 Consolidated - CHICAGO MERCANTILE EXCHANGE,319420,73775,55056,18719,5.860309310625509,23.096549996869324,17.236240686243818,25497,7.98228038319454,163453,209539,-46086,-14.428025796756621,51.17181140817733,65.59983720493395,262725,290093,-27368,-8.568029553565838,82.25064178824118,90.81867134180702,56696,29328,27368,8.568029553565838,17.74967127919354,9.1816417256277,19376.961,2025-03-17,2025-03-17,19812.24,0.022463739282955864,2025-03-18,2025-03-18,19483.359,0.005490953922031583,2025-03-19,2025-03-19,19736.66,0.018563230838932965,2025-03-20,2025-03-20,19677.609,0.015515745735360742,2025-03-21,2025-03-21,19753.971,0.01945661138503607,0.022463739282955864,-0.01659988976511495,0.01300088963099233,-0.0029919449390118924,0.0038806544026768197,-0.0029410606776416603,-0.04793350251460149,-0.3586656262155934,-211.0,-0.9248566807262684,-0.5661910545106714,-1.334997422067488,-6232.0,-0.11912689157529144,1.2158705304921966,-1.6936475908928283,-6443.0,-1.1831653873980486,0.5104822034947887,1.693976115717807,6444.0,1.1834784548327661,-0.5104976608850436,0.005490953922031583,0.04700783574885681,0.003068541036956196,-0.11800410807453232,0.13237158293294793,0.23031681799844672,0.2879455658707266,20.0,NASDAQ-100 Index x $20,387539.22,28590705955.499996,21336359296.32,7254346659.179999,-81770775.41999999,1491638457.78,63344448126.659996,81204580619.57999,-17860132492.92,-2415144419.04,-8955643834.98,101816241574.5,112422414947.45999,-10606173372.96,-2496915194.46,-7464392916.419999,21971923617.12,11365750244.16,10606173372.96,2497302733.68,7464392916.419999
2025-03-18,NASDAQ-100 Consolidated - CHICAGO MERCANTILE EXCHANGE,320476,66391,47613,18778,5.85940912892073,20.716371896803505,14.856962767882775,44726,13.956115278523196,153927,195861,-41934,-13.084911194598037,48.03074177161472,61.115652966212764,265045,288200,-23155,-7.225190029830627,82.7035409827881,89.92873101261874,55432,32276,23156,7.225502065677306,17.296771053058578,10.07126898738127,19483.359,2025-03-24,2025-03-24,20180.449,0.03577873815290267,2025-03-25,2025-03-25,20287.83,0.04129015946377623,2025-03-26,2025-03-26,19916.99,0.02225648051755358,2025-03-27,2025-03-27,19798.619,0.01618098809348001,2025-03-28,2025-03-28,19281.4,-0.01036571773891759,0.03577873815290267,0.00532104117207699,-0.018278938654355814,-0.0059432173235013375,-0.026123993799769485,-0.04455049538293221,0.005490953922031583,-0.0009001817047789018,59.0,-2.3801781000658195,-2.3792779183610424,1.3431146021585842,4152.0,-3.141069636562605,-4.484184238721184,1.3428395237352104,4213.0,0.45289919454691585,-0.8899403291882777,-1.3425274878885318,-4212.0,-0.45290022613496106,0.8896272617535708,0.04129015946377623,-0.0024091841658310242,-0.12282065941504228,-0.03352240237425186,0.11475028510227636,0.24589656229195378,0.2718761687858853,20.0,NASDAQ-100 Index x $20,389667.18,25870393747.38,18553223441.34,7317170306.04,22990363.62,2716759578.96,59980300015.86,76320603541.98,-16340303526.119999,1617898131.36,-9761552526.18,103279337723.09999,112302081276.0,-9022743552.9,1641667829.34,-7044403280.04,21600031121.76,12576897901.68,9023133220.08,-1641278162.16,7044792947.22
2025-03-25,NASDAQ-100 Consolidated - CHICAGO MERCANTILE EXCHANGE,231229,61737,52096,9641,4.16945971309827,26.69950568484057,22.5300459717423,5236,2.264421850200451,118514,142643,-24129,-10.435109782942451,51.25395171020936,61.68906149315181,185486,199975,-14489,-6.26608254154972,80.21744677354484,86.48352931509457,45743,31254,14489,6.26608254154972,19.78255322645516,13.51647068490544,20287.83,2025-03-31,2025-03-31,19278.449,-0.0497530292791295,2025-04-01,2025-04-01,19436.42,-0.04196653856030952,2025-04-02,2025-04-02,19581.779,-0.03480170131551785,2025-04-03,2025-04-03,18521.471,-0.08706495470437203,2025-04-04,2025-04-04,17397.699,-0.14245638887944156,-0.0497530292791295,0.008194175786651492,0.007478692063662029,-0.054147684947317476,-0.060674014499172424,-0.09755712194482036,0.04129015946377623,-1.6899494158224604,-9137.0,5.983133788037065,7.673083203859525,2.649801411655586,17805.0,3.2232099385946356,0.5734085269390476,0.9591074882809076,8666.0,-2.4860942092432623,-3.445201697524169,-0.9594195241275862,-8667.0,2.485782173396583,3.445201697524171,-0.04196653856030952,-0.15760335136877623,-0.07184602788962657,-0.09914416672458326,0.09378479610682855,0.2115721592698676,0.18309592499542826,20.0,NASDAQ-100 Index x $20,405756.60000000003,25050195214.2,21138295833.600002,3911899380.6000004,-3707398054.2000003,-5589297165.000001,48087837692.4,57878338693.8,-9790501001.400002,7224496263.000001,7317820281.000001,75262168707.6,81141176085.0,-5879007377.400001,3516286695.6000004,1728117359.4,18560524153.800003,12681516776.400002,5879007377.400001,-3516692452.2000003,-1728117359.4
2025-04-01,NASDAQ-100 Consolidated - CHICAGO MERCANTILE EXCHANGE,257117,67567,53417,14150,5.503331168300813,26.2786980246347,20.77536685633389,8212,3.19387671760327,135260,163719,-28459,-11.068501888245429,52.60640097698713,63.67490286523256,211039,225348,-14309,-5.565170719944617,82.0789757192251,87.64414643916972,46078,31769,14309,5.565170719944617,17.9210242807749,12.355853560830283,19436.42,2025-04-07,2025-04-07,17430.68,-0.10319492993051183,2025-04-08,2025-04-08,17090.4,-0.12070226924505634,2025-04-09,2025-04-09,19145.061,-0.014990363451705457,2025-04-10,2025-04-10,18343.57,-0.05622691833166804,2025-04-11,2025-04-11,18690.051,-0.038400538782347726,-0.10319492993051183,-0.019521900465156783,0.12022310770959144,-0.0418641131516897,0.018888417031144966,0.07225025070737345,-0.04196653856030952,1.3338714552025426,4509.0,-0.42080766020587035,-1.7546791154084111,-0.6333921053029776,-4330.0,1.352449266777775,1.985841372080749,0.7009118216051027,180.0,1.8615289456802628,1.160617124075145,-0.7009118216051027,-180.0,-1.8615289456802593,-1.1606171240751575,-0.12070226924505634,-0.031188356703549247,-0.0596822871701681,0.005583795781322065,0.15649543485888873,0.26978064890550857,0.2214280716304753,20.0,NASDAQ-100 Index x $20,388728.39999999997,26265211802.8,20764704942.8,5500506859.999999,1752776355.6,-1858121751.9999998,52579403383.99999,63642224919.59999,-11062821535.599998,-1683193971.9999998,4429560118.0,82036852807.59999,87599167483.2,-5562314675.599999,69971112.0,2571827094.3999996,17911827215.199997,12349512539.599998,5562314675.599999,-69971112.0,-2571438366.0
2025-04-08,NASDAQ-100 Consolidated - CHICAGO MERCANTILE EXCHANGE,266758,67502,48219,19283,7.228649187653229,25.30458318026076,18.07593399260753,11325,4.245420943326911,148833,174828,-25995,-9.744787410311968,55.79326580646129,65.53805321677325,227660,234371,-6711,-2.515763351052265,85.34326993004896,87.85903328110122,39097,32386,6711,2.515763351052265,14.656355198344567,12.140591847292303,17090.4,2025-04-14,2025-04-14,18796.02,0.09979988765622805,2025-04-15,2025-04-15,18830.23,0.10180159621775964,2025-04-16,2025-04-16,18257.641,0.06829805036745773,2025-04-17,2025-04-17,18258.09,0.06832432242662545,2025-04-18,2025-04-21,17808.301,0.04200609699012303,0.09979988765622805,0.001820066162943057,-0.03040796633923215,2.459244324071186e-05,-0.02463505218782469,-0.05254936949418021,-0.12070226924505634,1.7253180193524162,5133.0,-0.9741148443739398,-2.699432863726358,1.3237144779334606,2464.0,3.1868648294741604,1.863150351540689,3.049407368892352,7598.0,3.264294210823863,0.2148868419315022,-3.049407368892352,-7598.0,-3.264669082430334,-0.21526171353798063,0.10180159621775964,0.0693962692505734,0.14362150681084107,0.15803901605579718,0.3283627065487056,0.45346100734915495,0.41613824135186994,20.0,NASDAQ-100 Index x $20,341808.0,23072723616.0,16481639952.0,6591083664.0,1754500464.0,192779712.0,50872310064.0,59757609024.0,-8885298960.0,842214912.0,6867264528.0,77816009280.0,80109882768.0,-2293873488.0,2597057184.0,7060727856.0,13363667376.0,11069793888.0,2293873488.0,-2597057184.0,-7060727856.0
2025-04-15,NASDAQ-100 Consolidated - CHICAGO MERCANTILE EXCHANGE,249669,62942,39845,23097,9.251048388065799,25.210178276037475,15.959129887971674,13829,5.538933548017575,134897,162111,-27214,-10.900031641893868,54.03033616508257,64.93036780697643,211667,215784,-4117,-1.6489832538280684,84.77904745883549,86.42803071266356,38001,33884,4117,1.6489832538280684,15.22055201086238,13.571568757034314,18830.23,2025-04-21,2025-04-21,17808.301,-0.05427065946618814,2025-04-22,2025-04-22,18276.41,-0.02941121802548352,2025-04-23,2025-04-23,18693.26,-0.007273941953975127,2025-04-24,2025-04-24,19214.4,0.02040176885784195,2025-04-25,2025-04-25,19432.561,0.03198744784317564,-0.05427065946618814,0.026285999995170783,0.022808089772553775,0.027878497383549083,0.01135403655591638,0.09120802708804177,0.10180159621775964,2.02239920041257,3814.0,-0.09440490422328551,-2.1168041046358574,-1.1552442315819,-1219.0,-1.7629296413787188,-0.6076854097968152,0.8667800972241964,2594.0,-0.5642224712134691,-1.4310025684376626,-0.8667800972241964,-2594.0,0.5641968125178138,1.4309769097420109,-0.02941121802548352,0.03795593574799683,0.05104133088124785,0.12572703572925037,0.21531123093026472,0.30531172481695656,0.37236772997462064,20.0,NASDAQ-100 Index x $20,376604.6,23704246733.199997,15005810287.0,8698436446.199999,1436369944.3999999,1626555267.3999999,50802830726.2,61051748310.6,-10248917584.4,-459081007.4,5543619712.0,79714765868.2,81265247006.4,-1550481138.1999998,976912332.4,7169798374.799999,14311351404.599998,12760870266.4,1550481138.1999998,-976912332.4,-7170174979.4
2025-04-22,NASDAQ-100 Consolidated - CHICAGO MERCANTILE EXCHANGE,257271,66624,38766,27858,10.82827057849505,25.89642827990718,15.06815770141213,15004,5.831982617551143,133102,167535,-34433,-13.38394144695671,51.7361070622029,65.1200485091596,214729,221304,-6575,-2.555670868461661,83.46412926447209,86.01980013293375,42542,35967,6575,2.555670868461661,16.535870735527904,13.980199867066245,18276.41,2025-04-28,2025-04-28,19427.289,0.06297073659433128,2025-04-29,2025-04-29,19544.949,0.06940854358158965,2025-04-30,2025-04-30,19571.02,0.07083502722908941,2025-05-01,2025-05-01,19786.711,0.08263663378092301,2025-05-02,2025-05-02,20102.609,0.09992110047870462,0.06297073659433128,0.006056429180623102,0.0013338996177478801,0.011020938101335531,0.015965159646795346,0.034761412155859706,-0.02941121802548352,1.5772221904292518,4761.0,0.6862500038697057,-0.8909721865595444,-2.483909805062842,-7219.0,-2.294229102879676,0.18968070218316768,-0.9066876146335925,-2458.0,-1.3149181943634005,-0.40823057972980337,0.9066876146335925,2458.0,1.3153187246655236,0.40863111003193175,0.06940854358158965,0.0828904582464498,0.15983932293048797,0.16912287478777288,0.2619316375590175,0.3748395335845498,0.4488332774324937,20.0,NASDAQ-100 Index x $20,365528.2,24352950796.8,14170066201.2,10182884595.6,1740279760.2,6658827219.400001,48652534476.4,61238766987.0,-12586232510.6,-2638748075.8,-3766402572.8,78489504857.8,80892852772.8,-2403347915.0,-898468315.6,2892790174.8,15550300684.4,13146952769.4,2403347915.0,898468315.6,-2892790174.8
2025-04-29,NASDAQ-100 Consolidated - CHICAGO MERCANTILE EXCHANGE,265803,65524,47148,18376,6.913390744273014,24.651339525889473,17.73794878161646,18518,6.966813768091407,138038,157073,-19035,-7.161318721007663,51.932446210163164,59.09376493117083,222079,222739,-660,-0.24830419521224364,83.55022328566645,83.79852748087869,43724,43064,660,0.24830419521224364,16.44977671433355,16.201472519121303,19544.949,2025-05-05,2025-05-05,19967.939,0.021641908607691773,2025-05-06,2025-05-06,19791.35,0.012606888869344024,2025-05-07,2025-05-07,19867.971,0.016527134452998693,2025-05-08,2025-05-08,20063.561,0.026534323522665604,2025-05-09,2025-05-09,20061.449,0.026426264913763653,0.021641908607691773,-0.008843626775903113,0.003871438785125969,0.009844487894611786,-0.00010526546110134483,0.004683007094522962,0.06940854358158965,-3.9148798342220372,-9482.0,-1.2450887540177078,2.6697910802043303,6.222622725949047,15398.0,0.1963391479602663,-6.026283577988771,2.307366673249417,5915.0,0.08609402119435572,-2.221272652055063,-2.307366673249417,-5915.0,-0.08609402119435572,2.221272652055058,0.012606888869344024,0.08456148951834042,0.09324250475148332,0.09567899102729815,0.19254857098885236,0.33088860963515443,0.3829153506616978,20.0,NASDAQ-100 Index x $20,390898.98,25613264765.52,18430105109.04,7183159656.48,-3706504128.3599997,1651939089.48,53958913401.24,61399675485.53999,-7440762084.299999,6019062494.04,3683831987.52,86810454579.42,87068447906.22,-257993326.79999998,2312167466.7,5335380178.0199995,17091667001.519999,16833673674.72,257993326.79999998,-2312167466.7,-5335380178.0199995
2025-05-06,NASDAQ-100 Consolidated - CHICAGO MERCANTILE EXCHANGE,280451,72355,53865,18490,6.5929520664928996,25.79951577994017,19.20656371344727,22357,7.971802560875162,141615,159774,-18159,-6.47492788401539,50.495451968436555,56.97037985245195,236326,235996,330,0.11766761395038705,84.26641374072477,84.14874612677437,44124,44455,-331,-0.11802418247750944,15.733229690748116,15.851253873225627,19791.35,2025-05-12,2025-05-12,20868.15,0.05440760736382333,2025-05-13,2025-05-13,21197.699,0.07105877062454069,2025-05-14,2025-05-14,21319.211,0.07719842254318188,2025-05-15,2025-05-15,21335.82,0.07803762754940924,2025-05-16,2025-05-16,21427.939,0.08269213570575018,0.05440760736382333,0.015791960475653122,0.005732320286272463,0.0007790626022698977,0.004317574857680695,0.02682504198982638,0.012606888869344024,-0.32043867778011403,114.0,1.1481762540506963,1.4686149318308104,0.6863908369922731,876.0,-1.4369942417266088,-2.123385078718883,0.3659718091626307,990.0,0.7161904550583245,0.35021864589567997,-0.36632837768975307,-991.0,-0.7165470235854325,-0.3502186458956764,0.07105877062454069,0.07963170779153517,0.0820378599741809,0.0945478706606675,0.16306169109232083,0.28519272308356935,0.41552046727484493,20.0,NASDAQ-100 Index x $20,395827.0,28640062585.0,21321221355.0,7318841230.0,45124278.0,-313890811.0,56055040605.0,63242863098.0,-7187822493.0,346744452.0,3101700372.0,93544211602.0,93413588692.0,130622910.0,391868730.0,2787017907.0,17465470548.0,17596489285.0,-131018737.0,-392264557.0,-2787413734.0
2025-05-13,NASDAQ-100 Consolidated - CHICAGO MERCANTILE EXCHANGE,307490,72026,66945,5081,1.652411460535302,23.423851182152262,21.771439721616964,24072,7.8285472698299134,162702,168509,-5807,-1.8885166997300726,52.91294025821978,54.80145695794986,258800,259526,-726,-0.23610523919477058,84.16533871020195,84.40144394939672,48690,47964,726,0.23610523919477058,15.83466128979804,15.598556050603271,21197.699,2025-05-19,2025-05-19,21447.051,0.011763163539589838,2025-05-20,2025-05-20,21367.369,0.008004170641351172,2025-05-21,2025-05-21,21080.359,-0.005535506471716634,2025-05-22,2025-05-22,21112.471,-0.004020625068786865,2025-05-23,2025-05-23,20915.66,-0.01330517052817859,0.011763163539589838,-0.003715289342110517,-0.013432163782073459,0.00152331371586234,-0.009322025830136194,-0.024776879581253408,0.07105877062454069,-4.940540605957597,-13409.0,-2.3756645977879067,2.564876008169694,4.586411184285318,12352.0,2.417488289783222,-2.1689228945020886,-0.3537728531451576,-1056.0,-0.10107503052282141,0.25269782262235196,0.35412942167228,1057.0,0.10143159904992416,-0.2526978226223555,0.008004170641351172,0.010250688058170976,0.021930729368315083,0.03510857475615614,0.12461258177125734,0.20823208217080547,0.3711299985908847,20.0,NASDAQ-100 Index x $20,423953.98,30535709363.48,28381599191.1,2154110172.38,-5684798917.82,-7637954903.679999,68978160453.95999,71440061215.81999,-2461900761.8599997,5236679560.96,9075582849.859999,109719290024.0,110027080613.48,-307790589.47999996,-447695402.88,1437627946.1799998,20642319286.2,20334528696.719997,307790589.47999996,448119356.85999995,-1437627946.1799998
2025-05-20,NASDAQ-100 Consolidated - CHICAGO MERCANTILE EXCHANGE,301110,69089,68455,634,0.2105542824881273,22.94477101391518,22.734216731427054,23361,7.758294311049118,160165,160508,-343,-0.11391185945335593,53.19152469197304,53.30543655142639,252615,252325,290,0.0963103184882601,83.89459001693733,83.79827969844908,48495,48785,-290,-0.0963103184882601,16.105409983062668,16.201720301550928,21367.369,2025-05-26,2025-05-27,21414.99,0.002228678692262065,2025-05-27,2025-05-27,21414.99,0.002228678692262065,2025-05-28,2025-05-28,21318.17,-0.002302529618878224,2025-05-29,2025-05-29,21363.949,-0.00016005714133537907,2025-05-30,2025-05-30,21340.99,-0.0012345460033005295,0.002228678692262065,0.0,-0.004521132160229979,0.0021474169687174527,-0.0010746608691117876,-0.003455523444092168,0.008004170641351172,-1.4418571780471747,-4447.0,-0.47908016823708266,0.9627770098100896,1.7746048402767167,5464.0,0.2785844337532595,-1.4960204065234706,0.33241555768303066,1016.0,-0.2707486932646219,-0.6031642509476427,-0.33241555768303066,-1016.0,0.27074869326462725,0.6031642509476569,0.002228678692262065,0.013815973318942687,0.02688917854135431,0.016460192174338584,0.09441504005476764,0.14675325726812694,0.3487313295333647,20.0,NASDAQ-100 Index x $20,427347.38,29525003136.82,29254064897.9,270938238.92,-1900413798.8600001,-11634105073.12,68446093117.7,68592673269.04,-146580151.34,2335026084.32,14568272184.2,107954358398.7,107830427658.5,123930740.2,434184938.08,2933739763.7,20724211193.1,20848141933.3,-123930740.2,-434184938.08,-2933739763.7
2025-05-27,NASDAQ-100 Consolidated - CHICAGO MERCANTILE EXCHANGE,295593,72608,67349,5259,1.77913550050238,24.563504548483895,22.784369047981514,22603,7.646662810012415,148665,157729,-9064,-3.066378432506859,50.29381615938131,53.36019459188817,243876,247680,-3804,-1.2869046290000101,82.50398351787763,83.79088814687763,51717,47913,3804,1.2869046290000101,17.49601648212238,16.20911185312237,21414.99,2025-06-02,2025-06-02,21491.75,0.0035844051293041357,2025-06-03,2025-06-03,21662.58,0.01156152769625396,2025-06-04,2025-06-04,21721.92,0.014332483928313655,2025-06-05,2025-06-05,21547.43,0.006184453039669746,2025-06-06,2025-06-06,21761.789,0.01619421722821257,0.0035844051293041357,0.007948631451603516,0.0027392859022330462,-0.00803289948586483,0.009948239766877087,0.012564774855467808,0.002228678692262065,1.5685812180142527,4625.0,1.6187335345687153,0.05015231655445973,-2.952466573053503,-8721.0,-2.8977085325917287,0.05475804046177757,-1.3832149474882702,-4094.0,-1.3906064990597002,-0.007391551571444666,1.3832149474882702,4094.0,1.390606499059711,0.007391551571441113,0.01156152769625396,0.02460566173507428,0.014199866542081052,0.0362143526567138,0.09854307660195016,0.1682638656380413,0.400949521806921,20.0,NASDAQ-100 Index x $20,428299.80000000005,31097991878.4,28845563230.200005,2252428648.2000003,1980886575.0000002,-5618008476.6,63673189767.00001,67555299154.200005,-3882109387.2000003,-3735202555.8,4270577305.8000007,104452042024.80002,106081294464.00002,-1629252439.2000003,-1753459381.2000003,-1346574571.2,22150380756.600002,20521128317.4,1629252439.2000003,1753459381.2000003,1346574571.2
2025-06-03,NASDAQ-100 Consolidated - CHICAGO MERCANTILE EXCHANGE,298126,70925,64958,5967,2.001502720326305,23.79027659446006,21.788773874133753,23765,7.971461730945976,151501,162916,-11415,-3.828917974279331,50.81777503471686,54.646693008996195,246191,251639,-5448,-1.8274152539530266,82.5795133601229,84.40692861407592,51935,46487,5448,1.8274152539530266,17.4204866398771,15.593071385924073,21662.58,2025-06-09,2025-06-09,21797.869,0.0062452856492623,2025-06-10,2025-06-10,21941.92,0.01289504758897575,2025-06-11,2025-06-11,21860.801,0.009150387442308228,2025-06-12,2025-06-12,21913.32,0.011574798569699452,2025-06-13,2025-06-13,21631.039,-0.0014560130880071354,0.0062452856492623,0.006608490031754899,-0.0036969873192500557,0.002402427980566779,-0.012881708476853326,-0.007653500440799932,0.01156152769625396,0.22236721982392527,708.0,-0.7732279540238345,-0.9955951738477609,-0.7625395417724721,-2351.0,0.523958875335552,1.286498417108028,-0.5405106249530165,-1644.0,0.07552984224527393,0.6160404671982889,0.5405106249530165,1644.0,-0.07552984224527748,-0.616040467198296,0.01289504758897575,0.0026081842513681064,0.024371058294995196,0.03764791636083964,0.07240730328520417,0.17972369865454607,0.41537157623884124,20.0,NASDAQ-100 Index x $20,433251.60000000003,30728369730.000004,28143157432.800003,2585212297.2000003,306742132.8,-5425609786.8,65638050651.600006,70583617665.6,-4945567014.0,-1018574511.6,2921848790.4,106662644655.6,109022999372.40001,-2360354716.8,-712265630.4000001,-2503327744.8,22500921846.0,20140567129.2,2360354716.8,712265630.4000001,2503760996.4
2025-06-10,NASDAQ-100 Consolidated - CHICAGO MERCANTILE EXCHANGE,298671,71327,62215,9112,3.050848592598545,23.881461541294602,20.830612948696057,24558,8.22242534427514,150773,165000,-14227,-4.763435351942438,50.481298820441225,55.24473417238366,246657,251774,-5117,-1.713256392485377,82.58485088944022,84.2981072819256,52013,46897,5116,1.7129215759146352,17.41481429398904,15.701892718074403,21941.92,2025-06-16,2025-06-16,21937.57,-0.00019825065445500112,2025-06-17,2025-06-17,21719.08,-0.010155902491668756,2025-06-18,2025-06-18,21719.689,-0.010128147400045195,2025-06-19,2025-06-20,21626.391,-0.014380190976906237,2025-06-20,2025-06-20,21626.391,-0.014380190976906237,-0.00019825065445500112,-0.009959626339653749,2.8039861725170923e-05,-0.004295549535723087,0.0,-0.014184752458909489,0.01289504758897575,1.04934587227224,3145.0,0.09118494683454159,-0.9581609254376957,-0.934517377663107,-2812.0,-0.3364762142756348,0.5980411633874638,0.11415886146764964,331.0,0.005337529317316125,-0.10882133215032752,-0.11449367803839139,-332.0,-0.005672345888061869,0.1088213321503293,-0.010155902491668756,0.01132991096494762,0.024437742914020344,0.03465193565558544,0.08649566674201714,0.16984698695465128,0.3255221056315949,20.0,NASDAQ-100 Index x $20,438838.39999999997,31301026556.8,27302331055.999996,3998695500.7999997,1380146768.0,1768957590.3999999,66164982083.2,72408336000.0,-6243353916.799999,-1234013580.8,-3695019327.9999995,108242563228.79999,110488099321.59999,-2245536092.7999997,145255510.39999998,-1926939414.3999999,22825301699.199997,20580204444.8,2245097254.3999996,-145694348.79999998,1926500575.9999998
2025-06-17,NASDAQ-100 Consolidated - CHICAGO MERCANTILE EXCHANGE,334937,70973,63595,7378,2.2028023180478717,21.189955125889345,18.987152807841476,35835,10.699026981193478,176194,186275,-10081,-3.0098197571483594,52.605116783156234,55.61493654030459,283002,285704,-2702,-0.8067188754900175,84.49409889023906,85.30081776572908,51935,49233,2702,0.8067188754900175,15.50590110976094,14.699182234270921,21719.08,2025-06-23,2025-06-23,21856.33,0.006319328443009642,2025-06-24,2025-06-24,22190.52,0.02170626011783172,2025-06-25,2025-06-25,22237.74,0.023880385357022416,2025-06-26,2025-06-26,22447.289,0.033528538041206035,2025-06-27,2025-06-27,22534.199,0.037530088751457136,0.006319328443009642,0.015290307201620612,0.002127935713088336,0.009423124831929863,0.0038717370280214602,0.031014767804109722,-0.010155902491668756,-0.8480462745506734,-1734.0,-2.6915064154052573,-1.8434601408545817,1.7536155947940788,4146.0,2.123817962715009,0.37020236792093186,0.9065375169953594,2415.0,1.90924800079884,1.002710483803483,-0.9062027004246177,-2414.0,-1.9089131842280995,-1.0027104838034813,0.02170626011783172,0.034948579774097155,0.04526757118625646,0.053662954416116904,0.11764632756083593,0.15718248655099565,0.3798066492687535,20.0,NASDAQ-100 Index x $20,434381.60000000003,30829365296.800003,27624497852.000004,3204867444.8,-753217694.4000001,2929469510.4,76535431630.40001,80914432540.0,-4379000909.6,1800946113.6000001,-4230008020.8,122930861563.20001,124104560646.40001,-1173699083.2,1049031564.0000001,-1299669747.2,22559608396.0,21385909312.800003,1173699083.2,-1048597182.4000001,1299669747.2
2025-06-24,NASDAQ-100 Consolidated - CHICAGO MERCANTILE EXCHANGE,259948,77302,58942,18360,7.062951051748811,29.737485958730208,22.674534906981396,9890,3.8046070752612065,132978,155716,-22738,-8.747134042193053,51.155615738532326,59.90274978072537,220169,224548,-4379,-1.6845676827673226,84.69732408020066,86.38189176296798,39779,35400,4379,1.6845676827673226,15.302675919799343,13.618108237032022,22190.52,2025-06-30,2025-06-30,22679.01,0.022013454394038456,2025-07-01,2025-07-01,22478.131,0.012960985141402759,2025-07-02,2025-07-02,22641.891,0.02034071306125318,2025-07-03,2025-07-03,22866.971,0.030483783165063283,2025-07-04,2025-07-07,22685.57,0.022309076128004257,0.022013454394038456,-0.008857485401699505,0.007285303213154126,0.009940865804892507,-0.007932882759155158,0.0002892542487524796,0.02170626011783172,4.86014873370094,10982.0,8.547530832840863,3.6873820991399207,-5.737314285044694,-12657.0,-1.4495010446239078,4.287813240420782,-0.8778488072773051,-1677.0,0.2032251899616,1.081073997238903,0.8778488072773051,1677.0,-0.20322518996159644,-1.0810739972388994,0.012960985141402759,0.023060748463758385,0.03127777086792016,0.03934382790488922,0.10768787752607856,0.15309735869191,0.322513848255922,20.0,NASDAQ-100 Index x $20,443810.4,34307431540.800003,26159072596.800003,8148358944.0,4873925812.8,5814360050.400001,59017019371.200005,69108380246.40001,-10091360875.2,-5617308232.8,-6068663409.6,97713291957.6,99656737699.20001,-1943445741.6000001,-744270040.8000001,-255190980.0,17654333901.600002,15710888160.0,1943445741.6000001,744270040.8000001,255190980.0
2025-07-01,NASDAQ-100 Consolidated - CHICAGO MERCANTILE EXCHANGE,274168,78932,48452,30480,11.117271162207114,28.789647223600127,17.672376061393013,10073,3.674024685594234,141599,182721,-41122,-14.998832832423915,51.64680050188206,66.64563333430597,230603,241245,-10642,-3.8815616702168017,84.1101076712089,87.99166934142569,43565,32923,10642,3.8815616702168017,15.889892328791106,12.008330658574305,22478.131,2025-07-07,2025-07-07,22685.57,0.009228480784278625,2025-07-08,2025-07-08,22702.25,0.009970535361681021,2025-07-09,2025-07-09,22864.91,0.017206902121889023,2025-07-10,2025-07-10,22829.26,0.015620916169587051,2025-07-11,2025-07-11,22780.6,0.013456145441985257,0.009228480784278625,0.0007352691600872596,0.00716492858637352,-0.0015591576787313821,-0.002131475133228089,0.004189006491791769,0.012960985141402759,4.054320110458303,12120.0,-0.9478387351300803,-5.002158845588383,-6.251698790230861,-18384.0,0.49118476334973593,6.742883553580597,-2.196993987449479,-6263.0,-0.5872164089917646,1.6097775784577095,2.196993987449479,6263.0,0.5872164089917629,-1.6097775784577166,0.009970535361681021,0.01808241975278091,0.02604527040081761,0.0369323410384963,0.09795560849787743,0.1327703802420228,0.34692470650695983,20.0,NASDAQ-100 Index x $20,449562.62,35484876721.84,21782208064.24,13702668657.6,5448698954.4,11020128504.06,63657617429.38,82144531489.02,-18486914059.64,-8264759206.08,-13355156752.34,103670488859.86,108454734261.9,-4784245402.04,-2815610689.06,-2335028248.28,19585195540.3,14800950138.26,4784245402.04,2815610689.06,2335028248.28
2025-07-08,NASDAQ-100 Consolidated - CHICAGO MERCANTILE EXCHANGE,279888,82108,46895,35213,12.581103870119476,29.33602012233465,16.75491625221517,13129,4.690804893385925,141437,185838,-44401,-15.863845538215285,50.53342765677699,66.39727319499228,236674,245863,-9189,-3.283098953867261,84.56025267249757,87.84335162636484,43214,34025,9189,3.283098953867261,15.43974732750243,12.156648373635168,22702.25,2025-07-14,2025-07-14,22855.631,0.0067562025790395275,2025-07-15,2025-07-15,22884.59,0.008031803015119632,2025-07-16,2025-07-16,22907.971,0.009061700932726957,2025-07-17,2025-07-17,23081.051,0.01668561486196296,2025-07-18,2025-07-18,23065.471,0.015999339272539048,0.0067562025790395275,0.0012670400567806883,0.0010216918896077676,0.007555448712589952,-0.0006750125893313363,0.009181107272864253,0.009970535361681021,1.4638327079123616,4733.0,0.5463728987345213,-0.9174598091778421,-0.8650127057913704,-3279.0,-1.1133728451050686,-0.2483601393136894,0.5984627163495406,1453.0,0.45014500128867496,-0.14831771506085545,-0.5984627163495406,-1453.0,-0.45014500128867674,0.14831771506086255,0.008031803015119632,0.015916043563964033,0.026695635895120473,0.013933024259709992,0.09417480646191456,0.12939074320827237,0.28502769549273754,20.0,NASDAQ-100 Index x $20,454045.0,37280726860.0,21292440275.0,15988286585.0,2148994985.0,11851028545.0,64218762665.0,84378814710.0,-20160052045.0,-1488813555.0,-13700353830.0,107460646330.0,111632865835.0,-4172219505.0,659727385.0,-1848871240.0,19621100630.0,15448881125.0,4172219505.0,-659727385.0,1849325285.0
2025-07-15,NASDAQ-100 Consolidated - CHICAGO MERCANTILE EXCHANGE,281893,86207,47050,39157,13.890731589645716,30.58146176031331,16.690730170667596,9307,3.3016073474687206,145299,189224,-43925,-15.582153512148226,51.54402556998578,67.126179082134,240812,245581,-4769,-1.691776667033236,85.42673993323709,87.11851660027031,41081,36313,4768,1.6914219225025098,14.573260066762922,12.88183814426041,22884.59,2025-07-21,2025-07-21,23180.061,0.012911352136962151,2025-07-22,2025-07-22,23063.58,0.007821420440567328,2025-07-23,2025-07-23,23162.41,0.012140047079716165,2025-07-24,2025-07-24,23219.869,0.014650863310201157,2025-07-25,2025-07-25,23272.25,0.016939783496230376,0.012911352136962151,-0.005025051487138055,0.00428511098450457,0.0024807004107085806,0.002255869746724315,0.003977081854961373,0.008031803015119632,1.3096277195262402,3944.0,1.2454416379786615,-0.06418608154757521,0.28169202606705923,476.0,1.010597913208784,0.7289058871417211,1.591322286834025,4420.0,0.8664872607395182,-0.7248350260945244,-1.5916770313647512,-4421.0,-0.8664872607395075,0.7251897706252421,0.007821420440567328,0.018515123058791882,0.005854201451719332,0.041714052993739426,0.07405551071703709,0.12485952337358897,0.2928476760999432,20.0,NASDAQ-100 Index x $20,457691.8,39456237002.6,21534399190.0,17921837812.6,1805136459.2,14544987712.199999,66502160848.2,86606273163.2,-20104112315.0,217861296.79999998,-15490121279.199999,110217677741.59999,112400409935.8,-2182732194.2,2022997756.0,-946048950.6,18802436835.8,16620162333.4,2182274502.4,-2023455447.8,945591258.8
2025-07-22,NASDAQ-100 Consolidated - CHICAGO MERCANTILE EXCHANGE,281535,76558,42336,34222,12.155504644182784,27.193066581419718,15.037561937236935,11082,3.9362779050562096,151591,190926,-39335,-13.971619869643206,53.84445983625482,67.81607970589802,239230,244343,-5113,-1.8161152254604223,84.97344912710676,86.78956435256717,42305,37191,5114,1.8164704210844125,15.026550872893246,13.210080451808834,23063.58,2025-07-28,2025-07-28,23356.27,0.012690571021497954,2025-07-29,2025-07-29,23308.301,0.010610711780217885,2025-07-30,2025-07-30,23345.41,0.012219698763158204,2025-07-31,2025-07-31,23218.119,0.006700564266258535,2025-08-01,2025-08-01,22763.311,-0.01301918435906313,0.012690571021497954,-0.0020537954048314155,0.001592093735188982,-0.005452506509844968,-0.01958849465798662,-0.025387572587574958,0.007821420440567328,-1.7352269454629319,-4935.0,-3.3883951788935924,-1.6531682334306605,1.61053364250502,4590.0,2.3004342662690433,0.689900623764018,-0.12433855842718633,-344.0,-0.453290806130326,-0.3289522477031426,0.1250484985819027,346.0,0.45329080613032424,0.32824230754842354,0.010610711780217885,-0.001951951951951969,0.033629601302139545,0.01392628551161601,0.08947227620343412,0.0834211340997364,0.2641220487018927,20.0,NASDAQ-100 Index x $20,461271.60000000003,35314031152.8,19528394457.600002,15785636695.2,-2276375346.0,7316690119.200001,69924623115.6,88068741501.6,-18144118386.0,2117236644.0000002,-7655724745.200001,110350004868.00002,112708486558.8,-2358481690.8,-158677430.4,-338573354.40000004,19514095038.0,17155152075.6,2358942962.4,159599973.60000002,339034626.0
2025-07-29,NASDAQ-100 Consolidated - CHICAGO MERCANTILE EXCHANGE,293645,84598,45850,38748,13.19552520901088,28.80961705460675,15.614091845595873,11828,4.027992984726455,156451,199289,-42838,-14.588363500144732,53.278959287575134,67.86732278771986,252877,256966,-4089,-1.3924977438744062,86.11656932690835,87.50906707078275,40767,36678,4089,1.3924977438744062,13.883090125832211,12.490592381957805,23308.301,2025-08-04,2025-08-04,23188.609,-0.005135166222540177,2025-08-05,2025-08-05,23018.561,-0.012430764473137623,2025-08-06,2025-08-06,23315.039,0.00028908155939810776,2025-08-07,2025-08-07,23389.529,0.003484938692013495,2025-08-08,2025-08-08,23611.27,0.012998330508946276,-0.005135166222540177,-0.007333255737763222,0.0128799537034483,0.003194933536246669,0.00948035336667119,0.018227095898680323,0.010610711780217885,1.0400205648280956,4526.0,1.6165504731870328,0.5765299083589372,-0.6167436305015261,-3503.0,-0.5655005486796867,0.05124308182183768,0.4236174815860161,1024.0,1.1431201998015865,0.7195027182155798,-0.4239726772100063,-1025.0,-1.1434607470610345,-0.7194880698510282,-0.012430764473137623,0.022777207141781775,0.0032807625060273793,0.009309473049966321,0.11600369327648563,0.11289707473745092,0.19112632877016655,20.0,NASDAQ-100 Index x $20,466166.02,39436712959.96,21373712017.0,18063000942.96,2109867406.52,3854260653.36,72932139995.02,92901759959.78,-19969619964.760002,-1632979568.0600002,-799940890.32,117882664639.54001,119788817495.32,-1906152855.78,477354004.48,3054785929.06,19004190137.34,17098037281.560001,1906152855.78,-477820170.5,-3054785929.06
2025-08-05,NASDAQ-100 Consolidated - CHICAGO MERCANTILE EXCHANGE,290285,84550,47579,36971,12.736104173484678,29.126548047608384,16.390443874123704,13700,4.719499801918804,147363,193502,-46139,-15.894379661367278,50.76493790585115,66.65931756721842,245613,254782,-9169,-3.1586199769192342,84.61098575537834,87.76960573229758,44671,35503,9168,3.158275487882598,15.388669755585028,12.230394267702431,23018.561,2025-08-11,2025-08-11,23526.631,0.022072187744490268,2025-08-12,2025-08-12,23839.199,0.03565114257142299,2025-08-13,2025-08-13,23849.039,0.03607862368112413,2025-08-14,2025-08-14,23832.439,0.03535746652451466,2025-08-15,2025-08-15,23712.07,0.030128251718254617,0.022072187744490268,0.013285710138438489,0.00041276554635927276,-0.0006960448175711287,-0.005050637074954789,0.007882089024986216,-0.012430764473137623,-0.4594210355262014,-1777.0,0.31693099300163396,0.7763520285278318,-1.306016161222546,-3301.0,-2.5140213817239854,-1.208005220501434,-1.766122233044828,-5080.0,-1.5055835715300105,0.2605386615148291,1.7657777440081919,5079.0,1.5055796297528161,-0.260198114255374,0.03565114257142299,0.015909291636432066,0.02201388696713047,0.009233765742350242,0.10500821489232104,0.10079074882222216,0.2917036820850789,20.0,NASDAQ-100 Index x $20,460371.22000000003,38924386651.0,21904002276.38,17020384374.62,-818079657.94,809332604.7600001,67841684092.86001,89082751812.44,-21241067719.58,-1519685397.22,-800125180.36,113073156457.86,117294300174.04001,-4221143716.1800003,-2338685797.6000004,9207424.4,20565242768.620003,16344559423.660002,4220683344.9600005,2338225426.38,-9667795.620000001
2025-08-12,NASDAQ-100 Consolidated - CHICAGO MERCANTILE EXCHANGE,316811,96001,48894,47107,14.869117549580032,30.302293796616908,15.433176247036876,15064,4.754885404862836,162851,213006,-50155,-15.831205355874639,51.40320254031584,67.23440789619048,273916,276964,-3048,-0.9620878062946047,86.46038174179557,87.42246954809019,42896,39847,3049,0.9624034519003445,13.539933903810159,12.577530451909812,23839.199,2025-08-18,2025-08-18,23713.76,-0.005261879813998838,2025-08-19,2025-08-19,23384.77,-0.01906225960024921,2025-08-20,2025-08-20,23249.57,-0.02473359109087514,2025-08-21,2025-08-21,23142.58,-0.029221577453168557,2025-08-22,2025-08-22,23498.119,-0.014307527698392941,-0.005261879813998838,-0.013873379843601263,-0.005781540720734113,-0.004601805538768988,0.015362980272726645,-0.009093496771494625,0.03565114257142299,2.133013376095354,10136.0,1.1757457490085237,-0.9572676270868286,0.06317430549263925,-4016.0,0.6382646344646901,0.5750903289720526,2.1965321706246295,6121.0,1.8493959864172353,-0.3471361842073861,-2.1958720359822537,-6119.0,-1.8487358517748689,0.3471361842073808,-0.01906225960024921,-0.013167808196911324,-0.025507987915198038,2.525252631180308e-05,0.07435405023465758,0.054047201837612135,0.23852651257284263,20.0,NASDAQ-100 Index x $20,476783.98,45771738863.979996,23311875918.12,22459862945.86,4832682421.28,3790432641.0,77644747926.98,101557848443.87999,-23913100516.899998,-1914764463.6799998,-2970364195.4,130598760665.68,132051998236.72,-1453237571.04,2918394741.58,820545229.5799999,20452125606.079998,18998411251.059998,1453714355.02,-2917441173.62,-819591661.62
2025-08-19,NASDAQ-100 Consolidated - CHICAGO MERCANTILE EXCHANGE,304458,84077,46416,37661,12.369850685480428,27.615303260219797,15.245452574739375,16917,5.556431428965571,157155,204210,-47055,-15.455333740614469,51.61795715665215,67.07329089726662,258149,267543,-9394,-3.0854830551340413,84.78969184583752,87.87517490097156,46310,36915,9395,3.085811507662797,15.210636606691235,12.124825099028437,23384.77,2025-08-25,2025-08-25,23425.609,0.001746393058388085,2025-08-26,2025-08-26,23525.289,0.006008996453674698,2025-08-27,2025-08-27,23565.85,0.007743501432770028,2025-08-28,2025-08-28,23703.449,0.013627630290997006,2025-08-29,2025-08-29,23415.42,0.001310682123450313,0.001746393058388085,0.0042551721921082475,0.0017241446003064542,0.005838915209933182,-0.01215135400759626,-0.00043495133893856064,-0.01906225960024921,-2.4992668640996047,-9446.0,-2.6869905363971114,-0.1877236722975013,0.37587161526017,3100.0,0.21475461633631454,-0.161116998923859,-2.1233952488394365,-6346.0,-1.6706898959580485,0.4527053528813667,2.123408055762453,6346.0,1.6707027028810764,-0.4527053528813756,0.006008996453674698,-0.006570986158940251,0.019458433843907663,0.03803672219140908,0.047823006170255145,0.05631143688819673,0.2611182833955603,20.0,NASDAQ-100 Index x $20,467695.4,39322426145.8,21708549686.4,17613876459.4,-4417850748.400001,1608404480.6000001,73500670587.0,95508077634.0,-22007407047.0,1449855740.0,-3610608488.0,120735099814.6,125128630402.20001,-4393530587.6,-2967995008.4,-2002204007.4,21658973974.0,17264975691.0,4393998283.0,2967995008.4,2002204007.4
2025-08-26,NASDAQ-100 Consolidated - CHICAGO MERCANTILE EXCHANGE,298322,86537,46943,39594,13.272236040251808,29.007917619216823,15.73568157896501,14343,4.807892143388687,151564,201894,-50330,-16.871031972164303,50.80550546054263,67.67653743270694,252443,263180,-10737,-3.5991311401773927,84.62098001488326,88.22011115506065,45879,35142,10737,3.5991311401773927,15.379019985116754,11.77988884493936,23525.289,2025-09-01,2025-09-02,23231.109,-0.01250484106698968,2025-09-02,2025-09-02,23231.109,-0.01250484106698968,2025-09-03,2025-09-03,23414.84,-0.004694905129539517,2025-09-04,2025-09-04,23633.01,0.004578944811262309,2025-09-05,2025-09-05,23652.439,0.005404822019402067,-0.01250484106698968,0.0,0.007908834657871955,0.00931759516614239,0.0008221127990044597,0.018136456593613293,0.006008996453674698,0.9023853547713809,1933.0,1.392614358997026,0.4902290042256361,-1.4156982315498343,-3275.0,-0.8124516961095196,0.60324653544032,-0.5136480850433514,-1343.0,-0.16871183095426545,0.3449362540890917,0.5133196325145954,1342.0,0.16838337842551887,-0.3449362540890757,-0.01250484106698968,0.013369102500717434,0.03183642079806126,0.04484029930514333,0.06346659545818967,0.06171018770481407,0.2416098267698219,20.0,NASDAQ-100 Index x $20,470505.78,40716158683.86,22086952830.54,18629205853.32,909487672.74,398047889.88,71311738039.92,94992293947.32,-23680555907.4,-1540906429.5,-3525029303.76,118775890620.54001,123827711180.40001,-5051820559.860001,-631889262.5400001,-3127922425.44,21586334680.620003,16534514120.76,5051820559.860001,631418756.76,3127922425.44
2025-09-02,NASDAQ-100 Consolidated - CHICAGO MERCANTILE EXCHANGE,296057,76185,57959,18226,6.156246938934057,25.733220292038357,19.5769733531043,15541,5.249326987708448,161059,185504,-24445,-8.256855943281192,54.401348388992666,62.65820433227385,252784,259004,-6220,-2.1009467771408885,85.38355789594571,87.4845046730866,43273,37053,6220,2.1009467771408885,14.616442104054286,12.515495326913397,23231.109,2025-09-08,2025-09-08,23762.301,0.022865546367157874,2025-09-09,2025-09-09,23839.801,0.0262015902899857,2025-09-10,2025-09-10,23849.27,0.026609190288763296,2025-09-11,2025-09-11,23992.561,0.03277725570483958,2025-09-12,2025-09-12,24092.189,0.03706581549765864,0.022865546367157874,0.0032614686599585774,0.0003971929128099294,0.00600819228429228,0.0041524537543113915,0.013882830623179077,-0.01250484106698968,-7.115989101317751,-21368.0,-3.2746973271784654,3.8412917741392896,8.614176028883112,25885.0,3.5958429284500326,-5.0183331004330896,1.4981843630365042,4517.0,0.7625778810624553,-0.7356064819740453,-1.4981843630365042,-4517.0,-0.7625778810624677,0.7356064819740364,0.0262015902899857,0.0449027637897097,0.058071312910631834,0.06236813748323433,0.10007055625282457,0.06409384072021718,0.25165014722284673,20.0,NASDAQ-100 Index x $20,464622.18,35397240783.3,26929036930.62,8468203852.68,-9928046742.24,-8709342764.1,74831583688.62,86189272878.72,-11357689190.1,12026745129.3,10079513572.92,117449053149.12,120339003108.72,-2889949959.6,2098698387.06,1370170808.82,20105595595.14,17215645635.54,2889949959.6,-2098698387.06,-1369706186.6399999
2025-09-09,NASDAQ-100 Consolidated - CHICAGO MERCANTILE EXCHANGE,310398,85105,57228,27877,8.981050135632316,27.418024600673974,18.436974465041654,17598,5.669495293139775,165005,198116,-33111,-10.667272340672298,53.159169840011856,63.826442180684154,267708,272942,-5234,-1.6862222050399809,86.2466897338256,87.93291193886559,42690,37456,5234,1.6862222050399809,13.753310266174395,12.067088061134415,23839.801,2025-09-15,2025-09-15,24293.779,0.019042860299043562,2025-09-16,2025-09-16,24274.25,0.018223683998033424,2025-09-17,2025-09-17,24223.689,0.016102818979067735,2025-09-18,2025-09-18,24454.891,0.025800970402395595,2025-09-19,2025-09-19,24626.25,0.032988907919155874,0.019042860299043562,-0.0008038683483536646,-0.0020829067839377435,0.009544458732111405,0.007007146341400539,0.013685437741077777,0.0262015902899857,2.8248031966982587,9651.0,1.6848043086356164,-1.139998888062646,-2.4104163973911064,-8666.0,-1.2421785489808101,1.1682378484103069,0.41472457210090763,986.0,0.8631318378798909,0.4484072657789824,-0.41472457210090763,-986.0,-0.8631318378798909,-0.4484072657789824,0.018223683998033424,0.03105600587857249,0.03524312136665908,0.04196465398347904,0.07671574104163037,0.046840575556817754,,20.0,NASDAQ-100 Index x $20,476796.02,40577725282.1,27286082632.56,13291642649.54,4601558389.02,-9168787464.6,78673727280.1,94460920298.32,-15787193018.220001,-4131914309.32,8126511364.88,127642108922.16,130137659290.84001,-2495550368.6800003,470120875.72,-1042276099.72,20354422093.8,17858871725.12,2495550368.6800003,-470120875.72,1041799303.7
2025-09-16,NASDAQ-100 Consolidated - CHICAGO MERCANTILE EXCHANGE,365891,86981,66028,20953,5.7265688415402405,23.77238029905081,18.04581145751057,45782,12.512469560606847,188483,213675,-25192,-6.88511059304547,51.51342886269408,58.39853945573955,321246,325484,-4238,-1.1582684460672714,87.79827872235174,88.95654716841901,44646,40407,4239,1.1585417515052296,12.20199458308622,11.04345283158099,24274.25,2025-09-22,2025-09-22,24761.07,0.020054996549841997,2025-09-23,2025-09-23,24580.17,0.012602655076881852,2025-09-24,2025-09-24,24503.57,0.009447047797563224,2025-09-25,2025-09-25,24397.311,0.005069610801569535,2025-09-26,2025-09-26,24503.85,0.00945858265445887,0.020054996549841997,-0.00730582321361728,-0.003116333206808486,-0.004336470155165029,0.004366833705566897,-0.010388080967421942,0.018223683998033424,-3.2544812940920753,-6924.0,-3.6456443016231646,-0.3911630075310839,3.7821617476268283,7919.0,-1.6457409773177787,-5.427902724944602,0.5279537589727095,996.0,1.5515889885261345,1.0236352295534203,-0.5276804535347512,-995.0,-1.5513156830881751,-1.0236352295534257,0.012602655076881852,0.016714831560192378,0.02331606537792097,0.012567638547019921,0.035374481188914064,0.020852137553168504,,20.0,NASDAQ-100 Index x $20,485485.0,42227970785.0,32055603580.0,10172367205.0,-3361498140.0,-8111483380.0,91505669255.0,103736007375.0,-12230338120.0,3844555715.0,10614158555.0,155960114310.0,158017599740.0,-2057485430.0,483543060.0,2503160660.0,21674963310.0,19616992395.0,2057970915.0,-483057575.0,-2503160660.0
2025-09-23,NASDAQ-100 Consolidated - CHICAGO MERCANTILE EXCHANGE,281162,91435,67416,24019,8.542761824144089,32.52039749326011,23.977635669116026,7164,2.5479972400253232,141614,169440,-27826,-9.896785483102269,50.36740384546987,60.26418932857214,240212,244019,-3807,-1.3540236589581807,85.43544291191554,86.78946657087373,40950,37143,3807,1.3540236589581807,14.564557088084449,13.21053342912627,24580.17,2025-09-29,2025-09-29,24611.35,0.0012685022113354538,2025-09-30,2025-09-30,24679.99,0.004060997137123268,2025-10-01,2025-10-01,24800.859,0.008978334974900637,2025-10-02,2025-10-02,24892.76,0.012717161842249247,2025-10-03,2025-10-03,24785.52,0.008354295352717367,0.0012685022113354538,0.0027889571275043767,0.004897449310149682,0.003705557134129789,-0.004308079939709275,0.007076816184402812,0.012602655076881852,2.816192982603848,3066.0,8.748017194209304,5.931824211605456,-3.011674890056799,-2634.0,-1.1460250172242041,1.8656498728325843,-0.19575521289090925,431.0,-2.362835810436195,-2.1670805975452794,0.19548190745295102,-432.0,2.3625625049982286,2.167080597545281,0.004060997137123268,0.010580073286718505,-3.458072096318432e-05,0.022252124375055304,0.040994834453952356,-0.02350353964191454,,20.0,NASDAQ-100 Index x $20,491603.39999999997,44949756879.0,33141934814.399998,11807822064.599998,1507256024.3999999,-7656722954.999999,69617923887.59999,83297280096.0,-13679356208.4,-1294883355.6,11063042913.599998,118089035920.79999,119960570064.59999,-1871534143.8,211881065.39999998,3406811561.9999995,20131159230.0,18259625086.199997,1871534143.8,-212372668.79999998,-3406811561.9999995
2025-09-30,NASDAQ-100 Consolidated - CHICAGO MERCANTILE EXCHANGE,285789,89804,48330,41474,14.5121050845204,31.423182837687946,16.911077753167547,7287,2.5497832316849145,146443,194697,-48254,-16.884484707249054,51.24165030844434,68.12613501569341,243534,250314,-6780,-2.372379622728656,85.2146163778172,87.58699600054585,42255,35475,6780,2.372379622728656,14.785383622182799,12.413003999454144,24679.99,2025-10-06,2025-10-06,24978.561,0.012097695339422732,2025-10-07,2025-10-07,24840.23,0.006492709275814024,2025-10-08,2025-10-08,25136.619,0.018501992910045617,2025-10-09,2025-10-09,25098.18,0.01694449633083317,2025-10-10,2025-10-10,24221.74,-0.01856767364978673,0.012097695339422732,-0.005537989157982426,0.01193181383586217,-0.0015292032711320402,-0.03492046036804253,-0.03029882305870224,0.004060997137123268,5.969343260376311,17455.0,-1.0972146555721665,-7.066557915948479,-6.987699224146786,-20428.0,0.8742464629744688,7.8619456871212705,-1.0183559637704755,-2973.0,-0.22082653409835018,0.7975294296721245,1.0183559637704755,2973.0,0.22082653409835018,-0.7975294296721263,0.006492709275814024,-0.004079012997979414,0.018117551911487784,0.05397733143327854,0.03170872435523675,-0.03807947247952703,,20.0,NASDAQ-100 Index x $20,493599.80000000005,44327236439.200005,23855678334.000004,20471558105.2,8615784509.0,11475208150.400002,72284235511.40001,96102400260.6,-23818164749.2,-10083256714.400002,-11752117638.2,120208333693.20001,123554940337.20001,-3346606644.0000005,-1467472205.4,-276415888.0,20857059549.000004,17510452905.0,3346606644.0000005,1467472205.4,276415888.0
2025-10-07,NASDAQ-100 Consolidated - CHICAGO MERCANTILE EXCHANGE,294285,92532,48848,43684,14.844113699305094,31.442988939293542,16.59887523998845,7725,2.625006371374688,150420,200356,-49936,-16.96858487520601,51.1137162954279,68.08230117063391,250677,256929,-6252,-2.1244711759009123,85.18171160609613,87.30618278199704,43608,37356,6252,2.1244711759009123,14.81828839390387,12.693817218002955,24840.23,2025-10-13,2025-10-13,24750.25,-0.0036223497125429382,2025-10-14,2025-10-14,24579.32,-0.010503525933535984,2025-10-15,2025-10-15,24745.359,-0.00381924805044076,2025-10-16,2025-10-16,24657.24,-0.007366678971973961,2025-10-17,2025-10-17,24817.949,-0.0008969723710287036,-0.0036223497125429382,-0.0069061928667387695,0.006755231633747361,-0.003561031383703006,0.006517720555909712,0.002735285502166729,0.006492709275814024,0.33200861478469434,2210.0,0.019806101605595927,-0.3122025131790984,-0.08410016795695441,-1682.0,-0.1279340130164428,-0.0438338450594955,0.24790844682774393,528.0,-0.03290477172106421,-0.2808132185488148,-0.24790844682774393,-528.0,0.03290477172107131,0.28081321854881125,-0.010503525933535984,0.011549852799269678,0.04717830712517568,0.023971960001980763,0.032184927434246724,-0.025678546454682594,,20.0,NASDAQ-100 Index x $20,496804.6,45970323247.2,24267911100.8,21702412146.399998,1097938166.0,7852990312.2,74729347932.0,99537782437.59999,-24808434505.6,-835625337.1999999,-8358737395.0,124537486714.2,127643509073.4,-3106022359.2,262312828.79999998,-505747082.79999995,21664654996.8,18558632637.6,3106022359.2,-262312828.79999998,505747082.79999995
2025-10-14,NASDAQ-100 Consolidated - CHICAGO MERCANTILE EXCHANGE,290000,88256,37957,50299,17.34448275862069,30.433103448275862,13.088620689655173,17594,6.066896551724138,140256,199186,-58930,-20.320689655172412,48.364137931034485,68.6848275862069,246106,254737,-8631,-2.9762068965517243,84.86413793103448,87.84034482758621,43894,35263,8631,2.9762068965517243,15.135862068965517,12.159655172413792,24579.32,2025-10-20,2025-10-20,25141.02,0.02285254433401751,2025-10-21,2025-10-21,25127.131,0.0222874758130005,2025-10-22,2025-10-22,24879.01,0.012192770182413382,2025-10-23,2025-10-23,25097.41,0.02107828857755223,2025-10-24,2025-10-24,25358.16,0.03168680012303016,0.02285254433401751,-0.0005524437751530664,-0.009874625161145678,0.008778484352874205,0.010389518280970123,0.0086368810811972,-0.010503525933535984,2.500369059315595,6615.0,-1.0098854910176804,-3.5102545503332756,-3.352104779966403,-8994.0,-2.7495783643934146,0.6025264155729815,-0.851735720650812,-2379.0,-0.31757367506165224,0.53416204558917,0.851735720650812,2379.0,0.3175736750616469,-0.5341620455891629,0.0222874758130005,0.0582941269327224,0.03484144394556088,0.042003603028887726,0.047301105156692724,0.05137164087533752,,20.0,NASDAQ-100 Index x $20,491586.4,43385449318.4,18659144984.8,24726304333.600002,3251844036.0,14426094494.400002,68947942118.40001,97917128670.40001,-28969186552.0,-4421328081.6,-16585141963.2,120982362558.40001,125225244776.8,-4242882218.4,-1169484045.6000001,-2159539055.2000003,21577693441.600002,17334811223.2,4242882218.4,1169484045.6000001,2159047468.8
2025-10-21,NASDAQ-100 Consolidated - CHICAGO MERCANTILE EXCHANGE,300347,99017,49784,49233,16.392039873879213,32.96753421875364,16.57549434487443,14394,4.792456725054687,143480,199594,-56114,-18.683056597868468,47.77141106786484,66.45446766573329,256892,263772,-6880,-2.2906837757660305,85.53173495989638,87.82241873566242,43456,36575,6881,2.2910167239892525,14.468597988326835,12.177581264337583,25127.131,2025-10-27,2025-10-27,25821.551,0.027636262970093917,2025-10-28,2025-10-28,26012.15,0.03522164945930362,2025-10-29,2025-10-29,26119.85,0.039507853085177125,2025-10-30,2025-10-30,25734.811,0.02418421745005439,2025-10-31,2025-10-31,25858.131,0.029092059893347955,0.027636262970093917,0.007381392388086994,0.0041403728642190885,-0.014741240857049198,0.0047919528144193535,0.0014166461185853851,0.0222874758130005,-0.9524428847414761,-1066.0,2.5344307704777798,3.486873655219256,1.637633057303944,2816.0,-0.592726863169645,-2.230359920473603,0.6855231207856938,1751.0,0.6675970288619055,-0.01792609192378336,-0.6851901725624718,-1750.0,-0.6672640806386827,0.017926091923790466,0.03522164945930362,0.012280271870274362,0.01928628461402937,-0.02483494832736788,-0.005554195582456289,0.05381991282649823,,20.0,NASDAQ-100 Index x $20,502542.62,49760262604.54,25018581794.079998,24741680810.46,-535710432.92,12671109620.68,72104815117.6,100304491696.28,-28199676578.68,1415160017.92,-14215925634.56,129099178737.04,132556671962.64,-3457493225.6,879952127.62,-1544313471.26,21838492094.72,18380496326.5,3457995768.22,-879449585.0,1544816013.8799999
2025-10-28,NASDAQ-100 Consolidated - CHICAGO MERCANTILE EXCHANGE,310555,97668,53992,43676,14.063853423709165,31.449501698571915,17.385648274862746,17573,5.6585789956690435,152622,200013,-47391,-15.260098855275233,49.144917969441806,64.40501682471704,267863,271578,-3715,-1.196245431566067,86.25299866368276,87.44924409524883,42692,38978,3714,1.1959234274122135,13.747001336317238,12.551077908905025,26012.15,2025-11-03,2025-11-03,25972.939,-0.0015074109598784968,2025-11-04,2025-11-04,25435.699,-0.02216083637838473,2025-11-05,2025-11-05,25620.029,-0.015074532478092095,2025-11-06,2025-11-06,25130.039,-0.03391149904948265,2025-11-07,2025-11-07,25059.811,-0.03661131432811204,-0.0015074109598784968,-0.020684605619718188,0.007246901294122088,-0.01912527109161344,-0.0027945838046650184,-0.03515689926349874,0.03522164945930362,-2.3281864501700476,-5557.0,-1.5180325201817269,0.8101539299883171,3.422957742593235,8723.0,1.3735069015769668,-2.0494508410162524,1.0944383441999634,3165.0,0.7212637037863772,-0.3731746404135947,-1.095093296577039,-3167.0,-0.7215966520095964,0.37349664456744236,-0.02216083637838473,-0.0153931912587002,-0.05801327456592409,-0.03820487733616795,-0.0027836991559713198,0.03909173213286854,,20.0,NASDAQ-100 Index x $20,520243.0,50811093324.0,28088960056.0,22722133268.0,-2890990351.0,1145575086.0,79400527146.0,104055363159.0,-24654836013.0,4538079689.0,448969709.0,139353850709.0,141286553454.0,-1932702745.0,1646569095.0,1594544795.0,22210214156.0,20278031654.0,1932182502.0,-1647609581.0,-1595065038.0
2025-11-04,NASDAQ-100 Consolidated - CHICAGO MERCANTILE EXCHANGE,304760,90161,43005,47156,15.473159207245047,29.584263026643914,14.11110381939887,18774,6.160257251607822,149475,208087,-58612,-19.23218270114188,49.04679091744323,68.27897361858511,258410,269867,-11457,-3.759351620947631,84.79131119569497,88.5506628166426,46351,34894,11457,3.759351620947631,15.209016931355821,11.44966531040819,25435.699,2025-11-10,2025-11-10,25611.74,0.006921020727600258,2025-11-11,2025-11-11,25533.49,0.003844635840359656,2025-11-12,2025-11-12,25517.33,0.0032093083032631586,2025-11-13,2025-11-13,24993.461,-0.0173865086231757,2025-11-14,2025-11-14,25008.24,-0.016805474856421254,0.006921020727600258,-0.0030552395112554143,-0.000632894289029795,-0.0205299300514592,0.0005913146642637646,-0.02356341271619966,-0.02216083637838473,1.4093057835358813,3480.0,-1.865238671928001,-3.274544455463875,-3.9720838458666474,-11221.0,-0.09812705199857419,3.873956793868075,-2.563106189381564,-7742.0,-1.4616874679877867,1.1014187213937703,2.563428193535418,7743.0,1.462015595038583,-1.101412598496836,0.006921020727600258,-0.036664964465887184,-0.016407648164102007,0.004724069112470586,-0.003816683001320431,0.10140716007057637,,20.0,NASDAQ-100 Index x $20,508713.98,45866161150.78,21877244709.899998,23988916440.879997,1770324650.3999999,1766254938.56,76040022160.5,105856765956.26,-29816743795.76,-5708279569.58,-4413602490.48,131456779571.79999,137285115640.65999,-5828336068.86,-3938463633.16,-2647856265.9,23579401686.98,17751065618.12,5828336068.86,3938972347.14,2647856265.9
2025-11-10,NASDAQ-100 Consolidated - CHICAGO MERCANTILE EXCHANGE,309882,95865,46909,48956,15.798271600157479,30.935969175363525,15.137697575206047,19269,6.21817336921796,148918,210654,-61736,-19.92242208324459,48.056356935865914,67.9787790191105,264052,276831,-12779,-4.12382777960643,85.2104994804474,89.33432726005383,45831,33051,12780,4.124150483087111,14.789823223033283,10.665672739946173,25611.74,2025-11-17,2025-11-17,24799.92,-0.03169718262015797,2025-11-18,2025-11-18,24503.1,-0.04328639912790011,2025-11-19,2025-11-19,24640.52,-0.03792089096640838,2025-11-20,2025-11-20,24054.381,-0.060806450479350516,2025-11-21,2025-11-21,24239.57,-0.05357582108829784,-0.03169718262015797,-0.011968586995441899,0.0056082699740034325,-0.023787606755052204,0.007698763896688776,-0.022594830951067513,0.006921020727600258,0.3251123929124322,1800.0,1.351706148719611,1.026593755807177,-0.6902393821027104,-3124.0,-0.9904339815773184,-0.300194599474608,-0.36447615865879923,-1322.0,0.41918828475242265,0.7836644434112259,0.36479886213947976,1323.0,-0.4191937083225383,-0.7839925704620168,-0.04328639912790011,-0.023168320465536518,-0.0021818509792774776,0.002223550606089031,-0.018901449101076384,0.13482336615942514,,20.0,NASDAQ-100 Index x $20,512234.80000000005,49105389102.00001,24028422233.2,25076966868.800003,922022640.0000001,-687931336.4000001,76280981946.40001,107904309559.20001,-31623327612.800003,-1600221515.2,-1437330848.8000002,135256623409.6,141802471918.80002,-6545848509.200001,-677174405.6,-2124749950.4,23476233118.800003,16929872374.800001,6546360744.000001,677686640.4000001,2125262185.2000003
2025-11-18,NASDAQ-100 Consolidated - CHICAGO MERCANTILE EXCHANGE,315545,89709,47289,42420,13.44340743792486,28.429859449523843,14.98645201159898,22800,7.225593813877578,154105,213275,-59170,-18.751683595049833,48.83772520559667,67.5894088006465,266614,283364,-16750,-5.308276157124974,84.49317846899808,89.80145462612306,48931,32181,16750,5.308276157124974,15.506821531001918,10.198545373876943,24503.1,2025-11-24,2025-11-24,24873.85,0.01513073855961089,2025-11-25,2025-11-25,25018.359,0.021028318865776274,2025-11-26,2025-11-26,25236.939,0.02994882280201283,2025-11-27,2025-11-28,25434.891,0.038027474074708856,2025-11-28,2025-11-28,25434.891,0.038027474074708856,0.01513073855961089,0.005809675623194677,0.008736784055261015,0.00784374047898595,0.0,0.022555454825047283,-0.04328639912790011,-2.3548641622326194,-6536.0,-2.506109725839682,-0.15124556360706798,1.1707384881947576,2566.0,0.7813682697307556,-0.3893702184640091,-1.1844483775185433,-3971.0,-0.7173210114493145,0.467127366069235,1.1841256740378627,3970.0,0.7169983079686357,-0.46712736606922967,0.021028318865776274,0.04296431880047846,0.047569042284445695,0.025704461884414664,0.008101015789838906,0.17613036717803054,,20.0,NASDAQ-100 Index x $20,490062.0,43962971958.0,23174541918.0,20788430040.0,-3203045232.0,-3338792406.0,75521004510.0,104517973050.0,-28996968540.0,1257499092.0,-1497629472.0,130657390068.0,138865928568.0,-8208538500.0,-1946036202.0,-4836911940.0,23979223722.0,15770685222.0,8208538500.0,1945546140.0,4836421878.0
2025-11-25,NASDAQ-100 Consolidated - CHICAGO MERCANTILE EXCHANGE,315399,93647,41882,51765,16.412544110792997,29.691596993015196,13.279052882222201,23240,7.3684444148522985,151760,215366,-63606,-20.16683629307639,48.11682979337284,68.28366608644923,268646,280488,-11842,-3.754609240993155,85.17655414253056,88.93116338352372,46753,34910,11843,3.754926299702916,14.823445857469428,11.06851955776651,25018.359,2025-12-01,2025-12-01,25342.85,0.012970115266152993,2025-12-02,2025-12-02,25555.859,0.021484222846110734,2025-12-03,2025-12-03,25606.539,0.023509935243954283,2025-12-04,2025-12-04,25581.699,0.02251706436861034,2025-12-05,2025-12-05,25692.051,0.026927905223520066,0.012970115266152993,0.008405092560623606,0.001983106887543773,-0.0009700647166726029,0.004313708796276572,0.013779073782151707,0.021028318865776274,2.969136672868137,9345.0,1.2617375434913534,-1.7073991293767783,-1.4151526980265565,-4436.0,-0.7208954122238325,0.6942572858027347,1.5536669161318186,4908.0,0.6833756735324812,-0.8702912425993361,-1.5533498574220577,-4907.0,-0.6833756735324901,0.8699741838895676,0.021484222846110734,0.025994110964671968,0.0045798367510834215,0.02276212440632097,-0.0016515871404675364,0.19917217592089065,,20.0,NASDAQ-100 Index x $20,500367.18,46857885305.46,20956378232.76,25901507072.7,4675931297.1,4047470119.02,75935723236.8,107762078087.88,-31826354851.079998,-2219628810.48,-8113453823.7,134421641438.28,140346989583.84,-5925348145.559999,2455802119.44,-4066484071.86,23393666766.54,17467818253.8,5925848512.74,-2455301752.2599998,4067484806.22
2025-12-02,NASDAQ-100 Consolidated - CHICAGO MERCANTILE EXCHANGE,328582,94669,53116,41553,12.646158340992509,28.811377373075825,16.165219032083318,25824,7.859225398834995,159230,216668,-57438,-17.480568016507295,48.459745208197646,65.94031322470495,279723,295609,-15886,-4.83471401354913,85.13034798010847,89.96506199365759,48859,32973,15886,4.83471401354913,14.869652019891532,10.034938006342404,25555.859,2025-12-08,2025-12-08,25627.949,0.002820879548599775,2025-12-09,2025-12-09,25668.689,0.004415034532785578,2025-12-10,2025-12-10,25776.439,0.008631288817174898,2025-12-11,2025-12-11,25686.689,0.005119373995607024,2025-12-12,2025-12-12,25196.73,-0.014052707052421898,0.002820879548599775,0.0015896707145779398,0.004197721200330795,-0.003481861866179381,-0.01907443189739244,-0.016826122137202693,0.021484222846110734,-3.766385769800488,-10212.0,-0.8802196199393713,2.8861661498611166,2.686268276569095,6168.0,0.3429154148248088,-2.343352861744279,-1.0801047725559747,-4044.0,-0.046206162422095076,1.0338986101338605,1.0797877138462137,4043.0,0.04620616242210396,-1.0335815514241062,0.004415034532785578,-0.016548846978690968,0.0012510242758814183,-0.003650747955683986,-0.03270400732763468,0.19974836298791598,,20.0,NASDAQ-100 Index x $20,511117.18,48386952313.42,27148500132.88,21238452180.54,-5219528642.16,-2863789559.54,81385188571.4,110742737156.24,-29357548584.84,3152570766.24,600051569.3199999,142971230941.13998,151090838462.62,-8119607521.48,-2066957875.92,-2263737990.22,24972674297.62,16853066776.14,8119607521.48,2066446758.74,2263737990.22
2025-12-09,NASDAQ-100 Consolidated - CHICAGO MERCANTILE EXCHANGE,347119,95484,54963,40521,11.673518303521272,27.507569450246166,15.834051146724898,30597,8.814556391324013,170865,228421,-57556,-16.581057216689377,49.2237532373624,65.80481045405178,296946,313981,-17035,-4.907538913168106,85.54587907893259,90.4534179921007,50173,33138,17035,4.907538913168106,14.454120921067414,9.546582007899309,25668.689,2025-12-15,2025-12-15,25067.27,-0.023430062984517774,2025-12-16,2025-12-16,25132.939,-0.020871732093524553,2025-12-17,2025-12-17,24647.609,-0.03977920337107976,2025-12-18,2025-12-18,25019.369,-0.02529618867562733,2025-12-19,2025-12-19,25346.18,-0.012564295745684517,-0.023430062984517774,0.002619710881958781,-0.019310515176915732,0.01508300460300216,0.01306231983708317,0.011126460918959191,0.004415034532785578,-0.972640037471237,-1032.0,-1.3038079228296588,-0.3311678853584201,0.8995107998179179,-118.0,0.7640080291647564,-0.13550277065317573,-0.07282489961897642,-1149.0,0.4155310988241183,0.4883559984431116,0.07282489961897642,1149.0,-0.4155310988241183,-0.48835599844309563,-0.020871732093524553,-0.0031501024458240323,-0.008030328311663948,-0.001128924036595702,-0.027746567033477887,0.1330730603343242,,20.0,NASDAQ-100 Index x $20,513373.77999999997,49018982009.52,28216563070.14,20802418939.379997,-529801740.96,-4330307834.3,87717610919.7,117265352201.37999,-29547741281.679996,-60578106.04,2145902400.3999999,152444290475.88,161189612818.18,-8745322342.3,-589866473.2199999,-2184918807.68,25757502663.94,17012180321.64,8745322342.3,589866473.2199999,2184405433.9
2025-12-16,NASDAQ-100 Consolidated - CHICAGO MERCANTILE EXCHANGE,403867,99300,61228,38072,9.426865775119037,24.587302255445483,15.160436480326444,57889,14.3336791567521,193477,251986,-58509,-14.487195041932122,47.906117608024424,62.39331264995654,350666,371102,-20436,-5.060081660546665,86.827099020222,91.88718068076867,53201,32765,20436,5.060081660546665,13.172900979777996,8.112819319231331,25132.939,2025-12-22,2025-12-22,25461.699,0.01308084183867253,2025-12-23,2025-12-23,25587.83,0.018099395379107985,2025-12-24,2025-12-24,25656.15,0.020817740416272157,2025-12-25,2025-12-26,25644.391,0.020349868354035294,2025-12-26,2025-12-26,25644.391,0.020349868354035294,0.01308084183867253,0.004953754264395371,0.0026700193021447216,-0.0004583306536639631,0.0,0.007175169261092851,-0.020871732093524553,-2.246652528402235,-2449.0,-2.920267194800683,-0.6736146663984535,2.0938621747572554,-953.0,-1.3176356293379783,-3.4114978040952337,-0.15254274737855855,-3401.0,1.2812199412894074,1.4337626886679686,0.15254274737855855,3401.0,-1.281219941289418,-1.4337626886679775,0.018099395379107985,0.013115139459018321,0.02016365853591573,0.024231547293374733,-0.014026174973010508,0.19238466301135748,,20.0,NASDAQ-100 Index x $20,502658.77999999997,49914016854.0,30776791781.839996,19137225072.16,-1231011352.22,-2185560375.44,97252912778.06,126662975337.07999,-29410062559.019997,-479033817.34,332257453.58,176265343747.47998,186537678575.56,-10272334828.08,-1709542510.78,-1852800263.08,26741949754.78,16469614926.699999,10272334828.08,1709542510.78,1852800263.08
2025-12-23,NASDAQ-100 Consolidated - CHICAGO MERCANTILE EXCHANGE,274369,93583,60008,33575,12.23716965109032,34.10844519606807,21.87127554497775,5389,1.964143179440826,128215,178143,-49928,-18.197391104680193,46.730862451661814,64.92825355634201,227187,243539,-16352,-5.959856980927145,82.8034508271707,88.76330780809786,47182,30830,16352,5.959856980927145,17.196549172829293,11.236692191902147,25587.83,2025-12-29,2025-12-29,25525.561,-0.002433539694456366,2025-12-30,2025-12-30,25462.561,-0.004895647657499724,2025-12-31,2025-12-31,25249.85,-0.01320862300554615,2026-01-01,2026-01-02,25206.17,-0.014915684526589534,2026-01-02,2026-01-02,25206.17,-0.014915684526589534,-0.002433539694456366,-0.002468114216960804,-0.008353872966666787,-0.0017299112667996663,0.0,-0.012512594728084636,0.018099395379107985,2.8103038759712824,-4497.0,9.521142940622585,6.710839064651305,-3.7101960627480715,8581.0,-1.17525515636261,2.534940906385472,-0.8997753203804804,4084.0,-4.023648193051287,-3.123872872670802,0.8997753203804804,-4084.0,4.023648193051297,3.123872872670816,-0.004895647657499724,0.0020275654481054506,0.006023136780258342,-0.0234588083475622,-0.061958399754883486,0.14692297080291672,,20.0,NASDAQ-100 Index x $20,511756.60000000003,47891717897.8,30709490052.800003,17182227845.0,-2301369430.2000003,-9308852554.0,65614872469.00001,91165855993.8,-25550983524.800003,4391383384.6,6999806774.8,116264446684.20001,124632690607.40001,-8368243923.200001,2090013954.4,-2308022266.0,24145699901.2,15777455978.000002,8368243923.200001,-2090013954.4,2307510509.4
2025-12-30,NASDAQ-100 Consolidated - CHICAGO MERCANTILE EXCHANGE,286451,96752,69084,27668,9.658894540427507,33.77610830473623,24.11721376430873,6446,2.250297607618755,136650,181629,-44979,-15.702161975346568,47.70449396231816,63.40665593766474,239848,257159,-17311,-6.043267434919061,83.73089987467316,89.77416730959222,46603,29292,17311,6.043267434919061,16.269100125326844,10.225832690407783,25462.561,2026-01-05,2026-01-05,25401.32,-0.0024051390588716304,2026-01-06,2026-01-06,25639.711,0.006957273465147518,2026-01-07,2026-01-07,25653.9,0.007514522989262584,2026-01-08,2026-01-08,25507.1,0.0017491956131199249,2026-01-09,2026-01-09,25766.26,0.011927276286151978,-0.0024051390588716304,0.009384984717329736,0.0005533993733393139,-0.005722326819703971,0.010160308306314647,0.014366969905500904,-0.004895647657499724,-2.578275110662812,-5907.0,-0.33233689133183475,2.2459382193309807,2.495229129333625,4949.0,0.9736315106563467,-1.5215976186772764,-0.08341045399191582,-959.0,0.9274490475024493,1.0108595014943518,0.08341045399191582,959.0,-0.9274490475024493,-1.0108595014943642,0.006957273465147518,0.010972501941183266,-0.018654486483115407,0.018740416566896068,-0.06764331364782994,0.18905360698006768,,20.0,NASDAQ-100 Index x $20,509251.22000000003,49271074037.44,35181111282.48,14089962754.960001,-3008146956.54,-7070953189.700001,69589179213.0,92494789837.38,-22905610624.38,2520284287.78,6344760949.9800005,122142886614.56001,130958534483.98001,-8815647869.42,-488371919.98,-725682988.5,23732634605.66,14916986736.240002,8815647869.42,488371919.98,725682988.5
2026-01-06,NASDAQ-100 Consolidated - CHICAGO MERCANTILE EXCHANGE,284377,97977,62376,35601,12.518944921706046,34.45320824117281,21.934263319466766,6372,2.2406875380217106,132460,184827,-52367,-18.41463972121515,46.579013070677306,64.99365279189246,236808,253574,-16766,-5.895694799509102,83.27255720399329,89.16825200350239,47569,30803,16766,5.895694799509102,16.72744279600671,10.831747996497606,25639.711,2026-01-12,2026-01-12,25787.66,0.005770306849402607,2026-01-13,2026-01-13,25741.949,0.0039874864424174206,2026-01-14,2026-01-14,25465.939,-0.006777455486920325,2026-01-15,2026-01-15,25547.07,-0.0036131842515697565,2026-01-16,2026-01-16,25529.26,-0.004307809865719658,0.005770306849402607,-0.0017725920071848256,-0.010722187352636081,0.003185863281931267,-0.0006971445257715203,-0.010020296529425377,0.006957273465147518,2.8600503812785387,7933.0,0.6770999364365764,-2.182950444841964,-2.712477745868581,-7388.0,-1.125480891640855,1.5869968542277206,0.14757263540995869,545.0,-0.458342670679869,-0.6059153060898268,-0.14757263540995869,-545.0,0.45834267067986545,0.6059153060898232,0.0039874864424174206,-0.025434803067788114,0.011701730959448042,-0.011743190085098831,-0.05605921221186938,0.13780611645739693,,20.0,NASDAQ-100 Index x $20,512794.22,50242039292.939995,31986052266.719997,18255987026.219997,4067996547.2599998,-2522947562.4,67924722381.2,94778217299.94,-26853494918.739998,-3788523697.3599997,2660889207.58,121433773649.76,130031281542.28,-8597507892.52,279472849.9,137941645.18,24393108251.18,15795600358.66,8597507892.52,-279472849.9,-137941645.18
2026-01-13,NASDAQ-100 Consolidated - CHICAGO MERCANTILE EXCHANGE,287403,97965,66984,30981,10.779636955772904,34.08628302418555,23.306646068412647,5582,1.942220505701054,140464,185659,-45195,-15.725305581361363,48.87353298330219,64.59883856466355,244010,258225,-14215,-4.9460165690685205,84.90168856970874,89.84770513877726,43393,29178,14215,4.9460165690685205,15.098311430291265,10.152294861222742,25741.949,2026-01-19,2026-01-20,24987.57,-0.02930543448749745,2026-01-20,2026-01-20,24987.57,-0.02930543448749745,2026-01-21,2026-01-21,25326.58,-0.016135879998829927,2026-01-22,2026-01-22,25518.35,-0.008686172130944803,2026-01-23,2026-01-23,25605.471,-0.005301774158592232,-0.02930543448749745,0.0,0.013567145584784779,0.0075718869266989675,0.003414053024588304,0.024728334928126428,0.0039874864424174206,-1.7393079659331416,-4620.0,-0.3669252169872621,1.3723827489458813,2.689334139853786,7172.0,2.294519912624885,-0.39481422722890613,0.9496782304405817,2551.0,1.6291313657154518,0.6794531352748692,-0.9496782304405817,-2551.0,-1.6291313657154447,-0.6794531352748638,-0.02930543448749745,0.007683606241314589,-0.015668199793263615,-0.02386408270795659,0.0038866909416999107,0.1493414504084365,,20.0,NASDAQ-100 Index x $20,514838.98,50436200675.7,34485974236.32,15950226439.38,-2378556087.6,-3650723207.18,72316342486.72,95584490187.81999,-23268147701.1,3692425164.56,6854566179.719999,125625859509.8,132944295610.5,-7318436100.7,1313354237.98,3202813294.58,22340407859.14,15021971758.439999,7318436100.7,-1313354237.98,-3202813294.58
2026-01-20,NASDAQ-100 Consolidated - CHICAGO MERCANTILE EXCHANGE,275966,86136,66161,19975,7.238210504192545,31.21254067530058,23.974330171108036,5153,1.8672590101679192,137896,172484,-34588,-12.533428030989324,49.96847437727836,62.50190240826768,229185,243798,-14613,-5.295217526796779,83.04827406274686,88.34349158954365,46781,32168,14613,5.295217526796779,16.95172593725314,11.656508410456361,24987.57,2026-01-26,2026-01-26,25713.211,0.029040078727143204,2026-01-27,2026-01-27,25939.74,0.038105746176999356,2026-01-28,2026-01-28,26022.789,0.041429358677134376,2026-01-29,2026-01-29,25884.301,0.03588708305769628,2026-01-30,2026-01-30,25552.391,0.02260407874795356,0.029040078727143204,0.00880982931303298,0.003201612660728159,-0.0053217969834056245,-0.012822830332563373,-0.0062543725091355196,-0.02930543448749745,-3.5414264515803593,-11006.0,-2.873742348884967,0.6676841026953895,3.1918775503720394,10607.0,1.0949413939761712,-2.09693615639587,-0.3492009577282582,-398.0,-1.853414506961883,-1.5042135492336115,0.3492009577282582,398.0,1.853414506961876,1.5042135492336186,0.038105746176999356,0.01404894513552124,0.0056056271178028805,-0.011444490200527735,0.05970572568681165,0.16678732665881468,,20.0,NASDAQ-100 Index x $20,499751.4,43046586590.4,33064052375.4,9982534215.0,-5500263908.400001,-6796619040.0,68913719054.40001,86199120477.6,-17285401423.2,5300863099.8,7666186476.0,114535524609.0,121838391817.20001,-7302867208.200001,-198901057.20000002,869067684.6,23378870243.4,16076003035.2,7302867208.200001,198901057.20000002,-869067684.6
2026-01-27,NASDAQ-100 Consolidated - CHICAGO MERCANTILE EXCHANGE,269849,91028,62148,28880,10.702281646402247,33.732939532849855,23.030657886447607,5615,2.080793332567473,130573,171625,-41052,-15.212952428951008,48.38743148946262,63.60038391841363,227215,239388,-12173,-4.511041360168094,84.20079377726061,88.71183513742871,42634,30461,12173,4.511041360168094,15.799206222739384,11.28816486257129,25939.74,2026-02-02,2026-02-02,25738.609,-0.007753778565243952,2026-02-03,2026-02-03,25338.619,-0.02317374807920214,2026-02-04,2026-02-04,24891.24,-0.04042060560360283,2026-02-05,2026-02-05,24548.689,-0.05362625068716964,2026-02-06,2026-02-06,25075.77,-0.033306810322694114,-0.007753778565243952,-0.015540466852734802,-0.017656013534123383,-0.013761909812448181,0.021470841070168944,-0.025752712588314353,0.038105746176999356,3.4640711422097015,8905.0,2.5203988575492744,-0.9436722846604297,-2.679524397961684,-6464.0,-1.581042887815741,1.0984815101459446,0.7841761666286846,2440.0,1.1525197145137582,0.3683435478850612,-0.7841761666286846,-2440.0,-1.1525197145137565,-0.36834354788507184,-0.02317374807920214,-0.03130713723422063,-0.047731395919928366,-0.03711297800209257,0.04199232528930508,0.07029334141359933,,20.0,NASDAQ-100 Index x $20,518794.80000000005,47224853054.4,32242059230.4,14982793824.000002,4619867694.0,628779297.6,67740593420.40001,89038157550.00002,-21297564129.600002,-3353489587.2000003,2037307179.6000001,117877960482.00002,124193249582.40001,-6315289100.400001,1265859312.0,2665567682.4,22118297503.2,15803008402.800001,6315289100.400001,-1265859312.0,-2665567682.4
2026-02-03,NASDAQ-100 Consolidated - CHICAGO MERCANTILE EXCHANGE,279784,81685,69617,12068,4.31332742401281,29.195736711177194,24.882409287164382,13469,4.814070854659309,139441,166226,-26785,-9.573456666571355,49.83880422039859,59.412260886969946,234595,249311,-14716,-5.259771823978498,83.8486117862351,89.1083836102136,45189,30473,14716,5.259771823978498,16.151388213764907,10.891616389786407,25338.619,2026-02-09,2026-02-09,25268.141,-0.002781445981724584,2026-02-10,2026-02-10,25127.641,-0.008326341699995576,2026-02-11,2026-02-11,25201.26,-0.005420934739971406,2026-02-12,2026-02-12,24687.609,-0.02569240257332095,2026-02-13,2026-02-13,24732.73,-0.023911682006031998,-0.002781445981724584,-0.005560361563598959,0.002929801488328998,-0.020381957092621472,0.0018276780064039322,-0.021189172563189307,-0.02317374807920214,-6.388954222389437,-16812.0,-4.537202821672661,1.8517514007167755,5.639495762379653,14267.0,1.4513727309359723,-4.188123031443681,-0.7487304638104035,-2543.0,-0.3521819910255175,0.39654847278488603,0.7487304638104035,2543.0,0.35218199102552283,-0.3965484727848825,-0.008326341699995576,-0.025140241463041058,-0.014269917393682663,-0.02441091994792599,0.10562698780071655,0.17343253789798108,,20.0,NASDAQ-100 Index x $20,506772.38,41395701860.3,35279972778.46,6115729081.84,-8519857252.56,-11925874418.54,70664847439.58,84238745637.88,-13573898198.3,7230121545.46,12964251025.16,118886266486.1,126343928830.18001,-7457662344.08,-1288722162.34,1038883379.0,22900537079.82,15442874735.74,7457662344.08,1288722162.34,-1038883379.0
2026-02-10,NASDAQ-100 Consolidated - CHICAGO MERCANTILE EXCHANGE,274666,78889,66247,12642,4.602681074468627,28.721793014060715,24.119111939592088,14800,5.38836259311309,137907,160806,-22899,-8.337034798628153,50.20898108975993,58.546015888388084,231596,241854,-10258,-3.734717802713113,84.31913669693373,88.05385449964685,43070,32812,10258,3.734717802713113,15.68086330306627,11.946145500353156,25127.641,2026-02-16,2026-02-17,24701.6,-0.016955073498542972,2026-02-17,2026-02-17,24701.6,-0.016955073498542972,2026-02-18,2026-02-18,24898.869,-0.009104396230430134,2026-02-19,2026-02-19,24797.34,-0.013144926736258222,2026-02-20,2026-02-20,25012.619,-0.004577508887523507,-0.016955073498542972,0.0,0.007986081873238904,-0.00407765509349034,0.008681536003458445,0.012591046733814837,-0.008326341699995576,0.2893536504558174,574.0,-0.47394369711647855,-0.7632973475722942,1.2364218679432017,3886.0,0.3701768693613374,-0.8662449985818625,1.5250540212653845,4458.0,0.4705249106986287,-1.0545291105667474,-1.5250540212653845,-4458.0,-0.47052491069863756,1.0545291105667491,-0.016955073498542972,-0.005993479451572803,-0.016219628416372145,-0.006812020276793951,0.15668641556921314,0.17501997103508438,,20.0,NASDAQ-100 Index x $20,502552.82,39645889416.98,33292616666.54,6353272750.440001,288465318.68,-9216316165.98,69305551747.74,80813508772.92,-11507957025.18,1952920258.52,11204917674.72,116389222900.72,121544409728.28,-5155186827.56,2240380471.56,1988601508.74,21644949957.4,16489763129.84,5155186827.56,-2240380471.56,-1988601508.74
2026-02-17,NASDAQ-100 Consolidated - CHICAGO MERCANTILE EXCHANGE,287390,85591,63439,22152,7.707992623264554,29.782177528793625,22.07418490552907,17063,5.937228156860016,140592,170681,-30089,-10.46974494589234,48.92028254288597,59.390027488778316,243246,251183,-7937,-2.761752322627788,84.63968822853961,87.40144055116741,44144,36206,7938,2.7621002818469678,15.360311771460387,12.598211489613417,24701.6,2026-02-23,2026-02-23,24708.939,0.00029710626032319887,2026-02-24,2026-02-24,24977.039,0.01115065420863437,2026-02-25,2026-02-25,25329.039,0.02540074327169095,2026-02-26,2026-02-26,25034.369,0.013471556498364512,2026-02-27,2026-02-27,24960.039,0.010462439680020807,0.00029710626032319887,0.010850324249050303,0.01409294352304924,-0.011633682588589433,-0.002969118175097485,0.010162314132549533,-0.016955073498542972,3.1053115487959264,9510.0,1.0603845147329096,-2.0449270340630186,-2.132710147264188,-7190.0,-1.2886985468739596,0.8440116003902318,0.9729654800853251,2321.0,0.32055153160588645,-0.6524139484794347,-0.9726175208661454,-2320.0,-0.3205515316058829,0.6520659892602616,0.01115065420863437,0.0007481296758105049,0.01031799559542712,0.003190886420312733,0.16667908151698674,0.19388869546911947,,20.0,NASDAQ-100 Index x $20,494032.0,42284692912.0,31340896048.0,10943796864.0,4698244320.0,1075507664.0,69456946944.0,84321875792.0,-14864928848.0,-3552090080.0,2222649968.0,120171307872.0,124092439856.0,-3921131984.0,1146648272.0,3298157632.0,21808548608.0,17886922592.0,3921626016.0,-1146154240.0,-3297663600.0
2026-02-24,NASDAQ-100 Consolidated - CHICAGO MERCANTILE EXCHANGE,285165,76599,68043,8556,3.0003682078796485,26.861290831623798,23.86092262374415,18263,6.404362386688408,148075,163182,-15107,-5.297634702715971,51.9260778847334,57.22371258744937,242937,249488,-6551,-2.297266494836323,85.19173110304561,87.48899759788192,42228,35677,6551,2.297266494836323,14.808268896954393,12.511002402118072,24977.039,2026-03-02,2026-03-02,24992.6,0.0006230121993242577,2026-03-03,2026-03-03,24720.08,-0.010287808735054527,2026-03-04,2026-03-04,25093.68,0.004669929049636368,2026-03-05,2026-03-05,25020.41,0.0017364348111879035,2026-03-06,2026-03-06,24643.02,-0.013373042337003982,0.0006230121993242577,-0.010904027592167131,0.015113219698318137,-0.0029198587054589664,-0.015083286005305285,-0.013987340252714753,0.01115065420863437,-4.707624415384905,-13596.0,-2.920886697169827,1.786737718215079,5.17211024317637,14982.0,3.0057953418474312,-2.1663149013289456,0.46448582779146497,1386.0,0.5520428745060002,0.08755704671450815,-0.4648337870106447,-1387.0,-0.5520428745059931,-0.08720908749534573,-0.010287808735054527,-0.0008234763135853695,-0.007871989950450242,-0.03901943701172905,0.20115598970718662,0.16944326347090222,,20.0,NASDAQ-100 Index x $20,499540.78,38264324207.22,33990253293.54,4274070913.6800003,-6791756444.88,-10152666812.720001,73969500998.5,81516063561.96,-7546562563.46,7484119965.96,12960585537.1,121356938470.86,124629430120.64,-3272491649.78,692363521.08,2808418265.1600003,21094608057.84,17822116408.06,3272491649.78,-692863061.86,-2808418265.1600003
2026-03-03,NASDAQ-100 Consolidated - CHICAGO MERCANTILE EXCHANGE,290391,71879,74482,-2603,-0.8963776425577928,24.752488885674833,25.648866528232624,23428,8.067743146309631,154622,152653,1969,0.6780513170174007,53.246140548432976,52.56808923141557,249929,250563,-634,-0.2183263255403921,86.06637258041744,86.28469890595782,40462,39828,634,0.2183263255403921,13.933627419582562,13.71530109404217,24720.08,2026-03-09,2026-03-09,24967.25,0.009998754049339587,2026-03-10,2026-03-10,24956.471,0.009562711771159194,2026-03-11,2026-03-11,24965.01,0.009908139455859333,2026-03-12,2026-03-12,24533.58,-0.007544473966103693,2026-03-13,2026-03-13,24380.73,-0.013727706382827276,0.009998754049339587,-0.0004317255604842085,0.00034215574790197323,-0.017281387029286055,-0.00623023627208108,-0.023491573961890055,-0.010287808735054527,-3.8967458504374415,-11159.0,-2.108801945948965,1.7879439044884755,5.975686019733372,17076.0,1.3200626636995736,-4.6556233560338,2.078940169295931,5917.0,0.8746414773718243,-1.2042986919240946,-2.078940169295931,-5917.0,-0.8746414773718314,1.204298691924098,0.009562711771159194,0.002440930611874892,-0.02903028630975313,-0.039639475276779135,0.24031152002744305,0.17625917877288422,,20.0,NASDAQ-100 Index x $20,494401.60000000003,35537092606.4,36824019971.200005,-1286927364.8000002,-5517027454.400001,-7253365873.6,76445364195.20001,75471887444.8,973476750.4000001,8442401721.6,14216023606.400002,123565297486.40001,123878748100.8,-313450614.40000004,2925374267.2000003,6962163331.200001,20004477539.2,19691026924.800003,313450614.40000004,-2925374267.2000003,-6962163331.200001
2026-03-10,NASDAQ-100 Consolidated - CHICAGO MERCANTILE EXCHANGE,275311,72084,50355,21729,7.892528812869809,26.18275332260607,18.290224509736262,24459,8.884134669519199,141507,163573,-22066,-8.014935836199788,51.39896335417038,59.41389919037017,238050,238387,-337,-0.12240702332997956,86.46585134629564,86.58825836962562,37261,36924,337,0.12240702332997956,13.534148653704356,13.411741630374378,24956.471,2026-03-16,2026-03-16,24655.34,-0.012066249270579976,2026-03-17,2026-03-17,24780.42,-0.007054322704520333,2026-03-18,2026-03-18,24425.09,-0.02129231332426773,2026-03-19,2026-03-19,24355.279,-0.02408962388953162,2026-03-20,2026-03-20,23898.15,-0.04240667680939347,-0.012066249270579976,0.005073140342011007,-0.014339143565766821,-0.002858167564582237,-0.018769195787081583,-0.030710994048348095,0.009562711771159194,8.788906455427602,24332.0,1.430264436931239,-7.3586420184963615,-8.692987153217189,-24035.0,-1.8471771942625992,6.845809958954597,0.09591930221041255,297.0,0.3994787658782002,0.3035594636677956,-0.09591930221041255,-297.0,-0.3994787658782055,-0.3035594636677921,-0.007054322704520333,-0.03822744008958645,-0.04873613741301819,-0.030216692095609288,0.16540916381967619,,,20.0,NASDAQ-100 Index x $20,499129.42000000004,35979245111.28001,25133661944.100002,10845583167.18,12144817047.44,4535589039.54,70630306835.94,81644096617.66,-11013789781.720001,-11996575609.7,415774806.86,118817758431.00002,118985965045.54001,-168206614.54000002,148241437.74,4951862975.820001,18598061318.620003,18429854704.08,168206614.54000002,-148241437.74,-4951862975.820001
2026-03-17,NASDAQ-100 Consolidated - CHICAGO MERCANTILE EXCHANGE,318004,72274,51333,20941,6.585137293870518,22.727387076892114,16.142249783021597,47996,15.092891913309266,155328,180264,-24936,-7.8414107998641525,48.8446686205205,56.68607942038465,275598,279593,-3995,-1.2562735059936352,86.66494761072188,87.92122111671551,42406,38411,3995,1.2562735059936352,13.335052389278124,12.078778883284487,24780.42,2026-03-23,2026-03-23,24188.59,-0.0238829688923754,2026-03-24,2026-03-24,24002.449,-0.031394584918253865,2026-03-25,2026-03-25,24162.98,-0.02491644612964583,2026-03-26,2026-03-26,23586.99,-0.048160200674564724,2026-03-27,2026-03-27,23132.77,-0.06648999492341123,-0.0238829688923754,-0.0076954051476336716,0.006688109200856829,-0.02383770544858288,-0.019257226123384208,-0.04364950582071958,-0.007054322704520333,-1.3073915189992915,-788.0,-3.4553662457139573,-2.147974726714665,0.17352503633563554,-2870.0,-2.5542947336498756,-2.7278197699855156,-1.1338664826636555,-3658.0,0.19909626442624528,1.3329627470898942,1.1338664826636555,3658.0,-0.19909626442623285,-1.3329627470898906,-0.031394584918253865,-0.04197794064830218,-0.023326925048082314,0.04283946761192925,0.20934717813499537,,,20.0,NASDAQ-100 Index x $20,495608.39999999997,35819601501.6,25441065997.199997,10378535504.4,-390539419.2,-600181772.4,76981861555.2,89340352617.59999,-12358491062.4,-1422396108.0,2553870085.2,136588683823.2,138568639381.19998,-1979955557.9999998,-1812935527.1999998,1953688312.8,21016769810.399998,19036814252.399998,1979955557.9999998,1812935527.1999998,-1954183921.1999998
2026-03-24,NASDAQ-100 Consolidated - CHICAGO MERCANTILE EXCHANGE,244680,67592,63489,4103,1.6768840935098905,27.62465260748733,25.947768513977437,7863,3.21358509073075,131317,140147,-8830,-3.608795161026647,53.6688736308648,57.27766879189144,206773,211499,-4726,-1.9315023704430274,84.50752002615661,86.43902239659964,37908,33181,4727,1.9319110675167566,15.492888670917115,13.56097760340036,24002.449,2026-03-30,2026-03-30,22953.381,-0.043706706761464154,2026-03-31,2026-03-31,23740.189,-0.010926385053458554,2026-04-01,2026-04-01,24019.99,0.0007308004279062974,2026-04-02,2026-04-02,24045.529,0.001794816853896819,2026-04-03,2026-04-06,24192.17,0.00790423510534266,-0.043706706761464154,0.03427852306376988,0.011785963456314663,0.001063239410174388,0.006098472610022387,0.053969783362198154,-0.031394584918253865,-4.908253200360627,-16838.0,4.897265530595217,9.80551873095584,4.232615638837506,16106.0,4.824205010344301,0.5915893715067924,-0.6752288644493922,-731.0,-2.1574275845652693,-1.4821987201158748,0.6756375615231214,732.0,2.157836281638991,1.482198720115873,-0.010926385053458554,0.008329150079643854,0.07664013784593404,0.10319871943067138,0.22267815255018353,,,20.0,NASDAQ-100 Index x $20,480048.98,32447470656.16,30477829691.219997,1969640964.9399998,-8083064725.24,-2137658107.9399998,63038591906.659996,67277424400.06,-4238832493.3999996,7731668871.88,3013267447.46,99261167741.54,101529879221.01999,-2268711479.48,-350915804.38,876089388.5,18197696733.84,15928505205.38,2269191528.46,351395853.36,-875609339.52
2026-03-31,NASDAQ-100 Consolidated - CHICAGO MERCANTILE EXCHANGE,256358,76502,57031,19471,7.595237909485954,29.841861771429016,22.246623861943064,11265,4.3942455472425275,130999,151610,-20611,-8.03992853743593,51.10002418492889,59.13995272236482,218765,219905,-1140,-0.4446906279499762,85.33574142410222,85.78043205205222,37593,36453,1140,0.4446906279499762,14.664258575897767,14.219567947947793,23740.189,2026-04-06,2026-04-06,24192.17,0.01903864371088204,2026-04-07,2026-04-07,24202.369,0.019468252759066162,2026-04-08,2026-04-08,24903.17,0.04898785767880787,2026-04-09,2026-04-09,25082.09,0.05652444468744555,2026-04-10,2026-04-10,25116.34,0.05796714592289054,0.01903864371088204,0.00042158268563752266,0.028955884442551927,0.00718462749922999,0.0013655161910350877,0.038201203116545734,-0.010926385053458554,5.918353815976063,15368.0,2.2172091639416855,-3.7011446520343725,-4.431133376409283,-11781.0,-2.5688494459359106,1.8622839304733745,1.4868117424930511,3586.0,0.8282213979456117,-0.6585903445474202,-1.4872204395667803,-3587.0,-0.8286300950193475,0.6585903445474326,0.019468252759066162,0.08853387814225067,0.1153858547629929,0.13853390130971577,0.2753205124019864,,,20.0,NASDAQ-100 Index x $20,474803.77999999997,36323438777.56,27078534377.179996,9244904400.38,7296784491.04,10480818639.72,62198820376.21999,71985001085.79999,-9786180709.58,-5593663332.179999,-10721069352.4,103870448931.7,104411725240.9,-541276309.1999999,1702646355.08,-240250712.67999998,17849298501.539997,17308022192.34,541276309.1999999,-1703121158.86,240250712.67999998
2026-04-07,NASDAQ-100 Consolidated - CHICAGO MERCANTILE EXCHANGE,258663,70032,60117,9915,3.8331728929147193,27.074610593706872,23.24143770079215,13790,5.331261139010992,140869,147663,-6794,-2.626583624252406,54.460436939183424,57.08702056343582,224692,221570,3122,1.206975872080661,86.86669527531963,85.65971940323897,33972,37094,-3122,-1.206975872080661,13.133691328098724,14.340667200179382,24202.369,2026-04-13,2026-04-13,25383.721,0.048811420072142564,2026-04-14,2026-04-14,25842.0,0.0677467152079203,2026-04-15,2026-04-15,26204.58,0.08272789329011565,2026-04-16,2026-04-16,26333.0,0.08803398543340957,2026-04-17,2026-04-17,26672.43,0.10205864558134792,0.048811420072142564,0.018054051255921078,0.014030647782679484,0.004900670035543397,0.01288990999886086,0.05076911300750586,0.019468252759066162,-3.762065016571235,-9556.0,-2.7672511777221445,0.9948138388490868,5.413344913183524,13817.0,3.360412754254533,-2.0529321589289964,1.6516665000306372,4262.0,1.5309538512174043,-0.12071264881325305,-1.6516665000306372,-4262.0,-1.530567247799043,0.12109925223158946,0.0677467152079203,0.09408591365580787,0.11679191404775291,0.15753383480765892,0.20537869660610508,,,20.0,NASDAQ-100 Index x $20,484047.38,33898806116.16,29099476343.46,4799329772.7,-4625556763.28,-5718535747.32,68187270373.22,71475888272.94,-3288617899.7200003,6688082649.46,7392371587.36,108761573906.96,107250377986.6,1511195920.3600001,2063009933.56,1674319887.42,16444057593.36,17955253513.72,-1511195920.3600001,-2063009933.56,-1674319887.42
2026-04-14,NASDAQ-100 Consolidated - CHICAGO MERCANTILE EXCHANGE,276532,69365,59721,9644,3.487480653233622,25.0838962579376,21.596415604703974,20663,7.4721912834680975,148134,157450,-9316,-3.3688687023563277,53.568483936759584,56.937352639115915,238161,237834,327,0.11825032907583932,86.12420985636382,86.00595952728798,38371,38699,-328,-0.11861195087729448,13.87579014363618,13.994402094513475,25842.0,2026-04-20,2026-04-20,26590.34,0.02895828496246411,2026-04-21,2026-04-21,26479.471,0.024668021051002187,2026-04-22,2026-04-22,26937.279,0.04238367773392149,2026-04-23,2026-04-23,26782.631,0.03639931119882367,2026-04-24,2026-04-24,27303.67,0.05656179862239763,0.02895828496246411,-0.004169521713524471,0.017289167143860196,-0.005741040139948694,0.019454362045312035,0.02682665960645858,0.0677467152079203,-0.3456922396810973,-271.0,-1.9907143357692725,-1.6450220960881765,-0.7422850781039219,-2522.0,-0.8919530024238398,-0.14966792431990683,-1.0887255430048217,-2795.0,-0.742485418955809,0.34624012404901805,1.0883639212033664,2794.0,0.7420988155374566,-0.34626510566590696,0.024668021051002187,0.045933364290689616,0.08409027939014013,0.12471174831669374,0.1448916105564586,,,20.0,NASDAQ-100 Index x $20,516840.0,35850606600.0,30866201640.0,4984404960.0,-140063640.0,-5838741480.0,76561576560.0,81376458000.0,-4814881440.0,-1303470480.0,8073040800.0,123091131240.0,122922124560.0,169006680.0,-1444567800.0,2233782480.0,19831667640.0,20001191160.0,-169523520.0,1444050960.0,-2234299320.0
2026-04-21,NASDAQ-100 Consolidated - CHICAGO MERCANTILE EXCHANGE,290216,68265,61653,6612,2.278303057033382,23.522135237202633,21.243832180169253,32615,11.238181216748904,147270,158570,-11300,-3.8936516249965547,50.74496237285332,54.63861399784987,248150,252838,-4688,-1.615348567963172,85.50527882680487,87.12062739476804,42066,37378,4688,1.615348567963172,14.494721173195138,12.879372605231964,26479.471,2026-04-27,2026-04-27,27305.68,0.03120186955396509,2026-04-28,2026-04-28,27029.01,0.020753397981402077,2026-04-29,2026-04-29,27186.98,0.02671915160238658,2026-04-30,2026-04-30,27452.119,0.036732153750352436,2026-05-01,2026-05-01,27710.359,0.04648461443961627,0.03120186955396509,-0.010132324117180125,0.005844461191882422,0.009752425609611537,0.009406924106660108,0.014820323097611832,0.024668021051002187,-1.2091775962002398,-3032.0,-1.5617610207349664,-0.35258342453472125,-0.524782922640227,-1984.0,-2.8235215639062616,-2.2987386412660413,-1.7335988970390113,-5015.0,-0.6189310295589507,1.1146678674800512,1.7339605188404665,5016.0,0.6189310295589578,-1.1150294892815111,0.020753397981402077,0.05799171743272358,0.09763525864999334,0.08834651568379126,0.10104843106571115,,,20.0,NASDAQ-100 Index x $20,529589.42,36152421756.3,32650776511.260002,3501645245.0400004,-1605715121.44,1328739854.7800002,77992633883.40001,83976994329.40001,-5984360446.0,-1050705409.2800001,-1308085867.4,131417614573.00002,133900329773.96,-2482715200.96,-2655890941.3,20124397.96,22277708541.72,19794993340.760002,2482715200.96,2656420530.7200003,-20653987.380000003
2026-04-28,NASDAQ-100 Consolidated - CHICAGO MERCANTILE EXCHANGE,302430,66824,72797,-5973,-1.975002479912707,22.095691564990247,24.07069404490295,40474,13.382931587474786,150672,150656,16,0.005290480441755116,49.82045432000793,49.81516383956618,257969,263926,-5957,-1.9697119994709518,85.29874681744536,87.26845881691632,44461,38504,5957,1.9697119994709518,14.701253182554641,12.731541183083689,27029.01,2026-05-04,2026-05-04,27651.82,0.02304227938796144,2026-05-05,2026-05-05,28015.061,0.036481210373594974,2026-05-06,2026-05-06,28599.17,0.05809165781506609,2026-05-07,2026-05-07,28563.949,0.056788576422148074,2026-05-08,2026-05-08,29234.99,0.08161527188750184,0.02304227938796144,0.01313624202674557,0.020849820744634373,-0.00123153923697783,0.023492585006365863,0.05725373592045657,0.020753397981402077,-4.2533055369460895,-12585.0,-1.426443672212386,2.826861864733697,3.89894210543831,11316.0,-0.9245080528453897,-4.823450158283691,-0.3543634315077797,-1269.0,-0.20653200935950622,0.14783142214828615,0.3543634315077797,1269.0,0.20653200935950267,-0.1478314221482755,0.036481210373594974,0.07531874086398282,0.06621885152286389,0.10996740169173802,0.02716048423527173,,,20.0,NASDAQ-100 Index x $20,540580.2,36123731284.799995,39352616819.399994,-3228885534.6,-6803201816.999999,-13754522608.8,81450299894.4,81441650611.2,8649283.2,6117205543.2,11150547785.4,139452933613.8,142673169865.19998,-3220236251.3999996,-685996273.8,-2603974823.3999996,24034736272.199997,20814500020.8,3220236251.3999996,685996273.8,2603974823.3999996
2026-05-05,NASDAQ-100 Consolidated - CHICAGO MERCANTILE EXCHANGE,315421,68393,70225,-1832,-0.5808110430186957,21.68308387837208,22.263894921390776,42752,13.553948532279081,159468,163232,-3764,-1.1933257455908135,50.55719181665139,51.7505175622422,270612,276209,-5597,-1.7744538252050432,85.79390719070702,87.56836101591206,44809,39212,5597,1.7744538252050432,14.206092809292977,12.431638984087934,28015.061,2026-05-11,2026-05-11,29320.66,0.04660346804170801,2026-05-12,2026-05-12,29064.801,0.037470559139599846,2026-05-13,2026-05-13,29366.939,0.04825540090739033,2026-05-14,2026-05-14,29580.301,0.055871375757489794,2026-05-15,2026-05-15,29125.199,0.0396264709186247,0.04660346804170801,-0.008726236039707125,0.010395323195228512,0.007265380978249025,-0.015385306593060033,-0.006666323336514179,0.036481210373594974,1.3941914368940114,4141.0,-0.41260768661816627,-1.8067991235121745,-1.1986162260325686,-3780.0,0.7367374966434568,1.9353537226760196,0.19525817426590852,360.0,0.49516037326165474,0.29990219899573844,-0.19525817426590852,-360.0,-0.4951603732616636,-0.29990219899575443,0.037470559139599846,0.0286909601945895,0.07089968499443922,0.09443274101741195,0.06132769084457812,,,20.0,NASDAQ-100 Index x $20,560301.22,38320681339.46,39347153174.5,-1026471835.04,2320207352.02,-6581858431.339999,89350114950.95999,91459088743.04,-2108973792.08,-2117938611.6,1697712696.6,151624233746.63998,154760239674.97998,-3136005928.3399997,201708439.2,-4885266337.179999,25106537366.98,21970531438.64,3136005928.3399997,-201708439.2,4885266337.179999
2026-05-12,NASDAQ-100 Consolidated - CHICAGO MERCANTILE EXCHANGE,316227,59162,81061,-21899,-6.925088623046102,18.70871241228611,25.633801035332215,44156,13.963387060560924,166606,152014,14592,4.614406739462475,52.68557080831175,48.07116406884928,269924,277231,-7307,-2.3106818835836282,85.35767028115879,87.66835216474242,46303,38996,7307,2.3106818835836282,14.642329718841212,12.331647835257584,29064.801,2026-05-18,2026-05-18,28994.369,-0.0024232748058381492,2026-05-19,2026-05-19,28818.84,-0.008462504181604436,2026-05-20,2026-05-20,29297.699,0.00801306019607706,2026-05-21,2026-05-21,29357.27,0.010062652759948332,2026-05-22,2026-05-22,29481.641,0.014341746224238783,-0.0024232748058381492,-0.0060538996382366594,0.016616178860773045,0.002033299611686301,0.004236463404124313,0.01680574597088147,0.037470559139599846,-6.3442775800274065,-20067.0,-2.9743714660859695,3.3699061139414397,5.807732485053289,18356.0,2.1283789916603624,-3.6793534933929237,-0.536228058378585,-1710.0,-0.4362369095482279,0.09999114883035531,0.536228058378585,1710.0,0.436236909548235,-0.09999114883034999,-0.008462504181604436,0.032221758545671886,0.05490486585474974,0.0006777613925517123,0.01585006551395285,,,20.0,NASDAQ-100 Index x $20,581296.02,34390635135.24,47120436677.22,-12729801541.98,-11664867233.34,-18335820358.86,96847404708.12001,88365133184.28,8482271523.84,10670269743.12,13897625246.16,156905746902.48,161153276920.62,-4247530018.1400003,-994016194.2,-4437613816.68,26915749614.06,22668219595.920002,4247530018.1400003,994016194.2,4438195112.7
2026-05-19,NASDAQ-100 Consolidated - CHICAGO MERCANTILE EXCHANGE,320044,71907,79306,-7399,-2.311869617927535,22.467848170876504,24.77971778880404,41255,12.89041506792816,158856,161816,-2960,-0.9248728299858769,49.63567509467448,50.56054792466036,272019,282377,-10358,-3.236429990876254,84.9942507905163,88.23068078139255,48026,37667,10359,3.236742447913412,15.006061666520853,11.769319218607441,28818.84,2026-05-25,2026-05-26,30001.32,0.04103149189904931,2026-05-26,2026-05-26,30001.32,0.04103149189904931,2026-05-27,2026-05-27,29973.57,0.0400685801371603,2026-05-28,2026-05-28,30223.891,0.048754599421767075,2026-05-29,2026-05-29,30333.18,0.05254687558555449,0.04103149189904931,0.0,-0.0009249593017907065,0.008351390908723832,0.003615980483783421,0.011061513293415093,-0.008462504181604436,4.613219005118568,14500.0,3.759135758590393,-0.8540832465281767,-5.539279569448352,-17552.0,-3.0498957136372695,2.4893838558110843,-0.9257481072926259,-3051.0,-0.36341949064248524,0.5623286166501344,0.9260605643297839,3052.0,0.363731947679641,-0.5623286166501433,0.04103149189904931,0.0639081933901573,0.009218275267151688,0.03987984943182998,0.023322278065321056,,,20.0,NASDAQ-100 Index x $20,576376.8,41445526557.600006,45710138500.8,-4264611943.2000003,8357463600.000001,-8075615344.8,91560912940.8,93266988268.8,-1706075328.0000002,-10116565593.6,4806982512.0,156785440759.2,162755551653.6,-5970110894.400001,-1758525616.8000002,-3268056456.0000005,27681072196.800003,21710384925.600002,5970687271.200001,1759101993.6000001,3268632832.8
2026-05-26,NASDAQ-100 Consolidated - CHICAGO MERCANTILE EXCHANGE,330617,69237,80519,-11282,-3.412407710432313,20.941754356249074,24.354162066681386,42197,12.763106555319299,169167,168993,174,0.05262887268349782,51.16706037499584,51.11443150231234,280601,291709,-11108,-3.3597788377488147,84.87192128656422,88.23170012431302,50017,38908,11109,3.3600813025343528,15.128381178221325,11.768299875686973,30001.32,2026-06-01,2026-06-01,30513.859,0.017083881642541154,2026-06-02,2026-06-02,30660.6,0.02197503309854354,2026-06-03,2026-06-03,30571.24,0.01899649748744392,2026-06-04,2026-06-04,30407.811,0.013549103839431087,2026-06-05,2026-06-05,28957.6,-0.034789135944685134,0.017083881642541154,0.004808995152006057,-0.002914489605552295,-0.00534584138556371,-0.047692055176217774,-0.05100171040313195,0.04103149189904931,-1.1005380925047779,-3883.0,-1.5260938146274299,-0.42555572212265247,0.9775017026693748,3134.0,1.5313852803213592,0.5538835776519804,-0.12334884687256054,-750.0,-0.12232950395208775,0.0010193429204718996,0.12333885462094063,750.0,0.1223195117004714,-0.0010193429204683468,0.02197503309854354,-0.03055932205649614,-0.0011062513249416872,-0.021800707435539524,-0.026401838319113913,,,20.0,NASDAQ-100 Index x $20,600026.4,41544027856.8,48313525701.6,-6769497844.8,-2329902511.2000003,-3185540157.6,101504666008.8,101400261415.2,104404593.60000001,1880482737.6000001,94804171.2,168368007866.4,175033101117.6,-6665093251.2,-450019800.0,-3090735986.4,30011520448.800003,23345827171.2,6665693277.6,450019800.0,3091336012.8
2026-06-02,NASDAQ-100 Consolidated - CHICAGO MERCANTILE EXCHANGE,345837,68549,90634,-22085,-6.385956389859963,19.821187438012704,26.20714382787267,45381,13.122077741826352,181764,166288,15476,4.474940506654869,52.557707821892976,48.0827673152381,295693,302303,-6610,-1.9113050367658753,85.50068384817125,87.41198888493712,50144,43534,6610,1.9113050367658753,14.49931615182875,12.588011115062878,30660.6,2026-06-08,2026-06-08,29414.26,-0.040649563283171264,2026-06-09,2026-06-09,29084.5,-0.051404734414851605,2026-06-10,2026-06-10,28508.029,-0.07020642127029475,2026-06-11,2026-06-11,29446.18,-0.039608487766057965,2026-06-12,2026-06-12,29635.949,-0.03341914378714039,-0.040649563283171264,-0.011210888868188329,-0.019820557341539313,0.03290830804192035,0.006444605038752105,0.0075367865790267885,0.02197503309854354,-2.97354867942765,-10803.0,-1.1205669182363707,1.852981761191284,4.422311633971371,15302.0,1.390647446897134,-3.0316641870742416,1.4484738009829394,4498.0,0.6287625616070329,-0.8197112393759056,-1.4487762657684775,-4499.0,-0.6290650263925741,0.8197112393759056,-0.051404734414851605,-0.022584978767538733,-0.04283445203290215,-0.012532370534170889,-0.05164214007553658,,,20.0,NASDAQ-100 Index x $20,613212.0,42035069388.0,55577856408.0,-13542787020.0,-6624529236.0,-12419382636.0,111459865968.0,101969797056.0,9490068912.0,9383370024.0,11798198880.0,181322495916.0,185375827236.0,-4053331320.0,2758227576.0,-621183756.0,30748902528.0,26695571208.0,4053331320.0,-2758840788.0,621183756.0
2026-06-09,NASDAQ-100 Consolidated - CHICAGO MERCANTILE EXCHANGE,334790,70466,81447,-10981,-3.279966546193136,21.047821022133277,24.327787568326414,44610,13.32477075181457,167311,166995,316,0.094387526509155,49.974909644852,49.88052211834284,282387,293052,-10665,-3.185579019683981,84.34750141879984,87.53308043848382,52403,41738,10665,3.185579019683981,15.652498581200156,12.466919561516173,29084.5,2026-06-15,2026-06-15,30543.92,0.050178617476662746,2026-06-16,2026-06-16,29968.131,0.03038150905121295,2026-06-17,2026-06-17,29670.949,0.020163626674001733,2026-06-18,2026-06-18,30406.189,0.045443071051590955,2026-06-19,2026-06-22,30347.08,0.04341075143117479,0.050178617476662746,-0.018851182166532587,-0.009916601071985442,0.024779793865036037,-0.001943979233964388,-0.006444490425590366,-0.051404734414851605,3.105989843666827,11104.0,1.2266335841205738,-1.879356259546256,-4.380552980145715,-15160.0,-2.582798177040978,1.7977548031047377,-1.2742739829181056,-4055.0,-1.1531824293714124,0.1210915535467052,1.2742739829181056,4055.0,1.1531824293714052,-0.1210915535467052,0.03038150905121295,0.009034709209372771,0.040978871907717096,0.003043545531124847,,,,20.0,NASDAQ-100 Index x $20,581690.0,40989367540.0,47376905430.0,-6387537890.0,6459085760.0,6350891420.0,97323135590.0,97139321550.0,183814040.0,-8818420400.0,-8304206440.0,164261694030.0,170465417880.0,-6203723850.0,-2358752950.0,-1953315020.0,30482301070.0,24278577220.0,6203723850.0,2358752950.0,1953315020.0
2026-06-16,NASDAQ-100 Consolidated - CHICAGO MERCANTILE EXCHANGE,375254,71329,92195,-20866,-5.560500354426601,19.008191784764453,24.568692139191054,57203,15.243808193916653,186342,179636,6706,1.7870562339108977,49.65756527578654,47.870509041875636,314874,329034,-14160,-3.7734441205157037,83.90956525446765,87.68300937498334,60380,46220,14160,3.7734441205157037,16.09043474553236,12.316990625016654,29968.131,2026-06-22,2026-06-22,30347.08,0.012645066187144005,2026-06-23,2026-06-23,29347.27,-0.020717374733846494,2026-06-24,2026-06-24,29220.061,-0.024962183994724274,2026-06-25,2026-06-25,29440.32,-0.017612409662784878,2026-06-26,2026-06-26,29118.24,-0.028359826643843733,0.012645066187144005,-0.03294583861116129,-0.0043346110217407086,0.0075379377202531295,-0.010940098477190352,-0.04049285796195223,0.03038150905121295,-2.280533808233465,-9885.0,-2.0396292373688247,0.24090457086463957,1.6926687074017428,6390.0,-0.3173443690654594,-2.010013076467203,-0.5878651008317228,-3495.0,-0.43793616433218574,0.14992893649952066,0.5878651008317228,3495.0,0.4379361643322035,-0.14992893649951888,-0.020717374733846494,0.010284892307765192,-0.026531884821245688,-0.012741602070546199,,,,20.0,NASDAQ-100 Index x $20,599362.62,42751936321.98,55258236750.9,-12506300428.92,-5924699498.7,-8071616403.54,111686429336.04,107667103606.31999,4019325729.72,3829927141.8,5793439084.92,188723705609.88,197210680309.08,-8486974699.2,-2094772356.9,-2278776681.24,36189514995.6,27702540296.4,8486974699.2,2094772356.9,2278177318.62
2026-06-23,NASDAQ-100 Consolidated - CHICAGO MERCANTILE EXCHANGE,276807,59333,75605,-16272,-5.87846405618355,21.43479030515847,27.313254361342015,11490,4.150906588344948,160038,156735,3303,1.1932501706965504,57.81573442868135,56.62248425798481,230861,243831,-12970,-4.6855751480273256,83.40143132218478,88.08700647021209,45946,32977,12969,4.685213885487,16.59856867781523,11.91335479232823,29347.27,2026-06-29,2026-06-29,29774.75,0.014566261188860175,2026-06-30,2026-06-30,30276.35,0.03165814060387895,2026-07-01,2026-07-01,29809.131,0.015737784127791032,2026-07-02,2026-07-02,29329.211,-0.0006153553635482867,2026-07-03,2026-07-06,29697.869,0.011946562661535376,0.014566261188860175,0.01684648905532371,-0.015431813940583905,-0.016099764867348876,0.012569652828369637,-0.0025820871711769167,-0.020717374733846494,-0.3179637017569492,4594.0,2.426598520394016,2.744562222150961,-0.5938060632143474,-3403.0,8.158169152894814,8.751975216109173,-0.9121310275116219,1190.0,-0.508133932282874,0.40399709522874616,0.9117697649712966,-1191.0,0.5081339322828704,-0.4036358326884244,0.03165814060387895,-0.005937519912414313,0.008144505434406701,-0.006545412912342452,,,,20.0,NASDAQ-100 Index x $20,586945.4,34825231418.200005,44376006967.0,-9550775548.800001,2696427167.6,-2928857546.0,93933567925.2,91994887269.0,1938680656.2,-1997375196.2,1836552156.6000001,135502801989.40001,143115483827.4,-7612681838.0,698465026.0,-1092892334.8,26967793348.4,19355698455.8,7612094892.6,-699051971.4,1091718444.0
2026-06-30,NASDAQ-100 Consolidated - CHICAGO MERCANTILE EXCHANGE,296634,59160,77403,-18243,-6.150003034041951,19.943769089180606,26.093772123222557,19294,6.5043117107276975,172993,164008,8985,3.028985214102227,58.318668797238345,55.28968358313612,251447,260705,-9258,-3.121017819939724,84.76674959714666,87.88776741708637,45188,35930,9258,3.121017819939724,15.233587518625647,12.112569698685922,30276.35,2026-07-06,2026-07-06,29697.869,-0.01910669549004418,2026-07-07,2026-07-07,29173.02,-0.03644197533718552,2026-07-08,2026-07-08,29252.561,-0.03381480924880298,2026-07-09,2026-07-09,29727.1,-0.018141222439296723,2026-07-10,2026-07-10,29825.109,-0.01490407529309179,-0.01910669549004418,-0.017672951550833482,0.0027265260847180173,0.01622213521749427,0.0032969579945572036,0.004284482499400832,0.03165814060387895,-0.271538977858401,-1971.0,-1.491021215977863,-1.2194822381194577,1.8357350434056767,5682.0,0.5029343685569927,-1.3328006748486914,1.5645573280876017,3712.0,1.3653182749618793,-0.19923905312572288,-1.5641960655472764,-3711.0,-1.3649811591895826,0.19921490635769246,-0.03644197533718552,-0.02279208028708868,-0.03703121413248289,-0.08300931254923394,,,,20.0,NASDAQ-100 Index x $20,605527.0,35822977320.0,46869606381.0,-11046629061.0,-1193493717.0,2326434734.0,104751932311.0,99311272216.0,5440660095.0,3440604414.0,-3930475757.0,152257947569.0,157863916535.0,-5605968966.0,2247716224.0,-1603435496.0,27362554076.0,21756585110.0,5605968966.0,-2247110697.0,1603435496.0
2026-07-07,NASDAQ-100 Consolidated - CHICAGO MERCANTILE EXCHANGE,303152,65583,74324,-8741,-2.8833720377896235,21.633701905314826,24.51707394310445,19768,6.520821238190742,168127,174477,-6350,-2.094658785031931,55.459637409616306,57.554296194648224,253478,268568,-15090,-4.977700955296354,83.61416055312186,88.59186150841822,49674,34584,15090,4.977700955296354,16.385839446878133,11.40813849158178,29173.02,2026-07-13,2026-07-13,29264.1,0.0031220627826669123,2026-07-14,2026-07-14,29586.289,0.014166137067742834,2026-07-15,2026-07-15,29502.6,0.011297424812378054,2026-07-16,2026-07-16,29025.77,-0.005047471944968351,2026-07-17,2026-07-17,28592.66,-0.019893723721438494,0.0031220627826669123,0.011009701306378794,-0.002828641334504667,-0.016162304339278455,-0.01492156797218469,-0.022944153416643576,-0.03644197533718552,3.266630996252328,9502.0,1.6899328161342204,-1.5766981801181075,-5.123643999134158,-15335.0,-2.8590313876220392,2.2646126115121064,-1.8566831353566298,-5832.0,-1.1525890440247935,0.7040940913318536,1.8566831353566298,5832.0,1.1522519282524861,-0.7044312071041414,0.014166137067742834,-0.0006115239354719249,-0.04832852409520849,0.01920061755690705,,,,20.0,NASDAQ-100 Index x $20,583460.4,38265083413.200005,43365110769.6,-5100027356.400001,5544040720.8,1306951296.0,98095446670.8,101800420210.8,-3704973540.0,-8947365234.0,-3889347026.4,147894375271.2,156698792707.2,-8804417436.0,-3402741052.8,-2581812270.0,28982811909.600002,20178394473.600002,8804417436.0,3402741052.8,2581812270.0
2026-07-14,NASDAQ-100 Consolidated - CHICAGO MERCANTILE EXCHANGE,307355,61576,71889,-10313,-3.3554033609344245,20.034162450586454,23.389565811520878,25812,8.398106424167494,171995,173913,-1918,-0.624034097379252,55.959720843975205,56.58375494135446,259383,271614,-12231,-3.9794374583136762,84.39198971872915,88.37142717704283,47971,35740,12231,3.9794374583136762,15.607684924598592,11.628247466284915,29586.289,2026-07-20,2026-07-20,28604.23,-0.03319304425100422,2026-07-21,2026-07-21,29155.18,-0.014571242780735405,2026-07-22,2026-07-22,28998.1,-0.01988045881658229,2026-07-23,2026-07-23,28454.811,-0.038243322776979505,2026-07-24,2026-07-24,28128.34,-0.049277859754564,-0.03319304425100422,0.01926113725137868,-0.005387721838795101,-0.01873533093547497,-0.011473314653188238,-0.016637049834936968,0.014166137067742834,-0.472031323144801,-1572.0,-1.5995394547283723,-1.1275081315835713,1.470624687652679,4432.0,0.5000834343588991,-0.9705412532937672,0.9982634969826774,2859.0,0.7778291656072867,-0.2204343313753867,-0.9982634969826774,-2859.0,-0.7781545222795412,0.22010897470313395,-0.014571242780735405,-0.061621719439027944,0.004964157552844739,-0.0020553101472104984,,,,20.0,NASDAQ-100 Index x $20,591725.78,36436106629.28,42538574598.420006,-6102467969.14,-930192926.1600001,6244482156.34,101773875531.1,102908805577.14,-1134930046.04,2622528656.96,-5103043126.72,153483607993.74002,160721006008.92,-7237398015.18,1691744005.02,1141439029.6200001,28385677392.38,21148279377.2,7237398015.18,-1691744005.02,-1141439029.6200001
2026-07-21,NASDAQ-100 Consolidated - CHICAGO MERCANTILE EXCHANGE,311523,59542,69233,-9691,-3.110845748147007,19.113195494393672,22.22404124254068,29184,9.368168642443736,172789,176760,-3971,-1.2747052384575135,55.46588855397515,56.74059379243266,261514,275177,-13663,-4.38587199019013,83.94693168722695,88.33280367741708,50009,36346,13663,4.38587199019013,16.053068312773053,11.667196322582923,29155.18,2026-07-27,2026-07-27,28039.211,-0.03827686881027659,2026-07-28,2026-07-28,27763.131,-0.047746198102704196,2026-07-29,2026-07-29,27192.311,-0.06732488017566685,2026-07-30,2026-07-30,28106.35,-0.035974053324315025,2026-07-31,2026-07-31,28274.199,-0.030216963160577315,-0.03827686881027659,-0.009846211435835306,-0.020560361149468354,0.03361387709930197,0.0059719244939311356,0.008380692309780002,-0.014571242780735405,0.2445576127874176,622.0,-0.9209669561927818,-1.1655245689801994,-0.6506711410782615,-2053.0,-0.49383229000005713,0.15683885107820572,-0.4064345318764535,-1432.0,-0.44505803150219947,-0.03862349962575706,0.4064345318764535,1432.0,0.4453833881744611,0.03894885629800804,-0.047746198102704196,0.01982426450462671,0.012701002017480256,0.01151702716292613,,,,20.0,NASDAQ-100 Index x $20,583103.6,34719154551.2,40370011538.799995,-5650856987.599999,362690439.2,3837404791.6,100753887940.4,103069392336.0,-2315504395.6,-1197111690.8,-4241495586.3999996,152489754850.4,160456699337.19998,-7966944486.799999,-835004355.1999999,-404090794.8,29160427932.399998,21193483445.6,7966944486.799999,835004355.1999999,404673898.4
2026-07-28,NASDAQ-100 Consolidated - CHICAGO MERCANTILE EXCHANGE,319776,67927,77841,-9914,-3.100295206644651,21.2420569398579,24.342352146502552,30776,9.624236965876113,168756,176800,-8044,-2.5155108576003204,52.773191233863706,55.288702091464025,267459,285417,-17958,-5.615806064244971,83.63948513959771,89.25529120384269,52317,34359,17958,5.615806064244971,16.36051486040228,10.74470879615731,27763.131,2026-08-03,2026-08-03,28776.801,0.03651137186220099,2026-08-04,2026-08-04,29733.16,0.07095845926023259,2026-08-05,2026-08-05,29487.789,0.06212044311572784,2026-08-06,2026-08-06,29373.33,0.05799774528312396,2026-08-07,2026-08-07,29722.301,0.0705673290235167,0.03651137186220099,0.033233680143946565,-0.008252436000747987,-0.0038815728096806,0.011880539251082345,0.03285632756747359,-0.047746198102704196,0.010550541502355681,-223.0,2.128861445464228,2.1183109039618735,-1.240805619142807,-4073.0,-2.692697320111442,-1.4518917009686376,-1.2299340740548415,-4295.0,-0.3074465476292403,0.9224875264256127,1.2299340740548415,4295.0,0.3074465476292261,-0.9224875264256127,0.07095845926023259,0.06347803495218174,0.06223469535910775,0.052087028656818246,,,,20.0,NASDAQ-100 Index x $20,555262.62,37717323988.74,43222197603.42,-5504873614.68,-123823564.26,4624782361.98,93703898700.72,98170431216.0,-4466532515.28,-2261584651.2599998,-9455567155.98,148509985082.58,158481391212.54,-9971406129.96,-2384852952.9,-4830784794.0,29049674490.54,19078268360.579998,9971406129.96,2384852952.9,4830784794.0
2026-08-04,NASDAQ-100 Consolidated - CHICAGO MERCANTILE EXCHANGE,334748,65457,100463,-35006,-10.45741871497365,19.55411234719849,30.011531062172143,35562,10.62351380740139,178588,154512,24076,7.192275980737748,53.349982673533525,46.15770669279578,279608,290538,-10930,-3.2651427342359027,83.52790756031403,86.79305029454993,55140,44211,10929,3.2648440020552774,16.472092439685973,13.207248437630694,29733.16,2026-08-10,2026-08-10,29621.801,-0.003745279681002689,2026-08-11,2026-08-11,29525.48,-0.006984794081759227,2026-08-12,2026-08-12,29742.6,0.00031749064008002037,2026-08-13,2026-08-13,30084.5,0.011816436598060864,2026-08-14,2026-08-14,30046.141,0.010526328180388456,-0.003745279681002689,-0.003251692900104186,0.007353648441955851,0.011495296308997816,-0.001275041965131507,0.014325259966468717,0.07095845926023259,-7.357123508329,-25092.0,-1.6879445926594094,5.66917891566959,9.70778683833807,32120.0,0.5767914396698188,-9.130995398668247,2.3506633300090685,7028.0,-0.11157757928367573,-2.4622409092927597,-2.350962062189694,-7029.0,0.1115775792836935,2.4625396414733842,-0.006984794081759227,-0.008145753764483898,-0.017621066849268674,-0.022060857305446158,,,,20.0,NASDAQ-100 Index x $20,594663.2,38924869082.399994,59741649061.6,-20816779979.199997,-14921289014.4,-15618828947.999998,106199711561.59999,91882600358.4,14317111203.199999,19100581984.0,18093222523.199997,166272588025.59998,172772256801.59998,-6499668775.999999,4179292969.6,2473798912.0,32789728847.999996,26290654735.199997,6499074112.799999,-4179887632.7999997,-2474393575.2
2026-08-11,NASDAQ-100 Consolidated - CHICAGO MERCANTILE EXCHANGE,302340,66813,109718,-42905,-14.190977045710126,22.09863068069061,36.28960772640074,20685,6.841635245088311,163259,138328,24931,8.246014420850697,53.99847853410068,45.752464113249985,250756,268731,-17975,-5.945293378315803,82.93841370642323,88.88370708473904,51583,33609,17974,5.944962624859429,17.061255540120392,11.116292915260964,29525.48,2026-08-17,2026-08-17,29995.381,0.01591510112621375,2026-08-18,2026-08-18,29490.961,-0.001169125785592695,2026-08-19,2026-08-19,29426.02,-0.0033686158531546218,2026-08-20,2026-08-20,29213.16,-0.0105779821361075,2026-08-21,2026-08-21,29308.859,-0.0073367477853026886,0.01591510112621375,-0.01681658919418294,-0.002202064558018302,-0.007233733953827315,0.0032758866209612325,-0.022887590592698293,-0.006984794081759227,-3.733558330736475,-7899.0,2.544518333492121,6.278076664228596,1.0537384401129488,855.0,0.6484958605671522,-0.4052425795457921,-2.6801506440799003,-7045.0,-0.5894938538908008,2.090656790189115,2.680118622804152,7045.0,0.5891631004344191,-2.0909555223697307,-0.001169125785592695,-0.010711087508145534,-0.015182107115616739,,,,,20.0,NASDAQ-100 Index x $20,590509.6,39453717904.799995,64789532292.799995,-25335814388.0,-4664435330.4,-19245888883.2,96406006786.4,81684011948.8,14721994837.599998,504885708.0,15854592250.4,148073825257.6,158688235317.6,-10614410060.0,-4160140132.0,-3391887142.4,30460256696.8,19846437146.399998,10613819550.4,4160140132.0,3391296632.7999997
2026-08-18,NASDAQ-100 Consolidated - CHICAGO MERCANTILE EXCHANGE,318247,79203,91270,-12067,-3.79170895562252,24.88727309291211,28.67898204853463,19793,6.219383057813585,165418,171395,-5977,-1.8781009718866162,51.9778662485428,53.85596722042941,264414,282458,-18044,-5.669809927509136,83.0845223992685,88.75433232677763,53833,35789,18044,5.669809927509136,16.915477600731506,11.245667673222371,29490.961,2026-08-24,2026-08-24,29023.18,-0.01586184322715012,2026-08-25,2026-08-25,29209.23,-0.00955313053379303,2026-08-26,2026-08-26,29224.52,-0.009034666588179308,2026-08-27,2026-08-27,29641.561,0.005106649457778056,2026-08-28,2026-08-28,29433.43,-0.0019508011285219728,-0.01586184322715012,0.0064103933476620245,0.0005234646719547431,0.014270242932989285,-0.007021593768290479,0.014135253269972559,-0.001169125785592695,10.399268090087606,30838.0,2.788642412221499,-7.6106256778661105,-10.124115392737313,-30908.0,-2.020612285557874,8.103503107179428,0.27548345080666703,-69.0,0.14610869284526018,-0.12937475796141484,-0.27515269735029335,70.0,-0.1457779393888856,0.12937475796140774,-0.00955313053379303,-0.014029383443964316,,,,,,20.0,NASDAQ-100 Index x $20,589819.22,46715451681.659996,53832800209.399994,-7117348527.74,18188845106.36,-1401410466.72,97566715733.95999,101092065211.9,-3525349477.94,-18230132451.76,-1183177355.32,155956459237.08,166599157242.75998,-10642698005.68,-40697526.18,-2583998002.8199997,31751738070.26,21109040064.579998,10642698005.68,41287345.4,2583998002.8199997
2026-08-25,NASDAQ-100 Consolidated - CHICAGO MERCANTILE EXCHANGE,322190,83872,72745,11127,3.453552251776902,26.03184456376672,22.57829231198982,19368,6.011359756665321,162015,193773,-31758,-9.856916726155374,50.28554579595891,60.14246252211428,265255,285886,-20631,-6.403364474378473,82.32875011639095,88.73211459076941,56935,36304,20631,6.403364474378473,17.67124988360905,11.267885409230578,29209.23,2026-08-31,2026-08-31,29456.971,0.008481599823069619,2026-09-01,2026-09-01,29077.221,-0.00451942759189472,2026-09-02,2026-09-02,29143.33,-0.002256136159700106,2026-09-03,2026-09-03,29482.32,0.009349441940099013,2026-09-04,2026-09-04,29544.154,0.011466375525818417,0.008481599823069619,-0.012891685299211475,0.0022735666520539155,0.011631821071922843,0.0020973247695568187,0.002959672941253766,-0.00955313053379303,7.245261207399422,23194.0,1.1445714708546113,-6.100689736544808,-7.978815754268758,-25781.0,-1.6923204525838926,6.286495301684866,-0.7335545468693372,-2587.0,-0.7557722828775439,-0.02221773600821564,0.7335545468693372,2587.0,0.7557722828775439,0.022217736008206757,-0.00451942759189472,,,,,,,20.0,NASDAQ-100 Index x $20,584184.6,48996730771.2,42496508727.0,6500222044.2,13549577612.4,12291828168.6,94646667969.0,113199202495.8,-18552534526.8,-15060863172.599998,-13853353604.4,154957886073.0,167010198555.6,-12052312482.6,-1511285560.2,-1561525435.8,33260550201.0,21208237718.399998,12052312482.6,1511285560.2,1561525435.8
2026-09-01,NASDAQ-100 Consolidated - CHICAGO MERCANTILE EXCHANGE,320401,84710,57633,27077,8.450972375242275,26.438743948988925,17.98777157374665,21042,6.5673952328488365,161524,202010,-40486,-12.636040461796311,50.41307611399465,63.04911657579096,267276,280684,-13408,-4.184755977665488,83.4192152958324,87.60397127349789,53126,39717,13409,4.185068086554037,16.58109681305614,12.396028726502102,29077.221,2026-09-07,,,,2026-09-08,,,,2026-09-09,,,,2026-09-10,,,,2026-09-11,,,,,,,,,,-0.00451942759189472,4.997420123465373,15950.0,0.4068993852222036,-4.590520738243171,-2.779123735640937,-8728.0,0.12753031803573833,2.9066540536766823,2.218608496712985,7223.0,1.090465179441452,-1.1281433172715225,-2.218296387824436,-7222.0,-1.0901530705529119,1.1281433172715243,,,,,,,,20.0,NASDAQ-100 Index x $20,581544.42,49262627818.200005,33516149557.86,15746478260.340002,9275633499.0,36104022226.86,93933380896.08,117477788284.20001,-23544407388.120003,-5075719697.76,-37545670844.04,155432866399.92,163230213983.28,-7797347583.360001,4200495345.6600003,-1441067072.76,30895128856.920002,23097199729.140003,7797929127.780001,-4199913801.2400002,1442230161.6000001
