Loaded CFTC TFF Futures Only 2016
Loaded CFTC TFF Futures Only 2017
Loaded CFTC TFF Futures Only 2018
Loaded CFTC TFF Futures Only 2019
Loaded CFTC TFF Futures Only 2020
Loaded CFTC TFF Futures Only 2021
Loaded CFTC TFF Futures Only 2022
Loaded CFTC TFF Futures Only 2023
Loaded CFTC TFF Futures Only 2024
Loaded CFTC TFF Futures Only 2025
Loaded CFTC TFF Futures Only 2026
Loaded current CFTC TFF Futures Only weekly top-up

=== NASDAQ-100 Consolidated - CHICAGO MERCANTILE EXCHANGE ===
Using local FRED file: A:\work\trading\cot report\data\NASDAQ100.csv

Latest exact consolidated row:
date: 2026-07-21
CFTC source latest date: 2026-07-21
open_interest: 311,523
Asset Manager long: 105,690
Asset Manager short: 32,096
Asset Manager net: 73,594
Asset Manager net/OI: 23.62%
Dealer/Intermediary long: 76,530
Dealer/Intermediary short: 73,354
Dealer/Intermediary net: 3,176
Dealer/Intermediary net/OI: 1.02%
Leveraged Funds long: 32,255
Leveraged Funds short: 122,842
Leveraged Funds net: -90,587
Leveraged Funds net/OI: -29.08%
Non-Reportable long: 50,009
Non-Reportable short: 36,346
Non-Reportable net: 13,663
Non-Reportable net/OI: 4.39%
Other Reportables long: 8,650
Other Reportables short: 8,496
Other Reportables net: 154
Other Reportables net/OI: 0.05%

Correlation table:
        category                                                                           relationship                    position_metric  pearson_r  observations                    return_metric
       asset_mgr                       weekly change in asset manager net/OI pct vs weekly price return        asset_mgr_net_oi_pct_change     0.2961           550                              NaN
       asset_mgr                  weekly change in asset manager net/OI pct vs next monday close return        asset_mgr_net_oi_pct_change     0.0071           549          next_week_monday_return
       asset_mgr             weekly change in asset manager net/OI pct vs next monday single-day return        asset_mgr_net_oi_pct_change     0.0071           549    next_week_monday_daily_return
       asset_mgr                 weekly change in asset manager net/OI pct vs next tuesday close return        asset_mgr_net_oi_pct_change    -0.0286           549         next_week_tuesday_return
       asset_mgr            weekly change in asset manager net/OI pct vs next tuesday single-day return        asset_mgr_net_oi_pct_change    -0.0841           549   next_week_tuesday_daily_return
       asset_mgr               weekly change in asset manager net/OI pct vs next wednesday close return        asset_mgr_net_oi_pct_change    -0.0269           549       next_week_wednesday_return
       asset_mgr          weekly change in asset manager net/OI pct vs next wednesday single-day return        asset_mgr_net_oi_pct_change     0.0024           549 next_week_wednesday_daily_return
       asset_mgr                weekly change in asset manager net/OI pct vs next thursday close return        asset_mgr_net_oi_pct_change    -0.0167           549        next_week_thursday_return
       asset_mgr           weekly change in asset manager net/OI pct vs next thursday single-day return        asset_mgr_net_oi_pct_change     0.0149           549  next_week_thursday_daily_return
       asset_mgr                  weekly change in asset manager net/OI pct vs next friday close return        asset_mgr_net_oi_pct_change    -0.0064           549          next_week_friday_return
       asset_mgr             weekly change in asset manager net/OI pct vs next friday single-day return        asset_mgr_net_oi_pct_change     0.0222           549    next_week_friday_daily_return
       asset_mgr                    weekly change in asset manager net contracts vs weekly price return               asset_mgr_net_change     0.2990           550                              NaN
       asset_mgr               weekly change in asset manager net contracts vs next monday close return               asset_mgr_net_change    -0.0017           549          next_week_monday_return
       asset_mgr          weekly change in asset manager net contracts vs next monday single-day return               asset_mgr_net_change    -0.0017           549    next_week_monday_daily_return
       asset_mgr              weekly change in asset manager net contracts vs next tuesday close return               asset_mgr_net_change    -0.0347           549         next_week_tuesday_return
       asset_mgr         weekly change in asset manager net contracts vs next tuesday single-day return               asset_mgr_net_change    -0.0752           549   next_week_tuesday_daily_return
       asset_mgr            weekly change in asset manager net contracts vs next wednesday close return               asset_mgr_net_change    -0.0166           549       next_week_wednesday_return
       asset_mgr       weekly change in asset manager net contracts vs next wednesday single-day return               asset_mgr_net_change     0.0353           549 next_week_wednesday_daily_return
       asset_mgr             weekly change in asset manager net contracts vs next thursday close return               asset_mgr_net_change     0.0011           549        next_week_thursday_return
       asset_mgr        weekly change in asset manager net contracts vs next thursday single-day return               asset_mgr_net_change     0.0356           549  next_week_thursday_daily_return
       asset_mgr               weekly change in asset manager net contracts vs next friday close return               asset_mgr_net_change     0.0103           549          next_week_friday_return
       asset_mgr          weekly change in asset manager net contracts vs next friday single-day return               asset_mgr_net_change     0.0221           549    next_week_friday_daily_return
       asset_mgr                                   asset manager net/OI pct vs next monday close return               asset_mgr_net_oi_pct     0.0053           550          next_week_monday_return
       asset_mgr                                asset manager net contracts vs next monday close return                      asset_mgr_net     0.0354           550          next_week_monday_return
       asset_mgr                                 asset manager short/OI pct vs next monday close return             asset_mgr_short_oi_pct    -0.0306           550          next_week_monday_return
       asset_mgr                              asset manager net/OI pct vs next monday single-day return               asset_mgr_net_oi_pct     0.0053           550    next_week_monday_daily_return
       asset_mgr                           asset manager net contracts vs next monday single-day return                      asset_mgr_net     0.0354           550    next_week_monday_daily_return
       asset_mgr                            asset manager short/OI pct vs next monday single-day return             asset_mgr_short_oi_pct    -0.0306           550    next_week_monday_daily_return
       asset_mgr                                  asset manager net/OI pct vs next tuesday close return               asset_mgr_net_oi_pct    -0.0260           550         next_week_tuesday_return
       asset_mgr                               asset manager net contracts vs next tuesday close return                      asset_mgr_net     0.0103           550         next_week_tuesday_return
       asset_mgr                                asset manager short/OI pct vs next tuesday close return             asset_mgr_short_oi_pct    -0.0075           550         next_week_tuesday_return
       asset_mgr                             asset manager net/OI pct vs next tuesday single-day return               asset_mgr_net_oi_pct    -0.0727           550   next_week_tuesday_daily_return
       asset_mgr                          asset manager net contracts vs next tuesday single-day return                      asset_mgr_net    -0.0579           550   next_week_tuesday_daily_return
       asset_mgr                           asset manager short/OI pct vs next tuesday single-day return             asset_mgr_short_oi_pct     0.0547           550   next_week_tuesday_daily_return
       asset_mgr                                asset manager net/OI pct vs next wednesday close return               asset_mgr_net_oi_pct    -0.0303           550       next_week_wednesday_return
       asset_mgr                             asset manager net contracts vs next wednesday close return                      asset_mgr_net     0.0050           550       next_week_wednesday_return
       asset_mgr                              asset manager short/OI pct vs next wednesday close return             asset_mgr_short_oi_pct     0.0122           550       next_week_wednesday_return
       asset_mgr                           asset manager net/OI pct vs next wednesday single-day return               asset_mgr_net_oi_pct    -0.0122           550 next_week_wednesday_daily_return
       asset_mgr                        asset manager net contracts vs next wednesday single-day return                      asset_mgr_net    -0.0091           550 next_week_wednesday_daily_return
       asset_mgr                         asset manager short/OI pct vs next wednesday single-day return             asset_mgr_short_oi_pct     0.0398           550 next_week_wednesday_daily_return
       asset_mgr                                 asset manager net/OI pct vs next thursday close return               asset_mgr_net_oi_pct    -0.0346           550        next_week_thursday_return
       asset_mgr                              asset manager net contracts vs next thursday close return                      asset_mgr_net     0.0041           550        next_week_thursday_return
       asset_mgr                               asset manager short/OI pct vs next thursday close return             asset_mgr_short_oi_pct     0.0090           550        next_week_thursday_return
       asset_mgr                            asset manager net/OI pct vs next thursday single-day return               asset_mgr_net_oi_pct    -0.0188           550  next_week_thursday_daily_return
       asset_mgr                         asset manager net contracts vs next thursday single-day return                      asset_mgr_net    -0.0020           550  next_week_thursday_daily_return
       asset_mgr                          asset manager short/OI pct vs next thursday single-day return             asset_mgr_short_oi_pct    -0.0027           550  next_week_thursday_daily_return
       asset_mgr                                   asset manager net/OI pct vs next friday close return               asset_mgr_net_oi_pct    -0.0224           550          next_week_friday_return
       asset_mgr                                asset manager net contracts vs next friday close return                      asset_mgr_net     0.0072           550          next_week_friday_return
       asset_mgr                                 asset manager short/OI pct vs next friday close return             asset_mgr_short_oi_pct     0.0077           550          next_week_friday_return
       asset_mgr                              asset manager net/OI pct vs next friday single-day return               asset_mgr_net_oi_pct     0.0264           550    next_week_friday_daily_return
       asset_mgr                           asset manager net contracts vs next friday single-day return                      asset_mgr_net     0.0083           550    next_week_friday_daily_return
       asset_mgr                            asset manager short/OI pct vs next friday single-day return             asset_mgr_short_oi_pct    -0.0039           550    next_week_friday_daily_return
       asset_mgr                                    asset manager net/OI pct vs forward 1w price return               asset_mgr_net_oi_pct    -0.0165           550                forward_return_1w
       asset_mgr                                 asset manager net contracts vs forward 1w price return                      asset_mgr_net     0.0148           550                forward_return_1w
       asset_mgr                                    asset manager net/OI pct vs forward 2w price return               asset_mgr_net_oi_pct    -0.0110           549                forward_return_2w
       asset_mgr                                 asset manager net contracts vs forward 2w price return                      asset_mgr_net     0.0264           549                forward_return_2w
       asset_mgr                                    asset manager net/OI pct vs forward 3w price return               asset_mgr_net_oi_pct    -0.0048           548                forward_return_3w
       asset_mgr                                 asset manager net contracts vs forward 3w price return                      asset_mgr_net     0.0311           548                forward_return_3w
       asset_mgr                                    asset manager net/OI pct vs forward 4w price return               asset_mgr_net_oi_pct    -0.0035           547                forward_return_4w
       asset_mgr                                 asset manager net contracts vs forward 4w price return                      asset_mgr_net     0.0350           547                forward_return_4w
       asset_mgr                                   asset manager net/OI pct vs forward 13w price return               asset_mgr_net_oi_pct    -0.0095           538               forward_return_13w
       asset_mgr                                asset manager net contracts vs forward 13w price return                      asset_mgr_net     0.0275           538               forward_return_13w
       asset_mgr                                   asset manager net/OI pct vs forward 26w price return               asset_mgr_net_oi_pct     0.0621           525               forward_return_26w
       asset_mgr                                asset manager net contracts vs forward 26w price return                      asset_mgr_net     0.0485           525               forward_return_26w
       asset_mgr                                   asset manager net/OI pct vs forward 52w price return               asset_mgr_net_oi_pct     0.1776           499               forward_return_52w
       asset_mgr                                asset manager net contracts vs forward 52w price return                      asset_mgr_net     0.0709           499               forward_return_52w
          dealer                 weekly change in dealer/intermediary net/OI pct vs weekly price return           dealer_net_oi_pct_change     0.0028           550                              NaN
          dealer            weekly change in dealer/intermediary net/OI pct vs next monday close return           dealer_net_oi_pct_change    -0.0031           549          next_week_monday_return
          dealer       weekly change in dealer/intermediary net/OI pct vs next monday single-day return           dealer_net_oi_pct_change    -0.0031           549    next_week_monday_daily_return
          dealer           weekly change in dealer/intermediary net/OI pct vs next tuesday close return           dealer_net_oi_pct_change     0.0400           549         next_week_tuesday_return
          dealer      weekly change in dealer/intermediary net/OI pct vs next tuesday single-day return           dealer_net_oi_pct_change     0.0960           549   next_week_tuesday_daily_return
          dealer         weekly change in dealer/intermediary net/OI pct vs next wednesday close return           dealer_net_oi_pct_change     0.0199           549       next_week_wednesday_return
          dealer    weekly change in dealer/intermediary net/OI pct vs next wednesday single-day return           dealer_net_oi_pct_change    -0.0394           549 next_week_wednesday_daily_return
          dealer          weekly change in dealer/intermediary net/OI pct vs next thursday close return           dealer_net_oi_pct_change     0.0293           549        next_week_thursday_return
          dealer     weekly change in dealer/intermediary net/OI pct vs next thursday single-day return           dealer_net_oi_pct_change     0.0253           549  next_week_thursday_daily_return
          dealer            weekly change in dealer/intermediary net/OI pct vs next friday close return           dealer_net_oi_pct_change     0.0227           549          next_week_friday_return
          dealer       weekly change in dealer/intermediary net/OI pct vs next friday single-day return           dealer_net_oi_pct_change    -0.0099           549    next_week_friday_daily_return
          dealer              weekly change in dealer/intermediary net contracts vs weekly price return                  dealer_net_change     0.0850           550                              NaN
          dealer         weekly change in dealer/intermediary net contracts vs next monday close return                  dealer_net_change    -0.0106           549          next_week_monday_return
          dealer    weekly change in dealer/intermediary net contracts vs next monday single-day return                  dealer_net_change    -0.0106           549    next_week_monday_daily_return
          dealer        weekly change in dealer/intermediary net contracts vs next tuesday close return                  dealer_net_change     0.0231           549         next_week_tuesday_return
          dealer   weekly change in dealer/intermediary net contracts vs next tuesday single-day return                  dealer_net_change     0.0744           549   next_week_tuesday_daily_return
          dealer      weekly change in dealer/intermediary net contracts vs next wednesday close return                  dealer_net_change    -0.0053           549       next_week_wednesday_return
          dealer weekly change in dealer/intermediary net contracts vs next wednesday single-day return                  dealer_net_change    -0.0605           549 next_week_wednesday_daily_return
          dealer       weekly change in dealer/intermediary net contracts vs next thursday close return                  dealer_net_change    -0.0055           549        next_week_thursday_return
          dealer  weekly change in dealer/intermediary net contracts vs next thursday single-day return                  dealer_net_change    -0.0017           549  next_week_thursday_daily_return
          dealer         weekly change in dealer/intermediary net contracts vs next friday close return                  dealer_net_change    -0.0247           549          next_week_friday_return
          dealer    weekly change in dealer/intermediary net contracts vs next friday single-day return                  dealer_net_change    -0.0532           549    next_week_friday_daily_return
          dealer                             dealer/intermediary net/OI pct vs next monday close return                  dealer_net_oi_pct     0.0154           550          next_week_monday_return
          dealer                          dealer/intermediary net contracts vs next monday close return                         dealer_net    -0.0139           550          next_week_monday_return
          dealer                           dealer/intermediary short/OI pct vs next monday close return                dealer_short_oi_pct    -0.0196           550          next_week_monday_return
          dealer                        dealer/intermediary net/OI pct vs next monday single-day return                  dealer_net_oi_pct     0.0154           550    next_week_monday_daily_return
          dealer                     dealer/intermediary net contracts vs next monday single-day return                         dealer_net    -0.0139           550    next_week_monday_daily_return
          dealer                      dealer/intermediary short/OI pct vs next monday single-day return                dealer_short_oi_pct    -0.0196           550    next_week_monday_daily_return
          dealer                            dealer/intermediary net/OI pct vs next tuesday close return                  dealer_net_oi_pct     0.0342           550         next_week_tuesday_return
          dealer                         dealer/intermediary net contracts vs next tuesday close return                         dealer_net     0.0126           550         next_week_tuesday_return
          dealer                          dealer/intermediary short/OI pct vs next tuesday close return                dealer_short_oi_pct    -0.0377           550         next_week_tuesday_return
          dealer                       dealer/intermediary net/OI pct vs next tuesday single-day return                  dealer_net_oi_pct     0.0427           550   next_week_tuesday_daily_return
          dealer                    dealer/intermediary net contracts vs next tuesday single-day return                         dealer_net     0.0605           550   next_week_tuesday_daily_return
          dealer                     dealer/intermediary short/OI pct vs next tuesday single-day return                dealer_short_oi_pct    -0.0426           550   next_week_tuesday_daily_return
          dealer                          dealer/intermediary net/OI pct vs next wednesday close return                  dealer_net_oi_pct     0.0349           550       next_week_wednesday_return
          dealer                       dealer/intermediary net contracts vs next wednesday close return                         dealer_net     0.0069           550       next_week_wednesday_return
          dealer                        dealer/intermediary short/OI pct vs next wednesday close return                dealer_short_oi_pct    -0.0364           550       next_week_wednesday_return
          dealer                     dealer/intermediary net/OI pct vs next wednesday single-day return                  dealer_net_oi_pct     0.0065           550 next_week_wednesday_daily_return
          dealer                  dealer/intermediary net contracts vs next wednesday single-day return                         dealer_net    -0.0115           550 next_week_wednesday_daily_return
          dealer                   dealer/intermediary short/OI pct vs next wednesday single-day return                dealer_short_oi_pct    -0.0033           550 next_week_wednesday_daily_return
          dealer                           dealer/intermediary net/OI pct vs next thursday close return                  dealer_net_oi_pct     0.0542           550        next_week_thursday_return
          dealer                        dealer/intermediary net contracts vs next thursday close return                         dealer_net     0.0213           550        next_week_thursday_return
          dealer                         dealer/intermediary short/OI pct vs next thursday close return                dealer_short_oi_pct    -0.0577           550        next_week_thursday_return
          dealer                      dealer/intermediary net/OI pct vs next thursday single-day return                  dealer_net_oi_pct     0.0538           550  next_week_thursday_daily_return
          dealer                   dealer/intermediary net contracts vs next thursday single-day return                         dealer_net     0.0362           550  next_week_thursday_daily_return
          dealer                    dealer/intermediary short/OI pct vs next thursday single-day return                dealer_short_oi_pct    -0.0578           550  next_week_thursday_daily_return
          dealer                             dealer/intermediary net/OI pct vs next friday close return                  dealer_net_oi_pct     0.0385           550          next_week_friday_return
          dealer                          dealer/intermediary net contracts vs next friday close return                         dealer_net     0.0125           550          next_week_friday_return
          dealer                           dealer/intermediary short/OI pct vs next friday close return                dealer_short_oi_pct    -0.0475           550          next_week_friday_return
          dealer                        dealer/intermediary net/OI pct vs next friday single-day return                  dealer_net_oi_pct    -0.0316           550    next_week_friday_daily_return
          dealer                     dealer/intermediary net contracts vs next friday single-day return                         dealer_net    -0.0199           550    next_week_friday_daily_return
          dealer                      dealer/intermediary short/OI pct vs next friday single-day return                dealer_short_oi_pct     0.0161           550    next_week_friday_daily_return
          dealer                              dealer/intermediary net/OI pct vs forward 1w price return                  dealer_net_oi_pct     0.0315           550                forward_return_1w
          dealer                           dealer/intermediary net contracts vs forward 1w price return                         dealer_net     0.0090           550                forward_return_1w
          dealer                              dealer/intermediary net/OI pct vs forward 2w price return                  dealer_net_oi_pct     0.0288           549                forward_return_2w
          dealer                           dealer/intermediary net contracts vs forward 2w price return                         dealer_net     0.0081           549                forward_return_2w
          dealer                              dealer/intermediary net/OI pct vs forward 3w price return                  dealer_net_oi_pct     0.0197           548                forward_return_3w
          dealer                           dealer/intermediary net contracts vs forward 3w price return                         dealer_net     0.0110           548                forward_return_3w
          dealer                              dealer/intermediary net/OI pct vs forward 4w price return                  dealer_net_oi_pct     0.0214           547                forward_return_4w
          dealer                           dealer/intermediary net contracts vs forward 4w price return                         dealer_net     0.0221           547                forward_return_4w
          dealer                             dealer/intermediary net/OI pct vs forward 13w price return                  dealer_net_oi_pct     0.0282           538               forward_return_13w
          dealer                          dealer/intermediary net contracts vs forward 13w price return                         dealer_net     0.0272           538               forward_return_13w
          dealer                             dealer/intermediary net/OI pct vs forward 26w price return                  dealer_net_oi_pct    -0.0344           525               forward_return_26w
          dealer                          dealer/intermediary net contracts vs forward 26w price return                         dealer_net    -0.0148           525               forward_return_26w
          dealer                             dealer/intermediary net/OI pct vs forward 52w price return                  dealer_net_oi_pct    -0.1151           499               forward_return_52w
          dealer                          dealer/intermediary net contracts vs forward 52w price return                         dealer_net    -0.0600           499               forward_return_52w
       lev_money                     weekly change in leveraged funds net/OI pct vs weekly price return        lev_money_net_oi_pct_change    -0.2442           550                              NaN
       lev_money                weekly change in leveraged funds net/OI pct vs next monday close return        lev_money_net_oi_pct_change    -0.0049           549          next_week_monday_return
       lev_money           weekly change in leveraged funds net/OI pct vs next monday single-day return        lev_money_net_oi_pct_change    -0.0049           549    next_week_monday_daily_return
       lev_money               weekly change in leveraged funds net/OI pct vs next tuesday close return        lev_money_net_oi_pct_change    -0.0114           549         next_week_tuesday_return
       lev_money          weekly change in leveraged funds net/OI pct vs next tuesday single-day return        lev_money_net_oi_pct_change    -0.0126           549   next_week_tuesday_daily_return
       lev_money             weekly change in leveraged funds net/OI pct vs next wednesday close return        lev_money_net_oi_pct_change    -0.0141           549       next_week_wednesday_return
       lev_money        weekly change in leveraged funds net/OI pct vs next wednesday single-day return        lev_money_net_oi_pct_change    -0.0050           549 next_week_wednesday_daily_return
       lev_money              weekly change in leveraged funds net/OI pct vs next thursday close return        lev_money_net_oi_pct_change    -0.0259           549        next_week_thursday_return
       lev_money         weekly change in leveraged funds net/OI pct vs next thursday single-day return        lev_money_net_oi_pct_change    -0.0271           549  next_week_thursday_daily_return
       lev_money                weekly change in leveraged funds net/OI pct vs next friday close return        lev_money_net_oi_pct_change    -0.0447           549          next_week_friday_return
       lev_money           weekly change in leveraged funds net/OI pct vs next friday single-day return        lev_money_net_oi_pct_change    -0.0517           549    next_week_friday_daily_return
       lev_money                  weekly change in leveraged funds net contracts vs weekly price return               lev_money_net_change    -0.2507           550                              NaN
       lev_money             weekly change in leveraged funds net contracts vs next monday close return               lev_money_net_change     0.0313           549          next_week_monday_return
       lev_money        weekly change in leveraged funds net contracts vs next monday single-day return               lev_money_net_change     0.0313           549    next_week_monday_daily_return
       lev_money            weekly change in leveraged funds net contracts vs next tuesday close return               lev_money_net_change     0.0179           549         next_week_tuesday_return
       lev_money       weekly change in leveraged funds net contracts vs next tuesday single-day return               lev_money_net_change    -0.0286           549   next_week_tuesday_daily_return
       lev_money          weekly change in leveraged funds net contracts vs next wednesday close return               lev_money_net_change     0.0090           549       next_week_wednesday_return
       lev_money     weekly change in leveraged funds net contracts vs next wednesday single-day return               lev_money_net_change    -0.0130           549 next_week_wednesday_daily_return
       lev_money           weekly change in leveraged funds net contracts vs next thursday close return               lev_money_net_change    -0.0040           549        next_week_thursday_return
       lev_money      weekly change in leveraged funds net contracts vs next thursday single-day return               lev_money_net_change    -0.0271           549  next_week_thursday_daily_return
       lev_money             weekly change in leveraged funds net contracts vs next friday close return               lev_money_net_change    -0.0023           549          next_week_friday_return
       lev_money        weekly change in leveraged funds net contracts vs next friday single-day return               lev_money_net_change     0.0078           549    next_week_friday_daily_return
       lev_money                                 leveraged funds net/OI pct vs next monday close return               lev_money_net_oi_pct    -0.0138           550          next_week_monday_return
       lev_money                              leveraged funds net contracts vs next monday close return                      lev_money_net    -0.0207           550          next_week_monday_return
       lev_money                               leveraged funds short/OI pct vs next monday close return             lev_money_short_oi_pct     0.0370           550          next_week_monday_return
       lev_money                            leveraged funds net/OI pct vs next monday single-day return               lev_money_net_oi_pct    -0.0138           550    next_week_monday_daily_return
       lev_money                         leveraged funds net contracts vs next monday single-day return                      lev_money_net    -0.0207           550    next_week_monday_daily_return
       lev_money                          leveraged funds short/OI pct vs next monday single-day return             lev_money_short_oi_pct     0.0370           550    next_week_monday_daily_return
       lev_money                                leveraged funds net/OI pct vs next tuesday close return               lev_money_net_oi_pct    -0.0066           550         next_week_tuesday_return
       lev_money                             leveraged funds net contracts vs next tuesday close return                      lev_money_net    -0.0079           550         next_week_tuesday_return
       lev_money                              leveraged funds short/OI pct vs next tuesday close return             lev_money_short_oi_pct     0.0218           550         next_week_tuesday_return
       lev_money                           leveraged funds net/OI pct vs next tuesday single-day return               lev_money_net_oi_pct     0.0170           550   next_week_tuesday_daily_return
       lev_money                        leveraged funds net contracts vs next tuesday single-day return                      lev_money_net     0.0301           550   next_week_tuesday_daily_return
       lev_money                         leveraged funds short/OI pct vs next tuesday single-day return             lev_money_short_oi_pct    -0.0356           550   next_week_tuesday_daily_return
       lev_money                              leveraged funds net/OI pct vs next wednesday close return               lev_money_net_oi_pct    -0.0164           550       next_week_wednesday_return
       lev_money                           leveraged funds net contracts vs next wednesday close return                      lev_money_net    -0.0065           550       next_week_wednesday_return
       lev_money                            leveraged funds short/OI pct vs next wednesday close return             lev_money_short_oi_pct     0.0299           550       next_week_wednesday_return
       lev_money                         leveraged funds net/OI pct vs next wednesday single-day return               lev_money_net_oi_pct    -0.0232           550 next_week_wednesday_daily_return
       lev_money                      leveraged funds net contracts vs next wednesday single-day return                      lev_money_net     0.0008           550 next_week_wednesday_daily_return
       lev_money                       leveraged funds short/OI pct vs next wednesday single-day return             lev_money_short_oi_pct     0.0216           550 next_week_wednesday_daily_return
       lev_money                               leveraged funds net/OI pct vs next thursday close return               lev_money_net_oi_pct    -0.0206           550        next_week_thursday_return
       lev_money                            leveraged funds net contracts vs next thursday close return                      lev_money_net    -0.0117           550        next_week_thursday_return
       lev_money                             leveraged funds short/OI pct vs next thursday close return             lev_money_short_oi_pct     0.0284           550        next_week_thursday_return
       lev_money                          leveraged funds net/OI pct vs next thursday single-day return               lev_money_net_oi_pct    -0.0125           550  next_week_thursday_daily_return
       lev_money                       leveraged funds net contracts vs next thursday single-day return                      lev_money_net    -0.0126           550  next_week_thursday_daily_return
       lev_money                        leveraged funds short/OI pct vs next thursday single-day return             lev_money_short_oi_pct     0.0029           550  next_week_thursday_daily_return
       lev_money                                 leveraged funds net/OI pct vs next friday close return               lev_money_net_oi_pct    -0.0143           550          next_week_friday_return
       lev_money                              leveraged funds net contracts vs next friday close return                      lev_money_net    -0.0053           550          next_week_friday_return
       lev_money                               leveraged funds short/OI pct vs next friday close return             lev_money_short_oi_pct     0.0376           550          next_week_friday_return
       lev_money                            leveraged funds net/OI pct vs next friday single-day return               lev_money_net_oi_pct     0.0134           550    next_week_friday_daily_return
       lev_money                         leveraged funds net contracts vs next friday single-day return                      lev_money_net     0.0156           550    next_week_friday_daily_return
       lev_money                          leveraged funds short/OI pct vs next friday single-day return             lev_money_short_oi_pct     0.0274           550    next_week_friday_daily_return
       lev_money                                  leveraged funds net/OI pct vs forward 1w price return               lev_money_net_oi_pct    -0.0108           550                forward_return_1w
       lev_money                               leveraged funds net contracts vs forward 1w price return                      lev_money_net    -0.0110           550                forward_return_1w
       lev_money                                  leveraged funds net/OI pct vs forward 2w price return               lev_money_net_oi_pct    -0.0089           549                forward_return_2w
       lev_money                               leveraged funds net contracts vs forward 2w price return                      lev_money_net    -0.0217           549                forward_return_2w
       lev_money                                  leveraged funds net/OI pct vs forward 3w price return               lev_money_net_oi_pct     0.0059           548                forward_return_3w
       lev_money                               leveraged funds net contracts vs forward 3w price return                      lev_money_net    -0.0200           548                forward_return_3w
       lev_money                                  leveraged funds net/OI pct vs forward 4w price return               lev_money_net_oi_pct    -0.0048           547                forward_return_4w
       lev_money                               leveraged funds net contracts vs forward 4w price return                      lev_money_net    -0.0341           547                forward_return_4w
       lev_money                                 leveraged funds net/OI pct vs forward 13w price return               lev_money_net_oi_pct     0.0024           538               forward_return_13w
       lev_money                              leveraged funds net contracts vs forward 13w price return                      lev_money_net    -0.0212           538               forward_return_13w
       lev_money                                 leveraged funds net/OI pct vs forward 26w price return               lev_money_net_oi_pct     0.0367           525               forward_return_26w
       lev_money                              leveraged funds net contracts vs forward 26w price return                      lev_money_net     0.0007           525               forward_return_26w
       lev_money                                 leveraged funds net/OI pct vs forward 52w price return               lev_money_net_oi_pct     0.0382           499               forward_return_52w
       lev_money                              leveraged funds net contracts vs forward 52w price return                      lev_money_net    -0.0127           499               forward_return_52w
  non_reportable                      weekly change in non-reportable net/OI pct vs weekly price return   non_reportable_net_oi_pct_change    -0.2655           550                              NaN
  non_reportable                 weekly change in non-reportable net/OI pct vs next monday close return   non_reportable_net_oi_pct_change     0.0157           549          next_week_monday_return
  non_reportable            weekly change in non-reportable net/OI pct vs next monday single-day return   non_reportable_net_oi_pct_change     0.0157           549    next_week_monday_daily_return
  non_reportable                weekly change in non-reportable net/OI pct vs next tuesday close return   non_reportable_net_oi_pct_change    -0.0252           549         next_week_tuesday_return
  non_reportable           weekly change in non-reportable net/OI pct vs next tuesday single-day return   non_reportable_net_oi_pct_change    -0.0862           549   next_week_tuesday_daily_return
  non_reportable              weekly change in non-reportable net/OI pct vs next wednesday close return   non_reportable_net_oi_pct_change     0.0022           549       next_week_wednesday_return
  non_reportable         weekly change in non-reportable net/OI pct vs next wednesday single-day return   non_reportable_net_oi_pct_change     0.0521           549 next_week_wednesday_daily_return
  non_reportable               weekly change in non-reportable net/OI pct vs next thursday close return   non_reportable_net_oi_pct_change    -0.0174           549        next_week_thursday_return
  non_reportable          weekly change in non-reportable net/OI pct vs next thursday single-day return   non_reportable_net_oi_pct_change    -0.0430           549  next_week_thursday_daily_return
  non_reportable                 weekly change in non-reportable net/OI pct vs next friday close return   non_reportable_net_oi_pct_change    -0.0071           549          next_week_friday_return
  non_reportable            weekly change in non-reportable net/OI pct vs next friday single-day return   non_reportable_net_oi_pct_change     0.0197           549    next_week_friday_daily_return
  non_reportable                   weekly change in non-reportable net contracts vs weekly price return          non_reportable_net_change    -0.2290           550                              NaN
  non_reportable              weekly change in non-reportable net contracts vs next monday close return          non_reportable_net_change    -0.0279           549          next_week_monday_return
  non_reportable         weekly change in non-reportable net contracts vs next monday single-day return          non_reportable_net_change    -0.0279           549    next_week_monday_daily_return
  non_reportable             weekly change in non-reportable net contracts vs next tuesday close return          non_reportable_net_change    -0.0533           549         next_week_tuesday_return
  non_reportable        weekly change in non-reportable net contracts vs next tuesday single-day return          non_reportable_net_change    -0.0535           549   next_week_tuesday_daily_return
  non_reportable           weekly change in non-reportable net contracts vs next wednesday close return          non_reportable_net_change    -0.0378           549       next_week_wednesday_return
  non_reportable      weekly change in non-reportable net contracts vs next wednesday single-day return          non_reportable_net_change     0.0247           549 next_week_wednesday_daily_return
  non_reportable            weekly change in non-reportable net contracts vs next thursday close return          non_reportable_net_change    -0.0520           549        next_week_thursday_return
  non_reportable       weekly change in non-reportable net contracts vs next thursday single-day return          non_reportable_net_change    -0.0415           549  next_week_thursday_daily_return
  non_reportable              weekly change in non-reportable net contracts vs next friday close return          non_reportable_net_change    -0.0309           549          next_week_friday_return
  non_reportable         weekly change in non-reportable net contracts vs next friday single-day return          non_reportable_net_change     0.0442           549    next_week_friday_daily_return
  non_reportable                                  non-reportable net/OI pct vs next monday close return          non_reportable_net_oi_pct    -0.0126           550          next_week_monday_return
  non_reportable                               non-reportable net contracts vs next monday close return                 non_reportable_net    -0.0363           550          next_week_monday_return
  non_reportable                                non-reportable short/OI pct vs next monday close return        non_reportable_short_oi_pct    -0.0086           550          next_week_monday_return
  non_reportable                             non-reportable net/OI pct vs next monday single-day return          non_reportable_net_oi_pct    -0.0126           550    next_week_monday_daily_return
  non_reportable                          non-reportable net contracts vs next monday single-day return                 non_reportable_net    -0.0363           550    next_week_monday_daily_return
  non_reportable                           non-reportable short/OI pct vs next monday single-day return        non_reportable_short_oi_pct    -0.0086           550    next_week_monday_daily_return
  non_reportable                                 non-reportable net/OI pct vs next tuesday close return          non_reportable_net_oi_pct    -0.0116           550         next_week_tuesday_return
  non_reportable                              non-reportable net contracts vs next tuesday close return                 non_reportable_net    -0.0484           550         next_week_tuesday_return
  non_reportable                               non-reportable short/OI pct vs next tuesday close return        non_reportable_short_oi_pct    -0.0026           550         next_week_tuesday_return
  non_reportable                            non-reportable net/OI pct vs next tuesday single-day return          non_reportable_net_oi_pct     0.0042           550   next_week_tuesday_daily_return
  non_reportable                         non-reportable net contracts vs next tuesday single-day return                 non_reportable_net    -0.0276           550   next_week_tuesday_daily_return
  non_reportable                          non-reportable short/OI pct vs next tuesday single-day return        non_reportable_short_oi_pct     0.0139           550   next_week_tuesday_daily_return
  non_reportable                               non-reportable net/OI pct vs next wednesday close return          non_reportable_net_oi_pct    -0.0073           550       next_week_wednesday_return
  non_reportable                            non-reportable net contracts vs next wednesday close return                 non_reportable_net    -0.0304           550       next_week_wednesday_return
  non_reportable                             non-reportable short/OI pct vs next wednesday close return        non_reportable_short_oi_pct     0.0016           550       next_week_wednesday_return
  non_reportable                          non-reportable net/OI pct vs next wednesday single-day return          non_reportable_net_oi_pct     0.0091           550 next_week_wednesday_daily_return
  non_reportable                       non-reportable net contracts vs next wednesday single-day return                 non_reportable_net     0.0356           550 next_week_wednesday_daily_return
  non_reportable                        non-reportable short/OI pct vs next wednesday single-day return        non_reportable_short_oi_pct     0.0093           550 next_week_wednesday_daily_return
  non_reportable                                non-reportable net/OI pct vs next thursday close return          non_reportable_net_oi_pct    -0.0379           550        next_week_thursday_return
  non_reportable                             non-reportable net contracts vs next thursday close return                 non_reportable_net    -0.0631           550        next_week_thursday_return
  non_reportable                              non-reportable short/OI pct vs next thursday close return        non_reportable_short_oi_pct     0.0206           550        next_week_thursday_return
  non_reportable                           non-reportable net/OI pct vs next thursday single-day return          non_reportable_net_oi_pct    -0.0722           550  next_week_thursday_daily_return
  non_reportable                        non-reportable net contracts vs next thursday single-day return                 non_reportable_net    -0.0827           550  next_week_thursday_daily_return
  non_reportable                         non-reportable short/OI pct vs next thursday single-day return        non_reportable_short_oi_pct     0.0436           550  next_week_thursday_daily_return
  non_reportable                                  non-reportable net/OI pct vs next friday close return          non_reportable_net_oi_pct    -0.0370           550          next_week_friday_return
  non_reportable                               non-reportable net contracts vs next friday close return                 non_reportable_net    -0.0657           550          next_week_friday_return
  non_reportable                                non-reportable short/OI pct vs next friday close return        non_reportable_short_oi_pct     0.0220           550          next_week_friday_return
  non_reportable                             non-reportable net/OI pct vs next friday single-day return          non_reportable_net_oi_pct    -0.0032           550    next_week_friday_daily_return
  non_reportable                          non-reportable net contracts vs next friday single-day return                 non_reportable_net    -0.0175           550    next_week_friday_daily_return
  non_reportable                           non-reportable short/OI pct vs next friday single-day return        non_reportable_short_oi_pct     0.0067           550    next_week_friday_daily_return
  non_reportable                                   non-reportable net/OI pct vs forward 1w price return          non_reportable_net_oi_pct    -0.0131           550                forward_return_1w
  non_reportable                                non-reportable net contracts vs forward 1w price return                 non_reportable_net    -0.0468           550                forward_return_1w
  non_reportable                                   non-reportable net/OI pct vs forward 2w price return          non_reportable_net_oi_pct    -0.0088           549                forward_return_2w
  non_reportable                                non-reportable net contracts vs forward 2w price return                 non_reportable_net    -0.0528           549                forward_return_2w
  non_reportable                                   non-reportable net/OI pct vs forward 3w price return          non_reportable_net_oi_pct     0.0030           548                forward_return_3w
  non_reportable                                non-reportable net contracts vs forward 3w price return                 non_reportable_net    -0.0525           548                forward_return_3w
  non_reportable                                   non-reportable net/OI pct vs forward 4w price return          non_reportable_net_oi_pct     0.0162           547                forward_return_4w
  non_reportable                                non-reportable net contracts vs forward 4w price return                 non_reportable_net    -0.0605           547                forward_return_4w
  non_reportable                                  non-reportable net/OI pct vs forward 13w price return          non_reportable_net_oi_pct     0.0779           538               forward_return_13w
  non_reportable                               non-reportable net contracts vs forward 13w price return                 non_reportable_net    -0.0217           538               forward_return_13w
  non_reportable                                  non-reportable net/OI pct vs forward 26w price return          non_reportable_net_oi_pct     0.1015           525               forward_return_26w
  non_reportable                               non-reportable net contracts vs forward 26w price return                 non_reportable_net     0.0368           525               forward_return_26w
  non_reportable                                  non-reportable net/OI pct vs forward 52w price return          non_reportable_net_oi_pct     0.0410           499               forward_return_52w
  non_reportable                               non-reportable net contracts vs forward 52w price return                 non_reportable_net    -0.0190           499               forward_return_52w
other_reportable                   weekly change in other reportables net/OI pct vs weekly price return other_reportable_net_oi_pct_change     0.1050           550                              NaN
other_reportable              weekly change in other reportables net/OI pct vs next monday close return other_reportable_net_oi_pct_change    -0.0048           549          next_week_monday_return
other_reportable         weekly change in other reportables net/OI pct vs next monday single-day return other_reportable_net_oi_pct_change    -0.0048           549    next_week_monday_daily_return
other_reportable             weekly change in other reportables net/OI pct vs next tuesday close return other_reportable_net_oi_pct_change    -0.0161           549         next_week_tuesday_return
other_reportable        weekly change in other reportables net/OI pct vs next tuesday single-day return other_reportable_net_oi_pct_change    -0.0242           549   next_week_tuesday_daily_return
other_reportable           weekly change in other reportables net/OI pct vs next wednesday close return other_reportable_net_oi_pct_change     0.0158           549       next_week_wednesday_return
other_reportable      weekly change in other reportables net/OI pct vs next wednesday single-day return other_reportable_net_oi_pct_change     0.0646           549 next_week_wednesday_daily_return
other_reportable            weekly change in other reportables net/OI pct vs next thursday close return other_reportable_net_oi_pct_change     0.0097           549        next_week_thursday_return
other_reportable       weekly change in other reportables net/OI pct vs next thursday single-day return other_reportable_net_oi_pct_change    -0.0113           549  next_week_thursday_daily_return
other_reportable              weekly change in other reportables net/OI pct vs next friday close return other_reportable_net_oi_pct_change     0.0337           549          next_week_friday_return
other_reportable         weekly change in other reportables net/OI pct vs next friday single-day return other_reportable_net_oi_pct_change     0.0616           549    next_week_friday_daily_return
other_reportable                weekly change in other reportables net contracts vs weekly price return        other_reportable_net_change     0.0889           550                              NaN
other_reportable           weekly change in other reportables net contracts vs next monday close return        other_reportable_net_change    -0.0140           549          next_week_monday_return
other_reportable      weekly change in other reportables net contracts vs next monday single-day return        other_reportable_net_change    -0.0140           549    next_week_monday_daily_return
other_reportable          weekly change in other reportables net contracts vs next tuesday close return        other_reportable_net_change    -0.0019           549         next_week_tuesday_return
other_reportable     weekly change in other reportables net contracts vs next tuesday single-day return        other_reportable_net_change     0.0259           549   next_week_tuesday_daily_return
other_reportable        weekly change in other reportables net contracts vs next wednesday close return        other_reportable_net_change     0.0376           549       next_week_wednesday_return
other_reportable   weekly change in other reportables net contracts vs next wednesday single-day return        other_reportable_net_change     0.0826           549 next_week_wednesday_daily_return
other_reportable         weekly change in other reportables net contracts vs next thursday close return        other_reportable_net_change     0.0500           549        next_week_thursday_return
other_reportable    weekly change in other reportables net contracts vs next thursday single-day return        other_reportable_net_change     0.0374           549  next_week_thursday_daily_return
other_reportable           weekly change in other reportables net contracts vs next friday close return        other_reportable_net_change     0.0599           549          next_week_friday_return
other_reportable      weekly change in other reportables net contracts vs next friday single-day return        other_reportable_net_change     0.0349           549    next_week_friday_daily_return
other_reportable                               other reportables net/OI pct vs next monday close return        other_reportable_net_oi_pct    -0.0214           550          next_week_monday_return
other_reportable                            other reportables net contracts vs next monday close return               other_reportable_net    -0.0147           550          next_week_monday_return
other_reportable                             other reportables short/OI pct vs next monday close return      other_reportable_short_oi_pct     0.0319           550          next_week_monday_return
other_reportable                          other reportables net/OI pct vs next monday single-day return        other_reportable_net_oi_pct    -0.0214           550    next_week_monday_daily_return
other_reportable                       other reportables net contracts vs next monday single-day return               other_reportable_net    -0.0147           550    next_week_monday_daily_return
other_reportable                        other reportables short/OI pct vs next monday single-day return      other_reportable_short_oi_pct     0.0319           550    next_week_monday_daily_return
other_reportable                              other reportables net/OI pct vs next tuesday close return        other_reportable_net_oi_pct    -0.0350           550         next_week_tuesday_return
other_reportable                           other reportables net contracts vs next tuesday close return               other_reportable_net    -0.0261           550         next_week_tuesday_return
other_reportable                            other reportables short/OI pct vs next tuesday close return      other_reportable_short_oi_pct     0.0402           550         next_week_tuesday_return
other_reportable                         other reportables net/OI pct vs next tuesday single-day return        other_reportable_net_oi_pct    -0.0300           550   next_week_tuesday_daily_return
other_reportable                      other reportables net contracts vs next tuesday single-day return               other_reportable_net    -0.0255           550   next_week_tuesday_daily_return
other_reportable                       other reportables short/OI pct vs next tuesday single-day return      other_reportable_short_oi_pct     0.0180           550   next_week_tuesday_daily_return
other_reportable                            other reportables net/OI pct vs next wednesday close return        other_reportable_net_oi_pct    -0.0117           550       next_week_wednesday_return
other_reportable                         other reportables net contracts vs next wednesday close return               other_reportable_net    -0.0050           550       next_week_wednesday_return
other_reportable                          other reportables short/OI pct vs next wednesday close return      other_reportable_short_oi_pct     0.0192           550       next_week_wednesday_return
other_reportable                       other reportables net/OI pct vs next wednesday single-day return        other_reportable_net_oi_pct     0.0444           550 next_week_wednesday_daily_return
other_reportable                    other reportables net contracts vs next wednesday single-day return               other_reportable_net     0.0418           550 next_week_wednesday_daily_return
other_reportable                     other reportables short/OI pct vs next wednesday single-day return      other_reportable_short_oi_pct    -0.0382           550 next_week_wednesday_daily_return
other_reportable                             other reportables net/OI pct vs next thursday close return        other_reportable_net_oi_pct    -0.0345           550        next_week_thursday_return
other_reportable                          other reportables net contracts vs next thursday close return               other_reportable_net    -0.0130           550        next_week_thursday_return
other_reportable                           other reportables short/OI pct vs next thursday close return      other_reportable_short_oi_pct     0.0375           550        next_week_thursday_return
other_reportable                        other reportables net/OI pct vs next thursday single-day return        other_reportable_net_oi_pct    -0.0577           550  next_week_thursday_daily_return
other_reportable                     other reportables net contracts vs next thursday single-day return               other_reportable_net    -0.0219           550  next_week_thursday_daily_return
other_reportable                      other reportables short/OI pct vs next thursday single-day return      other_reportable_short_oi_pct     0.0486           550  next_week_thursday_daily_return
other_reportable                               other reportables net/OI pct vs next friday close return        other_reportable_net_oi_pct    -0.0230           550          next_week_friday_return
other_reportable                            other reportables net contracts vs next friday close return               other_reportable_net    -0.0095           550          next_week_friday_return
other_reportable                             other reportables short/OI pct vs next friday close return      other_reportable_short_oi_pct     0.0318           550          next_week_friday_return
other_reportable                          other reportables net/OI pct vs next friday single-day return        other_reportable_net_oi_pct     0.0222           550    next_week_friday_daily_return
other_reportable                       other reportables net contracts vs next friday single-day return               other_reportable_net     0.0081           550    next_week_friday_daily_return
other_reportable                        other reportables short/OI pct vs next friday single-day return      other_reportable_short_oi_pct    -0.0059           550    next_week_friday_daily_return
other_reportable                                other reportables net/OI pct vs forward 1w price return        other_reportable_net_oi_pct    -0.0353           550                forward_return_1w
other_reportable                             other reportables net contracts vs forward 1w price return               other_reportable_net    -0.0254           550                forward_return_1w
other_reportable                                other reportables net/OI pct vs forward 2w price return        other_reportable_net_oi_pct    -0.0442           549                forward_return_2w
other_reportable                             other reportables net contracts vs forward 2w price return               other_reportable_net    -0.0367           549                forward_return_2w
other_reportable                                other reportables net/OI pct vs forward 3w price return        other_reportable_net_oi_pct    -0.0659           548                forward_return_3w
other_reportable                             other reportables net contracts vs forward 3w price return               other_reportable_net    -0.0660           548                forward_return_3w
other_reportable                                other reportables net/OI pct vs forward 4w price return        other_reportable_net_oi_pct    -0.0604           547                forward_return_4w
other_reportable                             other reportables net contracts vs forward 4w price return               other_reportable_net    -0.0784           547                forward_return_4w
other_reportable                               other reportables net/OI pct vs forward 13w price return        other_reportable_net_oi_pct    -0.1248           538               forward_return_13w
other_reportable                            other reportables net contracts vs forward 13w price return               other_reportable_net    -0.1193           538               forward_return_13w
other_reportable                               other reportables net/OI pct vs forward 26w price return        other_reportable_net_oi_pct    -0.1491           525               forward_return_26w
other_reportable                            other reportables net contracts vs forward 26w price return               other_reportable_net    -0.1399           525               forward_return_26w
other_reportable                               other reportables net/OI pct vs forward 52w price return        other_reportable_net_oi_pct    -0.0825           499               forward_return_52w
other_reportable                            other reportables net contracts vs forward 52w price return               other_reportable_net    -0.0337           499               forward_return_52w

Saved:
cot_exact_output\nq_exact_consolidated_overlay_2016_2026.png
cot_exact_output\nq_exact_consolidated_rebased_2016_2026.png
cot_exact_output\nq_exact_consolidated_data_2016_2026.csv
cot_exact_output\nq_exact_consolidated_correlations_2016_2026.csv
cot_exact_output\nq_exact_consolidated_extremes_2016_2026.csv

=== S&P 500 Consolidated - CHICAGO MERCANTILE EXCHANGE ===
Using local FRED file: A:\work\trading\cot report\data\SP500.csv

Latest exact consolidated row:
date: 2026-07-21
CFTC source latest date: 2026-07-21
open_interest: 1,958,349
Asset Manager long: 1,145,470
Asset Manager short: 214,564
Asset Manager net: 930,906
Asset Manager net/OI: 47.54%
Dealer/Intermediary long: 149,182
Dealer/Intermediary short: 874,153
Dealer/Intermediary net: -724,971
Dealer/Intermediary net/OI: -37.02%
Leveraged Funds long: 141,767
Leveraged Funds short: 471,081
Leveraged Funds net: -329,314
Leveraged Funds net/OI: -16.82%
Non-Reportable long: 271,230
Non-Reportable short: 150,719
Non-Reportable net: 120,511
Non-Reportable net/OI: 6.15%
Other Reportables long: 52,274
Other Reportables short: 49,406
Other Reportables net: 2,868
Other Reportables net/OI: 0.15%

Correlation table:
        category                                                                           relationship                    position_metric  pearson_r  observations                    return_metric
       asset_mgr                       weekly change in asset manager net/OI pct vs weekly price return        asset_mgr_net_oi_pct_change     0.3310           528                              NaN
       asset_mgr                  weekly change in asset manager net/OI pct vs next monday close return        asset_mgr_net_oi_pct_change     0.0663           527          next_week_monday_return
       asset_mgr             weekly change in asset manager net/OI pct vs next monday single-day return        asset_mgr_net_oi_pct_change     0.0663           527    next_week_monday_daily_return
       asset_mgr                 weekly change in asset manager net/OI pct vs next tuesday close return        asset_mgr_net_oi_pct_change     0.0181           527         next_week_tuesday_return
       asset_mgr            weekly change in asset manager net/OI pct vs next tuesday single-day return        asset_mgr_net_oi_pct_change    -0.1161           527   next_week_tuesday_daily_return
       asset_mgr               weekly change in asset manager net/OI pct vs next wednesday close return        asset_mgr_net_oi_pct_change     0.0379           527       next_week_wednesday_return
       asset_mgr          weekly change in asset manager net/OI pct vs next wednesday single-day return        asset_mgr_net_oi_pct_change     0.0440           527 next_week_wednesday_daily_return
       asset_mgr                weekly change in asset manager net/OI pct vs next thursday close return        asset_mgr_net_oi_pct_change     0.0517           527        next_week_thursday_return
       asset_mgr           weekly change in asset manager net/OI pct vs next thursday single-day return        asset_mgr_net_oi_pct_change     0.0457           527  next_week_thursday_daily_return
       asset_mgr                  weekly change in asset manager net/OI pct vs next friday close return        asset_mgr_net_oi_pct_change     0.0537           527          next_week_friday_return
       asset_mgr             weekly change in asset manager net/OI pct vs next friday single-day return        asset_mgr_net_oi_pct_change     0.0056           527    next_week_friday_daily_return
       asset_mgr                    weekly change in asset manager net contracts vs weekly price return               asset_mgr_net_change     0.3437           528                              NaN
       asset_mgr               weekly change in asset manager net contracts vs next monday close return               asset_mgr_net_change     0.0324           527          next_week_monday_return
       asset_mgr          weekly change in asset manager net contracts vs next monday single-day return               asset_mgr_net_change     0.0324           527    next_week_monday_daily_return
       asset_mgr              weekly change in asset manager net contracts vs next tuesday close return               asset_mgr_net_change    -0.0031           527         next_week_tuesday_return
       asset_mgr         weekly change in asset manager net contracts vs next tuesday single-day return               asset_mgr_net_change    -0.0828           527   next_week_tuesday_daily_return
       asset_mgr            weekly change in asset manager net contracts vs next wednesday close return               asset_mgr_net_change     0.0116           527       next_week_wednesday_return
       asset_mgr       weekly change in asset manager net contracts vs next wednesday single-day return               asset_mgr_net_change     0.0281           527 next_week_wednesday_daily_return
       asset_mgr             weekly change in asset manager net contracts vs next thursday close return               asset_mgr_net_change     0.0085           527        next_week_thursday_return
       asset_mgr        weekly change in asset manager net contracts vs next thursday single-day return               asset_mgr_net_change    -0.0024           527  next_week_thursday_daily_return
       asset_mgr               weekly change in asset manager net contracts vs next friday close return               asset_mgr_net_change     0.0111           527          next_week_friday_return
       asset_mgr          weekly change in asset manager net contracts vs next friday single-day return               asset_mgr_net_change     0.0019           527    next_week_friday_daily_return
       asset_mgr                                   asset manager net/OI pct vs next monday close return               asset_mgr_net_oi_pct     0.0209           528          next_week_monday_return
       asset_mgr                                asset manager net contracts vs next monday close return                      asset_mgr_net     0.0344           528          next_week_monday_return
       asset_mgr                                 asset manager short/OI pct vs next monday close return             asset_mgr_short_oi_pct     0.0203           528          next_week_monday_return
       asset_mgr                              asset manager net/OI pct vs next monday single-day return               asset_mgr_net_oi_pct     0.0209           528    next_week_monday_daily_return
       asset_mgr                           asset manager net contracts vs next monday single-day return                      asset_mgr_net     0.0344           528    next_week_monday_daily_return
       asset_mgr                            asset manager short/OI pct vs next monday single-day return             asset_mgr_short_oi_pct     0.0203           528    next_week_monday_daily_return
       asset_mgr                                  asset manager net/OI pct vs next tuesday close return               asset_mgr_net_oi_pct    -0.0102           528         next_week_tuesday_return
       asset_mgr                               asset manager net contracts vs next tuesday close return                      asset_mgr_net     0.0189           528         next_week_tuesday_return
       asset_mgr                                asset manager short/OI pct vs next tuesday close return             asset_mgr_short_oi_pct     0.0332           528         next_week_tuesday_return
       asset_mgr                             asset manager net/OI pct vs next tuesday single-day return               asset_mgr_net_oi_pct    -0.0755           528   next_week_tuesday_daily_return
       asset_mgr                          asset manager net contracts vs next tuesday single-day return                      asset_mgr_net    -0.0406           528   next_week_tuesday_daily_return
       asset_mgr                           asset manager short/OI pct vs next tuesday single-day return             asset_mgr_short_oi_pct     0.0281           528   next_week_tuesday_daily_return
       asset_mgr                                asset manager net/OI pct vs next wednesday close return               asset_mgr_net_oi_pct     0.0076           528       next_week_wednesday_return
       asset_mgr                             asset manager net contracts vs next wednesday close return                      asset_mgr_net     0.0299           528       next_week_wednesday_return
       asset_mgr                              asset manager short/OI pct vs next wednesday close return             asset_mgr_short_oi_pct     0.0258           528       next_week_wednesday_return
       asset_mgr                           asset manager net/OI pct vs next wednesday single-day return               asset_mgr_net_oi_pct     0.0379           528 next_week_wednesday_daily_return
       asset_mgr                        asset manager net contracts vs next wednesday single-day return                      asset_mgr_net     0.0289           528 next_week_wednesday_daily_return
       asset_mgr                         asset manager short/OI pct vs next wednesday single-day return             asset_mgr_short_oi_pct    -0.0127           528 next_week_wednesday_daily_return
       asset_mgr                                 asset manager net/OI pct vs next thursday close return               asset_mgr_net_oi_pct    -0.0136           528        next_week_thursday_return
       asset_mgr                              asset manager net contracts vs next thursday close return                      asset_mgr_net     0.0190           528        next_week_thursday_return
       asset_mgr                               asset manager short/OI pct vs next thursday close return             asset_mgr_short_oi_pct     0.0436           528        next_week_thursday_return
       asset_mgr                            asset manager net/OI pct vs next thursday single-day return               asset_mgr_net_oi_pct    -0.0481           528  next_week_thursday_daily_return
       asset_mgr                         asset manager net contracts vs next thursday single-day return                      asset_mgr_net    -0.0182           528  next_week_thursday_daily_return
       asset_mgr                          asset manager short/OI pct vs next thursday single-day return             asset_mgr_short_oi_pct     0.0497           528  next_week_thursday_daily_return
       asset_mgr                                   asset manager net/OI pct vs next friday close return               asset_mgr_net_oi_pct    -0.0121           528          next_week_friday_return
       asset_mgr                                asset manager net contracts vs next friday close return                      asset_mgr_net     0.0119           528          next_week_friday_return
       asset_mgr                                 asset manager short/OI pct vs next friday close return             asset_mgr_short_oi_pct     0.0512           528          next_week_friday_return
       asset_mgr                              asset manager net/OI pct vs next friday single-day return               asset_mgr_net_oi_pct     0.0009           528    next_week_friday_daily_return
       asset_mgr                           asset manager net contracts vs next friday single-day return                      asset_mgr_net    -0.0140           528    next_week_friday_daily_return
       asset_mgr                            asset manager short/OI pct vs next friday single-day return             asset_mgr_short_oi_pct     0.0267           528    next_week_friday_daily_return
       asset_mgr                                    asset manager net/OI pct vs forward 1w price return               asset_mgr_net_oi_pct    -0.0038           528                forward_return_1w
       asset_mgr                                 asset manager net contracts vs forward 1w price return                      asset_mgr_net     0.0221           528                forward_return_1w
       asset_mgr                                    asset manager net/OI pct vs forward 2w price return               asset_mgr_net_oi_pct    -0.0097           527                forward_return_2w
       asset_mgr                                 asset manager net contracts vs forward 2w price return                      asset_mgr_net     0.0308           527                forward_return_2w
       asset_mgr                                    asset manager net/OI pct vs forward 3w price return               asset_mgr_net_oi_pct    -0.0191           526                forward_return_3w
       asset_mgr                                 asset manager net contracts vs forward 3w price return                      asset_mgr_net     0.0379           526                forward_return_3w
       asset_mgr                                    asset manager net/OI pct vs forward 4w price return               asset_mgr_net_oi_pct    -0.0391           525                forward_return_4w
       asset_mgr                                 asset manager net contracts vs forward 4w price return                      asset_mgr_net     0.0428           525                forward_return_4w
       asset_mgr                                   asset manager net/OI pct vs forward 13w price return               asset_mgr_net_oi_pct    -0.0350           516               forward_return_13w
       asset_mgr                                asset manager net contracts vs forward 13w price return                      asset_mgr_net     0.0890           516               forward_return_13w
       asset_mgr                                   asset manager net/OI pct vs forward 26w price return               asset_mgr_net_oi_pct    -0.0081           503               forward_return_26w
       asset_mgr                                asset manager net contracts vs forward 26w price return                      asset_mgr_net     0.1439           503               forward_return_26w
       asset_mgr                                   asset manager net/OI pct vs forward 52w price return               asset_mgr_net_oi_pct    -0.0752           477               forward_return_52w
       asset_mgr                                asset manager net contracts vs forward 52w price return                      asset_mgr_net     0.1842           477               forward_return_52w
          dealer                 weekly change in dealer/intermediary net/OI pct vs weekly price return           dealer_net_oi_pct_change     0.1272           528                              NaN
          dealer            weekly change in dealer/intermediary net/OI pct vs next monday close return           dealer_net_oi_pct_change    -0.0281           527          next_week_monday_return
          dealer       weekly change in dealer/intermediary net/OI pct vs next monday single-day return           dealer_net_oi_pct_change    -0.0281           527    next_week_monday_daily_return
          dealer           weekly change in dealer/intermediary net/OI pct vs next tuesday close return           dealer_net_oi_pct_change    -0.0152           527         next_week_tuesday_return
          dealer      weekly change in dealer/intermediary net/OI pct vs next tuesday single-day return           dealer_net_oi_pct_change     0.0350           527   next_week_tuesday_daily_return
          dealer         weekly change in dealer/intermediary net/OI pct vs next wednesday close return           dealer_net_oi_pct_change    -0.0234           527       next_week_wednesday_return
          dealer    weekly change in dealer/intermediary net/OI pct vs next wednesday single-day return           dealer_net_oi_pct_change    -0.0203           527 next_week_wednesday_daily_return
          dealer          weekly change in dealer/intermediary net/OI pct vs next thursday close return           dealer_net_oi_pct_change    -0.0259           527        next_week_thursday_return
          dealer     weekly change in dealer/intermediary net/OI pct vs next thursday single-day return           dealer_net_oi_pct_change    -0.0168           527  next_week_thursday_daily_return
          dealer            weekly change in dealer/intermediary net/OI pct vs next friday close return           dealer_net_oi_pct_change    -0.0132           527          next_week_friday_return
          dealer       weekly change in dealer/intermediary net/OI pct vs next friday single-day return           dealer_net_oi_pct_change     0.0320           527    next_week_friday_daily_return
          dealer              weekly change in dealer/intermediary net contracts vs weekly price return                  dealer_net_change     0.1452           528                              NaN
          dealer         weekly change in dealer/intermediary net contracts vs next monday close return                  dealer_net_change     0.0156           527          next_week_monday_return
          dealer    weekly change in dealer/intermediary net contracts vs next monday single-day return                  dealer_net_change     0.0156           527    next_week_monday_daily_return
          dealer        weekly change in dealer/intermediary net contracts vs next tuesday close return                  dealer_net_change     0.0039           527         next_week_tuesday_return
          dealer   weekly change in dealer/intermediary net contracts vs next tuesday single-day return                  dealer_net_change    -0.0241           527   next_week_tuesday_daily_return
          dealer      weekly change in dealer/intermediary net contracts vs next wednesday close return                  dealer_net_change    -0.0176           527       next_week_wednesday_return
          dealer weekly change in dealer/intermediary net contracts vs next wednesday single-day return                  dealer_net_change    -0.0433           527 next_week_wednesday_daily_return
          dealer       weekly change in dealer/intermediary net contracts vs next thursday close return                  dealer_net_change    -0.0193           527        next_week_thursday_return
          dealer  weekly change in dealer/intermediary net contracts vs next thursday single-day return                  dealer_net_change    -0.0105           527  next_week_thursday_daily_return
          dealer         weekly change in dealer/intermediary net contracts vs next friday close return                  dealer_net_change    -0.0279           527          next_week_friday_return
          dealer    weekly change in dealer/intermediary net contracts vs next friday single-day return                  dealer_net_change    -0.0255           527    next_week_friday_daily_return
          dealer                             dealer/intermediary net/OI pct vs next monday close return                  dealer_net_oi_pct     0.0158           528          next_week_monday_return
          dealer                          dealer/intermediary net contracts vs next monday close return                         dealer_net    -0.0154           528          next_week_monday_return
          dealer                           dealer/intermediary short/OI pct vs next monday close return                dealer_short_oi_pct     0.0125           528          next_week_monday_return
          dealer                        dealer/intermediary net/OI pct vs next monday single-day return                  dealer_net_oi_pct     0.0158           528    next_week_monday_daily_return
          dealer                     dealer/intermediary net contracts vs next monday single-day return                         dealer_net    -0.0154           528    next_week_monday_daily_return
          dealer                      dealer/intermediary short/OI pct vs next monday single-day return                dealer_short_oi_pct     0.0125           528    next_week_monday_daily_return
          dealer                            dealer/intermediary net/OI pct vs next tuesday close return                  dealer_net_oi_pct     0.0098           528         next_week_tuesday_return
          dealer                         dealer/intermediary net contracts vs next tuesday close return                         dealer_net    -0.0123           528         next_week_tuesday_return
          dealer                          dealer/intermediary short/OI pct vs next tuesday close return                dealer_short_oi_pct     0.0069           528         next_week_tuesday_return
          dealer                       dealer/intermediary net/OI pct vs next tuesday single-day return                  dealer_net_oi_pct    -0.0104           528   next_week_tuesday_daily_return
          dealer                    dealer/intermediary net contracts vs next tuesday single-day return                         dealer_net     0.0118           528   next_week_tuesday_daily_return
          dealer                     dealer/intermediary short/OI pct vs next tuesday single-day return                dealer_short_oi_pct    -0.0177           528   next_week_tuesday_daily_return
          dealer                          dealer/intermediary net/OI pct vs next wednesday close return                  dealer_net_oi_pct    -0.0069           528       next_week_wednesday_return
          dealer                       dealer/intermediary net contracts vs next wednesday close return                         dealer_net    -0.0314           528       next_week_wednesday_return
          dealer                        dealer/intermediary short/OI pct vs next wednesday close return                dealer_short_oi_pct     0.0267           528       next_week_wednesday_return
          dealer                     dealer/intermediary net/OI pct vs next wednesday single-day return                  dealer_net_oi_pct    -0.0363           528 next_week_wednesday_daily_return
          dealer                  dealer/intermediary net contracts vs next wednesday single-day return                         dealer_net    -0.0460           528 next_week_wednesday_daily_return
          dealer                   dealer/intermediary short/OI pct vs next wednesday single-day return                dealer_short_oi_pct     0.0461           528 next_week_wednesday_daily_return
          dealer                           dealer/intermediary net/OI pct vs next thursday close return                  dealer_net_oi_pct     0.0208           528        next_week_thursday_return
          dealer                        dealer/intermediary net contracts vs next thursday close return                         dealer_net    -0.0104           528        next_week_thursday_return
          dealer                         dealer/intermediary short/OI pct vs next thursday close return                dealer_short_oi_pct    -0.0008           528        next_week_thursday_return
          dealer                      dealer/intermediary net/OI pct vs next thursday single-day return                  dealer_net_oi_pct     0.0647           528  next_week_thursday_daily_return
          dealer                   dealer/intermediary net contracts vs next thursday single-day return                         dealer_net     0.0415           528  next_week_thursday_daily_return
          dealer                    dealer/intermediary short/OI pct vs next thursday single-day return                dealer_short_oi_pct    -0.0584           528  next_week_thursday_daily_return
          dealer                             dealer/intermediary net/OI pct vs next friday close return                  dealer_net_oi_pct     0.0242           528          next_week_friday_return
          dealer                          dealer/intermediary net contracts vs next friday close return                         dealer_net    -0.0003           528          next_week_friday_return
          dealer                           dealer/intermediary short/OI pct vs next friday close return                dealer_short_oi_pct    -0.0028           528          next_week_friday_return
          dealer                        dealer/intermediary net/OI pct vs next friday single-day return                  dealer_net_oi_pct     0.0110           528    next_week_friday_daily_return
          dealer                     dealer/intermediary net contracts vs next friday single-day return                         dealer_net     0.0227           528    next_week_friday_daily_return
          dealer                      dealer/intermediary short/OI pct vs next friday single-day return                dealer_short_oi_pct    -0.0042           528    next_week_friday_daily_return
          dealer                              dealer/intermediary net/OI pct vs forward 1w price return                  dealer_net_oi_pct     0.0093           528                forward_return_1w
          dealer                           dealer/intermediary net contracts vs forward 1w price return                         dealer_net    -0.0140           528                forward_return_1w
          dealer                              dealer/intermediary net/OI pct vs forward 2w price return                  dealer_net_oi_pct     0.0158           527                forward_return_2w
          dealer                           dealer/intermediary net contracts vs forward 2w price return                         dealer_net    -0.0191           527                forward_return_2w
          dealer                              dealer/intermediary net/OI pct vs forward 3w price return                  dealer_net_oi_pct     0.0181           526                forward_return_3w
          dealer                           dealer/intermediary net contracts vs forward 3w price return                         dealer_net    -0.0220           526                forward_return_3w
          dealer                              dealer/intermediary net/OI pct vs forward 4w price return                  dealer_net_oi_pct     0.0346           525                forward_return_4w
          dealer                           dealer/intermediary net contracts vs forward 4w price return                         dealer_net    -0.0222           525                forward_return_4w
          dealer                             dealer/intermediary net/OI pct vs forward 13w price return                  dealer_net_oi_pct     0.0406           516               forward_return_13w
          dealer                          dealer/intermediary net contracts vs forward 13w price return                         dealer_net    -0.0696           516               forward_return_13w
          dealer                             dealer/intermediary net/OI pct vs forward 26w price return                  dealer_net_oi_pct     0.0410           503               forward_return_26w
          dealer                          dealer/intermediary net contracts vs forward 26w price return                         dealer_net    -0.1079           503               forward_return_26w
          dealer                             dealer/intermediary net/OI pct vs forward 52w price return                  dealer_net_oi_pct     0.1923           477               forward_return_52w
          dealer                          dealer/intermediary net contracts vs forward 52w price return                         dealer_net    -0.0881           477               forward_return_52w
       lev_money                     weekly change in leveraged funds net/OI pct vs weekly price return        lev_money_net_oi_pct_change    -0.5061           528                              NaN
       lev_money                weekly change in leveraged funds net/OI pct vs next monday close return        lev_money_net_oi_pct_change     0.0033           527          next_week_monday_return
       lev_money           weekly change in leveraged funds net/OI pct vs next monday single-day return        lev_money_net_oi_pct_change     0.0033           527    next_week_monday_daily_return
       lev_money               weekly change in leveraged funds net/OI pct vs next tuesday close return        lev_money_net_oi_pct_change     0.0260           527         next_week_tuesday_return
       lev_money          weekly change in leveraged funds net/OI pct vs next tuesday single-day return        lev_money_net_oi_pct_change     0.0505           527   next_week_tuesday_daily_return
       lev_money             weekly change in leveraged funds net/OI pct vs next wednesday close return        lev_money_net_oi_pct_change    -0.0002           527       next_week_wednesday_return
       lev_money        weekly change in leveraged funds net/OI pct vs next wednesday single-day return        lev_money_net_oi_pct_change    -0.0511           527 next_week_wednesday_daily_return
       lev_money              weekly change in leveraged funds net/OI pct vs next thursday close return        lev_money_net_oi_pct_change    -0.0213           527        next_week_thursday_return
       lev_money         weekly change in leveraged funds net/OI pct vs next thursday single-day return        lev_money_net_oi_pct_change    -0.0489           527  next_week_thursday_daily_return
       lev_money                weekly change in leveraged funds net/OI pct vs next friday close return        lev_money_net_oi_pct_change    -0.0529           527          next_week_friday_return
       lev_money           weekly change in leveraged funds net/OI pct vs next friday single-day return        lev_money_net_oi_pct_change    -0.0795           527    next_week_friday_daily_return
       lev_money                  weekly change in leveraged funds net contracts vs weekly price return               lev_money_net_change    -0.3363           528                              NaN
       lev_money             weekly change in leveraged funds net contracts vs next monday close return               lev_money_net_change    -0.0192           527          next_week_monday_return
       lev_money        weekly change in leveraged funds net contracts vs next monday single-day return               lev_money_net_change    -0.0192           527    next_week_monday_daily_return
       lev_money            weekly change in leveraged funds net contracts vs next tuesday close return               lev_money_net_change     0.0131           527         next_week_tuesday_return
       lev_money       weekly change in leveraged funds net contracts vs next tuesday single-day return               lev_money_net_change     0.0715           527   next_week_tuesday_daily_return
       lev_money          weekly change in leveraged funds net contracts vs next wednesday close return               lev_money_net_change     0.0055           527       next_week_wednesday_return
       lev_money     weekly change in leveraged funds net contracts vs next wednesday single-day return               lev_money_net_change    -0.0151           527 next_week_wednesday_daily_return
       lev_money           weekly change in leveraged funds net contracts vs next thursday close return               lev_money_net_change     0.0079           527        next_week_thursday_return
       lev_money      weekly change in leveraged funds net contracts vs next thursday single-day return               lev_money_net_change     0.0062           527  next_week_thursday_daily_return
       lev_money             weekly change in leveraged funds net contracts vs next friday close return               lev_money_net_change    -0.0063           527          next_week_friday_return
       lev_money        weekly change in leveraged funds net contracts vs next friday single-day return               lev_money_net_change    -0.0317           527    next_week_friday_daily_return
       lev_money                                 leveraged funds net/OI pct vs next monday close return               lev_money_net_oi_pct    -0.0464           528          next_week_monday_return
       lev_money                              leveraged funds net contracts vs next monday close return                      lev_money_net    -0.0455           528          next_week_monday_return
       lev_money                               leveraged funds short/OI pct vs next monday close return             lev_money_short_oi_pct     0.0444           528          next_week_monday_return
       lev_money                            leveraged funds net/OI pct vs next monday single-day return               lev_money_net_oi_pct    -0.0464           528    next_week_monday_daily_return
       lev_money                         leveraged funds net contracts vs next monday single-day return                      lev_money_net    -0.0455           528    next_week_monday_daily_return
       lev_money                          leveraged funds short/OI pct vs next monday single-day return             lev_money_short_oi_pct     0.0444           528    next_week_monday_daily_return
       lev_money                                leveraged funds net/OI pct vs next tuesday close return               lev_money_net_oi_pct     0.0129           528         next_week_tuesday_return
       lev_money                             leveraged funds net contracts vs next tuesday close return                      lev_money_net    -0.0144           528         next_week_tuesday_return
       lev_money                              leveraged funds short/OI pct vs next tuesday close return             lev_money_short_oi_pct    -0.0108           528         next_week_tuesday_return
       lev_money                           leveraged funds net/OI pct vs next tuesday single-day return               lev_money_net_oi_pct     0.1354           528   next_week_tuesday_daily_return
       lev_money                        leveraged funds net contracts vs next tuesday single-day return                      lev_money_net     0.0744           528   next_week_tuesday_daily_return
       lev_money                         leveraged funds short/OI pct vs next tuesday single-day return             lev_money_short_oi_pct    -0.1282           528   next_week_tuesday_daily_return
       lev_money                              leveraged funds net/OI pct vs next wednesday close return               lev_money_net_oi_pct     0.0019           528       next_week_wednesday_return
       lev_money                           leveraged funds net contracts vs next wednesday close return                      lev_money_net    -0.0181           528       next_week_wednesday_return
       lev_money                            leveraged funds short/OI pct vs next wednesday close return             lev_money_short_oi_pct     0.0011           528       next_week_wednesday_return
       lev_money                         leveraged funds net/OI pct vs next wednesday single-day return               lev_money_net_oi_pct    -0.0233           528 next_week_wednesday_daily_return
       lev_money                      leveraged funds net contracts vs next wednesday single-day return                      lev_money_net    -0.0122           528 next_week_wednesday_daily_return
       lev_money                       leveraged funds short/OI pct vs next wednesday single-day return             lev_money_short_oi_pct     0.0255           528 next_week_wednesday_daily_return
       lev_money                               leveraged funds net/OI pct vs next thursday close return               lev_money_net_oi_pct    -0.0063           528        next_week_thursday_return
       lev_money                            leveraged funds net contracts vs next thursday close return                      lev_money_net    -0.0192           528        next_week_thursday_return
       lev_money                             leveraged funds short/OI pct vs next thursday close return             lev_money_short_oi_pct     0.0023           528        next_week_thursday_return
       lev_money                          leveraged funds net/OI pct vs next thursday single-day return               lev_money_net_oi_pct    -0.0188           528  next_week_thursday_daily_return
       lev_money                       leveraged funds net contracts vs next thursday single-day return                      lev_money_net    -0.0067           528  next_week_thursday_daily_return
       lev_money                        leveraged funds short/OI pct vs next thursday single-day return             lev_money_short_oi_pct     0.0033           528  next_week_thursday_daily_return
       lev_money                                 leveraged funds net/OI pct vs next friday close return               lev_money_net_oi_pct    -0.0048           528          next_week_friday_return
       lev_money                              leveraged funds net contracts vs next friday close return                      lev_money_net    -0.0129           528          next_week_friday_return
       lev_money                               leveraged funds short/OI pct vs next friday close return             lev_money_short_oi_pct     0.0029           528          next_week_friday_return
       lev_money                            leveraged funds net/OI pct vs next friday single-day return               lev_money_net_oi_pct     0.0047           528    next_week_friday_daily_return
       lev_money                         leveraged funds net contracts vs next friday single-day return                      lev_money_net     0.0122           528    next_week_friday_daily_return
       lev_money                          leveraged funds short/OI pct vs next friday single-day return             lev_money_short_oi_pct     0.0009           528    next_week_friday_daily_return
       lev_money                                  leveraged funds net/OI pct vs forward 1w price return               lev_money_net_oi_pct     0.0050           528                forward_return_1w
       lev_money                               leveraged funds net contracts vs forward 1w price return                      lev_money_net    -0.0184           528                forward_return_1w
       lev_money                                  leveraged funds net/OI pct vs forward 2w price return               lev_money_net_oi_pct     0.0021           527                forward_return_2w
       lev_money                               leveraged funds net contracts vs forward 2w price return                      lev_money_net    -0.0275           527                forward_return_2w
       lev_money                                  leveraged funds net/OI pct vs forward 3w price return               lev_money_net_oi_pct     0.0167           526                forward_return_3w
       lev_money                               leveraged funds net contracts vs forward 3w price return                      lev_money_net    -0.0338           526                forward_return_3w
       lev_money                                  leveraged funds net/OI pct vs forward 4w price return               lev_money_net_oi_pct     0.0253           525                forward_return_4w
       lev_money                               leveraged funds net contracts vs forward 4w price return                      lev_money_net    -0.0407           525                forward_return_4w
       lev_money                                 leveraged funds net/OI pct vs forward 13w price return               lev_money_net_oi_pct    -0.0386           516               forward_return_13w
       lev_money                              leveraged funds net contracts vs forward 13w price return                      lev_money_net    -0.0923           516               forward_return_13w
       lev_money                                 leveraged funds net/OI pct vs forward 26w price return               lev_money_net_oi_pct    -0.1546           503               forward_return_26w
       lev_money                              leveraged funds net contracts vs forward 26w price return                      lev_money_net    -0.1688           503               forward_return_26w
       lev_money                                 leveraged funds net/OI pct vs forward 52w price return               lev_money_net_oi_pct    -0.3483           477               forward_return_52w
       lev_money                              leveraged funds net contracts vs forward 52w price return                      lev_money_net    -0.2952           477               forward_return_52w
  non_reportable                      weekly change in non-reportable net/OI pct vs weekly price return   non_reportable_net_oi_pct_change     0.0165           528                              NaN
  non_reportable                 weekly change in non-reportable net/OI pct vs next monday close return   non_reportable_net_oi_pct_change    -0.0176           527          next_week_monday_return
  non_reportable            weekly change in non-reportable net/OI pct vs next monday single-day return   non_reportable_net_oi_pct_change    -0.0176           527    next_week_monday_daily_return
  non_reportable                weekly change in non-reportable net/OI pct vs next tuesday close return   non_reportable_net_oi_pct_change    -0.0357           527         next_week_tuesday_return
  non_reportable           weekly change in non-reportable net/OI pct vs next tuesday single-day return   non_reportable_net_oi_pct_change    -0.0382           527   next_week_tuesday_daily_return
  non_reportable              weekly change in non-reportable net/OI pct vs next wednesday close return   non_reportable_net_oi_pct_change    -0.0221           527       next_week_wednesday_return
  non_reportable         weekly change in non-reportable net/OI pct vs next wednesday single-day return   non_reportable_net_oi_pct_change     0.0226           527 next_week_wednesday_daily_return
  non_reportable               weekly change in non-reportable net/OI pct vs next thursday close return   non_reportable_net_oi_pct_change    -0.0023           527        next_week_thursday_return
  non_reportable          weekly change in non-reportable net/OI pct vs next thursday single-day return   non_reportable_net_oi_pct_change     0.0430           527  next_week_thursday_daily_return
  non_reportable                 weekly change in non-reportable net/OI pct vs next friday close return   non_reportable_net_oi_pct_change    -0.0024           527          next_week_friday_return
  non_reportable            weekly change in non-reportable net/OI pct vs next friday single-day return   non_reportable_net_oi_pct_change    -0.0009           527    next_week_friday_daily_return
  non_reportable                   weekly change in non-reportable net contracts vs weekly price return          non_reportable_net_change     0.0837           528                              NaN
  non_reportable              weekly change in non-reportable net contracts vs next monday close return          non_reportable_net_change    -0.0268           527          next_week_monday_return
  non_reportable         weekly change in non-reportable net contracts vs next monday single-day return          non_reportable_net_change    -0.0268           527    next_week_monday_daily_return
  non_reportable             weekly change in non-reportable net contracts vs next tuesday close return          non_reportable_net_change    -0.0507           527         next_week_tuesday_return
  non_reportable        weekly change in non-reportable net contracts vs next tuesday single-day return          non_reportable_net_change    -0.0483           527   next_week_tuesday_daily_return
  non_reportable           weekly change in non-reportable net contracts vs next wednesday close return          non_reportable_net_change    -0.0486           527       next_week_wednesday_return
  non_reportable      weekly change in non-reportable net contracts vs next wednesday single-day return          non_reportable_net_change    -0.0063           527 next_week_wednesday_daily_return
  non_reportable            weekly change in non-reportable net contracts vs next thursday close return          non_reportable_net_change    -0.0291           527        next_week_thursday_return
  non_reportable       weekly change in non-reportable net contracts vs next thursday single-day return          non_reportable_net_change     0.0342           527  next_week_thursday_daily_return
  non_reportable              weekly change in non-reportable net contracts vs next friday close return          non_reportable_net_change    -0.0099           527          next_week_friday_return
  non_reportable         weekly change in non-reportable net contracts vs next friday single-day return          non_reportable_net_change     0.0438           527    next_week_friday_daily_return
  non_reportable                                  non-reportable net/OI pct vs next monday close return          non_reportable_net_oi_pct    -0.0273           528          next_week_monday_return
  non_reportable                               non-reportable net contracts vs next monday close return                 non_reportable_net    -0.0101           528          next_week_monday_return
  non_reportable                                non-reportable short/OI pct vs next monday close return        non_reportable_short_oi_pct    -0.0164           528          next_week_monday_return
  non_reportable                             non-reportable net/OI pct vs next monday single-day return          non_reportable_net_oi_pct    -0.0273           528    next_week_monday_daily_return
  non_reportable                          non-reportable net contracts vs next monday single-day return                 non_reportable_net    -0.0101           528    next_week_monday_daily_return
  non_reportable                           non-reportable short/OI pct vs next monday single-day return        non_reportable_short_oi_pct    -0.0164           528    next_week_monday_daily_return
  non_reportable                                 non-reportable net/OI pct vs next tuesday close return          non_reportable_net_oi_pct    -0.0342           528         next_week_tuesday_return
  non_reportable                              non-reportable net contracts vs next tuesday close return                 non_reportable_net    -0.0231           528         next_week_tuesday_return
  non_reportable                               non-reportable short/OI pct vs next tuesday close return        non_reportable_short_oi_pct     0.0251           528         next_week_tuesday_return
  non_reportable                            non-reportable net/OI pct vs next tuesday single-day return          non_reportable_net_oi_pct    -0.0161           528   next_week_tuesday_daily_return
  non_reportable                         non-reportable net contracts vs next tuesday single-day return                 non_reportable_net    -0.0304           528   next_week_tuesday_daily_return
  non_reportable                          non-reportable short/OI pct vs next tuesday single-day return        non_reportable_short_oi_pct     0.0995           528   next_week_tuesday_daily_return
  non_reportable                               non-reportable net/OI pct vs next wednesday close return          non_reportable_net_oi_pct    -0.0254           528       next_week_wednesday_return
  non_reportable                            non-reportable net contracts vs next wednesday close return                 non_reportable_net    -0.0090           528       next_week_wednesday_return
  non_reportable                             non-reportable short/OI pct vs next wednesday close return        non_reportable_short_oi_pct     0.0154           528       next_week_wednesday_return
  non_reportable                          non-reportable net/OI pct vs next wednesday single-day return          non_reportable_net_oi_pct     0.0146           528 next_week_wednesday_daily_return
  non_reportable                       non-reportable net contracts vs next wednesday single-day return                 non_reportable_net     0.0280           528 next_week_wednesday_daily_return
  non_reportable                        non-reportable short/OI pct vs next wednesday single-day return        non_reportable_short_oi_pct    -0.0210           528 next_week_wednesday_daily_return
  non_reportable                                non-reportable net/OI pct vs next thursday close return          non_reportable_net_oi_pct    -0.0432           528        next_week_thursday_return
  non_reportable                             non-reportable net contracts vs next thursday close return                 non_reportable_net    -0.0273           528        next_week_thursday_return
  non_reportable                              non-reportable short/OI pct vs next thursday close return        non_reportable_short_oi_pct     0.0186           528        next_week_thursday_return
  non_reportable                           non-reportable net/OI pct vs next thursday single-day return          non_reportable_net_oi_pct    -0.0491           528  next_week_thursday_daily_return
  non_reportable                        non-reportable net contracts vs next thursday single-day return                 non_reportable_net    -0.0453           528  next_week_thursday_daily_return
  non_reportable                         non-reportable short/OI pct vs next thursday single-day return        non_reportable_short_oi_pct     0.0126           528  next_week_thursday_daily_return
  non_reportable                                  non-reportable net/OI pct vs next friday close return          non_reportable_net_oi_pct    -0.0434           528          next_week_friday_return
  non_reportable                               non-reportable net contracts vs next friday close return                 non_reportable_net    -0.0334           528          next_week_friday_return
  non_reportable                                non-reportable short/OI pct vs next friday close return        non_reportable_short_oi_pct     0.0236           528          next_week_friday_return
  non_reportable                             non-reportable net/OI pct vs next friday single-day return          non_reportable_net_oi_pct    -0.0075           528    next_week_friday_daily_return
  non_reportable                          non-reportable net contracts vs next friday single-day return                 non_reportable_net    -0.0198           528    next_week_friday_daily_return
  non_reportable                           non-reportable short/OI pct vs next friday single-day return        non_reportable_short_oi_pct     0.0184           528    next_week_friday_daily_return
  non_reportable                                   non-reportable net/OI pct vs forward 1w price return          non_reportable_net_oi_pct    -0.0373           528                forward_return_1w
  non_reportable                                non-reportable net contracts vs forward 1w price return                 non_reportable_net    -0.0228           528                forward_return_1w
  non_reportable                                   non-reportable net/OI pct vs forward 2w price return          non_reportable_net_oi_pct    -0.0454           527                forward_return_2w
  non_reportable                                non-reportable net contracts vs forward 2w price return                 non_reportable_net    -0.0267           527                forward_return_2w
  non_reportable                                   non-reportable net/OI pct vs forward 3w price return          non_reportable_net_oi_pct    -0.0580           526                forward_return_3w
  non_reportable                                non-reportable net contracts vs forward 3w price return                 non_reportable_net    -0.0339           526                forward_return_3w
  non_reportable                                   non-reportable net/OI pct vs forward 4w price return          non_reportable_net_oi_pct    -0.0752           525                forward_return_4w
  non_reportable                                non-reportable net contracts vs forward 4w price return                 non_reportable_net    -0.0434           525                forward_return_4w
  non_reportable                                  non-reportable net/OI pct vs forward 13w price return          non_reportable_net_oi_pct    -0.0936           516               forward_return_13w
  non_reportable                               non-reportable net contracts vs forward 13w price return                 non_reportable_net    -0.0222           516               forward_return_13w
  non_reportable                                  non-reportable net/OI pct vs forward 26w price return          non_reportable_net_oi_pct    -0.0857           503               forward_return_26w
  non_reportable                               non-reportable net contracts vs forward 26w price return                 non_reportable_net     0.0258           503               forward_return_26w
  non_reportable                                  non-reportable net/OI pct vs forward 52w price return          non_reportable_net_oi_pct    -0.1664           477               forward_return_52w
  non_reportable                               non-reportable net contracts vs forward 52w price return                 non_reportable_net     0.0076           477               forward_return_52w
other_reportable                   weekly change in other reportables net/OI pct vs weekly price return other_reportable_net_oi_pct_change    -0.2834           528                              NaN
other_reportable              weekly change in other reportables net/OI pct vs next monday close return other_reportable_net_oi_pct_change    -0.1235           527          next_week_monday_return
other_reportable         weekly change in other reportables net/OI pct vs next monday single-day return other_reportable_net_oi_pct_change    -0.1235           527    next_week_monday_daily_return
other_reportable             weekly change in other reportables net/OI pct vs next tuesday close return other_reportable_net_oi_pct_change    -0.0465           527         next_week_tuesday_return
other_reportable        weekly change in other reportables net/OI pct vs next tuesday single-day return other_reportable_net_oi_pct_change     0.1792           527   next_week_tuesday_daily_return
other_reportable           weekly change in other reportables net/OI pct vs next wednesday close return other_reportable_net_oi_pct_change    -0.0377           527       next_week_wednesday_return
other_reportable      weekly change in other reportables net/OI pct vs next wednesday single-day return other_reportable_net_oi_pct_change     0.0145           527 next_week_wednesday_daily_return
other_reportable            weekly change in other reportables net/OI pct vs next thursday close return other_reportable_net_oi_pct_change    -0.0415           527        next_week_thursday_return
other_reportable       weekly change in other reportables net/OI pct vs next thursday single-day return other_reportable_net_oi_pct_change    -0.0188           527  next_week_thursday_daily_return
other_reportable              weekly change in other reportables net/OI pct vs next friday close return other_reportable_net_oi_pct_change    -0.0139           527          next_week_friday_return
other_reportable         weekly change in other reportables net/OI pct vs next friday single-day return other_reportable_net_oi_pct_change     0.0680           527    next_week_friday_daily_return
other_reportable                weekly change in other reportables net contracts vs weekly price return        other_reportable_net_change    -0.2276           528                              NaN
other_reportable           weekly change in other reportables net contracts vs next monday close return        other_reportable_net_change    -0.0331           527          next_week_monday_return
other_reportable      weekly change in other reportables net contracts vs next monday single-day return        other_reportable_net_change    -0.0331           527    next_week_monday_daily_return
other_reportable          weekly change in other reportables net contracts vs next tuesday close return        other_reportable_net_change    -0.0033           527         next_week_tuesday_return
other_reportable     weekly change in other reportables net contracts vs next tuesday single-day return        other_reportable_net_change     0.0683           527   next_week_tuesday_daily_return
other_reportable        weekly change in other reportables net contracts vs next wednesday close return        other_reportable_net_change     0.0188           527       next_week_wednesday_return
other_reportable   weekly change in other reportables net contracts vs next wednesday single-day return        other_reportable_net_change     0.0517           527 next_week_wednesday_daily_return
other_reportable         weekly change in other reportables net contracts vs next thursday close return        other_reportable_net_change     0.0138           527        next_week_thursday_return
other_reportable    weekly change in other reportables net contracts vs next thursday single-day return        other_reportable_net_change    -0.0060           527  next_week_thursday_daily_return
other_reportable           weekly change in other reportables net contracts vs next friday close return        other_reportable_net_change     0.0417           527          next_week_friday_return
other_reportable      weekly change in other reportables net contracts vs next friday single-day return        other_reportable_net_change     0.0785           527    next_week_friday_daily_return
other_reportable                               other reportables net/OI pct vs next monday close return        other_reportable_net_oi_pct    -0.0243           528          next_week_monday_return
other_reportable                            other reportables net contracts vs next monday close return               other_reportable_net    -0.0173           528          next_week_monday_return
other_reportable                             other reportables short/OI pct vs next monday close return      other_reportable_short_oi_pct     0.0073           528          next_week_monday_return
other_reportable                          other reportables net/OI pct vs next monday single-day return        other_reportable_net_oi_pct    -0.0243           528    next_week_monday_daily_return
other_reportable                       other reportables net contracts vs next monday single-day return               other_reportable_net    -0.0173           528    next_week_monday_daily_return
other_reportable                        other reportables short/OI pct vs next monday single-day return      other_reportable_short_oi_pct     0.0073           528    next_week_monday_daily_return
other_reportable                              other reportables net/OI pct vs next tuesday close return        other_reportable_net_oi_pct    -0.0032           528         next_week_tuesday_return
other_reportable                           other reportables net contracts vs next tuesday close return               other_reportable_net    -0.0029           528         next_week_tuesday_return
other_reportable                            other reportables short/OI pct vs next tuesday close return      other_reportable_short_oi_pct    -0.0049           528         next_week_tuesday_return
other_reportable                         other reportables net/OI pct vs next tuesday single-day return        other_reportable_net_oi_pct     0.0505           528   next_week_tuesday_daily_return
other_reportable                      other reportables net contracts vs next tuesday single-day return               other_reportable_net     0.0341           528   next_week_tuesday_daily_return
other_reportable                       other reportables short/OI pct vs next tuesday single-day return      other_reportable_short_oi_pct    -0.0299           528   next_week_tuesday_daily_return
other_reportable                            other reportables net/OI pct vs next wednesday close return        other_reportable_net_oi_pct     0.0119           528       next_week_wednesday_return
other_reportable                         other reportables net contracts vs next wednesday close return               other_reportable_net     0.0313           528       next_week_wednesday_return
other_reportable                          other reportables short/OI pct vs next wednesday close return      other_reportable_short_oi_pct    -0.0094           528       next_week_wednesday_return
other_reportable                       other reportables net/OI pct vs next wednesday single-day return        other_reportable_net_oi_pct     0.0366           528 next_week_wednesday_daily_return
other_reportable                    other reportables net contracts vs next wednesday single-day return               other_reportable_net     0.0798           528 next_week_wednesday_daily_return
other_reportable                     other reportables short/OI pct vs next wednesday single-day return      other_reportable_short_oi_pct    -0.0119           528 next_week_wednesday_daily_return
other_reportable                             other reportables net/OI pct vs next thursday close return        other_reportable_net_oi_pct     0.0067           528        next_week_thursday_return
other_reportable                          other reportables net contracts vs next thursday close return               other_reportable_net     0.0041           528        next_week_thursday_return
other_reportable                           other reportables short/OI pct vs next thursday close return      other_reportable_short_oi_pct    -0.0072           528        next_week_thursday_return
other_reportable                        other reportables net/OI pct vs next thursday single-day return        other_reportable_net_oi_pct    -0.0122           528  next_week_thursday_daily_return
other_reportable                     other reportables net contracts vs next thursday single-day return               other_reportable_net    -0.0563           528  next_week_thursday_daily_return
other_reportable                      other reportables short/OI pct vs next thursday single-day return      other_reportable_short_oi_pct     0.0062           528  next_week_thursday_daily_return
other_reportable                               other reportables net/OI pct vs next friday close return        other_reportable_net_oi_pct    -0.0113           528          next_week_friday_return
other_reportable                            other reportables net contracts vs next friday close return               other_reportable_net    -0.0194           528          next_week_friday_return
other_reportable                             other reportables short/OI pct vs next friday close return      other_reportable_short_oi_pct     0.0069           528          next_week_friday_return
other_reportable                          other reportables net/OI pct vs next friday single-day return        other_reportable_net_oi_pct    -0.0427           528    next_week_friday_daily_return
other_reportable                       other reportables net contracts vs next friday single-day return               other_reportable_net    -0.0569           528    next_week_friday_daily_return
other_reportable                        other reportables short/OI pct vs next friday single-day return      other_reportable_short_oi_pct     0.0325           528    next_week_friday_daily_return
other_reportable                                other reportables net/OI pct vs forward 1w price return        other_reportable_net_oi_pct    -0.0060           528                forward_return_1w
other_reportable                             other reportables net contracts vs forward 1w price return               other_reportable_net    -0.0047           528                forward_return_1w
other_reportable                                other reportables net/OI pct vs forward 2w price return        other_reportable_net_oi_pct    -0.0012           527                forward_return_2w
other_reportable                             other reportables net contracts vs forward 2w price return               other_reportable_net    -0.0085           527                forward_return_2w
other_reportable                                other reportables net/OI pct vs forward 3w price return        other_reportable_net_oi_pct     0.0030           526                forward_return_3w
other_reportable                             other reportables net contracts vs forward 3w price return               other_reportable_net    -0.0193           526                forward_return_3w
other_reportable                                other reportables net/OI pct vs forward 4w price return        other_reportable_net_oi_pct     0.0038           525                forward_return_4w
other_reportable                             other reportables net contracts vs forward 4w price return               other_reportable_net    -0.0249           525                forward_return_4w
other_reportable                               other reportables net/OI pct vs forward 13w price return        other_reportable_net_oi_pct     0.0835           516               forward_return_13w
other_reportable                            other reportables net contracts vs forward 13w price return               other_reportable_net     0.0603           516               forward_return_13w
other_reportable                               other reportables net/OI pct vs forward 26w price return        other_reportable_net_oi_pct     0.1817           503               forward_return_26w
other_reportable                            other reportables net contracts vs forward 26w price return               other_reportable_net     0.0687           503               forward_return_26w
other_reportable                               other reportables net/OI pct vs forward 52w price return        other_reportable_net_oi_pct     0.1976           477               forward_return_52w
other_reportable                            other reportables net contracts vs forward 52w price return               other_reportable_net     0.0102           477               forward_return_52w

Saved:
cot_exact_output\sp500_exact_consolidated_overlay_2016_2026.png
cot_exact_output\sp500_exact_consolidated_rebased_2016_2026.png
cot_exact_output\sp500_exact_consolidated_data_2016_2026.csv
cot_exact_output\sp500_exact_consolidated_correlations_2016_2026.csv
cot_exact_output\sp500_exact_consolidated_extremes_2016_2026.csv

=== VIX FUTURES - CBOE FUTURES EXCHANGE ===
Using local FRED file: A:\work\trading\cot report\data\VIXCLS.csv

Latest exact consolidated row:
date: 2026-07-21
CFTC source latest date: 2026-07-21
open_interest: 396,485
Asset Manager long: 45,770
Asset Manager short: 87,309
Asset Manager net: -41,539
Asset Manager net/OI: -10.48%
Dealer/Intermediary long: 80,571
Dealer/Intermediary short: 43,931
Dealer/Intermediary net: 36,640
Dealer/Intermediary net/OI: 9.24%
Leveraged Funds long: 96,868
Leveraged Funds short: 93,770
Leveraged Funds net: 3,098
Leveraged Funds net/OI: 0.78%
Non-Reportable long: 25,653
Non-Reportable short: 24,190
Non-Reportable net: 1,463
Non-Reportable net/OI: 0.37%
Other Reportables long: 2,200
Other Reportables short: 1,862
Other Reportables net: 338
Other Reportables net/OI: 0.09%

Correlation table:
        category                                                                           relationship                    position_metric  pearson_r  observations                    return_metric
       asset_mgr                       weekly change in asset manager net/OI pct vs weekly price return        asset_mgr_net_oi_pct_change     0.3487           550                              NaN
       asset_mgr                  weekly change in asset manager net/OI pct vs next monday close return        asset_mgr_net_oi_pct_change    -0.0472           549          next_week_monday_return
       asset_mgr             weekly change in asset manager net/OI pct vs next monday single-day return        asset_mgr_net_oi_pct_change    -0.0472           549    next_week_monday_daily_return
       asset_mgr                 weekly change in asset manager net/OI pct vs next tuesday close return        asset_mgr_net_oi_pct_change    -0.0824           549         next_week_tuesday_return
       asset_mgr            weekly change in asset manager net/OI pct vs next tuesday single-day return        asset_mgr_net_oi_pct_change    -0.0738           549   next_week_tuesday_daily_return
       asset_mgr               weekly change in asset manager net/OI pct vs next wednesday close return        asset_mgr_net_oi_pct_change    -0.0849           549       next_week_wednesday_return
       asset_mgr          weekly change in asset manager net/OI pct vs next wednesday single-day return        asset_mgr_net_oi_pct_change    -0.0372           549 next_week_wednesday_daily_return
       asset_mgr                weekly change in asset manager net/OI pct vs next thursday close return        asset_mgr_net_oi_pct_change    -0.0525           549        next_week_thursday_return
       asset_mgr           weekly change in asset manager net/OI pct vs next thursday single-day return        asset_mgr_net_oi_pct_change     0.0404           549  next_week_thursday_daily_return
       asset_mgr                  weekly change in asset manager net/OI pct vs next friday close return        asset_mgr_net_oi_pct_change    -0.0396           549          next_week_friday_return
       asset_mgr             weekly change in asset manager net/OI pct vs next friday single-day return        asset_mgr_net_oi_pct_change     0.0266           549    next_week_friday_daily_return
       asset_mgr                    weekly change in asset manager net contracts vs weekly price return               asset_mgr_net_change     0.3512           550                              NaN
       asset_mgr               weekly change in asset manager net contracts vs next monday close return               asset_mgr_net_change    -0.0141           549          next_week_monday_return
       asset_mgr          weekly change in asset manager net contracts vs next monday single-day return               asset_mgr_net_change    -0.0141           549    next_week_monday_daily_return
       asset_mgr              weekly change in asset manager net contracts vs next tuesday close return               asset_mgr_net_change    -0.0422           549         next_week_tuesday_return
       asset_mgr         weekly change in asset manager net contracts vs next tuesday single-day return               asset_mgr_net_change    -0.0605           549   next_week_tuesday_daily_return
       asset_mgr            weekly change in asset manager net contracts vs next wednesday close return               asset_mgr_net_change    -0.0532           549       next_week_wednesday_return
       asset_mgr       weekly change in asset manager net contracts vs next wednesday single-day return               asset_mgr_net_change    -0.0474           549 next_week_wednesday_daily_return
       asset_mgr             weekly change in asset manager net contracts vs next thursday close return               asset_mgr_net_change    -0.0198           549        next_week_thursday_return
       asset_mgr        weekly change in asset manager net contracts vs next thursday single-day return               asset_mgr_net_change     0.0540           549  next_week_thursday_daily_return
       asset_mgr               weekly change in asset manager net contracts vs next friday close return               asset_mgr_net_change    -0.0133           549          next_week_friday_return
       asset_mgr          weekly change in asset manager net contracts vs next friday single-day return               asset_mgr_net_change     0.0186           549    next_week_friday_daily_return
       asset_mgr                                   asset manager net/OI pct vs next monday close return               asset_mgr_net_oi_pct    -0.1208           550          next_week_monday_return
       asset_mgr                                asset manager net contracts vs next monday close return                      asset_mgr_net    -0.1019           550          next_week_monday_return
       asset_mgr                                 asset manager short/OI pct vs next monday close return             asset_mgr_short_oi_pct     0.1332           550          next_week_monday_return
       asset_mgr                              asset manager net/OI pct vs next monday single-day return               asset_mgr_net_oi_pct    -0.1208           550    next_week_monday_daily_return
       asset_mgr                           asset manager net contracts vs next monday single-day return                      asset_mgr_net    -0.1019           550    next_week_monday_daily_return
       asset_mgr                            asset manager short/OI pct vs next monday single-day return             asset_mgr_short_oi_pct     0.1332           550    next_week_monday_daily_return
       asset_mgr                                  asset manager net/OI pct vs next tuesday close return               asset_mgr_net_oi_pct    -0.1406           550         next_week_tuesday_return
       asset_mgr                               asset manager net contracts vs next tuesday close return                      asset_mgr_net    -0.1186           550         next_week_tuesday_return
       asset_mgr                                asset manager short/OI pct vs next tuesday close return             asset_mgr_short_oi_pct     0.1527           550         next_week_tuesday_return
       asset_mgr                             asset manager net/OI pct vs next tuesday single-day return               asset_mgr_net_oi_pct    -0.0443           550   next_week_tuesday_daily_return
       asset_mgr                          asset manager net contracts vs next tuesday single-day return                      asset_mgr_net    -0.0390           550   next_week_tuesday_daily_return
       asset_mgr                           asset manager short/OI pct vs next tuesday single-day return             asset_mgr_short_oi_pct     0.0405           550   next_week_tuesday_daily_return
       asset_mgr                                asset manager net/OI pct vs next wednesday close return               asset_mgr_net_oi_pct    -0.1696           550       next_week_wednesday_return
       asset_mgr                             asset manager net contracts vs next wednesday close return                      asset_mgr_net    -0.1420           550       next_week_wednesday_return
       asset_mgr                              asset manager short/OI pct vs next wednesday close return             asset_mgr_short_oi_pct     0.1547           550       next_week_wednesday_return
       asset_mgr                           asset manager net/OI pct vs next wednesday single-day return               asset_mgr_net_oi_pct    -0.0920           550 next_week_wednesday_daily_return
       asset_mgr                        asset manager net contracts vs next wednesday single-day return                      asset_mgr_net    -0.0803           550 next_week_wednesday_daily_return
       asset_mgr                         asset manager short/OI pct vs next wednesday single-day return             asset_mgr_short_oi_pct     0.0364           550 next_week_wednesday_daily_return
       asset_mgr                                 asset manager net/OI pct vs next thursday close return               asset_mgr_net_oi_pct    -0.1568           550        next_week_thursday_return
       asset_mgr                              asset manager net contracts vs next thursday close return                      asset_mgr_net    -0.1302           550        next_week_thursday_return
       asset_mgr                               asset manager short/OI pct vs next thursday close return             asset_mgr_short_oi_pct     0.1430           550        next_week_thursday_return
       asset_mgr                            asset manager net/OI pct vs next thursday single-day return               asset_mgr_net_oi_pct    -0.0226           550  next_week_thursday_daily_return
       asset_mgr                         asset manager net contracts vs next thursday single-day return                      asset_mgr_net    -0.0160           550  next_week_thursday_daily_return
       asset_mgr                          asset manager short/OI pct vs next thursday single-day return             asset_mgr_short_oi_pct     0.0333           550  next_week_thursday_daily_return
       asset_mgr                                   asset manager net/OI pct vs next friday close return               asset_mgr_net_oi_pct    -0.1682           550          next_week_friday_return
       asset_mgr                                asset manager net contracts vs next friday close return                      asset_mgr_net    -0.1438           550          next_week_friday_return
       asset_mgr                                 asset manager short/OI pct vs next friday close return             asset_mgr_short_oi_pct     0.1532           550          next_week_friday_return
       asset_mgr                              asset manager net/OI pct vs next friday single-day return               asset_mgr_net_oi_pct    -0.0553           550    next_week_friday_daily_return
       asset_mgr                           asset manager net contracts vs next friday single-day return                      asset_mgr_net    -0.0503           550    next_week_friday_daily_return
       asset_mgr                            asset manager short/OI pct vs next friday single-day return             asset_mgr_short_oi_pct     0.0398           550    next_week_friday_daily_return
       asset_mgr                                    asset manager net/OI pct vs forward 1w price return               asset_mgr_net_oi_pct    -0.1367           550                forward_return_1w
       asset_mgr                                 asset manager net contracts vs forward 1w price return                      asset_mgr_net    -0.1138           550                forward_return_1w
       asset_mgr                                    asset manager net/OI pct vs forward 2w price return               asset_mgr_net_oi_pct    -0.1664           549                forward_return_2w
       asset_mgr                                 asset manager net contracts vs forward 2w price return                      asset_mgr_net    -0.1446           549                forward_return_2w
       asset_mgr                                    asset manager net/OI pct vs forward 3w price return               asset_mgr_net_oi_pct    -0.2131           548                forward_return_3w
       asset_mgr                                 asset manager net contracts vs forward 3w price return                      asset_mgr_net    -0.1902           548                forward_return_3w
       asset_mgr                                    asset manager net/OI pct vs forward 4w price return               asset_mgr_net_oi_pct    -0.2338           547                forward_return_4w
       asset_mgr                                 asset manager net contracts vs forward 4w price return                      asset_mgr_net    -0.2119           547                forward_return_4w
       asset_mgr                                   asset manager net/OI pct vs forward 13w price return               asset_mgr_net_oi_pct    -0.2713           538               forward_return_13w
       asset_mgr                                asset manager net contracts vs forward 13w price return                      asset_mgr_net    -0.2555           538               forward_return_13w
       asset_mgr                                   asset manager net/OI pct vs forward 26w price return               asset_mgr_net_oi_pct    -0.3366           525               forward_return_26w
       asset_mgr                                asset manager net contracts vs forward 26w price return                      asset_mgr_net    -0.3155           525               forward_return_26w
       asset_mgr                                   asset manager net/OI pct vs forward 52w price return               asset_mgr_net_oi_pct    -0.3839           499               forward_return_52w
       asset_mgr                                asset manager net contracts vs forward 52w price return                      asset_mgr_net    -0.3379           499               forward_return_52w
          dealer                 weekly change in dealer/intermediary net/OI pct vs weekly price return           dealer_net_oi_pct_change    -0.0141           550                              NaN
          dealer            weekly change in dealer/intermediary net/OI pct vs next monday close return           dealer_net_oi_pct_change    -0.0212           549          next_week_monday_return
          dealer       weekly change in dealer/intermediary net/OI pct vs next monday single-day return           dealer_net_oi_pct_change    -0.0212           549    next_week_monday_daily_return
          dealer           weekly change in dealer/intermediary net/OI pct vs next tuesday close return           dealer_net_oi_pct_change     0.0083           549         next_week_tuesday_return
          dealer      weekly change in dealer/intermediary net/OI pct vs next tuesday single-day return           dealer_net_oi_pct_change     0.0379           549   next_week_tuesday_daily_return
          dealer         weekly change in dealer/intermediary net/OI pct vs next wednesday close return           dealer_net_oi_pct_change    -0.0282           549       next_week_wednesday_return
          dealer    weekly change in dealer/intermediary net/OI pct vs next wednesday single-day return           dealer_net_oi_pct_change    -0.0455           549 next_week_wednesday_daily_return
          dealer          weekly change in dealer/intermediary net/OI pct vs next thursday close return           dealer_net_oi_pct_change    -0.0474           549        next_week_thursday_return
          dealer     weekly change in dealer/intermediary net/OI pct vs next thursday single-day return           dealer_net_oi_pct_change    -0.0408           549  next_week_thursday_daily_return
          dealer            weekly change in dealer/intermediary net/OI pct vs next friday close return           dealer_net_oi_pct_change    -0.0310           549          next_week_friday_return
          dealer       weekly change in dealer/intermediary net/OI pct vs next friday single-day return           dealer_net_oi_pct_change     0.0143           549    next_week_friday_daily_return
          dealer              weekly change in dealer/intermediary net contracts vs weekly price return                  dealer_net_change    -0.0796           550                              NaN
          dealer         weekly change in dealer/intermediary net contracts vs next monday close return                  dealer_net_change    -0.0347           549          next_week_monday_return
          dealer    weekly change in dealer/intermediary net contracts vs next monday single-day return                  dealer_net_change    -0.0347           549    next_week_monday_daily_return
          dealer        weekly change in dealer/intermediary net contracts vs next tuesday close return                  dealer_net_change     0.0074           549         next_week_tuesday_return
          dealer   weekly change in dealer/intermediary net contracts vs next tuesday single-day return                  dealer_net_change     0.0616           549   next_week_tuesday_daily_return
          dealer      weekly change in dealer/intermediary net contracts vs next wednesday close return                  dealer_net_change    -0.0089           549       next_week_wednesday_return
          dealer weekly change in dealer/intermediary net contracts vs next wednesday single-day return                  dealer_net_change    -0.0107           549 next_week_wednesday_daily_return
          dealer       weekly change in dealer/intermediary net contracts vs next thursday close return                  dealer_net_change    -0.0292           549        next_week_thursday_return
          dealer  weekly change in dealer/intermediary net contracts vs next thursday single-day return                  dealer_net_change    -0.0257           549  next_week_thursday_daily_return
          dealer         weekly change in dealer/intermediary net contracts vs next friday close return                  dealer_net_change    -0.0176           549          next_week_friday_return
          dealer    weekly change in dealer/intermediary net contracts vs next friday single-day return                  dealer_net_change    -0.0042           549    next_week_friday_daily_return
          dealer                             dealer/intermediary net/OI pct vs next monday close return                  dealer_net_oi_pct     0.0571           550          next_week_monday_return
          dealer                          dealer/intermediary net contracts vs next monday close return                         dealer_net     0.0613           550          next_week_monday_return
          dealer                           dealer/intermediary short/OI pct vs next monday close return                dealer_short_oi_pct    -0.0823           550          next_week_monday_return
          dealer                        dealer/intermediary net/OI pct vs next monday single-day return                  dealer_net_oi_pct     0.0571           550    next_week_monday_daily_return
          dealer                     dealer/intermediary net contracts vs next monday single-day return                         dealer_net     0.0613           550    next_week_monday_daily_return
          dealer                      dealer/intermediary short/OI pct vs next monday single-day return                dealer_short_oi_pct    -0.0823           550    next_week_monday_daily_return
          dealer                            dealer/intermediary net/OI pct vs next tuesday close return                  dealer_net_oi_pct     0.0829           550         next_week_tuesday_return
          dealer                         dealer/intermediary net contracts vs next tuesday close return                         dealer_net     0.0901           550         next_week_tuesday_return
          dealer                          dealer/intermediary short/OI pct vs next tuesday close return                dealer_short_oi_pct    -0.0965           550         next_week_tuesday_return
          dealer                       dealer/intermediary net/OI pct vs next tuesday single-day return                  dealer_net_oi_pct     0.0507           550   next_week_tuesday_daily_return
          dealer                    dealer/intermediary net contracts vs next tuesday single-day return                         dealer_net     0.0580           550   next_week_tuesday_daily_return
          dealer                     dealer/intermediary short/OI pct vs next tuesday single-day return                dealer_short_oi_pct    -0.0245           550   next_week_tuesday_daily_return
          dealer                          dealer/intermediary net/OI pct vs next wednesday close return                  dealer_net_oi_pct     0.0969           550       next_week_wednesday_return
          dealer                       dealer/intermediary net contracts vs next wednesday close return                         dealer_net     0.1160           550       next_week_wednesday_return
          dealer                        dealer/intermediary short/OI pct vs next wednesday close return                dealer_short_oi_pct    -0.0980           550       next_week_wednesday_return
          dealer                     dealer/intermediary net/OI pct vs next wednesday single-day return                  dealer_net_oi_pct     0.0338           550 next_week_wednesday_daily_return
          dealer                  dealer/intermediary net contracts vs next wednesday single-day return                         dealer_net     0.0582           550 next_week_wednesday_daily_return
          dealer                   dealer/intermediary short/OI pct vs next wednesday single-day return                dealer_short_oi_pct    -0.0183           550 next_week_wednesday_daily_return
          dealer                           dealer/intermediary net/OI pct vs next thursday close return                  dealer_net_oi_pct     0.0902           550        next_week_thursday_return
          dealer                        dealer/intermediary net contracts vs next thursday close return                         dealer_net     0.1065           550        next_week_thursday_return
          dealer                         dealer/intermediary short/OI pct vs next thursday close return                dealer_short_oi_pct    -0.0997           550        next_week_thursday_return
          dealer                      dealer/intermediary net/OI pct vs next thursday single-day return                  dealer_net_oi_pct     0.0275           550  next_week_thursday_daily_return
          dealer                   dealer/intermediary net contracts vs next thursday single-day return                         dealer_net     0.0249           550  next_week_thursday_daily_return
          dealer                    dealer/intermediary short/OI pct vs next thursday single-day return                dealer_short_oi_pct    -0.0503           550  next_week_thursday_daily_return
          dealer                             dealer/intermediary net/OI pct vs next friday close return                  dealer_net_oi_pct     0.1040           550          next_week_friday_return
          dealer                          dealer/intermediary net contracts vs next friday close return                         dealer_net     0.1132           550          next_week_friday_return
          dealer                           dealer/intermediary short/OI pct vs next friday close return                dealer_short_oi_pct    -0.1149           550          next_week_friday_return
          dealer                        dealer/intermediary net/OI pct vs next friday single-day return                  dealer_net_oi_pct     0.0624           550    next_week_friday_daily_return
          dealer                     dealer/intermediary net contracts vs next friday single-day return                         dealer_net     0.0489           550    next_week_friday_daily_return
          dealer                      dealer/intermediary short/OI pct vs next friday single-day return                dealer_short_oi_pct    -0.0461           550    next_week_friday_daily_return
          dealer                              dealer/intermediary net/OI pct vs forward 1w price return                  dealer_net_oi_pct     0.0752           550                forward_return_1w
          dealer                           dealer/intermediary net contracts vs forward 1w price return                         dealer_net     0.0828           550                forward_return_1w
          dealer                              dealer/intermediary net/OI pct vs forward 2w price return                  dealer_net_oi_pct     0.1030           549                forward_return_2w
          dealer                           dealer/intermediary net contracts vs forward 2w price return                         dealer_net     0.1155           549                forward_return_2w
          dealer                              dealer/intermediary net/OI pct vs forward 3w price return                  dealer_net_oi_pct     0.1509           548                forward_return_3w
          dealer                           dealer/intermediary net contracts vs forward 3w price return                         dealer_net     0.1600           548                forward_return_3w
          dealer                              dealer/intermediary net/OI pct vs forward 4w price return                  dealer_net_oi_pct     0.1782           547                forward_return_4w
          dealer                           dealer/intermediary net contracts vs forward 4w price return                         dealer_net     0.1818           547                forward_return_4w
          dealer                             dealer/intermediary net/OI pct vs forward 13w price return                  dealer_net_oi_pct     0.2539           538               forward_return_13w
          dealer                          dealer/intermediary net contracts vs forward 13w price return                         dealer_net     0.2664           538               forward_return_13w
          dealer                             dealer/intermediary net/OI pct vs forward 26w price return                  dealer_net_oi_pct     0.3141           525               forward_return_26w
          dealer                          dealer/intermediary net contracts vs forward 26w price return                         dealer_net     0.3284           525               forward_return_26w
          dealer                             dealer/intermediary net/OI pct vs forward 52w price return                  dealer_net_oi_pct     0.3363           499               forward_return_52w
          dealer                          dealer/intermediary net contracts vs forward 52w price return                         dealer_net     0.3635           499               forward_return_52w
       lev_money                     weekly change in leveraged funds net/OI pct vs weekly price return        lev_money_net_oi_pct_change    -0.2610           550                              NaN
       lev_money                weekly change in leveraged funds net/OI pct vs next monday close return        lev_money_net_oi_pct_change     0.0471           549          next_week_monday_return
       lev_money           weekly change in leveraged funds net/OI pct vs next monday single-day return        lev_money_net_oi_pct_change     0.0471           549    next_week_monday_daily_return
       lev_money               weekly change in leveraged funds net/OI pct vs next tuesday close return        lev_money_net_oi_pct_change     0.0560           549         next_week_tuesday_return
       lev_money          weekly change in leveraged funds net/OI pct vs next tuesday single-day return        lev_money_net_oi_pct_change     0.0286           549   next_week_tuesday_daily_return
       lev_money             weekly change in leveraged funds net/OI pct vs next wednesday close return        lev_money_net_oi_pct_change     0.0922           549       next_week_wednesday_return
       lev_money        weekly change in leveraged funds net/OI pct vs next wednesday single-day return        lev_money_net_oi_pct_change     0.0784           549 next_week_wednesday_daily_return
       lev_money              weekly change in leveraged funds net/OI pct vs next thursday close return        lev_money_net_oi_pct_change     0.0681           549        next_week_thursday_return
       lev_money         weekly change in leveraged funds net/OI pct vs next thursday single-day return        lev_money_net_oi_pct_change    -0.0305           549  next_week_thursday_daily_return
       lev_money                weekly change in leveraged funds net/OI pct vs next friday close return        lev_money_net_oi_pct_change     0.0454           549          next_week_friday_return
       lev_money           weekly change in leveraged funds net/OI pct vs next friday single-day return        lev_money_net_oi_pct_change    -0.0295           549    next_week_friday_daily_return
       lev_money                  weekly change in leveraged funds net contracts vs weekly price return               lev_money_net_change    -0.1984           550                              NaN
       lev_money             weekly change in leveraged funds net contracts vs next monday close return               lev_money_net_change     0.0196           549          next_week_monday_return
       lev_money        weekly change in leveraged funds net contracts vs next monday single-day return               lev_money_net_change     0.0196           549    next_week_monday_daily_return
       lev_money            weekly change in leveraged funds net contracts vs next tuesday close return               lev_money_net_change     0.0122           549         next_week_tuesday_return
       lev_money       weekly change in leveraged funds net contracts vs next tuesday single-day return               lev_money_net_change    -0.0025           549   next_week_tuesday_daily_return
       lev_money          weekly change in leveraged funds net contracts vs next wednesday close return               lev_money_net_change     0.0406           549       next_week_wednesday_return
       lev_money     weekly change in leveraged funds net contracts vs next wednesday single-day return               lev_money_net_change     0.0561           549 next_week_wednesday_daily_return
       lev_money           weekly change in leveraged funds net contracts vs next thursday close return               lev_money_net_change     0.0180           549        next_week_thursday_return
       lev_money      weekly change in leveraged funds net contracts vs next thursday single-day return               lev_money_net_change    -0.0534           549  next_week_thursday_daily_return
       lev_money             weekly change in leveraged funds net contracts vs next friday close return               lev_money_net_change     0.0054           549          next_week_friday_return
       lev_money        weekly change in leveraged funds net contracts vs next friday single-day return               lev_money_net_change    -0.0075           549    next_week_friday_daily_return
       lev_money                                 leveraged funds net/OI pct vs next monday close return               lev_money_net_oi_pct     0.0452           550          next_week_monday_return
       lev_money                              leveraged funds net contracts vs next monday close return                      lev_money_net     0.0036           550          next_week_monday_return
       lev_money                               leveraged funds short/OI pct vs next monday close return             lev_money_short_oi_pct    -0.0398           550          next_week_monday_return
       lev_money                            leveraged funds net/OI pct vs next monday single-day return               lev_money_net_oi_pct     0.0452           550    next_week_monday_daily_return
       lev_money                         leveraged funds net contracts vs next monday single-day return                      lev_money_net     0.0036           550    next_week_monday_daily_return
       lev_money                          leveraged funds short/OI pct vs next monday single-day return             lev_money_short_oi_pct    -0.0398           550    next_week_monday_daily_return
       lev_money                                leveraged funds net/OI pct vs next tuesday close return               lev_money_net_oi_pct     0.0431           550         next_week_tuesday_return
       lev_money                             leveraged funds net contracts vs next tuesday close return                      lev_money_net    -0.0073           550         next_week_tuesday_return
       lev_money                              leveraged funds short/OI pct vs next tuesday close return             lev_money_short_oi_pct    -0.0459           550         next_week_tuesday_return
       lev_money                           leveraged funds net/OI pct vs next tuesday single-day return               lev_money_net_oi_pct    -0.0005           550   next_week_tuesday_daily_return
       lev_money                        leveraged funds net contracts vs next tuesday single-day return                      lev_money_net    -0.0203           550   next_week_tuesday_daily_return
       lev_money                         leveraged funds short/OI pct vs next tuesday single-day return             lev_money_short_oi_pct    -0.0194           550   next_week_tuesday_daily_return
       lev_money                              leveraged funds net/OI pct vs next wednesday close return               lev_money_net_oi_pct     0.0535           550       next_week_wednesday_return
       lev_money                           leveraged funds net contracts vs next wednesday close return                      lev_money_net    -0.0170           550       next_week_wednesday_return
       lev_money                            leveraged funds short/OI pct vs next wednesday close return             lev_money_short_oi_pct    -0.0434           550       next_week_wednesday_return
       lev_money                         leveraged funds net/OI pct vs next wednesday single-day return               lev_money_net_oi_pct     0.0399           550 next_week_wednesday_daily_return
       lev_money                      leveraged funds net contracts vs next wednesday single-day return                      lev_money_net    -0.0068           550 next_week_wednesday_daily_return
       lev_money                       leveraged funds short/OI pct vs next wednesday single-day return             lev_money_short_oi_pct    -0.0133           550 next_week_wednesday_daily_return
       lev_money                               leveraged funds net/OI pct vs next thursday close return               lev_money_net_oi_pct     0.0478           550        next_week_thursday_return
       lev_money                            leveraged funds net contracts vs next thursday close return                      lev_money_net    -0.0182           550        next_week_thursday_return
       lev_money                             leveraged funds short/OI pct vs next thursday close return             lev_money_short_oi_pct    -0.0283           550        next_week_thursday_return
       lev_money                          leveraged funds net/OI pct vs next thursday single-day return               lev_money_net_oi_pct    -0.0075           550  next_week_thursday_daily_return
       lev_money                       leveraged funds net contracts vs next thursday single-day return                      lev_money_net    -0.0176           550  next_week_thursday_daily_return
       lev_money                        leveraged funds short/OI pct vs next thursday single-day return             lev_money_short_oi_pct     0.0271           550  next_week_thursday_daily_return
       lev_money                                 leveraged funds net/OI pct vs next friday close return               lev_money_net_oi_pct     0.0474           550          next_week_friday_return
       lev_money                              leveraged funds net contracts vs next friday close return                      lev_money_net    -0.0112           550          next_week_friday_return
       lev_money                               leveraged funds short/OI pct vs next friday close return             lev_money_short_oi_pct    -0.0417           550          next_week_friday_return
       lev_money                            leveraged funds net/OI pct vs next friday single-day return               lev_money_net_oi_pct    -0.0021           550    next_week_friday_daily_return
       lev_money                         leveraged funds net contracts vs next friday single-day return                      lev_money_net    -0.0020           550    next_week_friday_daily_return
       lev_money                          leveraged funds short/OI pct vs next friday single-day return             lev_money_short_oi_pct    -0.0221           550    next_week_friday_daily_return
       lev_money                                  leveraged funds net/OI pct vs forward 1w price return               lev_money_net_oi_pct     0.0457           550                forward_return_1w
       lev_money                               leveraged funds net contracts vs forward 1w price return                      lev_money_net    -0.0048           550                forward_return_1w
       lev_money                                  leveraged funds net/OI pct vs forward 2w price return               lev_money_net_oi_pct     0.0486           549                forward_return_2w
       lev_money                               leveraged funds net contracts vs forward 2w price return                      lev_money_net    -0.0111           549                forward_return_2w
       lev_money                                  leveraged funds net/OI pct vs forward 3w price return               lev_money_net_oi_pct     0.0452           548                forward_return_3w
       lev_money                               leveraged funds net contracts vs forward 3w price return                      lev_money_net    -0.0217           548                forward_return_3w
       lev_money                                  leveraged funds net/OI pct vs forward 4w price return               lev_money_net_oi_pct     0.0408           547                forward_return_4w
       lev_money                               leveraged funds net contracts vs forward 4w price return                      lev_money_net    -0.0259           547                forward_return_4w
       lev_money                                 leveraged funds net/OI pct vs forward 13w price return               lev_money_net_oi_pct     0.0120           538               forward_return_13w
       lev_money                              leveraged funds net contracts vs forward 13w price return                      lev_money_net    -0.0699           538               forward_return_13w
       lev_money                                 leveraged funds net/OI pct vs forward 26w price return               lev_money_net_oi_pct     0.0126           525               forward_return_26w
       lev_money                              leveraged funds net contracts vs forward 26w price return                      lev_money_net    -0.0904           525               forward_return_26w
       lev_money                                 leveraged funds net/OI pct vs forward 52w price return               lev_money_net_oi_pct     0.0068           499               forward_return_52w
       lev_money                              leveraged funds net contracts vs forward 52w price return                      lev_money_net    -0.1279           499               forward_return_52w
  non_reportable                      weekly change in non-reportable net/OI pct vs weekly price return   non_reportable_net_oi_pct_change    -0.1042           550                              NaN
  non_reportable                 weekly change in non-reportable net/OI pct vs next monday close return   non_reportable_net_oi_pct_change     0.0387           549          next_week_monday_return
  non_reportable            weekly change in non-reportable net/OI pct vs next monday single-day return   non_reportable_net_oi_pct_change     0.0387           549    next_week_monday_daily_return
  non_reportable                weekly change in non-reportable net/OI pct vs next tuesday close return   non_reportable_net_oi_pct_change     0.0271           549         next_week_tuesday_return
  non_reportable           weekly change in non-reportable net/OI pct vs next tuesday single-day return   non_reportable_net_oi_pct_change    -0.0118           549   next_week_tuesday_daily_return
  non_reportable              weekly change in non-reportable net/OI pct vs next wednesday close return   non_reportable_net_oi_pct_change     0.0353           549       next_week_wednesday_return
  non_reportable         weekly change in non-reportable net/OI pct vs next wednesday single-day return   non_reportable_net_oi_pct_change     0.0200           549 next_week_wednesday_daily_return
  non_reportable               weekly change in non-reportable net/OI pct vs next thursday close return   non_reportable_net_oi_pct_change     0.0547           549        next_week_thursday_return
  non_reportable          weekly change in non-reportable net/OI pct vs next thursday single-day return   non_reportable_net_oi_pct_change     0.0671           549  next_week_thursday_daily_return
  non_reportable                 weekly change in non-reportable net/OI pct vs next friday close return   non_reportable_net_oi_pct_change     0.0640           549          next_week_friday_return
  non_reportable            weekly change in non-reportable net/OI pct vs next friday single-day return   non_reportable_net_oi_pct_change    -0.0006           549    next_week_friday_daily_return
  non_reportable                   weekly change in non-reportable net contracts vs weekly price return          non_reportable_net_change    -0.1485           550                              NaN
  non_reportable              weekly change in non-reportable net contracts vs next monday close return          non_reportable_net_change     0.0353           549          next_week_monday_return
  non_reportable         weekly change in non-reportable net contracts vs next monday single-day return          non_reportable_net_change     0.0353           549    next_week_monday_daily_return
  non_reportable             weekly change in non-reportable net contracts vs next tuesday close return          non_reportable_net_change     0.0279           549         next_week_tuesday_return
  non_reportable        weekly change in non-reportable net contracts vs next tuesday single-day return          non_reportable_net_change    -0.0008           549   next_week_tuesday_daily_return
  non_reportable           weekly change in non-reportable net contracts vs next wednesday close return          non_reportable_net_change     0.0390           549       next_week_wednesday_return
  non_reportable      weekly change in non-reportable net contracts vs next wednesday single-day return          non_reportable_net_change     0.0339           549 next_week_wednesday_daily_return
  non_reportable            weekly change in non-reportable net contracts vs next thursday close return          non_reportable_net_change     0.0543           549        next_week_thursday_return
  non_reportable       weekly change in non-reportable net contracts vs next thursday single-day return          non_reportable_net_change     0.0547           549  next_week_thursday_daily_return
  non_reportable              weekly change in non-reportable net contracts vs next friday close return          non_reportable_net_change     0.0539           549          next_week_friday_return
  non_reportable         weekly change in non-reportable net contracts vs next friday single-day return          non_reportable_net_change    -0.0183           549    next_week_friday_daily_return
  non_reportable                                  non-reportable net/OI pct vs next monday close return          non_reportable_net_oi_pct     0.0395           550          next_week_monday_return
  non_reportable                               non-reportable net contracts vs next monday close return                 non_reportable_net     0.0274           550          next_week_monday_return
  non_reportable                                non-reportable short/OI pct vs next monday close return        non_reportable_short_oi_pct    -0.0892           550          next_week_monday_return
  non_reportable                             non-reportable net/OI pct vs next monday single-day return          non_reportable_net_oi_pct     0.0395           550    next_week_monday_daily_return
  non_reportable                          non-reportable net contracts vs next monday single-day return                 non_reportable_net     0.0274           550    next_week_monday_daily_return
  non_reportable                           non-reportable short/OI pct vs next monday single-day return        non_reportable_short_oi_pct    -0.0892           550    next_week_monday_daily_return
  non_reportable                                 non-reportable net/OI pct vs next tuesday close return          non_reportable_net_oi_pct     0.0373           550         next_week_tuesday_return
  non_reportable                              non-reportable net contracts vs next tuesday close return                 non_reportable_net     0.0278           550         next_week_tuesday_return
  non_reportable                               non-reportable short/OI pct vs next tuesday close return        non_reportable_short_oi_pct    -0.1049           550         next_week_tuesday_return
  non_reportable                            non-reportable net/OI pct vs next tuesday single-day return          non_reportable_net_oi_pct    -0.0109           550   next_week_tuesday_daily_return
  non_reportable                         non-reportable net contracts vs next tuesday single-day return                 non_reportable_net    -0.0049           550   next_week_tuesday_daily_return
  non_reportable                          non-reportable short/OI pct vs next tuesday single-day return        non_reportable_short_oi_pct    -0.0422           550   next_week_tuesday_daily_return
  non_reportable                               non-reportable net/OI pct vs next wednesday close return          non_reportable_net_oi_pct     0.0393           550       next_week_wednesday_return
  non_reportable                            non-reportable net contracts vs next wednesday close return                 non_reportable_net     0.0303           550       next_week_wednesday_return
  non_reportable                             non-reportable short/OI pct vs next wednesday close return        non_reportable_short_oi_pct    -0.1145           550       next_week_wednesday_return
  non_reportable                          non-reportable net/OI pct vs next wednesday single-day return          non_reportable_net_oi_pct     0.0374           550 next_week_wednesday_daily_return
  non_reportable                       non-reportable net contracts vs next wednesday single-day return                 non_reportable_net     0.0417           550 next_week_wednesday_daily_return
  non_reportable                        non-reportable short/OI pct vs next wednesday single-day return        non_reportable_short_oi_pct    -0.0382           550 next_week_wednesday_daily_return
  non_reportable                                non-reportable net/OI pct vs next thursday close return          non_reportable_net_oi_pct     0.0551           550        next_week_thursday_return
  non_reportable                             non-reportable net contracts vs next thursday close return                 non_reportable_net     0.0532           550        next_week_thursday_return
  non_reportable                              non-reportable short/OI pct vs next thursday close return        non_reportable_short_oi_pct    -0.1258           550        next_week_thursday_return
  non_reportable                           non-reportable net/OI pct vs next thursday single-day return          non_reportable_net_oi_pct     0.0391           550  next_week_thursday_daily_return
  non_reportable                        non-reportable net contracts vs next thursday single-day return                 non_reportable_net     0.0559           550  next_week_thursday_daily_return
  non_reportable                         non-reportable short/OI pct vs next thursday single-day return        non_reportable_short_oi_pct    -0.0636           550  next_week_thursday_daily_return
  non_reportable                                  non-reportable net/OI pct vs next friday close return          non_reportable_net_oi_pct     0.0631           550          next_week_friday_return
  non_reportable                               non-reportable net contracts vs next friday close return                 non_reportable_net     0.0530           550          next_week_friday_return
  non_reportable                                non-reportable short/OI pct vs next friday close return        non_reportable_short_oi_pct    -0.1321           550          next_week_friday_return
  non_reportable                             non-reportable net/OI pct vs next friday single-day return          non_reportable_net_oi_pct     0.0263           550    next_week_friday_daily_return
  non_reportable                          non-reportable net contracts vs next friday single-day return                 non_reportable_net     0.0051           550    next_week_friday_daily_return
  non_reportable                           non-reportable short/OI pct vs next friday single-day return        non_reportable_short_oi_pct    -0.0418           550    next_week_friday_daily_return
  non_reportable                                   non-reportable net/OI pct vs forward 1w price return          non_reportable_net_oi_pct     0.0398           550                forward_return_1w
  non_reportable                                non-reportable net contracts vs forward 1w price return                 non_reportable_net     0.0304           550                forward_return_1w
  non_reportable                                   non-reportable net/OI pct vs forward 2w price return          non_reportable_net_oi_pct     0.0328           549                forward_return_2w
  non_reportable                                non-reportable net contracts vs forward 2w price return                 non_reportable_net     0.0139           549                forward_return_2w
  non_reportable                                   non-reportable net/OI pct vs forward 3w price return          non_reportable_net_oi_pct     0.0174           548                forward_return_3w
  non_reportable                                non-reportable net contracts vs forward 3w price return                 non_reportable_net    -0.0040           548                forward_return_3w
  non_reportable                                   non-reportable net/OI pct vs forward 4w price return          non_reportable_net_oi_pct    -0.0206           547                forward_return_4w
  non_reportable                                non-reportable net contracts vs forward 4w price return                 non_reportable_net    -0.0420           547                forward_return_4w
  non_reportable                                  non-reportable net/OI pct vs forward 13w price return          non_reportable_net_oi_pct    -0.0824           538               forward_return_13w
  non_reportable                               non-reportable net contracts vs forward 13w price return                 non_reportable_net    -0.1380           538               forward_return_13w
  non_reportable                                  non-reportable net/OI pct vs forward 26w price return          non_reportable_net_oi_pct    -0.0763           525               forward_return_26w
  non_reportable                               non-reportable net contracts vs forward 26w price return                 non_reportable_net    -0.1268           525               forward_return_26w
  non_reportable                                  non-reportable net/OI pct vs forward 52w price return          non_reportable_net_oi_pct     0.0636           499               forward_return_52w
  non_reportable                               non-reportable net contracts vs forward 52w price return                 non_reportable_net    -0.0230           499               forward_return_52w
other_reportable                   weekly change in other reportables net/OI pct vs weekly price return other_reportable_net_oi_pct_change    -0.1326           550                              NaN
other_reportable              weekly change in other reportables net/OI pct vs next monday close return other_reportable_net_oi_pct_change     0.0140           549          next_week_monday_return
other_reportable         weekly change in other reportables net/OI pct vs next monday single-day return other_reportable_net_oi_pct_change     0.0140           549    next_week_monday_daily_return
other_reportable             weekly change in other reportables net/OI pct vs next tuesday close return other_reportable_net_oi_pct_change     0.0377           549         next_week_tuesday_return
other_reportable        weekly change in other reportables net/OI pct vs next tuesday single-day return other_reportable_net_oi_pct_change     0.0695           549   next_week_tuesday_daily_return
other_reportable           weekly change in other reportables net/OI pct vs next wednesday close return other_reportable_net_oi_pct_change    -0.0025           549       next_week_wednesday_return
other_reportable      weekly change in other reportables net/OI pct vs next wednesday single-day return other_reportable_net_oi_pct_change    -0.0672           549 next_week_wednesday_daily_return
other_reportable            weekly change in other reportables net/OI pct vs next thursday close return other_reportable_net_oi_pct_change     0.0109           549        next_week_thursday_return
other_reportable       weekly change in other reportables net/OI pct vs next thursday single-day return other_reportable_net_oi_pct_change     0.0268           549  next_week_thursday_daily_return
other_reportable              weekly change in other reportables net/OI pct vs next friday close return other_reportable_net_oi_pct_change    -0.0058           549          next_week_friday_return
other_reportable         weekly change in other reportables net/OI pct vs next friday single-day return other_reportable_net_oi_pct_change    -0.0262           549    next_week_friday_daily_return
other_reportable                weekly change in other reportables net contracts vs weekly price return        other_reportable_net_change    -0.1291           550                              NaN
other_reportable           weekly change in other reportables net contracts vs next monday close return        other_reportable_net_change     0.0479           549          next_week_monday_return
other_reportable      weekly change in other reportables net contracts vs next monday single-day return        other_reportable_net_change     0.0479           549    next_week_monday_daily_return
other_reportable          weekly change in other reportables net contracts vs next tuesday close return        other_reportable_net_change     0.0624           549         next_week_tuesday_return
other_reportable     weekly change in other reportables net contracts vs next tuesday single-day return        other_reportable_net_change     0.0545           549   next_week_tuesday_daily_return
other_reportable        weekly change in other reportables net contracts vs next wednesday close return        other_reportable_net_change     0.0246           549       next_week_wednesday_return
other_reportable   weekly change in other reportables net contracts vs next wednesday single-day return        other_reportable_net_change    -0.0571           549 next_week_wednesday_daily_return
other_reportable         weekly change in other reportables net contracts vs next thursday close return        other_reportable_net_change     0.0359           549        next_week_thursday_return
other_reportable    weekly change in other reportables net contracts vs next thursday single-day return        other_reportable_net_change     0.0312           549  next_week_thursday_daily_return
other_reportable           weekly change in other reportables net contracts vs next friday close return        other_reportable_net_change     0.0248           549          next_week_friday_return
other_reportable      weekly change in other reportables net contracts vs next friday single-day return        other_reportable_net_change    -0.0071           549    next_week_friday_daily_return
other_reportable                               other reportables net/OI pct vs next monday close return        other_reportable_net_oi_pct     0.0673           550          next_week_monday_return
other_reportable                            other reportables net contracts vs next monday close return               other_reportable_net     0.0996           550          next_week_monday_return
other_reportable                             other reportables short/OI pct vs next monday close return      other_reportable_short_oi_pct    -0.0514           550          next_week_monday_return
other_reportable                          other reportables net/OI pct vs next monday single-day return        other_reportable_net_oi_pct     0.0673           550    next_week_monday_daily_return
other_reportable                       other reportables net contracts vs next monday single-day return               other_reportable_net     0.0996           550    next_week_monday_daily_return
other_reportable                        other reportables short/OI pct vs next monday single-day return      other_reportable_short_oi_pct    -0.0514           550    next_week_monday_daily_return
other_reportable                              other reportables net/OI pct vs next tuesday close return        other_reportable_net_oi_pct     0.0525           550         next_week_tuesday_return
other_reportable                           other reportables net contracts vs next tuesday close return               other_reportable_net     0.0787           550         next_week_tuesday_return
other_reportable                            other reportables short/OI pct vs next tuesday close return      other_reportable_short_oi_pct    -0.0637           550         next_week_tuesday_return
other_reportable                         other reportables net/OI pct vs next tuesday single-day return        other_reportable_net_oi_pct    -0.0134           550   next_week_tuesday_daily_return
other_reportable                      other reportables net contracts vs next tuesday single-day return               other_reportable_net    -0.0199           550   next_week_tuesday_daily_return
other_reportable                       other reportables short/OI pct vs next tuesday single-day return      other_reportable_short_oi_pct    -0.0501           550   next_week_tuesday_daily_return
other_reportable                            other reportables net/OI pct vs next wednesday close return        other_reportable_net_oi_pct     0.0771           550       next_week_wednesday_return
other_reportable                         other reportables net contracts vs next wednesday close return               other_reportable_net     0.1058           550       next_week_wednesday_return
other_reportable                          other reportables short/OI pct vs next wednesday close return      other_reportable_short_oi_pct    -0.0980           550       next_week_wednesday_return
other_reportable                       other reportables net/OI pct vs next wednesday single-day return        other_reportable_net_oi_pct     0.0647           550 next_week_wednesday_daily_return
other_reportable                    other reportables net contracts vs next wednesday single-day return               other_reportable_net     0.0697           550 next_week_wednesday_daily_return
other_reportable                     other reportables short/OI pct vs next wednesday single-day return      other_reportable_short_oi_pct    -0.0691           550 next_week_wednesday_daily_return
other_reportable                             other reportables net/OI pct vs next thursday close return        other_reportable_net_oi_pct     0.0639           550        next_week_thursday_return
other_reportable                          other reportables net contracts vs next thursday close return               other_reportable_net     0.0965           550        next_week_thursday_return
other_reportable                           other reportables short/OI pct vs next thursday close return      other_reportable_short_oi_pct    -0.0789           550        next_week_thursday_return
other_reportable                        other reportables net/OI pct vs next thursday single-day return        other_reportable_net_oi_pct    -0.0030           550  next_week_thursday_daily_return
other_reportable                     other reportables net contracts vs next thursday single-day return               other_reportable_net     0.0121           550  next_week_thursday_daily_return
other_reportable                      other reportables short/OI pct vs next thursday single-day return      other_reportable_short_oi_pct     0.0107           550  next_week_thursday_daily_return
other_reportable                               other reportables net/OI pct vs next friday close return        other_reportable_net_oi_pct     0.0471           550          next_week_friday_return
other_reportable                            other reportables net contracts vs next friday close return               other_reportable_net     0.0712           550          next_week_friday_return
other_reportable                             other reportables short/OI pct vs next friday close return      other_reportable_short_oi_pct    -0.0939           550          next_week_friday_return
other_reportable                          other reportables net/OI pct vs next friday single-day return        other_reportable_net_oi_pct    -0.0366           550    next_week_friday_daily_return
other_reportable                       other reportables net contracts vs next friday single-day return               other_reportable_net    -0.0476           550    next_week_friday_daily_return
other_reportable                        other reportables short/OI pct vs next friday single-day return      other_reportable_short_oi_pct    -0.0519           550    next_week_friday_daily_return
other_reportable                                other reportables net/OI pct vs forward 1w price return        other_reportable_net_oi_pct     0.0547           550                forward_return_1w
other_reportable                             other reportables net contracts vs forward 1w price return               other_reportable_net     0.0812           550                forward_return_1w
other_reportable                                other reportables net/OI pct vs forward 2w price return        other_reportable_net_oi_pct     0.0558           549                forward_return_2w
other_reportable                             other reportables net contracts vs forward 2w price return               other_reportable_net     0.0861           549                forward_return_2w
other_reportable                                other reportables net/OI pct vs forward 3w price return        other_reportable_net_oi_pct     0.0983           548                forward_return_3w
other_reportable                             other reportables net contracts vs forward 3w price return               other_reportable_net     0.1259           548                forward_return_3w
other_reportable                                other reportables net/OI pct vs forward 4w price return        other_reportable_net_oi_pct     0.1252           547                forward_return_4w
other_reportable                             other reportables net contracts vs forward 4w price return               other_reportable_net     0.1555           547                forward_return_4w
other_reportable                               other reportables net/OI pct vs forward 13w price return        other_reportable_net_oi_pct     0.1421           538               forward_return_13w
other_reportable                            other reportables net contracts vs forward 13w price return               other_reportable_net     0.2135           538               forward_return_13w
other_reportable                               other reportables net/OI pct vs forward 26w price return        other_reportable_net_oi_pct     0.1383           525               forward_return_26w
other_reportable                            other reportables net contracts vs forward 26w price return               other_reportable_net     0.2254           525               forward_return_26w
other_reportable                               other reportables net/OI pct vs forward 52w price return        other_reportable_net_oi_pct     0.1903           499               forward_return_52w
other_reportable                            other reportables net contracts vs forward 52w price return               other_reportable_net     0.3060           499               forward_return_52w

Saved:
cot_exact_output\vix_exact_consolidated_overlay_2016_2026.png
cot_exact_output\vix_exact_consolidated_rebased_2016_2026.png
cot_exact_output\vix_exact_consolidated_data_2016_2026.csv
cot_exact_output\vix_exact_consolidated_correlations_2016_2026.csv
cot_exact_output\vix_exact_consolidated_extremes_2016_2026.csv

Saved summary: cot_exact_output\cot_exact_summary_2016_2026.csv
