date,contract,open_interest,noncommercial_long,noncommercial_short,noncommercial_net,noncommercial_net_oi_pct,noncommercial_long_oi_pct,noncommercial_short_oi_pct,noncommercial_spreading,noncommercial_spreading_oi_pct,commercial_long,commercial_short,commercial_net,commercial_net_oi_pct,commercial_long_oi_pct,commercial_short_oi_pct,total_reportable_long,total_reportable_short,total_reportable_net,total_reportable_net_oi_pct,total_reportable_long_oi_pct,total_reportable_short_oi_pct,nonreportable_long,nonreportable_short,nonreportable_net,nonreportable_net_oi_pct,nonreportable_long_oi_pct,nonreportable_short_oi_pct,price,next_week_monday_target,next_week_monday_date,next_week_monday_price,next_week_monday_return,next_week_tuesday_target,next_week_tuesday_date,next_week_tuesday_price,next_week_tuesday_return,next_week_wednesday_target,next_week_wednesday_date,next_week_wednesday_price,next_week_wednesday_return,next_week_thursday_target,next_week_thursday_date,next_week_thursday_price,next_week_thursday_return,next_week_friday_target,next_week_friday_date,next_week_friday_price,next_week_friday_return,next_week_monday_daily_return,next_week_tuesday_daily_return,next_week_wednesday_daily_return,next_week_thursday_daily_return,next_week_friday_daily_return,next_week_mon_fri_return,price_return_1w,noncommercial_net_oi_pct_change,noncommercial_net_change,noncommercial_long_oi_pct_change,noncommercial_short_oi_pct_change,commercial_net_oi_pct_change,commercial_net_change,commercial_long_oi_pct_change,commercial_short_oi_pct_change,total_reportable_net_oi_pct_change,total_reportable_net_change,total_reportable_long_oi_pct_change,total_reportable_short_oi_pct_change,nonreportable_net_oi_pct_change,nonreportable_net_change,nonreportable_long_oi_pct_change,nonreportable_short_oi_pct_change,forward_return_1w,forward_return_2w,forward_return_3w,forward_return_4w,forward_return_13w,forward_return_26w,forward_return_52w,contract_multiplier,contract_unit,contract_notional_usd,noncommercial_long_notional_usd,noncommercial_short_notional_usd,noncommercial_net_notional_usd,noncommercial_net_flow_1w_notional_usd,noncommercial_net_flow_4w_notional_usd,commercial_long_notional_usd,commercial_short_notional_usd,commercial_net_notional_usd,commercial_net_flow_1w_notional_usd,commercial_net_flow_4w_notional_usd,total_reportable_long_notional_usd,total_reportable_short_notional_usd,total_reportable_net_notional_usd,total_reportable_net_flow_1w_notional_usd,total_reportable_net_flow_4w_notional_usd,nonreportable_long_notional_usd,nonreportable_short_notional_usd,nonreportable_net_notional_usd,nonreportable_net_flow_1w_notional_usd,nonreportable_net_flow_4w_notional_usd
2016-01-05,DJIA Consolidated - CHICAGO BOARD OF TRADE,37445,14055,9060,4995,13.339564694885834,37.535051408732805,24.195486713846975,544,1.4527974362398184,16884,22018,-5134,-13.710775804513286,45.090132193884365,58.80090799839765,31482,31621,-139,-0.3712111096274536,84.07531045533449,84.44652156496194,5963,5825,138,0.3685405261049539,15.92468954466551,15.556149018560555,17158.66015625,2016-01-11,2016-01-11,16398.5703125,-0.044297738682885446,2016-01-12,2016-01-12,16516.220703125,-0.03744111995195576,2016-01-13,2016-01-13,16151.41015625,-0.058702135879363015,2016-01-14,2016-01-14,16379.0498046875,-0.045435386240138875,2016-01-15,2016-01-15,15988.080078125,-0.0682209489240696,-0.044297738682885446,0.007174429744971178,-0.022088015983340203,0.014094103625336585,-0.02387011036810016,-0.025032074537747917,,,,,,,,,,,,,,,,,,-0.03744111995195576,-0.06659264852820079,-0.057780134257095495,-0.058578007142439215,0.025914619917921433,0.0397443027698523,0.15870117972953257,5.0,DJIA x $5,85793.30078125,1205824842.4804688,777287305.078125,428537537.40234375,,,1448534090.390625,1888996896.6015625,-440462806.2109375,,,2700944695.1953125,2712869964.0039062,-11925268.80859375,,,511585452.55859375,499745977.05078125,11839475.5078125,,
2016-01-12,DJIA Consolidated - CHICAGO BOARD OF TRADE,33166,10895,6547,4348,13.109811252487487,32.84990653078454,19.74009527829705,1058,3.19001386962552,14832,19849,-5017,-15.126937224868842,44.72049689440994,59.84743411927877,26785,27453,-668,-2.0141108363987215,80.76041729482,82.77452813121872,6381,5713,668,2.0141108363987215,19.239582705180002,17.22547186878128,16516.220703125,2016-01-18,2016-01-19,16016.01953125,-0.03028544973247771,2016-01-19,2016-01-19,16016.01953125,-0.03028544973247771,2016-01-20,2016-01-20,15766.740234375,-0.04537844838851013,2016-01-21,2016-01-21,15882.6796875,-0.03835871577479766,2016-01-22,2016-01-22,16093.509765625,-0.025593684239156422,-0.03028544973247771,0.0,-0.01556437268252664,0.007353419375314196,0.013274213311178729,0.0048382954468682016,-0.03744111995195576,-0.22975344239834605,-647.0,-4.685144877948268,-4.455391435549924,-1.4161614203555555,117.0,-0.36963529947442453,1.0465261208811256,-1.642899726771268,-529.0,-3.3148931605144867,-1.671993433743225,1.6455703102937675,530.0,3.314893160514492,1.6693228502207251,-0.03028544973247771,-0.021130150816461746,-0.02195905895068828,-0.030384724770452398,0.07296035325121308,0.11088791144595667,0.20218357781560625,5.0,DJIA x $5,82581.103515625,899721122.8027344,540658484.7167969,359062638.0859375,-53429973.974609375,,1224842927.34375,1639152323.6816406,-414309396.3378906,9661989.111328125,,2211934857.6660156,2267099034.814453,-55164177.1484375,-43685403.759765625,,526950021.5332031,471785844.3847656,55164177.1484375,43767984.86328125,
2016-01-19,DJIA Consolidated - CHICAGO BOARD OF TRADE,30588,8004,6687,1317,4.305610043154178,26.167124362495098,21.86151431934092,296,0.9676997515365503,15944,17675,-1731,-5.659081992938407,52.12501634627959,57.78409833921799,24244,24657,-413,-1.3502026938668759,79.25984046031124,80.61004315417811,6344,5931,413,1.3502026938668759,20.740159539688765,19.38995684582189,16016.01953125,2016-01-25,2016-01-25,15885.2197265625,-0.008166811012704334,2016-01-26,2016-01-26,16167.23046875,0.009441230837972103,2016-01-27,2016-01-27,15944.4599609375,-0.004467999690739299,2016-01-28,2016-01-28,16069.6396484375,0.0033479053320881746,2016-01-29,2016-01-29,16466.30078125,0.02811442937625186,-0.008166811012704334,0.017753027470934768,-0.01377913850137158,0.007850983213396834,0.024683884734843398,0.036579982190352966,-0.03028544973247771,-8.80420120933331,-3031.0,-6.682782168289439,2.1214190410438682,9.467855231930436,3286.0,7.404519451869646,-2.0633357800607826,0.6639081425318456,255.0,-1.5005768345087631,-2.164484977040601,-0.6639081425318456,-255.0,1.5005768345087631,2.1644849770406083,0.009441230837972103,0.008586434821971523,-0.00010237552684677631,0.011263137176376947,0.1272213782050735,0.1587779179098272,0.2379336509027461,5.0,DJIA x $5,80080.09765625,640961101.640625,535495613.02734375,105465488.61328125,-242722775.99609375,,1276797077.03125,1415415726.0742188,-138618649.04296875,263143200.8984375,,1941461887.578125,1974534967.9101562,-33073080.33203125,20420424.90234375,,508028139.53125,474955059.19921875,33073080.33203125,-20420424.90234375,
2016-01-26,DJIA Consolidated - CHICAGO BOARD OF TRADE,30555,8149,7552,597,1.953853706431026,26.66993945344461,24.716085747013583,69,0.22582228767795776,17010,16555,455,1.4891179839633446,55.670103092783506,54.18098510882016,25227,24175,1052,3.442971690394371,82.56259204712812,79.11962035673376,5328,6380,-1052,-3.442971690394371,17.43740795287187,20.88037964326624,16167.23046875,2016-02-01,2016-02-01,16449.1796875,0.01743954966776684,2016-02-02,2016-02-02,16153.5400390625,-0.0008468011706743717,2016-02-03,2016-02-03,16336.66015625,0.010479821378651888,2016-02-04,2016-02-04,16416.580078125,0.015423149305440642,2016-02-05,2016-02-05,16204.9697265625,0.0023343056737792356,0.01743954966776684,-0.017972911358136723,0.01133622207545093,0.004892060011692401,-0.012890038641146018,-0.014846330672834696,0.009441230837972103,-2.3517563367231515,-720.0,0.502815090949511,2.8545714276726635,7.1481999769017515,2186.0,3.5450867465039195,-3.603113230397831,4.793174384261247,1465.0,3.302751586816882,-1.490422797444353,-4.793174384261247,-1465.0,-3.302751586816896,1.490422797444353,-0.0008468011706743717,-0.009454345704599687,0.0018048661801661758,0.016363274380009063,0.11276451135362309,0.1426663358148028,0.2316711248713701,5.0,DJIA x $5,80836.15234375,658733805.4492188,610474622.5,48259182.94921875,-58202029.6875,,1375022951.3671875,1338242502.0507812,36780449.31640625,176707829.0234375,,2039253615.1757812,1954213982.9101562,85039632.265625,118424963.18359375,,430695019.6875,515734651.953125,-85039632.265625,-118424963.18359375,
2016-02-02,DJIA Consolidated - CHICAGO BOARD OF TRADE,29967,7564,7548,16,0.053392064604398166,25.241098541729233,25.187706477124838,463,1.545032869489772,17065,15055,2010,6.70737811592752,56.945973904628424,50.2385957887009,25092,23065,2027,6.764107184569694,83.73210531584743,76.96799813127774,4876,6902,-2026,-6.760770180531918,16.271231688190344,23.03200186872226,16153.5400390625,2016-02-08,2016-02-08,16027.0498046875,-0.007830496229874195,2016-02-09,2016-02-09,16014.3798828125,-0.008614839590175505,2016-02-10,2016-02-10,15914.740234375,-0.01478312519175573,2016-02-11,2016-02-11,15660.1796875,-0.030541933865236737,2016-02-12,2016-02-12,15973.83984375,-0.011124508614083872,-0.007830496229874195,-0.0007905336309177446,-0.006221886152734446,-0.015995268733646206,0.0200291543589608,-0.0033200097077090707,-0.0008468011706743717,-1.9004616418266278,-581.0,-1.4288409117153762,0.4716207301112547,5.2182601319641755,1555.0,1.2758708118449178,-3.9423893201192612,3.321135494175323,975.0,1.1695132687193137,-2.1516222254560233,-3.3177984901375472,-974.0,-1.1661762646815248,2.1516222254560198,-0.008614839590175505,0.0026539146889059673,0.01722466141413337,0.0440485514222797,0.09888669067738332,0.13373102657149039,0.22970505509718908,5.0,DJIA x $5,80767.7001953125,610926884.2773438,609634601.0742188,1292283.203125,-46926033.81347656,-402142379.27246094,1378300803.8330078,1215957726.4404297,162343077.39257812,125593773.80371094,577004450.1953125,2026623133.3007812,1862907005.0048828,163716128.29589844,78748507.69042969,174942838.62304688,393823306.15234375,557458666.7480469,-163635360.59570312,-78667739.99023438,-174781303.22265625
2016-02-09,DJIA Consolidated - CHICAGO BOARD OF TRADE,32237,7795,8268,-473,-1.4672581195520675,24.180289729193163,25.647547848745226,429,1.330768992151875,18880,17202,1678,5.205198994943698,58.56624375717343,53.36104476222974,27103,25898,1205,3.737940875391631,84.07420045289574,80.33625957750411,5134,6340,-1206,-3.7410429010143624,15.925799547104258,19.666842448118622,16014.3798828125,2016-02-15,2016-02-16,16196.41015625,0.01136667637270583,2016-02-16,2016-02-16,16196.41015625,0.01136667637270583,2016-02-17,2016-02-17,16453.830078125,0.0274409748318849,2016-02-18,2016-02-18,16413.4296875,0.024918217727292857,2016-02-19,2016-02-19,16391.990234375,0.023579455110077197,0.01136667637270583,0.0,0.015893640590205926,-0.0024553791082789767,-0.0013062140901196617,0.012075520207144752,-0.008614839590175505,-1.5206501841564657,-489.0,-1.0608088125360702,0.45984137162038863,-1.502179120983822,-332.0,1.6202698525450074,3.12244897352884,-3.026166309178063,-822.0,0.34209513704830385,3.36826144622637,3.019727279517556,820.0,-0.34543214108608566,-3.3651594206036393,0.01136667637270583,0.026064038515189347,0.05312102007930486,0.05930418370940416,0.1195156940554829,0.15727558087595228,0.2545155797173255,5.0,DJIA x $5,80071.8994140625,624160455.9326172,662034464.3554688,-37874008.42285156,-39155158.81347656,-386026627.0751953,1511757460.9375,1377396813.7207031,134360647.21679688,-26583870.60546875,536081366.57714844,2170188689.819336,2073702051.0253906,96486638.79394531,-65819101.318359375,149974667.60253906,411089131.5917969,507655842.28515625,-96566710.69335938,65658957.51953125,-150054739.50195312
2016-02-16,DJIA Consolidated - CHICAGO BOARD OF TRADE,31478,6833,7000,-167,-0.5305292585297668,21.707224093017345,22.237753351547113,601,1.9092699663256878,19304,17036,2268,7.205032085901264,61.325370099752206,54.12033801385094,26737,24636,2101,6.674502827371498,84.93868733718787,78.26418450981637,4741,6842,-2101,-6.674502827371498,15.061312662812124,21.735815490183622,16196.41015625,2016-02-22,2016-02-22,16620.66015625,0.026194076088909446,2016-02-23,2016-02-23,16431.779296875,0.01453217956043007,2016-02-24,2016-02-24,16484.990234375,0.01781753335097158,2016-02-25,2016-02-25,16697.2890625,0.030925303904872914,2016-02-26,2016-02-26,16639.970703125,0.02738634935741202,0.026194076088909446,-0.011364221252305295,0.0032382943160707,0.012878310821337724,-0.00343279433927568,0.0011618399445907368,0.01136667637270583,0.9367288610223007,306.0,-2.473065636175818,-3.4097944971981136,1.9998330909575657,590.0,2.7591263425787744,0.7592932516212016,2.936561951979867,896.0,0.864486884292134,-2.0720750676877344,-2.9334599263571355,-895.0,-0.864486884292134,2.068973042065,0.01453217956043007,0.04128506968051604,0.047398741185172844,0.06514524702980817,0.08233740067303685,0.1454402149781937,0.2659848669205005,5.0,DJIA x $5,80982.05078125,553350352.9882812,566874355.46875,-13524002.48046875,24780507.5390625,-120177363.359375,1563277508.28125,1379610217.109375,183667291.171875,47779409.9609375,323847221.07421875,2165217091.7382812,1995073803.046875,170143288.69140625,72559917.5,203588875.6640625,383935902.75390625,554079191.4453125,-170143288.69140625,-72478935.44921875,-203588875.6640625
2016-02-23,DJIA Consolidated - CHICAGO BOARD OF TRADE,28952,6829,5566,1263,4.3623929262227135,23.587316938380766,19.224924012158056,268,0.9256700746062447,17063,15671,1392,4.807957999447361,58.93547941420282,54.12752141475545,24160,21505,2655,9.170350925670075,83.44846642718983,74.27811550151976,4793,7447,-2654,-9.16689693285438,16.554987565625865,25.72188449848024,16431.779296875,2016-02-29,2016-02-29,16516.5,0.0051559056140142445,2016-03-01,2016-03-01,16865.080078125,0.026369681178252335,2016-03-02,2016-03-02,16899.3203125,0.02845346247523639,2016-03-03,2016-03-03,16943.900390625,0.03116650269562693,2016-03-04,2016-03-04,17006.76953125,0.03499257286667379,0.0051559056140142445,0.02110496038052867,0.002030244399456649,0.002637980540082685,0.0037104290733309675,0.029683621302939445,0.01453217956043007,4.89292218475248,1430.0,1.8800928453634214,-3.0128293393890573,-2.3970740864539026,-876.0,-2.389890685549389,0.007183400904509085,2.495848098298577,554.0,-1.490220909998044,-3.98606900829661,-2.492394105482882,-553.0,1.4936749028137406,3.9860690082966173,0.026369681178252335,0.03239578032801571,0.04988808486223406,0.07003447373735461,0.07754920884419025,0.1287457338705451,0.2623708988073439,5.0,DJIA x $5,82158.896484375,561063104.0917969,457296417.83203125,103766686.25976562,117487221.97265625,54717825.05859375,1401877250.7128906,1287512066.8066406,114365183.90625,-71971193.3203125,76982886.00585938,1984958939.0625,1766827068.8964844,218131870.16601562,45516028.65234375,131700711.06445312,393787590.8496094,611837302.1191406,-218049711.26953125,-45433869.755859375,-131618552.16796875
2016-03-01,DJIA Consolidated - CHICAGO BOARD OF TRADE,31216,7514,5414,2100,6.727319323423885,24.070989236289083,17.3436699128652,368,1.1788826242952333,17662,18615,-953,-3.052921578677601,56.57995899538698,59.632880574064586,25544,24397,1147,3.674397744746284,81.8298308559713,78.15543311122501,5672,6819,-1147,-3.674397744746284,18.1701691440287,21.844566888774988,16865.080078125,2016-03-07,2016-03-07,17073.94921875,0.012384710873440508,2016-03-08,2016-03-08,16964.099609375,0.0058712754870600126,2016-03-09,2016-03-09,17000.359375,0.008021266204983224,2016-03-10,2016-03-10,16995.130859375,0.007711245997502392,2016-03-11,2016-03-11,17213.310546875,0.020648017509366845,0.012384710873440508,-0.006433755188539947,0.00213744121173165,-0.00030755324106201964,0.012837776261054534,0.008162219902350332,0.026369681178252335,2.364926397201171,837.0,0.483672297908317,-1.8812540992928568,-7.860879578124962,-2345.0,-2.3555204188158356,5.505359159309137,-5.495953180923791,-1508.0,-1.6186355712185332,3.877317609705244,5.492499188108096,1507.0,1.6151815784028365,-3.8773176097052513,0.0058712754870600126,0.02291416447237915,0.04254294856895613,0.045539617559905876,0.054676238497144425,0.09423143535418554,0.23404336878125465,5.0,DJIA x $5,84325.400390625,633621058.5351562,456537717.71484375,177083340.8203125,70580360.12695312,175734134.4140625,1489355221.6992188,1569717328.2714844,-80362106.57226562,-197743063.91601562,-249856161.35742188,2154008027.578125,2057286793.3300781,96721234.24804688,-127162703.7890625,-74206352.34375,478293671.015625,575014905.2636719,-96721234.24804688,127078378.38867188,74122026.94335938
2016-03-08,DJIA Consolidated - CHICAGO BOARD OF TRADE,33243,8553,7409,1144,3.4413259934422284,25.728724844328127,22.2873988508859,435,1.3085461600938544,18765,17899,866,2.6050597118190297,56.447974009565925,53.842914297746894,27752,25743,2009,6.043377553169088,83.48223686189574,77.43885930872665,5491,7500,-2009,-6.043377553169088,16.517763138104264,22.56114069127335,16964.099609375,2016-03-14,2016-03-14,17229.130859375,0.015623066128044538,2016-03-15,2016-03-15,17251.529296875,0.01694340956010154,2016-03-16,2016-03-16,17325.759765625,0.02131914835315718,2016-03-17,2016-03-17,17481.490234375,0.03049915037719253,2016-03-18,2016-03-18,17602.30078125,0.03762069231910825,0.015623066128044538,0.001300032931597972,0.004302834112419607,0.008988377471271125,0.0069107693483385635,0.02165924241453787,0.0058712754870600126,-3.285993329981656,-956.0,1.6577356080390437,4.943728938020701,5.657981290496631,1819.0,-0.131984985821056,-5.789966276317692,2.3689798084228038,862.0,1.6524060059244476,-0.7165738024983597,-2.3689798084228038,-862.0,-1.652406005924437,0.7165738024983632,0.01694340956010154,0.036457620349223285,0.0394367977688177,0.037680791662632274,0.05742595893280611,0.09278532710219034,0.23347305471262314,5.0,DJIA x $5,84820.498046875,725469719.7949219,628435070.0292969,97034649.765625,-81088396.1328125,137154745.34179688,1591656645.8496094,1518202094.5410156,73454551.30859375,154288485.94726562,-68874244.4140625,2353938461.796875,2183534081.220703,170404380.57617188,73115269.31640625,68195680.4296875,465749354.7753906,636153735.3515625,-170404380.57617188,-73115269.31640625,-68110859.93164062
2016-03-15,DJIA Consolidated - CHICAGO BOARD OF TRADE,44843,9700,9286,414,0.9232210155431171,21.631023794126172,20.707802778583055,433,0.9655910621501683,28396,26214,2182,4.865865352451888,63.32314965546462,58.457284303012734,38529,35933,2596,5.789086367995004,85.91976451174096,80.13067814374595,6315,8910,-2595,-5.786856365542002,14.08246549071204,19.86932185625404,17251.529296875,2016-03-21,2016-03-21,17623.869140625,0.02158300503929511,2016-03-22,2016-03-22,17582.5703125,0.01918908230848637,2016-03-23,2016-03-23,17502.58984375,0.014552944411744262,2016-03-24,2016-03-24,17515.73046875,0.015314652244937887,2016-03-25,2016-03-28,17535.390625,0.016454270415111605,0.02158300503929511,-0.002343346276318048,-0.004548849646467179,0.0007507817481475776,0.0011224285670001777,-0.005020379742893488,0.01694340956010154,-2.518104977899111,-730.0,-4.097701050201955,-1.579596072302845,2.260805640632858,1316.0,6.875175645898693,4.61437000526584,-0.25429118517408345,587.0,2.4375276498452223,2.691818835019305,0.25652118762708565,-586.0,-2.4352976473922237,-2.691818835019312,0.01918908230848637,0.022118623314984598,0.020391874225824447,0.027227771813255197,0.024536434326531076,0.04725498181037624,0.20785634606895687,5.0,DJIA x $5,86257.646484375,836699170.8984375,800988505.2539062,35710665.64453125,-62968081.93359375,50115692.607421875,2449372129.5703125,2261157944.9414062,188214184.62890625,113515062.7734375,-7418157.59765625,3323420861.3964844,3099496011.123047,223924850.2734375,50633238.486328125,42697535.009765625,544717037.5488281,768555630.1757812,-223838592.62695312,-50546980.83984375,-42611277.36328125
2016-03-22,DJIA Consolidated - CHICAGO BOARD OF TRADE,45580,17390,13954,3436,7.538394032470381,38.15269855199649,30.614304519526108,236,0.5177709521720053,22284,22313,-29,-0.06362439666520404,48.88986397542782,48.95348837209303,39910,36503,3407,7.474769635805177,87.56033347959632,80.08556384379114,5670,9077,-3407,-7.474769635805177,12.439666520403685,19.914436156208865,17582.5703125,2016-03-28,2016-03-28,17535.390625,-0.0026833214178281217,2016-03-29,2016-03-29,17633.109375,0.002874384211281722,2016-03-30,2016-03-30,17716.66015625,0.007626293617303048,2016-03-31,2016-03-31,17685.08984375,0.005830747690917182,2016-04-01,2016-04-01,17792.75,0.01195386588902636,-0.0026833214178281217,0.005572658863993718,0.0047382897408019264,-0.001781956205152091,0.006087622805492687,0.01467656925948857,0.01918908230848637,6.6151730169272644,3022.0,16.521674757870315,9.906501740943053,-4.929489749117091,-2211.0,-14.433285680036796,-9.503795930919708,1.6856832678101723,811.0,1.6405689678553586,-0.04511429995481819,-1.6879132702631745,-812.0,-1.6427989703083554,0.0451142999548253,0.002874384211281722,0.0011801459986340301,0.00788733871300984,0.026789558551637338,0.014057111779287812,0.031132571363064132,0.17548284456064223,5.0,DJIA x $5,87912.8515625,1528804488.671875,1226735930.703125,302068557.96875,265672637.421875,191034626.4453125,1959049984.21875,1961599456.9140625,-2549472.6953125,-194375314.8046875,-124924162.0703125,3508601905.859375,3209082820.5859375,299519085.2734375,71297322.6171875,66110464.375,498465868.359375,797984953.6328125,-299519085.2734375,-71385235.46875,-66198377.2265625
2016-03-29,DJIA Consolidated - CHICAGO BOARD OF TRADE,50968,20804,14538,6266,12.293988384868937,40.81776801130121,28.523779626432272,113,0.22170773818866737,23268,27268,-4000,-7.848061528802386,45.65217391304348,53.50023544184587,44185,41918,2267,4.447888871448752,86.69164966253335,82.2437607910846,6783,9050,-2267,-4.447888871448752,13.308350337466646,17.756239208915396,17633.109375,2016-04-04,2016-04-04,17737.0,0.005891792694673326,2016-04-05,2016-04-05,17603.3203125,-0.0016893822788982549,2016-04-06,2016-04-06,17716.05078125,0.004703731173334225,2016-04-07,2016-04-07,17541.9609375,-0.005169164187754038,2016-04-08,2016-04-08,17576.9609375,-0.0031842618511518372,0.005891792694673326,-0.0075367698878051614,0.00640393214170798,-0.009826673331409186,0.0019952159353622267,-0.009022893527654063,0.002874384211281722,4.755594352398556,2830.0,2.665069459304725,-2.0905248930938356,-7.784437132137183,-3971.0,-3.2376900623843454,4.54674706975284,-3.0268807643564246,-1140.0,-0.8686838170629727,2.1581969472934617,3.0268807643564246,1140.0,0.8686838170629603,-2.158196947293469,-0.0016893822788982549,0.004998586643202296,0.023846629963695687,0.02025796641438915,-0.01266870562214728,0.03375419465689111,0.17401302060488133,5.0,DJIA x $5,88165.546875,1834196037.1875,1281750720.46875,552445316.71875,249508497.65625,367297668.28125,2051435944.6875,2404098132.1875,-352662187.5,-350105386.640625,-268640421.328125,3895594688.671875,3695723393.90625,199871294.765625,-100508723.4375,98745412.5,598026904.453125,797898199.21875,-199871294.765625,100508723.4375,-98745412.5
2016-04-05,DJIA Consolidated - CHICAGO BOARD OF TRADE,56474,23739,15182,8557,15.152105393632468,42.03527286893083,26.883167475298368,208,0.3683110812055105,25144,32163,-7019,-12.42872826433403,44.52314339341998,56.951871657754005,49091,47553,1538,2.7233771292984383,86.92672734355634,84.20335021425788,7383,8921,-1538,-2.7233771292984383,13.073272656443674,15.796649785742112,17603.3203125,2016-04-11,2016-04-11,17556.41015625,-0.0026648470525579837,2016-04-12,2016-04-12,17721.25,0.006699286578127017,2016-04-13,2016-04-13,17908.279296875,0.01732394678738247,2016-04-14,2016-04-14,17926.4296875,0.018355024464933534,2016-04-15,2016-04-15,17897.4609375,0.01670938321738835,-0.0026648470525579837,0.009389154290822876,0.01055395623192501,0.0010135195193301527,-0.0016159798970009076,0.019425997582346755,-0.0016893822788982549,2.8581170087635304,2291.0,1.2175048576296206,-1.6406121511339045,-4.5806667355316435,-3019.0,-1.1290305196234982,3.451636215908138,-1.7245117421503138,-729.0,0.23507768102298598,1.9595894231732842,1.7245117421503138,729.0,-0.23507768102297177,-1.9595894231732842,0.006699286578127017,0.025579225332578837,0.021984488899244425,0.008384204861920042,0.013480344839063907,0.03210354048086628,0.17530328751012436,5.0,DJIA x $5,88016.6015625,2089426104.4921875,1336268044.921875,753158059.5703125,201646034.1796875,652467067.3828125,2213089429.6875,2830877956.0546875,-617788526.3671875,-265722120.1171875,-694010903.3203125,4320822987.3046875,4185453454.1015625,135369533.203125,-64164102.5390625,-41455819.3359375,649826569.3359375,785196102.5390625,-135369533.203125,64164102.5390625,41455819.3359375
2016-04-12,DJIA Consolidated - CHICAGO BOARD OF TRADE,58324,24846,16829,8017,13.745627871888075,42.59995885055894,28.854330978670873,299,0.5126534531239284,25394,31919,-6525,-11.18750428640011,43.53953775461217,54.727042041012275,50539,49046,1493,2.5598381455318564,86.65215005829504,84.09231191276318,7786,9278,-1492,-2.5581235854879636,13.349564501748851,15.907688087236815,17721.25,2016-04-18,2016-04-18,18004.16015625,0.015964458277491822,2016-04-19,2016-04-19,18053.599609375,0.01875429833533193,2016-04-20,2016-04-20,18096.26953125,0.021162137617267485,2016-04-21,2016-04-21,17982.51953125,0.014743290188333313,2016-04-22,2016-04-22,18003.75,0.01594131339493554,0.015964458277491822,0.002746001629397643,0.002363513249338034,-0.0062858259158644625,0.0011806170271693173,-2.278119314869098e-05,0.006699286578127017,-1.4064775217443923,-540.0,0.5646859816281093,1.9711635033725052,1.2412239779339203,494.0,-0.9836056388078092,-2.2248296167417294,-0.16353898376658194,-45.0,-0.27457728526130154,-0.11103830149470184,0.16525354381047475,46.0,0.2762918453051775,0.11103830149470362,0.01875429833533193,0.015183483811807896,0.0016737056499964709,0.011686512485010958,0.035348517845806615,0.022989922056852574,0.1653410894406433,5.0,DJIA x $5,88606.25,2201510887.5,1491154581.25,710356306.25,-47847375.0,673673318.75,2250067112.5,2828222893.75,-578155781.25,43771487.5,-771494618.75,4478071268.75,4345782137.5,132289131.25,-3987281.25,-97732693.75,689888262.5,822088787.5,-132200525.0,4075887.5,97732693.75
2016-04-19,DJIA Consolidated - CHICAGO BOARD OF TRADE,59763,24999,17598,7401,12.383916470056725,41.83022940615431,29.446312936097584,331,0.5538543915131435,26656,31998,-5342,-8.938640965145659,44.6028479159346,53.54148888108027,51986,49927,2059,3.4452755049110655,86.98693171360206,83.541656208691,7778,9837,-2059,-3.4452755049110655,13.014741562505227,16.460017067416295,18053.599609375,2016-04-25,2016-04-25,17977.240234375,-0.004229592804326221,2016-04-26,2016-04-26,17990.3203125,-0.0035050792221037463,2016-04-27,2016-04-27,18041.55078125,-0.0006673920096657016,2016-04-28,2016-04-28,17830.759765625,-0.012343236172928207,2016-04-29,2016-04-29,17773.640625,-0.015507100546841679,-0.004229592804326221,0.0007275909958630589,0.002847668516185564,-0.011683641732398553,-0.0032034047553664013,-0.011325409613522797,0.01875429833533193,-1.36171140183135,-616.0,-0.7697294444046321,0.5919819574267109,2.2488633212544507,1183.0,1.063310161322434,-1.185553159932006,0.8854373593792091,566.0,0.33478165530702597,-0.5506557040721844,-0.8871519194231019,-567.0,-0.33482293924362416,0.55232898017948,-0.0035050792221037463,-0.016766155208616573,-0.006937674630546176,-0.029003586650558688,0.027994979792702823,0.006001010662368911,0.1367970787508508,5.0,DJIA x $5,90267.998046875,2256609683.173828,1588536229.6289062,668073453.5449219,-55605086.796875,357912612.2558594,2406183755.9375,2888395401.5039062,-482211645.56640625,106787041.68945312,-479593873.6230469,4692672146.464844,4506810338.486328,185861807.97851562,51091686.89453125,-121681261.3671875,702104488.8085938,887966296.7871094,-185861807.97851562,-51181954.892578125,121681261.3671875
2016-04-26,DJIA Consolidated - CHICAGO BOARD OF TRADE,60869,25610,19471,6139,10.085593651941053,42.0739621153625,31.988368463421445,258,0.42386107871001655,26874,31946,-5072,-8.332648803167459,44.15055282656196,52.483201629729415,52742,51675,1067,1.752944848773596,86.64837602063447,84.89543117186088,8127,9194,-1067,-1.752944848773596,13.351623979365524,15.104568828139117,17990.3203125,2016-05-02,2016-05-02,17891.16015625,-0.005511861630451476,2016-05-03,2016-05-03,17750.91015625,-0.013307720601486661,2016-05-04,2016-05-04,17651.259765625,-0.018846832128909585,2016-05-05,2016-05-05,17660.7109375,-0.01832148451359039,2016-05-06,2016-05-06,17740.630859375,-0.013879099915275583,-0.005511861630451476,-0.007839066822673657,-0.005613818657626002,0.0005354389431968531,0.004525294715361783,-0.008413612955245675,-0.0035050792221037463,-2.298322818115672,-1262.0,0.24373270920818868,2.5420555273238605,0.6059921619782003,270.0,-0.4522950893726403,-1.0582872513508548,-1.6923306561374696,-992.0,-0.3385556929675886,1.353774963169883,1.6923306561374696,992.0,0.33688241686029663,-1.3554482392771785,-0.013307720601486661,-0.0034446692470473383,-0.025588196082876213,-0.015801249022369235,0.026871655373701397,0.009946972351885464,0.16707867208103666,5.0,DJIA x $5,89951.6015625,2303660516.015625,1751447634.0234375,552212881.9921875,-113518921.171875,-11423853.3984375,2417359340.390625,2873593863.515625,-456234523.125,24286932.421875,-96428116.875,4744227369.609375,4648249010.7421875,95978358.8671875,-89231988.75,-107941921.875,731036665.8984375,827015024.765625,-95978358.8671875,89231988.75,107941921.875
2016-05-03,DJIA Consolidated - CHICAGO BOARD OF TRADE,62293,26631,17098,9533,15.30348514279293,42.75119194773088,27.447706804937955,357,0.5730981009102146,27844,36175,-8331,-13.373894338047615,44.6984412373782,58.07233557542582,54831,53629,1202,1.9295908047453163,88.02112596921002,86.0915351644647,7462,8664,-1202,-1.9295908047453163,11.978874030789976,13.908464835535291,17750.91015625,2016-05-09,2016-05-09,17705.91015625,-0.0025350812777426013,2016-05-10,2016-05-10,17928.349609375,0.009996076345557103,2016-05-11,2016-05-11,17711.119140625,-0.0022416324162956025,2016-05-12,2016-05-12,17720.5,-0.0017131603947244667,2016-05-13,2016-05-13,17535.3203125,-0.01214528392360159,-0.0025350812777426013,0.012563005864258292,-0.012116590399174676,0.0005296593230792457,-0.010450026099715015,-0.009634627208914393,-0.013307720601486661,5.217891490851876,3394.0,0.6772298323683827,-4.54066165848349,-5.041245534880156,-3259.0,0.5478884108162347,5.589133945696403,0.1766459559717204,135.0,1.3727499485755459,1.196103992603824,-0.1766459559717204,-135.0,-1.3727499485755477,-1.1961039926038257,0.009996076345557103,-0.012446104766194899,-0.0025271591487496803,0.0020443493984574346,0.031708761412541975,0.016122522766768288,0.18021501098205128,5.0,DJIA x $5,88754.55078125,2363622441.8554688,1517525309.2578125,846097132.5976562,301232945.3515625,86624441.5625,2471281711.953125,3210695874.5117188,-739414162.5585938,-289251080.99609375,-116445970.625,4866500773.886719,4759817803.847656,106682970.0390625,11981864.35546875,-29821529.0625,662286457.9296875,768969427.96875,-106682970.0390625,-11981864.35546875,29821529.0625
2016-05-10,DJIA Consolidated - CHICAGO BOARD OF TRADE,65060,28754,16528,12226,18.79188441438672,44.196126652320935,25.404242237934216,502,0.7715954503535198,26987,39028,-12041,-18.50753150937596,41.48017214878574,59.98770365816169,56242,56057,185,0.2843529050107593,86.4463572087304,86.16200430371964,8818,9003,-185,-0.2843529050107593,13.553642791269596,13.837995696280355,17928.349609375,2016-05-16,2016-05-16,17710.7109375,-0.012139358982669157,2016-05-17,2016-05-17,17529.98046875,-0.022220067619424744,2016-05-18,2016-05-18,17526.619140625,-0.022407554376334127,2016-05-19,2016-05-19,17435.400390625,-0.027495515732927744,2016-05-20,2016-05-20,17500.939453125,-0.02383990526526214,-0.012139358982669157,-0.01020458576664629,-0.00019174739703742283,-0.005204583340808977,0.0037589651531741985,-0.011844328842318674,0.009996076345557103,3.4883992715937886,2693.0,1.4449347045900538,-2.0434645670037384,-5.133637171328344,-3710.0,-3.218269088592457,1.9153680827358741,-1.645237899734557,-1017.0,-1.5747687604796141,0.07046913925493925,1.645237899734557,1017.0,1.5747687604796194,-0.0704691392549357,-0.022220067619424744,-0.012399291232515708,-0.007873027562514179,0.0005538539640486118,0.03372876952147297,0.022555931461116563,0.16997826090508927,5.0,DJIA x $5,89641.748046875,2577558823.3398438,1481598811.71875,1095960011.6210938,241405227.49023438,377302117.5292969,2419161854.5410156,3498538142.7734375,-1079376288.2324219,-332570885.25390625,-494463882.2265625,5041631193.652344,5025047470.263672,16583723.388671875,-91165657.76367188,-117251406.4453125,790460934.2773438,807044657.6660156,-16583723.388671875,91165657.76367188,117161764.69726562
2016-05-17,DJIA Consolidated - CHICAGO BOARD OF TRADE,55806,23957,14892,9065,16.24377307099595,42.929075726624376,26.68530265562843,484,0.8672902555280795,23660,31531,-7871,-14.104218184424614,42.396874888004874,56.501093072429484,48101,46907,1194,2.1395548865713363,86.19324087015733,84.05368598358599,7705,8899,-1194,-2.1395548865713363,13.80675912984267,15.946314016414007,17529.98046875,2016-05-23,2016-05-23,17492.9296875,-0.0021135666018595733,2016-05-24,2016-05-24,17706.05078125,0.010043953717682408,2016-05-25,2016-05-25,17851.509765625,0.01834168026873595,2016-05-26,2016-05-26,17828.2890625,0.017017052259800547,2016-05-27,2016-05-27,17873.220703125,0.019580183502593274,-0.0021135666018595733,0.012183270473115293,0.008215213328600424,-0.0013007697068689872,0.002520244116947179,0.021739698404935837,-0.022220067619424744,-2.5481113433907687,-3161.0,-1.2670509256965587,1.2810604176942135,4.403313324951345,4170.0,0.9167027392191329,-3.4866105857322083,1.855201981560577,1009.0,-0.25311633857307925,-2.108318320133648,-1.855201981560577,-1009.0,0.2531163385730739,2.1083183201336517,0.010043953717682408,0.014673076815945985,0.02329145938598498,0.008262407594132881,0.05830235032617104,0.07946843298590034,0.1967925484800035,5.0,DJIA x $5,87649.90234375,2099828710.4492188,1305282345.703125,794546364.7460938,-277061341.30859375,145849437.5,2073796689.453125,2763689070.8007812,-689892381.3476562,365500092.7734375,-221666603.02734375,4216047952.6367188,4111393969.2382812,104653983.3984375,88438751.46484375,-75817165.52734375,675342497.5585938,779996480.9570312,-104653983.3984375,-88438751.46484375,75817165.52734375
2016-05-24,DJIA Consolidated - CHICAGO BOARD OF TRADE,58780,27353,13677,13676,23.26641714869003,46.53453555631167,23.268118407621643,538,0.9152773052058524,23168,34826,-11658,-19.83327662470228,39.414766927526365,59.248043552228644,51059,49041,2018,3.433140523987751,86.86457978904389,83.43143926505614,7721,9740,-2019,-3.43484178291936,13.13542021095611,16.57026199387547,17706.05078125,2016-05-30,2016-05-31,17787.19921875,0.00458309074691754,2016-05-31,2016-05-31,17787.19921875,0.00458309074691754,2016-06-01,2016-06-01,17789.669921875,0.004722630792042493,2016-06-02,2016-06-02,17838.560546875,0.007483869060475268,2016-06-03,2016-06-03,17807.060546875,0.005704816216384412,0.00458309074691754,0.0,0.00013890343806322036,0.0027482592546521634,-0.0017658375471062415,0.0011166079538853513,0.010043953717682408,7.022644077694082,4611.0,3.605459829687291,-3.4171842480067873,-5.729058440277665,-3787.0,-2.9821079604785083,2.7469504797991604,1.2935856374164145,824.0,0.6713389188865619,-0.6222467185298513,-1.2952868963480237,-825.0,-0.6713389188865602,0.6239479774614622,0.00458309074691754,0.013115771466719162,-0.0017638302937136308,0.00698516507311564,0.0475120065108392,0.07442757143622991,0.1825285273903321,5.0,DJIA x $5,88530.25390625,2421568035.0976562,1210828282.6757812,1210739752.421875,408213000.76171875,667252523.6914062,2051068922.5,3083154622.5390625,-1032085700.0390625,-335264071.54296875,-583060252.2265625,4520266234.199219,4341612181.816406,178654052.3828125,72948929.21875,84192271.46484375,683542090.4101562,862284673.046875,-178742582.63671875,-73037459.47265625,-84280801.71875
2016-05-31,DJIA Consolidated - CHICAGO BOARD OF TRADE,61198,27604,14235,13369,21.845485146573417,45.10604921729468,23.260564070721266,225,0.36765907382594204,25644,37264,-11620,-18.98754861269976,41.903330174188696,60.89087878688846,53473,51723,1750,2.859570574201771,87.37703846530933,84.51746789110756,7726,9475,-1749,-2.857936533873656,12.624595575018791,15.482532108892446,17787.19921875,2016-06-06,2016-06-06,17920.330078125,0.007484644307276023,2016-06-07,2016-06-07,17938.279296875,0.008493753078660182,2016-06-08,2016-06-08,18005.05078125,0.012247659669227584,2016-06-09,2016-06-09,17985.189453125,0.011131051715342233,2016-06-10,2016-06-10,17865.33984375,0.00439308201583688,0.007484644307276023,0.001001612061370949,0.003722290375232973,-0.0011030975900208073,-0.006663794656562527,-0.0030685949497172293,0.00458309074691754,-1.420932002116615,-307.0,-1.4284863390169846,-0.007554336900376768,0.8457280120025175,38.0,2.4885632466623306,1.6428352346598132,-0.5735699497859796,-268.0,0.5124586762654388,1.0860286260514158,0.5769052490457041,270.0,-0.5108246359373183,-1.0877298849830233,0.008493753078660182,-0.006317965232634171,0.0023911156262963473,-0.02122191981900612,0.03750458710760873,0.07502026452924482,0.18228116998640398,5.0,DJIA x $5,88935.99609375,2454989236.171875,1266003904.3945312,1188985331.7773438,-27303350.80078125,341158481.015625,2280674683.828125,3314110958.4375,-1033436274.609375,3379567.8515625,-292510491.15234375,4755674519.121094,4600036525.957031,155637993.1640625,-23834846.953125,48736925.859375,687119505.8203125,842668562.9882812,-155549057.16796875,24012718.9453125,-48647989.86328125
2016-06-07,DJIA Consolidated - CHICAGO BOARD OF TRADE,65122,28402,15593,12809,19.669236202819324,43.613525383127055,23.944289180307727,239,0.36700347040938547,28029,39875,-11846,-18.1904732655631,43.04075427658856,61.23122754215166,56669,55706,963,1.4787629372562268,87.0197475507509,85.54098461349467,8453,9416,-963,-1.4787629372562268,12.980252449249102,14.459015386505328,17938.279296875,2016-06-13,2016-06-13,17732.48046875,-0.0114726069718879,2016-06-14,2016-06-14,17674.8203125,-0.014686970807779587,2016-06-15,2016-06-15,17640.169921875,-0.016618615981296103,2016-06-16,2016-06-16,17733.099609375,-0.011438091920875859,2016-06-17,2016-06-17,17675.16015625,-0.014668025637823434,-0.0114726069718879,-0.003251668955824627,-0.0019604380702243906,0.005268072128078671,-0.003267305457099523,-0.003232503912862894,0.008493753078660182,-2.176248943754093,-560.0,-1.4925238341676277,0.6837251095864616,0.7970753471366621,-226.0,1.1374241023998621,0.3403487552632001,-1.3808076369455444,-787.0,-0.3572909145584191,1.0235167223871144,1.3791735966174292,786.0,0.355656874230311,-1.023516722387118,-0.014686970807779587,-0.0060512397163929865,-0.029465401056726792,-0.005444232115786818,0.033439096014883596,0.07322329964105445,0.17827524697043318,5.0,DJIA x $5,89691.396484375,2547415042.9492188,1398557945.3808594,1148857097.5683594,-50227182.03125,52290084.150390625,2513960152.060547,3576444434.814453,-1062484282.7539062,-20270255.60546875,17489822.314453125,5082721747.373047,4996348932.558594,86372814.81445312,-70587129.03320312,69779906.46484375,758161374.4824219,844534189.296875,-86372814.81445312,70497437.63671875,-69779906.46484375
2016-06-14,DJIA Consolidated - CHICAGO BOARD OF TRADE,74270,32927,12300,20627,27.772990440285444,44.33418607782416,16.561195637538713,934,1.257573717517167,31873,51647,-19774,-26.624478255015482,42.91503971994076,69.53951797495624,65733,64880,853,1.148512185269961,88.50545307661235,87.35694089134239,8537,9390,-853,-1.148512185269961,11.49454692338764,12.643059108657601,17674.8203125,2016-06-20,2016-06-20,17804.869140625,0.007357858570874898,2016-06-21,2016-06-21,17829.73046875,0.008764454376967157,2016-06-22,2016-06-22,17780.830078125,0.005997784630943581,2016-06-23,2016-06-23,18011.0703125,0.019024238665792614,2016-06-24,2016-06-24,17400.75,-0.015506257356753483,0.007357858570874898,0.0013963218672736755,-0.002742632072352813,0.012948789981309883,-0.033885843645639846,-0.02269711377450845,-0.014686970807779587,8.10375423746612,7818.0,0.7206606946971021,-7.383093542769014,-8.434004989452383,-7928.0,-0.12571455664780018,8.308290432804583,-0.33025075198626586,-110.0,1.485705525861448,1.815956277847718,0.33025075198626586,110.0,-1.4857055258614622,-1.815956277847727,0.008764454376967157,-0.01499871595229263,0.009380509968055728,0.038068257412447126,0.022174465175344382,0.12652975167268754,0.20671499489253997,5.0,DJIA x $5,88374.1015625,2909894042.1484375,1087001449.21875,1822892592.9296875,690908726.015625,1021781362.265625,2816747739.1015625,4564257223.3984375,-1747509484.296875,-700629877.1875,-1051916930.8984375,5809094818.0078125,5733711709.375,75383108.6328125,-9721151.171875,-30135568.6328125,754449705.0390625,829832813.671875,-75383108.6328125,9721151.171875,30135568.6328125
2016-06-21,DJIA Consolidated - CHICAGO BOARD OF TRADE,56193,32305,10713,21592,38.424714822130866,57.489367003007494,19.06465218087662,368,0.6548858398732939,15296,37533,-22237,-39.57254462299575,27.220472300820386,66.79301692381613,47969,48614,-645,-1.1478298008648764,85.36472514370116,86.51255494456605,8224,7579,645,1.1478298008648764,14.635274856298826,13.48744505543395,17829.73046875,2016-06-27,2016-06-27,17140.240234375,-0.03867081645364534,2016-06-28,2016-06-28,17409.720703125,-0.023556708631190304,2016-06-29,2016-06-29,17694.6796875,-0.007574471273511518,2016-06-30,2016-06-30,17929.990234375,0.005623178981910337,2016-07-01,2016-07-01,17949.369140625,0.006710066205694476,-0.03867081645364534,0.015722094035155454,0.016367809066796246,0.013298378440906644,0.0010808096377457055,0.04720639239508917,0.008764454376967157,10.651724381845423,965.0,13.155180925183338,2.503456543337908,-12.948066367980267,-2463.0,-15.694567419120371,-2.7465010511401147,-2.2963419861348373,-1498.0,-3.14072793291119,-0.8443859467763417,2.2963419861348373,1498.0,3.1407279329111866,0.8443859467763488,-0.023556708631190304,0.0006107031115296646,0.029049202624391146,0.04090242968917557,0.01683875531804646,0.12029843500070436,0.20400814037123305,5.0,DJIA x $5,89148.65234375,2879947213.9648438,955049512.5585938,1924897701.40625,86028449.51171875,705700731.953125,1363617786.25,3346016368.4179688,-1982398582.1679688,-219573130.72265625,-943103593.1445312,4276371704.2773438,4333872585.0390625,-57500880.76171875,-133544681.2109375,-237402861.19140625,733158516.875,675657636.1132812,57500880.76171875,133544681.2109375,237492009.84375
2016-06-28,DJIA Consolidated - CHICAGO BOARD OF TRADE,47108,24762,4674,20088,42.64243865160907,52.56432028530186,9.92188163369279,238,0.5052220429651015,15094,36217,-21123,-44.83951770399932,32.04126687611446,76.88078458011378,40093,41128,-1035,-2.197079052390252,85.1086864226883,87.30576547507854,7016,5980,1036,2.1992018340833828,14.893436359004841,12.694234524921457,17409.720703125,2016-07-04,2016-07-05,17840.619140625,0.024750450903135768,2016-07-05,2016-07-05,17840.619140625,0.024750450903135768,2016-07-06,2016-07-06,17918.619140625,0.029230706579264965,2016-07-07,2016-07-07,17895.880859375,0.0279246384557299,2016-07-08,2016-07-08,18146.740234375,0.04233379408078086,0.024750450903135768,0.0,0.004372045576735983,-0.0012689750851642145,0.01401771597448831,0.01715865863942634,-0.023556708631190304,4.217723829478203,-1504.0,-4.925046717705634,-9.142770547183831,-5.26697308100357,1114.0,4.820794575294077,10.087767656297657,-1.0492492515253757,-390.0,-0.25603872101287095,0.7932105305124963,1.0513720332185064,391.0,0.2581615027060149,-0.7932105305124928,0.024750450903135768,0.053875029631097915,0.06601421597152357,0.06111696534476918,0.04701856463315157,0.14562659577415937,0.22406674521922643,5.0,DJIA x $5,87048.603515625,2155497520.2539062,406865172.83203125,1748632347.421875,-130921099.6875,584879567.0214844,1313911621.4648438,3152639273.5253906,-1838727652.0605469,96972144.31640625,-827222879.2089844,3490039660.751953,3580134965.390625,-90095304.63867188,-33948955.37109375,-242430360.79101562,610733002.265625,520550649.0234375,90182353.2421875,34036003.974609375,242430360.79101562
2016-07-05,DJIA Consolidated - CHICAGO BOARD OF TRADE,49640,27627,4989,22638,45.60435132957292,55.65471394037067,10.050362610797743,188,0.37872683319903305,14749,35879,-21130,-42.56647864625302,29.711925866236903,72.27840451248993,42563,41055,1508,3.037872683319903,85.74335213537469,82.7054794520548,7078,8585,-1507,-3.0358581788879935,14.258662369057213,17.294520547945204,17840.619140625,2016-07-11,2016-07-11,18226.9296875,0.021653427150144733,2016-07-12,2016-07-12,18347.669921875,0.02842114263262263,2016-07-13,2016-07-13,18372.119140625,0.02979156697480967,2016-07-14,2016-07-14,18506.41015625,0.03731882903710004,2016-07-15,2016-07-15,18516.55078125,0.037887229994492344,0.021653427150144733,0.006624277179156701,0.0013325517002489295,0.007309500586029305,0.0005479520292905882,0.015889735611841482,0.024750450903135768,2.961912677963852,2550.0,3.0903936550688087,0.1284809771049531,2.2730390577463027,-7.0,-2.3293410098775595,-4.602380067623855,5.234951735710155,2543.0,0.6346657126863988,-4.600286023023742,-5.235060012971376,-2543.0,-0.6347739899476288,4.600286023023747,0.02842114263262263,0.040267135312818114,0.03548816632340368,0.026520962467473153,0.01837548773060771,0.11440974155163164,0.2039531454566732,5.0,DJIA x $5,89203.095703125,2464413924.9902344,445034244.4628906,2019379680.5273438,227467894.04296875,876777227.6660156,1315656458.5253906,3200517870.732422,-1884861412.2070312,-624421.669921875,-828161540.5078125,3796751362.4121094,3662233094.091797,134518268.3203125,226843472.37304688,48615687.158203125,631379511.3867188,765808576.6113281,-134429065.22460938,-226843472.37304688,-48526484.0625
2016-07-12,DJIA Consolidated - CHICAGO BOARD OF TRADE,55987,31170,6420,24750,44.20669083894476,55.67363852322861,11.466947684283852,0,0.0,16537,38985,-22448,-40.095022058692194,29.53721399610624,69.63223605479844,47707,45405,2302,4.111668780252558,85.21085251933485,81.09918373908229,8281,10582,-2301,-4.109882651329773,14.790933609587938,18.900816260917715,18347.669921875,2016-07-18,2016-07-18,18533.05078125,0.010103782124071259,2016-07-19,2016-07-19,18559.009765625,0.011518620328896834,2016-07-20,2016-07-20,18595.029296875,0.013481786845592092,2016-07-21,2016-07-21,18517.23046875,0.009241530264987086,2016-07-22,2016-07-22,18570.849609375,0.012163925362201677,0.010103782124071259,0.0014006859788708859,0.0019408110510676924,-0.004183850795979938,0.002895634998737462,0.002039536208644055,0.02842114263262263,-1.3976604906281622,2112.0,0.01892458285794163,1.4165850734861092,2.471456587560823,-1318.0,-0.1747118701306647,-2.6461684576914877,1.0737960969326554,794.0,-0.5324996160398427,-1.6062957129725106,-1.0740244724417796,-794.0,0.5322712405307257,1.6062957129725106,0.011518620328896834,0.006871721513513895,-0.0018476673479166372,0.010103782124071259,-0.011936652804282577,0.08218260855032367,0.1668549959564647,5.0,DJIA x $5,91738.349609375,2859484357.3242188,588960204.4921875,2270524152.8320312,193751394.375,378237215.4394531,1517077087.4902344,3576419559.5214844,-2059342472.03125,-120911144.78515625,-245308346.85546875,4376561444.814453,4165379764.013672,211181680.80078125,72840249.58984375,132928868.58398438,759685273.1152344,970775215.5664062,-211089942.45117188,-72840249.58984375,-132837130.234375
2016-07-19,DJIA Consolidated - CHICAGO BOARD OF TRADE,63157,38649,7219,31430,49.76487166901531,61.19511693082319,11.430245261807876,0,0.0,16811,44477,-27666,-43.80512057254145,26.617793752078157,70.4229143246196,55460,51696,3764,5.959751096473867,87.81291068290135,81.85315958642747,7697,11461,-3764,-5.959751096473867,12.187089317098659,18.146840413572527,18559.009765625,2016-07-25,2016-07-25,18493.060546875,-0.003553488013792183,2016-07-26,2016-07-26,18473.75,-0.004593982475450731,2016-07-27,2016-07-27,18472.169921875,-0.004679120537500081,2016-07-28,2016-07-28,18456.349609375,-0.005531553544421697,2016-07-29,2016-07-29,18432.240234375,-0.00683061935151319,-0.003553488013792183,-0.0010442050317227558,-8.553098991814778e-05,-0.0008564403947619592,-0.001306291629182943,-0.003288818113466707,0.011518620328896834,5.5581808300705475,6680.0,5.521478407594579,-0.03670242247597599,-3.7100985138492533,-5218.0,-2.919420244028082,0.7906782698211572,1.8480823162213085,1462.0,2.6020581635664968,0.7539758473451741,-1.8498684451440939,-1463.0,-2.6038442924892795,-0.7539758473451883,-0.004593982475450731,-0.01321407970964239,-0.0013987268018512689,-0.0003766491026879759,-0.021395016087305097,0.06830966639034508,0.16249362122276145,5.0,DJIA x $5,92795.048828125,3586435842.158203,669887457.4902344,2916548384.6679688,619870926.171875,912917690.3710938,1559977565.8496094,4127245386.7285156,-2567267820.8789062,-484204564.78515625,-503784320.0878906,5146413408.0078125,4797132844.21875,349280563.7890625,135666361.38671875,409133370.2832031,714243490.8300781,1063524054.6191406,-349280563.7890625,-135759156.43554688,-409133370.2832031
2016-07-26,DJIA Consolidated - CHICAGO BOARD OF TRADE,67461,41623,8122,33501,49.6598034419887,61.69935221831874,12.039548776330028,22,0.03261143475489542,16470,49198,-32728,-48.51395621173715,24.414105927869436,72.92806213960658,58114,57341,773,1.1458472302515528,86.14458724299966,84.99874001274812,9348,10121,-773,-1.1458472302515528,13.856895094943745,15.002742325195298,18473.75,2016-08-01,2016-08-01,18404.509765625,-0.0037480335273022414,2016-08-02,2016-08-02,18313.76953125,-0.008659880573787082,2016-08-03,2016-08-03,18355.0,-0.006428039786183115,2016-08-04,2016-08-04,18352.05078125,-0.006587683537451761,2016-08-05,2016-08-05,18543.529296875,0.0037772134447526806,-0.0037480335273022414,-0.004930326073910418,0.0022513370980041802,-0.0001606765867611104,0.010433630437674646,0.007553557960541468,-0.004593982475450731,-0.10506822702660656,2071.0,0.5042352874955469,0.6093035145221517,-4.708835639195705,-5062.0,-2.2036878242087212,2.5051478149869837,-4.813903866222314,-2991.0,-1.668323439901684,3.145580426320649,4.813903866222314,2991.0,1.6698057778450863,-3.1440980883772287,-0.008659880573787082,0.0032100023682251067,0.004236797144597126,0.003981367142567249,-0.016481790039921562,0.07789219500642797,0.16995356587049182,5.0,DJIA x $5,92368.75,3844664481.25,750218987.5,3094445493.75,191295681.25,1238942043.75,1521313312.5,4544357762.5,-3023044450.0,-467570612.5,-1071939343.75,5367917537.5,5296516493.75,71401043.75,-276274931.25,167002700.0,863463075.0,934864118.75,-71401043.75,276274931.25,-167095068.75
2016-08-02,DJIA Consolidated - CHICAGO BOARD OF TRADE,69740,44061,5817,38244,54.83796960137654,63.17895038715228,8.340980785775738,224,0.32119300258101524,16526,54163,-37637,-53.967593920275306,23.696587324347576,77.66418124462288,60810,60203,607,0.8703756811012332,87.19529681674793,86.32492113564669,8930,9538,-608,-0.8718095784341842,12.804703183252078,13.676512761686263,18313.76953125,2016-08-08,2016-08-08,18529.2890625,0.011768168802290813,2016-08-09,2016-08-09,18533.05078125,0.011973572651213349,2016-08-10,2016-08-10,18495.66015625,0.00993190531799737,2016-08-11,2016-08-11,18613.51953125,0.01636746599265204,2016-08-12,2016-08-12,18576.470703125,0.014344462041347317,0.011768168802290813,0.00020301473722561525,-0.002017510524377819,0.0063722718737440065,-0.0019904257259245606,0.0025463276257311485,-0.008659880573787082,5.1781661593878425,4743.0,1.4795981688335402,-3.69856799055429,-5.453637708538153,-4909.0,-0.7175186035218601,4.7361191050163,-0.2754715491503196,-166.0,1.0507095737482643,1.326181122898575,0.2740376518173686,165.0,-1.0521919116916667,-1.3262295635090346,0.011973572651213349,0.013009337023350609,0.012751675705075849,0.007673529458815276,-0.015107207798094158,0.08465326102605952,0.1993118011230024,5.0,DJIA x $5,91568.84765625,4034614996.5820312,532655986.81640625,3501959009.765625,434311044.43359375,1429023436.5234375,1513266776.3671875,4959643495.605469,-3446376719.2382812,-449511473.14453125,-1511526968.2617188,5568301625.9765625,5512719335.449219,55582290.52734375,-15200428.7109375,-82503531.73828125,817709809.5703125,873383668.9453125,-55673859.375,15108859.86328125,82320394.04296875
2016-08-09,DJIA Consolidated - CHICAGO BOARD OF TRADE,71005,44907,7500,37407,52.68220547848743,63.244841912541375,10.56263643405394,579,0.8154355327089642,16870,53259,-36389,-51.24850362650517,23.758890218998662,75.00739384550383,62356,61337,1019,1.4351102035067953,87.819167664249,86.3840574607422,8650,9668,-1018,-1.4337018519822549,12.182240687275545,13.6159425392578,18533.05078125,2016-08-15,2016-08-15,18636.05078125,0.005557638686459754,2016-08-16,2016-08-16,18552.01953125,0.0010235093090658065,2016-08-17,2016-08-17,18573.939453125,0.0022062569383540787,2016-08-18,2016-08-18,18597.69921875,0.003488278225914465,2016-08-19,2016-08-19,18552.5703125,0.0010532281749180417,0.005557638686459754,-0.004509069597757542,0.001181538313824948,0.0012791990457901026,-0.0024265854458223046,-0.00447951498576038,0.011973572651213349,-2.15576412288911,-837.0,0.06589152538909815,2.221655648278203,2.7190902937701367,1248.0,0.062302894651086405,-2.656787399119054,0.5647345224055621,412.0,0.6238708475010668,0.05913632509550837,-0.5618922735480707,-410.0,-0.6224624959765332,-0.06057022242846344,0.0010235093090658065,0.0007688966143888365,-0.004249165500570085,0.0002734767974696961,-0.010808287811829409,0.08402492928069183,0.19167319533240978,5.0,DJIA x $5,92665.25390625,4161318557.1679688,694989404.296875,3466329152.8710938,-77560817.51953125,1172864118.6914062,1563262833.3984375,4935258757.792969,-3371995924.3945312,115646236.875,-1291846304.7070312,5778234572.578125,5683808678.847656,94425893.73046875,38178084.609375,-118889520.76171875,801554446.2890625,895887674.765625,-94333228.4765625,-37992754.1015625,118889520.76171875
2016-08-16,DJIA Consolidated - CHICAGO BOARD OF TRADE,72633,46016,8181,37835,52.090647501824236,63.35412278165572,11.263475279831482,759,1.0449795547478418,17557,53548,-35991,-49.55185659411011,24.172208224911543,73.72406481902166,64332,62488,1844,2.5387909077141244,88.5713105613151,86.03251965360099,8302,10146,-1844,-2.5387909077141244,11.430066223342008,13.968857131056131,18552.01953125,2016-08-22,2016-08-22,18529.419921875,-0.001218175160765167,2016-08-23,2016-08-23,18547.30078125,-0.00025435236266602157,2016-08-24,2016-08-24,18481.48046875,-0.0038022309313107128,2016-08-25,2016-08-25,18448.41015625,-0.005584803035889152,2016-08-26,2016-08-26,18395.400390625,-0.00844216126234576,-0.001218175160765167,0.0009649983351012192,-0.00354878120952995,-0.0017893757243050423,-0.002873405630947623,-0.00723279691512535,0.0010235093090658065,-0.5915579766631964,428.0,0.1092808691143432,0.7008388457775414,1.696647032395056,398.0,0.41331800591288115,-1.2833290264821642,1.103680704207329,825.0,0.7521428970661077,-0.35153780714121297,-1.1050890557318696,-826.0,-0.752174463933537,0.3529145917983314,-0.00025435236266602157,-0.005267283695739811,-0.0007492656312476642,-0.026157234819238262,0.020000033689054675,0.10523871116625827,0.18580029507400742,5.0,DJIA x $5,92760.09765625,4268448653.75,758870358.9257812,3509578294.8242188,39701321.796875,594128425.4882812,1628589034.5507812,4967117709.296875,-3338528674.7460938,36918518.8671875,-772227812.9882812,5967442602.421875,5796392982.34375,171049620.078125,76527080.56640625,-178099387.5,770094330.7421875,941143950.8203125,-171049620.078125,-76619840.6640625,178099387.5
2016-08-23,DJIA Consolidated - CHICAGO BOARD OF TRADE,73139,46501,8377,38124,52.12540505065697,63.57893873309726,11.453533682440286,879,1.2018211897893052,17344,53569,-36225,-49.5289790672555,23.713750529813098,73.24272959706859,64724,62824,1900,2.597793243003049,88.49451045269966,85.8967172096966,8416,10315,-1899,-2.5964259834014682,11.506856806901926,14.103282790303396,18547.30078125,2016-08-29,2016-08-29,18502.990234375,-0.0023890563590683866,2016-08-30,2016-08-30,18454.30078125,-0.005014206708396918,2016-08-31,2016-08-31,18400.880859375,-0.00789440596245794,2016-09-01,2016-09-01,18419.30078125,-0.006901273749191472,2016-09-02,2016-09-02,18491.9609375,-0.0029837141480956175,-0.0023890563590683866,-0.0026314370006284005,-0.002894713948158656,0.0010010347882674075,0.003944783632827464,-0.0005960818621905117,-0.00025435236266602157,0.03475754883273652,289.0,0.22481595144154198,0.1900584026088037,0.022877526854614416,-234.0,-0.4584576950984456,-0.4813352219530742,0.05900233528892462,56.0,-0.07680010861544417,-0.13580244390438168,-0.05763507568734383,-55.0,0.07679058355991764,0.13442565924726502,-0.005014206708396918,-0.0004950391829673384,-0.02590947259214138,-0.022501378970027908,0.025694755533202773,0.11838376077718515,0.1807589084412342,5.0,DJIA x $5,92736.50390625,4312340168.144531,776853693.2226562,3535486474.921875,26800849.62890625,428720857.55859375,1608421923.75,4967801777.753906,-3359379854.0039062,-21700341.9140625,-324299554.16015625,6002277478.828125,5826078121.40625,176199357.421875,5193244.21875,104514039.90234375,780470416.875,956577037.7929688,-176106620.91796875,-5100507.71484375,-104421303.3984375
2016-08-30,DJIA Consolidated - CHICAGO BOARD OF TRADE,72837,46385,7609,38776,53.23667916031687,63.68329283193981,10.446613671622938,1007,1.3825390941417137,17238,53966,-36728,-50.424921399838,23.666543103093208,74.0914645029312,64629,62581,2048,2.8117577604788777,88.73100210058075,85.91924434010187,8208,10256,-2048,-2.8117577604788777,11.26899789941925,14.080755659898129,18454.30078125,2016-09-05,2016-09-06,18538.119140625,0.004541941760273005,2016-09-06,2016-09-06,18538.119140625,0.004541941760273005,2016-09-07,2016-09-07,18526.140625,0.0038928510270619388,2016-09-08,2016-09-08,18479.91015625,0.0013877185217452404,2016-09-09,2016-09-09,18085.44921875,-0.019987295475034306,0.004541941760273005,0.0,-0.0006461559306062403,-0.0024954182139594883,-0.021345392600114477,-0.024418330599839888,-0.005014206708396918,1.1112741096598953,652.0,0.10435409884254909,-1.006920010817348,-0.8959423325825,-503.0,-0.04720742671988987,0.8487349058626137,0.21396451747582867,148.0,0.23649164788109545,0.02252713040526544,-0.21533177707740947,-149.0,-0.2378589074826749,-0.022527130405267215,0.004541941760273005,-0.021000567068017006,-0.017575298440975717,-0.012246467784334691,0.03615952920865961,0.1277718121686151,0.1848386671382709,5.0,DJIA x $5,92271.50390625,4280013708.6914062,702093873.2226562,3577919835.46875,60161020.546875,49088440.078125,1590576184.3359375,4979523979.8046875,-3388947795.46875,-46412566.46484375,83874797.05078125,5963415025.957031,5774442985.957031,188972040.0,13656182.578125,132963237.12890625,757364504.0625,946336544.0625,-188972040.0,-13748454.08203125,-132870965.625
2016-09-06,DJIA Consolidated - CHICAGO BOARD OF TRADE,74026,47460,8249,39211,52.96922702834139,64.11260908329506,11.143382054953666,901,1.2171399238105531,16829,54754,-37925,-51.231999567719456,22.733904303893226,73.96590387161268,65190,63904,1286,1.7372274606219436,88.06365331099883,86.32642585037689,8836,10122,-1286,-1.7372274606219436,11.936346689001162,13.673574149623105,18538.119140625,2016-09-12,2016-09-12,18325.0703125,-0.011492472699569545,2016-09-13,2016-09-13,18066.75,-0.02542702078076664,2016-09-14,2016-09-14,18034.76953125,-0.027152140168952954,2016-09-15,2016-09-15,18212.48046875,-0.01756589594687552,2016-09-16,2016-09-16,18123.80078125,-0.022349535906641682,-0.011492472699569545,-0.014096552323938027,-0.0017701284818797403,0.00985379586870061,-0.004869171316458587,-0.010983288348569653,0.004541941760273005,-0.26745213197547457,435.0,0.429316251355246,0.6967683833307277,-0.8070781678814569,-1197.0,-0.9326387991999816,-0.12556063131852113,-1.0745302998569342,-762.0,-0.6673487895819221,0.4071815102750236,1.0745302998569342,762.0,0.6673487895819115,-0.4071815102750236,-0.02542702078076664,-0.0220172391831569,-0.01671250233234578,-0.019941069483413454,0.038496902023143376,0.12874232854453083,0.17343676463941438,5.0,DJIA x $5,92690.595703125,4399095672.0703125,764604723.9550781,3634490948.1152344,40320409.130859375,167213834.6484375,1559890035.0878906,5075180877.128906,-3515290842.0410156,-110950643.05664062,-142372755.0,6042499933.886719,5923299827.8125,119200106.07421875,-70630233.92578125,24748389.052734375,819014103.6328125,938214209.7070312,-119200106.07421875,70630233.92578125,-24841079.6484375
2016-09-13,DJIA Consolidated - CHICAGO BOARD OF TRADE,78565,38561,9285,29276,37.26341246101954,49.0816521351747,11.818239674155159,1348,1.7157767453700759,30063,58664,-28601,-36.40425125692102,38.265130783427736,74.66938204034875,69972,69296,676,0.8604340355119965,89.06255966397251,88.20212562846052,8593,9269,-676,-0.8604340355119965,10.937440336027493,11.79787437153949,18066.75,2016-09-19,2016-09-19,18120.169921875,0.0029568086055875575,2016-09-20,2016-09-20,18129.9609375,0.0034987442401095414,2016-09-21,2016-09-21,18293.69921875,0.01256170693400871,2016-09-22,2016-09-22,18392.4609375,0.018028197517539146,2016-09-23,2016-09-23,18261.44921875,0.010776659817067324,0.0029568086055875575,0.0005403379585959822,0.009031364260213337,0.005398674022625949,-0.007123120674019323,0.007796797573318859,-0.02542702078076664,-15.705814567321852,-9935.0,-15.030956948120355,0.674857619201493,14.827748310798434,9324.0,15.53122647953451,0.7034781687360692,-0.8767934251099471,-610.0,0.9989063529736768,1.8756997780836286,0.8767934251099471,610.0,-0.9989063529736697,-1.8756997780836162,0.0034987442401095414,0.008941883916587123,0.0056290820844921985,0.0034267456100294247,0.10209146290838134,0.15335459563147769,0.2242854622441779,5.0,DJIA x $5,90333.75,3483359733.75,838748868.75,2644610865.0,-897465806.25,-773166566.25,2715703526.25,5299339110.0,-2583635583.75,842271885.0,667566412.5,6320833155.0,6259767540.0,61065615.0,-55103587.5,-105509820.0,776237913.75,837303528.75,-61065615.0,55103587.5,105509820.0
2016-09-20,DJIA Consolidated - CHICAGO BOARD OF TRADE,58114,35501,8363,27138,46.69786970437416,61.088550091200055,14.390680386825894,270,0.464604054100561,14526,41801,-27275,-46.933613242936296,24.995698110610178,71.92931135354648,50296,50434,-138,-0.23746429431806448,86.54713150015488,86.78459579447293,7818,7681,137,0.23574353856213648,13.452868499845133,13.217124961282995,18129.9609375,2016-09-26,2016-09-26,18094.830078125,-0.001937723941938252,2016-09-27,2016-09-27,18228.30078125,0.005424161921198323,2016-09-28,2016-09-28,18339.240234375,0.011543284488943817,2016-09-29,2016-09-29,18143.44921875,0.0007439774027366841,2016-09-30,2016-09-30,18308.150390625,0.009828452126249942,-0.001937723941938252,0.007376178861516536,0.00608611051882102,-0.010676070170999252,0.009077721104143288,0.011789019934367095,0.0034987442401095414,9.434457243354622,-2138.0,12.006897956025355,2.572440712670735,-10.529361986015275,1326.0,-13.269432672817558,-2.7400706868022695,-1.0978983298300609,-814.0,-2.5154281638176315,-1.4175298339875866,1.096177574074133,813.0,2.5154281638176403,1.4192505897435055,0.005424161921198323,0.0021229103241138247,-7.174760356543075e-05,0.0017638491188833871,0.10174639699909727,0.1399919634065676,0.23391334699338762,5.0,DJIA x $5,90649.8046875,3218158716.2109375,758104316.6015625,2460054399.609375,-193809282.421875,-995878754.296875,1316779062.890625,3789252485.7421875,-2472473422.8515625,120201641.015625,811315751.953125,4559322576.5625,4571832249.609375,-12509673.046875,-73788941.015625,-184744301.953125,708700173.046875,696281149.8046875,12419023.2421875,73698291.2109375,184563002.34375
2016-09-27,DJIA Consolidated - CHICAGO BOARD OF TRADE,60653,38693,8256,30437,50.18218389857056,63.794041514846754,13.611857616276193,307,0.5061579806439912,13717,44071,-30354,-50.04533988425964,22.615534268708885,72.66087415296852,52716,52634,82,0.13519529124692925,86.91408504113564,86.7788897498887,7937,8020,-83,-0.1368440143109162,13.08591495886436,13.222758973175274,18228.30078125,2016-10-03,2016-10-03,18253.849609375,0.0014016022903944325,2016-10-04,2016-10-04,18168.44921875,-0.0032834416777653974,2016-10-05,2016-10-05,18281.029296875,0.002892673116258626,2016-10-06,2016-10-06,18268.5,0.002205319038368625,2016-10-07,2016-10-07,18240.490234375,0.0006687103351694645,0.0014016022903944325,-0.004678486590638853,0.006196460510719648,-0.0006853715221134538,-0.0015332274475189367,-0.0007318661699249329,0.005424161921198323,3.4843141941963935,3299.0,2.7054914236466985,-0.7788227705497004,-3.1117266413233438,-3079.0,-2.380163841901293,0.7315627994220364,0.37265958556499373,220.0,0.3669535409807594,-0.00570604458422963,-0.3725875528730527,-220.0,-0.3669535409807736,0.005634011892279744,-0.0032834416777653974,-0.005466259647333271,-0.003640565784017613,-0.0032384395401638955,0.09417983068481472,0.13567908761380454,0.22251221218722184,5.0,DJIA x $5,91141.50390625,3526538210.6445312,752464256.25,2774073954.3945312,300675821.38671875,-760029001.0742188,1250188009.0820312,4016697218.6523438,-2766509209.5703125,-280624690.52734375,580935945.8984375,4804615519.921875,4797141916.6015625,7473603.3203125,20051130.859375,-179184196.6796875,723390116.5039062,730954861.328125,-7564744.82421875,-20051130.859375,179093055.17578125
2016-10-04,DJIA Consolidated - CHICAGO BOARD OF TRADE,61014,38865,9579,29286,47.99881994296391,63.69849542727899,15.699675484315076,510,0.8358737338971384,13822,42857,-29035,-47.58743894843806,22.65381715671813,70.2412561051562,53196,52946,250,0.4097420264201659,87.18654734978857,86.77680532336841,7818,8068,-250,-0.4097420264201659,12.813452650211426,13.223194676631591,18168.44921875,2016-10-10,2016-10-10,18329.0390625,0.00883894061713697,2016-10-11,2016-10-11,18128.66015625,-0.0021900087355247733,2016-10-12,2016-10-12,18144.19921875,-0.0013347314186272774,2016-10-13,2016-10-13,18098.939453125,-0.0038258502301486974,2016-10-14,2016-10-14,18138.380859375,-0.0016549766583252579,0.00883894061713697,-0.010932319232161092,0.0008571544927242769,-0.0024944482299460446,0.0021792109063711873,-0.010401974837571992,-0.0032834416777653974,-2.1833639556066444,-1151.0,-0.09554608756776162,2.087817868038883,2.457900935821577,1319.0,0.0382828880092454,-2.419618047812321,0.27454673517323663,168.0,0.2724623086529334,-0.002084426520298166,-0.2728980121092497,-167.0,-0.2724623086529334,0.00043570345631671614,-0.0021900087355247733,-0.0003583005652613158,4.515038626151657e-05,-0.007229544348751893,0.09430141924864177,0.13874552446796184,0.24620817381092697,5.0,DJIA x $5,90842.24609375,3530583894.4335938,870177875.3320312,2660406019.1015625,-104559425.25390625,-901609292.4804688,1255621525.5078125,3893226140.8398438,-2637604615.3320312,119820922.59765625,807587567.7734375,4832444123.203125,4809733561.6796875,22710561.5234375,15261497.34375,-94112566.953125,710204679.9609375,732915241.484375,-22710561.5234375,-15170655.09765625,94112566.953125
2016-10-11,DJIA Consolidated - CHICAGO BOARD OF TRADE,60761,37746,11436,26310,43.30080150096279,62.122084889978765,18.82128338901598,574,0.9446849130198647,13460,40922,-27462,-45.1967544971281,22.15236747255641,67.3491219696845,51780,52931,-1151,-1.89430720363391,85.21913727555504,87.11344447918896,8981,7830,1151,1.89430720363391,14.780862724444956,12.886555520811047,18128.66015625,2016-10-17,2016-10-17,18086.400390625,-0.002331102533820184,2016-10-18,2016-10-18,18161.939453125,0.0018357284315646538,2016-10-19,2016-10-19,18202.619140625,0.004079671842130095,2016-10-20,2016-10-20,18162.349609375,0.001858353173076921,2016-10-21,2016-10-21,18145.7109375,0.0009405428257267534,-0.002331102533820184,0.004176566971234141,0.0022398316878542435,-0.0022122932386211547,-0.0009161078953359159,0.0032792897201228133,-0.0021900087355247733,-4.698018442001121,-2976.0,-1.5764105373002266,3.1216079047009053,2.3906844513099657,1573.0,-0.5014496841617202,-2.892134135471693,-2.304049230054076,-1401.0,-1.967410074233527,0.33663915582054926,2.304049230054076,1401.0,1.9674100742335305,-0.33663915582054393,0.0018357284315646538,0.0022400648834490777,-0.005050596463602064,0.01125731721848422,0.09525630276816943,0.13915207209233826,0.2593693902761447,5.0,DJIA x $5,90643.30078125,3421422031.2890625,1036596787.734375,2384825243.5546875,-269754463.125,-268848030.1171875,1220058828.515625,3709305154.5703125,-2489246326.0546875,142581912.12890625,103242719.58984375,4693510114.453125,4797840553.652344,-104330439.19921875,-126991264.39453125,-165605310.52734375,814067484.3164062,709737045.1171875,104330439.19921875,126991264.39453125,165605310.52734375
2016-10-18,DJIA Consolidated - CHICAGO BOARD OF TRADE,58842,38043,10112,27931,47.46779511233473,64.65279902110737,17.185003908772643,510,0.8667278474558988,12454,40170,-27716,-47.1024098433092,21.165154141599537,68.26756398490875,51006,50792,214,0.3636858026579654,86.68298154379525,86.31929574113728,7836,8051,-215,-0.365385269025526,13.317018456204751,13.682403725230277,18161.939453125,2016-10-24,2016-10-24,18223.029296875,0.003363618952021641,2016-10-25,2016-10-25,18169.26953125,0.0004035955600401042,2016-10-26,2016-10-26,18199.330078125,0.0020587352521741487,2016-10-27,2016-10-27,18169.6796875,0.0004261788447745829,2016-10-28,2016-10-28,18161.189453125,-4.1295149228681716e-05,0.003363618952021641,-0.0029501003784381252,0.0016544719545987796,-0.0016292023111684761,-0.0004672748513470104,-0.0033934996614752855,0.0018357284315646538,4.166993611371936,1621.0,2.5307141311286045,-1.6362794802433385,-1.9056553461811063,-254.0,-0.9872133309568731,0.9184420152242438,2.2579930062918754,1365.0,1.4638442682402086,-0.7941487380516747,-2.259692472659436,-1366.0,-1.463844268240205,0.7958482044192294,0.0004035955600401042,-0.0068737066364638055,0.009404325000137215,0.04190747886338975,0.09166587535553883,0.130015841636544,0.2662435921273809,5.0,DJIA x $5,90809.697265625,3454673313.076172,918267658.75,2536405654.326172,147202519.26757812,72012089.93164062,1130943969.7460938,3647825539.1601562,-2516881569.4140625,-23065663.10546875,-40047076.494140625,4631839418.730469,4612406143.515625,19433275.21484375,123955236.76757812,31965013.4375,711584787.7734375,731108872.6855469,-19524084.912109375,-124046046.46484375,-31965013.4375
2016-10-25,DJIA Consolidated - CHICAGO BOARD OF TRADE,57677,36208,11903,24305,42.13984777294242,62.77719021447024,20.63734244152782,622,1.0784194739670925,12538,37018,-24480,-42.44326161208107,21.738301229259495,64.18156284134056,49368,49543,-175,-0.30341383913865144,85.59391091769683,85.89732475683547,8310,8135,175,0.30341383913865144,14.407822875669677,14.104409036531026,18169.26953125,2016-10-31,2016-10-31,18142.419921875,-0.0014777484217964876,2016-11-01,2016-11-01,18037.099609375,-0.00727436629456546,2016-11-02,2016-11-02,17959.640625,-0.011537552783255856,2016-11-03,2016-11-03,17930.669921875,-0.013132041932925498,2016-11-04,2016-11-04,17888.279296875,-0.015465136553327818,-0.0014777484217964876,-0.005805196492724263,-0.0042944257143615605,-0.0016131003804537025,-0.0023641406140818555,-0.014008088562296628,0.0004035955600401042,-5.32794733939231,-3626.0,-1.875608806637132,3.452338532755178,4.65914823122813,3236.0,0.573147087659958,-4.086001143568183,-0.6670996417966168,-389.0,-1.0890706260984189,-0.421970984301808,0.6687991081641774,390.0,1.0908044194649253,0.42200531130074914,-0.00727436629456546,0.00899709825118955,0.041487139278138185,0.04703544123802783,0.09595550350834903,0.1555841088995349,0.29018724309783894,5.0,DJIA x $5,90846.34765625,3289364555.9375,1081344076.1523438,2208020479.7851562,-329408856.6015625,-557069803.828125,1139031506.9140625,3362950097.5390625,-2223918590.625,293978781.015625,533631446.1328125,4484902491.09375,4500800601.933594,-15898110.83984375,-35339229.23828125,-23347511.34765625,754933149.0234375,739035038.1835938,15898110.83984375,35430075.5859375,23438357.6953125
2016-11-01,DJIA Consolidated - CHICAGO BOARD OF TRADE,58314,34678,13569,21109,36.19885447748396,59.46770929793874,23.26885482045478,576,0.9877559419693384,15208,36102,-20894,-35.830160853311384,26.079500634496007,61.90966148780739,50461,50246,215,0.3686936241725829,86.53325102033817,86.16455739616559,7853,8068,-215,-0.3686936241725829,13.46674897966183,13.835442603834414,18037.099609375,2016-11-07,2016-11-07,18259.599609375,0.012335686159007153,2016-11-08,2016-11-08,18332.740234375,0.01639069647574254,2016-11-09,2016-11-09,18589.689453125,0.030636291627661905,2016-11-10,2016-11-10,18807.880859375,0.04273310380785267,2016-11-11,2016-11-11,18847.66015625,0.04493851918707059,0.012335686159007153,0.004005598510629316,0.014015865357007717,0.01173722706881053,0.002115033435846847,0.03220555540402281,-0.00727436629456546,-5.940993295458455,-3196.0,-3.3094809165314985,2.63151237892696,6.61310075876969,3586.0,4.341199405236512,-2.271901353533174,0.6721074633112343,390.0,0.9393401026413386,0.26723263933011765,-0.6721074633112343,-390.0,-0.9410738960078469,-0.2689664326966117,0.01639069647574254,0.0491188138163583,0.054707771904586755,0.06012607478401444,0.10129068830031862,0.16148888006977802,0.2960642642470299,5.0,DJIA x $5,90185.498046875,3127452701.2695312,1223727022.9980469,1903725678.2714844,-288232851.7578125,-737446817.5292969,1371541054.296875,3255876850.4882812,-1884335796.1914062,323405195.99609375,734200139.5996094,4550850416.943359,4531460534.863281,19389882.080078125,35172344.23828125,-3156492.431640625,708226716.1621094,727616598.2421875,-19389882.080078125,-35172344.23828125,3156492.431640625
2016-11-08,DJIA Consolidated - CHICAGO BOARD OF TRADE,58186,37184,15435,21749,37.378407176984155,63.90540679888633,26.526999621902174,384,0.6599525659093253,13144,32979,-19835,-34.08895610627986,22.589626370604613,56.67858247688448,50711,48797,1914,3.289451070704293,87.15326710892654,83.86381603822225,7475,9390,-1915,-3.2911696971780153,12.846732891073454,16.137902588251468,18332.740234375,2016-11-14,2016-11-14,18868.689453125,0.029234539512269064,2016-11-15,2016-11-15,18923.060546875,0.03220033148089407,2016-11-16,2016-11-16,18868.140625,0.029204602464234508,2016-11-17,2016-11-17,18903.8203125,0.03115083019908771,2016-11-18,2016-11-18,18867.9296875,0.029193096410185637,0.029234539512269064,0.0028815511477398026,-0.0029022748058621373,0.001891001779620316,-0.0018985910999306244,-4.0265945702611106e-05,0.01639069647574254,1.1795526995001921,640.0,4.437697500947593,3.2581448014473935,1.7412047470315244,1059.0,-3.4898742638913944,-5.231079010922912,2.9207574465317103,1699.0,0.6200160885883719,-2.3007413579433376,-2.9224760730054324,-1700.0,-0.6200160885883754,2.3024599844170535,0.03220033148089407,0.03769915994086315,0.043030085241749116,0.05013102519048118,0.0958694011727439,0.14417043108177263,0.2849814139938973,5.0,DJIA x $5,91663.701171875,3408423064.375,1414829227.5878906,1993593836.7871094,58664768.75,-418078141.0449219,1204827688.203125,3022977200.9472656,-1818149512.7441406,97071859.54101562,699119048.8378906,4648357950.126953,4472913626.083984,175444324.04296875,155736628.29101562,280949244.0917969,685186166.2597656,860722154.0039062,-175535987.74414062,-155828291.9921875,-281040907.79296875
2016-11-15,DJIA Consolidated - CHICAGO BOARD OF TRADE,61674,37923,7978,29945,48.55368550766936,61.48944449849208,12.935758990822713,1328,2.1532574504653503,14085,39653,-25568,-41.456691636670236,22.837824691117813,64.29451632778805,53336,48959,4377,7.096993870999125,86.48052664007524,79.38353276907611,8339,12715,-4376,-7.095372442196063,13.521094788727828,20.61646723092389,18923.060546875,2016-11-21,2016-11-21,18956.689453125,0.001777138860106442,2016-11-22,2016-11-22,19023.869140625,0.005327288019836063,2016-11-23,2016-11-23,19083.1796875,0.00846158792486884,2016-11-24,2016-11-25,19152.140625,0.012105868263621478,2016-11-25,2016-11-25,19152.140625,0.012105868263621478,0.001777138860106442,0.003543851243969387,0.003117691066763184,0.0036137026758267243,0.0,0.010310406379673953,0.03220033148089407,11.175278330685202,8196.0,-2.4159623003942556,-13.591240631079462,-7.367735530390377,-5733.0,0.24819832051320034,7.615933850903566,3.8075428002948315,2463.0,-0.6727404688513019,-4.480283269146142,-3.804202745018048,-2461.0,0.6743618976543733,4.478564642672424,0.005327288019836063,0.010491910756623701,0.017371331090217712,0.05221937477699323,0.0835673280999012,0.10868693507745752,0.23708692075135263,5.0,DJIA x $5,94615.302734375,3588096125.595703,754840885.2148438,2833255240.3808594,775467021.2109375,190555219.70703125,1332656539.0136719,3751780599.326172,-2419124060.3125,-542429530.5761719,203233670.2734375,5046401786.640625,4632270606.572266,414131180.0683594,233037490.63476562,393883505.2832031,788997009.5019531,1203033574.2675781,-414036564.765625,-232848260.02929688,-393694274.6777344
2016-11-22,DJIA Consolidated - CHICAGO BOARD OF TRADE,67260,40187,8882,31305,46.54326494201605,59.748736247398156,13.2054713053821,1513,2.2494796312815937,16167,44428,-28261,-42.01754385964912,24.03657448706512,66.05411834671425,57867,54823,3044,4.525721082366934,86.03479036574487,81.50906928337793,9393,12438,-3045,-4.527207850133809,13.96520963425513,18.492417484388938,19023.869140625,2016-11-28,2016-11-28,19097.900390625,0.0038914928110973523,2016-11-29,2016-11-29,19121.599609375,0.005137255099242566,2016-11-30,2016-11-30,19123.580078125,0.005241359513300514,2016-12-01,2016-12-01,19191.9296875,0.008834193803200163,2016-12-02,2016-12-02,19170.419921875,0.0077035213061387164,0.0038914928110973523,0.001240933205497008,0.00010357233654390008,0.0035741011408834122,-0.0011207713854334278,0.0037972515180568767,0.005327288019836063,-2.0104205656533054,1360.0,-1.7407082510939205,0.2697123145593867,-0.5608522229788875,-2693.0,1.1987497959473075,1.759602018926202,-2.571272788632191,-1333.0,-0.4457362743303719,2.125536514301814,2.568164592062254,1331.0,0.4441148455273023,-2.124049746534954,0.005137255099242566,0.011980220982665601,0.04664360285048974,0.049976689440619504,0.09036704608653134,0.10061260416986428,0.24006477881764687,5.0,DJIA x $5,95119.345703125,3822561145.7714844,844850028.5351562,2977711117.236328,129362310.15625,665835419.921875,1537794461.9824219,4225962290.8984375,-2688167828.9160156,-256156397.97851562,-359646246.1035156,5504271177.802734,5214727889.482422,289543288.3203125,-126794087.82226562,306189173.8183594,893456014.1894531,1183094421.8554688,-289638407.6660156,126603849.13085938,-306284293.1640625
2016-11-29,DJIA Consolidated - CHICAGO BOARD OF TRADE,72827,44672,9412,35260,48.416109409971575,61.339887679020144,12.923778269048567,1344,1.8454694000851333,17728,49963,-32235,-44.26243014266687,24.34262018207533,68.6050503247422,63744,60719,3025,4.1536792673047085,87.5279772611806,83.3742979938759,9083,12108,-3025,-4.1536792673047085,12.472022738819394,16.6257020061241,19121.599609375,2016-12-05,2016-12-05,19216.240234375,0.0049494094078614825,2016-12-06,2016-12-06,19251.779296875,0.00680799149440281,2016-12-07,2016-12-07,19549.619140625,0.022384086059418884,2016-12-08,2016-12-08,19614.810546875,0.025793393208494386,2016-12-09,2016-12-09,19756.849609375,0.0332215930140356,0.0049494094078614825,0.0018494285076862127,0.0154707696965104,0.0033346637487443598,0.007241419036934316,0.02813294215758866,0.005137255099242566,1.8728444679555238,3955.0,1.591151431621988,-0.2816930363335324,-2.244886283017749,-3974.0,0.3060456950102086,2.550931978027947,-0.3720418150622251,-19.0,1.493186895435727,1.8652287104979735,0.37352858282910084,20.0,-1.493186895435736,-1.8667154782648367,0.00680799149440281,0.04129420886618007,0.04461026005542856,0.04306331425961263,0.08841522987287664,0.09977570562739957,0.24658561126932388,5.0,DJIA x $5,95607.998046875,4271000488.75,899862477.6171875,3371138011.1328125,378129632.2753906,1352948780.3613281,1694938589.375,4776862406.416016,-3081923817.0410156,-379946184.23828125,-1084290305.8496094,6094436227.5,5805222033.408203,289214194.0917969,-1816551.962890625,268658474.51171875,868407446.2597656,1157621640.3515625,-289214194.0917969,1912159.9609375,-268658474.51171875
2016-12-06,DJIA Consolidated - CHICAGO BOARD OF TRADE,71133,43514,8951,34563,48.58926236767745,61.17273276819479,12.58347040051734,608,0.8547369012975694,17621,49855,-32234,-45.31511394148989,24.77190614763893,70.08702008912881,61742,59414,2328,3.272742608915693,86.79796999985942,83.52522739094373,9391,11720,-2329,-3.274148426187564,13.202030000140583,16.476178426328143,19251.779296875,2016-12-12,2016-12-12,19796.4296875,0.02829091182825949,2016-12-13,2016-12-13,19911.2109375,0.03425302308197775,2016-12-14,2016-12-14,19792.529296875,0.028088312859880782,2016-12-15,2016-12-15,19852.240234375,0.031189893060817875,2016-12-16,2016-12-16,19843.41015625,0.030731230098354434,0.02829091182825949,0.00579807833088597,-0.005960543585095568,0.003016842193555691,-0.00044479000962871496,0.002373178875767934,0.00680799149440281,0.1731529577058737,-697.0,-0.16715491082535294,-0.34030786853122663,-1.0526837988230184,1.0,0.42928596556360077,1.4819697643866192,-0.8809366583890155,-697.0,-0.7300072613211768,0.15092939706782715,0.8795308411171443,696.0,0.7300072613211892,-0.14952357979595732,0.03425302308197775,0.03754665127847856,0.0360101658623071,0.03272323347547723,0.08690004404016638,0.0978845198054441,0.2560210800320708,5.0,DJIA x $5,96258.896484375,4188609621.6210938,861613382.4316406,3326996239.189453,-67092450.849609375,1233461499.5507812,1696178014.9511719,4798987284.228516,-3102809269.2773438,96258.896484375,-1193514057.5097656,5943216786.738281,5719126075.722656,224090711.015625,-67092450.849609375,39851183.14453125,903967296.8847656,1128154266.796875,-224186969.91210938,66996191.953125,-39851183.14453125
2016-12-13,DJIA Consolidated - CHICAGO BOARD OF TRADE,84811,36696,7472,29224,34.45779438987867,43.26797231491198,8.81017792503331,1719,2.0268597233849386,36911,63739,-26828,-31.6326891558878,43.521477166876934,75.15416632276474,75326,72930,2396,2.825105233990874,88.81630920517387,85.99120397118298,9485,11881,-2396,-2.825105233990874,11.183690794826143,14.008796028817017,19911.2109375,2016-12-19,2016-12-19,19883.060546875,-0.0014137960123752347,2016-12-20,2016-12-20,19974.619140625,0.0031845478069634225,2016-12-21,2016-12-21,19941.9609375,0.0015443560964987224,2016-12-22,2016-12-22,19918.880859375,0.00038520619861226457,2016-12-23,2016-12-23,19933.810546875,0.0011350193338788284,-0.0014137960123752347,0.004604854143764658,-0.0016349850224968154,-0.001157362518025895,0.0007495244138162604,0.0025524239530607673,0.03425302308197775,-14.131467977798778,-5339.0,-17.90476045328281,-3.7732924754840305,13.682424785602091,5406.0,18.749571019238005,5.067146233635924,-0.44763737492481903,68.0,2.0183392053144473,2.465976580239257,0.4490431921966902,-67.0,-2.01833920531444,-2.467382397511127,0.0031845478069634225,0.001698948652906429,-0.0014791251002987948,-0.002796496948366478,0.04651440869328094,0.07117898404440015,0.2307036904068256,5.0,DJIA x $5,99556.0546875,3653308982.8125,743882840.625,2909426142.1875,-531529775.9765625,-71779915.4296875,3674713534.5703125,6345603369.7265625,-2670889835.15625,538200031.640625,-125440628.90625,7499159375.390625,7260623068.359375,238536307.03125,6769811.71875,-197220544.3359375,944289178.7109375,1182825485.7421875,-238536307.03125,-6670255.6640625,197120988.28125
2016-12-20,DJIA Consolidated - CHICAGO BOARD OF TRADE,63716,37304,6657,30647,48.099378492058506,58.547303659991215,10.447925167932702,1167,1.8315650699981165,16029,46806,-30777,-48.303408876891204,25.156946449871302,73.46035532676251,54499,54629,-130,-0.20403038483269512,85.53424571536192,85.73827610019461,9217,9088,129,0.20246092033398203,14.465754284638082,14.2632933643041,19974.619140625,2016-12-26,2016-12-27,19945.0390625,-0.001480883210676076,2016-12-27,2016-12-27,19945.0390625,-0.001480883210676076,2016-12-28,2016-12-28,19833.6796875,-0.007055926930709444,2016-12-29,2016-12-29,19819.779296875,-0.00775182959233911,2016-12-30,2016-12-30,19762.599609375,-0.010614446751517237,-0.001480883210676076,0.0,-0.005583311952964465,-0.000700847792442727,-0.002884981040581769,-0.00914710934149121,0.0031845478069634225,13.641584102179834,1423.0,15.279331345079235,1.6377472428993922,-16.670719721003405,-3949.0,-18.364530717005632,-1.6938109960022274,-3.029135618823569,-2526.0,-3.2820634898119465,-0.25292787098837266,3.027566154324856,2525.0,3.2820634898119394,0.2544973354870841,-0.001480883210676076,-0.004648868363709591,-0.005962058295659434,-0.007401873764606548,0.03471358428005078,0.07472089824929196,0.2393102379435621,5.0,DJIA x $5,99873.095703125,3725665962.109375,664855198.0957031,3060810764.013672,142119415.18554688,-65716496.97265625,1600865851.0253906,4674660117.480469,-3073794266.455078,-394398854.9316406,-251280708.7890625,5442983842.724609,5455967345.166016,-12983502.44140625,-252279439.74609375,-316997205.76171875,920530323.0957031,907646693.75,12883629.345703125,252179566.65039062,316997205.76171875
2016-12-27,DJIA Consolidated - CHICAGO BOARD OF TRADE,64692,37127,6959,30168,46.633277685030606,57.390403759352004,10.757126074321398,1086,1.6787237989241328,16572,47314,-30742,-47.52055895628517,25.616768688555,73.13732764484017,54785,55359,-574,-0.8872812712545601,84.68589624683113,85.5731775180857,9907,9333,574,0.8872812712545601,15.314103753168862,14.4268224819143,19945.0390625,2017-01-02,2017-01-03,19881.759765625,-0.0031726835268012232,2017-01-03,2017-01-03,19881.759765625,-0.0031726835268012232,2017-01-04,2017-01-04,19942.16015625,-0.00014434197100232637,2017-01-05,2017-01-05,19899.2890625,-0.0022938034794837137,2017-01-06,2017-01-06,19963.80078125,0.0009406709453518847,-0.0031726835268012232,0.0,0.0030379801052333733,-0.0021497718107816866,0.0032419107309502593,0.004126446380608995,-0.001480883210676076,-1.4661008070278996,-479.0,-1.1568999006392104,0.30920090638869624,0.7828499206060329,35.0,0.45982223868369587,-0.32302768192234055,-0.683250886421865,-444.0,-0.8483494685307846,-0.16509858210891082,0.6848203509205781,445.0,0.8483494685307793,0.1635291176101994,-0.0031726835268012232,-0.004487821023789973,-0.005929771853511512,-0.001620860450495809,0.037927272798491174,0.06846921128961814,0.24072010387921505,5.0,DJIA x $5,99725.1953125,3702497326.3671875,693987634.1796875,3008509692.1875,-47768368.5546875,-507800694.53125,1652645936.71875,4718397891.015625,-3065751954.296875,3490381.8359375,148889716.6015625,5463444825.1953125,5520687087.3046875,-57242262.109375,-44277986.71875,-358910977.9296875,987977509.9609375,930735247.8515625,57242262.109375,44377711.9140625,358910977.9296875
2017-01-03,DJIA Consolidated - CHICAGO BOARD OF TRADE,69341,41822,6760,35062,50.56460102969383,60.3135230238964,9.748921994202565,489,0.705210481533292,17093,53240,-36147,-52.12933185272782,24.650639592737342,76.77997144546516,59404,60489,-1085,-1.5647308230339916,85.66937309816703,87.23410392120103,9937,8852,1085,1.5647308230339916,14.330626901832971,12.76589607879898,19881.759765625,2017-01-09,2017-01-09,19887.380859375,0.0002827261679179127,2017-01-10,2017-01-10,19855.529296875,-0.0013193232922646958,2017-01-11,2017-01-11,19954.279296875,0.0036475408668494858,2017-01-12,2017-01-12,19891.0,0.0004647593816606843,2017-01-13,2017-01-13,19885.73046875,0.00019971587886624675,0.0002827261679179127,-0.001601596646900072,0.004973425715502966,-0.0031712143512449,-0.0002649203785631826,-8.298682650420552e-05,-0.0031726835268012232,3.9313233446632267,4894.0,2.923119264544397,-1.0082040801188334,-4.608772896442652,-5405.0,-0.9661290958176565,3.6426438006249953,-0.6774495517794314,-511.0,0.9834768513358938,1.660926403115326,0.6774495517794314,511.0,-0.9834768513358902,-1.6609264031153206,-0.0013193232922646958,-0.0027658635363896344,0.0015567621900609563,-0.0008887503965091526,0.04061413467766117,0.0803505215060012,0.24858212040892935,5.0,DJIA x $5,99408.798828125,4157474784.5898438,672003480.078125,3485471304.5117188,486506661.46484375,49604990.615234375,1699194598.3691406,5292524449.609375,-3593329851.2402344,-537304557.6660156,-388986629.8144531,5905280285.5859375,6013138832.314453,-107858546.72851562,-50797896.201171875,-339282230.4003906,987825233.9550781,879966687.2265625,107858546.72851562,50797896.201171875,339381639.19921875
2017-01-10,DJIA Consolidated - CHICAGO BOARD OF TRADE,65240,36829,6174,30655,46.9880441446965,56.45156345800123,9.46351931330472,1265,1.9389944819129368,17454,48730,-31276,-47.93991416309013,26.753525444512572,74.6934396076027,55548,56169,-621,-0.9518700183936236,85.14408338442672,86.09595340282036,9693,9072,621,0.9518700183936236,14.857449417535253,13.905579399141633,19855.529296875,2017-01-16,2017-01-17,19826.76953125,-0.0014484512195566124,2017-01-17,2017-01-17,19826.76953125,-0.0014484512195566124,2017-01-18,2017-01-18,19804.720703125,-0.0025589140934155763,2017-01-19,2017-01-19,19732.400390625,-0.006201240189017687,2017-01-20,2017-01-20,19827.25,-0.001424252985260388,-0.0014484512195566124,0.0,-0.001112073658305679,-0.0036516704064697425,0.004806795295926758,2.4233335099932418e-05,-0.0013193232922646958,-3.5765568849973306,-4407.0,-3.8619595658951695,-0.28540268089784426,4.189417689637693,4871.0,2.1028858517752305,-2.0865318378624664,0.612860804640368,464.0,-0.5252897137403068,-1.1381505183806695,-0.612860804640368,-464.0,0.5268225157022819,1.1396833203426535,-0.0014484512195566124,0.0028798849816609184,0.00043114171105718135,0.011823394990631009,0.040078079635995634,0.07824223632605487,0.2785255130542097,5.0,DJIA x $5,99277.646484375,3656296442.373047,612940189.3945312,3043356252.9785156,-437516588.0566406,142066312.11914062,1732792041.7382812,4837799713.183594,-3105007671.4453125,483581416.0253906,-441586971.5625,5514674706.9140625,5576326125.380859,-61651418.466796875,46064827.96875,-299520659.4433594,962298227.3730469,900646808.90625,61651418.466796875,-46064827.96875,299520659.4433594
2017-01-17,DJIA Consolidated - CHICAGO BOARD OF TRADE,65209,37367,5309,32058,49.161925501081136,57.30343970924259,8.14151420816145,1271,1.9491174531123003,16854,49052,-32198,-49.37661979174654,25.846125534818814,75.22274532656536,55491,55632,-141,-0.2162278213130089,85.0971491665261,85.3133769878391,9718,9577,141,0.2162278213130089,14.902850833473908,14.686623012160899,19826.76953125,2017-01-23,2017-01-23,19799.849609375,-0.0013577563320423813,2017-01-24,2017-01-24,19912.7109375,0.004334614679135873,2017-01-25,2017-01-25,20068.509765625,0.012192618368513264,2017-01-26,2017-01-26,20100.91015625,0.013826792335882798,2017-01-27,2017-01-27,20093.779296875,0.013467134179582452,-0.0013577563320423813,0.005700110372129474,0.007824089277145951,0.0016144891176970155,-0.00035475305941723434,0.014845046467465428,-0.0014484512195566124,2.1738813563846335,1403.0,0.8518762512413574,-1.3220051051432709,-1.4367056286564122,-922.0,-0.9073999096937584,0.5293057189626609,0.7356421970806147,480.0,-0.04693421790062757,-0.78257641498125,-0.7356421970806147,-480.0,0.04540141593865421,0.781043613019266,0.004334614679135873,0.0018823193784129888,0.01329109771688497,0.03417806536420054,0.03512976556908054,0.08816166116950863,0.3009108384674839,5.0,DJIA x $5,99133.84765625,3704334485.3710938,526301597.20703125,3178032888.1640625,139084788.26171875,139877859.04296875,1670801868.3984375,4862713495.234375,-3191911626.8359375,-91401407.5390625,-140869197.51953125,5501036340.292969,5515014212.8125,-13977872.51953125,47584246.875,-1090472.32421875,963382731.5234375,949404859.0039062,13977872.51953125,-47584246.875,1189606.171875
2017-01-24,DJIA Consolidated - CHICAGO BOARD OF TRADE,67349,41054,9297,31757,47.15289016911907,60.957104040149076,13.804213871030008,900,1.336322736788965,15095,48073,-32978,-48.96583468202943,22.413101902032693,71.37893658406213,57048,58269,-1221,-1.8129445129103625,84.70504387592985,86.51798838884022,10301,9080,1221,1.8129445129103625,15.294956124070142,13.48201161115978,19912.7109375,2017-01-30,2017-01-30,19971.130859375,0.002933800528635233,2017-01-31,2017-01-31,19864.08984375,-0.0024417114225484537,2017-02-01,2017-02-01,19890.939453125,-0.0010933460764500635,2017-02-02,2017-02-02,19884.91015625,-0.0013961324169902145,2017-02-03,2017-02-03,20071.4609375,0.00797229470654548,0.002933800528635233,-0.005359787404064398,0.0013516657237355734,-0.00030311775314628697,0.009381524974673594,0.005023755481422976,0.004334614679135873,-2.0090353319620675,-301.0,3.653664330906487,5.662699662868558,0.4107851097171107,-780.0,-3.4330236327861208,-3.843808742503228,-1.5967166915973536,-1080.0,-0.3921052905962483,1.2046114010011166,1.5967166915973536,1080.0,0.3921052905962341,-1.2046114010011184,-0.0024417114225484537,0.008917827690933855,0.029714649130756943,0.041696435262181364,0.05440787075780351,0.0854086997665986,0.3162853932416756,5.0,DJIA x $5,99563.5546875,4087482174.140625,925642367.9296875,3161839806.2109375,-29968629.9609375,158206488.3984375,1502911858.0078125,4786318764.4921875,-3283406906.484375,-77659572.65625,-222624108.28125,5679901667.8125,5801468768.0859375,-121567100.2734375,-107528639.0625,-64417619.8828125,1025604176.8359375,904037076.5625,121567100.2734375,107528639.0625,64417619.8828125
2017-01-31,DJIA Consolidated - CHICAGO BOARD OF TRADE,64011,35988,9727,26261,41.025761197294216,56.221586914749025,15.195825717454811,773,1.207604942900439,17234,44988,-27754,-43.358172814047585,26.923497523863087,70.28167033791067,53994,55488,-1494,-2.333973848244833,84.35112715002109,86.68510099826592,10017,8524,1493,2.3324116167533706,15.64887284997891,13.31646123322554,19864.08984375,2017-02-06,2017-02-06,20052.419921875,0.009480931651356661,2017-02-07,2017-02-07,20090.2890625,0.011387343720717702,2017-02-08,2017-02-08,20054.33984375,0.00957758455063873,2017-02-09,2017-02-09,20172.400390625,0.015521000423385,2017-02-10,2017-02-10,20269.369140625,0.020402610945827737,0.009480931651356661,0.0018885072610956843,-0.0017893828524897515,0.005887032322920982,0.004807001057001825,0.010819104107895328,-0.0024417114225484537,-6.1271289718248525,-5496.0,-4.735517125400051,1.3916118464248033,5.607661867981847,5224.0,4.510395621830394,-1.097266246151463,-0.5210293353344704,-273.0,-0.35391672590876055,0.1671126094257005,0.5194671038430081,272.0,0.35391672590876766,-0.16555037793424,0.011387343720717702,0.03223506929019804,0.044246183095398184,0.04773188190765887,0.05466149165609191,0.10570985605895689,0.31276543904702403,5.0,DJIA x $5,99320.44921875,3574344326.484375,966090009.5507812,2608254316.9335938,-545865188.90625,-874119273.5742188,1711688621.8359375,4468228369.453125,-2756539747.6171875,518850026.71875,833596530.2929688,5362708335.1171875,5511093086.25,-148384751.1328125,-27114482.63671875,-40622063.73046875,994892939.8242188,846607509.140625,148285430.68359375,27015162.1875,40522743.28125
2017-02-07,DJIA Consolidated - CHICAGO BOARD OF TRADE,64132,37048,7997,29051,45.29875880995447,57.76835277240691,12.469593962452443,1235,1.92571571134535,16498,45352,-28854,-44.99157986652529,25.725067049211003,70.71664691573629,54780,54583,197,0.30717894342917734,85.41757624898648,85.11039730555729,9352,9549,-197,-0.30717894342917734,14.582423751013534,14.889602694442711,20090.2890625,2017-02-13,2017-02-13,20412.16015625,0.016021227606465738,2017-02-14,2017-02-14,20504.41015625,0.020612998273030758,2017-02-15,2017-02-15,20611.859375,0.02596131448768202,2017-02-16,2017-02-16,20619.76953125,0.026355044823039186,2017-02-17,2017-02-17,20624.05078125,0.02656814529096585,0.016021227606465738,0.004519364892977995,0.005240297961814244,0.000383767233517629,0.00020762841182642156,0.010380607607329617,0.011387343720717702,4.272997612660255,2790.0,1.5467658576578813,-2.7262317550023685,-1.6334070524777076,-1100.0,-1.1984304746520849,0.4349765778256227,2.6411527916740103,1691.0,1.0664490989653927,-1.5747036927086384,-2.639590560182548,-1690.0,-1.066449098965375,1.5731414612171708,0.020612998273030758,0.032488877361069646,0.0359353302298957,0.04153602272864254,0.04407553478301285,0.09930423474960892,0.24004037242806597,5.0,DJIA x $5,100451.4453125,3721525145.9375,803310208.1640625,2918214937.7734375,280259532.421875,-161124118.28125,1657247944.765625,4555673947.8125,-2898426003.046875,-110496589.84375,243293400.546875,5502730174.21875,5482941239.4921875,19788934.7265625,169863394.0234375,82169282.265625,939421916.5625,959210851.2890625,-19788934.7265625,-169762942.578125,-82169282.265625
2017-02-14,DJIA Consolidated - CHICAGO BOARD OF TRADE,63515,35201,7796,27405,43.14728804219476,55.42155396363064,12.274265921435882,1796,2.8276785011414627,16971,44364,-27393,-43.12839486735417,26.71967251830276,69.84806738565693,53968,53956,12,0.018893174840588837,84.96890498307486,84.95001180823427,9547,9559,-12,-0.018893174840588837,15.031095016925136,15.049988191765726,20504.41015625,2017-02-20,2017-02-21,20743.0,0.011636025710170195,2017-02-21,2017-02-21,20743.0,0.011636025710170195,2017-02-22,2017-02-22,20775.599609375,0.013225908526919516,2017-02-23,2017-02-23,20810.3203125,0.01491923707723708,2017-02-24,2017-02-24,20821.759765625,0.015477139159658648,0.011636025710170195,0.0,0.0015715956889070792,0.0016712250802779494,0.0005497009634267691,0.003796932248228302,0.020612998273030758,-2.1514707677597116,-1646.0,-2.3467988087762635,-0.19532804101656076,1.863184999171125,1461.0,0.9946054690917592,-0.8685795300793586,-0.2882857685885885,-185.0,-0.44867126591161366,-0.16038549732301988,0.2882857685885885,185.0,0.4486712659116012,0.16038549732301455,0.011636025710170195,0.015012871659279003,0.020500448741114896,0.01623840831497958,0.023182322248129106,0.0728906643368834,0.2017146082712009,5.0,DJIA x $5,102522.05078125,3608878709.5507812,799261907.890625,2809616801.6601562,-168751295.5859375,-477035102.28515625,1739901723.8085938,4548288260.859375,-2808386537.0507812,149784716.19140625,492618454.00390625,5532910036.5625,5531679771.953125,1230264.609375,-18966579.39453125,15685873.76953125,978778018.8085938,980008283.4179688,-1230264.609375,18966579.39453125,-15685873.76953125
2017-02-21,DJIA Consolidated - CHICAGO BOARD OF TRADE,63482,33659,7938,25721,40.516996944015624,53.021328880627586,12.504331936611953,2192,3.4529472921458053,17661,44274,-26613,-41.922119655965474,27.820484546800667,69.74260420276613,53512,54404,-892,-1.405122711949844,84.29476071957406,85.69988343152389,9970,9078,892,1.405122711949844,15.705239280425948,14.300116568476104,20743.0,2017-02-27,2017-02-27,20837.439453125,0.004552834841874409,2017-02-28,2017-02-28,20812.240234375,0.003338004838981723,2017-03-01,2017-03-01,21115.55078125,0.01796031341898474,2017-03-02,2017-03-02,21002.970703125,0.01253293656293697,2017-03-03,2017-03-03,21005.7109375,0.012665040616111511,0.004552834841874409,-0.001209324149768376,0.014573661626970491,-0.005331619302346935,0.0001304688947927346,0.00807543963132007,0.011636025710170195,-2.6302910981791356,-1684.0,-2.4002250830030576,0.23006601517607095,1.206275211388693,780.0,1.1008120284979057,-0.10546318289080148,-1.424015886790433,-904.0,-0.674144263500807,0.7498716232896214,1.424015886790433,904.0,0.6741442635008124,-0.7498716232896214,0.003338004838981723,0.00876246278865156,0.0045494451441450146,-0.0036152067866268567,0.009396430422311086,0.05577257990647455,0.2035264908643879,5.0,DJIA x $5,103715.0,3490943185.0,823289670.0,2667653515.0,-174656060.0,-626023740.0,1831710615.0,4591877910.0,-2760167295.0,80897700.0,660145975.0,5549997080.0,5642510860.0,-92513780.0,-93758360.0,34122235.0,1034038550.0,941524770.0,92513780.0,93758360.0,-34122235.0
2017-02-28,DJIA Consolidated - CHICAGO BOARD OF TRADE,69610,38128,8372,29756,42.74673179140928,54.77373940525787,12.027007613848586,3101,4.454819709811809,18098,47537,-29439,-42.29133745151559,25.999138054877175,68.29047550639275,59326,59009,317,0.45539433989369343,85.22626059474213,84.77086625484844,10284,10601,-317,-0.45539433989369343,14.773739405257865,15.229133745151557,20812.240234375,2017-03-06,2017-03-06,20954.33984375,0.006827694076887436,2017-03-07,2017-03-07,20924.759765625,0.005406411322513627,2017-03-08,2017-03-08,20855.73046875,0.002089646952237567,2017-03-09,2017-03-09,20858.189453125,0.0022077978263055353,2017-03-10,2017-03-10,20902.98046875,0.004359945558629841,0.006827694076887436,-0.0014116444777344528,-0.0032989290031611995,0.00011790449529858194,0.0021474066924964674,-0.002451013746220143,0.003338004838981723,2.229734847393658,4035.0,1.7524105246302852,-0.47732432276336745,-0.3692177955501137,-2826.0,-1.8213464919234923,-1.4521286963733786,1.8605170518435374,1209.0,0.9314998751680719,-0.929017176675444,-1.8605170518435374,-1209.0,-0.9314998751680825,0.9290171766754529,0.005406411322513627,0.0012074099648577974,-0.006930078988410804,-0.0053209185137164106,0.010437630274476861,0.05060141985631006,0.22091754711277845,5.0,DJIA x $5,104061.201171875,3967645478.28125,871200376.2109375,3096445102.0703125,419886946.7285156,363693898.0957031,1883299618.8085938,4946757320.107422,-3063457701.298828,-294076954.51171875,-175343123.97460938,6173534820.722656,6140547419.951172,32987400.771484375,125809992.21679688,188454835.32226562,1070165392.8515625,1103152793.6230469,-32987400.771484375,-125809992.21679688,-188350774.12109375
2017-03-07,DJIA Consolidated - CHICAGO BOARD OF TRADE,73766,41150,8489,32661,44.276495946642086,55.7845077678063,11.508011821164223,4000,5.422552395412521,17796,52044,-34248,-46.427893609522,24.124935607190302,70.55282921671231,62945,64533,-1588,-2.1527533009787705,85.33064013231028,87.48339343328905,10821,9234,1587,2.151397662879918,14.669359867689721,12.517962204809804,20924.759765625,2017-03-13,2017-03-13,20881.48046875,-0.002068329450840234,2017-03-14,2017-03-14,20837.369140625,-0.004176421902991945,2017-03-15,2017-03-15,20950.099609375,0.0012109980728012282,2017-03-16,2017-03-16,20934.55078125,0.000467915318248302,2017-03-17,2017-03-17,20914.619140625,-0.00048462324602926987,-0.002068329450840234,-0.0021124617189386408,0.005410014478757663,-0.000742183971194188,-0.0009520930653478255,0.0015869886201120842,0.005406411322513627,1.5297641552328045,2905.0,1.0107683625484327,-0.5189957926843629,-4.136556158006414,-4809.0,-1.8742024476868728,2.262353710319559,-2.6081476408724638,-1905.0,0.10437953756814977,2.7125271784406095,2.606792002773611,1904.0,-0.10437953756814444,-2.711171540341754,-0.004176421902991945,-0.012270152817801305,-0.010669645344830614,-0.011255542901711602,0.010106242819208022,0.03959666875655765,0.18921886890689166,5.0,DJIA x $5,104623.798828125,4305269321.777344,888151428.2519531,3417117893.5253906,303932135.5957031,377691913.76953125,1861885123.9453125,5445040986.2109375,-3583155862.265625,-503135848.5644531,-564340770.8789062,6585545017.236328,6751687609.775391,-166142592.5390625,-199308336.76757812,-186753480.90820312,1132134127.1191406,966096158.3789062,166037968.74023438,199203712.96875,186648857.109375
2017-03-14,DJIA Consolidated - CHICAGO BOARD OF TRADE,88054,43178,6622,36556,41.515433711131806,49.03581892929339,7.520385218161582,4016,4.560837667794762,29365,68689,-39324,-44.658959274990345,33.348854112249306,78.00781338723965,76558,79326,-2768,-3.1435255638585415,86.94437504258751,90.08790060644604,11497,8729,2768,3.1435255638585415,13.056760624162445,9.913235060303904,20837.369140625,2017-03-20,2017-03-20,20905.859375,0.003286894516902894,2017-03-21,2017-03-21,20668.009765625,-0.008127675516858446,2017-03-22,2017-03-22,20661.30078125,-0.008449644395449818,2017-03-23,2017-03-23,20656.580078125,-0.00867619425849353,2017-03-24,2017-03-24,20596.720703125,-0.011548887763898508,0.003286894516902894,-0.011377174461406181,-0.0003246071804242634,-0.0002284804415259023,-0.002897835690787498,-0.014787178385246347,-0.004176421902991945,-2.7610622355102805,3895.0,-6.748688838512912,-3.9876266030026404,1.7689343345316573,-5076.0,9.223918505059004,7.454984170527339,-0.990772262879771,-1180.0,1.6137349102772305,2.604507173156989,0.9921279009786237,1181.0,-1.612599243527276,-2.6047271445058993,-0.008127675516858446,-0.006520455615488752,-0.007108810390137221,-0.008929551428459193,0.023568309376567953,0.06149961762094902,0.20010492342436548,5.0,DJIA x $5,104186.845703125,4498579623.769531,689925292.2460938,3808654331.5234375,405807764.0136719,953413825.0292969,3059446724.0722656,7156490244.501953,-4097043520.4296875,-528852428.7890625,-1243053256.0839844,7976336533.339844,8264725722.246094,-288389188.90625,-122940477.9296875,-289639431.0546875,1197836165.0488281,909446976.1425781,288389188.90625,123044664.77539062,289639431.0546875
2017-03-21,DJIA Consolidated - CHICAGO BOARD OF TRADE,66701,39718,5425,34293,51.41302229351884,59.54633363817634,8.133311344657502,3482,5.220311539557128,13293,50309,-37016,-55.495419858772735,19.929236443231733,75.42465630200446,56493,59215,-2722,-4.0808983373562615,84.69588162096521,88.77677995832146,10208,7486,2722,4.0808983373562615,15.304118379034797,11.223220041678536,20668.009765625,2017-03-27,2017-03-27,20550.98046875,-0.005662339925426307,2017-03-28,2017-03-28,20701.5,0.0016203899047262382,2017-03-29,2017-03-29,20659.3203125,-0.0004204300860866095,2017-03-30,2017-03-30,20728.490234375,0.0029262841190733635,2017-03-31,2017-03-31,20663.220703125,-0.00023171377187780617,-0.005662339925426307,0.007324201951283138,-0.002037518416539874,0.003348121856320052,-0.003148783655345988,0.005461551313606261,-0.008127675516858446,9.897588582387037,-2263.0,10.510514708882951,0.6129261264959194,-10.83646058378239,2308.0,-13.419617669017573,-2.583157085235186,-0.93737277349772,46.0,-2.2484934216222996,-1.3111206481245858,0.93737277349772,-46.0,2.2473577548723522,1.3099849813746314,0.0016203899047262382,0.0010272139887077536,-0.000808446704084198,-0.007002632105908679,0.03866510943419965,0.0823877593892508,0.19640303114121593,5.0,DJIA x $5,103340.048828125,4104460059.3554688,560619764.8925781,3543840294.4628906,-233858530.49804688,885830898.5546875,1373699269.0722656,5198934516.494141,-3825235247.421875,238508832.6953125,-1075046527.9589844,5837989378.447266,6119280991.357422,-281291612.91015625,4753642.24609375,-189112289.35546875,1054895218.4375,773603605.5273438,281291612.91015625,-4753642.24609375,189112289.35546875
2017-03-28,DJIA Consolidated - CHICAGO BOARD OF TRADE,67117,41480,4765,36715,54.702981360907074,61.80252395071293,7.0995425898058615,3335,4.968934845121206,12398,51806,-39408,-58.71537762414888,18.47222015286738,77.18759777701626,57213,59906,-2693,-4.0123962632418015,85.24367894870151,89.25607521194333,9904,7212,2692,4.0109063277560075,14.75632105129848,10.74541472354247,20701.5,2017-04-03,2017-04-03,20650.2109375,-0.002477552955099882,2017-04-04,2017-04-04,20689.240234375,-0.000592216294712955,2017-04-05,2017-04-05,20648.150390625,-0.00257708906963261,2017-04-06,2017-04-06,20662.94921875,-0.0018622216385285606,2017-04-07,2017-04-07,20656.099609375,-0.0021930966657005557,-0.002477552955099882,0.0018900192832473905,-0.001986048945467278,0.0007167144681259341,-0.00033149233937934675,0.0002851627953255331,0.0016203899047262382,3.2899590673882315,2422.0,2.2561903125365887,-1.03376875485164,-3.2199577653761438,-2392.0,-1.4570162903643542,1.7629414750118002,0.06850207411445997,29.0,0.5477973277363049,0.47929525362187064,-0.06999200960025398,-30.0,-0.5477973277363173,-0.4778053181360651,-0.000592216294712955,-0.002424907313479663,-0.00860907195734606,0.01423177743762527,0.029425894560780597,0.07645920887375302,0.15246291029635528,5.0,DJIA x $5,103507.5,4293491100.0,493213237.5,3800277862.5,250695165.0,720308692.5,1283285985.0,5362309545.0,-4079023560.0,-247589940.0,-1031866267.5,5921974597.5,6200720295.0,-278745697.5,3001717.5,-311557575.0,1025138280.0,746496090.0,278642190.0,-3105225.0,311454067.5
2017-04-04,DJIA Consolidated - CHICAGO BOARD OF TRADE,64819,36736,3690,33046,50.98196516453509,56.67474043104646,5.6927752665113625,3282,5.063330196393033,15341,50240,-34899,-53.84069485798917,23.66744318795415,77.50813804594333,55359,57212,-1853,-2.85872969345408,85.40551381539363,88.26424350884771,9460,7607,1853,2.85872969345408,14.594486184606364,11.735756491152285,20689.240234375,2017-04-10,2017-04-10,20658.01953125,-0.0015090309151675196,2017-04-11,2017-04-11,20651.30078125,-0.0018337770113937557,2017-04-12,2017-04-12,20591.859375,-0.004706835933646403,2017-04-13,2017-04-13,20453.25,-0.01140642342114162,2017-04-14,2017-04-17,20636.919921875,-0.0025288658214268622,-0.0015090309151675196,-0.00032523688874608325,-0.0028783371507508093,-0.006731270473237627,0.008979987135296241,-0.001021376194512813,-0.000592216294712955,-3.721016196371984,-3669.0,-5.1277835196664725,-1.406767323294499,4.874682766159708,4509.0,5.195223035086769,0.32054026892706133,1.1536665697877218,840.0,0.16183486669211788,-0.9918317030956132,-1.1521766343019277,-839.0,-0.1618348666921161,0.9903417676098147,-0.0018337770113937557,-0.008021606188527763,0.014832777945133158,0.012598354877813911,0.03818551517239244,0.09436932750464444,0.16163566678822616,5.0,DJIA x $5,103446.201171875,3800199646.25,381716482.32421875,3418483163.9257812,-379544112.0996094,39826787.451171875,1586968172.1777344,5197137146.875,-3610168974.6972656,466438921.0839844,-67343476.96289062,5726678250.673828,5918364061.4453125,-191685810.77148438,86894808.984375,-27413243.310546875,978601063.0859375,786915252.3144531,191685810.77148438,-86791362.78320312,27516689.51171875
2017-04-11,DJIA Consolidated - CHICAGO BOARD OF TRADE,64569,37591,4343,33248,51.49220214034599,58.21834007031238,6.726137929966393,3395,5.25794111725441,14030,49297,-35267,-54.61908965602689,21.728693335811304,76.34778299183819,55015,57034,-2019,-3.1268875156808997,85.203425792563,88.33031330824389,9554,7535,2019,3.1268875156808997,14.796574207437004,11.669686691756107,20651.30078125,2017-04-17,2017-04-17,20636.919921875,-0.000696365789609521,2017-04-18,2017-04-18,20523.279296875,-0.006199197122305988,2017-04-19,2017-04-19,20404.490234375,-0.011951331758195516,2017-04-20,2017-04-20,20578.7109375,-0.0035150252528357573,2017-04-21,2017-04-21,20547.759765625,-0.005013776939368775,-0.000696365789609521,-0.005506665986504178,-0.005788015686074455,0.00853835117289492,-0.0015040384195590395,-0.004320419742264492,-0.0018337770113937557,0.5102369758108978,202.0,1.5435996392659206,1.0333626634550308,-0.7783947980377164,-368.0,-1.9387498521428448,-1.160355054105139,-0.26815782222681994,-166.0,-0.20208802283063676,0.06606979939617474,0.26815782222681994,166.0,0.2020880228306403,-0.0660697993961783,-0.006199197122305988,0.01669717385008851,0.014458645821531002,0.01571225556501532,0.03669354968370819,0.10553228241335444,0.18191102141908821,5.0,DJIA x $5,103256.50390625,3881515238.3398438,448442996.46484375,3433072241.875,20857813.7890625,-341572514.921875,1448688749.8046875,5090235873.066406,-3641547123.2617188,-37998393.4375,418911636.34765625,5680656562.402344,5889131443.7890625,-208474881.38671875,-17140579.6484375,77339121.42578125,986512638.3203125,778037756.9335938,208474881.38671875,17140579.6484375,-77339121.42578125
2017-04-18,DJIA Consolidated - CHICAGO BOARD OF TRADE,65530,38555,5202,33353,50.897298947047155,58.8356477949031,7.938348847855944,3595,5.486036929650542,13997,49490,-35493,-54.16297878834122,21.359682588127576,75.52266137646879,56146,58287,-2141,-3.2672058599114906,85.67984129406379,88.94704715397528,9384,7243,2141,3.2672058599114906,14.320158705936212,11.052952846024722,20523.279296875,2017-04-24,2017-04-24,20763.890625,0.011723824669756189,2017-04-25,2017-04-25,20996.119140625,0.023039195486756148,2017-04-26,2017-04-26,20975.08984375,0.022014539700962565,2017-04-27,2017-04-27,20981.330078125,0.02231859609880882,2017-04-28,2017-04-28,20940.509765625,0.020329619975182567,0.011723824669756189,0.011184248646801898,-0.001001580184135542,0.00029750691994578915,-0.0019455540877534316,0.008506071613204824,-0.006199197122305988,-0.5949031932988333,105.0,0.6173077245907237,1.2122109178895508,0.4561108676856662,-226.0,-0.36901074768372766,-0.8251216153693974,-0.14031834423059086,-122.0,0.4764155015007958,0.6167338457313889,0.14031834423059086,122.0,-0.47641550150079226,-0.6167338457313853,0.023039195486756148,0.02078670381832981,0.02204813341252443,0.022241606544549875,0.0512321231254258,0.12055384134575076,0.20773247300440745,5.0,DJIA x $5,102616.396484375,3956375166.455078,533810494.51171875,3422564671.9433594,10774721.630859375,-96459412.6953125,1436321701.5917969,5078485462.011719,-3642163760.419922,-23191305.60546875,156284771.84570312,5761500197.011719,5981201901.884766,-219701704.87304688,-12519200.37109375,59620126.357421875,962952264.609375,743250559.7363281,219701704.87304688,12519200.37109375,-59620126.357421875
2017-04-25,DJIA Consolidated - CHICAGO BOARD OF TRADE,66700,38123,5856,32267,48.37631184407796,57.15592203898051,8.77961019490255,3077,4.613193403298351,15858,49378,-33520,-50.254872563718145,23.77511244377811,74.02998500749625,57057,58310,-1253,-1.8785607196401801,85.54272863568217,87.42128935532234,9643,8390,1253,1.8785607196401801,14.457271364317842,12.578710644677663,20996.119140625,2017-05-01,2017-05-01,20913.4609375,-0.003936832448481642,2017-05-02,2017-05-02,20949.890625,-0.0022017647792611506,2017-05-03,2017-05-03,20957.900390625,-0.0018202768685023907,2017-05-04,2017-05-04,20951.470703125,-0.0021265090563146183,2017-05-05,2017-05-05,21006.939453125,0.0005153482139974574,-0.003936832448481642,0.0017419253374115762,0.0003823297108502821,-0.00030679063170258036,0.002647487175767793,0.004469777427292376,0.023039195486756148,-2.520987102969194,-1086.0,-1.6797257559225898,0.841261347046605,3.9081062246230758,1973.0,2.415429855650533,-1.492676368972539,1.3886451402713105,888.0,-0.1371126583816249,-1.5257577986529327,-1.3886451402713105,-888.0,0.13711265838163023,1.5257577986529416,-0.0022017647792611506,-0.0009687430145433051,-0.0007796269641719977,-0.002772368740391329,0.029401173747417797,0.11648060332578192,0.1442176860623332,5.0,DJIA x $5,104980.595703125,4002175249.9902344,614766368.4375,3387408881.5527344,-114008926.93359375,-466953689.6875,1664782286.6601562,5183731854.628906,-3518949567.96875,207126715.32226562,618125747.5,5989877849.033203,6121418535.449219,-131540686.41601562,93222768.984375,151172057.8125,1012327884.3652344,880787197.9492188,131540686.41601562,-93222768.984375,-151067077.21679688
2017-05-02,DJIA Consolidated - CHICAGO BOARD OF TRADE,63185,34330,5276,29054,45.982432539368524,54.332515628709345,8.350083089340824,2914,4.611854079290971,16066,47542,-31476,-49.81562079607502,25.426920946427156,75.24254174250218,53310,55732,-2422,-3.8331882567064968,84.37129065442748,88.20447891113398,9876,7453,2423,3.834770910817441,15.630291999683468,11.795521088866028,20949.890625,2017-05-08,2017-05-08,21012.279296875,0.002977995111848042,2017-05-09,2017-05-09,20975.779296875,0.0012357425792048904,2017-05-10,2017-05-10,20943.109375,-0.0003236890407393167,2017-05-11,2017-05-11,20919.419921875,-0.0014544564298888396,2017-05-12,2017-05-12,20896.609375,-0.0025432710343803455,0.002977995111848042,-0.001737079518328577,-0.0015575069422982812,-0.0011311335246750875,-0.0010904005445747655,-0.005504872662348559,-0.0022017647792611506,-2.3938793047094364,-3213.0,-2.8234064102711685,-0.4295271055617249,0.43925176764312823,2044.0,1.6518085026490468,1.2125567350059328,-1.9546275370663166,-1169.0,-1.1714379812546838,0.7831895558116315,1.9562101911772607,1170.0,1.173020635365626,-0.7831895558116351,0.0012357425792048904,0.0014252759374489,-0.0005718630690941806,0.0037985915797591474,0.048402605771360685,0.11586454806968716,0.15031869199794445,5.0,DJIA x $5,104749.453125,3596048725.78125,552658114.6875,3043390611.09375,-336559992.890625,-418159816.875,1682904713.90625,4979998500.46875,-3297093786.5625,214107882.1875,358557378.046875,5584193346.09375,5837896521.5625,-253703175.46875,-122452110.703125,-59602438.828125,1034505599.0625,780697674.140625,253807924.921875,122556860.15625,59707188.28125
2017-05-09,DJIA Consolidated - CHICAGO BOARD OF TRADE,60651,29917,5450,24467,40.340637417355026,49.326474419218144,8.98583700186312,3221,5.31071210697268,17349,44287,-26938,-44.41476645067682,28.60463965969234,73.01940611036916,50487,52958,-2471,-4.074129033321792,83.24182618588317,87.31595521920495,10164,7694,2470,4.072480255890257,16.758173814116834,12.685693558226575,20975.779296875,2017-05-15,2017-05-15,20981.939453125,0.00029367949399228266,2017-05-16,2017-05-16,20979.75,0.00018929943287449014,2017-05-17,2017-05-17,20606.9296875,-0.017584548547855516,2017-05-18,2017-05-18,20663.01953125,-0.014910519470978434,2017-05-19,2017-05-19,20804.83984375,-0.00814937317492026,0.00029367949399228266,-0.00010434941583414847,-0.017770484038179712,0.0027218923246010718,0.006863484414052712,-0.0084405738454566,0.0012357425792048904,-5.641795122013498,-4587.0,-5.006041209491201,0.6357539125222953,5.400854345398194,4538.0,3.1777187132651825,-2.2231356321330225,-0.2409407766152949,-49.0,-1.1294644685443131,-0.8885236919290236,0.23770934507281627,47.0,1.1278818144333655,0.8901724693605466,0.00018929943287449014,-0.0018053746699481232,0.00255968588771327,0.007649354505694372,0.05289722642344463,0.12306818904504713,0.16134950662496794,5.0,DJIA x $5,104878.896484375,3137661946.123047,571589985.8398438,2566071960.283203,-481079498.1738281,-920941590.0292969,1819543975.1074219,4644771688.603516,-2825227713.4960938,475940432.24609375,873536328.8183594,5295020846.806641,5554176600.019531,-259155753.21289062,-5139065.927734375,-47405261.2109375,1065989103.8671875,806938229.5507812,259050874.31640625,4929308.134765625,47300382.314453125
2017-05-16,DJIA Consolidated - CHICAGO BOARD OF TRADE,60726,28703,5873,22830,37.59509929848829,47.266409775055166,9.671310476566875,3163,5.208642097289464,18972,43365,-24393,-40.168955636794784,31.2419721371406,71.41092777393538,50837,52401,-1564,-2.5755030794058555,83.71537726838586,86.29088034779173,9890,8326,1564,2.5755030794058555,16.2862694727135,13.710766393307644,20979.75,2017-05-22,2017-05-22,20894.830078125,-0.004047708951488982,2017-05-23,2017-05-23,20937.91015625,-0.0019942965836103888,2017-05-24,2017-05-24,21012.419921875,0.0015572121629190416,2017-05-25,2017-05-25,21082.94921875,0.004918991825450636,2017-05-26,2017-05-26,21080.279296875,0.004791729971758585,-0.004047708951488982,0.0020617577632326967,0.0035586056616427886,0.0033565527976897602,-0.00012663891789033155,0.008875363812800297,0.00018929943287449014,-2.745538118866733,-1637.0,-2.0600646441629777,0.6854734747037554,4.245810813882038,2545.0,2.637332477448261,-1.6084783364337767,1.4986259539159361,907.0,0.47355108250269495,-1.0250748714132243,-1.4969771764844015,-906.0,-0.47190434140333437,1.025072835081069,-0.0019942965836103888,0.002369937826952162,0.00745864315590028,0.01662177590891223,0.04858209627736265,0.11581266235894128,0.17763129476042372,5.0,DJIA x $5,104898.75,3010908821.25,616070358.75,2394838462.5,-171719253.75,-1103849546.25,1990139085.0,4548934293.75,-2558795208.75,266967318.75,1164376125.0,5332737753.75,5496799398.75,-164061645.0,95143166.25,60526578.75,1037448637.5,873386992.5,164061645.0,-95038267.5,-60526578.75
2017-05-23,DJIA Consolidated - CHICAGO BOARD OF TRADE,60170,28751,6782,21969,36.51155060661459,47.78294831311285,11.271397706498256,2676,4.447399036064484,19523,42147,-22624,-37.6001329566229,32.44640186139272,70.04653481801563,50949,51605,-656,-1.090244307794582,84.67508725278378,85.76533156057836,9221,8565,656,1.090244307794582,15.32491274721622,14.234668439421638,20937.91015625,2017-05-29,2017-05-30,21029.470703125,0.004372955380538279,2017-05-30,2017-05-30,21029.470703125,0.004372955380538279,2017-05-31,2017-05-31,21008.650390625,0.003378571874991243,2017-06-01,2017-06-01,21144.1796875,0.009851486118275687,2017-06-02,2017-06-02,21206.2890625,0.012817845919063098,0.004372955380538279,0.0,-0.00099005404339092,0.006451118675166345,0.0029374218304016875,0.008408122195330714,-0.0019942965836103888,-1.0835486918737018,-861.0,0.5165385380576808,1.6000872299313809,2.568822680171884,1769.0,1.2044297242521225,-1.3643929559197545,1.4852587716112735,908.0,0.959709984397918,-0.5255487872133671,-1.4852587716112735,-908.0,-0.9613567254972786,0.523902046113994,0.004372955380538279,0.009471829376476837,0.018653272650442476,0.025276183955351694,0.04594443578997054,0.12670414105693828,0.1860978469638188,5.0,DJIA x $5,104689.55078125,3009929274.5117188,710004533.3984375,2299924741.1132812,-90137703.22265625,-1078092993.9453125,2043854099.9023438,4412350496.777344,-2368496396.875,185195815.33203125,1140697345.3125,5333827922.753906,5402504268.066406,-68676345.3125,95058112.109375,62499661.81640625,965342347.7539062,896666002.4414062,68676345.3125,-95058112.109375,-62499661.81640625
2017-05-30,DJIA Consolidated - CHICAGO BOARD OF TRADE,59950,30320,7317,23003,38.37030859049207,50.57547956630526,12.205170975813177,2782,4.640533778148457,18224,40839,-22615,-37.72310258548791,30.398665554628856,68.12176814011677,51325,50938,387,0.6455379482902418,85.61301084236864,84.9674728940784,8625,9013,-388,-0.6472060050041701,14.38698915763136,15.03419516263553,21029.470703125,2017-06-05,2017-06-05,21184.0390625,0.00735008320261854,2017-06-06,2017-06-06,21136.23046875,0.005076673927372655,2017-06-07,2017-06-07,21173.689453125,0.006857935324951825,2017-06-08,2017-06-08,21182.529296875,0.0072782903531307674,2017-06-09,2017-06-09,21271.970703125,0.01153143621270325,0.00735008320261854,-0.0022568214498164263,0.0017722641901725122,0.0004174918957591256,0.004222413905179634,0.00415084396160581,0.004372955380538279,1.8587579838774815,1034.0,2.792531253192415,0.933773269314921,-0.12296962886500751,9.0,-2.0477363067638663,-1.9247666778988588,1.735782256084824,1043.0,0.9379235895848552,-0.7978586664999625,-1.7374503127987522,-1044.0,-0.9379235895848606,0.7995267232138925,0.005076673927372655,0.014218141969477571,0.020812217675548084,0.01337120924699331,0.03974890520548313,0.13349076988218456,0.158443289546506,5.0,DJIA x $5,105147.353515625,3188067758.59375,769363185.6738281,2418704572.919922,108722363.53515625,-636246636.1230469,1916205370.46875,4294112770.2246094,-2377907399.7558594,946326.181640625,931710699.5019531,5396687919.189453,5355995893.378906,40692025.810546875,109668689.71679688,295358916.0253906,906895924.0722656,947693097.2363281,-40797173.1640625,-109773837.0703125,-295569210.7324219
2017-06-06,DJIA Consolidated - CHICAGO BOARD OF TRADE,62343,31650,6906,24744,39.69010153505606,50.7675280304124,11.077426495356335,3101,4.974094926455256,18285,43362,-25077,-40.22424329916751,29.329676146479954,69.55391944564747,53036,53368,-332,-0.5325377347897919,85.07129910334761,85.6038368381374,9308,8976,332,0.5325377347897919,14.930304925974047,14.397767191184254,21136.23046875,2017-06-12,2017-06-12,21235.669921875,0.004704691939843464,2017-06-13,2017-06-13,21328.470703125,0.009095294199182202,2017-06-14,2017-06-14,21374.560546875,0.011275902695959461,2017-06-15,2017-06-15,21359.900390625,0.010582299535657258,2017-06-16,2017-06-16,21384.279296875,0.01173571742093471,0.004704691939843464,0.004370042555351894,0.002160953984537084,-0.0006858693640905411,0.001141339884745074,0.006998101569045234,0.005076673927372655,1.3197929445639858,1741.0,0.19204846410713827,-1.1277444804568422,-2.5011407136796038,-2462.0,-1.0689894081489015,1.4321513055306951,-1.1780756830800336,-719.0,-0.5417117390210251,0.6363639440589992,1.179743739793962,720.0,0.543315768342687,-0.6364279714512762,0.009095294199182202,0.01565606302123035,0.008252639360547098,0.01622990736248764,0.029195370434541568,0.14403751703744772,0.17333980178806563,5.0,DJIA x $5,105681.15234375,3344808471.6796875,729834038.0859375,2614974433.59375,183990886.23046875,29273679.19921875,1932379870.6054688,4582546127.9296875,-2650166257.3242188,-260186997.0703125,196672624.51171875,5604905595.703125,5639991738.28125,-35086142.578125,-75984748.53515625,226051984.86328125,983680166.015625,948594023.4375,35086142.578125,76090429.6875,-225946303.7109375
2017-06-13,DJIA Consolidated - CHICAGO BOARD OF TRADE,71798,33725,7030,26695,37.180701412295605,46.972060503078076,9.791359090782473,4180,5.821889189113903,23062,49159,-26097,-36.34780913117357,32.12067188501073,68.46848101618428,60967,60368,599,0.8342850775787626,84.91462157720271,84.08033649962394,10831,11430,-599,-0.8342850775787626,15.085378422797294,15.919663500376055,21328.470703125,2017-06-19,2017-06-19,21528.990234375,0.009401495964763251,2017-06-20,2017-06-20,21467.140625,0.006501634543103041,2017-06-21,2017-06-21,21410.029296875,0.003823930692698374,2017-06-22,2017-06-22,21397.2890625,0.0032265960524267,2017-06-23,2017-06-23,21394.759765625,0.003108008231002213,0.009401495964763251,-0.0028728523122392158,-0.002660406857282638,-0.0005950591752277301,-0.0001182064170658359,-0.006234870622760402,0.009095294199182202,-2.5094001227604537,1951.0,-3.795467527334324,-1.2860674045738616,3.876434167993942,-1020.0,2.790995738530775,-1.0854384294631814,1.3668228123685546,931.0,-0.15667752614490382,-1.5235003385134576,-1.3668228123685546,-931.0,0.15507349682324723,1.521896309191801,0.006501634543103041,-0.0008350597247644975,0.007070306644296975,0.003778968051525222,0.037057915819496356,0.14892441761704056,0.1871798414989061,5.0,DJIA x $5,106642.353515625,3596513372.314453,749695745.2148438,2846817627.0996094,208059231.70898438,412172696.3378906,2459385956.7773438,5242431456.474609,-2783045499.6972656,-108775200.5859375,-181718570.390625,6501664366.787109,6437785597.03125,63878769.755859375,99284031.12304688,230667410.65429688,1155043330.9277344,1218922100.6835938,-63878769.755859375,-99284031.12304688,-230667410.65429688
2017-06-20,DJIA Consolidated - CHICAGO BOARD OF TRADE,61134,34545,3901,30644,50.12595282494193,56.50701737167534,6.3810645467334055,3801,6.217489449406222,14412,43721,-29309,-47.94222527562404,23.574443026793602,71.51666830241764,52757,51423,1334,2.18209179834462,86.29731409690189,84.11522229855727,8377,9712,-1335,-2.183727549317892,13.702685903098114,15.886413452416004,21467.140625,2017-06-26,2017-06-26,21409.55078125,-0.002682697465676065,2017-06-27,2017-06-27,21310.66015625,-0.007289301890898714,2017-06-28,2017-06-28,21454.609375,-0.0005837409936844118,2017-06-29,2017-06-29,21287.029296875,-0.008390094017237115,2017-06-30,2017-06-30,21349.630859375,-0.005473936546917302,-0.002682697465676065,-0.004618995793531866,0.006754798663887618,-0.007810912573419926,0.0029408313215968374,-0.002798747273458746,0.006501634543103041,12.945251412646329,3949.0,9.534956868597263,-3.4102945440490675,-11.59441614445047,-3212.0,-8.546228858217127,3.0481872862333574,1.3478067207658575,735.0,1.3826925196991766,0.0348857989333311,-1.3494424717391293,-736.0,-1.3826925196991802,-0.03325004796005082,-0.007289301890898714,0.0005649986862188427,-0.002705079056144699,0.005011838587608786,0.04209504060348057,0.15314612376328074,0.1506055402988724,5.0,DJIA x $5,107335.703125,3707911864.453125,418716577.890625,3289195286.5625,423868691.640625,931137224.609375,1546922153.4375,4692824276.328125,-3145902122.890625,-344762278.4375,-717539175.390625,5662709689.765625,5519523861.796875,143185827.96875,78891741.796875,213598049.21875,899151185.078125,1042444348.75,-143293163.671875,-78999077.5,-213705384.921875
2017-06-27,DJIA Consolidated - CHICAGO BOARD OF TRADE,65668,38946,5037,33909,51.63702259852592,59.30742522994456,7.670402631418652,3670,5.5887190107815075,14524,48574,-34050,-51.85173905098374,22.117317414874822,73.96905646585856,57139,57281,-142,-0.21623926417737713,87.01193884388134,87.22817810805871,8529,8387,142,0.21623926417737713,12.988061156118658,12.77182189194128,21310.66015625,2017-07-03,2017-07-03,21479.26953125,0.007911973339340683,2017-07-04,2017-07-05,21478.169921875,0.007860374310172391,2017-07-05,2017-07-05,21478.169921875,0.007860374310172391,2017-07-06,2017-07-06,21320.0390625,0.0004401039752515157,2017-07-07,2017-07-07,21414.33984375,0.004865156064608911,0.007911973339340683,-5.119398373398809e-05,0.0,-0.007362399122000984,0.0044231054630601285,-0.003022900169185605,-0.007289301890898714,1.5110697735839835,3265.0,2.8004078582692244,1.2893380846852462,-3.9095137753596987,-4741.0,-1.45712561191878,2.452388163440915,-2.398331062521997,-1476.0,0.7146247469794531,3.112955809501443,2.399966813495269,1477.0,-0.7146247469794567,-3.114591560474725,0.007911973339340683,0.00461788398521934,0.012391465612225705,0.014207421498446893,0.04568887820044587,0.16121278064876932,0.13948179910692438,5.0,DJIA x $5,106553.30078125,4149824852.2265625,536708976.03515625,3613115876.1914062,347896527.05078125,1162070298.3203125,1547580140.546875,5175720032.1484375,-3628139891.6015625,-505169199.00390625,-1218436994.4335938,6088349053.339844,6103479622.050781,-15130568.7109375,-157272671.953125,-56366696.11328125,908793102.3632812,893662533.6523438,15130568.7109375,157379225.25390625,56473249.4140625
2017-07-03,DJIA Consolidated - CHICAGO BOARD OF TRADE,67412,40831,4205,36626,54.33157301370676,60.569334836527624,6.237761822820863,3391,5.030261674479322,14372,50183,-35811,-53.122589449949565,21.31964635376491,74.44223580371447,58593,57778,815,1.2089835637571944,86.9177594493562,85.708775885599,8819,9634,-815,-1.2089835637571944,13.082240550643803,14.291224114400997,21479.26953125,2017-07-10,2017-07-10,21408.51953125,-0.0032938736532481805,2017-07-11,2017-07-11,21409.0703125,-0.003268231196031479,2017-07-12,2017-07-12,21532.140625,0.0024614940313998357,2017-07-13,2017-07-13,21553.08984375,0.0034368167126259674,2017-07-14,2017-07-14,21637.740234375,0.007377844153146906,-0.0032938736532481805,2.5727199360892072e-05,0.00574851269595511,0.0009729278251915385,0.003927529242381267,0.0107069852630588,0.007911973339340683,2.694550415180842,2717.0,1.2619096065830604,-1.4326408085977889,-1.2708503989658269,-1761.0,-0.7976710611099129,0.4731793378559104,1.4252228279345716,957.0,-0.0941793945251419,-1.5194022224597177,-1.4252228279345716,-957.0,0.09417939452514545,1.5194022224597177,-0.003268231196031479,0.004444328861422209,0.0062460297383395424,0.02256363466736544,0.05411731478735038,0.15571945915147478,0.12549545864808231,5.0,DJIA x $5,107396.34765625,4385100271.152344,451601641.89453125,3933498629.2578125,291795876.58203125,1276083402.8515625,1543500308.515625,5389470914.433594,-3845970605.9179688,-189124968.22265625,-1152792395.7421875,6292674198.222656,6205146174.8828125,87528023.33984375,102778304.70703125,123183610.76171875,947128389.9804688,1034656413.3203125,-87528023.33984375,-102778304.70703125,-123183610.76171875
2017-07-11,DJIA Consolidated - CHICAGO BOARD OF TRADE,64752,39098,4292,34806,53.75277983691623,60.38114652829256,6.6283666913763275,3407,5.26161354089449,13795,47949,-34154,-52.7458611317025,21.304361255250804,74.05022238695331,56300,55648,652,1.0069187052137385,86.94712132443786,85.94020261922411,8452,9104,-652,-1.0069187052137385,13.052878675562143,14.059797380775885,21409.0703125,2017-07-17,2017-07-17,21629.720703125,0.010306397587763083,2017-07-18,2017-07-18,21574.73046875,0.007737849137394726,2017-07-19,2017-07-19,21640.75,0.010821566939538174,2017-07-20,2017-07-20,21611.779296875,0.009468369313386127,2017-07-21,2017-07-21,21580.0703125,0.007987268830639493,0.010306397587763083,-0.0025423460214655247,0.0030600396767703764,-0.001338710678927435,-0.001467208411645493,-0.0022954707231992444,-0.003268231196031479,-0.5787931767905263,-1820.0,-0.1881883082350626,0.3906048685554646,0.37672831824706776,1657.0,-0.015285098514105755,-0.3920134167611593,-0.2020648585434559,-163.0,0.029361875081661992,0.23142673362511346,0.2020648585434559,163.0,-0.029361875081660216,-0.23142673362511168,0.007737849137394726,0.009545457696996884,0.025916567196803575,0.03158799150914793,0.06640220029404875,0.18574979719825224,0.16397675342774187,5.0,DJIA x $5,107045.3515625,4185259155.390625,459438648.90625,3725820506.484375,-194822539.84375,868244846.5234375,1476690624.8046875,5132717562.0703125,-3656026937.265625,177374147.5390625,-862464397.5390625,6026653292.96875,5956859723.75,69793569.21875,-17448392.3046875,5673403.6328125,904747311.40625,974540880.625,-69793569.21875,17448392.3046875,-5673403.6328125
2017-07-18,DJIA Consolidated - CHICAGO BOARD OF TRADE,64619,39472,5453,34019,52.64550673950386,61.08420124112103,8.43869450161717,3633,5.622185425339297,13752,46741,-32989,-51.051548306225726,21.281666382952384,72.3332146891781,56856,55827,1029,1.5924109008186447,87.98650551695322,86.39409461613458,7763,8792,-1029,-1.5924109008186447,12.013494483046781,13.605905383865426,21574.73046875,2017-07-24,2017-07-24,21513.169921875,-0.0028533634273747444,2017-07-25,2017-07-25,21613.4296875,0.001793728955550744,2017-07-26,2017-07-26,21711.009765625,0.006316616426443655,2017-07-27,2017-07-27,21796.55078125,0.010281487076804874,2017-07-28,2017-07-28,21830.310546875,0.011846269806021326,-0.0028533634273747444,0.004660390169793249,0.004514789162843202,0.003939983287209348,0.0015488581640192844,0.014741696651478842,0.007737849137394726,-1.1072730974123743,-787.0,0.7030547128284681,1.8103278102408433,1.6943128254767714,1165.0,-0.02269487229841971,-1.7170076977752018,0.5854921956049062,377.0,1.0393841925153566,0.4538919969104711,-0.5854921956049062,-377.0,-1.039384192515362,-0.4538919969104587,0.001793728955550744,0.018039133962239884,0.02366701061408838,0.019664661222049684,0.06594330281139449,0.1955124729071247,0.16432002065495088,5.0,DJIA x $5,107873.65234375,4257988805.3125,588235026.2304688,3669753779.0820312,-84896564.39453125,364073576.66015625,1483478467.03125,5042122384.199219,-3558643917.1679688,125672804.98046875,-396975040.625,6133264377.65625,6022262389.394531,111001988.26171875,40668366.93359375,-32901463.96484375,837423163.1445312,948425151.40625,-111001988.26171875,-40668366.93359375,33009337.6171875
2017-07-25,DJIA Consolidated - CHICAGO BOARD OF TRADE,65152,39925,4986,34939,53.62690324165029,61.27977652259332,7.652873280943026,3605,5.53321463654224,13472,46560,-33088,-50.785854616895875,20.677799607072693,71.46365422396856,57002,55150,1852,2.8425834970530452,87.49079076620825,84.64820726915521,8150,10002,-1852,-2.8425834970530452,12.509209233791749,15.351792730844792,21613.4296875,2017-07-31,2017-07-31,21891.119140625,0.012848005020027031,2017-08-01,2017-08-01,21963.919921875,0.01621631732874418,2017-08-02,2017-08-02,22016.240234375,0.018637048941286816,2017-08-03,2017-08-03,22026.099609375,0.019093217866929635,2017-08-04,2017-08-04,22092.810546875,0.02217976814907119,0.012848005020027031,0.0033255851737108433,0.002382102679580944,0.00044782282964939135,0.003028722228769265,0.009213389455073884,0.001793728955550744,0.9813965021464313,920.0,0.1955752814722942,-0.7858212206741451,0.2656936893298507,-99.0,-0.6038667758796912,-0.8695604652095454,1.2501725962344006,823.0,-0.4957147507449662,-1.745887346979373,-1.2501725962344006,-823.0,0.49571475074496796,1.7458873469793659,0.01621631732874418,0.02183411717035022,0.017838934053950206,0.013253839933866418,0.0845923161922979,0.2127094554564779,0.16788218335026794,5.0,DJIA x $5,108067.1484375,4314580901.3671875,538822802.109375,3775758099.2578125,99421776.5625,111309162.890625,1455880623.75,5031606431.25,-3575725807.5,-10698647.6953125,103960596.796875,6160043595.234375,5959903236.328125,200140358.90625,88939263.1640625,215485893.984375,880747259.765625,1080887618.671875,-200140358.90625,-88939263.1640625,-215485893.984375
2017-08-01,DJIA Consolidated - CHICAGO BOARD OF TRADE,68506,41739,8742,32997,48.16658394885119,60.92750999912416,12.76092605027297,2604,3.801126908591948,15771,47155,-31384,-45.81204566023414,23.021341196391557,68.8333868566257,60113,58500,1613,2.3545382886170554,87.7485183779523,85.39398008933524,8393,10006,-1613,-2.3545382886170554,12.251481622047704,14.606019910664758,21963.919921875,2017-08-07,2017-08-07,22118.419921875,0.0070342634898301615,2017-08-08,2017-08-08,22085.33984375,0.005528153549406722,2017-08-09,2017-08-09,22048.69921875,0.0038599347100407577,2017-08-10,2017-08-10,21844.009765625,-0.0054594151078913855,2017-08-11,2017-08-11,21858.3203125,-0.0048078671635397585,0.0070342634898301615,-0.001495589569320166,-0.0016590473707548403,-0.009283516052091323,0.0006551245411692275,-0.0117594118519182,0.01621631732874418,-5.460319292799099,-1942.0,-0.35226652346916154,5.108052769329944,4.973808956661735,1704.0,2.343541589318864,-2.630267367342867,-0.48804520843598986,-239.0,0.2577276117440448,0.7457728201800364,0.48804520843598986,239.0,-0.2577276117440448,-0.7457728201800347,0.005528153549406722,0.001596723746250417,-0.0029152035293676937,-0.0044869395627257225,0.06434736228902382,0.18726032137044357,0.15713358742547157,5.0,DJIA x $5,109819.599609375,4583760268.095703,960042939.7851562,3623717328.310547,-213269662.44140625,-398535326.9824219,1731964905.4394531,5178543219.580078,-3446578314.140625,187132597.734375,486171367.4707031,6601585591.318359,6424446577.1484375,177139014.16992188,-26246884.306640625,87636040.48828125,921715899.5214844,1098854913.6914062,-177139014.16992188,26246884.306640625,-87636040.48828125
2017-08-08,DJIA Consolidated - CHICAGO BOARD OF TRADE,71449,45252,9185,36067,50.47936290220997,63.334686279724,12.855323377514031,2322,3.2498705370264105,14575,49274,-34699,-48.56471049279906,20.39916583857017,68.96387633136924,62148,60780,1368,1.9146524094109083,86.98232305560609,85.0676706461952,9301,10669,-1368,-1.9146524094109083,13.017676944393902,14.932329353804812,22085.33984375,2017-08-14,2017-08-14,21993.7109375,-0.004148856521939859,2017-08-15,2017-08-15,21998.990234375,-0.003909815741388156,2017-08-16,2017-08-16,22024.869140625,-0.0027380472092718433,2017-08-17,2017-08-17,21750.73046875,-0.015150746031861173,2017-08-18,2017-08-18,21674.509765625,-0.018601935991547025,-0.004148856521939859,0.00024003665820671038,0.001176367913903631,-0.012446778690246574,-0.0035042824531575922,-0.014513293040091413,0.005528153549406722,2.31277895335878,3070.0,2.4071762805998347,0.09439732724106165,-2.7526648325649177,-3315.0,-2.622175357821387,0.13048947474354122,-0.4398858792061471,-245.0,-0.7661953223462064,-0.3263094431400475,0.4398858792061471,245.0,0.7661953223461975,0.3263094431400546,-0.003909815741388156,-0.008396937518825642,-0.009960032522988382,-0.015033922920093201,0.06664559546800608,0.12802291961561751,0.16044898278994824,5.0,DJIA x $5,110426.69921875,4997028993.046875,1014269232.3242188,3982759760.7226562,339009966.6015625,139248067.71484375,1609469141.1132812,5441165177.3046875,-3831696036.1914062,-366064507.91015625,-60182551.07421875,6862798503.046875,6711734778.515625,151063724.53125,-27054541.30859375,79065516.640625,1027078729.4335938,1178142453.9648438,-151063724.53125,27054541.30859375,-79065516.640625
2017-08-15,DJIA Consolidated - CHICAGO BOARD OF TRADE,75987,50425,6773,43652,57.44666850908708,66.36003526919079,8.913366760103703,1557,2.0490347033045127,14340,57297,-42957,-56.53203837498519,18.871649097872005,75.4036874728572,66322,65627,695,0.9146301341018858,87.2807190703673,86.36608893626541,9665,10361,-696,-0.9159461486833274,12.719280929632701,13.635227078316028,21998.990234375,2017-08-21,2017-08-21,21703.75,-0.013420626639202071,2017-08-22,2017-08-22,21899.890625,-0.004504734459136683,2017-08-23,2017-08-23,21812.08984375,-0.008495862247938746,2017-08-24,2017-08-24,21783.400390625,-0.009799988156416584,2017-08-25,2017-08-25,21813.669921875,-0.008424037218327629,-0.013420626639202071,0.00903717675516913,-0.004009188116664397,-0.0013153005205147617,0.0013895686948410813,0.0050645589759834575,-0.003909815741388156,6.967305606877112,7585.0,3.025348989466792,-3.9419566174103284,-7.967327882186133,-8258.0,-1.5275167406981645,6.439811141487965,-1.0000222753090227,-673.0,0.29839601476120947,1.2984182900702166,0.998706260727581,672.0,-0.2983960147612006,-1.2971022754887844,-0.004504734459136683,-0.006073964865042192,-0.011167771105971447,0.005448847394717848,0.0641156913895995,0.12007182858091059,0.15004914554405602,5.0,DJIA x $5,109994.951171875,5546495412.841797,744995804.2871094,4801499608.5546875,834311704.6386719,1059581364.6386719,1577327599.8046875,6302380717.294922,-4725053117.490234,-908338306.7773438,-1096429673.28125,7295085151.621094,7218638660.556641,76446491.06445312,-74026602.13867188,-36738313.69140625,1063101203.0761719,1139657689.0917969,-76556486.015625,73916607.1875,36628318.740234375
2017-08-22,DJIA Consolidated - CHICAGO BOARD OF TRADE,76255,50578,4499,46079,60.4275129499705,66.32745393744672,5.899940987476231,1201,1.5749786899219724,14542,60498,-45956,-60.266212051668745,19.07022490328503,79.33643695495377,66321,66197,124,0.1626122877188381,86.97265753065373,86.81004524293489,9935,10058,-123,-0.1613008983017507,13.02865385876336,13.189954757065111,21899.890625,2017-08-28,2017-08-28,21808.400390625,-0.004177657137271695,2017-08-29,2017-08-29,21865.369140625,-0.0015763313601023787,2017-08-30,2017-08-30,21892.4296875,-0.000340683779099904,2017-08-31,2017-08-31,21948.099609375,0.0022013344815505764,2017-09-01,2017-09-01,21987.560546875,0.0040032127728948375,-0.004177657137271695,0.0026122388153002607,0.0012375984462444922,0.00254288458017915,0.0017979204670250937,0.008215190157963903,-0.004504734459136683,2.9808444408834163,2427.0,-0.032581331744069075,-3.013425772627471,-3.734173676683554,-2999.0,0.1985758054130251,3.9327494820965683,-0.7520178463830477,-571.0,-0.3080615397135631,0.4439563066694774,0.7546452503815766,573.0,0.3093729291306584,-0.44527232125091665,-0.0015763313601023787,-0.006693187680018364,0.009998622995405881,0.02150285425226861,0.07721223279511236,0.1399486156109513,0.17910584599095447,5.0,DJIA x $5,109499.453125,5538263340.15625,492638039.609375,5045625300.546875,265755172.734375,1219823907.8125,1592341047.34375,6624497915.15625,-5032156867.8125,-328388859.921875,-1409038962.8125,7262113230.703125,7248535298.515625,13577932.1875,-62524187.734375,-189215055.0,1087877066.796875,1101345499.53125,-13468432.734375,62743186.640625,189324554.453125
2017-08-29,DJIA Consolidated - CHICAGO BOARD OF TRADE,77718,50255,6610,43645,56.15816155845492,64.6632697701948,8.50510821173988,1387,1.7846573509354333,16388,59835,-43447,-55.903394323065434,21.08649218971152,76.98988651277696,68029,67831,198,0.25476723538948504,87.53313260763272,87.27836537224324,9689,9888,-199,-0.2560539385985229,12.466867392367277,12.7229213309658,21865.369140625,2017-09-04,2017-09-05,21753.310546875,-0.005124934915541779,2017-09-05,2017-09-05,21753.310546875,-0.005124934915541779,2017-09-06,2017-09-06,21807.640625,-0.0026401802436412103,2017-09-07,2017-09-07,21784.779296875,-0.0036857298512407155,2017-09-08,2017-09-08,21797.7890625,-0.003090735751606344,-0.005124934915541779,0.0,0.0024975544760383883,-0.0010483173543676116,0.0005971951998093861,0.002044678005637568,-0.0015763313601023787,-4.269351391515578,-2434.0,-1.6641841672519178,2.605167224263649,4.362817728603311,2509.0,2.0162672864264906,-2.346550442176806,0.09215494767064694,74.0,0.5604750769789888,0.46832012930835276,-0.09475304029677217,-76.0,-0.5617864663960823,-0.4670334260993112,-0.005124934915541779,0.011593229126144688,0.02311562349459395,0.019160489319002938,0.09015817588976005,0.16211298027729892,0.19202284505794465,5.0,DJIA x $5,109326.845703125,5494220630.810547,722650450.0976562,4771570180.712891,-266101542.44140625,1164112253.046875,1791648347.3828125,6541571812.646484,-4749923465.263672,274301055.8691406,-1318809739.7167969,7437395986.337891,7415749270.888672,21646715.44921875,8090186.58203125,-154697486.66992188,1059267808.0175781,1081023850.3125,-21756042.294921875,-8308840.2734375,154588159.82421875
2017-09-05,DJIA Consolidated - CHICAGO BOARD OF TRADE,74819,46191,6705,39486,52.77536454643874,61.736991940549856,8.96162739411112,1848,2.469960838824363,17555,57061,-39506,-52.8020957243481,23.46329140993598,76.26538713428407,65593,65614,-21,-0.028067736804822305,87.66890763041474,87.69697536721955,9226,9205,21,0.028067736804822305,12.331092369585265,12.303024632780444,21753.310546875,2017-09-11,2017-09-11,22057.369140625,0.0139775779458855,2017-09-12,2017-09-12,22118.859375,0.01680428490814312,2017-09-13,2017-09-13,22158.1796875,0.018611840241629984,2017-09-14,2017-09-14,22203.48046875,0.020694317809923923,2017-09-15,2017-09-15,22268.33984375,0.02367590421536958,0.0139775779458855,0.002787741093825513,0.0017776826477970964,0.002044427019226358,0.002921135499062144,0.009564635826692314,-0.005124934915541779,-3.3827970120161837,-4159.0,-2.9262778296449454,0.45651918237124,3.101298598717335,3941.0,2.376799220224459,-0.7244993784928937,-0.28283497219430737,-219.0,0.13577502278201337,0.4186099949763076,0.2841216754033452,220.0,-0.1357750227820116,-0.41989669818535624,0.01680428490814312,0.028386034991980003,0.024410526594596194,0.04083789329838905,0.11158439874677839,0.14392331626965893,0.19303590195278297,5.0,DJIA x $5,108766.552734375,5024035837.353516,729279736.0839844,4294756101.2695312,-452360092.8222656,371872843.7988281,1909396833.2519531,6206328265.576172,-4296931432.324219,428648984.3261719,-522840818.9941406,7134324493.505859,7136608591.113281,-2284097.607421875,-23819875.048828125,-151076741.74804688,1003480215.5273438,1001196117.9199219,2284097.607421875,23928641.6015625,151076741.74804688
2017-09-12,DJIA Consolidated - CHICAGO BOARD OF TRADE,84360,47312,5862,41450,49.13466097676624,56.08345187292556,6.948790896159316,2764,3.276434329065908,24298,65166,-40868,-48.44476055002371,28.802750118539596,77.24751066856331,74373,73791,582,0.689900426742532,88.16145092460881,87.47155049786629,9987,10569,-582,-0.689900426742532,11.83854907539118,12.528449502133713,22118.859375,2017-09-18,2017-09-18,22331.349609375,0.0096067446685415,2017-09-19,2017-09-19,22370.80078125,0.011390343506354483,2017-09-20,2017-09-20,22412.58984375,0.013279639052364178,2017-09-21,2017-09-21,22359.23046875,0.01086724634732672,2017-09-22,2017-09-22,22349.58984375,0.010431390915699001,0.0096067446685415,0.001766627300413548,0.0018680181772940951,-0.0023807768478339986,-0.0004311698031591593,0.0008167994632686248,0.01680428490814312,-3.640703569672496,1964.0,-5.653540067624299,-2.0128364979518043,4.35733517432439,-1362.0,5.339458708603615,0.9821235342792392,0.7179681635473544,603.0,0.4925432941940784,-0.22542486935326167,-0.7179681635473544,-603.0,-0.4925432941940855,0.22542486935326878,0.011390343506354483,0.007480536617860745,0.023636415332786598,0.032181601249499314,0.10786909784989751,0.13057499362464298,0.17415912396590305,5.0,DJIA x $5,110594.296875,5232437373.75,648303768.28125,4584133605.46875,217207199.0625,-243528641.71875,2687220225.46875,7206987950.15625,-4519767724.6875,-150629432.34375,231031486.171875,8225229641.484375,8160863760.703125,64365880.78125,66688361.015625,-12497155.546875,1104505242.890625,1168871123.671875,-64365880.78125,-66688361.015625,12607749.84375
2017-09-19,DJIA Consolidated - CHICAGO BOARD OF TRADE,76971,49588,6219,43369,56.344597315872214,64.42426368372503,8.079666367852829,1714,2.226812695690585,15863,59138,-43275,-56.222473399072385,20.609060555274063,76.83153395434644,67165,67071,94,0.12212391679983371,87.2601369346897,87.13801301788986,9806,9901,-95,-0.12342310740408725,12.739863065310312,12.8632861727144,22370.80078125,2017-09-25,2017-09-25,22296.08984375,-0.0033396630827189355,2017-09-26,2017-09-26,22284.3203125,-0.003865774390270471,2017-09-27,2017-09-27,22340.7109375,-0.0013450499177132258,2017-09-28,2017-09-28,22381.19921875,0.0004648218721214903,2017-09-29,2017-09-29,22405.08984375,0.0015327597270786697,-0.0033396630827189355,-0.0005278742296286332,0.0025305068410979015,0.0018123094364932424,0.0010674416847147317,0.004888749586311691,0.011390343506354483,7.2099363391059725,1919.0,8.340811810799472,1.1308754716935123,-7.777712849048676,-2407.0,-8.193689563265533,-0.41597671421686755,-0.5677765099426983,-488.0,-0.9013139899191174,-0.33353747997642813,0.5664773193384448,487.0,0.9013139899191316,0.3348366705806871,-0.003865774390270471,0.012108155772949658,0.02055710525281884,0.028011454663715796,0.10656521606272129,0.10533680814747881,0.1732687262361563,5.0,DJIA x $5,111854.00390625,5546616345.703125,695620050.2929688,4850996295.410156,214647833.49609375,-303124350.5859375,1774340063.9648438,6614822083.0078125,-4840482019.042969,-269232587.40234375,299880584.47265625,7512674172.363281,7502159895.996094,10514276.3671875,-54584753.90625,-3355620.1171875,1096840362.3046875,1107466492.6757812,-10626130.37109375,54472899.90234375,3131912.109375
2017-09-26,DJIA Consolidated - CHICAGO BOARD OF TRADE,78934,53393,5533,47860,60.632933843464166,67.6425874781463,7.009653634682139,1107,1.4024374794131806,14753,62240,-47487,-60.160387158892235,18.69029822383257,78.8506853827248,69253,68879,374,0.4738135657638027,87.73532318139205,87.26150961562824,9682,10055,-373,-0.47254668457192084,12.265943699799834,12.738490384371753,22284.3203125,2017-10-02,2017-10-02,22557.599609375,0.012263299622457424,2017-10-03,2017-10-03,22641.669921875,0.016035921417560717,2017-10-04,2017-10-04,22661.640625,0.01693209876759627,2017-10-05,2017-10-05,22775.390625,0.02203658472026815,2017-10-06,2017-10-06,22773.669921875,0.021959368852749295,0.012263299622457424,0.0037269174892642365,0.0008820331359793432,0.005019495361448412,-7.555098190548115e-05,0.009578603940208374,-0.003865774390270471,4.288336527591952,4491.0,3.2183237944212664,-1.0700127331706897,-3.9379137598198497,-4212.0,-1.918762331441492,2.0191514283783647,0.351689648963969,280.0,0.47518624670235,0.12349659773838084,-0.3491235771678336,-278.0,-0.4739193655104774,-0.12479578834264693,0.016035921417560717,0.024517659382840895,0.03200093745847776,0.05193963454545014,0.1104763614270543,0.0706052777439854,0.18882741613795861,5.0,DJIA x $5,111421.6015625,5949133572.2265625,616495721.4453125,5332637850.78125,500394412.6171875,469642050.5859375,1643802887.8515625,6934880481.25,-5291077593.3984375,-469307785.78125,-450143270.3125,7716280173.0078125,7674608494.0234375,41671678.984375,31198048.4375,19610201.875,1078783946.328125,1120344203.7109375,-41560257.3828125,-30975205.234375,-19387358.671875
2017-10-03,DJIA Consolidated - CHICAGO BOARD OF TRADE,77180,49902,6960,42942,55.63876651982379,64.65664679968904,9.017880279865249,1305,1.6908525524747344,15057,58484,-43427,-56.26716766001555,19.508940139932626,75.77610779994818,66263,66748,-485,-0.6284011401917595,85.8551438196424,86.48354495983416,10917,10432,485,0.6284011401917595,14.144856180357607,13.516455040165845,22641.669921875,2017-10-09,2017-10-09,22761.0703125,0.005273479873038944,2017-10-10,2017-10-10,22830.6796875,0.008347872143582125,2017-10-11,2017-10-11,22872.890625,0.010212175335247986,2017-10-12,2017-10-12,22841.009765625,0.008804114026828458,2017-10-13,2017-10-13,22871.720703125,0.010160504152025407,0.005273479873038944,0.003058264573866376,0.0018488690690672271,-0.0013938272996485424,0.0013445525313955375,0.00486138784801482,0.016035921417560717,-4.994167323640376,-4918.0,-2.985940678457254,2.00822664518311,3.8932194988766824,4060.0,0.8186419161000558,-3.0745775827766266,-1.1022147059555623,-859.0,-1.8801793617496543,-0.7779646557940794,1.1009478247636804,858.0,1.8789124805577728,0.7779646557940918,0.008347872143582125,0.015713042919430542,0.03533705095563655,0.03248745852395518,0.09638599322753816,0.061465848496467856,0.18250727731251182,5.0,DJIA x $5,113208.349609375,5649323062.207031,787930113.28125,4861392948.925781,-556758663.3789062,391248056.25,1704578120.0683594,6620877118.5546875,-4916298998.486328,459625899.4140625,-443889938.8183594,7501524870.166016,7556430919.7265625,-54906049.560546875,-97245972.31445312,-52528674.21875,1235895552.6855469,1180989503.125,54906049.560546875,97132763.96484375,52528674.21875
2017-10-10,DJIA Consolidated - CHICAGO BOARD OF TRADE,77870,49298,8472,40826,52.42840631822268,63.308077565172724,10.879671246950046,1308,1.6797226146141004,16141,58444,-42303,-54.32515731347117,20.72813663798639,75.05329395145756,66746,68223,-1477,-1.8967509952484911,85.71465262617183,87.61140362142031,11124,9648,1476,1.8954668036471043,14.285347373828175,12.38988057018107,22830.6796875,2017-10-16,2017-10-16,22956.9609375,0.005531208519785835,2017-10-17,2017-10-17,22997.439453125,0.007304196279197983,2017-10-18,2017-10-18,23157.599609375,0.014319324976294512,2017-10-19,2017-10-19,23163.0390625,0.014557576889923762,2017-10-20,2017-10-20,23328.630859375,0.02181061530759565,0.005531208519785835,0.0017632349392937563,0.0069642603723971686,0.00023488846930397322,0.007148966784029875,0.01618985731111655,0.008347872143582125,-3.2103602016011124,-2116.0,-1.3485692345163187,1.8617909670847972,1.9420103465443788,1124.0,1.219196498053762,-0.7228138484906168,-1.2683498550567316,-992.0,-0.1404911934705666,1.1278586615861457,1.2670656634553448,991.0,0.14049119347056838,-1.1265744699847744,0.007304196279197983,0.026765741821500377,0.023939740487632033,0.03182344070324783,0.11191612026990816,0.06908775096010822,0.15767776843590742,5.0,DJIA x $5,114153.3984375,5627534236.171875,967107591.5625,4660426644.609375,-241548591.09375,-71231720.625,1842550004.1796875,6671581218.28125,-4829031214.1015625,128308419.84375,-163810126.7578125,7619282732.109375,7787887301.6015625,-168604569.4921875,-113240171.25,-235041847.3828125,1269842404.21875,1101351988.125,168490416.09375,113126017.8515625,234927693.984375
2017-10-17,DJIA Consolidated - CHICAGO BOARD OF TRADE,78925,47966,8082,39884,50.53405131453912,60.7741526765917,10.240101362052581,2318,2.9369654735508397,17163,58040,-40877,-51.79220779220779,21.74596135571745,73.53816914792525,67447,68440,-993,-1.258156477668673,85.45707950586,86.71523598352867,11478,10485,993,1.258156477668673,14.542920494140008,13.284764016471334,22997.439453125,2017-10-23,2017-10-23,23273.9609375,0.012024011844389282,2017-10-24,2017-10-24,23441.759765625,0.019320425363251736,2017-10-25,2017-10-25,23329.4609375,0.014437323992166684,2017-10-26,2017-10-26,23400.859375,0.01754194951560928,2017-10-27,2017-10-27,23434.189453125,0.018991244694445797,0.012024011844389282,0.007209723715512206,-0.004790545984933892,0.0030604409459471515,0.0014243100046404944,0.006884454092506154,0.007304196279197983,-1.8943550036835575,-942.0,-2.5339248885810264,-0.6395698848974654,2.532949521263383,1426.0,1.017824717731063,-1.5151248035323164,0.6385945175798182,484.0,-0.2575731203118323,-0.8961676378916366,-0.6373103259784314,-483.0,0.2575731203118323,0.8948834462902635,0.019320425363251736,0.016514916020287318,0.024341449697737216,0.017916396772772458,0.12155352892972382,0.0777995919892236,0.12179531875534044,5.0,DJIA x $5,114987.197265625,5515475904.042969,929326528.3007812,4586149375.7421875,-108317939.82421875,-400730382.4707031,1973525266.6699219,6673856929.296875,-4700331662.626953,163971743.30078125,275739299.04296875,7755541493.974609,7869723780.859375,-114182286.88476562,55653803.4765625,-124991083.42773438,1319823050.2148438,1205640763.3300781,114182286.88476562,-55538816.279296875,125106070.625
2017-10-24,DJIA Consolidated - CHICAGO BOARD OF TRADE,81044,48314,8073,40241,49.65327476432555,59.61453037855979,9.961255614234243,2474,3.0526627510981688,19075,59535,-40460,-49.92349834657717,23.536597403879377,73.46009575045655,69863,70082,-219,-0.2702235822516164,86.20379053353734,86.47401411578896,11181,10962,219,0.2702235822516164,13.796209466462662,13.525985884211044,23441.759765625,2017-10-30,2017-10-30,23348.740234375,-0.003968112128953871,2017-10-31,2017-10-31,23377.240234375,-0.0027523330967930137,2017-11-01,2017-11-01,23435.009765625,-0.0002879476655117674,2017-11-02,2017-11-02,23516.259765625,0.003178089048982091,2017-11-03,2017-11-03,23539.189453125,0.00415624460254338,-0.003968112128953871,0.0012206225995028408,0.0024711869609421733,0.0034670350391394766,0.0009750567364252838,0.008156723525049703,0.019320425363251736,-0.880776550213568,357.0,-1.1596222980319055,-0.2788457478183375,1.8687094456306212,417.0,1.7906360481619252,-0.07807339746869957,0.9879328954170565,774.0,0.7467110276773496,-0.24122186773971066,-0.9879328954170565,-774.0,-0.7467110276773461,0.24122186773971066,-0.0027523330967930137,0.004925854725903678,-0.0013774163212503243,0.006359177552813122,0.11812469750289556,0.024843318060275843,0.07463901769186787,5.0,DJIA x $5,117208.798828125,5662825906.582031,946226632.9394531,4716599273.642578,41843541.181640625,-893013838.2714844,2235757837.6464844,6978025838.232422,-4742268000.5859375,48876069.111328125,823626229.3652344,8188558312.529297,8214227039.472656,-25668726.943359375,90719610.29296875,-69504817.70507812,1310511579.6972656,1284842852.7539062,25668726.943359375,-90719610.29296875,69387608.90625
2017-10-31,DJIA Consolidated - CHICAGO BOARD OF TRADE,79979,48441,7990,40451,50.57702646944823,60.5671488765801,9.990122407131873,2374,2.9682791732829865,17435,60323,-42888,-53.62407632003401,21.799472361494892,75.4235486815289,68250,70687,-2437,-3.047049850585779,85.33490041135798,88.38195026194377,11730,9293,2437,3.047049850585779,14.666349916853175,11.619300066267394,23377.240234375,2017-11-06,2017-11-06,23548.419921875,0.007322493407424968,2017-11-07,2017-11-07,23557.23046875,0.007699379078559332,2017-11-08,2017-11-08,23563.359375,0.007961553149944622,2017-11-09,2017-11-09,23461.939453125,0.0036231487507003557,2017-11-10,2017-11-10,23422.2109375,0.0019236959826793854,0.007322493407424968,0.00037414598959206735,0.0002601709168712496,-0.004304136785462043,-0.0016933176263784766,-0.005359552139536983,-0.0027523330967930137,0.923751705122676,210.0,0.952618498020307,0.028866792897629168,-3.700577973456838,-2428.0,-1.7371250423844842,1.9634529310723536,-2.7768262683341627,-2218.0,-0.8688901221793657,1.9079361461548103,2.7768262683341627,2218.0,0.8701404503905135,-1.90668581794365,0.007699379078559332,0.0013787114486938368,0.00913665777519479,0.019654616991503282,0.11548199717156127,0.030876636405250846,0.06405377091617304,5.0,DJIA x $5,116886.201171875,5662084470.966797,933920747.3632812,4728163723.603516,24546102.24609375,-291163527.1191406,2037910917.4316406,7050926313.291016,-5013015395.859375,-283799696.4453125,63001662.431640625,7977483229.980469,8262334902.236328,-284851672.2558594,-259253594.19921875,-228161864.6875,1371075139.7460938,1086223467.4902344,284851672.2558594,259253594.19921875,228161864.6875
2017-11-07,DJIA Consolidated - CHICAGO BOARD OF TRADE,78121,45149,7105,38044,48.69881337924502,57.79367903636666,9.094865657121645,2432,3.1131193917128557,18414,59307,-40893,-52.345720100869165,23.571126841694294,75.91684694256345,65995,68844,-2849,-3.646906721624147,84.4779252697738,88.12483199139795,12126,9277,2849,3.646906721624147,15.522074730226187,11.87516800860204,23557.23046875,2017-11-13,2017-11-13,23439.69921875,-0.004989179443479652,2017-11-14,2017-11-14,23409.470703125,-0.006272374242847101,2017-11-15,2017-11-15,23271.279296875,-0.012138573430961253,2017-11-16,2017-11-16,23458.359375,-0.004197059322451291,2017-11-17,2017-11-17,23358.240234375,-0.008447097999867648,-0.004989179443479652,-0.0012896289898131075,-0.005903226433545683,0.008039097281176133,-0.004267951523144409,-0.0034752572383625058,0.007699379078559332,-1.8782130902032108,-2407.0,-2.773469840213437,-0.895256750010228,1.2783562191648414,1995.0,1.7716544801994019,0.4932982610345533,-0.599856871038368,-412.0,-0.8569751415841722,-0.25711827054581704,0.599856871038368,412.0,0.855724813373012,0.25586794233464616,-0.006272374242847101,0.001426297094625495,0.011863893301071515,0.0264636438089354,0.057542378094835867,0.03408636977997892,0.08820134012066028,5.0,DJIA x $5,117786.15234375,5317926992.167969,836870612.4023438,4481056379.765625,-283511268.69140625,-327681075.8203125,2168914209.2578125,6985543337.050781,-4816629127.792969,234983373.92578125,166078474.8046875,7773297123.925781,8108869871.953125,-335572748.02734375,-48527894.765625,-161602601.015625,1428274883.3203125,1092702135.2929688,335572748.02734375,48527894.765625,161720387.16796875
2017-11-14,DJIA Consolidated - CHICAGO BOARD OF TRADE,79161,45307,5157,40150,50.71941991637296,57.23399148570635,6.514571569333384,2399,3.0305327118151615,18860,62242,-43382,-54.80223847601723,23.824863253369717,78.62710172938695,66565,69797,-3232,-4.082818559644269,84.0881242025745,88.17094276221877,12596,9364,3232,4.082818559644269,15.911875797425502,11.82905723778123,23409.470703125,2017-11-20,2017-11-20,23430.330078125,0.0008910656402503214,2017-11-21,2017-11-21,23590.830078125,0.007747265083434263,2017-11-22,2017-11-22,23526.1796875,0.004985545630445287,2017-11-23,2017-11-24,23557.990234375,0.006344420731826839,2017-11-24,2017-11-24,23557.990234375,0.006344420731826839,0.0008910656402503214,0.00685009555839966,-0.002740488164719057,0.0013521339757471829,0.0,0.005448500120328381,-0.006272374242847101,2.0206065371279465,2106.0,-0.5596875506603141,-2.5802940877882605,-2.4565183751480646,-2489.0,0.2537364116754226,2.710254786823498,-0.4359118380201221,-383.0,-0.38980106719930063,0.04611077082081749,0.4359118380201221,383.0,0.38980106719931484,-0.04611077082081039,0.007747265083434263,0.01825074303444052,0.03294264666018498,0.04679004032238887,0.05258463684361181,0.05540233991501009,0.08018205772586873,5.0,DJIA x $5,117047.353515625,5303064445.732422,603613202.0800781,4699451243.652344,246501726.50390625,31134596.03515625,2207513087.3046875,7285261377.519531,-5077748290.214844,-291330862.9003906,-293203620.5566406,7791257086.767578,8169554133.330078,-378297046.5625,-44829136.396484375,-262069024.52148438,1474328464.8828125,1096031418.3203125,378297046.5625,44829136.396484375,262069024.52148438
2017-11-21,DJIA Consolidated - CHICAGO BOARD OF TRADE,77797,42210,6335,35875,46.11360335231436,54.25659087111329,8.142987518798925,4046,5.200714680514674,19535,58416,-38881,-49.97750555934034,25.110222759232357,75.0877283185727,65791,68797,-3006,-3.863902207025978,84.56752831086033,88.43143051788628,12006,9000,3006,3.863902207025978,15.432471689139685,11.568569482113707,23590.830078125,2017-11-27,2017-11-27,23580.779296875,-0.0004260461042157049,2017-11-28,2017-11-28,23836.7109375,0.010422730296506089,2017-11-29,2017-11-29,23940.6796875,0.01482989823657821,2017-11-30,2017-11-30,24272.349609375,0.028889171300587213,2017-12-01,2017-12-01,24231.58984375,0.027161391248337496,-0.0004260461042157049,0.010853400449700956,0.004361707043920804,0.013853822289271678,-0.0016792674084282755,0.02759919588243842,0.007747265083434263,-4.605816564058607,-4275.0,-2.9774006145930585,1.6284159494655412,4.8247329166768935,4501.0,1.2853595058626404,-3.5393734108142496,0.21891635261829112,226.0,0.47940410828582003,0.26048775566751203,-0.21891635261829112,-226.0,-0.4794041082858165,-0.2604877556675227,0.010422730296506089,0.025001686880950835,0.03874262584649335,0.04933781126058223,0.05823957517921308,0.052714553663719244,0.03708265219909257,5.0,DJIA x $5,117954.150390625,4978844687.988281,747239542.7246094,4231605145.263672,-504253992.9199219,-514987820.60546875,2304234327.8808594,6890409649.21875,-4586175321.337891,530911630.9082031,186249603.46679688,7760321508.349609,8114891684.423828,-354570176.07421875,26657637.98828125,-328738217.1386719,1416157529.5898438,1061587353.515625,354570176.07421875,-26657637.98828125,328738217.1386719
2017-11-28,DJIA Consolidated - CHICAGO BOARD OF TRADE,76112,39853,7381,32472,42.66344334664704,52.36099432415388,9.697550977506832,4517,5.934675215471936,20062,55314,-35252,-46.31595543409712,26.35852428000841,72.67447971410553,64432,67212,-2780,-3.6525120874500736,84.65419381963423,88.3067059070843,11681,8901,2780,3.6525120874500736,15.347120033634642,11.69460794618457,23836.7109375,2017-12-04,2017-12-04,24290.05078125,0.019018556919981888,2017-12-05,2017-12-05,24180.640625,0.014428571475392893,2017-12-06,2017-12-06,24140.91015625,0.01276179501222341,2017-12-07,2017-12-07,24211.48046875,0.01572236757968204,2017-12-08,2017-12-08,24329.16015625,0.02065927719815064,0.019018556919981888,-0.004504319782421162,-0.0016430693200462088,0.002923266440380212,0.004860491189371485,0.0016100985276732427,0.010422730296506089,-3.450160005667314,-3403.0,-1.8955965469594105,1.5545634587079071,3.6615501252432168,3629.0,1.248301520776053,-2.413248604467171,0.21139011957590448,226.0,0.08666550877390478,-0.12472461080199082,-0.21139011957590448,-226.0,-0.08535165550504331,0.12603846407086294,0.014428571475392893,0.028027769665946556,0.03851366343733842,0.03815543186242065,0.06600400380321969,0.02201387106744157,0.038261131480820554,5.0,DJIA x $5,119183.5546875,4749822204.9609375,879693817.1484375,3870128387.8125,-405581636.6015625,-950965582.8515625,2391060474.140625,6592519143.984375,-4201458669.84375,432517119.9609375,910085623.59375,7679234795.625,8010565077.65625,-331330282.03125,26935483.359375,-40879959.2578125,1392183102.3046875,1060852820.2734375,331330282.03125,-26935483.359375,40879959.2578125
2017-12-05,DJIA Consolidated - CHICAGO BOARD OF TRADE,78456,43059,6983,36076,45.982461507086775,54.882991740593454,8.900530233506679,3812,4.858774344855715,20018,58728,-38710,-49.339757316202714,25.514938309370855,74.85469562557357,66889,69523,-2634,-3.357295809115938,85.25670439482002,88.61400020393596,11568,8934,2634,3.357295809115938,14.744570204955643,11.387274395839707,24180.640625,2017-12-11,2017-12-11,24386.029296875,0.008493930126179272,2017-12-12,2017-12-12,24504.80078125,0.013405772050342435,2017-12-13,2017-12-13,24585.4296875,0.01674021250212432,2017-12-14,2017-12-14,24508.66015625,0.013565378036794584,2017-12-15,2017-12-15,24651.740234375,0.019482511513277956,0.008493930126179272,0.00487047247131045,0.0032903310241025885,-0.0031225621120233304,0.005837939618601018,0.010896031258932792,0.014428571475392893,3.3190181604397324,3604.0,2.521997416439575,-0.7970207440001538,-3.0238018821055945,-3458.0,-0.8435859706375552,2.1802159114680393,0.29521627833413566,146.0,0.6025105751857893,0.30729429685166565,-0.29521627833413566,-146.0,-0.602549828678999,-0.30733355034486287,0.013405772050342435,0.023742521296414187,0.023389384974162652,0.026606786420696915,0.029092633505238163,0.025613045301606796,0.03500443601253833,5.0,DJIA x $5,120903.203125,5205971023.359375,844267067.421875,4361703955.9375,435735144.0625,-237937503.75,2420240320.15625,7100403313.125,-4680162992.96875,-418083276.40625,263931692.421875,8087094353.828125,8405553390.859375,-318459037.03125,17651867.65625,25994188.671875,1398608253.75,1080149216.71875,318459037.03125,-17651867.65625,-25994188.671875
2017-12-12,DJIA Consolidated - CHICAGO BOARD OF TRADE,86632,42164,5808,36356,41.96601717610121,48.67023732569951,6.704220149598301,5173,5.971234647705236,27325,67239,-39914,-46.07304460245636,31.54146273894173,77.6145073413981,74661,78220,-3559,-4.108181734232154,86.18178040446948,90.28996213870163,11971,8412,3559,4.108181734232154,13.81821959553052,9.710037861298366,24504.80078125,2017-12-18,2017-12-18,24792.19921875,0.011728250315746536,2017-12-19,2017-12-19,24754.75,0.010200010233964107,2017-12-20,2017-12-20,24726.650390625,0.009053312098123545,2017-12-21,2017-12-21,24782.2890625,0.011323833387877347,2017-12-22,2017-12-22,24754.060546875,0.01017187480323134,0.011728250315746536,-0.0015105242749774428,-0.001135119901231052,0.002250149979719618,-0.0011390600583266464,-0.0015383335515534169,0.013405772050342435,-4.016444330985564,280.0,-6.2127544148939435,-2.1963100839083776,3.266712713746351,-1204.0,6.026524429570873,2.759811715824526,-0.7508859251162163,-925.0,0.9250760096494588,1.6759619347656667,0.7508859251162163,925.0,-0.926350609425123,-1.6772365345413416,0.010200010233964107,0.009851545352481228,0.013026385614171021,0.03595213884269177,0.02049510706527702,0.033296728048665125,-0.005491191219067604,5.0,DJIA x $5,122524.00390625,5166102100.703125,711619414.6875,4454482686.015625,34306721.09375,-464856070.8203125,3347968406.7382812,8238391498.652344,-4890423091.9140625,-147518900.703125,424913245.546875,9147764655.644531,9583827585.546875,-436062929.90234375,-113334703.61328125,-40065349.27734375,1466734850.7617188,1030671920.859375,436062929.90234375,113334703.61328125,40065349.27734375
2017-12-19,DJIA Consolidated - CHICAGO BOARD OF TRADE,72370,40410,5712,34698,47.945281193864865,55.838054442448524,7.8927732485836675,3579,4.9454193726682325,16245,56565,-40320,-55.71369351941412,22.447146607710376,78.1608401271245,60234,65856,-5622,-7.768412325549261,83.23062042282714,90.9990327483764,12136,6514,5622,7.768412325549261,16.76937957717286,9.000967251623601,24754.75,2017-12-25,2017-12-26,24746.2109375,-0.00034494642442362,2017-12-26,2017-12-26,24746.2109375,-0.00034494642442362,2017-12-27,2017-12-27,24774.30078125,0.0007897789818116507,2017-12-28,2017-12-28,24837.509765625,0.003343187292337735,2017-12-29,2017-12-29,24719.220703125,-0.0014352516941192883,-0.00034494642442362,0.0,0.0011351169607720646,0.002551393273744429,-0.004762517000142741,-0.001090681496378032,0.010200010233964107,5.979264017763654,-1658.0,7.1678171167490135,1.1885530989853663,-9.640648916957758,-406.0,-9.094316131231352,0.5463327857264062,-3.6602305913171067,-2063.0,-2.951159981642334,0.7090706096747681,3.6602305913171067,2063.0,2.9511599816423395,-0.7090706096747645,-0.00034494642442362,0.0027978374099919545,0.025492108837697813,0.041935764853209934,-0.0011101089184903934,-0.0022031756531575297,-0.043592012644038,5.0,DJIA x $5,123773.75,5001697237.5,706995660.0,4294701577.5,-205216877.5,-145681703.75,2010704568.75,7001262168.75,-4990557600.0,-50252142.5,-178110426.25,7455388057.5,8151244080.0,-695856022.5,-255345246.25,-323792130.0,1502118230.0,806262207.5,695856022.5,255345246.25,323792130.0
2017-12-26,DJIA Consolidated - CHICAGO BOARD OF TRADE,72295,41615,5529,36086,49.91493187634,57.56276367660281,7.6478318002628125,3542,4.899370634207068,15492,56520,-41028,-56.75081264264472,21.428867833183485,78.1796804758282,60649,65591,-4942,-6.835880766304723,83.89100214399336,90.72688291029807,11646,6704,4942,6.835880766304723,16.108997856006642,9.273117089701916,24746.2109375,2018-01-01,2018-01-02,24824.009765625,0.0031438683005446943,2018-01-02,2018-01-02,24824.009765625,0.0031438683005446943,2018-01-03,2018-01-03,24922.6796875,0.007131142236106225,2018-01-04,2018-01-04,25075.130859375,0.013291728689524662,2018-01-05,2018-01-05,25295.869140625,0.0222118127301687,0.0031438683005446943,0.0,0.003974777757767223,0.006116965502367844,0.008803075943568661,0.019008185198726713,-0.00034494642442362,1.9696506824751339,1388.0,1.7247092341542896,-0.24494144832085496,-1.037119123230596,-708.0,-1.018278774526891,0.01884034870370499,0.9325315592445378,680.0,0.6603817211662175,-0.27214983807832027,-0.9325315592445378,-680.0,-0.6603817211662175,0.27214983807831494,0.0031438683005446943,0.025845970737313095,0.04229530089044564,0.05918480259761982,-0.035904486640157995,-0.018714039238961755,-0.1193722839512994,5.0,DJIA x $5,123731.0546875,5149067840.8203125,684109001.3671875,4464958839.453125,171738703.90625,447164031.640625,1916841499.21875,6993279210.9375,-5076437711.71875,-87601586.71875,-714670571.875,7504164735.7421875,8115643608.0078125,-611478872.265625,84137117.1875,-267506540.234375,1440971862.890625,829492990.625,611478872.265625,-84137117.1875,267506540.234375
2018-01-02,DJIA Consolidated - CHICAGO BOARD OF TRADE,74369,43233,5472,37761,50.77518858664229,58.13309308986271,7.3579045032204276,3362,4.520700829646762,15403,59370,-43967,-59.12006346730493,20.711586817087767,79.83165028439268,61998,68204,-6206,-8.344874880662642,83.36538073659725,91.71025561725989,12371,6165,6206,8.344874880662642,16.63461926340276,8.289744382740121,24824.009765625,2018-01-08,2018-01-08,25283.0,0.018489770134178185,2018-01-09,2018-01-09,25385.80078125,0.022630953698823397,2018-01-10,2018-01-10,25369.130859375,0.02195942955617336,2018-01-11,2018-01-11,25574.73046875,0.030241718006595253,2018-01-12,2018-01-12,25803.189453125,0.039444863933945085,0.018489770134178185,0.004066004083771668,-0.000656663227551646,0.008104322158873689,0.008932996758427514,0.020574672828580498,0.0031438683005446943,0.8602567103022878,1675.0,0.5703294132598984,-0.28992729704238496,-2.369250824660213,-2939.0,-0.7172810160957184,1.6519698085644734,-1.508994114357919,-1264.0,-0.5256214073961161,0.9833727069618163,1.508994114357919,1264.0,0.5256214073961196,-0.983372706961795,0.022630953698823397,0.03902873139844676,0.05586530114769661,0.05047052717123579,-0.03185022879421562,-0.026151675706475253,-0.06028634544759737,5.0,DJIA x $5,124120.048828125,5366082070.986328,679184907.1875,4686897163.798828,207901081.78710938,209142282.27539062,1911821112.0996094,7369007298.925781,-5457186186.826172,-364788823.5058594,-652499096.6894531,7695194787.246094,8465483810.2734375,-770289023.0273438,-156887741.71875,-443356814.4140625,1535489124.0527344,765200101.0253906,770289023.0273438,156887741.71875,443356814.4140625
2018-01-09,DJIA Consolidated - CHICAGO BOARD OF TRADE,75319,41129,7736,33393,44.335426651973606,54.60640741379997,10.270980761826365,4244,5.634700407599676,17240,57415,-40175,-53.339794739707116,22.8893107980722,76.2291055377793,62612,69394,-6782,-9.004368087733507,83.12909093323066,92.13345902096417,12708,5925,6783,9.005695773974693,16.872236753010526,7.866540979035834,25385.80078125,2018-01-15,2018-01-16,25792.859375,0.01603489278347503,2018-01-16,2018-01-16,25792.859375,0.01603489278347503,2018-01-17,2018-01-17,26115.650390625,0.028750308712501615,2018-01-18,2018-01-18,26017.810546875,0.024896191814906432,2018-01-19,2018-01-19,26071.720703125,0.02701982607464659,0.01603489278347503,0.0,0.012514743361019764,-0.0037464065526441326,0.0020720481515104083,0.010811570910795876,0.022630953698823397,-6.439761934668681,-4368.0,-3.5266856760627405,2.9130762586059378,5.780268727597814,3792.0,2.1777239809844318,-3.6025447466133755,-0.6594932070708648,-576.0,-0.23628980336658856,0.423203403704278,0.6608208933120512,577.0,0.2376174896077643,-0.4232034037042869,0.01603489278347503,0.032498867092439765,0.027223480153536928,-0.01863369424806094,-0.038517626041255526,-0.01836225805980063,-0.06296242439909738,5.0,DJIA x $5,126929.00390625,5220463001.660156,981922774.21875,4238540227.4414062,-554425889.0625,-376090638.57421875,2188256027.34375,7287628759.277344,-5099372731.933594,481314782.8125,-33128470.01953125,7947278792.578125,8808111297.070312,-860832504.4921875,-73111106.25,-409092179.58984375,1613013781.640625,752054348.1445312,860959433.4960938,73238035.25390625,409219108.59375
2018-01-16,DJIA Consolidated - CHICAGO BOARD OF TRADE,78618,44050,9192,34858,44.33844666615788,56.03042560227938,11.6919789361215,3905,4.967055890508535,18850,58458,-39608,-50.3803200284922,23.97669744842148,74.35701747691368,66805,71555,-4750,-6.041873362334325,84.97417894120939,91.01605230354372,11814,7064,4750,6.041873362334325,15.027093032130045,8.985219669795722,25792.859375,2018-01-22,2018-01-22,26214.599609375,0.016351046165272276,2018-01-23,2018-01-23,26210.810546875,0.016204142619414386,2018-01-24,2018-01-24,26252.119140625,0.017805694163173902,2018-01-25,2018-01-25,26392.7890625,0.02325952616488447,2018-01-26,2018-01-26,26616.7109375,0.0319410713842192,0.016351046165272276,-0.0001445401629801557,0.0015760135947007203,0.005358421585757389,0.008484206594071564,0.015339213038416677,0.01603489278347503,0.003020014184272668,1465.0,1.4240181884794083,1.4209981742951339,2.9594747112149165,567.0,1.0873866503492806,-1.8720880608656216,2.962494725399182,2032.0,1.845088007978731,-1.117406717420451,-2.9638224116403684,-2033.0,-1.8451437208804808,1.1186786907598876,0.016204142619414386,0.011012010955066875,-0.03412145318804927,-0.044679426173547254,-0.039011902519047514,-0.02609128131998739,-0.06696696578449823,5.0,DJIA x $5,128964.296875,5680877277.34375,1185439816.875,4495437460.46875,188932694.921875,20634287.5,2430976996.09375,7538994866.71875,-5108017870.625,73122756.328125,91822579.375,8615459852.734375,9228040262.890625,-612580410.15625,262055451.25,112456866.875,1523584203.28125,911003793.125,612580410.15625,-262184415.546875,-112456866.875
2018-01-23,DJIA Consolidated - CHICAGO BOARD OF TRADE,78388,40162,9006,31156,39.745879471347656,51.234882890238296,11.489003418890647,3424,4.368015512578456,21417,59962,-38545,-49.172067153135686,27.321783946522427,76.4938510996581,65002,72392,-7390,-9.427463387253152,82.92340664387406,92.35087003112722,13386,5996,7390,9.427463387253152,17.076593356125937,7.649129968872787,26210.810546875,2018-01-29,2018-01-29,26439.48046875,0.008724259841795146,2018-01-30,2018-01-30,26076.890625,-0.0051093392032077745,2018-01-31,2018-01-31,26149.390625,-0.0023433049414919305,2018-02-01,2018-02-01,26186.7109375,-0.000919453037589224,2018-02-02,2018-02-02,25520.9609375,-0.026319277999483637,0.008724259841795146,-0.013713954938659345,0.0027802394481224457,0.0014271962599510246,-0.025423200400728097,-0.03474045310140039,0.016204142619414386,-4.592567194810222,-3702.0,-4.795542712041083,-0.20297551723085228,1.2082528753565143,1063.0,3.3450864981009474,2.136833622744419,-3.3855900249188267,-2640.0,-2.050772297335328,1.3348177275834985,3.3855900249188267,2640.0,2.0495003239958915,-1.336089700922935,-0.0051093392032077745,-0.04952311617008576,-0.05991273430161914,-0.04753994710108511,-0.08342663358652636,-0.03696456055860187,-0.068915460469816,5.0,DJIA x $5,131054.052734375,5263392865.917969,1180272798.9257812,4083120066.9921875,-485162103.22265625,-646096479.9804688,2806784647.4121094,7858263110.058594,-5051478462.646484,139310458.05664062,325407212.9394531,8518775535.839844,9487264985.546875,-968489449.7070312,-345982699.21875,-320820321.09375,1754289549.9023438,785800100.1953125,968489449.7070312,345982699.21875,320820321.09375
2018-01-30,DJIA Consolidated - CHICAGO BOARD OF TRADE,77825,40739,7674,33065,42.486347574686796,52.34693221972374,9.860584645036942,2939,3.7764214584002573,20673,61217,-40544,-52.09637006103437,26.563443623514292,78.65981368454867,64350,71830,-7480,-9.6113074204947,82.68551236749117,92.29681978798587,13475,5996,7479,9.610022486347574,17.314487632508836,7.704465146161259,26076.890625,2018-02-05,2018-02-05,24345.75,-0.06638600628789504,2018-02-06,2018-02-06,24912.76953125,-0.04464186741014109,2018-02-07,2018-02-07,24893.349609375,-0.04538658510498694,2018-02-08,2018-02-08,23860.4609375,-0.08499593449899667,2018-02-09,2018-02-09,24190.900390625,-0.07232419928804301,-0.06638600628789504,0.023290288089296896,-0.0007795167795632274,-0.041492554761935585,0.013848829408222851,-0.0063604370115933895,-0.0051093392032077745,2.74046810333914,1909.0,1.112049329485444,-1.6284187738537046,-2.924302907898685,-1999.0,-0.7583403230081345,2.165962584890565,-0.18384403324154874,-90.0,-0.23789427638288885,-0.05405024314134721,0.1825590990944228,89.0,0.2378942763828995,0.05533517728847226,-0.04464186741014109,-0.05508484224238297,-0.04264851362047695,-0.025572885115592636,-0.07584646007809837,-0.025375002771251598,-0.057404454734526045,5.0,DJIA x $5,130384.453125,5311732235.859375,1000570293.28125,4311161942.578125,248903921.015625,-612285391.875,2695437799.453125,7981745066.953125,-5286307267.5,-260638521.796875,446305983.046875,8390239558.59375,9365515267.96875,-975275709.375,-11734600.78125,-166109793.28125,1756930505.859375,781785180.9375,975145324.921875,11604216.328125,165979408.828125
2018-02-06,DJIA Consolidated - CHICAGO BOARD OF TRADE,66241,32641,10539,22102,33.366042179314924,49.276128077776605,15.910085898461679,1446,2.182938059509971,22094,48476,-26382,-39.82729729321719,33.35396506695249,73.18126236016968,56181,60460,-4279,-6.4597454748569625,84.81303120423907,91.27277667909603,10060,5781,4279,6.4597454748569625,15.186968795760933,8.727223320903972,24912.76953125,2018-02-12,2018-02-12,24601.26953125,-0.012503627892886837,2018-02-13,2018-02-13,24640.44921875,-0.010930952986114573,2018-02-14,2018-02-14,24893.490234375,-0.000773872083985494,2018-02-15,2018-02-15,25200.369140625,0.011544264840335883,2018-02-16,2018-02-16,25219.380859375,0.01230739632301403,-0.012503627892886837,0.0015925880349481059,0.010269334514910078,0.012327676969388301,0.0007544222326232308,0.025125180118848567,-0.04464186741014109,-9.120305395371872,-10963.0,-3.0708041419471357,6.0495012534247365,12.269072767817178,14162.0,6.790521443438198,-5.478551324378984,3.151561945637738,3201.0,2.127518836747896,-1.0240431088898418,-3.150277011490612,-3200.0,-2.127518836747903,1.0227581747427132,-0.010930952986114573,0.0020864990014377582,0.01996003555531023,-0.001150028325396013,-0.022179733692670456,0.0287459258233691,0.020019853648723274,5.0,DJIA x $5,124563.84765625,4065888551.3476562,1312778390.4492188,2753110160.8984375,-1365593461.8554688,-1406450403.8867188,2752113650.1171875,6038357078.984375,-3286243428.8671875,1764073210.5078125,1718109150.7226562,6998121525.175781,7531130229.296875,-533008704.12109375,398728876.34765625,311783310.68359375,1253112307.421875,720103603.3007812,533008704.12109375,-398604312.5,-311907874.53125
2018-02-13,DJIA Consolidated - CHICAGO BOARD OF TRADE,63084,25694,15037,10657,16.893348551138164,40.729820556718025,23.83647200557986,1001,1.5867731913004883,27571,40207,-12636,-20.030435609663304,43.705218438906854,63.735654048570154,54265,56245,-1980,-3.138672246528438,86.02022699892207,89.15889924545051,8819,6839,1980,3.138672246528438,13.979773001077927,10.841100754549489,24640.44921875,2018-02-19,2018-02-20,24964.75,0.01316131773292617,2018-02-20,2018-02-20,24964.75,0.01316131773292617,2018-02-21,2018-02-21,24797.779296875,0.0063850328672288015,2018-02-22,2018-02-22,24962.48046875,0.013069211812703152,2018-02-23,2018-02-23,25309.990234375,0.02717243544064596,0.01316131773292617,0.0,-0.006688258569583105,0.006641771019220144,0.013921283426141962,0.013829108417869218,-0.010930952986114573,-16.47269362817676,-11445.0,-8.54630752105858,7.926386107118182,19.79686168355389,13746.0,10.351253371954364,-9.445608311599528,3.3210732283285247,2299.0,1.2071957946830025,-2.113877433645513,-3.3210732283285247,-2299.0,-1.207195794683006,2.1138774336455164,0.01316131773292617,0.03123238830968189,0.009889021085280447,0.014877167005788783,0.0026769372958430626,0.02676374514402835,0.03187078855191583,5.0,DJIA x $5,123202.24609375,3165558511.1328125,1852592174.5117188,1312966336.6210938,-1410049706.5429688,-2981617557.7148438,3396809127.0507812,4953592708.691406,-1556783581.640625,1693538074.8046875,3323010981.640625,6685569884.277344,6929510331.542969,-243940447.265625,283241963.76953125,341270221.6796875,1086520608.3007812,842580161.0351562,243940447.265625,-283241963.76953125,-341270221.6796875
2018-02-20,DJIA Consolidated - CHICAGO BOARD OF TRADE,58963,23250,13677,9573,16.235605379644863,39.431507894781475,23.19590251513661,968,1.6417075114902566,25572,36791,-11219,-19.02718654071197,43.369570747757066,62.39675728846904,49790,51436,-1646,-2.7915811610671097,84.4427861540288,87.23436731509591,9173,7527,1646,2.7915811610671097,15.557213845971201,12.765632684904094,24964.75,2018-02-26,2018-02-26,25709.26953125,0.029822831442333664,2018-02-27,2018-02-27,25410.029296875,0.017836321087733698,2018-02-28,2018-02-28,25029.19921875,0.0025816088184340558,2018-03-01,2018-03-01,24608.98046875,-0.014250874983727013,2018-03-02,2018-03-02,24538.060546875,-0.017091677390120075,0.029822831442333664,-0.011639390765702973,-0.014987392327478921,-0.016789140808196712,-0.0028818715982589227,-0.045555902821407535,0.01316131773292617,-0.6577431714933013,-1084.0,-1.2983126619365493,-0.6405694904432515,1.0032490689513338,1417.0,-0.3356476911497879,-1.3388967601011146,0.34709108546132805,334.0,-1.5774408448932746,-1.924531930354604,-0.34709108546132805,-334.0,1.5774408448932746,1.9245319303546058,0.017836321087733698,-0.0032297883766110314,0.0016935597943099623,-0.009512631560500306,-0.0052209552969687545,0.03434999599435207,0.037115144854244386,5.0,DJIA x $5,124823.75,2902152187.5,1707214428.75,1194937758.75,-135308945.0,-2694070996.25,3191992935.0,4592390586.25,-1400397651.25,176875253.75,3410933792.5,6214974512.5,6420434405.0,-205459892.5,41691132.5,716987620.0,1145008258.75,939548366.25,205459892.5,-41691132.5,-716987620.0
2018-02-27,DJIA Consolidated - CHICAGO BOARD OF TRADE,59086,22003,10867,11136,18.84710422096605,37.23893985038757,18.39183562942152,1291,2.184950749754595,26112,39932,-13820,-23.389635446637104,44.19320989743763,67.58284534407474,49405,52090,-2685,-4.54422367396676,83.61540804928408,88.15963172325085,9681,6996,2685,4.54422367396676,16.384591950715905,11.840368276749146,25410.029296875,2018-03-05,2018-03-05,24874.759765625,-0.021065285875755735,2018-03-06,2018-03-06,24884.119140625,-0.020696951983234402,2018-03-07,2018-03-07,24801.359375,-0.023953924443127494,2018-03-08,2018-03-08,24895.2109375,-0.02026043942571576,2018-03-09,2018-03-09,25335.740234375,-0.0029236118397208966,-0.021065285875755735,0.000376259915198629,-0.003325806517695429,0.0037841297761527226,0.017695343011190356,0.018532057117071732,0.017836321087733698,2.611498841321186,1563.0,-2.1925680443939086,-4.804066885715088,-4.362448905925135,-2601.0,0.8236391496805666,5.186088055605701,-1.7526425128996506,-1039.0,-0.8273781047447102,0.9252644081549448,1.7526425128996506,1039.0,0.8273781047447031,-0.9252644081549484,-0.020696951983234402,-0.01585987939217226,-0.026869696120695452,-0.061090774089186506,-0.04126638603498023,0.025737484468600247,0.0254998199452956,5.0,DJIA x $5,127050.146484375,2795484373.095703,1380653941.8457031,1414830431.25,198579378.95507812,-2786082662.2558594,3317533425.0,5073366449.4140625,-1755833024.4140625,-330457431.0058594,3395288114.6484375,6276912487.060547,6618042130.371094,-341129643.3105469,-132005102.19726562,609205452.3925781,1229972468.1152344,888842824.8046875,341129643.3105469,132005102.19726562,-609078402.2460938
2018-03-06,DJIA Consolidated - CHICAGO BOARD OF TRADE,58398,23520,10813,12707,21.759306825576218,40.275351895612864,18.516045070036647,1202,2.058289667454365,24849,40009,-15160,-25.959793143600805,42.55111476420425,68.51090790780506,49571,52023,-2452,-4.198773930614062,84.88475632727148,89.08353025788554,8828,6375,2453,4.2004863180245895,15.116956060139044,10.916469742114456,24884.119140625,2018-03-12,2018-03-12,25178.609375,0.011834464893484054,2018-03-13,2018-03-13,25007.029296875,0.0049393010680993665,2018-03-14,2018-03-14,24758.119140625,-0.005063470371924783,2018-03-15,2018-03-15,24873.66015625,-0.0004203075992320615,2018-03-16,2018-03-16,24946.509765625,0.0025072466759790135,0.011834464893484054,-0.006814517655425512,-0.009953607575495016,0.00466679294047867,0.0029287852659150015,-0.009218126621617695,-0.020696951983234402,2.9122026046101688,1571.0,3.0364120452252976,0.12420944061512529,-2.570157696963701,-1340.0,-1.6420951332333829,0.9280625637303217,0.34544974335269796,233.0,1.2693482779873904,0.923898534634688,-0.3437373559421708,-232.0,-1.2676358905768605,-0.9238985346346897,0.0049393010680993665,-0.006303201189827634,-0.04124752004780907,-0.034188864022760446,-0.0033812196204139333,0.04293345977358021,0.037072307584476105,5.0,DJIA x $5,124420.595703125,2926372410.9375,1345359901.3378906,1581012509.5996094,195464755.84960938,-1168931496.6308594,3091727382.626953,4977943613.486328,-1886216230.859375,-166723598.2421875,1396247924.9804688,6167653349.599609,6472732650.263672,-305079300.6640625,28989998.798828125,227316428.34960938,1098385018.8671875,793181297.6074219,305203721.2597656,-28865578.203125,-227192007.75390625
2018-03-13,DJIA Consolidated - CHICAGO BOARD OF TRADE,73002,22899,11628,11271,15.439303032793623,31.367633763458535,15.928330730664914,2020,2.7670474781512833,39082,53054,-13972,-19.139201665707787,53.535519574806166,72.67472124051396,64001,66702,-2701,-3.699898632914167,87.67020081641598,91.37009944933016,9001,6300,2701,3.699898632914167,12.329799183584012,8.629900550669845,25007.029296875,2018-03-19,2018-03-19,24610.91015625,-0.01584031177483769,2018-03-20,2018-03-20,24727.26953125,-0.011187245086322961,2018-03-21,2018-03-21,24682.310546875,-0.012985098955379692,2018-03-22,2018-03-22,23957.890625,-0.04195375066026352,2018-03-23,2018-03-23,23533.19921875,-0.058936631801730144,-0.01584031177483769,0.004727959033666629,-0.0018181944560511365,-0.029349761259150786,-0.017726577556324452,-0.043789966752867615,0.0049393010680993665,-6.320003792782595,-1436.0,-8.90771813215433,-2.5877143393717326,6.820591477893018,1188.0,10.984404810601916,4.163813332708898,0.49887529769989536,-249.0,2.78544448914451,2.286569191444613,-0.5005876851104225,248.0,-2.7871568765550325,-2.2865691914446113,-0.011187245086322961,-0.04595981176855035,-0.038935849209273066,-0.023954436561157477,0.012544519708872492,0.0385504107087391,0.021899076970467446,5.0,DJIA x $5,125035.146484375,2863179819.345703,1453908683.3203125,1409271136.0253906,-179550470.3515625,76771579.94140625,4886623594.902344,6633614661.582031,-1746991066.6796875,148541754.0234375,-167046955.703125,8002374410.146484,8340094340.800781,-337719930.6542969,-31133751.474609375,-90150340.61523438,1125441353.5058594,787721422.8515625,337719930.6542969,31008716.328125,90150340.61523438
2018-03-20,DJIA Consolidated - CHICAGO BOARD OF TRADE,53163,21703,8069,13634,25.645655813253576,40.823505069315125,15.177849256061545,1360,2.5581701559355188,21964,37339,-15375,-28.920489814344563,41.31444801835863,70.2349378327032,45026,46768,-1742,-3.276715008558584,84.69424223614168,87.97095724470026,8137,6395,1742,3.276715008558584,15.305757763858322,12.02904275529974,24727.26953125,2018-03-26,2018-03-26,24202.599609375,-0.02121827164183776,2018-03-27,2018-03-27,23857.7109375,-0.03516597708659519,2018-03-28,2018-03-28,23848.419921875,-0.035541716737641504,2018-03-29,2018-03-29,24103.109375,-0.02524177428733876,2018-03-30,2018-04-02,23644.189453125,-0.0438010382325561,-0.02121827164183776,-0.014250067242421616,-0.0003894344955951423,0.010679510590611008,-0.01903986389204193,-0.023072321373018845,-0.011187245086322961,10.206352780459953,2363.0,9.45587130585659,-0.7504814746033688,-9.781288148636776,-1403.0,-12.221071556447534,-2.439783407810765,0.4231836243555831,959.0,-2.975958580274309,-3.3991422046298965,-0.4231836243555831,-959.0,2.9759585802743107,3.3991422046298947,-0.03516597708659519,-0.028062546710749703,-0.012911637123804165,0.002400642256516816,-0.001094281506326622,0.0614581162845107,0.04691627301020307,5.0,DJIA x $5,123636.34765625,2683279653.1835938,997621689.2382812,1685657963.9453125,292152689.51171875,502087207.83203125,2715548739.921875,4616457585.136719,-1900908845.2148438,-173461795.76171875,-513832660.859375,5566850189.5703125,5782224707.1875,-215374517.6171875,118567257.40234375,-11869089.375,1006028960.8789062,790654443.2617188,215374517.6171875,-118567257.40234375,11869089.375
2018-03-27,DJIA Consolidated - CHICAGO BOARD OF TRADE,51868,21104,7538,13566,26.154854630986353,40.68790005398319,14.533045422996837,971,1.8720598442199428,21881,37154,-15273,-29.445901133646952,42.185933523559804,71.63183465720677,43956,45663,-1707,-3.2910465026606004,84.74589342176294,88.03693992442354,7912,6205,1707,3.2910465026606004,15.254106578237064,11.963060075576463,23857.7109375,2018-04-02,2018-04-02,23644.189453125,-0.008949789228914762,2018-04-03,2018-04-03,24033.359375,0.007362334046218777,2018-04-04,2018-04-04,24264.30078125,0.017042282254787322,2018-04-05,2018-04-05,24505.220703125,0.027140481638044722,2018-04-06,2018-04-06,23932.759765625,0.003145684358470291,-0.008949789228914762,0.016459431719853868,0.009609202053135757,0.009928986787913985,-0.02336077460534758,0.012204703107801418,-0.03516597708659519,0.5091988177327771,-68.0,-0.13560501533193303,-0.6448038330647083,-0.525411319302389,102.0,0.8714855052011714,1.396896824503571,-0.014331494102016507,35.0,0.05165118562126736,0.06598267972327676,0.014331494102016507,-35.0,-0.05165118562125848,-0.06598267972327676,0.007362334046218777,0.02306545937879756,0.03893583606191253,0.006975519248723083,0.017830647651587928,0.11042551428766978,0.07544812391957922,5.0,DJIA x $5,119288.5546875,2517465658.125,899197125.234375,1618268532.890625,-8111621.71875,289871187.890625,2610152865.1171875,4432046960.859375,-1821894095.7421875,12167432.578125,-173326269.9609375,5243447709.84375,5447073272.6953125,-203625562.8515625,4175099.4140625,116664206.484375,943811044.6875,740185481.8359375,203625562.8515625,-4175099.4140625,-116664206.484375
2018-04-03,DJIA Consolidated - CHICAGO BOARD OF TRADE,48454,18560,8779,9781,20.186155941717917,38.3043711561481,18.11821521443018,1126,2.3238535518223467,21616,32462,-10846,-22.384116894374046,44.61138399306559,66.99550088743963,41302,42366,-1064,-2.1958971395550417,85.23960870103603,87.43550584059108,7152,6088,1064,2.1958971395550417,14.760391298963965,12.564494159408923,24033.359375,2018-04-09,2018-04-09,23979.099609375,-0.002257685443735391,2018-04-10,2018-04-10,24408.0,0.015588358629119003,2018-04-11,2018-04-11,24189.44921875,0.006494716003471845,2018-04-12,2018-04-12,24483.05078125,0.01871113393817847,2018-04-13,2018-04-13,24360.140625,0.013596985960270036,-0.002257685443735391,0.01788642599646706,-0.008954063473041618,0.012137587749307732,-0.00502021407986164,0.015890547261250276,0.007362334046218777,-5.968698689268436,-3785.0,-2.3835288978350917,3.5851697914333425,7.061784239272907,4427.0,2.4254504695057832,-4.636333769767134,1.0951493631055587,643.0,0.4937152792730899,-0.6014340838324586,-1.0951493631055587,-643.0,-0.4937152792730988,0.6014340838324603,0.015588358629119003,0.03134274624789102,-0.0003839877514002499,0.002733342651977777,0.005886024308659588,0.11403233461302165,0.08928304407610521,5.0,DJIA x $5,120166.796875,2230295750.0,1054944309.765625,1175351440.234375,-454831326.171875,-351608047.65625,2597525481.25,3900854560.15625,-1303329078.90625,531978409.765625,518399561.71875,4963129044.53125,5090986516.40625,-127857471.875,77267250.390625,166791514.0625,859432931.25,731575459.375,127857471.875,-77267250.390625,-166911680.859375
2018-04-10,DJIA Consolidated - CHICAGO BOARD OF TRADE,48443,16867,8150,8717,17.99434386805111,34.8182399933943,16.82389612534319,1411,2.912701525504201,22919,32149,-9230,-19.053320397167806,47.31127304254485,66.36459343971265,41196,41709,-513,-1.058976529116694,85.04015027971018,86.09912680882687,7247,6734,513,1.058976529116694,14.959849720289824,13.900873191173133,24408.0,2018-04-16,2018-04-16,24573.0390625,0.006761679060144132,2018-04-17,2018-04-17,24786.630859375,0.015512572081899378,2018-04-18,2018-04-18,24748.0703125,0.013932739777941627,2018-04-19,2018-04-19,24664.890625,0.010524853531628908,2018-04-20,2018-04-20,24462.939453125,0.0022508789382580385,0.006761679060144132,0.008692119698004985,-0.001555699404802935,-0.0033610575066932435,-0.008187799205981672,-0.004480504389179019,0.015588358629119003,-2.1918120736668065,-1064.0,-3.4861311627538,-1.29431908908699,3.33079649720624,1616.0,2.6998890494792604,-0.6309074477269832,1.1369206104383478,551.0,-0.19945842132585767,-1.33637903176421,-1.1369206104383478,-551.0,0.19945842132585945,1.33637903176421,0.015512572081899378,-0.015727185374672215,-0.01265770316084891,-0.001957926192232007,0.02096280548385776,0.0828650570509668,0.07139380851052923,5.0,DJIA x $5,122040.0,2058448680.0,994626000.0,1063822680.0,-129850560.0,-311690160.0,2797034760.0,3923463960.0,-1126429200.0,197216640.0,578713680.0,5027559840.0,5090166360.0,-62606520.0,67244040.0,267023520.0,884423880.0,821817360.0,62606520.0,-67244040.0,-267023520.0
2018-04-17,DJIA Consolidated - CHICAGO BOARD OF TRADE,50772,17349,8721,8628,16.99361852989837,34.170408886787996,17.176790356889622,1020,2.008981328291184,24586,33640,-9054,-17.83266367289057,48.424328369967704,66.25699204285826,42955,43381,-426,-0.8390451429922005,84.60371858504688,85.44276372803907,7817,7391,426,0.8390451429922005,15.396281414953123,14.557236271960925,24786.630859375,2018-04-23,2018-04-23,24448.689453125,-0.01363401941019271,2018-04-24,2018-04-24,24024.130859375,-0.03076255116421367,2018-04-25,2018-04-25,24083.830078125,-0.0283540262182983,2018-04-26,2018-04-26,24322.33984375,-0.0187315096698345,2018-04-27,2018-04-27,24311.189453125,-0.01918136470210008,-0.01363401941019271,-0.01736529046123303,0.0024849689297585797,0.009903315413341884,-0.00045844234956959884,-0.0056240233352231606,0.015512572081899378,-1.0007253381527406,-89.0,-0.6478311066063043,0.35289423154643274,1.2206567242772373,176.0,1.113055327422856,-0.10760139685439185,0.21993138612449348,87.0,-0.43643169466329823,-0.6563630807877985,-0.21993138612449348,-87.0,0.43643169466329823,0.6563630807877914,-0.03076255116421367,-0.02773995715778932,-0.017203625789009358,-0.003236450471228891,0.01344514175870537,0.04081995121645643,0.06721483473599488,5.0,DJIA x $5,123933.154296875,2150116293.8964844,1080821038.6230469,1069295255.2734375,-11030050.732421875,-620409370.4101562,3047020531.5429688,4169111310.546875,-1122090779.0039062,21812235.15625,783381468.3105469,5323548642.822266,5376344166.552734,-52795523.73046875,10782184.423828125,163096031.0546875,968785467.1386719,915989943.4082031,52795523.73046875,-10782184.423828125,-163096031.0546875
2018-04-24,DJIA Consolidated - CHICAGO BOARD OF TRADE,53519,15143,15262,-119,-0.2223509407873839,28.294624339019787,28.516975279807173,1283,2.3972794708421308,29040,30767,-1727,-3.226891384368168,54.261103533324615,57.48799491769279,45466,47312,-1846,-3.449242325155552,84.95300734318654,88.40224966834208,8053,6207,1846,3.449242325155552,15.046992656813469,11.597750331657917,24024.130859375,2018-04-30,2018-04-30,24163.150390625,0.005786662254869901,2018-05-01,2018-05-01,24099.05078125,0.0031185278798864235,2018-05-02,2018-05-02,23924.98046875,-0.004127116656389207,2018-05-03,2018-05-03,23930.150390625,-0.003911919615328219,2018-05-04,2018-05-04,24262.509765625,0.00992247784718403,0.005786662254869901,-0.0026527836121845727,-0.007223119038175296,0.00021608886501511826,0.013888729054131188,0.004112020717238485,-0.03076255116421367,-17.215969470685753,-8747.0,-5.875784547768209,11.340184922917551,14.6057722885224,7327.0,5.836775163356911,-8.76899712516547,-2.610197182163352,-1420.0,0.3492887581396644,2.9594859403030114,2.610197182163352,1420.0,-0.34928875813965377,-2.959485940303008,0.0031185278798864235,0.01398927104136427,0.028399749438126065,0.03372772574450078,0.050691057290622954,0.04858859764616552,0.10956732549589021,5.0,DJIA x $5,120120.654296875,1818987068.0175781,1833281425.8789062,-14294357.861328125,-1050695363.1347656,-1643851154.0527344,3488303800.78125,3695752170.751953,-207448369.97070312,880124034.0332031,1627154383.1054688,5461405668.261719,5683148396.09375,-221742727.83203125,-170571329.1015625,-16696770.947265625,967331629.0527344,745588901.2207031,221742727.83203125,170571329.1015625,16696770.947265625
2018-05-01,DJIA Consolidated - CHICAGO BOARD OF TRADE,51939,16185,15003,1182,2.2757465488361346,31.16155490094149,28.885808352105354,625,1.2033346810681762,27086,30169,-3083,-5.935809314773099,52.14963707426019,58.085446389033294,43895,45797,-1902,-3.6619881014266733,84.51260132078015,88.17458942220682,8045,6143,1902,3.6619881014266733,15.489324014709563,11.827335913282889,24099.05078125,2018-05-07,2018-05-07,24357.3203125,0.010717000167116186,2018-05-08,2018-05-08,24360.2109375,0.010836947837513655,2018-05-09,2018-05-09,24542.5390625,0.018402728193554152,2018-05-10,2018-05-10,24739.529296875,0.026576918793968396,2018-05-11,2018-05-11,24831.169921875,0.030379584128459314,0.010717000167116186,0.00011867582159741374,0.007484669384341114,0.008026481444048938,0.003704218617109012,0.019454094428106083,0.0031185278798864235,2.4980974896235186,1301.0,2.866930561921702,0.3688330722981803,-2.708917930404931,-1356.0,-2.111466459064424,0.5974514713405057,-0.21274577627112112,-56.0,-0.4404060224063926,-0.22766024613525815,0.21274577627112112,56.0,0.44233135789609435,0.22958558162497233,0.010836947837513655,0.025202626464962297,0.03051403898331717,0.010888330826048787,0.054613714200685726,0.032183418790645346,0.10348371799524658,5.0,DJIA x $5,120495.25390625,1950215684.4726562,1807790294.3554688,142425390.1171875,156764325.33203125,-1036138688.3398438,3263734447.3046875,3635221315.0976562,-371486867.79296875,-163391564.296875,935404656.0742188,5289139170.214844,5518321143.144531,-229181972.9296875,-6747734.21875,-100975022.7734375,969384317.6757812,740202344.7460938,229181972.9296875,6747734.21875,100975022.7734375
2018-05-08,DJIA Consolidated - CHICAGO BOARD OF TRADE,51551,16776,15441,1335,2.589668483637563,32.54253069775562,29.95286221411806,352,0.6828189559853348,26686,29167,-2481,-4.812709743748909,51.7662121006382,56.57892184438711,43813,44960,-1147,-2.2249810866908497,84.98962192779965,87.21460301449049,7738,6591,1147,2.2249810866908497,15.010378072200345,12.785396985509495,24360.2109375,2018-05-14,2018-05-14,24899.41015625,0.022134423225373512,2018-05-15,2018-05-15,24706.41015625,0.014211667527766148,2018-05-16,2018-05-16,24768.9296875,0.016778128524774782,2018-05-17,2018-05-17,24713.98046875,0.014522433001818102,2018-05-18,2018-05-18,24715.08984375,0.014567973453123884,0.022134423225373512,-0.007751187630103518,0.002530498395137526,-0.002218473686318778,4.4888560197797744e-05,-0.00740259754521666,0.010836947837513655,0.3139219348014284,153.0,1.380975796814134,1.0670538620127061,1.1230995710241904,602.0,-0.3834249736219917,-1.506524544646183,1.4370070147358236,755.0,0.47702060701949733,-0.9599864077163289,-1.4370070147358236,-755.0,-0.4789459425092186,0.9580610722266059,0.014211667527766148,0.01946613762773386,5.0832123464683576e-05,0.018052780100233923,0.052080797740423845,0.05233119004575526,0.06588115802312111,5.0,DJIA x $5,121801.0546875,2043334493.4375,1880730085.4296875,162604408.0078125,18635561.3671875,-899135385.703125,3250382945.390625,3552571362.0703125,-302188416.6796875,73324234.921875,822035318.0859375,5336469609.0234375,5476175418.75,-139705809.7265625,91959796.2890625,-77221868.671875,942496561.171875,802790751.4453125,139705809.7265625,-91959796.2890625,77221868.671875
2018-05-15,DJIA Consolidated - CHICAGO BOARD OF TRADE,51111,16111,11049,5062,9.903934573770814,31.52159026432666,21.61765569055585,485,0.9489151063371877,25811,32714,-6903,-13.50589892586723,50.49989239107041,64.00579131693765,42406,44248,-1842,-3.6039208780888656,82.96844123574182,86.57236211383068,8705,6864,1841,3.601964352096418,17.031558764258182,13.429594412161766,24706.41015625,2018-05-21,2018-05-21,25013.2890625,0.012421023706366663,2018-05-22,2018-05-22,24834.41015625,0.005180841700210381,2018-05-23,2018-05-23,24886.810546875,0.00730176458190801,2018-05-24,2018-05-24,24811.759765625,0.004264059760553662,2018-05-25,2018-05-25,24753.08984375,0.0018893755590061456,0.012421023706366663,-0.007151354857933279,0.0021099913505218115,-0.0030156849994353863,-0.0023646013998686044,-0.010402439203410885,0.014211667527766148,7.31426609013325,3727.0,-1.0209404334289616,-8.33520652356221,-8.69318918211832,-4422.0,-1.2663197095677887,7.4268694725505355,-1.378939791398016,-695.0,-2.0211806920578255,-0.6422409006598144,1.3769832654055683,694.0,2.021180692057838,0.644197426652271,0.005180841700210381,-0.013962406327684751,0.003787288882044715,0.024864814783486233,0.024022501119000506,0.023478930142275534,0.03341807327646662,5.0,DJIA x $5,123532.05078125,1990224870.1367188,1364905629.0820312,625319241.0546875,460403953.26171875,-440515293.0859375,3188485762.7148438,4041227509.2578125,-852741746.5429688,-546258728.5546875,265717441.23046875,5238500145.4296875,5466046182.96875,-227546037.5390625,-85854775.29296875,-174921383.90625,1075346502.0507812,847923996.5625,227422505.48828125,85731243.2421875,174797851.85546875
2018-05-22,DJIA Consolidated - CHICAGO BOARD OF TRADE,51450,15984,8865,7119,13.83673469387755,31.067055393586006,17.230320699708454,934,1.8153547133138972,25369,34949,-9580,-18.620019436345967,49.308066083576286,67.92808551992225,42287,44748,-2461,-4.783284742468416,82.19047619047619,86.97376093294461,9164,6703,2461,4.783284742468416,17.811467444120506,13.028182701652089,24834.41015625,2018-05-28,2018-05-29,24361.44921875,-0.019044581068134225,2018-05-29,2018-05-29,24361.44921875,-0.019044581068134225,2018-05-30,2018-05-30,24667.779296875,-0.0067096765466387875,2018-05-31,2018-05-31,24415.83984375,-0.01685444952654369,2018-06-01,2018-06-01,24635.2109375,-0.008021097239544028,-0.019044581068134225,0.0,0.012574378288186194,-0.01021330092558903,0.008984785907586001,0.011237497256086693,0.005180841700210381,3.9328001201067373,2057.0,-0.45453487074065535,-4.387334990847396,-5.114120510478736,-2677.0,-1.191826307494125,3.9222942029846024,-1.17936386437955,-619.0,-0.7779650452656313,0.40139881911393616,1.1813203903719978,620.0,0.7799086798623236,-0.4014117105096773,-0.019044581068134225,-0.0013863702533452038,0.01958251915146092,-0.00540376106803675,0.03977863375995594,-0.014849135893698406,0.04199495439244538,5.0,DJIA x $5,124172.05078125,1984766059.6875,1100785230.1757812,883980829.5117188,255421908.45703125,898757303.5546875,3150120756.2695312,4339689002.753906,-1189568246.484375,-332408579.94140625,-975123114.7851562,5250863511.386719,5556450928.359375,-305587416.97265625,-76862499.43359375,-76365811.23046875,1137912673.359375,832325256.3867188,305587416.97265625,76986671.484375,76365811.23046875
2018-05-29,DJIA Consolidated - CHICAGO BOARD OF TRADE,52530,16162,9639,6523,12.417666095564439,30.767180658671233,18.349514563106798,1052,2.002665143727394,26232,35174,-8942,-17.022653721682847,49.93717875499715,66.95983247667999,43445,45864,-2419,-4.604987626118408,82.70512088330479,87.31010850942319,9085,6666,2419,4.604987626118408,17.29487911669522,12.689891490576812,24361.44921875,2018-06-04,2018-06-04,24813.689453125,0.018563765657542586,2018-06-05,2018-06-05,24799.98046875,0.018001032946040052,2018-06-06,2018-06-06,25146.390625,0.032220636761045585,2018-06-07,2018-06-07,25241.41015625,0.03612104229097879,2018-06-08,2018-06-08,25316.529296875,0.03920456741095335,0.018563765657542586,-0.0005524766641775702,0.013968162462325573,0.0037786548641114415,0.0029760278906763027,0.020264614204183795,-0.019044581068134225,-1.4190685983131122,-596.0,-0.29987473491477346,1.119193863398344,1.5973657146631197,638.0,0.629112671420863,-0.9682530432422567,0.17829711635000756,42.0,0.5146446928285968,0.3363475764785733,-0.17829711635000756,-42.0,-0.5165883274252856,-0.33829121107527627,0.018001032946040052,0.039377019051136,0.013905647225997964,-0.0032157300268370603,0.06988789120105388,0.01589729931591788,0.040486930955686784,5.0,DJIA x $5,121807.24609375,1968648711.3671875,1174100045.0976562,794548666.2695312,-72597118.671875,650572501.3867188,3195247679.53125,4284448074.1015625,-1089200394.5703125,77713023.0078125,-713668654.8632812,5291915806.542969,5586567534.84375,-294651728.30078125,5115904.3359375,-62974346.23046875,1106618830.7617188,811967102.4609375,294651728.30078125,-5115904.3359375,62974346.23046875
2018-06-05,DJIA Consolidated - CHICAGO BOARD OF TRADE,48855,16345,7523,8822,18.057517142564734,33.456145737386144,15.398628594821409,135,0.276327909118821,24374,34594,-10220,-20.91904615699519,49.890492273052914,70.80953843004811,40854,42252,-1398,-2.8615290144304573,83.62296591955788,86.48449493398833,8001,6603,1398,2.8615290144304573,16.377034080442122,13.515505066011668,24799.98046875,2018-06-11,2018-06-11,25322.310546875,0.021061713285749573,2018-06-12,2018-06-12,25320.73046875,0.020998000407951523,2018-06-13,2018-06-13,25201.19921875,0.016178188144364336,2018-06-14,2018-06-14,25175.310546875,0.015134289262765721,2018-06-15,2018-06-15,25090.48046875,0.011713718902563341,0.021061713285749573,-6.239865521251442e-05,-0.004720687270358237,-0.0010272793627907895,-0.003369574248828111,-0.009155170800699719,0.018001032946040052,5.639851047000295,2299.0,2.6889650787149115,-2.950885968285389,-3.896392435312343,-1278.0,-0.04668648194423497,3.8497059533681153,1.743458611687951,1021.0,0.9178450362530981,-0.8256135754348577,-1.743458611687951,-1021.0,-0.9178450362530981,0.8256135754348559,0.020998000407951523,-0.004022968138048255,-0.020841592774691886,-0.025208090669174177,0.04647181079244178,0.009156855749791859,0.0214596628179049,5.0,DJIA x $5,123999.90234375,2026778403.8085938,932851265.3320312,1093927138.4765625,285075775.48828125,928387268.8476562,3022373619.7265625,4289652621.6796875,-1267279001.953125,-158471875.1953125,-959635244.2382812,5065892010.3515625,5239243873.828125,-173351863.4765625,126603900.29296875,-31123975.48828125,992123218.6523438,818771355.1757812,173351863.4765625,-126603900.29296875,31123975.48828125
2018-06-12,DJIA Consolidated - CHICAGO BOARD OF TRADE,57351,17535,5497,12038,20.99004376558386,30.57488099597217,9.58483723038831,2791,4.866523687468397,28456,41085,-12629,-22.02054018238566,49.61726909731304,71.6378092796987,48782,49372,-590,-1.0287527680424056,85.05867378075361,86.087426548796,8569,7979,590,1.0287527680424056,14.941326219246395,13.912573451203988,25320.73046875,2018-06-18,2018-06-18,24987.470703125,-0.013161538370162651,2018-06-19,2018-06-19,24700.2109375,-0.0245063834953666,2018-06-20,2018-06-20,24657.80078125,-0.026181301851388783,2018-06-21,2018-06-21,24461.69921875,-0.03392600584964123,2018-06-22,2018-06-22,24580.890625,-0.029218740141130017,-0.013161538370162651,-0.011496152173139929,-0.001716995711385283,-0.007952921845695071,0.0048725726362721655,-0.016271357871933456,0.020998000407951523,2.9325266230191254,3216.0,-2.8812647414139754,-5.813791364433099,-1.101494025390469,-2409.0,-0.2732231757398722,0.8282708496505933,1.8327762463880517,808.0,1.4357078611957235,-0.3970683851923269,-1.8327762463880517,-808.0,-1.435707861195727,0.3970683851923198,-0.0245063834953666,-0.04097911373570351,-0.04525580956932673,-0.01583960277113594,0.025683701302678275,-0.0375380258301814,0.028742428966384015,5.0,DJIA x $5,126603.65234375,2219995043.8476562,695940276.9335938,1524054766.9140625,407157345.9375,883187078.75,3602633531.09375,5201511056.542969,-1598877525.4492188,-304988198.49609375,-724932513.3203125,6175979368.6328125,6250675523.515625,-74696154.8828125,102295751.09375,158507772.734375,1084866696.9335938,1010170542.0507812,74696154.8828125,-102295751.09375,-158381169.08203125
2018-06-19,DJIA Consolidated - CHICAGO BOARD OF TRADE,43300,16190,9508,6682,15.431870669745958,37.390300230946885,21.958429561200923,772,1.7829099307159355,17489,27311,-9822,-22.683602771362587,40.39030023094688,63.07390300230947,34450,37590,-3140,-7.2517321016166285,79.56120092378754,86.81293302540416,8851,5710,3141,7.254041570438799,20.44110854503464,13.187066974595844,24700.2109375,2018-06-25,2018-06-25,24252.80078125,-0.018113616818176248,2018-06-26,2018-06-26,24283.109375,-0.016886558724352962,2018-06-27,2018-06-27,24117.58984375,-0.023587697093932936,2018-06-28,2018-06-28,24216.05078125,-0.019601458363051716,2018-06-29,2018-06-29,24271.41015625,-0.017360207260375793,-0.018113616818176248,0.0012496945826327988,-0.006816241227344921,0.004082536361962319,0.0022860612368249544,0.0007673082860757408,-0.0245063834953666,-5.558173095837901,-5356.0,6.815419234974716,12.373592330812613,-0.6630625889769277,2807.0,-9.226968866366164,-8.56390627738923,-6.222979333574223,-2550.0,-5.49747285696607,0.7255064766081603,6.225288802396394,2551.0,5.499782325788246,-0.7255064766081443,-0.016886558724352962,-0.021270693854777978,0.008884507881543158,0.016990935363343063,0.0626209227084662,-0.04148022521315764,0.07147016393774464,5.0,DJIA x $5,123501.0546875,1999482075.390625,1174248027.96875,825234047.421875,-661471648.90625,-53969960.8984375,2159909945.4296875,3372937304.5703125,-1213027359.140625,346667460.5078125,-29887255.234375,4254611333.984375,4642404645.703125,-387793311.71875,-314927689.453125,-83857216.1328125,1093107835.0390625,705191022.265625,387916812.7734375,315051190.5078125,83980717.1875
2018-06-26,DJIA Consolidated - CHICAGO BOARD OF TRADE,43398,15398,11797,3601,8.297617401723583,35.48089773722292,27.183280335499333,1148,2.6452831927738605,17539,25635,-8096,-18.65523756855155,40.414304806673115,59.06954237522466,34084,38580,-4496,-10.359924420480207,78.53818148301765,88.89810590349786,9314,4818,4496,10.359924420480207,21.46181851698235,11.101894096502143,24283.109375,2018-07-02,2018-07-02,24307.1796875,0.0009912368357893886,2018-07-03,2018-07-03,24174.8203125,-0.004459439721153924,2018-07-04,2018-07-05,24356.740234375,0.0030321841506344427,2018-07-05,2018-07-05,24356.740234375,0.0030321841506344427,2018-07-06,2018-07-06,24456.48046875,0.007139575540869192,0.0009912368357893886,-0.005445278995821368,0.007525181967161787,0.0,0.004094974672934182,0.006142250280347428,-0.016886558724352962,-7.134253268022375,-3081.0,-1.9094024937239666,5.22485077429841,4.028365202811038,1726.0,0.02400457572623793,-4.004360627084814,-3.108192318863578,-1356.0,-1.023019440769886,2.085172878093701,3.1058828500414073,1355.0,1.02070997194771,-2.085172878093701,-0.004459439721153924,0.0262137262333193,0.03445939467955794,0.03948547376359213,0.09097276334695081,-0.1025778913969908,0.09327929521484513,5.0,DJIA x $5,121415.546875,1869556590.78125,1432339206.484375,437217384.296875,-374081299.921875,-354776227.96875,2129507276.640625,3112487544.140625,-982980267.5,209563233.90625,102717552.65625,4138327499.6875,4684211798.4375,-545884298.75,-164639481.5625,-252180090.859375,1130864403.59375,584980104.84375,545884298.75,164518066.015625,252180090.859375
2018-07-03,DJIA Consolidated - CHICAGO BOARD OF TRADE,41911,14866,9017,5849,13.955763403402448,35.47040156522154,21.514638161819093,2175,5.189568371072033,16557,25378,-8821,-21.04698050631099,39.50514184820214,60.55212235451314,33598,36569,-2971,-7.088831094462074,80.1651117844957,87.25394287895779,8313,5342,2971,7.088831094462074,19.834888215504282,12.74605712104221,24174.8203125,2018-07-09,2018-07-09,24776.58984375,0.02489240968375861,2018-07-10,2018-07-10,24919.66015625,0.030810563806543234,2018-07-11,2018-07-11,24700.44921875,0.021742825777208097,2018-07-12,2018-07-12,24924.890625,0.031026923997948597,2018-07-13,2018-07-13,25019.41015625,0.03493675786757722,0.02489240968375861,0.005774415018461099,-0.00879670654116127,0.009086531352621163,0.0037921743638544836,0.009800392791393442,-0.004459439721153924,5.658146001678865,2248.0,-0.01049617200137476,-5.66864217368024,-2.3917429377594424,-725.0,-0.9091629584709722,1.4825799792884808,3.271093326018133,1525.0,1.6269303014780547,-1.6441630245400773,-3.271093326018133,-1525.0,-1.626930301478069,1.6441630245400667,0.030810563806543234,0.03909316802703744,0.044141761007143065,0.05130830858683355,0.10751348332798494,-0.03505132050813464,0.1080404876328902,5.0,DJIA x $5,120874.1015625,1796914393.828125,1089921773.7890625,706992620.0390625,271724980.3125,-359358703.9453125,2001312499.5703125,3067542949.453125,-1066230449.8828125,-87633723.6328125,169102868.0859375,4061128064.296875,4420245020.0390625,-359116955.7421875,184333004.8828125,-190134961.7578125,1004826406.2890625,645709450.546875,359116955.7421875,-184333004.8828125,190134961.7578125
2018-07-10,DJIA Consolidated - CHICAGO BOARD OF TRADE,42365,15373,7418,7955,18.777292576419214,36.28702938746607,17.509736811046857,1761,4.15673315236634,17107,26599,-9492,-22.405287383453324,40.38003068570754,62.785318069160866,34240,35777,-1537,-3.6279948070341086,80.82143278649829,84.4494275935324,8125,6588,1537,3.6279948070341086,19.17856721350171,15.550572406467603,24919.66015625,2018-07-16,2018-07-16,25064.359375,0.0058066288963298796,2018-07-17,2018-07-17,25119.890625,0.008035040104661384,2018-07-18,2018-07-18,25199.2890625,0.011221216681795987,2018-07-19,2018-07-19,25064.5,0.005812272031072263,2018-07-20,2018-07-20,25058.119140625,0.0055562147921297544,0.0058066288963298796,0.0022155463528579222,0.0031607795863959343,-0.0053489232242105444,-0.0002545775648825632,-0.00024896843688027026,0.030810563806543234,4.821529173016765,2106.0,0.8166278222445271,-4.004901350772236,-1.3583068771423328,-671.0,0.8748888375053951,2.233195714647728,3.460836287427965,1434.0,0.6563210020025849,-2.8045152854253814,-3.460836287427965,-1434.0,-0.6563210020025707,2.804515285425394,0.008035040104661384,0.012932732423085236,0.01988507442589338,0.028461463581481272,0.06063125045752504,-0.045434445349610275,0.07479355923951236,5.0,DJIA x $5,124598.30078125,1915449677.9101562,924270195.1953125,991179482.7148438,262404021.4453125,-508734862.08984375,2131503131.4648438,3314190202.4804688,-1182687071.015625,-83605459.82421875,390864869.55078125,4266245818.75,4457753407.050781,-191507588.30078125,178673963.3203125,-117994590.83984375,1012361193.8476562,820853605.546875,191507588.30078125,-178673963.3203125,117994590.83984375
2018-07-17,DJIA Consolidated - CHICAGO BOARD OF TRADE,43209,16602,6438,10164,23.52287717836562,38.42255085746025,14.899673679094633,1503,3.4784419912518225,16500,28710,-12210,-28.25800180517948,38.18648892591821,66.44449073109769,34605,36651,-2046,-4.7351246268138585,80.08748177463029,84.82260640144415,8604,6558,2046,4.7351246268138585,19.912518225369716,15.177393598555858,25119.890625,2018-07-23,2018-07-23,25044.2890625,-0.003009629445789086,2018-07-24,2018-07-24,25241.939453125,0.004858652847936185,2018-07-25,2018-07-25,25414.099609375,0.011712192093790152,2018-07-26,2018-07-26,25527.0703125,0.016209453041756694,2018-07-27,2018-07-27,25451.060546875,0.013183573400809667,-0.003009629445789086,0.007892034392821046,0.0068204012837327355,0.004445197935846856,-0.002977614144298424,0.016242085505396853,0.008035040104661384,4.745584601946405,2209.0,2.135521469994181,-2.6100631319522236,-5.852714421726155,-2718.0,-2.1935417597893263,3.6591726619368217,-1.10712981977975,-509.0,-0.733951011868001,0.3731788079117422,1.10712981977975,509.0,0.7339510118680046,-0.37317880791174574,0.004858652847936185,0.011755577782297744,0.02026360460118437,0.007166802577389886,0.02701163420670749,-0.04197075524686922,0.0882066035816984,5.0,DJIA x $5,125599.453125,2085202120.78125,808609279.21875,1276592841.5625,277449191.953125,437337295.78125,2072390976.5625,3605960299.21875,-1533569322.65625,-341379313.59375,-299931494.0625,4346369075.390625,4603345556.484375,-256976481.09375,-63930121.640625,137405801.71875,1080657694.6875,823681213.59375,256976481.09375,63930121.640625,-137531401.171875
2018-07-24,DJIA Consolidated - CHICAGO BOARD OF TRADE,44888,18771,8082,10689,23.81260024950989,41.817412225984675,18.004811976474784,1397,3.11219034040278,16292,28746,-12454,-27.744608804134735,36.29477811441811,64.03938691855285,36460,38225,-1765,-3.932008554624844,81.22438068080557,85.15638923543041,8428,6663,1765,3.932008554624844,18.77561931919444,14.843610764569595,25241.939453125,2018-07-30,2018-07-30,25306.830078125,0.002570746400865964,2018-07-31,2018-07-31,25415.189453125,0.006863577195473924,2018-08-01,2018-08-01,25333.8203125,0.0036400079140364028,2018-08-02,2018-08-02,25326.16015625,0.0033365385128745206,2018-08-03,2018-08-03,25462.580078125,0.008741032970534413,0.002570746400865964,0.0042818233127375205,-0.0032015948877766043,-0.0003023687764225347,0.00538652211915891,0.006154465000917986,0.004858652847936185,0.2897230711442731,525.0,3.394861368524424,3.105138297380151,0.5133930010447436,-244.0,-1.8917108115001042,-2.405103812544837,0.8031160721890145,281.0,1.1368989061752757,0.3337828339862625,-0.8031160721890145,-281.0,-1.1368989061752757,-0.3337828339862625,0.006863577195473924,0.015330466339308568,0.0022969894550959324,0.022991482506830474,-0.0020010255439680824,-0.03317728362078454,0.08348209549877184,5.0,DJIA x $5,126209.697265625,2369082227.373047,1020026773.3007812,1349055454.0722656,66260091.064453125,894574334.21875,2056208387.8515625,3628023957.5976562,-1571815569.7460938,-30795166.1328125,-550021860.6835938,4601605562.3046875,4824365677.978516,-222760115.67382812,35464924.931640625,344678683.2324219,1063695328.5546875,840935212.8808594,222760115.67382812,-35464924.931640625,-344678683.2324219
2018-07-31,DJIA Consolidated - CHICAGO BOARD OF TRADE,46664,20384,7700,12684,27.181553231613236,43.68249614263672,16.500942911023486,1086,2.327275844333962,16602,30794,-14192,-30.41316646665524,35.57774729984571,65.99091376650095,38071,39580,-1509,-3.2337562146408363,81.58537630721754,84.81913252185839,8593,7085,1508,3.231613235042002,18.414623692782445,15.183010457740442,25415.189453125,2018-08-06,2018-08-06,25502.1796875,0.0034227655290723913,2018-08-07,2018-08-07,25628.91015625,0.008409172141690346,2018-08-08,2018-08-08,25583.75,0.00663227583590853,2018-08-09,2018-08-09,25509.23046875,0.003700189439801216,2018-08-10,2018-08-10,25313.140625,-0.00401526922760953,0.0034227655290723913,0.004969397530051767,-0.0017620786828107526,-0.0029127681145257878,-0.00768701525474158,-0.007412662949459858,0.006863577195473924,3.3689529821033446,1995.0,1.865083916652047,-1.5038690654512976,-2.668557662520506,-1738.0,-0.7170308145723965,1.9515268479481023,0.6982523399840077,256.0,0.36099562641197736,-0.3372567135720175,-0.7003953195828418,-257.0,-0.3609956264119951,0.33939969317084717,0.008409172141690346,-0.00453545827240831,0.01601796477361872,0.025529224534079686,-0.02126873101308069,-0.03286335980951349,0.0701482112267231,5.0,DJIA x $5,127075.947265625,2590316109.0625,978484793.9453125,1611831315.1171875,253516514.79492188,868564099.5605469,2109714876.5039062,3913176720.0976562,-1803461843.59375,-220857996.34765625,-682524912.7636719,4837908388.349609,5029665992.7734375,-191757604.42382812,32531442.5,185785034.90234375,1091963614.8535156,900333086.3769531,191630528.4765625,-32658518.447265625,-185912110.84960938
2018-08-07,DJIA Consolidated - CHICAGO BOARD OF TRADE,50128,22964,8076,14888,29.69996808171082,45.810724545164376,16.11075646345356,1316,2.6252792850303224,17105,33767,-16662,-33.238908394510055,34.122646026173,67.36155442068306,41384,43159,-1775,-3.540935205872965,82.55665496329397,86.09759016916693,8744,6969,1775,3.540935205872965,17.44334503670603,13.902409830833069,25628.91015625,2018-08-13,2018-08-13,25187.69921875,-0.017215360887766984,2018-08-14,2018-08-14,25299.919921875,-0.012836684524205944,2018-08-15,2018-08-15,25162.41015625,-0.018202100563618262,2018-08-16,2018-08-16,25558.73046875,-0.0027383016707359653,2018-08-17,2018-08-17,25669.3203125,0.001576741110083768,-0.017215360887766984,0.004455377291525675,-0.005435185804920528,0.01575049091239622,0.004326891113985987,0.019121281764055587,0.008409172141690346,2.518414850097585,2204.0,2.128228402527654,-0.3901864475699277,-2.825741927854814,-2470.0,-1.4551012736727102,1.370640654182111,-0.3071789912321288,-266.0,0.9712786560764215,1.2784576473085423,0.3093219708309629,267.0,-0.9712786560764144,-1.2806006269073738,-0.012836684524205944,0.007545342547577771,0.01697728745964211,0.012625207647430692,0.00023799722024131498,-0.008482242267605189,0.015631151405098187,5.0,DJIA x $5,128144.55078125,2942711464.140625,1034895392.109375,1907816072.03125,282430589.921875,888426170.5664062,2191912541.1132812,4327057046.230469,-2135144505.1171875,-316517040.4296875,-918796429.1015625,5303134089.53125,5530590667.167969,-227456577.63671875,-34086450.5078125,-30498403.0859375,1120495952.03125,893039374.3945312,227456577.63671875,34214595.05859375,30498403.0859375
2018-08-14,DJIA Consolidated - CHICAGO BOARD OF TRADE,49010,21599,8486,13113,26.75576412976943,44.07059783717608,17.314833707406653,1380,2.8157518873699243,16392,32013,-15621,-31.873087125076516,33.44623546215058,65.31932258722709,39370,41878,-2508,-5.11732299530708,80.33054478677822,85.44786778208528,9640,7133,2507,5.115282595388696,19.66945521322179,14.554172617833094,25299.919921875,2018-08-20,2018-08-20,25758.689453125,0.018133240447663734,2018-08-21,2018-08-21,25822.2890625,0.020647066956656523,2018-08-22,2018-08-22,25733.599609375,0.017141543879948262,2018-08-23,2018-08-23,25656.98046875,0.014113109763888021,2018-08-24,2018-08-24,25790.349609375,0.019384633983602573,0.018133240447663734,0.002469054549174121,-0.003434608485341384,-0.0029773969358366514,0.005198161988993366,0.0012291058637752261,-0.012836684524205944,-2.9442039519413896,-1775.0,-1.7401267079882956,1.204077243953094,1.365821269433539,1041.0,-0.6764105640224187,-2.042231833455972,-1.576387789434115,-733.0,-2.2261101765157463,-0.6497223870816526,1.5743473895157312,732.0,2.2261101765157605,0.6517627870000258,0.020647066956656523,0.030201661180529582,0.025792988629611324,0.02652738139379296,-0.0005308193678663642,0.004973922610766568,0.03873491447408384,5.0,DJIA x $5,126499.599609375,2732264851.9628906,1073475602.2851562,1658789249.6777344,-224536789.30664062,373047319.2480469,2073581436.796875,4049631682.294922,-1976050245.4980469,131686083.19335938,-431490134.2675781,4980289236.621094,5297550232.441406,-317260995.8203125,-92724206.51367188,-58442815.01953125,1219456140.234375,902321644.0136719,317134496.2207031,92597706.9140625,58316315.419921875
2018-08-21,DJIA Consolidated - CHICAGO BOARD OF TRADE,51229,23006,8919,14087,27.49809678112007,44.90815748892229,17.410060707802224,1778,3.4706904292490584,17712,32924,-15212,-29.69411856565617,34.5741669757364,64.26828554139257,42496,43621,-1125,-2.1960217845361023,82.95301489390775,85.14903667844385,8734,7608,1126,2.1979738039001346,17.048937125456284,14.850963321556149,25822.2890625,2018-08-27,2018-08-27,26049.640625,0.008804469733481923,2018-08-28,2018-08-28,26064.01953125,0.009361310616766705,2018-08-29,2018-08-29,26124.5703125,0.011706214320053476,2018-08-30,2018-08-30,25986.919921875,0.006375533128628819,2018-08-31,2018-08-31,25964.8203125,0.005519698492067127,0.008804469733481923,0.0005519809834229061,0.002323155919116804,-0.005269001134887041,-0.0008504128015723866,-0.003256102981267106,0.020647066956656523,0.7423326513506368,974.0,0.8375596517462114,0.09522700039557108,2.1789685594203476,409.0,1.1279315135858141,-1.0510370458345193,2.9213012107709777,1383.0,2.62247010712953,-0.29883110364143306,-2.9173087914885616,-1381.0,-2.6205180877655074,0.2967907037230546,0.009361310616766705,0.0050418228196147385,0.00576135926659771,0.01644594226221119,-0.052537884391905876,0.002673320317688299,0.005427496775587182,5.0,DJIA x $5,129111.4453125,2970337910.859375,1151544980.7421875,1818792930.1171875,125754547.734375,438720691.171875,2286821919.375,4250865225.46875,-1964043306.09375,52806581.1328125,-356089366.171875,5486719980.0,5631970355.9765625,-145250375.9765625,178561128.8671875,82631325.0,1127659363.359375,982279875.9375,145379487.421875,-178302905.9765625,-82502213.5546875
2018-08-28,DJIA Consolidated - CHICAGO BOARD OF TRADE,52653,24949,9043,15906,30.209104894308012,47.38381478738153,17.17470989307352,1457,2.767173760279566,18108,34738,-16630,-31.584145252882077,34.39120278046835,65.97534803335043,44513,45237,-724,-1.3750403585740603,84.54029210111484,85.91533245968891,8140,7416,724,1.3750403585740603,15.459707898885153,14.084667540311093,26064.01953125,2018-09-03,2018-09-04,25952.48046875,-0.00427942675404569,2018-09-04,2018-09-04,25952.48046875,-0.00427942675404569,2018-09-05,2018-09-05,25974.990234375,-0.003415793054032057,2018-09-06,2018-09-06,25995.869140625,-0.0026147306459500808,2018-09-07,2018-09-07,25916.5390625,-0.00565839311826688,-0.00427942675404569,0.0,0.0008673454413001824,0.0008038080500361033,-0.0030516416933730195,-0.0013848929120003906,0.009361310616766705,2.711008113187944,1819.0,2.4756572984592395,-0.23535081472870445,-1.8900266872259088,-1418.0,-0.18296419526804897,1.7070624919578563,0.820981425962042,401.0,1.5872772072070944,0.7662957812450628,-0.8229334453260744,-402.0,-1.5892292265711312,-0.7662957812450557,-0.00427942675404569,-0.0035665636400995515,0.007018925305463997,0.016428448641108817,-0.050463784410651136,-0.00023170111934422977,-0.01097755241788212,5.0,DJIA x $5,130320.09765625,3251356116.4257812,1178484643.1054688,2072871473.3203125,237052257.63671875,419891354.6484375,2359836328.359375,4527059552.3828125,-2167223224.0234375,-184793898.4765625,-317720398.0859375,5800938506.972656,5895290257.675781,-94351750.703125,52258359.16015625,102301276.66015625,1060805594.921875,966453844.21875,94351750.703125,-52388679.2578125,-102170956.5625
2018-09-04,DJIA Consolidated - CHICAGO BOARD OF TRADE,53146,25983,7942,18041,33.94611071388251,48.889850600233316,14.943739886350807,1719,3.234486132540549,16787,36255,-19468,-36.63116697399616,31.586572837090284,68.21773981108645,44488,45916,-1428,-2.686937869265796,83.709027960712,86.3959658299778,8658,7231,1427,2.685056260113649,16.290972039288,13.60591577917435,25952.48046875,2018-09-10,2018-09-10,25857.0703125,-0.0036763405472893806,2018-09-11,2018-09-11,25971.060546875,0.0007159268705498878,2018-09-12,2018-09-12,25998.919921875,0.0017894032588106068,2018-09-13,2018-09-13,26145.990234375,0.007456311001101001,2018-09-14,2018-09-14,26154.669921875,0.007790756392956677,-0.0036763405472893806,0.0044084744712897805,0.0010727084074875215,0.005656785471932491,0.00033197011940244714,0.01150940944887835,-0.00427942675404569,3.737005819574499,2135.0,1.5060358128517848,-2.2309700067227123,-5.047021721114081,-2838.0,-2.804629943378064,2.2423917777360174,-1.3118975106917359,-704.0,-0.8312641404028369,0.480633370288885,1.310015901539589,703.0,0.8312641404028476,-0.4787517611367438,0.0007159268705498878,0.011346910331156534,0.020796874094555218,0.03165242664816326,-0.035657869287843535,-0.005619871655451969,0.00637854492172063,5.0,DJIA x $5,129762.40234375,3371616500.0976562,1030572999.4140625,2341043500.6835938,277042729.00390625,409140854.58984375,2178321448.1445312,4704535896.972656,-2526214448.828125,-368265697.8515625,-364113300.9765625,5772869755.46875,5958170466.015625,-185300710.546875,-91352731.25,45027553.61328125,1123482879.4921875,938311931.3476562,185170948.14453125,91222968.84765625,-45157316.015625
2018-09-11,DJIA Consolidated - CHICAGO BOARD OF TRADE,54437,26907,7604,19303,35.459338317688335,49.427778900380254,13.968440582691919,1782,3.2735088267171224,16744,36586,-19842,-36.44947370354722,30.758491467200617,67.20796517074784,45432,45971,-539,-0.9901353858588826,83.45794220842441,84.4480775942833,9005,8466,539,0.9901353858588826,16.54205779157558,15.5519224057167,25971.060546875,2018-09-17,2018-09-17,26062.119140625,0.0035061561535252306,2018-09-18,2018-09-18,26246.9609375,0.010623377898912878,2018-09-19,2018-09-19,26405.759765625,0.01673783086237135,2018-09-20,2018-09-20,26656.98046875,0.026410932300472867,2018-09-21,2018-09-21,26743.5,0.029742314594000785,0.0035061561535252306,0.007092354841816029,0.006050179619009555,0.009513860057609014,0.0032456613513083266,0.0261444917697764,0.0007159268705498878,1.5132276038058237,1262.0,0.5379283001469375,-0.975299303658888,0.1816932704489389,-374.0,-0.8280813698896665,-1.0097746403386054,1.6968024834069135,889.0,-0.2510857522875938,-1.9478882356944922,-1.6949208742547666,-888.0,0.25108575228757957,1.946006626542351,0.010623377898912878,0.020066581019453578,0.030914367351340566,0.017693145984378766,-0.061638619247399995,-0.016033245537795504,0.03613133699069948,5.0,DJIA x $5,129855.302734375,3494016630.673828,987419721.9921875,2506596908.6816406,163877392.05078125,803804323.9257812,2174297188.984375,4750886105.839844,-2576588916.8554688,-48565883.22265625,-548119232.8417969,5899586113.828125,5969578122.001953,-69992008.17382812,115441364.13085938,255685091.08398438,1169347001.1230469,1099354992.9492188,69992008.17382812,-115311508.828125,-255555235.78125
2018-09-18,DJIA Consolidated - CHICAGO BOARD OF TRADE,64537,27090,6465,20625,31.958411453894662,41.97592078962455,10.017509335729892,4156,6.439716751630847,22866,44861,-21995,-34.08122472380185,35.430838123866934,69.51206284766877,54112,55482,-1370,-2.122813269907185,83.84647566512233,85.96928893502952,10425,9055,1370,2.122813269907185,16.153524334877666,14.030711064970482,26246.9609375,2018-09-24,2018-09-24,26562.05078125,0.012004812461918979,2018-09-25,2018-09-25,26492.2109375,0.009343938926262618,2018-09-26,2018-09-26,26385.279296875,0.005269880947526451,2018-09-27,2018-09-27,26439.9296875,0.007352041650060093,2018-09-28,2018-09-28,26458.310546875,0.008052345941241379,0.012004812461918979,-0.002629309172140437,-0.004036342639626045,0.0020712454854125983,0.0006951932018068874,-0.0039055807561451106,0.010623377898912878,-3.500926863793673,1322.0,-7.451858110755701,-3.9509312469620266,2.368248979745367,-2153.0,4.672346656666317,2.3040976769209323,-1.1326778840483023,-831.0,0.38853345669791395,1.5212113407462198,1.1326778840483023,831.0,-0.38853345669791395,-1.521211340746218,0.009343938926262618,0.020077696495219177,0.006995452747356801,-0.017089255273899262,-0.09796640146731272,-0.013699874777169163,0.03291199487083474,5.0,DJIA x $5,131234.8046875,3555150858.984375,848433012.3046875,2706717846.6796875,173492411.796875,858013153.046875,3000815043.984375,5887324573.0859375,-2886509529.1015625,-282548534.4921875,-890165680.1953125,7101377751.25,7281169433.671875,-179791682.421875,-109056122.6953125,-32152527.1484375,1368122838.8671875,1188331156.4453125,179791682.421875,109056122.6953125,32021292.34375
2018-09-25,DJIA Consolidated - CHICAGO BOARD OF TRADE,53775,30921,5891,25030,46.545792654579266,57.50069735006974,10.95490469549047,2136,3.9721059972105994,11781,39331,-27550,-51.23198512319851,21.90794979079498,73.13993491399349,44838,47358,-2520,-4.686192468619247,83.38075313807532,88.06694560669456,8937,6417,2520,4.686192468619247,16.619246861924687,11.93305439330544,26492.2109375,2018-10-01,2018-10-01,26651.2109375,0.006001764079831329,2018-10-02,2018-10-02,26773.939453125,0.010634390473851063,2018-10-03,2018-10-03,26828.390625,0.012689755803813707,2018-10-04,2018-10-04,26627.48046875,0.005106011407244315,2018-10-05,2018-10-05,26447.05078125,-0.0017046578844076565,0.006001764079831329,0.004604988340410232,0.0020337377684120916,-0.007488714439053301,-0.006776070597882988,-0.007660445775945379,0.009343938926262618,14.587381200684604,4405.0,15.52477656044519,0.9373953597605773,-17.15076039939666,-5555.0,-13.522888333071954,3.627872066324713,-2.5633791987120618,-1150.0,-0.46572252704700645,2.0976566716650353,2.5633791987120618,1150.0,0.46572252704702066,-2.0976566716650424,0.010634390473851063,-0.0023267452137317735,-0.02618849054394823,-0.04910051686772321,-0.1774110786690546,-0.03149908743814145,0.011911372534910702,5.0,DJIA x $5,132461.0546875,4095828271.9921875,780328073.1640625,3315500198.828125,583490945.8984375,1208574662.96875,1560523685.2734375,5209825741.9140625,-3649302056.640625,-735821158.7890625,-1446474717.1875,5939288770.078125,6273090627.890625,-333801857.8125,-152330212.890625,-237900054.21875,1183804445.7421875,850002587.9296875,333801857.8125,152330212.890625,237900054.21875
2018-10-02,DJIA Consolidated - CHICAGO BOARD OF TRADE,57182,33370,5985,27385,47.89094470287853,58.35752509530971,10.466580392431185,1799,3.146094924976391,13655,42121,-28466,-49.781399741177296,23.879892273792453,73.66129201496975,48824,49904,-1080,-1.8887062362281837,85.38351229407856,87.27221853030674,8358,7278,1080,1.8887062362281837,14.616487705921443,12.72778146969326,26773.939453125,2018-10-08,2018-10-08,26486.779296875,-0.010725360634834868,2018-10-09,2018-10-09,26430.5703125,-0.012824752264274042,2018-10-10,2018-10-10,25598.740234375,-0.04389339943072268,2018-10-11,2018-10-11,25052.830078125,-0.0642830084087277,2018-10-12,2018-10-12,25339.990234375,-0.053557647773892825,-0.010725360634834868,-0.002122152480110384,-0.03147227124840346,-0.021325664905842867,0.011462184326262337,-0.04329665942568195,0.010634390473851063,1.345152048299262,2355.0,0.8568277452399684,-0.48832430305928476,1.4505853820212167,-916.0,1.9719424829974734,0.5213571009762603,2.797486232391063,1440.0,2.0027591560032363,-0.7947270763878151,-2.797486232391063,-1440.0,-2.0027591560032434,0.7947270763878205,-0.012824752264274042,-0.036435412612996654,-0.059106347364219936,-0.07093834030103174,-0.12872511800734399,-0.022215953494306384,-0.007503579776772518,5.0,DJIA x $5,133869.697265625,4467231797.753906,801210138.1347656,3666021659.6191406,315263137.0605469,1250878451.25,1827990716.1621094,5638725518.525391,-3810734802.3632812,-122624642.6953125,-1204559535.9960938,6536054099.296875,6680633372.34375,-144579273.046875,192772364.0625,46586654.6484375,1118882929.7460938,974303656.6992188,144579273.046875,-192772364.0625,-46452784.951171875
2018-10-09,DJIA Consolidated - CHICAGO BOARD OF TRADE,52344,28484,5933,22551,43.08230169646951,54.41693412807581,11.334632431606297,2599,4.9652300168118595,12470,37050,-24580,-46.958581690356105,23.823169799786033,70.78175149014214,43552,45582,-2030,-3.8781904325233074,83.20342350603698,87.0816139385603,8792,6762,2030,3.8781904325233074,16.796576493963013,12.918386061439707,26430.5703125,2018-10-15,2018-10-15,25250.55078125,-0.04464601093726395,2018-10-16,2018-10-16,25798.419921875,-0.023917395014591558,2018-10-17,2018-10-17,25706.6796875,-0.02738838460317461,2018-10-18,2018-10-18,25379.44921875,-0.03976914161602052,2018-10-19,2018-10-19,25444.33984375,-0.037314006360414265,-0.04464601093726395,0.02169731446142653,-0.003556040821601325,-0.01272939456701272,0.002556817700837266,0.007674646948449881,-0.012824752264274042,-4.808643006409021,-4834.0,-3.940590967233902,0.8680520391751116,2.8228180508211906,3886.0,-0.0567224740064205,-2.879540524827604,-1.9894841962951237,-950.0,-2.180088788041573,-0.19060459174644961,1.9894841962951237,950.0,2.1800887880415694,0.19060459174644606,-0.023917395014591558,-0.046882856115063265,-0.0588685627704425,-0.030100014395026076,-0.10000242380316593,-0.010593423867307994,-0.010084203513154866,5.0,DJIA x $5,132152.8515625,3764241823.90625,784062868.3203125,2980178955.5859375,-638826884.453125,429232461.875,1647946058.984375,4896263150.390625,-3248317091.40625,513545981.171875,-626140210.703125,5755520991.25,6023791279.921875,-268270288.671875,-125545208.984375,-197039901.6796875,1161887870.9375,893617582.265625,268270288.671875,125545208.984375,197039901.6796875
2018-10-16,DJIA Consolidated - CHICAGO BOARD OF TRADE,46361,20338,7160,13178,28.42475356441837,43.86876900843381,15.444015444015443,2784,6.005047345829468,14356,29027,-14671,-31.6451327624512,30.965682362330405,62.6108151247816,37477,38970,-1493,-3.220379198032829,80.83734173119647,84.0577209292293,8885,7391,1494,3.222536183430038,19.16481525420073,15.94227907077069,25798.419921875,2018-10-22,2018-10-22,25317.41015625,-0.018644931243139484,2018-10-23,2018-10-23,25191.4296875,-0.023528194215503895,2018-10-24,2018-10-24,24583.419921875,-0.0470959075664078,2018-10-25,2018-10-25,24984.55078125,-0.031547247586853344,2018-10-26,2018-10-26,24688.310546875,-0.04303013046387061,-0.018644931243139484,-0.004976040913051261,-0.024135579963796006,0.016317130027057924,-0.011856936591284173,-0.024848497752827936,-0.023917395014591558,-14.657548132051136,-9373.0,-10.548165119642,4.109383012409147,15.313448927904904,9909.0,7.142512562544372,-8.17093636536054,0.6578112344904783,537.0,-2.3660817748405094,-3.0238930093309904,-0.6556542490932693,-536.0,2.368238760237716,3.0238930093309833,-0.023528194215503895,-0.03580759208015327,-0.006334114908775557,-0.019843451228806597,-0.06716807011330561,0.025359701731975326,0.047537053164063314,5.0,DJIA x $5,128992.099609375,2623441321.8554688,923583433.203125,1699857888.6523438,-1209042949.6386719,-960604165.7910156,1851810581.9921875,3744253675.361328,-1892443093.3691406,1278182715.0292969,944738137.5390625,4834236917.060547,5026822121.777344,-192585204.71679688,69268757.49023438,-15866028.251953125,1146094805.0292969,953380608.2128906,192714196.81640625,-69139765.390625,15995020.3515625
2018-10-23,DJIA Consolidated - CHICAGO BOARD OF TRADE,44831,19892,7720,12172,27.150855434855348,44.371082509870405,17.220227075015057,2719,6.064999665410096,13694,28184,-14490,-32.32138475608396,30.545827663893288,62.86721241997725,36304,38622,-2318,-5.170529321228614,80.97967923981174,86.15020856104036,8527,6210,2317,5.168298721866566,19.020320760188262,13.852022038321696,25191.4296875,2018-10-29,2018-10-29,24442.919921875,-0.02971287358082786,2018-10-30,2018-10-30,24874.640625,-0.012575271289870127,2018-10-31,2018-10-31,25115.759765625,-0.003003796243948309,2018-11-01,2018-11-01,25380.740234375,0.007514879037172628,2018-11-02,2018-11-02,25270.830078125,0.0031518810805881703,-0.02971287358082786,0.01766240303960709,0.00969337182635166,0.010550366432182212,-0.004330455110254872,0.033871164283816535,-0.023528194215503895,-1.2738981295630225,-1006.0,0.5023135014365963,1.7762116309996134,-0.6762519936327571,181.0,-0.419854698437117,0.25639729519564725,-1.9501501231957845,-825.0,0.14233750861527028,2.0924876318110535,1.9457625384365276,823.0,-0.1444944940124664,-2.090257032448994,-0.012575271289870127,0.017608372515082182,0.00377352726916369,-0.02881095164122971,-0.031238767648843924,0.05815314794248905,0.06338147305181607,5.0,DJIA x $5,125957.1484375,2505539596.71875,972389185.9375,1533150410.78125,-126712891.328125,-1619557014.609375,1724857190.703125,3549976271.5625,-1825119080.859375,22798243.8671875,1645000358.59375,4572748316.875,4864716986.953125,-291968670.078125,-103914647.4609375,25443343.984375,1074036604.7265625,782193891.796875,291842712.9296875,103662733.1640625,-25569301.1328125
2018-10-30,DJIA Consolidated - CHICAGO BOARD OF TRADE,43677,17965,8690,9275,21.23543283650434,41.131487968496,19.896055131991666,2720,6.22753394234952,15054,26027,-10973,-25.123062481397536,34.46665292945944,59.58971541085697,35738,37436,-1698,-3.887629644893193,81.82338530576733,85.71101495066054,7939,6241,1698,3.887629644893193,18.17661469423266,14.28898504933947,24874.640625,2018-11-05,2018-11-05,25461.69921875,0.02360068644207791,2018-11-06,2018-11-06,25635.009765625,0.030568045266985644,2018-11-07,2018-11-07,26180.30078125,0.05248960883228837,2018-11-08,2018-11-08,26191.220703125,0.05292860700876956,2018-11-09,2018-11-09,25989.30078125,0.044811105939344564,0.02360068644207791,0.006806715662848406,0.021271340272949857,0.00041710452321552793,-0.007709450588949007,0.020721380688978996,-0.012575271289870127,-5.915422598351007,-2897.0,-3.2395945413744016,2.6758280569766093,7.198322274686422,3517.0,3.9208252655661546,-3.2774970091202817,1.2828996763354206,620.0,0.8437060659555868,-0.4391936103798173,-1.2806690769733726,-619.0,-0.843706065955601,0.4369630110177738,0.030568045266985644,0.016557007419077063,-0.016442448603214754,-0.005061787952966634,-0.011846590748484487,0.06907716003434716,0.08831566033931404,5.0,DJIA x $5,124373.203125,2234364594.140625,1080803135.15625,1153561458.984375,-360309169.453125,-2252398708.59375,1872314199.84375,3237061357.734375,-1364747157.890625,437420555.390625,2175660442.265625,4444849533.28125,4656035232.1875,-211185698.90625,77111385.9375,-76862639.53125,987398859.609375,776213160.703125,211185698.90625,-76987012.734375,76862639.53125
2018-11-06,DJIA Consolidated - CHICAGO BOARD OF TRADE,41582,18138,7121,11017,26.494637102592467,43.61983550574768,17.125198403155213,811,1.950363137896205,15794,26384,-10590,-25.46775046895291,37.98278101101438,63.450531479967296,34743,34315,428,1.0292915203693904,83.55297965465826,82.52368813428888,6839,7267,-428,-1.0292915203693904,16.447020345341734,17.476311865711125,25635.009765625,2018-11-12,2018-11-12,25387.1796875,-0.009667641260559412,2018-11-13,2018-11-13,25286.490234375,-0.013595451471890785,2018-11-14,2018-11-14,25080.5,-0.02163095589565811,2018-11-15,2018-11-15,25289.26953125,-0.013487033456824227,2018-11-16,2018-11-16,25413.220703125,-0.00865180331615889,-0.009667641260559412,-0.003966153561144714,-0.008146256458121393,0.008323978040708946,0.004901334604458851,0.001025754571620352,0.030568045266985644,5.259204266088126,1742.0,2.488347537251677,-2.7708567288364527,-0.3446879875553748,383.0,3.516128081554939,3.860816069110328,4.9169211652625835,2126.0,1.7295943488909273,-3.187326816371666,-4.9169211652625835,-2126.0,-1.7295943488909273,3.1873268163716553,-0.013595451471890785,-0.0456160988942963,-0.03457300406662789,-0.023715202712355166,-0.008718164588908728,0.012876144036723547,0.07246422415024623,5.0,DJIA x $5,128175.048828125,2324839035.6445312,912734522.7050781,1412104512.9394531,223280935.05859375,-1478371013.1835938,2024396721.1914062,3381770488.28125,-1357373767.0898438,49091043.701171875,1793168933.1054688,4453185721.435547,4398326800.537109,54858920.8984375,272500153.80859375,315054270.01953125,876589158.9355469,931448079.8339844,-54858920.8984375,-272500153.80859375,-315054270.01953125
2018-11-13,DJIA Consolidated - CHICAGO BOARD OF TRADE,42482,18759,3857,14902,35.07838614001224,44.157525540228804,9.079139400216562,1317,3.1001365284120332,14898,30483,-15585,-36.68612588861165,35.06897038745822,71.75509627606986,34973,35656,-683,-1.6077397485994067,82.32427851796055,83.93201826655996,7509,6826,683,1.6077397485994067,17.675721482039453,16.067981733440046,25286.490234375,2018-11-19,2018-11-19,25017.439453125,-0.010640099861871977,2018-11-20,2018-11-20,24465.640625,-0.032461982733338,2018-11-21,2018-11-21,24464.689453125,-0.03249959854582063,2018-11-22,2018-11-23,24285.94921875,-0.0395682044582385,2018-11-23,2018-11-23,24285.94921875,-0.0395682044582385,-0.010640099861871977,-0.02205656694638558,-3.8877865067177275e-05,-0.007306049591083941,0.0,-0.029239212739800458,-0.013595451471890785,8.583749037419775,3885.0,0.5376900344811233,-8.046059002938652,-11.218375419658738,-4995.0,-2.9138106235561594,8.304564796102568,-2.637031268968797,-1111.0,-1.2287011366977083,1.4083301322710895,2.637031268968797,1111.0,1.228701136697719,-1.4083301322710788,-0.032461982733338,-0.021266682748005805,-0.01025923010550267,-0.03623476376149781,0.005507665554181029,0.009711136049287639,0.09511007568502294,5.0,DJIA x $5,126432.451171875,2371746351.533203,487649964.1699219,1884096387.3632812,491190072.8027344,217969545.8203125,1883590657.5585938,3854040409.0722656,-1970449751.5136719,-631530093.6035156,-115559260.37109375,4421722114.833984,4508075478.984375,-86353364.15039062,-140466453.25195312,102410285.44921875,949381275.8496094,863027911.6992188,86353364.15039062,140466453.25195312,-102536717.90039062
2018-11-20,DJIA Consolidated - CHICAGO BOARD OF TRADE,38900,13213,3863,9350,24.03598971722365,33.96658097686375,9.930591259640103,2600,6.683804627249357,15364,26484,-11120,-28.58611825192802,39.4961439588689,68.08226221079691,31176,32947,-1771,-4.5526992287917745,80.1439588688946,84.69665809768637,7724,5953,1771,4.5526992287917745,19.8560411311054,15.303341902313624,24465.640625,2018-11-26,2018-11-26,24640.240234375,0.007136523095846892,2018-11-27,2018-11-27,24748.73046875,0.011570914822509382,2018-11-28,2018-11-28,25366.4296875,0.03681853568876248,2018-11-29,2018-11-29,25338.83984375,0.035690838107780065,2018-11-30,2018-11-30,25538.4609375,0.04385008056579354,0.007136523095846892,0.004402969830775039,0.024958824434649918,-0.001087651833146852,0.00787806762191745,0.036453406889755735,-0.032461982733338,-11.042396422788592,-5552.0,-10.19094456336505,0.8514518594235412,8.100007636683628,4465.0,4.427173571410677,-3.6728340652729514,-2.9449594801923675,-1088.0,-2.18031964906595,0.7646398311264022,2.9449594801923675,1088.0,2.1803196490659467,-0.7646398311264218,0.011570914822509382,0.022947679813718258,-0.0038993620517550065,-0.03229018246890891,0.05827273069821781,0.057700898773215714,0.1417653009545914,5.0,DJIA x $5,122328.203125,1616322547.890625,472553848.671875,1143768699.21875,-679166183.75,-345210189.21875,1879450512.8125,3239740131.5625,-1360289618.75,546195426.953125,412246044.53125,3813704060.625,4030347308.359375,-216643247.734375,-133093085.0,66913527.109375,944863040.9375,728219793.203125,216643247.734375,133093085.0,-66791198.90625
2018-11-27,DJIA Consolidated - CHICAGO BOARD OF TRADE,39163,13643,3613,10030,25.610908255240915,34.83645277430227,9.225544519061359,2147,5.482215356331231,15038,26882,-11844,-30.242831243776013,38.39848836912392,68.64131961289993,30828,32642,-1814,-4.631922988535097,78.71715649975742,83.34907948829252,8335,6521,1814,4.631922988535097,21.282843500242578,16.65092051170748,24748.73046875,2018-12-03,2018-12-03,25826.4296875,0.04354563641600939,2018-12-04,2018-12-04,25027.0703125,0.011246631179787414,2018-12-05,2018-12-06,24947.669921875,0.008038370023714991,2018-12-06,2018-12-06,24947.669921875,0.008038370023714991,2018-12-07,2018-12-07,24388.94921875,-0.014537361843844576,0.04354563641600939,-0.030951214886155598,-0.0031725803153772603,0.0,-0.022395706888645894,-0.05565927951108707,0.011570914822509382,1.5749185380172648,680.0,0.8698717974385204,-0.7050467405787444,-1.6567129918479928,-724.0,-1.0976555897449813,0.5590574021030221,-0.0792237597433223,-43.0,-1.426802369137178,-1.3475786093938495,0.0792237597433223,43.0,1.426802369137178,1.3475786093938549,0.011246631179787414,-0.015293319180671339,-0.04335938948888629,-0.11946193578426922,0.052901703449119486,0.024204840052559407,0.13628776728604297,5.0,DJIA x $5,123743.65234375,1688234648.9257812,447085815.91796875,1241148833.0078125,84145683.59375,93426457.51953125,1860857043.9453125,3326476862.3046875,-1465619818.359375,-89590404.296875,-107780721.19140625,3814769314.453125,4039240299.8046875,-224470985.3515625,-5320977.05078125,-14354263.671875,1031403342.2851562,806932356.9335938,224470985.3515625,5320977.05078125,14354263.671875
2018-12-04,DJIA Consolidated - CHICAGO BOARD OF TRADE,38536,15490,3335,12155,31.541934814199706,40.196180195142205,8.654245380942495,438,1.1365995432842018,15182,27487,-12305,-31.931181233132655,39.39692754826656,71.32810878139921,31110,31260,-150,-0.3892464189329458,80.72970728669297,81.11895370562591,7426,7276,150,0.3892464189329458,19.27029271330704,18.881046294374094,25027.0703125,2018-12-10,2018-12-10,24423.259765625,-0.02412629761836016,2018-12-11,2018-12-11,24370.240234375,-0.026244784943803,2018-12-12,2018-12-12,24527.26953125,-0.019970407043623073,2018-12-13,2018-12-13,24597.380859375,-0.01716898733090577,2018-12-14,2018-12-14,24100.509765625,-0.03702233362936691,-0.02412629761836016,-0.0021708621927947203,0.006443485799270343,0.0028585052256091537,-0.020200162634820717,-0.01321486169730135,0.011246631179787414,5.931026558958791,2125.0,5.359727420839931,-0.5712991381188637,-1.6883499893566416,-461.0,0.9984391791426432,2.686789168499274,4.242676569602151,1664.0,2.012550786935549,-2.2301257826666046,-4.242676569602151,-1664.0,-2.012550786935538,2.230125782666615,-0.026244784943803,-0.05399871701423298,-0.12925488494489557,-0.06791084029324501,0.031148693680124406,0.012191174244138736,0.09892249486103322,5.0,DJIA x $5,125135.3515625,1938346595.703125,417326397.4609375,1521020198.2421875,265912622.0703125,142404030.078125,1899804907.421875,3439595408.3984375,-1539790500.9765625,-57687397.0703125,-214607127.9296875,3892960787.109375,3911731089.84375,-18770302.734375,208225225.0,-72328233.203125,929255120.703125,910484817.96875,18770302.734375,-208225225.0,72328233.203125
2018-12-11,DJIA Consolidated - CHICAGO BOARD OF TRADE,36811,14502,3416,11086,30.115997935399747,39.39583276737932,9.27983483197957,706,1.9179049740566678,15089,26781,-11692,-31.762244981119775,40.99046480671538,72.75270978783516,30297,30903,-606,-1.6462470457200296,82.30420254815137,83.9504495938714,6515,5909,606,1.6462470457200296,17.698514031132,16.05226698541197,24370.240234375,2018-12-17,2018-12-17,23592.98046875,-0.0318938081098048,2018-12-18,2018-12-18,23675.640625,-0.028501959877902494,2018-12-19,2018-12-19,23323.66015625,-0.04294500456539474,2018-12-20,2018-12-20,22859.599609375,-0.06198710437286514,2018-12-21,2018-12-21,22445.369140625,-0.0789844940073634,-0.0318938081098048,0.003503591093947822,-0.014866776968152307,-0.019896557562842365,-0.018120635349191283,-0.048642066636941594,-0.026244784943803,-1.4259368787999591,-1069.0,-0.8003474277628868,0.6255894510370759,0.16893625201288032,613.0,1.5935372584488192,1.4246010064359496,-1.2570006267870837,-456.0,1.5744952614583951,2.8314958882454846,1.2570006267870837,456.0,-1.5717786821750401,-2.828779308962126,-0.028501959877902494,-0.10578644243270896,-0.0427890446235375,-0.023914044753771235,0.0486010769891525,0.06886553087329639,0.1440888737648529,5.0,DJIA x $5,121851.201171875,1767086119.3945312,416243703.203125,1350842416.1914062,-130258934.05273438,-464984183.671875,1838612774.4824219,3263297018.5839844,-1424684244.1015625,74694786.31835938,474366726.1621094,3691725841.904297,3765567669.814453,-73841827.91015625,-55564147.734375,9382542.490234375,793860575.6347656,720018747.7246094,73841827.91015625,55564147.734375,-9382542.490234375
2018-12-18,DJIA Consolidated - CHICAGO BOARD OF TRADE,47207,16192,4504,11688,24.759039972885375,34.299997881670095,9.540957908784714,1115,2.3619378482004785,21959,35978,-14019,-29.696866990065036,46.51640646514288,76.21327345520793,39265,41596,-2331,-4.937827017179655,83.17622386510475,88.11405088228442,7942,5611,2331,4.937827017179655,16.823776134895247,11.885949117715592,23675.640625,2018-12-24,2018-12-24,21792.19921875,-0.07955186666675462,2018-12-25,2018-12-26,22878.44921875,-0.033671376368511696,2018-12-26,2018-12-26,22878.44921875,-0.033671376368511696,2018-12-27,2018-12-27,23138.8203125,-0.02267395087646129,2018-12-28,2018-12-28,23062.400390625,-0.025901737743368902,-0.07955186666675462,0.04984581817999301,0.0,0.011380626862445453,-0.0033026714777553146,0.0582869658598808,-0.028501959877902494,-5.356957962514372,602.0,-5.095834885709223,0.26112307680514313,2.0653779910547385,-2327.0,5.525941658427499,3.4605636673727673,-3.291579971459626,-1725.0,0.8720213169533793,4.16360128841302,3.291579971459626,1725.0,-0.874737896236752,-4.166317867696376,-0.07955186666675462,-0.014706241449380042,0.004722516088199846,0.016470482253318153,0.09341839020987419,0.11783835046702151,0.19393433123839698,5.0,DJIA x $5,118378.203125,1916779865.0,533175426.875,1383604438.125,71263678.28125,276768238.90625,2599466962.421875,4259010992.03125,-1659544029.609375,-275466078.671875,-343178410.859375,4648120145.703125,4924059737.1875,-275939591.484375,-204202400.390625,-66291793.75,940159689.21875,664220097.734375,275939591.484375,204202400.390625,66291793.75
2018-12-24,DJIA Consolidated - CHICAGO BOARD OF TRADE,41713,21321,3935,17386,41.680051782417955,51.113561719368064,9.433509936950111,409,0.9805096732433534,12501,32456,-19955,-47.838803250785126,29.969074389279122,77.80787764006425,34230,36800,-2570,-6.161148802531584,82.06074844772613,88.22189725025771,7483,4913,2570,6.161148802531584,17.939251552273873,11.778102749742287,21792.19921875,2018-12-31,2018-12-31,23327.4609375,0.07045005891048661,2019-01-01,2019-01-02,23346.240234375,0.07131180290825823,2019-01-02,2019-01-02,23346.240234375,0.07131180290825823,2019-01-03,2019-01-03,22686.220703125,0.0410248399163764,2019-01-04,2019-01-04,23433.16015625,0.07530038253725757,0.07045005891048661,0.0008050296140378332,0.0,-0.028270913201612125,0.032924807657456645,0.0045311068801354715,-0.07955186666675462,16.92101180953258,5698.0,16.81356383769797,-0.10744797183460264,-18.14193626072009,-5936.0,-16.547332075863757,1.5946041848563226,-1.2233217853519287,-239.0,-1.1154754173786188,0.10784636797329483,1.2233217853519287,239.0,1.1154754173786259,-0.10784636797330549,0.07045005891048661,0.09155799192048897,0.10432130333334944,0.11987230952589645,0.17738142035128335,0.21824421833859353,0.308516360946963,5.0,DJIA x $5,108960.99609375,2323157397.7148438,428761519.62890625,1894395878.0859375,620859755.7421875,801517087.265625,1362121412.1679688,3536438089.21875,-2174316677.0507812,-646792472.8125,-883782639.3164062,3729734896.2890625,4009764656.25,-280029759.9609375,-26041678.06640625,-82374513.046875,815355133.7695312,535325373.80859375,280029759.9609375,26041678.06640625,82374513.046875
2018-12-31,DJIA Consolidated - CHICAGO BOARD OF TRADE,36864,17495,3788,13707,37.1826171875,47.45822482638889,10.27560763888889,342,0.927734375,14028,26222,-12194,-33.07834201388889,38.05338541666667,71.13172743055556,31865,30352,1513,4.104275173611112,86.43934461805556,82.33506944444444,4999,6512,-1513,-4.104275173611112,13.560655381944445,17.664930555555554,23327.4609375,2019-01-07,2019-01-07,23531.349609375,0.008740285641084977,2019-01-08,2019-01-08,23787.44921875,0.019718746179981705,2019-01-09,2019-01-09,23879.119140625,0.023648446121205646,2019-01-10,2019-01-10,24001.919921875,0.028912661612939372,2019-01-11,2019-01-11,23995.94921875,0.028656709919739898,0.008740285641084977,0.010883337064227172,0.003853709619388024,0.005142600969777034,-0.0002487593969330293,0.019743857325969172,0.07045005891048661,-4.497434594917955,-3679.0,-3.6553368929791716,0.8420977019387781,14.760461236896234,7761.0,8.08431102738755,-6.676150209508691,10.265423976142696,4083.0,4.3785961703294305,-5.886827805813269,-10.265423976142696,-4083.0,-4.378596170329429,5.886827805813267,0.019718746179981705,0.03164205946920795,0.04616959960347167,0.0536920843359574,0.12224519117255506,0.14828955278365252,0.22338387060582776,5.0,DJIA x $5,116637.3046875,2040569645.5078125,441822110.15625,1598747535.3515625,-429108643.9453125,181021096.875,1636188110.15625,3058463403.515625,-1422275293.359375,905222121.6796875,12946740.8203125,3716647713.8671875,3540175471.875,176472241.9921875,476230115.0390625,193967837.6953125,583069886.1328125,759542128.125,-176472241.9921875,-476230115.0390625,-193967837.6953125
2019-01-08,DJIA Consolidated - CHICAGO BOARD OF TRADE,37228,16876,4343,12533,33.665520575910605,45.33147093585473,11.665950359944128,534,1.4344042118835285,14668,24672,-10004,-26.87224669603524,39.4004512732352,66.27269796927044,32078,29548,2530,6.795960030084883,86.16632642097346,79.37036639088858,5150,7680,-2530,-6.795960030084883,13.83367357902654,20.629633609111423,23787.44921875,2019-01-14,2019-01-14,23909.83984375,0.0051451765119703285,2019-01-15,2019-01-15,24065.58984375,0.01169274697939282,2019-01-16,2019-01-16,24207.16015625,0.017644217908373783,2019-01-17,2019-01-17,24370.099609375,0.02449402562111347,2019-01-18,2019-01-18,24706.349609375,0.03862963120487484,0.0051451765119703285,0.0065140545071744604,0.005882686168058537,0.00673104371075639,0.013797645696558725,0.03331305315427313,0.019718746179981705,-3.5170966115893947,-1174.0,-2.126753890534161,1.390342721055239,6.206095317853652,2190.0,1.347065856568527,-4.859029461285118,2.6916848564737714,1017.0,-0.27301819708209507,-2.9647030535558656,-2.6916848564737714,-1017.0,0.27301819708209507,2.964703053555869,0.01169274697939282,0.02593936173339828,0.033316380897423725,0.06827425242467178,0.09934360080576887,0.12595049549337256,0.2016286161935119,5.0,DJIA x $5,118937.24609375,2007184965.078125,516544459.78515625,1490640505.2929688,-139632326.9140625,172102195.09765625,1744571525.703125,2934419735.625,-1189848209.921875,260472568.9453125,200766071.40625,3815268980.1953125,3514357747.578125,300911232.6171875,120959179.27734375,372987203.75,612526817.3828125,913438050.0,-300911232.6171875,-120959179.27734375,-372987203.75
2019-01-15,DJIA Consolidated - CHICAGO BOARD OF TRADE,37610,17272,6171,11101,29.51608614730125,45.92395639457591,16.407870247274662,606,1.6112735974474874,14270,22557,-8287,-22.034033501728263,37.94203669236905,59.97607019409732,32147,29333,2814,7.482052645572986,85.47460781706992,77.99255517149695,5463,8277,-2814,-7.482052645572986,14.525392182930071,22.007444828503058,24065.58984375,2019-01-21,2019-01-22,24404.48046875,0.014081957982343463,2019-01-22,2019-01-22,24404.48046875,0.014081957982343463,2019-01-23,2019-01-23,24575.619140625,0.02119330131471764,2019-01-24,2019-01-24,24553.240234375,0.020263388256475556,2019-01-25,2019-01-25,24737.19921875,0.027907455390062674,0.014081957982343463,0.0,0.007012592302226839,-0.00091061413842497,0.007492248787492217,0.013633510880350252,0.01169274697939282,-4.149434428609354,-1432.0,0.5924854587211783,4.741919887330534,4.838213194306977,1717.0,-1.4584145808661475,-6.296627775173121,0.6860926154881026,284.0,-0.6917186039035386,-1.3778112193916314,-0.6860926154881026,-284.0,0.6917186039035315,1.377811219391635,0.014081957982343463,0.02137371645946118,0.05592755865277699,0.05651928461783551,0.09919018515641898,0.13588036016803695,0.20253316497832818,5.0,DJIA x $5,120327.94921875,2078304338.90625,742543774.6289062,1335760564.2773438,-172309623.28125,-70632506.19140625,1717079835.3515625,2714237550.5273438,-997157715.1757812,206603088.80859375,689719804.921875,3868182583.5351562,3529579734.4335938,338602849.1015625,34173137.578125,619087298.7304688,657351586.5820312,995954435.6835938,-338602849.1015625,-34173137.578125,-619087298.7304688
2019-01-22,DJIA Consolidated - CHICAGO BOARD OF TRADE,38510,17093,7711,9382,24.36250324591015,44.38587379901324,20.02337055310309,455,1.1815112957673333,15261,22018,-6757,-17.54609192417554,39.628667878473124,57.174759802648666,32809,30183,2626,6.81900804985718,85.1960529732537,78.37704492339653,5701,8327,-2626,-6.81900804985718,14.8039470267463,21.62295507660348,24404.48046875,2019-01-28,2019-01-28,24528.220703125,0.005070390026677751,2019-01-29,2019-01-29,24579.9609375,0.007190502128275211,2019-01-30,2019-01-30,25014.859375,0.02501093629227591,2019-01-31,2019-01-31,24999.669921875,0.02438853201104374,2019-02-01,2019-02-01,25063.890625,0.02702004482719378,0.005070390026677751,0.002109416537026121,0.017693211091987626,-0.000607217210270683,0.00256886204200657,0.021838922943430372,0.014081957982343463,-5.1535829013911005,-1719.0,-1.5380825955626705,3.6155003058284265,4.487941577552725,1530.0,1.6866311861040728,-2.801310391448652,-0.6630445957158058,-188.0,-0.27855484381622375,0.38448975189957935,0.6630445957158058,188.0,0.2785548438162291,-0.38448975189957935,0.007190502128275211,0.04126451549704235,0.041848024512660675,0.06092487179368167,0.09227445587844318,0.12066263767203345,0.19633929924816895,5.0,DJIA x $5,122022.40234375,2085728923.2617188,940914744.4726562,1144814178.7890625,-209756509.62890625,-976667308.359375,1862183882.1679688,2686689254.8046875,-824505372.6367188,186694275.5859375,1610451666.1328125,4003432998.4960938,3683002169.9414062,320430828.5546875,-22940211.640625,634028402.578125,695649715.7617188,1016080544.3164062,-320430828.5546875,22940211.640625,-634028402.578125
2019-01-29,DJIA Consolidated - CHICAGO BOARD OF TRADE,39174,15908,9017,6891,17.59074896615102,40.60856690662174,23.01781794047072,1354,3.4563741256956146,16164,20441,-4277,-10.917955787001583,41.26206157145045,52.180017358452034,33426,30811,2615,6.675345892683923,85.32700260376781,78.65165671108389,5748,8363,-2615,-6.675345892683923,14.672997396232196,21.34834328891612,24579.9609375,2019-02-04,2019-02-04,25239.369140625,0.026827064729748384,2019-02-05,2019-02-05,25411.51953125,0.03383075326541096,2019-02-06,2019-02-06,25390.30078125,0.03296749924910247,2019-02-07,2019-02-07,25169.529296875,0.023985732152874695,2019-02-08,2019-02-08,25106.330078125,0.021414563756362748,0.026827064729748384,0.006820708935545872,-0.0008350051626745403,-0.008695111029879299,-0.0025109416232844683,-0.005271093019748374,0.007190502128275211,-6.771754279759133,-2491.0,-3.7773068923915005,2.9944473873676323,6.628136137173955,2480.0,1.6333936929773287,-4.994742444196632,-0.1436621571732566,-11.0,0.13094963051410957,0.2746117876873626,0.1436621571732566,11.0,-0.13094963051410424,-0.27461178768735905,0.03383075326541096,0.03441009651218052,0.05335075097696129,0.06013107730350731,0.08189391447237737,0.1065119102673513,0.16854740666224877,5.0,DJIA x $5,122899.8046875,1955090092.96875,1108187538.8671875,846902554.1015625,-306143413.4765625,-837685068.75,1986552442.96875,2512194907.6171875,-525642464.6484375,304791515.625,972997753.7109375,4108048871.484375,3786665882.2265625,321382989.2578125,-1351897.8515625,135435584.765625,706428077.34375,1027811066.6015625,-321382989.2578125,1351897.8515625,-135435584.765625
2019-02-05,DJIA Consolidated - CHICAGO BOARD OF TRADE,42870,15892,12490,3402,7.935619314205739,37.07021226965244,29.1345929554467,899,2.0970375554000467,19503,20970,-1467,-3.4219734079776067,45.493351994401685,48.91532540237928,36293,34359,1934,4.511313272684861,84.6582691859109,80.14695591322604,6577,8511,-1934,-4.511313272684861,15.341730814089107,19.85304408677397,25411.51953125,2019-02-11,2019-02-11,25053.109375,-0.014104239449720501,2019-02-12,2019-02-12,25425.759765625,0.0005603850000976962,2019-02-13,2019-02-13,25543.26953125,0.005184656503440577,2019-02-14,2019-02-14,25439.390625,0.0010967897341096489,2019-02-15,2019-02-15,25883.25,0.018563646623724672,-0.014104239449720501,0.01487441678584056,0.004621681582308801,-0.004066781902094085,0.0174477204089869,0.03313523333867607,0.03383075326541096,-9.65512965194528,-3489.0,-3.538354636969302,6.116775014975978,7.495982379023976,2810.0,4.231290422951233,-3.2646919560727525,-2.1640326199990625,-681.0,-0.6687334178569131,1.4952992021421494,2.1640326199990625,681.0,0.6687334178569113,-1.4952992021421494,0.0005603850000976962,0.018881231429705103,0.025439680484475202,0.01554851246259048,0.0217842271029578,0.024319679082551948,0.13364455926961027,5.0,DJIA x $5,127057.59765625,2019199341.953125,1586949394.7265625,432249947.2265625,-443303958.22265625,-1160162924.1992188,2478004327.0898438,2664397822.8515625,-186393495.76171875,357031849.4140625,1084690711.1914062,4611301391.738281,4365571997.871094,245729393.8671875,-86526224.00390625,-75726328.203125,835657819.7851562,1081387213.6523438,-245729393.8671875,86526224.00390625,75726328.203125
2019-02-12,DJIA Consolidated - CHICAGO BOARD OF TRADE,41834,16590,10543,6047,14.454749725103982,39.65673853803126,25.201988812927283,797,1.905148921929531,17601,21778,-4177,-9.984701439020892,42.073433092699716,52.05813453172061,34987,33117,1870,4.470048286083091,83.63293015250754,79.16288186642444,6848,8717,-1869,-4.467657885930105,16.369460247645456,20.83711813357556,25425.759765625,2019-02-18,2019-02-19,25891.3203125,0.01831058545217701,2019-02-19,2019-02-19,25891.3203125,0.01831058545217701,2019-02-20,2019-02-20,25954.439453125,0.020793073338746915,2019-02-21,2019-02-21,25850.630859375,0.016710261469724763,2019-02-22,2019-02-22,26031.810546875,0.02383609327062719,0.01831058545217701,0.0,0.002437849436149664,-0.003999646917340782,0.007008714351522061,0.00542615180219963,0.0005603850000976962,6.519130410898243,2645.0,2.586526268378826,-3.9326041425194163,-6.562728031043285,-2710.0,-3.419918901701969,3.1428091293413303,-0.041264986601770026,-64.0,-1.0253390334033554,-0.9840740468015952,0.043655386754755554,65.0,1.027729433556349,0.9840740468015916,0.01831058545217701,0.024865361308878065,0.014979733044788945,0.005069677044588161,0.004180445996689652,0.03359389841242,0.15144405176559905,5.0,DJIA x $5,127128.798828125,2109066772.5585938,1340318926.0449219,768747846.5136719,336255672.9003906,-642508949.2773438,2237593988.173828,2768610980.8789062,-531016992.7050781,-344519044.82421875,522499363.18359375,4447855284.599609,4210124430.7910156,237730853.80859375,-8136243.125,-120009586.09375,870578014.375,1108181739.3847656,-237603725.00976562,8263371.923828125,120136714.89257812
2019-02-19,DJIA Consolidated - CHICAGO BOARD OF TRADE,41069,16780,8990,7790,18.96807811244491,40.85806812924591,21.889990016800994,1214,2.9560008765735715,16564,21006,-4442,-10.815943899291437,40.33212398646181,51.14806788575324,34558,31210,3348,8.152134213153474,84.14619299228129,75.9940587791278,6512,9859,-3347,-8.14969928656651,15.856241934305682,24.00594122087219,25891.3203125,2019-02-25,2019-02-25,26091.94921875,0.007748886647280795,2019-02-26,2019-02-26,26057.98046875,0.006436912225350699,2019-02-27,2019-02-27,25985.16015625,0.0036243746018891354,2019-02-28,2019-02-28,25916.0,0.0009532031276167086,2019-03-01,2019-03-01,26026.3203125,0.0052141025784160355,0.007748886647280795,-0.0013018862529284858,-0.002794549354556808,-0.002661525110260521,0.004256841815866608,-0.002515293345843217,0.01831058545217701,4.513328387340929,1743.0,1.2013295912146447,-3.3119987961262893,-0.8312424602705448,-265.0,-1.7413091062379067,-0.910066645967369,3.682085927070383,1478.0,0.5132628397737449,-3.1688230872966443,-3.682041400636404,-1478.0,-0.5132183133397739,3.16882308729663,0.006436912225350699,-0.0032709592289162925,-0.013002819175948477,-0.00015215342738228443,-0.0005403445713135779,0.002746833292648354,0.12903432889098632,5.0,DJIA x $5,129456.6015625,2172281774.21875,1163814848.046875,1008466926.171875,225642856.5234375,-206094909.6875,2144319148.28125,2719365372.421875,-575046224.140625,-34305999.4140625,299692032.6171875,4473761236.796875,4040340534.765625,433420702.03125,191336857.109375,93467666.328125,843021389.375,1276312634.8046875,-433291245.4296875,-191336857.109375,-93338209.7265625
2019-02-26,DJIA Consolidated - CHICAGO BOARD OF TRADE,42707,18630,8114,10516,24.623598005010887,43.622825297960524,18.999227292949634,1331,3.1165851031446836,16311,24115,-7804,-18.27335097290842,38.19280211674901,56.46615308965743,36271,33560,2711,6.347905495586204,84.92987098133796,78.58196548575175,6436,9148,-2712,-6.350247032102466,15.070129018662046,21.42037605076451,26057.98046875,2019-03-04,2019-03-04,25819.650390625,-0.009146145397215921,2019-03-05,2019-03-05,25806.630859375,-0.009645782399615777,2019-03-06,2019-03-06,25673.4609375,-0.014756305912161372,2019-03-07,2019-03-07,25473.23046875,-0.022440342247598943,2019-03-08,2019-03-08,25450.240234375,-0.02332261454811635,-0.009146145397215921,-0.000504248936489371,-0.0051602986302500264,-0.0077991225739858505,-0.0009025252766116099,-0.014307326035062462,0.006436912225350699,5.655519892565977,2726.0,2.764757168714617,-2.89076272385136,-7.457407073616984,-3362.0,-2.139321869712802,5.3180852039041895,-1.8042287175672698,-637.0,0.7836779890566703,2.5879067066239543,1.7994522544640432,635.0,-0.7861129156436366,-2.5855651701076816,-0.009645782399615777,-0.01931539986775288,-0.006546923679660921,-0.015359977741943531,-0.02725502608890662,-0.010748341701341202,0.03927314733685083,5.0,DJIA x $5,130289.90234375,2427300880.6640625,1057172267.6171875,1370128613.046875,355170273.7890625,472300895.99609375,2125158597.1289062,3141940995.0195312,-1016782397.890625,-438034651.6796875,-459532485.56640625,4725745047.910156,4372529122.65625,353215925.25390625,-82994667.79296875,12507830.625,838545811.484375,1191892026.640625,-353346215.15625,82734087.98828125,-12638120.52734375
2019-03-05,DJIA Consolidated - CHICAGO BOARD OF TRADE,44409,19801,9569,10232,23.040374698822312,44.58780877750005,21.547434078677746,1403,3.159269517440159,16242,24420,-8178,-18.41518611092346,36.57366749983112,54.988853610754575,37445,35391,2054,4.625188587898849,84.31849399896417,79.69330541106532,6964,9018,-2054,-4.625188587898849,15.681506001035824,20.306694588934675,25806.630859375,2019-03-11,2019-03-11,25650.880859375,-0.006035270580212915,2019-03-12,2019-03-12,25554.66015625,-0.009763796928705437,2019-03-13,2019-03-13,25702.890625,-0.004019906160563913,2019-03-14,2019-03-14,25709.939453125,-0.0037467659678974696,2019-03-15,2019-03-15,25848.869140625,0.0016367220300923524,-0.006035270580212915,-0.0037511656481704625,0.0058005259253564034,0.0002742426222730465,0.0054037345266138015,0.0077185763068108315,-0.009645782399615777,-1.5832233061885752,-284.0,0.9649834795395265,2.5482067857281123,-0.14183513801503977,-374.0,-1.61913461691789,-1.4772994789028573,-1.7227169076873547,-657.0,-0.611376982373784,1.1113399253135725,1.7250584442036168,658.0,0.6113769823737787,-1.1136814618298345,-0.009763796928705437,0.003129040766306268,-0.00576985006048969,0.014434274742403108,-0.01838485521261457,0.012066227225545845,0.004292667937889849,5.0,DJIA x $5,129033.154296875,2554985488.232422,1234718253.4667969,1320267234.765625,-36645415.8203125,881296443.8476562,2095756492.0898438,3150989627.9296875,-1055233135.8398438,-48258399.70703125,-865941498.4863281,4831646462.646484,4566612363.720703,265034098.92578125,-84774782.37304688,15483978.515625,898586886.5234375,1163620985.4492188,-265034098.92578125,84903815.52734375,-15483978.515625
2019-03-12,DJIA Consolidated - CHICAGO BOARD OF TRADE,48613,18561,7215,11346,23.339435953345813,38.18114496122436,14.841709007878551,2071,4.260177318824183,19728,31489,-11761,-24.19311706745109,40.58173739534692,64.77485446279802,40359,40774,-415,-0.8536811141052805,83.02100261246991,83.8746837265752,8254,7839,415,0.8536811141052805,16.978997387530086,16.125316273424804,25554.66015625,2019-03-18,2019-03-18,25914.099609375,0.0140655148973714,2019-03-19,2019-03-19,25887.380859375,0.013019961959604753,2019-03-20,2019-03-20,25745.669921875,0.007474557065408005,2019-03-21,2019-03-21,25962.509765625,0.015959891733299036,2019-03-22,2019-03-22,25502.3203125,-0.002048152604259945,0.0140655148973714,-0.0010310506790802698,-0.00547413190503121,0.008422381099734366,-0.017725152817633316,-0.015890164160904496,-0.009763796928705437,0.29906125452350096,1114.0,-6.406663816275689,-6.705725070799195,-5.77793095652763,-3583.0,4.008069895515803,9.786000852043443,-5.47886970200413,-2469.0,-1.2974913864942579,4.181378315509875,5.47886970200413,2469.0,1.2974913864942614,-4.181378315509871,0.013019961959604753,0.004033327458467184,0.024436666318658595,0.023319422689691116,0.019325227037081838,0.05301457827912692,-0.02099421384278466,5.0,DJIA x $5,127773.30078125,2371600235.8007812,921884365.1367188,1449715870.6640625,142339457.0703125,677070720.8398438,2520711677.8125,4023453468.3007812,-1502741790.4882812,-457811736.69921875,-969032713.125,5156802646.230469,5209828566.0546875,-53025919.82421875,-315472279.62890625,-291961992.28515625,1054640824.6484375,1001614904.8242188,53025919.82421875,315472279.62890625,291834218.984375
2019-03-19,DJIA Consolidated - CHICAGO BOARD OF TRADE,39831,19936,10349,9587,24.069192337626472,50.05146744997615,25.98227511234968,1769,4.441264341844292,11541,20431,-8890,-22.3192990384374,28.97491903291406,51.29421807135146,33245,32548,697,1.7498932991890739,83.4651402174186,81.71524691822952,6587,7283,-696,-1.747382691873164,16.537370389897315,18.28475308177048,25887.380859375,2019-03-25,2019-03-25,25516.830078125,-0.014313954094579917,2019-03-26,2019-03-26,25657.73046875,-0.008871132690962513,2019-03-27,2019-03-27,25625.58984375,-0.010112688380763513,2019-03-28,2019-03-28,25717.4609375,-0.006563812801226865,2019-03-29,2019-03-29,25928.6796875,0.0015953266322823456,-0.014313954094579917,0.005521861069482492,-0.0012526682762976638,0.0035851308910419544,0.008213048345375729,0.01614031241788405,0.013019961959604753,0.7297563842806589,-1759.0,11.870322488751789,11.140566104471128,1.873818029013691,2871.0,-11.606818362432861,-13.48063639144656,2.6035744132943544,1112.0,0.44413760494867915,-2.1594368083456743,-2.6010638059784448,-1111.0,-0.44162699763277047,2.1594368083456743,-0.008871132690962513,0.011269969781216638,0.010167085661533237,0.02183609458004665,0.022333592041066774,0.04725931636424874,-0.17962419702710186,5.0,DJIA x $5,129436.904296875,2580454124.0625,1339542522.5683594,1240911601.4941406,-227679514.65820312,232598117.02148438,1493831312.4902344,2644525391.689453,-1150694079.1992188,371613352.2363281,-575735350.3125,4303129883.349609,4212912361.0546875,90217522.29492188,143933837.578125,-343137233.2910156,852600888.6035156,942688973.9941406,-90088085.390625,-143804400.67382812,343137233.2910156
2019-03-26,DJIA Consolidated - CHICAGO BOARD OF TRADE,39096,18426,5323,13103,33.51493758952323,47.13014119091467,13.615203601391446,2318,5.928995293636177,10760,23421,-12661,-32.38438714958052,27.521997135256804,59.90638428483732,31504,31062,442,1.130550439942705,80.58113361980766,79.45058317986495,7592,8034,-442,-1.130550439942705,19.41886638019235,20.549416820135054,25657.73046875,2019-04-01,2019-04-01,26258.419921875,0.02341163626520326,2019-04-02,2019-04-02,26179.130859375,0.020321376095989496,2019-04-03,2019-04-03,26218.130859375,0.0218413858274622,2019-04-04,2019-04-04,26384.630859375,0.028330658142595055,2019-04-05,2019-04-05,26424.990234375,0.0299036489824962,0.02341163626520326,-0.003019567161158365,0.001489736241034656,0.00635056712826132,0.0015296547150918105,0.00634350097970815,-0.008871132690962513,9.445745251896756,3516.0,-2.9213262590614804,-12.367071510958233,-10.065088111143119,-3771.0,-1.452921897657255,8.612166213485864,-0.6193428592463688,-255.0,-2.8840065976109344,-2.2646637383645754,0.616832251930459,254.0,2.881495990295033,2.2646637383645754,0.020321376095989496,0.019208620574421742,0.030982073354780537,0.03892238861369002,0.03470650825721222,0.0448223222198354,-0.19303423264705033,5.0,DJIA x $5,128288.65234375,2363846708.0859375,682880496.4257812,1680966211.6601562,451062901.640625,331882743.61328125,1380385899.21875,3004648526.5429688,-1624262627.3242188,-483776507.98828125,-623097984.4335938,4041605703.4375,3984902119.1015625,56703584.3359375,-32713606.34765625,-291086952.16796875,973967448.59375,1030671032.9296875,-56703584.3359375,32585317.6953125,291215240.8203125
2019-04-02,DJIA Consolidated - CHICAGO BOARD OF TRADE,39880,17522,5255,12267,30.75977933801404,43.936810431293885,13.17703109327984,2872,7.20160481444333,11802,24152,-12350,-30.9679037111334,29.593781344032095,60.56168505516549,32196,32279,-83,-0.20812437311935808,80.73219658976932,80.94032096288866,7685,7601,84,0.21063189568706117,19.270310932798395,19.059679037111334,26179.130859375,2019-04-08,2019-04-08,26341.01953125,0.006183882602696311,2019-04-09,2019-04-09,26150.580078125,-0.0010905931676404856,2019-04-10,2019-04-10,26157.16015625,-0.0008392449406749991,2019-04-11,2019-04-11,26143.05078125,-0.0013781999990301053,2019-04-12,2019-04-12,26412.30078125,0.008906709818882197,0.006183882602696311,-0.0072297677354162815,0.0002516226449027492,-0.0005394077535832986,0.010299104043094642,0.0027060930544253736,0.020321376095989496,-2.7551582515091866,-836.0,-3.1933307596207854,-0.4381725081116059,1.4164834384471199,311.0,2.0717842087752913,0.6553007703281679,-1.3386748130620632,-525.0,0.15106296996165725,1.4897377830237133,1.3411823356297663,526.0,-0.148555447393953,-1.4897377830237204,-0.0010905931676404856,0.010448371962549219,0.018230542801007,0.015805692675500804,0.023207371986050163,0.015046649380414223,-0.1628003131967518,5.0,DJIA x $5,130895.654296875,2293553654.5898438,687856663.3300781,1605696991.2597656,-109428766.9921875,266372656.49414062,1544830512.0117188,3161391842.578125,-1616561330.5664062,40708548.486328125,-546096669.7265625,4214316485.7421875,4225180825.048828,-10864339.306640625,-68720218.50585938,-279724013.2324219,1005933103.2714844,994937868.3105469,10995234.9609375,68851114.16015625,279854908.88671875
2019-04-09,DJIA Consolidated - CHICAGO BOARD OF TRADE,39565,18646,5085,13561,34.275243270567415,47.12751168962467,12.852268419057248,2019,5.102995071401492,11607,25037,-13430,-33.94414255023379,29.336534816125365,63.28067736635915,32272,32141,131,0.3311007203336282,81.56704157715153,81.23594085681789,7293,7424,-131,-0.3311007203336282,18.43295842284848,18.764059143182106,26150.580078125,2019-04-15,2019-04-15,26384.76953125,0.00895542096677615,2019-04-16,2019-04-16,26452.66015625,0.011551563186075864,2019-04-17,2019-04-17,26449.5390625,0.011432212344118398,2019-04-18,2019-04-18,26559.5390625,0.015638619990578917,2019-04-19,2019-04-22,26511.05078125,0.013784424744999635,0.00895542096677615,0.00257309903425873,-0.00011798789730654846,0.004158862645585959,-0.0018256446821571792,0.0047861418630332775,-0.0010905931676404856,3.5154639325533736,1294.0,3.190701258330783,-0.3247626742225922,-2.976238839100393,-1080.0,-0.2572465279067302,2.7189923111936594,0.5392250934529863,214.0,0.8348449873822119,0.29561989392922783,-0.5417326160206893,-215.0,-0.8373525099499162,-0.29561989392922783,0.011551563186075864,0.019342230473048394,0.01691473293531298,-0.007093159456533882,0.024202528370658616,0.0005146724980780171,-0.13371484275601264,5.0,DJIA x $5,130752.900390625,2438018580.6835938,664878498.4863281,1773140082.1972656,169194253.10546875,289617674.3652344,1517648914.8339844,3273660367.080078,-1756011452.2460938,-141213132.421875,-218226590.75195312,4219657601.40625,4202528971.455078,17128629.951171875,27981120.68359375,71391083.61328125,953580902.5488281,970709532.5,-17128629.951171875,-28111873.583984375,-71391083.61328125
2019-04-16,DJIA Consolidated - CHICAGO BOARD OF TRADE,40945,18270,4540,13730,33.53278788618879,44.620832824520704,11.088044938331908,1446,3.5315667358651854,12016,27149,-15133,-36.95933569422396,29.34668457687141,66.30602027109536,31731,33134,-1403,-3.4265478080351692,77.4966418366101,80.92318964464525,9214,7811,1403,3.4265478080351692,22.503358163389915,19.076810355354745,26452.66015625,2019-04-22,2019-04-22,26511.05078125,0.002207363065003687,2019-04-23,2019-04-23,26656.390625,0.007701700605784456,2019-04-24,2019-04-24,26597.05078125,0.005458453862375867,2019-04-25,2019-04-25,26462.080078125,0.0003561048990672333,2019-04-26,2019-04-26,26543.330078125,0.003427629634956686,0.002207363065003687,0.005482236254958028,-0.0022261019724983955,-0.005074649224648287,0.003070431340246982,0.0012175789311916763,0.011551563186075864,-0.7424553843786228,169.0,-2.5066788651039644,-1.7642234807253399,-3.0151931439901674,-1703.0,0.0101497607460459,3.0253429047362133,-3.7576485283687973,-1534.0,-4.070399740541433,-0.31275121217264257,3.7576485283687973,1534.0,4.070399740541436,0.312751212172639,0.007701700605784456,0.005301924236412292,-0.018431806465589062,-0.03480214729112929,0.033379278224174413,0.021628850241166342,-0.09461809798488785,5.0,DJIA x $5,132263.30078125,2416450505.2734375,600475385.546875,1815975119.7265625,22352497.83203125,547966855.1367188,1589275822.1875,3590816352.9101562,-2001540530.7226562,-225244401.23046875,-825719786.7773438,4196846797.0898438,4382412208.0859375,-185565410.99609375,-202891903.3984375,-277752931.640625,1218674053.3984375,1033108642.4023438,185565410.99609375,202891903.3984375,277620668.33984375
2019-04-23,DJIA Consolidated - CHICAGO BOARD OF TRADE,40466,17054,4722,12332,30.474966638659616,42.14402214204517,11.66905550338556,3281,8.10804131863787,11797,24867,-13070,-32.29871991301339,29.15286907527307,61.45158898828647,32132,32869,-737,-1.8212820639549252,79.4049325359561,81.22621459991105,8334,7597,737,1.8212820639549252,20.59506746404389,18.773785400088965,26656.390625,2019-04-29,2019-04-29,26554.390625,-0.0038264745379420484,2019-04-30,2019-04-30,26592.91015625,-0.002381435267926446,2019-05-01,2019-05-01,26430.140625,-0.008487645727543014,2019-05-02,2019-05-02,26307.7890625,-0.013077598066598695,2019-05-03,2019-05-03,26504.94921875,-0.005681242009860421,-0.0038264745379420484,0.00145058991539182,-0.006120786716971804,-0.0046292437197352765,0.007494364341359194,-0.0018618919540730472,0.007701700605784456,-3.0578212475291764,-1398.0,-2.4768106824755307,0.581010565053651,4.660615781210566,2063.0,-0.1938155015983405,-4.854431282808896,1.605265744080244,666.0,1.9082906993460114,0.30302495526579776,-1.605265744080244,-666.0,-1.9082906993460256,-0.30302495526578,-0.002381435267926446,-0.02593377291679,-0.04217899788336399,-0.029226032805219626,0.025989971330749206,0.004940990932638778,-0.13645920097725162,5.0,DJIA x $5,133281.953125,2272990428.59375,629357382.65625,1643633045.9375,-186328170.46875,-102760385.859375,1572327201.015625,3314322328.359375,-1741995127.34375,274960669.296875,-54512318.828125,4282615717.8125,4380844517.265625,-98228799.453125,88765780.78125,-157139422.734375,1110771797.34375,1012542997.890625,98228799.453125,-88765780.78125,157139422.734375
2019-04-30,DJIA Consolidated - CHICAGO BOARD OF TRADE,41063,17738,5630,12108,29.486398947958016,43.197038696636874,13.71063974867886,3255,7.926844117575432,11734,23802,-12068,-29.38898765311838,28.57560334120741,57.964590994325796,32727,32686,41,0.09984657721062756,79.69948615541972,79.59963957820909,8336,8377,-41,-0.09984657721062756,20.30051384458028,20.400360421790907,26592.91015625,2019-05-06,2019-05-06,26438.48046875,-0.005807175167840906,2019-05-07,2019-05-07,25965.08984375,-0.02360855990604871,2019-05-08,2019-05-08,25967.330078125,-0.023524318115216603,2019-05-09,2019-05-09,25828.359375,-0.02875017351458664,2019-05-10,2019-05-10,25942.369140625,-0.024462949402779266,-0.005807175167840906,-0.017905364325288775,8.627870685140593e-05,-0.0053517517090472255,0.004414131148235301,-0.018764744392606003,-0.002381435267926446,-0.9885676907016006,-224.0,1.0530165545917,2.0415842452933006,2.909732259895012,1002.0,-0.5772657340656586,-3.486997993960671,1.9211286411655528,778.0,0.29455361946361336,-1.626575021701953,-1.9211286411655528,-778.0,-0.2945536194636098,1.6265750217019423,-0.02360855990604871,-0.039892564174691225,-0.026908678814034248,-0.046822277730568795,0.022754537635956584,0.01799542729389958,-0.0936850972820088,5.0,DJIA x $5,132964.55078125,2358525201.7578125,748590420.8984375,1609934780.859375,-29784059.375,-21141363.57421875,1560206038.8671875,3164822237.6953125,-1604616198.828125,133230479.8828125,37496003.3203125,4351530853.417969,4346079306.8359375,5451546.58203125,103446420.5078125,16487604.296875,1108392495.3125,1113844041.8945312,-5451546.58203125,-103446420.5078125,-16620568.84765625
2019-05-07,DJIA Consolidated - CHICAGO BOARD OF TRADE,41408,20830,5480,15350,37.07013137557959,50.304289026275114,13.234157650695519,1333,3.2191846986089643,10071,25083,-15012,-36.253863987635235,24.321387171561053,60.575251159196284,32233,31896,337,0.8138523956723338,77.8424459041731,77.02859350850078,9175,9512,-337,-0.8138523956723338,22.157554095826892,22.971406491499227,25965.08984375,2019-05-13,2019-05-13,25324.990234375,-0.02465231636889853,2019-05-14,2019-05-14,25532.05078125,-0.016677741733454265,2019-05-15,2019-05-15,25648.01953125,-0.012211408256548761,2019-05-16,2019-05-16,25862.6796875,-0.0039441479642964294,2019-05-17,2019-05-17,25764.0,-0.007744623452493271,-0.02465231636889853,0.00817613530977579,0.004542085200816004,0.00836946322457588,-0.0038155244813125044,0.017335041852419186,-0.02360855990604871,7.583732427621577,3242.0,7.107250329638241,-0.4764820979833413,-6.864876334516854,-2944.0,-4.254216169646359,2.610660164870488,0.7140058184617062,296.0,-1.857040251246616,-2.5710460697083164,-0.7140058184617062,-296.0,1.8570402512466124,2.57104606970832,-0.016677741733454265,-0.003379913805540924,-0.023775011610390973,-0.0243754271623422,0.0024813966709809065,0.05883056923035035,-0.0801845867866755,5.0,DJIA x $5,129825.44921875,2704264107.2265625,711443461.71875,1992820645.5078125,420894106.3671875,232257728.65234375,1307472099.0820312,3256411742.7539062,-1948939643.671875,-382206122.5,-205383860.6640625,4184663704.6679688,4140912528.28125,43751176.38671875,38428332.96875,26744042.5390625,1191148496.5820312,1234899672.96875,-43751176.38671875,-38428332.96875,-26744042.5390625
2019-05-14,DJIA Consolidated - CHICAGO BOARD OF TRADE,40445,20085,8905,11180,27.642477438496726,49.66003214241563,22.0175547039189,745,1.8420076647298802,11742,22912,-11170,-27.61775250339968,29.032018790950676,56.64977129435035,32571,32561,10,0.02472493509704537,80.53158610458647,80.50686116948943,7874,7884,-10,-0.02472493509704537,19.468413895413526,19.49313883051057,25532.05078125,2019-05-20,2019-05-20,25679.900390625,0.0057907455473016345,2019-05-21,2019-05-21,25877.330078125,0.01352336715265201,2019-05-22,2019-05-22,25776.609375,0.00957849394258603,2019-05-23,2019-05-23,25490.470703125,-0.0016285443923499399,2019-05-24,2019-05-24,25585.689453125,0.0021008368005592803,0.0057907455473016345,0.007688101764291799,-0.003892237059268444,-0.0111007102490569,0.0037354645627758476,-0.0036686644444459127,-0.016677741733454265,-9.427653937082866,-4170.0,-0.6442568838594838,8.783397053223382,8.636111484235556,3842.0,4.710631619389623,-3.925479864845933,-0.7891274605752885,-327.0,2.6891402004133624,3.4782676609886494,0.7891274605752885,327.0,-2.689140200413366,-3.4782676609886565,0.01352336715265201,-0.007217643877448721,-0.007828242841220523,0.02022786922992781,0.029291002959668466,0.0845775951029688,-0.06921776474269092,5.0,DJIA x $5,127660.25390625,2564056199.7070312,1136814561.0351562,1427241638.671875,-532343258.7890625,-325533647.4609375,1498986701.3671875,2924951737.5,-1425965036.1328125,490470695.5078125,505917586.23046875,4158022129.9804688,4156745527.4414062,1276602.5390625,-41744903.02734375,180383938.76953125,1005196839.2578125,1006473441.796875,-1276602.5390625,41744903.02734375,-180383938.76953125
2019-05-21,DJIA Consolidated - CHICAGO BOARD OF TRADE,38661,16949,8395,8554,22.125656346188666,43.840045523912984,21.71438917772432,1730,4.474793719769277,12425,19807,-7382,-19.09417759499237,32.13833061741807,51.232508212410444,31103,29931,1172,3.031478751196296,80.45058327513514,77.41910452393886,7559,8730,-1171,-3.0288921652311114,19.552003310830035,22.580895476061148,25877.330078125,2019-05-27,2019-05-28,25347.76953125,-0.020464265257514214,2019-05-28,2019-05-28,25347.76953125,-0.020464265257514214,2019-05-29,2019-05-29,25126.41015625,-0.02901844663293829,2019-05-30,2019-05-30,25169.880859375,-0.027338570734081746,2019-05-31,2019-05-31,24815.0390625,-0.041051028541889356,-0.020464265257514214,0.0,-0.0087328936270743,0.0017300801369823926,-0.014097873520240833,-0.021016857838052516,0.01352336715265201,-5.51682109230806,-2626.0,-5.8199866185026465,-0.30316552619457937,8.523574908407308,3788.0,3.106311826467394,-5.4172630819399075,3.0067538160992506,1162.0,-0.08100282945132165,-3.08775664555057,-3.004167230134066,-1161.0,0.08358941541650822,3.087756645550577,-0.020464265257514214,-0.021066717044577743,0.0066150444030816935,0.022730667445179487,0.0032889550329593398,0.07947842559165674,-0.06455344110392236,5.0,DJIA x $5,129386.650390625,2192974337.470703,1086200930.0292969,1106773407.4414062,-339769343.92578125,-488822765.17578125,1607629131.1035156,2562761384.2871094,-955132253.1835938,490116631.6796875,735951267.421875,4024312987.0996094,3872671832.841797,151641154.2578125,150347287.75390625,246999115.59570312,978033690.3027344,1129545457.9101562,-151511767.60742188,-150217901.10351562,-246869728.9453125
2019-05-28,DJIA Consolidated - CHICAGO BOARD OF TRADE,39694,12774,8461,4313,10.865622008363985,32.18118607346198,21.315564065098,3819,9.621101425908197,14985,19781,-4796,-12.082430594044439,37.75129742530357,49.83372801934801,31577,32061,-484,-1.2193278581145766,79.55106565223964,80.77039351035421,8117,7634,483,1.2168085856804556,20.448934347760368,19.23212576207991,25347.76953125,2019-06-03,2019-06-03,24819.779296875,-0.020829849889713814,2019-06-04,2019-06-04,25332.1796875,-0.0006150380896741137,2019-06-05,2019-06-05,25539.5703125,0.007566771546251294,2019-06-06,2019-06-06,25720.66015625,0.014710983723450699,2019-06-07,2019-06-07,25983.939453125,0.025097668695886588,-0.020829849889713814,0.020644840733516023,0.008186844857346998,0.007090559533077467,0.010236101844805168,0.04690453296643837,-0.020464265257514214,-11.260034337824681,-4241.0,-11.658859450451004,-0.3988251126263229,7.011747000947931,2586.0,5.612966807885499,-1.3987801930624357,-4.250806609310873,-1656.0,-0.8995176228955017,3.351288986415355,4.245700750911567,1654.0,0.8969310369303329,-3.3487697139812376,-0.0006150380896741137,0.027645045198595897,0.0440973526239441,0.04735924280813042,0.016969179826442415,0.10943409252755698,-0.013912867395106443,5.0,DJIA x $5,126738.84765625,1618962039.9609375,1072337390.0195312,546624649.9414062,-537499452.9101562,-987929317.4804688,1899181632.1289062,2507021145.4882812,-607839513.359375,327746660.0390625,921644900.15625,4002032592.4414062,4063374194.7070312,-61341602.265625,-209879531.71875,-66537895.01953125,1028739226.4257812,967524363.0078125,61214863.41796875,209626054.0234375,66411156.171875
2019-06-04,DJIA Consolidated - CHICAGO BOARD OF TRADE,39206,9972,8907,1065,2.716420955976126,25.43488241595674,22.718461459980617,2401,6.1240626434729375,19570,18461,1109,2.828648676223027,49.915829209814824,47.0871805335918,31943,29768,2175,5.547620262204765,81.4747742692445,75.92715400703975,7264,9438,-2174,-5.545069632199153,18.52777636076111,24.07284599296026,25332.1796875,2019-06-10,2019-06-10,26062.6796875,0.02883683950656879,2019-06-11,2019-06-11,26048.509765625,0.028277475012482567,2019-06-12,2019-06-12,26004.830078125,0.026553198300457215,2019-06-13,2019-06-13,26106.76953125,0.030577307334205273,2019-06-14,2019-06-14,26089.609375,0.02989990189725944,0.02883683950656879,-0.0005436862995249481,-0.0016768593632807693,0.003920019966242805,-0.0006573067659504384,0.0010332662574568108,-0.0006150380896741137,-8.149201052387859,-3248.0,-6.746303657505241,1.4028973948826184,14.911079270267466,5905.0,12.164531784511254,-2.74654748575621,6.766948120319341,2659.0,1.9237086170048627,-4.843239503314464,-6.761878217879609,-2657.0,-1.9211579869992583,4.8407202308803505,0.028277475012482567,0.044739907460835227,0.04800380506636959,0.05741708838097792,0.03102140650525098,0.08568669913730642,0.016203528799677125,5.0,DJIA x $5,126660.8984375,1263062479.21875,1128168622.3828125,134893856.8359375,-411394598.125,-1809350934.1796875,2478753782.421875,2338286846.0546875,140466936.3671875,747932605.2734375,2041900343.7109375,4045929078.7890625,3770441624.6875,275487454.1015625,336791328.9453125,232802731.328125,920064766.25,1195425559.453125,-275360793.203125,-336538007.1484375,-232676070.4296875
2019-06-11,DJIA Consolidated - CHICAGO BOARD OF TRADE,37341,10111,6984,3127,8.37417316086875,27.077475161350794,18.703302000482044,2025,5.42299349240781,17731,19199,-1468,-3.9313355293109447,47.483998821670546,51.41533435098149,29866,28208,1658,4.440159610080073,79.98178945395142,75.54162984387135,7475,9133,-1658,-4.440159610080073,20.01821054604858,24.45837015612865,26048.509765625,2019-06-17,2019-06-17,26112.529296875,0.002457704176785036,2019-06-18,2019-06-18,26465.5390625,0.016009718046340327,2019-06-19,2019-06-19,26504.0,0.017486230055897112,2019-06-20,2019-06-20,26753.169921875,0.02705184145236239,2019-06-21,2019-06-21,26719.130859375,0.025745084835332444,0.002457704176785036,0.01351878868613654,0.0014532459516192198,0.00940121950931938,-0.0012723375435285122,0.02323028748397027,0.028277475012482567,5.657752204892624,2062.0,1.6425927453940545,-4.015159459498573,-6.759984205533971,-2577.0,-2.4318303881442773,4.3281538173896905,-1.1074606521246917,-517.0,-1.4929848152930845,-0.3855241631683981,1.1049100221190802,516.0,1.4904341852874694,0.385524163168391,0.016009718046340327,0.019183858961461464,0.028338278408891027,0.02821583558380447,0.03305064011804304,0.07037680673461022,0.04698122950741612,5.0,DJIA x $5,130242.548828125,1316882411.2011719,909613961.015625,407268450.1855469,268560135.68359375,-1048843245.7128906,2309330633.2714844,2500526694.951172,-191196061.6796875,-335635048.3300781,1263613208.7304688,3889823963.3007812,3673881817.34375,215942145.95703125,-67335397.74414062,214639720.46875,973563052.4902344,1189505198.4472656,-215942145.95703125,67205155.1953125,-214639720.46875
2019-06-18,DJIA Consolidated - CHICAGO BOARD OF TRADE,43795,14402,6132,8270,18.883434181984246,32.88503253796095,14.00159835597671,1114,2.543669368649389,19886,26191,-6305,-14.396620618792099,45.40700993264071,59.8036305514328,35401,33437,1964,4.484530197511131,80.83342847357005,76.3488982760589,8394,10359,-1965,-4.486813563192145,19.16657152642996,23.653385089622102,26465.5390625,2019-06-24,2019-06-24,26727.5390625,0.00989966610471349,2019-06-25,2019-06-25,26548.220703125,0.0031241245617459334,2019-06-26,2019-06-26,26536.8203125,0.0026933609714756557,2019-06-27,2019-06-27,26526.580078125,0.0023064338678628893,2019-06-28,2019-06-28,26599.9609375,0.005079128548356904,0.00989966610471349,-0.006709123460849842,-0.0004294220223827194,-0.0003858877685574136,0.002766314359366362,-0.004773283642076853,0.016009718046340327,10.509261021115496,5143.0,5.807557376610159,-4.701703644505333,-10.465285089481155,-4837.0,-2.0769888890298347,8.388296200451315,0.04437058743105826,306.0,0.8516390196186308,0.8072684321875556,-0.04665395311207199,-307.0,-0.8516390196186201,-0.8049850665065499,0.0031241245617459334,0.012134293741064894,0.01201378030215583,0.032876405608826875,0.024381204449536176,0.06807422624173132,-0.0066334788547253165,5.0,DJIA x $5,132327.6953125,1905783467.890625,811433427.65625,1094350040.234375,680561336.9921875,-37581065.46875,2631468548.984375,3465794667.9296875,-834326118.9453125,-640069062.2265625,142516927.8515625,4684532741.7578125,4424641148.1640625,259891593.59375,40492274.765625,104803534.6875,1110758674.453125,1370782595.7421875,-260023921.2890625,-40624602.4609375,-105068190.078125
2019-06-25,DJIA Consolidated - CHICAGO BOARD OF TRADE,41325,22791,4559,18232,44.11857229280097,55.15063520871143,11.032062915910466,535,1.294615849969752,10132,26724,-16592,-40.15003024803388,24.5178463399879,64.66787658802178,33457,31818,1639,3.9661222020568663,80.96067755595885,76.994555353902,7868,9507,-1639,-3.9661222020568663,19.039322444041137,23.005444646098002,26548.220703125,2019-07-01,2019-07-01,26717.4296875,0.006373646892090301,2019-07-02,2019-07-02,26786.6796875,0.008982107955239682,2019-07-03,2019-07-03,26966.0,0.015736621355789238,2019-07-04,2019-07-05,26922.119140625,0.014083747520450052,2019-07-05,2019-07-05,26922.119140625,0.014083747520450052,0.006373646892090301,0.002591940946789384,0.006694383723253372,-0.0016272661638729868,0.0,0.007661270396110309,0.0031241245617459334,25.235138110816724,9962.0,22.265602670750475,-2.9695354400662453,-25.75340962924178,-10287.0,-20.88916359265281,4.86424603658898,-0.5184079954542651,-325.0,0.12724908238880062,0.6456570778430972,0.5206913611352788,326.0,-0.12724908238882193,-0.6479404435240994,0.008982107955239682,0.008861969842758777,0.029659620697567668,0.03017033642129241,0.009776505590615603,0.07410020195415346,-0.014770145921826017,5.0,DJIA x $5,132741.103515625,3025302490.2246094,605166690.9277344,2420135799.296875,1322366873.2226562,1847623419.8339844,1344932860.8203125,3547373250.3515625,-2202440389.53125,-1365507731.8652344,-1565814057.0703125,4441119100.322266,4223556431.6601562,217562668.66210938,-43140858.642578125,281809362.7636719,1044407002.4609375,1261969671.1230469,-217562668.66210938,43273599.74609375,-281676621.66015625
2019-07-02,DJIA Consolidated - CHICAGO BOARD OF TRADE,42532,22923,3723,19200,45.14248095551584,53.89589015329634,8.753409197780494,791,1.8597761685319287,10227,29817,-19590,-46.05943759992476,24.04542462146149,70.10486222138626,33941,34330,-389,-0.9146054735258159,79.80109094328975,80.71569641681558,8591,8202,389,0.9146054735258159,20.198909056710242,19.284303583184425,26786.6796875,2019-07-08,2019-07-08,26806.140625,0.0007265154818378861,2019-07-09,2019-07-09,26783.490234375,-0.00011906862523491935,2019-07-10,2019-07-10,26860.19921875,0.002744630245618218,2019-07-11,2019-07-11,27088.080078125,0.011251875713646164,2019-07-12,2019-07-12,27332.029296875,0.020358984978249728,0.0007265154818378861,-0.0008449702231240197,0.002864039888145209,0.008483960134440416,0.009005777376854374,0.019618216558356272,0.008982107955239682,1.0239086627148737,968.0,-1.2547450554150856,-2.2786537181299718,-5.909407351890884,-2998.0,-0.47242171852641235,5.436985633364472,-4.8807276755826825,-2028.0,-1.1595866126691021,3.721141062913574,4.8807276755826825,2028.0,1.1595866126691057,-3.7211410629135777,-0.00011906862523491935,0.02049343846565521,0.02099960772247167,0.015356134039335556,-0.007975629211697144,0.06539667424486573,-0.03635384599680058,5.0,DJIA x $5,133933.3984375,3070155292.3828125,498634042.3828125,2571521250.0,129647529.6875,2428882180.6640625,1369736865.8203125,3993492141.2109375,-2623755275.390625,-401532328.515625,-2772287414.2578125,4545833476.3671875,4597933568.359375,-52100091.9921875,-271616932.03125,-343405233.59375,1150621825.9765625,1098521733.984375,52100091.9921875,271616932.03125,343271300.1953125
2019-07-09,DJIA Consolidated - CHICAGO BOARD OF TRADE,40651,20935,4576,16359,40.2425524587341,51.499348109517605,11.256795650783499,1286,3.163513812698335,10164,26510,-16346,-40.21057292563528,25.003074955105653,65.21364788074095,32384,32371,13,0.03197953309881676,79.66347691323706,79.63149738013826,8267,8280,-13,-0.03197953309881676,20.336523086762934,20.36850261986175,26783.490234375,2019-07-15,2019-07-15,27359.16015625,0.021493461712326134,2019-07-16,2019-07-16,27335.630859375,0.020614961686037603,2019-07-17,2019-07-17,27219.849609375,0.016292102753656668,2019-07-18,2019-07-18,27222.970703125,0.01640863326266384,2019-07-19,2019-07-19,27154.19921875,0.013840951314822103,0.021493461712326134,-0.0008600153199375127,-0.004235543368127259,0.00011466241712532188,-0.0025262299667796473,-0.0074914922946995866,-0.00011906862523491935,-4.89992849678174,-2841.0,-2.3965420437787373,2.5033864530030048,5.84886467428948,3244.0,0.957650333644164,-4.8912143406453055,0.9465850066246326,402.0,-0.13761403005268846,-1.0841990366773189,-0.9465850066246326,-402.0,0.13761403005269202,1.084199036677326,0.020614961686037603,0.02112119121890843,0.015477045495100539,-0.0281505769609266,-0.02312809743817379,0.06721265366731655,-0.033353029760418984,5.0,DJIA x $5,133917.451171875,2803561840.283203,612806256.5625,2190755583.720703,-380459478.7792969,1771995713.90625,1361136973.7109375,3550151630.5664062,-2189014656.8554688,434428211.6015625,-1992423838.5351562,4336782738.75,4335041811.884766,1740926.865234375,53834815.37109375,-220294207.17773438,1107095568.8378906,1108836495.703125,-1740926.865234375,-53834815.37109375,220294207.17773438
2019-07-16,DJIA Consolidated - CHICAGO BOARD OF TRADE,48891,27639,5109,22530,46.08210100018408,56.53187703258269,10.449776032398601,1157,2.366488719805281,12099,33003,-20904,-42.756335521875194,24.746885929925753,67.50322145180094,40895,39268,1627,3.327810844531713,83.64525168231371,80.317440837782,7997,9623,-1626,-3.3257654783088912,16.356793683909103,19.682559162217995,27335.630859375,2019-07-22,2019-07-22,27171.900390625,-0.005989635636810209,2019-07-23,2019-07-23,27349.189453125,0.0004960044207411585,2019-07-24,2019-07-24,27269.970703125,-0.002401998936398475,2019-07-25,2019-07-25,27140.98046875,-0.007120757213409767,2019-07-26,2019-07-26,27192.44921875,-0.005237912428711855,-0.005989635636810209,0.006524720757520752,-0.0028965666472776652,-0.0047301200202689575,0.0018963482199643167,0.0007562528873428231,0.020614961686037603,5.839548541449979,6171.0,5.032528923065087,-0.8070196183848974,-2.5457625962399106,-4558.0,-0.25618902517989994,2.2895735710599894,3.295831311432896,1614.0,3.981774769076651,0.6859434576437451,-3.2937859452100744,-1613.0,-3.979729402853831,-0.6859434576437557,0.0004960044207411585,-0.005034137636439673,-0.047780544551693005,-0.03862068186960943,-0.011370876338066993,0.058679423597421065,-0.025353028038396785,5.0,DJIA x $5,136678.154296875,3777647506.611328,698288690.3027344,3079358816.3085938,843440890.1660156,1949030480.2734375,1653668988.8378906,4510789126.259766,-2857120137.421875,-622979027.2851562,-1995364374.5800781,5589453119.970703,5367077762.9296875,222375357.04101562,220598541.03515625,-46060537.998046875,1093015199.9121094,1315253878.7988281,-222238678.88671875,-220461862.88085938,46333894.306640625
2019-07-23,DJIA Consolidated - CHICAGO BOARD OF TRADE,46842,26371,4150,22221,47.43819649032919,56.297766961274064,8.85957047094488,1160,2.476410059348448,11312,32166,-20854,-44.51987532556253,24.149267751163485,68.66914307672602,38843,37476,1367,2.9183211647666623,82.92344477178601,80.00512360701934,7999,9366,-1367,-2.9183211647666623,17.076555228213998,19.99487639298066,27349.189453125,2019-07-29,2019-07-29,27221.349609375,-0.004674355851353895,2019-07-30,2019-07-30,27198.01953125,-0.005527400442126296,2019-07-31,2019-07-31,26864.26953125,-0.017730687145450008,2019-08-01,2019-08-01,26583.419921875,-0.02799971577082705,2019-08-02,2019-08-02,26485.009765625,-0.0315979999692918,-0.004674355851353895,-0.0008570507509652048,-0.012271114064629884,-0.010454392182460026,-0.0037019373932779542,-0.027050085844987137,0.0004960044207411585,1.3560954901451083,-309.0,-0.2341100713086277,-1.5902055614537218,-1.7635398036873369,50.0,-0.5976181787622679,1.1659216249250761,-0.4094896797650507,-260.0,-0.7218069105277038,-0.31231723076265894,0.407444313542229,259.0,0.7197615443048946,0.31231723076266604,-0.005527400442126296,-0.04825261546185278,-0.03909729385975713,-0.05070534183021447,-0.0205157759688519,0.0675284952243429,-0.01860344210098208,5.0,DJIA x $5,136745.947265625,3606127375.341797,567495681.1523438,3038631694.189453,-42254497.705078125,545479583.6425781,1546870155.46875,4398570139.746094,-2851699984.2773438,6837297.36328125,-582811227.2460938,5311622829.638672,5124691119.7265625,186931709.91210938,-35553946.2890625,-37194897.65625,1093830832.1777344,1280762542.0898438,-186931709.91210938,35417200.341796875,37194897.65625
2019-07-30,DJIA Consolidated - CHICAGO BOARD OF TRADE,50564,27688,4409,23279,46.038683648445534,54.75832608179733,8.719642433351792,1129,2.2328138596630014,13882,35752,-21870,-43.252116130053004,27.454315323154816,70.70643145320781,42698,41289,1409,2.7865675183925323,84.44347757297682,81.65691005458429,7866,9275,-1409,-2.7865675183925323,15.556522427023179,18.34308994541571,27198.01953125,2019-08-05,2019-08-05,25717.740234375,-0.05442599580363516,2019-08-06,2019-08-06,26029.51953125,-0.042962686994816535,2019-08-07,2019-08-07,26007.0703125,-0.04378808601786699,2019-08-08,2019-08-08,26378.189453125,-0.03014300644879786,2019-08-09,2019-08-09,26287.439453125,-0.033479646452888256,-0.05442599580363516,0.012123121784170854,-0.0008624522908711185,0.014269932605466273,-0.003440342263113516,0.022151993665000314,-0.005527400442126296,-1.3995128418836558,1058.0,-1.5394408794767358,-0.13992803759308714,1.2677591955095266,-1016.0,3.305047571991331,2.037288376481797,-0.13175364637413,42.0,1.5200328011908084,1.6517864475649446,0.13175364637413,-42.0,-1.520032801190819,-1.6517864475649517,-0.042962686994816535,-0.03375647899454992,-0.04542904591657282,-0.052214064299546115,-0.004653228283941324,0.056064011439252104,-0.030102935746269432,5.0,DJIA x $5,135990.09765625,3765293823.90625,599580340.5664062,3165713483.3398438,143877523.3203125,554703608.3398438,1887814535.6640625,4861917971.40625,-2974103435.7421875,-138165939.21875,-310057422.65625,5806505189.7265625,5614895142.128906,191610047.59765625,5711584.1015625,244510195.5859375,1069698108.1640625,1261308155.7617188,-191610047.59765625,-5711584.1015625,-244510195.5859375
2019-08-06,DJIA Consolidated - CHICAGO BOARD OF TRADE,49129,29021,3310,25711,52.33365222170205,59.07101711819903,6.7373648964969775,525,1.0686152781452911,12091,37488,-25397,-51.694518512487534,24.610718720104217,76.30523723259175,41636,41322,314,0.6391337092145168,84.74831565877588,84.10918194956136,7493,7807,-314,-0.6391337092145168,15.251684341224125,15.890818050438641,26029.51953125,2019-08-12,2019-08-12,25896.439453125,-0.0051126598001637324,2019-08-13,2019-08-13,26279.91015625,0.00961948700971571,2019-08-14,2019-08-14,25479.419921875,-0.021133682806344978,2019-08-15,2019-08-15,25579.390625,-0.017293016327465938,2019-08-16,2019-08-16,25886.009765625,-0.005513346700568467,-0.0051126598001637324,0.01480785433144649,-0.030460158714987973,0.003923586307362115,0.011986960327558638,-0.00040274600370748814,-0.042962686994816535,6.294968573256519,2432.0,4.312691036401702,-1.9822775368548147,-8.44240238243453,-3527.0,-2.8435966030505995,5.598805779383937,-2.1474338091780156,-1095.0,0.30483808579906224,2.4522718949770734,2.1474338091780156,1095.0,-0.30483808579905336,-2.452271894977068,0.00961948700971571,-0.0025770770776027963,-0.009666684024763339,0.0033999859234339347,0.05620969401177178,0.1067292588627966,0.030694042236000918,5.0,DJIA x $5,130147.59765625,3777013431.5820312,430788548.2421875,3346224883.3398438,316518957.5,1217140333.28125,1573614603.2617188,4878973140.9375,-3305358537.6757812,-459030576.93359375,-1177965906.3867188,5418825376.015625,5377959030.3515625,40866345.6640625,-142511619.43359375,39174426.89453125,975195949.2382812,1016062294.9023438,-40866345.6640625,142511619.43359375,-39174426.89453125
2019-08-13,DJIA Consolidated - CHICAGO BOARD OF TRADE,45609,25025,3224,21801,47.79977635992896,54.86855664452192,7.068780284592953,503,1.1028525071806003,12325,33487,-21162,-46.39873709136354,27.023175250498806,73.42191234186235,37852,37214,638,1.3988467188493499,82.99239185248526,81.5935451336359,7757,8395,-638,-1.3988467188493499,17.007608147514745,18.406454866364093,26279.91015625,2019-08-19,2019-08-19,26135.7890625,-0.0054840786324272806,2019-08-20,2019-08-20,25962.439453125,-0.012080357247701512,2019-08-21,2019-08-21,26202.73046875,-0.0029368322433798166,2019-08-22,2019-08-22,26252.240234375,-0.001052892559772256,2019-08-23,2019-08-23,25628.900390625,-0.02477214578567244,-0.0054840786324272806,-0.0066326526036945,0.009255332730148336,0.0018894887952247696,-0.023744253373614632,-0.01939442771989197,0.00961948700971571,-4.53387586177309,-3910.0,-4.202460473677114,0.3314153880959756,5.295781421123991,4235.0,2.4124565303945893,-2.883324890729398,0.759713009634833,324.0,-1.7559238062906246,-2.515636815925461,-0.759713009634833,-324.0,1.7559238062906193,2.5156368159254523,-0.012080357247701512,-0.01910241559580106,-0.006160242711541364,0.023954401955985638,0.053713276405143784,0.11401978430232096,0.053538995819792934,5.0,DJIA x $5,131399.55078125,3288273758.3007812,423632151.71875,2864641606.5820312,-513772243.5546875,-95790272.51953125,1619499463.3789062,4400176757.011719,-2780677293.6328125,556477097.5585938,-33901084.1015625,4973735796.171875,4889902882.7734375,83832913.3984375,42573454.453125,-129954155.72265625,1019266315.4101562,1103099228.8085938,-83832913.3984375,-42573454.453125,129822756.171875
2019-08-20,DJIA Consolidated - CHICAGO BOARD OF TRADE,41103,21113,2797,18316,44.56122424153955,51.366080334768746,6.804856093229204,486,1.1823954455879133,12412,29878,-17466,-42.49324866798044,30.197309198841932,72.69055786682237,34010,33160,850,2.0679755735591074,82.74335206675912,80.67537649320002,7093,7943,-850,-2.0679755735591074,17.25664793324088,19.32462350679999,25962.439453125,2019-08-26,2019-08-26,25898.830078125,-0.002450053860109991,2019-08-27,2019-08-27,25777.900390625,-0.0071079246167596866,2019-08-28,2019-08-28,26036.099609375,0.00283718162859814,2019-08-29,2019-08-29,26362.25,0.015399575513574293,2019-08-30,2019-08-30,26403.279296875,0.016979908399822552,-0.002450053860109991,-0.004669310819647499,0.010016301360366242,0.012526852927984722,0.0015563655179280378,0.019477683633905674,-0.012080357247701512,-3.238552118389414,-3485.0,-3.5024763097531704,-0.2639241913637491,3.9054884233831046,3696.0,3.174133948343126,-0.7313544750399785,0.6691288547097576,212.0,-0.24903978572613994,-0.91816864043588,-0.6691288547097576,-212.0,0.2490397857261364,0.9181686404358977,-0.0071079246167596866,0.005992506151276666,0.03647539500611208,0.04423164203033991,0.07593970827297158,0.12594155514174665,0.06993298386513747,5.0,DJIA x $5,129812.197265625,2740724920.8691406,363084715.7519531,2377640205.1171875,-452395507.4707031,-506916630.3222656,1611228992.4609375,3878528829.9023438,-2267299837.4414062,479785881.09375,439803724.3359375,4414912829.003906,4304572461.328125,110340367.67578125,27520185.8203125,-67112905.98632812,920757915.2050781,1031098282.8808594,-110340367.67578125,-27520185.8203125,67112905.98632812
2019-08-27,DJIA Consolidated - CHICAGO BOARD OF TRADE,40195,20490,2917,17573,43.71936808060704,50.97648961313597,7.257121532528922,280,0.6966040552307501,12298,28270,-15972,-39.736285607662644,30.595845254384873,70.33213086204752,33068,31467,1601,3.9830824729443957,82.26893892275159,78.28585644980718,7127,8729,-1602,-3.9855703445702204,17.731061077248413,21.716631421818633,25777.900390625,2019-09-02,2019-09-03,26118.01953125,0.013194214248290592,2019-09-03,2019-09-03,26118.01953125,0.013194214248290592,2019-09-04,2019-09-04,26355.470703125,0.022405638308310438,2019-09-05,2019-09-05,26728.150390625,0.03686297121179005,2019-09-06,2019-09-06,26797.4609375,0.039551729637600674,0.013194214248290592,0.0,0.009091469266683472,0.014140505844041362,0.00259316660008424,0.02601427743926199,-0.0071079246167596866,-0.8418561609325081,-743.0,-0.3895907216327785,0.4522654392997181,2.756963060317794,1494.0,0.3985360555429409,-2.3584270047748532,1.9151068993852882,751.0,-0.4744131440075279,-2.389520043392835,-1.917594771011113,-752.0,0.47441314400753143,2.3920079150186417,0.013194214248290592,0.043895324278874215,0.05170709679325758,0.0399516300792111,0.09092204024992645,0.050564978707460906,0.09583942156121039,5.0,DJIA x $5,128889.501953125,2640945895.0195312,375970677.1972656,2264975217.8222656,-95764899.95117188,-735443498.1445312,1585083095.0195312,3643706220.2148438,-2058623125.1953125,192560915.91796875,760190282.5195312,4262118050.5859375,4055765957.9589844,206352092.62695312,96796015.96679688,24746784.375,918595480.4199219,1125076462.5488281,-206480982.12890625,-96924905.46875,-24875673.876953125
2019-09-03,DJIA Consolidated - CHICAGO BOARD OF TRADE,40519,21296,2461,18835,46.484365359460995,52.558059182112096,6.073693822651102,227,0.5602310027394556,11448,28838,-17390,-42.91813717021644,28.25341197956514,71.17154914978158,32970,31525,1445,3.5662281892445518,81.36923418643106,77.8030059971865,7549,8994,-1445,-3.5662281892445518,18.630765813568942,22.196994002813494,26118.01953125,2019-09-09,2019-09-09,26835.509765625,0.027471081163582545,2019-09-10,2019-09-10,26909.4296875,0.030301308079775602,2019-09-11,2019-09-11,27137.0390625,0.03901595716439177,2019-09-12,2019-09-12,27182.44921875,0.04075460952261012,2019-09-13,2019-09-13,27219.51953125,0.0421739480928891,0.027471081163582545,0.002754556277134279,0.008458350014966198,0.0016733644427977534,0.001363759100649009,0.01430976228805969,0.013194214248290592,2.7649972788539543,1262.0,1.5815695689761284,-1.1834277098778196,-3.1818515625537955,-1418.0,-2.342433274819733,0.8394182877340626,-0.4168542836998439,-156.0,-0.8997047363205297,-0.4828504526206814,0.41934215532566865,157.0,0.8997047363205297,0.4803625809948606,0.030301308079775602,0.03801135261470123,0.026408970219764072,0.017421670533080524,0.05302052148204073,-0.007680880043755667,0.09677765276098738,5.0,DJIA x $5,130590.09765625,2781046719.6875,321382230.33203125,2459664489.3554688,164804703.2421875,-897937511.484375,1494995437.96875,3765957236.2109375,-2270961798.2421875,-185176758.4765625,1045634911.9335938,4305555519.7265625,4116852828.6132812,188702691.11328125,-20372055.234375,147697400.44921875,985824647.2070312,1174527338.3203125,-188702691.11328125,20502645.33203125,-147697400.44921875
2019-09-10,DJIA Consolidated - CHICAGO BOARD OF TRADE,44467,23866,3905,19961,44.889468594688196,53.67126183461893,8.781793239930735,334,0.7511188072053433,12622,31364,-18742,-42.14810983425911,28.385094564508513,70.53320439876762,36822,35602,1220,2.74360761913329,82.80747520633278,80.0638675871995,7646,8865,-1219,-2.7413587604290823,17.194773652371424,19.936132412800504,26909.4296875,2019-09-16,2019-09-16,27076.8203125,0.006220519235967226,2019-09-17,2019-09-17,27110.80078125,0.007483291028034689,2019-09-18,2019-09-18,27147.080078125,0.008831491168145966,2019-09-19,2019-09-19,27094.7890625,0.006888268430530919,2019-09-20,2019-09-20,26935.0703125,0.0009528490680688062,0.006220519235967226,0.001254965256548779,0.0013381861040449028,-0.0019262114184845913,-0.005894814299220896,-0.005235105095946602,0.030301308079775602,-1.5948967647727983,1126.0,1.1132026525068355,2.708099417279633,0.7700273359573302,-1352.0,0.13168258494337337,-0.6383447510139604,-0.8226205701112619,-225.0,1.4382410199017244,2.2608615900129934,0.8248694288154694,226.0,-1.4359921611975182,-2.26086159001299,0.007483291028034689,-0.003777863649679025,-0.012500845573708341,-0.027699978544928006,0.03613198149928265,-0.07028278017086831,0.021979690553410203,5.0,DJIA x $5,134547.1484375,3211102244.609375,525406614.6484375,2685695629.9609375,151500089.140625,-247566753.125,1698254107.578125,4219936763.59375,-2521682656.015625,-181907744.6875,325604099.21875,4954295099.765625,4790147578.671875,164147521.09375,-30273108.3984375,78306440.390625,1028747496.953125,1192760470.8984375,-164012973.9453125,30407655.546875,-78171893.2421875
2019-09-17,DJIA Consolidated - CHICAGO BOARD OF TRADE,59753,25230,3326,21904,36.65757367830904,42.2238213980888,5.56624771977976,821,1.3739895904808126,25346,46707,-21361,-35.74883269459274,42.417953910263925,78.16678660485667,51397,50854,543,0.9087409837162987,86.01576489883354,85.10702391511722,8356,8900,-544,-0.9104145398557395,13.984235101166467,14.894649641022209,27110.80078125,2019-09-23,2019-09-23,26949.990234375,-0.005931604461725026,2019-09-24,2019-09-24,26807.76953125,-0.011177510116542888,2019-09-25,2019-09-25,26970.7109375,-0.005167307483107897,2019-09-26,2019-09-26,26891.119140625,-0.008103104087465174,2019-09-27,2019-09-27,26820.25,-0.010717159688287237,-0.005931604461725026,-0.005277207965129316,0.006078141117263014,-0.0029510455641840183,-0.002635410607286226,-0.004814110626634505,0.007483291028034689,-8.231894916379154,1943.0,-11.44744043653013,-3.2155455201509753,6.399277139666367,-2619.0,14.032859345755412,7.633582206089045,-1.8348666354169911,-677.0,3.208289692500756,5.043156327917728,1.8309442205733428,675.0,-3.210538551204957,-5.041482771778295,-0.011177510116542888,-0.019835700283774682,-0.03492193854357806,-0.0031721674580516,0.042653088130091055,-0.2166450179493442,0.0326363959244218,5.0,DJIA x $5,135554.00390625,3420027518.5546875,450852616.9921875,2969174901.5625,263381429.58984375,486367766.015625,3435751783.0078125,6331320860.449219,-2895569077.4414062,-355015936.23046875,-527982845.21484375,6967069138.769531,6893463314.6484375,73605824.12109375,-91770060.64453125,-41615079.19921875,1132689256.640625,1206430634.765625,-73741378.125,91498952.63671875,41479525.1953125
2019-09-24,DJIA Consolidated - CHICAGO BOARD OF TRADE,50109,26985,3816,23169,46.23720289768305,53.852601329102555,7.615398431419505,732,1.4608154223792131,15399,37434,-22035,-43.97413638268575,30.731006406034844,74.7051427887206,43115,41981,1134,2.263066514997306,86.04242750803249,83.77936099303518,6995,8129,-1134,-2.263066514997306,13.959568141451637,16.222634656448943,26807.76953125,2019-09-30,2019-09-30,26916.830078125,0.004068243974862051,2019-10-01,2019-10-01,26573.0390625,-0.008756061129083226,2019-10-02,2019-10-02,26078.619140625,-0.027199218859854213,2019-10-03,2019-10-03,26201.0390625,-0.02263263521579928,2019-10-04,2019-10-04,26573.720703125,-0.008730634148886085,0.004068243974862051,-0.012772344092047971,-0.01860607364901401,0.004694263956801947,0.014223925995301423,-0.012747020135883025,-0.011177510116542888,9.579629219374006,1265.0,11.628779931013753,2.0491507116397454,-8.225303688093007,-674.0,-11.686947504229082,-3.4616438161360747,1.3543255312810072,591.0,0.026662609198950804,-1.327662922082041,-1.3526519751415664,-590.0,-0.024666959714830128,1.3279850154267336,-0.008756061129083226,-0.024012832100768322,0.008095833924079532,-0.0007337395918772804,0.06370092392466087,-0.22765263510214284,0.017920556788209474,5.0,DJIA x $5,134038.84765625,3617038304.0039062,511492242.65625,3105546061.3476562,169559142.28515625,750081391.484375,2064064215.0585938,5017610223.1640625,-2953546008.1054688,-90342183.3203125,-812677533.3398438,5779084916.699219,5627084863.457031,152000053.2421875,79216958.96484375,-62596141.85546875,937601739.3554688,1089601792.5976562,-152000053.2421875,-79082920.1171875,62730180.703125
2019-10-01,DJIA Consolidated - CHICAGO BOARD OF TRADE,51743,27004,4062,22942,44.338364609705664,52.188701853390796,7.850337243685137,957,1.8495255396865276,16200,38135,-21935,-42.39220764161336,31.308582803471,73.70079044508437,44160,43153,1007,1.9461569680923025,85.34487756798022,83.39872059988791,7583,8590,-1007,-1.9461569680923025,14.655122432019791,16.601279400112094,26573.0390625,2019-10-07,2019-10-07,26478.01953125,-0.003575787136221531,2019-10-08,2019-10-08,26164.0390625,-0.015391540238887558,2019-10-09,2019-10-09,26346.009765625,-0.008543595496963152,2019-10-10,2019-10-10,26496.669921875,-0.002873933254129435,2019-10-11,2019-10-11,26816.58984375,0.00916533410714404,-0.003575787136221531,-0.0118581553419973,0.006954992793364756,0.005718518955632357,0.012073967136937425,0.012786844276642784,-0.008756061129083226,-1.8988382879773837,-227.0,-1.6638994757117587,0.2349388122656313,1.5819287410723888,100.0,0.5775763974361574,-1.0043523436362278,-0.3169095469050034,-127.0,-0.6975499400522693,-0.3806403931472744,0.3169095469050034,127.0,0.695554290568154,0.37864474366315193,-0.015391540238887558,0.017000754700561505,0.008093185968273131,0.01875667566015715,0.0739621985277017,-0.1752106296648771,0.03310201334823337,5.0,DJIA x $5,132865.1953125,3587891734.21875,539698423.359375,3048193310.859375,-30160399.3359375,545677357.1484375,2152416164.0625,5066814223.2421875,-2914398059.1796875,13286519.53125,-603872312.6953125,5867327025.0,5733531773.3203125,133795251.6796875,-16873879.8046875,-58194955.546875,1007516776.0546875,1141312027.734375,-133795251.6796875,16873879.8046875,58194955.546875
2019-10-08,DJIA Consolidated - CHICAGO BOARD OF TRADE,49078,21776,2864,18912,38.5345776111496,44.37018623415787,5.835608623008272,925,1.8847548799869596,18590,37651,-19061,-38.838175964790736,37.87847915562981,76.71665512042055,41291,41440,-149,-0.3035983536411427,84.13342026977463,84.43701862341578,7787,7638,149,0.3035983536411427,15.866579730225356,15.562981376584212,26164.0390625,2019-10-14,2019-10-14,26787.359375,0.023823550752658074,2019-10-15,2019-10-15,27024.80078125,0.032898655925938325,2019-10-16,2019-10-16,27001.98046875,0.03202645448771668,2019-10-17,2019-10-17,27025.880859375,0.03293993694231445,2019-10-18,2019-10-18,26770.19921875,0.02316768274202685,0.023823550752658074,0.008863934773339244,-0.0008444211183911143,0.000885134727530934,-0.009460621911100642,-0.0006406064894181052,-0.015391540238887558,-5.803786998556063,-4030.0,-7.818515619232926,-2.0147286206768644,3.5540316768226248,2874.0,6.5698963521588105,3.0158646753361893,-2.249755321733445,-1156.0,-1.2114572982055876,1.0382980235278723,2.249755321733445,1156.0,1.2114572982055645,-1.038298023527883,0.032898655925938325,0.02385184280547281,0.03468202569306578,0.050779307953993325,0.09247962897548123,-0.13416046655162728,0.06148594638932203,5.0,DJIA x $5,130820.1953125,2848740573.125,374669039.375,2474071533.75,-527205387.109375,-137230384.8828125,2431947430.859375,4925511173.7109375,-2493563742.8515625,375977241.328125,-41731642.3046875,5401696684.6484375,5421188893.75,-19492209.1015625,-151228145.78125,-179092847.3828125,1018696860.8984375,999204651.796875,19492209.1015625,151228145.78125,178962027.1875
2019-10-15,DJIA Consolidated - CHICAGO BOARD OF TRADE,52347,23204,3946,19258,36.78911876516324,44.32727758992874,7.538158824765508,1064,2.0325902152940953,20179,39353,-19174,-36.62865111658739,38.548531912048446,75.17718302863582,44447,44363,84,0.1604676485758496,84.9083997172713,84.74793206869543,7901,7985,-84,-0.1604676485758496,15.093510611878427,15.253978260454277,27024.80078125,2019-10-21,2019-10-21,26827.640625,-0.007295526721765588,2019-10-22,2019-10-22,26788.099609375,-0.008758664820176065,2019-10-23,2019-10-23,26833.94921875,-0.007062089524538351,2019-10-24,2019-10-24,26805.529296875,-0.008113713257310362,2019-10-25,2019-10-25,26958.060546875,-0.00246959209487696,-0.007295526721765588,-0.0014738909089214713,0.0017115663314524188,-0.0010591032144885437,0.005690290548292953,0.004861401108581465,0.032898655925938325,-1.745458845986363,346.0,-0.04290864422912932,1.7025502017572354,2.209524848203344,-113.0,0.6700527564186345,-1.5394720917847309,0.4640660022169923,233.0,0.774979447496662,0.3109134452796525,-0.4640660022169923,-233.0,-0.7730691183469283,-0.3090031161299347,-0.008758664820176065,0.0017265680005447148,0.017311138828064232,0.02466954182276715,0.07085599468890624,-0.11378589024635788,0.0612404057673297,5.0,DJIA x $5,135124.00390625,3135417386.640625,533199319.4140625,2602218067.2265625,46752905.3515625,-357538114.3359375,2726667274.8242188,5317534925.722656,-2590867650.8984375,-15269012.44140625,295516196.54296875,6005856601.621094,5994506185.292969,11350416.328125,31483892.91015625,-62021917.79296875,1067614754.8632812,1078965171.1914062,-11350416.328125,-31483892.91015625,62157041.796875
2019-10-22,DJIA Consolidated - CHICAGO BOARD OF TRADE,53193,24140,4235,19905,37.42033726242175,45.38191115372324,7.961573891301486,1081,2.0322222848871094,20220,40584,-20364,-38.28323275618972,38.01252044441938,76.29575320060911,45440,45899,-459,-0.862895493767977,85.42477393642021,86.28766943018819,7754,7294,460,0.8647754403774932,14.577106010189311,13.712330569811817,26788.099609375,2019-10-28,2019-10-28,27090.720703125,0.011296848158802941,2019-10-29,2019-10-29,27071.4609375,0.010577880934332207,2019-10-30,2019-10-30,27186.689453125,0.014879362461774015,2019-10-31,2019-10-31,27046.23046875,0.009636027308359774,2019-11-01,2019-11-01,27347.359375,0.02087717209433082,0.011296848158802941,-0.0007109358896745244,0.00425645722966439,-0.005166461500109354,0.011133858620258952,0.009473305442383229,-0.008758664820176065,0.6312184972585086,647.0,1.0546335637944964,0.4234150665359788,-1.654581639602327,-1190.0,-0.5360114676290664,1.118570171973289,-1.0233631423438267,-543.0,0.5163742191489149,1.5397373614927545,1.0252430889533428,544.0,-0.516404601689116,-1.5416476906424599,0.010577880934332207,0.026300157916145483,0.03372358017826094,0.04277720101779692,0.08988840150057897,-0.1407049699292925,0.05676735099912822,5.0,DJIA x $5,133940.498046875,3233323622.8515625,567238009.2285156,2666085613.623047,86659502.23632812,-437181785.625,2708276870.5078125,5435841172.734375,-2727564302.2265625,-159389192.67578125,223814572.23632812,6086256231.25,6147734919.853516,-61478688.603515625,-72729690.43945312,-213367213.38867188,1038574621.8554688,976961992.7539062,61612629.1015625,72863630.9375,213501153.88671875
2019-10-29,DJIA Consolidated - CHICAGO BOARD OF TRADE,57263,25207,5028,20179,35.23915966680055,44.01969858372771,8.78053891692716,1637,2.858739500200828,22372,42790,-20418,-35.65653214117319,39.068857726629766,74.72538986780295,49215,49454,-239,-0.41737247437263153,85.94554948221365,86.36292195658628,8048,7809,239,0.41737247437263153,14.054450517786353,13.637078043413723,27071.4609375,2019-11-04,2019-11-04,27462.109375,0.014430268037690652,2019-11-05,2019-11-05,27492.630859375,0.015557709384334872,2019-11-06,2019-11-06,27492.560546875,0.015555112091925727,2019-11-07,2019-11-07,27674.80078125,0.02228693328161846,2019-11-08,2019-11-08,27681.240234375,0.02252480197809792,0.014430268037690652,0.0011114034962946828,-2.5575035128566626e-06,0.006628710849405195,0.00023268290803235558,0.007979389215253985,0.010577880934332207,-2.181177595621193,274.0,-1.3622125699955276,0.8189650256256735,2.6267006150165315,-54.0,1.0563372822103858,-1.570363332806167,0.4455230193953455,220.0,0.5207755457934411,0.07525252639808855,-0.4474029660048617,-221.0,-0.5226554924029578,-0.07525252639809388,0.015557709384334872,0.02290342949375601,0.031862284630349125,0.03879431377658715,0.06100109172857593,-0.1097063126037654,0.014470165334977025,5.0,DJIA x $5,135357.3046875,3411951579.2578125,680576527.96875,2731375051.2890625,37087901.484375,-373992232.8515625,3028213620.46875,5791939067.578125,-2763725447.109375,-7309294.453125,205337031.2109375,6661609750.1953125,6693960146.015625,-32350395.8203125,29778607.03125,-168655201.640625,1089355588.125,1057005192.3046875,32350395.8203125,-29913964.3359375,168655201.640625
2019-11-05,DJIA Consolidated - CHICAGO BOARD OF TRADE,57565,25375,5831,19544,33.951185616259885,44.08060453400503,10.129418917745157,1395,2.4233475201945627,22419,41839,-19420,-33.73577694779814,38.94553982454617,72.6813167723443,49188,49064,124,0.21540866846173892,85.44775471206462,85.23234604360287,8377,8501,-124,-0.21540866846173892,14.552245287935378,14.767653956397117,27492.630859375,2019-11-11,2019-11-11,27691.490234375,0.0072331882684189,2019-11-12,2019-11-12,27691.490234375,0.0072331882684189,2019-11-13,2019-11-13,27783.58984375,0.010583162661414791,2019-11-14,2019-11-14,27781.9609375,0.010523913830034148,2019-11-15,2019-11-15,28004.890625,0.018632620801014355,0.0072331882684189,0.0,0.003325917406231671,-5.862835793213339e-05,0.008024260346543466,0.011317570415042555,0.015557709384334872,-1.2879740505406687,-635.0,0.060905950277323484,1.3488800008179975,1.9207551933750437,998.0,-0.12331790208359905,-2.044073095458643,0.6327811428343705,363.0,-0.49779477014902795,-1.130575912983403,-0.6327811428343705,-363.0,0.4977947701490244,1.130575912983394,0.0072331882684189,0.016054799343602433,0.02288063413583763,0.0003702696752474477,0.04783099903120336,-0.13129121887562623,-0.0004583614629118937,5.0,DJIA x $5,137463.154296875,3488127540.283203,801547652.7050781,2686579887.578125,-87289102.97851562,86876713.515625,3081786456.1816406,5751320912.626953,-2669534456.4453125,137188227.98828125,-49349272.392578125,6761537633.5546875,6744492202.421875,17045431.1328125,49899125.009765625,37527441.123046875,1151528843.5449219,1168574274.6777344,-17045431.1328125,-49899125.009765625,-37527441.123046875
2019-11-12,DJIA Consolidated - CHICAGO BOARD OF TRADE,56876,23749,4849,18900,33.23018496378086,41.75574934946199,8.52556438568113,2571,4.520360081580983,22316,40403,-18087,-31.80075954708489,39.236233209086436,71.03699275617133,48636,47823,813,1.4294254166959703,85.5123426401294,84.08291722343343,8240,9053,-813,-1.4294254166959703,14.487657359870596,15.917082776566566,27691.490234375,2019-11-18,2019-11-18,28036.220703125,0.01244896774540738,2019-11-19,2019-11-19,27934.01953125,0.008758260925009198,2019-11-20,2019-11-20,27821.08984375,0.00468012404814977,2019-11-21,2019-11-21,27766.2890625,0.002701148529455022,2019-11-22,2019-11-22,27875.619140625,0.006649295675009492,0.01244896774540738,-0.003645326271226268,-0.004042729596206662,-0.0019697568124675824,0.003937511342581912,-0.005728359902734681,0.0072331882684189,-0.7210006524790273,-644.0,-2.32485518454304,-1.6038545320640267,1.935017400713253,1333.0,0.29069338454026905,-1.6443240161729733,1.2140167482342314,689.0,0.06458792806478186,-1.1494288201694474,-1.2140167482342314,-689.0,-0.06458792806478186,1.1494288201694491,0.008758260925009198,0.01553507772546614,-0.006813634293533988,0.006869636380705035,0.05723236979885016,-0.1418020808654622,0.06245347118780775,5.0,DJIA x $5,138457.451171875,3288226007.8808594,671380180.7324219,2616845827.1484375,-89166598.5546875,-49567767.51953125,3089816480.3515625,5594096399.697266,-2504279919.345703,184563782.41210938,150503249.42382812,6734016595.1953125,6621450687.392578,112565907.80273438,95397183.85742188,100935481.90429688,1140889397.65625,1253455305.4589844,-112565907.80273438,-95397183.85742188,-100935481.90429688
2019-11-19,DJIA Consolidated - CHICAGO BOARD OF TRADE,55084,21778,6213,15565,28.256844092658483,39.535981410209864,11.279137317551376,1735,3.1497349502577885,22908,38052,-15144,-27.492556822307744,41.587393798562196,69.07995062086995,46420,46000,420,0.7624718611575049,84.27129474983661,83.5088228886791,8664,9084,-420,-0.7624718611575049,15.728705250163385,16.491177111320894,27934.01953125,2019-11-25,2019-11-25,28066.470703125,0.004741572251240944,2019-11-26,2019-11-26,28121.6796875,0.006717978987594853,2019-11-27,2019-11-27,28164.0,0.008232988757408188,2019-11-28,2019-11-29,28051.41015625,0.004202425106371699,2019-11-29,2019-11-29,28051.41015625,0.004202425106371699,0.004741572251240944,0.0019670796858990425,0.0015048998840141437,-0.003997651035009264,0.0,-0.0005366028039044402,0.008758260925009198,-4.9733408711223746,-3335.0,-2.2197679392521295,2.753572931870245,4.308202724777146,2943.0,2.351160589475761,-1.9570421353013785,-0.6669535555384655,-393.0,-1.2410478902927906,-0.5740943347543208,0.6669535555384655,393.0,1.2410478902927888,0.5740943347543279,0.006717978987594853,-0.015436696601883737,-0.0018722270909309335,0.011925982389584533,0.04647272192327101,-0.1334272768041992,0.06620350773565331,5.0,DJIA x $5,139670.09765625,3041735386.7578125,867770316.7382812,2173965070.0195312,-465799775.68359375,-606168223.828125,3199562597.109375,5314726556.015625,-2115163958.90625,411049097.40234375,729077909.765625,6483485933.203125,6424824492.1875,58661441.015625,-54890348.37890625,122770015.83984375,1210101726.09375,1268763167.109375,-58661441.015625,54890348.37890625,-122909685.9375
2019-11-26,DJIA Consolidated - CHICAGO BOARD OF TRADE,53659,20718,5353,15365,28.634525429098566,38.6104847276319,9.975959298533331,2454,4.573324139473341,21572,36644,-15072,-28.088484690359493,40.20201643713077,68.29050112749027,44743,44450,293,0.5460407387390744,83.38396168396727,82.8379209452282,8916,9209,-293,-0.5460407387390744,16.616038316032725,17.1620790547718,28121.6796875,2019-12-02,2019-12-02,27783.0390625,-0.012041977177861263,2019-12-03,2019-12-03,27502.810546875,-0.022006834140141596,2019-12-04,2019-12-04,27649.779296875,-0.016780661605883984,2019-12-05,2019-12-05,27677.7890625,-0.01578464124236889,2019-12-06,2019-12-06,28015.060546875,-0.0037913503677518,-0.012041977177861263,-0.010086316151181496,0.005343772039207106,0.0010130195009609988,0.012185636779491249,0.008351191669602853,0.006717978987594853,0.3776813364400837,-200.0,-0.9254966825779647,-1.3031780190180449,-0.5959278680517492,72.0,-1.3853773614314235,-0.7894494933796778,-0.21643112241843043,-127.0,-0.8873330658693419,-0.6709019434509003,0.21643112241843043,127.0,0.8873330658693401,0.6709019434509074,-0.022006834140141596,-0.008532882354166826,0.005173249619746745,0.014002347499357581,-0.03699353395887017,-0.11118006986935958,0.06843689880055281,5.0,DJIA x $5,140608.3984375,2913124798.828125,752676756.8359375,2160448041.9921875,-28121679.6875,-676888830.078125,3033204371.09375,5152454152.34375,-2119249781.25,10123804.6875,751692498.046875,6291241571.2890625,6250043310.546875,41198260.7421875,-17857266.6015625,74803667.96875,1253664480.46875,1294862741.2109375,-41198260.7421875,17857266.6015625,-74803667.96875
2019-12-03,DJIA Consolidated - CHICAGO BOARD OF TRADE,50967,18655,5960,12695,24.908273981203525,36.60211509408048,11.69384111287696,2274,4.46171051857084,21651,34279,-12628,-24.776816371377556,42.48042851256695,67.25724488394451,42580,42513,67,0.13145760982596583,83.54425412521827,83.41279651539232,8387,8454,-67,-0.13145760982596583,16.455745874781723,16.587203484607688,27502.810546875,2019-12-09,2019-12-09,27909.599609375,0.014790817898653774,2019-12-10,2019-12-10,27881.720703125,0.013777143088856247,2019-12-11,2019-12-11,27911.30078125,0.014852672372475562,2019-12-12,2019-12-12,28132.05078125,0.022879124782630544,2019-12-13,2019-12-13,28135.380859375,0.023000206157907543,0.014790817898653774,-0.000998900257982771,0.0010609129343184254,0.00790898287865871,0.00011837310229867448,0.00808973446986161,-0.022006834140141596,-3.7262514478950415,-2670.0,-2.0083696335514176,1.7178818143436292,3.311668318981937,2444.0,2.2784120754361794,-1.0332562435457646,-0.4145831289131086,-226.0,0.16029244125100206,0.5748755701641102,0.4145831289131086,226.0,-0.16029244125100206,-0.5748755701641137,0.013777143088856247,0.027791690891818766,0.03681946142010051,0.03765538451006312,-0.0576450318749383,-0.06399928302782121,0.0843953519239049,5.0,DJIA x $5,137514.052734375,2565324653.7597656,819583754.296875,1745740899.4628906,-367162520.80078125,-941833747.1777344,2977316755.751953,4713844213.681641,-1736527457.9296875,336084344.8828125,933995446.171875,5855348365.4296875,5846134923.896484,9213441.533203125,-31078175.91796875,-7838301.005859375,1153330360.2832031,1162543801.8164062,-9213441.533203125,31078175.91796875,7838301.005859375
2019-12-10,DJIA Consolidated - CHICAGO BOARD OF TRADE,53903,20840,10463,10377,19.251247611450196,38.66204107378068,19.410793462330485,830,1.539802979426006,24041,34384,-10343,-19.188171344823107,44.60048605828989,63.788657403113,45710,45676,34,0.0630762666270894,84.80047492718401,84.73739866055693,8193,8227,-34,-0.0630762666270894,15.199525072815984,15.262601339443075,27881.720703125,2019-12-16,2019-12-16,28235.890625,0.012702584809814343,2019-12-17,2019-12-17,28267.16015625,0.013824091318790144,2019-12-18,2019-12-18,28239.279296875,0.012824122211005706,2019-12-19,2019-12-19,28376.9609375,0.017762183318890123,2019-12-20,2019-12-20,28455.08984375,0.020564338432697005,0.012702584809814343,0.001107439169009794,-0.0009863339373635815,0.004875536630293498,0.0027532513584551666,0.007763141657586736,0.013777143088856247,-5.6570263697533285,-2318.0,2.0599259797001963,7.716952349453525,5.588645026554449,2285.0,2.1200575457229363,-3.468587480831509,-0.06838134319887643,-33.0,1.256220801965739,1.3246021451646186,0.06838134319887643,33.0,-1.256220801965739,-1.3246021451646133,0.013824091318790144,0.022729175231784415,0.023553738199751484,0.025176315043437203,-0.10270386743218651,-0.02185732826047193,0.08221013977781833,5.0,DJIA x $5,139408.603515625,2905275297.265625,1458632218.5839844,1446643078.6816406,-323149142.94921875,-1188179527.7636719,3351522237.1191406,4793425423.28125,-1441903186.1621094,318548659.0332031,1079580225.625,6372367266.699219,6367627374.1796875,4739892.51953125,-4600483.916015625,-108599302.13867188,1142174688.6035156,1146914581.1230469,-4739892.51953125,4600483.916015625,108599302.13867188
2019-12-17,DJIA Consolidated - CHICAGO BOARD OF TRADE,60779,21746,10789,10957,18.027608219944387,35.77880517942052,17.751196959476133,691,1.1369058391878775,29544,39953,-10409,-17.125981013178894,48.608894519488636,65.73487553266753,51980,51432,548,0.9016272067654947,85.52296023297521,84.62133302620971,8799,9347,-548,-0.9016272067654947,14.477039767024793,15.378666973790288,28267.16015625,2019-12-23,2019-12-23,28551.529296875,0.010060053399532087,2019-12-24,2019-12-24,28515.44921875,0.008783657825107039,2019-12-25,2019-12-26,28621.390625,0.012531519501497446,2019-12-26,2019-12-26,28621.390625,0.012531519501497446,2019-12-27,2019-12-27,28645.259765625,0.013375931904195948,0.010060053399532087,-0.0012636828573995285,0.0037152283815449216,0.0,0.0008339615966861391,0.003282852829892269,0.013824091318790144,-1.2236393915058095,580.0,-2.883235894360155,-1.6595965028543525,2.0621903316442136,-66.0,4.008408461198748,1.9462181295545307,0.8385509401384053,514.0,0.7224853057911957,-0.11606563434722261,-0.8385509401384053,-514.0,-0.7224853057911904,0.11606563434721373,0.008783657825107039,0.009596977389149552,0.01119742943756652,0.02379120371157284,-0.24869068056419819,-0.06994617345962273,0.06835318369248333,5.0,DJIA x $5,141335.80078125,3073488323.7890625,1524871954.6289062,1548616369.1601562,81974764.453125,-651275370.0,4175624898.28125,5646789248.613281,-1471164350.3320312,-9328162.8515625,669225016.6992188,7346634924.609375,7269182905.78125,77452018.828125,72646601.6015625,18090982.5,1243613711.0742188,1321065729.9023438,-77452018.828125,-72646601.6015625,-18090982.5
2019-12-24,DJIA Consolidated - CHICAGO BOARD OF TRADE,51518,22274,9399,12875,24.991265188866027,43.23537404402345,18.24410885515742,492,0.9550060173143367,20708,32461,-11753,-22.81338561279553,40.19565976940099,63.00904538219652,43473,42351,1122,2.1778795760704996,84.3840987615979,82.20621918552739,8045,9167,-1122,-2.1778795760704996,15.615901238402111,17.793780814472612,28515.44921875,2019-12-30,2019-12-30,28462.140625,-0.0018694635788850666,2019-12-31,2019-12-31,28538.439453125,0.0008062378466715536,2020-01-01,2020-01-02,28868.80078125,0.01239158323578704,2020-01-02,2020-01-02,28868.80078125,0.01239158323578704,2020-01-03,2020-01-03,28634.880859375,0.00418831348960369,-0.0018694635788850666,0.0026807129207275793,0.011576012369829414,0.0,-0.008102862451665471,0.0060691230730296475,0.008783657825107039,6.96365696892164,1918.0,7.456568864602929,0.49291189568128857,-5.6874045996166345,-1344.0,-8.413234750087646,-2.725830150471012,1.276252369305005,574.0,-1.1388614713773109,-2.4151138406823236,-1.276252369305005,-574.0,1.138861471377318,2.4151138406823236,0.0008062378466715536,0.0023927544758837183,0.014876872528666318,0.023867407401826357,-0.27390552407514845,-0.0827393456535006,0.05965187456635013,5.0,DJIA x $5,142577.24609375,3175765579.4921875,1340083536.0351562,1835682043.4570312,273463158.0078125,-355017342.7734375,2952489612.109375,4628199985.449219,-1675710373.3398438,-191623818.75,473213879.78515625,6198260619.433594,6038288949.316406,159971670.1171875,81839339.2578125,118196537.01171875,1147033944.8242188,1307005614.9414062,-159971670.1171875,-81839339.2578125,-118196537.01171875
2019-12-31,DJIA Consolidated - CHICAGO BOARD OF TRADE,53616,23784,10692,13092,24.418084153983884,44.359892569382275,19.941808415398388,707,1.3186362279916441,20864,34162,-13298,-24.802297821545807,38.913757087436586,63.716054908982386,45354,45560,-206,-0.3842136675619218,84.59042076991943,84.97463443748134,8262,8056,206,0.3842136675619218,15.409579230080572,15.02536556251865,28538.439453125,2020-01-06,2020-01-06,28703.380859375,0.005779622481492774,2020-01-07,2020-01-07,28583.6796875,0.0015852385498971167,2020-01-08,2020-01-08,28745.08984375,0.007241124412721511,2020-01-09,2020-01-09,28956.900390625,0.014663063065776027,2020-01-10,2020-01-10,28823.76953125,0.009998096728227157,0.005779622481492774,-0.00417028128015462,0.005646934125160374,0.007368581835240029,-0.0045975521405634545,0.004194233162456262,0.0008062378466715536,-0.5731810348821433,217.0,1.1245185253588232,1.6976995602409666,-1.9889122087502784,-1545.0,-1.2819026819644037,0.7070095267858676,-2.5620932436324213,-1328.0,0.20632200832153558,2.7684152519539538,2.5620932436324213,1328.0,-0.20632200832153913,-2.7684152519539627,0.0015852385498971167,0.014059299542605652,0.02304259174560408,0.00646181640565513,-0.23201266165063417,-0.0955048224773043,0.06297577944659483,5.0,DJIA x $5,142692.197265625,3393791219.765625,1525664973.1640625,1868126246.6015625,30964206.806640625,56648802.314453125,2977130003.75,4874650842.988281,-1897520839.2382812,-220459444.77539062,-95603772.16796875,6471661914.785156,6501056507.421875,-29394592.63671875,-189495237.96875,-38954969.853515625,1178922933.8085938,1149528341.171875,29394592.63671875,189495237.96875,38954969.853515625
2020-01-07,DJIA Consolidated - CHICAGO BOARD OF TRADE,49078,20290,8756,11534,23.501365173804963,41.34235298911936,17.840987815314396,888,1.809364684787481,19274,31190,-11916,-24.279717999918496,39.27217898039855,63.551896980317046,40451,40834,-383,-0.7803903989567627,82.42185908146217,83.20224948041893,8627,8244,383,0.7803903989567627,17.578140918537837,16.797750519581076,28583.6796875,2020-01-13,2020-01-13,28907.05078125,0.011313137331699696,2020-01-14,2020-01-14,28939.669921875,0.012454317927816705,2020-01-15,2020-01-15,29030.220703125,0.015622236902559372,2020-01-16,2020-01-16,29297.640625,0.024977922552505527,2020-01-17,2020-01-17,29348.099609375,0.026743230061078815,0.011313137331699696,0.0011284146858094868,0.0031289500362114975,0.009211777086014727,0.0017222883241985176,0.015257482731897198,0.0015852385498971167,-0.9167189801789206,-1558.0,-3.0175395802629126,-2.100820600083992,0.5225798216273105,1382.0,0.3584218929619638,-0.16415792866533963,-0.39617673139484083,-177.0,-2.1685616884572596,-1.772384957062414,0.39617673139484083,177.0,2.168561688457265,1.7723849570624264,0.012454317927816705,0.021423392008824926,0.004868859551902194,0.007834931482699758,-0.20745475660690338,-0.094232094308624,0.06325007632469459,5.0,DJIA x $5,142918.3984375,2899814304.296875,1251393496.71875,1648420807.578125,-222666864.765625,165356586.9921875,2754609211.484375,4457624847.265625,-1703015635.78125,197513226.640625,-224810640.7421875,5781192135.1953125,5835929881.796875,-54737746.6015625,-25296556.5234375,-59596972.1484375,1232957023.3203125,1178219276.71875,54737746.6015625,25296556.5234375,59596972.1484375
2020-01-14,DJIA Consolidated - CHICAGO BOARD OF TRADE,50993,22724,9351,13373,26.225168160335734,44.562979232443666,18.337811072107936,120,0.23532641735140117,19644,33079,-13435,-26.34675347596729,38.52293452042437,64.86968799639166,42487,42549,-62,-0.12158531563155728,83.31927911674151,83.44086443237308,8506,8445,61,0.11962426215362894,16.680720883258488,16.561096621104856,28939.669921875,2020-01-20,2020-01-21,29196.0390625,0.008858744461049062,2020-01-21,2020-01-21,29196.0390625,0.008858744461049062,2020-01-22,2020-01-22,29186.26953125,0.00852116178383211,2020-01-23,2020-01-23,29160.08984375,0.0076165319946648324,2020-01-24,2020-01-24,28989.73046875,0.001729824390193313,0.008858744461049062,0.0,-0.0003346183785096768,-0.0008969864227412749,-0.005842210223385602,-0.007066321335861825,0.012454317927816705,2.723802986530771,1839.0,3.220626243324304,0.4968232567935402,-2.067035476048794,-1519.0,-0.7492444599741788,1.3177910160746151,0.6588050833252054,321.0,0.8974200352793389,0.2386149519541476,-0.6607661368031337,-322.0,-0.8974200352793495,-0.2366538984762201,0.008858744461049062,-0.007492148773131313,-0.0045625628369795335,0.011633509393295327,-0.17242457048475912,-0.07937478500363537,0.0735675125873052,5.0,DJIA x $5,144698.349609375,3288125296.5234375,1353074267.1972656,1935051029.3261719,266100264.93164062,349591212.65625,2842454379.7265625,4786476706.728516,-1944022327.0019531,-219796793.05664062,-437857205.91796875,6147798779.853516,6156770077.529297,-8971297.67578125,46448170.224609375,-88265993.26171875,1230804161.7773438,1221977562.4511719,8826599.326171875,-46592868.57421875,88121294.91210938
2020-01-21,DJIA Consolidated - CHICAGO BOARD OF TRADE,51888,23040,7009,16031,30.895390070921984,44.40333024976873,13.507940178846747,1322,2.547795251310515,18312,34577,-16265,-31.3463613937712,35.29139685476411,66.6377582485353,42674,42908,-234,-0.4509713228492137,82.24252235584335,82.69349367869256,9215,8980,235,0.4528985507246377,17.75940487203207,17.30650632130743,29196.0390625,2020-01-27,2020-01-27,28535.80078125,-0.022613967594598217,2020-01-28,2020-01-28,28722.849609375,-0.016207316756634116,2020-01-29,2020-01-29,28734.44921875,-0.01581001596695608,2020-01-30,2020-01-30,28859.439453125,-0.011528947767689979,2020-01-31,2020-01-31,28256.029296875,-0.03219648266714259,-0.022613967594598217,0.006554882743921686,0.0004038460505400021,0.004349839226897023,-0.020908588929112404,-0.00980422755680399,0.008858744461049062,4.67022191058625,2658.0,-0.15964898267493766,-4.829870893261189,-4.99960791780391,-2830.0,-3.2315376656602623,1.7680702521436444,-0.32938600721765643,-172.0,-1.0767567608981636,-0.7473707536805136,0.33327428857100877,174.0,1.0786839887735837,0.7454097002025755,-0.016207316756634116,-0.01330345538631228,0.0027503998428726195,0.0012381950355531135,-0.2115752136754424,-0.0806835018555867,0.05940807467194431,5.0,DJIA x $5,145980.1953125,3363383700.0,1023175188.9453125,2340208511.0546875,388015359.140625,460713496.40625,2673189336.5625,5047557213.3203125,-2374367876.7578125,-413123952.734375,-658662641.25,6229558854.765625,6263718220.46875,-34159365.703125,-25108593.59375,-197949144.84375,1345207499.8046875,1310902153.90625,34305345.8984375,25400553.984375,198095125.0390625
2020-01-28,DJIA Consolidated - CHICAGO BOARD OF TRADE,52420,23751,4629,19122,36.47844334223579,45.309042350248,8.830599008012209,2382,4.54406714994277,17437,37149,-19712,-37.60396795116368,33.26402136589088,70.86798931705457,43570,44160,-590,-1.1255246089278903,83.11713086608165,84.24265547500954,8850,8260,590,1.1255246089278903,16.88286913391835,15.75734452499046,28722.849609375,2020-02-03,2020-02-03,28399.810546875,-0.011246762312697611,2020-02-04,2020-02-04,28807.630859375,0.0029517005155479392,2020-02-05,2020-02-05,29290.849609375,0.01977519667180272,2020-02-06,2020-02-06,29379.76953125,0.022870987064618653,2020-02-07,2020-02-07,29102.509765625,0.013218053271639274,-0.011246762312697611,0.014359965952127629,0.01677398437791844,0.003035757687497753,-0.009437098045649739,0.024743095296011486,-0.016207316756634116,5.583053271313808,3091.0,0.9057121004792705,-4.677341170834538,-6.2576065573924815,-3447.0,-2.0273754888732256,4.2302310685192595,-0.6745532860786766,-356.0,0.8746085102383034,1.5491617963169801,0.6726260582032526,355.0,-0.87653573811372,-1.5491617963169713,0.0029517005155479392,0.019270032113887003,0.017732914758699758,-0.0571492820767765,-0.16089276972771638,-0.0815925419786716,0.07708808433834147,5.0,DJIA x $5,143614.248046875,3410982005.361328,664790354.2089844,2746191651.1523438,443911640.7128906,865993915.7226562,2504201643.1933594,5335125700.693359,-2830924057.5,-495038313.0175781,-921141786.9726562,6257272787.402344,6342005193.75,-84732406.34765625,-51126672.3046875,-55147871.25,1270986095.2148438,1186253688.8671875,84732406.34765625,50983058.056640625,55147871.25
2020-02-04,DJIA Consolidated - CHICAGO BOARD OF TRADE,51291,24193,5327,18866,36.782281491879665,47.168119163206015,10.385837671326353,1323,2.5793998947183714,16903,36222,-19319,-37.665477374198204,32.95509933516602,70.62057670936422,42418,42872,-454,-0.8851455421029031,82.70066873330603,83.58581427540895,8873,8419,454,0.8851455421029031,17.29933126669396,16.41418572459106,28807.630859375,2020-02-10,2020-02-10,29276.8203125,0.01628698504973758,2020-02-11,2020-02-11,29276.33984375,0.016270306526177558,2020-02-12,2020-02-12,29551.419921875,0.025819168057617192,2020-02-13,2020-02-13,29423.310546875,0.02137210416592228,2020-02-14,2020-02-14,29398.080078125,0.02049627828238587,0.01628698504973758,-1.6411234036728395e-05,0.009395985959758768,-0.004335134329879309,-0.0008574993187733249,0.004141835224272139,0.0029517005155479392,0.3038381496438731,-256.0,1.8590768129580155,1.5552386633141442,-0.061509423034522115,393.0,-0.30892203072486524,-0.24741260769035023,0.24037906682498722,136.0,-0.41646213277562083,-0.6568411996005921,-0.24037906682498722,-136.0,0.41646213277561017,0.656841199600601,0.016270306526177558,0.014737712928303282,-0.0599241045819362,-0.10032830249851743,-0.17094571364317468,-0.06870263528130127,0.06525526582007113,5.0,DJIA x $5,144038.154296875,3484715066.904297,767291247.9394531,2717423818.9648438,-36873767.5,1056087747.3046875,2434676922.080078,5217350024.941406,-2782673102.861328,56606994.638671875,-1066314456.2597656,6109810428.964844,6175203751.015625,-65393322.05078125,19589188.984375,-10226708.955078125,1278050543.0761719,1212657221.0253906,65393322.05078125,-19589188.984375,10226708.955078125
2020-02-11,DJIA Consolidated - CHICAGO BOARD OF TRADE,51211,19042,4465,14577,28.464587686239284,37.1834176251196,8.718829938880319,4552,8.888715315069028,18568,33536,-14968,-29.228095526351762,36.25783523071215,65.48593075706391,42162,42552,-390,-0.7615551346390425,82.32996817090078,83.09152330553982,9049,8659,390,0.7615551346390425,17.670031829099216,16.908476694460177,29276.33984375,2020-02-17,2020-02-18,29232.189453125,-0.0015080570474531596,2020-02-18,2020-02-18,29232.189453125,-0.0015080570474531596,2020-02-19,2020-02-19,29348.029296875,0.0024487163869395534,2020-02-20,2020-02-20,29219.98046875,-0.001925082687958768,2020-02-21,2020-02-21,28992.41015625,-0.009698264503532728,-0.0015080570474531596,0.0,0.003962749486683403,-0.00436311504359288,-0.007788174695851691,-0.008202577410751144,0.016270306526177558,-8.317693805640381,-4289.0,-9.984701538086412,-1.6670077324460344,8.437381847846442,4351.0,3.3027358955461352,-5.134645952300303,0.12359040746386063,64.0,-0.37070056240524707,-0.4942909698691267,-0.12359040746386063,-64.0,0.3707005624052542,0.494290969869116,-0.0015080570474531596,-0.07497455216276261,-0.11473188607000939,-0.14544781588908384,-0.1882598909662413,-0.05429058741573922,0.07171286593816495,5.0,DJIA x $5,146381.69921875,2787400316.5234375,653594287.0117188,2133806029.5117188,-627831107.9492188,176243565.859375,2718015391.09375,4909056665.0,-2191041273.90625,636906773.3007812,-224403144.90234375,6171745202.4609375,6228834065.15625,-57088862.6953125,9368428.75,-48013197.34375,1324607996.2304688,1267519133.5351562,57088862.6953125,-9368428.75,48159579.04296875
2020-02-18,DJIA Consolidated - CHICAGO BOARD OF TRADE,51736,18639,5020,13619,26.32402968919128,36.02713777640328,9.703108087212,5439,10.512989021184476,18593,32432,-13839,-26.749265501778257,35.93822483377146,62.68749033554971,42670,42890,-220,-0.42523581258698,82.476418741302,82.90165455388897,9066,8846,220,0.42523581258698,17.523581258698005,17.098345446111026,29232.189453125,2020-02-24,2020-02-24,27960.80078125,-0.043492762453312794,2020-02-25,2020-02-25,27081.359375,-0.07357745411351901,2020-02-26,2020-02-26,26957.58984375,-0.07781146920323612,2020-02-27,2020-02-27,25766.640625,-0.11855248932626639,2020-02-28,2020-02-28,25409.359375,-0.1307746750976373,-0.043492762453312794,-0.031452654490487175,-0.00457028502654333,-0.044178623743921785,-0.013866039240418071,-0.09125065573804847,-0.0015080570474531596,-2.1405579970480026,-958.0,-1.1562798487163235,0.9842781483316809,2.4788300245735044,1129.0,-0.31961039694069626,-2.7984404215142007,0.33631932205206244,170.0,0.146450570401214,-0.18986875165084882,-0.33631932205206244,-170.0,-0.14645057040121046,0.18986875165084882,-0.07357745411351901,-0.1133948349024757,-0.14415715605676294,-0.27349332168806584,-0.17191083432814092,-0.04974376424854321,0.07835747474707655,5.0,DJIA x $5,146160.947265625,2724293896.0839844,733727955.2734375,1990565940.8105469,-140022187.48046875,-352540204.8046875,2717570492.5097656,4740291841.71875,-2022721349.2089844,165015709.46289062,354586458.06640625,6236687619.824219,6268843028.222656,-32155408.3984375,24847361.03515625,2046253.26171875,1325095147.9101562,1292939739.5117188,32155408.3984375,-24847361.03515625,-2192414.208984375
2020-02-25,DJIA Consolidated - CHICAGO BOARD OF TRADE,50734,18336,5155,13181,25.980604722671185,36.141443607836955,10.160838885165766,3648,7.190444277998975,18739,35508,-16769,-33.05278511451886,36.93578270981984,69.98856782433872,40723,44311,-3588,-7.072180391847676,80.26767059565577,87.33985098750345,10012,6424,3588,7.072180391847676,19.734300469113414,12.66212007726574,27081.359375,2020-03-02,2020-03-02,26703.3203125,-0.013959382808862442,2020-03-03,2020-03-03,25917.41015625,-0.04297971909875742,2020-03-04,2020-03-04,27090.859375,0.00035079479831323646,2020-03-05,2020-03-05,26121.279296875,-0.035451694460038485,2020-03-06,2020-03-06,25864.779296875,-0.04492315401449454,-0.013959382808862442,-0.029431177361195382,0.04527648448188115,-0.035789934335554885,-0.009819580315527876,-0.03140212549644894,-0.07357745411351901,-0.3434249665200966,-438.0,0.11430583143367556,0.4577307979537668,-6.303519612740605,-2930.0,0.9975578760483828,7.301077488789005,-6.646944579260697,-3368.0,-2.2087481456462257,4.438196433614479,6.646944579260697,3368.0,2.2107192104154088,-4.436225368845285,-0.04297971909875742,-0.07618521619171859,-0.2157933962879217,-0.23545528606796529,-0.07703638399798751,0.04309532848644171,0.16454086268979995,5.0,DJIA x $5,135406.796875,2482819027.5,698022037.890625,1784796989.609375,-59308177.03125,-804451780.234375,2537387966.640625,4808024543.4375,-2270636576.796875,-396741914.84375,398502203.203125,5514170989.140625,6000010576.328125,-485839587.1875,-456050091.875,-405949577.03125,1355692850.3125,869853263.125,485839587.1875,456050091.875,405949577.03125
2020-03-03,DJIA Consolidated - CHICAGO BOARD OF TRADE,44848,12539,5355,7184,16.01855155190867,27.958883339279346,11.940331787370674,2036,4.539778808419551,22826,31459,-8633,-19.249464859079556,50.89636104174099,70.14582590082054,37400,38850,-1450,-3.2331430610060647,83.3927934356047,86.62593649661078,7449,5999,1450,3.2331430610060647,16.60943631823047,13.376293257224404,25917.41015625,2020-03-09,2020-03-09,23851.01953125,-0.07972982688247843,2020-03-10,2020-03-10,25018.16015625,-0.034696753826043314,2020-03-11,2020-03-11,23553.220703125,-0.09122012727629247,2020-03-12,2020-03-12,21200.619140625,-0.18199314619742368,2020-03-13,2020-03-13,23185.619140625,-0.1054037035010702,-0.07972982688247843,0.04893462199679943,-0.058555043375522975,-0.09988449529485621,0.09362934105053133,-0.027898194865556225,-0.04297971909875742,-9.962053170762516,-5997.0,-8.182560268557609,1.7794929022049075,13.803320255439306,8136.0,13.960578331921148,0.1572580764818241,3.8390373308416117,2138.0,3.1251228399489293,-0.7139144908926767,-3.8390373308416117,-2138.0,-3.124864150882946,0.7141731799586637,-0.034696753826043314,-0.18057472828728638,-0.20111963226939178,-0.1543460544816565,-0.006742948642299296,0.10526707659260781,0.21121359510837978,5.0,DJIA x $5,129587.05078125,1624892029.7460938,693938656.9335938,930953372.8125,-777133543.5351562,-1513835927.2265625,2957954021.1328125,4076679030.5273438,-1118725009.3945312,1054320245.15625,1384767224.6484375,4846555699.21875,5034456922.8515625,-187901223.6328125,277057114.5703125,-129068702.578125,965293941.2695312,777392717.6367188,187901223.6328125,-277057114.5703125,129068702.578125
2020-03-10,DJIA Consolidated - CHICAGO BOARD OF TRADE,42743,11575,3604,7971,18.64866761808951,27.08045761879138,8.43179000070187,1626,3.804131670682919,22391,31672,-9281,-21.713496946868492,52.38518587838944,74.09868282525794,35592,36902,-1310,-3.0648293287789814,83.26977516786374,86.33460449664273,7151,5841,1310,3.0648293287789814,16.730224832136255,13.665395503357274,25018.16015625,2020-03-16,2020-03-16,20188.51953125,-0.1930453956180893,2020-03-17,2020-03-17,21237.380859375,-0.151121396348184,2020-03-18,2020-03-18,19898.919921875,-0.2046209714224776,2020-03-19,2020-03-19,20087.189453125,-0.19709565660819195,2020-03-20,2020-03-20,19173.98046875,-0.2335975008154233,-0.1930453956180893,0.05195335529687828,-0.0630238232465069,0.009461293979229124,-0.045462257749200985,-0.050253267007993596,-0.034696753826043314,2.630116066180843,787.0,-0.8784257204879644,-3.508541786668804,-2.4640320877889366,-648.0,1.4888248366484547,3.9528569244373983,0.16831373222708335,140.0,-0.12301826774096014,-0.29133199996805104,-0.16831373222708335,-140.0,0.12078851390578649,0.2891022461328703,-0.151121396348184,-0.1724047641018267,-0.12394996197293562,-0.09450338340165088,0.09010017566926765,0.09923713227688191,0.272385340711099,5.0,DJIA x $5,125090.80078125,1447926019.0429688,450827246.015625,997098773.0273438,98446460.21484375,-826349829.9609375,2800908120.2929688,3961875842.34375,-1160967722.0507812,-81058838.90625,711391384.0429688,4452231781.40625,4616100730.4296875,-163868949.0234375,17512712.109375,-115083536.71875,894524316.3867188,730655367.3632812,163868949.0234375,-17512712.109375,115083536.71875
2020-03-17,DJIA Consolidated - CHICAGO BOARD OF TRADE,41341,7466,2907,4559,11.027793231900535,18.059553469920903,7.031760238020366,654,1.5819646355917854,26268,31329,-5061,-12.242084129556615,63.53982729009942,75.78191141965604,34388,34889,-501,-1.2118719914854503,83.18134539561211,84.39321738709755,6953,6452,501,1.2118719914854503,16.818654604387895,15.606782612902444,21237.380859375,2020-03-23,2020-03-23,18591.9296875,-0.12456579224114617,2020-03-24,2020-03-24,20704.91015625,-0.025072333855610363,2020-03-25,2020-03-25,21200.55078125,-0.001734209993636826,2020-03-26,2020-03-26,22552.169921875,0.06190919074277468,2020-03-27,2020-03-27,21636.779296875,0.018806388610000946,-0.12456579224114617,0.1136504119941153,0.02393831324355622,0.0637539634970421,-0.04058991343942009,0.16377265085195325,-0.151121396348184,-7.6208743861889765,-3412.0,-9.020904148870478,-1.4000297626815037,9.471412817311878,4220.0,11.154641411709974,1.683228594398102,1.852957337293531,809.0,-0.0884297722516294,-1.9413871095451753,-1.852957337293531,-809.0,0.08842977225164006,1.94138710954517,-0.025072333855610363,0.0320086220318887,0.06669742022353531,0.1277172041227792,0.23791067471225325,0.3182227975638843,0.5456684341684892,5.0,DJIA x $5,106186.904296875,792791427.4804688,308685330.7910156,484106096.6894531,-362309717.4609375,-962053352.9296875,2789317602.0703125,3326729524.716797,-537411922.6464844,448108736.1328125,932108645.9179688,3651555264.9609375,3704754904.013672,-53199639.052734375,85905205.57617188,-29838520.107421875,738317545.5761719,685117906.5234375,53199639.052734375,-85905205.57617188,29838520.107421875
2020-03-24,DJIA Consolidated - CHICAGO BOARD OF TRADE,25081,4390,3059,1331,5.306805948726128,17.503289342530202,12.196483393804074,410,1.6347035604640963,14062,16800,-2738,-10.916630118416332,56.066345042063716,66.98297516048004,18862,20269,-1407,-5.609824169690204,75.20433794505801,80.81416211474821,6219,4812,1407,5.609824169690204,24.79566205494199,19.185837885251782,20704.91015625,2020-03-30,2020-03-30,22327.48046875,0.07836645028909772,2020-03-31,2020-03-31,21917.16015625,0.058548913801206304,2020-04-01,2020-04-01,20943.509765625,0.011523817663269487,2020-04-02,2020-04-02,21413.439453125,0.03422035118858613,2020-04-03,2020-04-03,21052.529296875,0.01678921270373479,0.07836645028909772,-0.018377367436253844,-0.04442411259870038,0.02243796253631314,-0.01685437582505367,-0.05710233063060777,-0.025072333855610363,-5.7209872831744075,-3228.0,-0.5562641273907012,5.164723155783708,1.3254540111402822,2323.0,-7.473482248035701,-8.798936259176003,-4.397952178204753,-906.0,-7.9770074505540975,-3.5790552723493363,4.397952178204753,906.0,7.977007450554094,3.579055272349338,0.058548913801206304,0.09412980805240001,0.15671884518636792,0.11175951432112363,0.26328003415554546,0.31795692333698766,0.5659643121338405,5.0,DJIA x $5,103524.55078125,454472777.9296875,316681600.83984375,137791177.08984375,-334177249.921875,-1226765926.7578125,1455762233.0859375,1739212453.125,-283450220.0390625,240487531.46484375,1452552972.0117188,1952680076.8359375,2098339119.7851562,-145659042.94921875,-93793243.0078125,225787045.25390625,643819181.3085938,498160138.359375,145659042.94921875,93793243.0078125,-225787045.25390625
2020-03-31,DJIA Consolidated - CHICAGO BOARD OF TRADE,28194,3718,8540,-4822,-17.1029297013549,13.18720295098248,30.290132652337377,27,0.09576505639497765,19216,13453,5763,20.4405192594169,68.15634532169965,47.71582606228276,22961,22019,942,3.3411364120025535,81.43931332907711,78.09817691707455,5233,6175,-942,-3.3411364120025535,18.56068667092289,21.901823082925446,21917.16015625,2020-04-06,2020-04-06,22679.990234375,0.03480515142868401,2020-04-07,2020-04-07,22653.859375,0.03361289571723636,2020-04-08,2020-04-08,23433.5703125,0.0691882591284334,2020-04-09,2020-04-09,23719.369140625,0.0822282162254071,2020-04-10,2020-04-13,23390.76953125,0.0672354157424806,0.03480515142868401,-0.001152154789528681,0.034418459327087536,0.012196128217497826,-0.013853640348814977,0.03133948866510994,0.058548913801206304,-22.409735650081025,-6153.0,-4.316086391547723,18.093649258533304,31.35714937783323,8501.0,12.09000027963593,-19.26714909819728,8.950960581692758,2349.0,6.234975384019094,-2.7159851976736604,-8.950960581692758,-2349.0,-6.234975384019098,2.715985197673664,0.03361289571723636,0.0927400993050358,0.05026749338284264,0.09966576917024028,0.17774751269562072,0.2525646552991707,0.5087247025509585,5.0,DJIA x $5,109585.80078125,407440007.3046875,935862738.671875,-528422731.3671875,-674281432.2070312,-1315687124.1796875,2105800747.8125,1474257777.9101562,631542969.9023438,931588892.4414062,1577597188.046875,2516199571.7382812,2412969747.4023438,103229824.3359375,257417046.03515625,262129235.46875,573462495.4882812,676692319.8242188,-103229824.3359375,-257417046.03515625,-262129235.46875
2020-04-07,DJIA Consolidated - CHICAGO BOARD OF TRADE,26996,5681,8740,-3059,-11.33130834197659,21.043858349385093,32.375166691361684,165,0.6112016595051118,16498,10746,5752,21.306860275596385,61.11275744554748,39.8058971699511,22343,19650,2693,9.975551933619796,82.76411320195585,72.78856126833605,4653,7346,-2693,-9.975551933619796,17.235886798044156,27.21143873166395,22653.859375,2020-04-13,2020-04-13,23390.76953125,0.03252912203839431,2020-04-14,2020-04-14,23949.759765625,0.05720439811924982,2020-04-15,2020-04-15,23504.349609375,0.03754284072733194,2020-04-16,2020-04-16,23537.6796875,0.03901411666196508,2020-04-17,2020-04-17,24242.490234375,0.07012627884183642,0.03252912203839431,0.02389789842647927,-0.01859768785193805,0.0014180387323590171,0.029943926344162985,0.03641268415676113,0.03361289571723636,5.77162135937831,1763.0,7.856655398402614,2.0850340390243076,0.8663410161794864,-11.0,-7.043587876152166,-7.909928892331656,6.6344155216172425,1751.0,1.3247998728787422,-5.3096156487385,-6.6344155216172425,-1751.0,-1.3247998728787351,5.309615648738504,0.05720439811924982,0.016112993302051848,0.0639048465113905,0.05426141517001448,0.14285955690497,0.22596151524954022,0.47569726322846484,5.0,DJIA x $5,113269.296875,643482875.546875,989973654.6875,-346490779.140625,199693770.390625,-1249360344.53125,1868716859.84375,1217191864.21875,651524995.625,-1245962.265625,1702777339.921875,2530775900.078125,2225741683.59375,305034216.484375,198334538.828125,453416995.390625,527042038.359375,832076254.84375,-305034216.484375,-198334538.828125,-453416995.390625
2020-04-14,DJIA Consolidated - CHICAGO BOARD OF TRADE,30200,6222,10196,-3974,-13.158940397350992,20.602649006622517,33.76158940397351,288,0.9536423841059603,18654,11903,6751,22.35430463576159,61.7682119205298,39.413907284768214,25163,22387,2776,9.19205298013245,83.32119205298014,74.12913907284768,5037,7813,-2776,-9.19205298013245,16.678807947019866,25.870860927152318,23949.759765625,2020-04-20,2020-04-20,23650.439453125,-0.012497841958716172,2020-04-21,2020-04-21,23018.880859375,-0.03886798512217593,2020-04-22,2020-04-22,23475.8203125,-0.019788902175346346,2020-04-23,2020-04-23,23515.259765625,-0.018142144399445503,2020-04-24,2020-04-24,23775.26953125,-0.007285677855752293,-0.012497841958716172,-0.026703884086456187,0.01985063721892022,0.0016800031947765692,0.011057065421198775,0.005278129329157277,0.05720439811924982,-1.8276320553744032,-915.0,-0.4412093427625763,1.3864227126118251,1.0474443601652048,999.0,0.6554544749823208,-0.3919898851828876,-0.7834989534873458,83.0,0.5570788510242863,1.340577804511625,0.7834989534873458,-83.0,-0.5570788510242899,-1.340577804511632,-0.03886798512217593,0.006337893035689879,-0.0027837407359171396,-0.007723687859930051,0.1124366216812751,0.1974988821407313,0.4061631457191841,5.0,DJIA x $5,119748.798828125,745077026.3085938,1220958752.8515625,-475881726.54296875,-109570150.92773438,-1021816500.4003906,2233794093.3398438,1425369952.4511719,808424140.8886719,119629050.02929688,1414472811.7578125,3013239024.9121094,2680816359.3652344,332422665.546875,9939150.302734375,392416813.7597656,603174699.6972656,935597365.2441406,-332422665.546875,-9939150.302734375,-392416813.7597656
2020-04-21,DJIA Consolidated - CHICAGO BOARD OF TRADE,30798,6399,12009,-5610,-18.21546853691798,20.777323202805377,38.99279173972336,242,0.7857653094356777,19428,10934,8494,27.57971296837457,63.082018312877466,35.502305344502886,26069,23184,2885,9.367491395545164,84.6451068251185,75.27761542957336,4730,7614,-2884,-9.364244431456587,15.358140138970064,24.72238457042665,23018.880859375,2020-04-27,2020-04-27,24133.779296875,0.04843408523251158,2020-04-28,2020-04-28,24101.55078125,0.04703399476669423,2020-04-29,2020-04-29,24633.859375,0.07015886330404553,2020-04-30,2020-04-30,24345.720703125,0.05764137065810537,2020-05-01,2020-05-01,23723.689453125,0.03061871678539707,0.04843408523251158,-0.001335411053053459,0.02208607232710169,-0.011696854621465524,-0.02554992138393164,-0.016992359079172514,-0.03886798512217593,-5.056528139566989,-1636.0,0.17467419618285973,5.231202335749849,5.225408332612979,1743.0,1.313806392347665,-3.911601940265328,0.17543841541271377,109.0,1.323914772138366,1.1484763567256806,-0.17219145132413693,-108.0,-1.3206678080498016,-1.1484763567256664,0.04703399476669423,0.03754348396234164,0.032403766371474685,0.0516088737277236,0.1660167388065521,0.22980735837861355,0.4692851919199821,5.0,DJIA x $5,115094.404296875,736489093.0957031,1382168701.2011719,-645679608.1054688,-188294445.4296875,-798870260.2246094,2236054086.6796875,1258442216.5820312,977611870.0976562,200609546.68945312,1292740349.0625,3000396025.6152344,2668348669.21875,332047356.3964844,12545290.068359375,493985183.2421875,544396532.3242188,876328794.3164062,-331932261.9921875,-12430195.6640625,-493870088.8378906
2020-04-28,DJIA Consolidated - CHICAGO BOARD OF TRADE,33751,6258,12735,-6477,-19.190542502444373,18.54167283932328,37.73221534176765,782,2.316968386121893,21650,12029,9621,28.505822049717043,64.14624751859203,35.640425468874994,28689,25545,3144,9.315279547272674,85.00192586886315,75.68664632159047,5062,8206,-3144,-9.315279547272674,14.998074131136855,24.31335367840953,24101.55078125,2020-05-04,2020-05-04,23749.759765625,-0.01459619834499104,2020-05-05,2020-05-05,23883.08984375,-0.009064185930722446,2020-05-06,2020-05-06,23664.640625,-0.018127885637545638,2020-05-07,2020-05-07,23875.890625,-0.009362889479524905,2020-05-08,2020-05-08,24331.3203125,0.009533391993545637,-0.01459619834499104,0.005613954812207389,-0.009146606246476341,0.00892682053987448,0.019074877442398996,0.024487007557724372,0.04703399476669423,-0.9750739655263914,-867.0,-2.2356503634820974,-1.2605763979557096,0.9261090813424744,1127.0,1.0642292057145681,0.13812012437210797,-0.05221184827249026,259.0,0.35681904374465034,0.40903089201711396,0.048964884183913426,-260.0,-0.3600660078332094,-0.40903089201712106,-0.009064185930722446,-0.013973021380723538,0.004369370033729281,0.03707473439614306,0.0945054754483674,0.1394781067154489,0.4100723225635279,5.0,DJIA x $5,120507.75390625,754137523.9453125,1534666245.9960938,-780528722.0507812,-104480222.63671875,-199440332.71484375,2608992872.0703125,1449587771.7382812,1159405100.3320312,135812238.65234375,464918914.5703125,3457246951.8164062,3078370573.5351562,378876378.28125,31211508.26171875,265358074.1015625,610010250.2734375,988886628.5546875,-378876378.28125,-31332016.015625,-265358074.1015625
2020-05-05,DJIA Consolidated - CHICAGO BOARD OF TRADE,33234,6323,14440,-8117,-24.423782872961425,19.025696575795873,43.449479448757295,185,0.5566588433531926,21291,10393,10898,32.79171932358428,64.06391045315038,31.272191129566107,27799,25017,2782,8.370945417343684,83.64626587229945,75.27532045495576,5435,8217,-2782,-8.370945417343684,16.353734127700548,24.724679545044232,23883.08984375,2020-05-11,2020-05-11,24221.990234375,0.014189972605813672,2020-05-12,2020-05-12,23764.779296875,-0.004953737043616235,2020-05-13,2020-05-13,23247.970703125,-0.026592838061579638,2020-05-14,2020-05-14,23625.33984375,-0.010792154687114364,2020-05-15,2020-05-15,23685.419921875,-0.008276564011114651,0.014189972605813672,-0.018875861689149787,-0.021746829090811715,0.016232347564610228,0.002543035508583147,-0.022152197540667773,-0.009064185930722446,-5.233240370517052,-1640.0,0.48402373647259367,5.717264106989646,4.2858972738672385,1277.0,-0.08233706544164932,-4.368234339308888,-0.9443341299289898,-362.0,-1.355659996563702,-0.41132586663471216,0.9443341299289898,362.0,1.355659996563693,0.4113258666347015,-0.004953737043616235,0.013556434002810924,0.04656095750278344,0.07786097021117344,0.12332494993924681,0.15060611824756376,0.429171496372875,5.0,DJIA x $5,119415.44921875,755063885.4101562,1724359086.71875,-969295201.3085938,-195841336.71875,-604003342.1484375,2542474329.3164062,1241084763.7304688,1301389565.5859375,152493528.65234375,614511901.6796875,3319630072.8320312,2987416293.1054688,332213779.7265625,-43228392.6171875,10627974.98046875,649022966.5039062,981236746.2304688,-332213779.7265625,43228392.6171875,-10627974.98046875
2020-05-12,DJIA Consolidated - CHICAGO BOARD OF TRADE,34803,6303,14585,-8282,-23.796799126512084,18.11050771485217,41.90730684136425,442,1.2700054592994856,22507,11546,10961,31.49441140131598,64.66971238111657,33.175300979800596,29252,26573,2679,7.6976122748038955,84.05022555526823,76.35261328046433,5551,8230,-2679,-7.6976122748038955,15.949774444731776,23.647386719535675,23764.779296875,2020-05-18,2020-05-18,24597.369140625,0.035034612918096064,2020-05-19,2020-05-19,24206.859375,0.0186023220583047,2020-05-20,2020-05-20,24575.900390625,0.03413122771380661,2020-05-21,2020-05-21,24474.119140625,0.02984836656334,2020-05-22,2020-05-22,24465.16015625,0.029471380761659338,0.035034612918096064,-0.015876078591674836,0.015245307534860641,-0.004141506450718979,-0.0003660595228585084,-0.005374923782261121,-0.004953737043616235,0.6269837464493406,-165.0,-0.9151888609437044,-1.5421726073930415,-1.2973079222683026,63.0,0.6058019279661835,1.9031098502344896,-0.6733331425397884,-103.0,0.40395968296877527,1.0772928255085645,0.6733331425397884,103.0,-0.4039596829687717,-1.0772928255085574,0.0186023220583047,0.05177115523588238,0.08322699188753191,0.1475932698788509,0.16503965007959276,0.2380051821370699,0.44201466077811613,5.0,DJIA x $5,118823.896484375,748947019.5410156,1733046530.2246094,-984099510.6835938,-19605942.919921875,-511893346.0546875,2674369438.173828,1371940708.8085938,1302428729.3652344,7485905.478515625,500248604.19921875,3475836619.9609375,3157507401.279297,318329218.6816406,-12238861.337890625,-11525917.958984375,659591449.3847656,977920668.0664062,-318329218.6816406,12238861.337890625,11525917.958984375
2020-05-19,DJIA Consolidated - CHICAGO BOARD OF TRADE,36842,5471,13394,-7923,-21.50534715813474,14.84989957114163,36.35524672927637,676,1.834862385321101,24934,13502,11432,31.029802942294122,67.67819336626675,36.648390423972636,31080,27571,3509,9.524455784159382,84.36024102926008,74.83578524510071,5762,9271,-3509,-9.524455784159382,15.639758970739917,25.1642147548993,24206.859375,2020-05-25,2020-05-26,24995.109375,0.032563084198112824,2020-05-26,2020-05-26,24995.109375,0.032563084198112824,2020-05-27,2020-05-27,25548.26953125,0.055414464779159234,2020-05-28,2020-05-28,25400.640625,0.049315825382655554,2020-05-29,2020-05-29,25383.109375,0.04859159884304498,0.032563084198112824,0.0,0.022130735575146998,-0.005778430749269536,-0.0006901892853342639,0.015523036694053305,0.0186023220583047,2.291451968377345,359.0,-3.260608143710538,-5.5520601120878865,-0.4646084590218571,471.0,3.008480985150186,3.4730894441720395,1.826843509355487,830.0,0.3100154739918537,-1.5168280353636163,-1.826843509355487,-830.0,-0.310015473991859,1.516828035363627,0.032563084198112824,0.06344445563273315,0.12663523833314283,0.08605499216066725,0.14752888353572313,0.23036818399226977,0.40706646940852886,5.0,DJIA x $5,121034.296875,662178638.203125,1621133372.34375,-958954734.140625,43451312.578125,-279952328.671875,3017869158.28125,1634205076.40625,1383664081.875,57007153.828125,355598764.21875,3761745946.875,3337036599.140625,424709347.734375,100458466.40625,75525401.25,697399618.59375,1122108966.328125,-424709347.734375,-100458466.40625,-75646435.546875
2020-05-26,DJIA Consolidated - CHICAGO BOARD OF TRADE,38789,6225,13418,-7193,-18.54391708989662,16.048364226971565,34.59228131686818,1178,3.0369434633530124,25531,14743,10788,27.812008559127587,65.82020675964836,38.008198200520766,32934,29339,3595,9.268091469230967,84.90551444997293,75.63742298074196,5855,9451,-3596,-9.270669519709196,15.09448555002707,24.365155069736268,24995.109375,2020-06-01,2020-06-01,25475.01953125,0.01920016228174637,2020-06-02,2020-06-02,25742.650390625,0.029907491277981313,2020-06-03,2020-06-03,26269.890625,0.05100122711505439,2020-06-04,2020-06-04,26281.8203125,0.051478507983124144,2020-06-05,2020-06-05,27110.98046875,0.084651403680845,0.01920016228174637,0.010505619398905708,0.02048119468564935,0.00045412018155288614,0.031548810028795504,0.06421824075515148,0.032563084198112824,2.961430068238119,730.0,1.198464655829934,-1.7629654124081853,-3.2177943831665345,-644.0,-1.8579866066183968,1.3598077765481307,-0.2563643149284154,86.0,0.5452734207128458,0.8016377356412505,0.25378626445018604,-87.0,-0.5452734207128476,-0.7990596851630336,0.029907491277981313,0.09110547875928221,0.05180497809884055,0.04644869590113565,0.13015866541392151,0.20208476720758495,0.3727669850414488,5.0,DJIA x $5,124975.546875,777972779.296875,1676921887.96875,-898949108.671875,91232149.21875,-89482491.5625,3190750687.265625,1842514487.578125,1348236199.6875,-80484252.1875,145846463.203125,4115944660.78125,3666657569.765625,449287091.015625,10747897.03125,56363971.640625,731731826.953125,1181143893.515625,-449412066.5625,-10872872.578125,-56488947.1875
2020-06-02,DJIA Consolidated - CHICAGO BOARD OF TRADE,39058,7080,15943,-8863,-22.691894106201037,18.12688821752266,40.81878232372369,935,2.393875774489221,25047,13770,11277,28.87244610579139,64.12770751190537,35.25526140611399,33062,30648,2414,6.180551999590353,84.64847150391725,78.4679195043269,5997,8411,-2414,-6.180551999590353,15.354088791028728,21.53464079061908,25742.650390625,2020-06-08,2020-06-08,27572.439453125,0.07108005720989685,2020-06-09,2020-06-09,27272.30078125,0.059420858668929766,2020-06-10,2020-06-10,26989.990234375,0.0484542121662912,2020-06-11,2020-06-11,25128.169921875,-0.023870132229033558,2020-06-12,2020-06-12,25605.5390625,-0.0053262319941591585,0.07108005720989685,-0.0108854594598079,-0.010351548596482574,-0.0689818816654757,0.01899736996801482,-0.0713357406757158,0.029907491277981313,-4.1479770163044165,-1670.0,2.078523990551094,6.226501006855507,1.0604375466638025,489.0,-1.6924992477429868,-2.7529367944067786,-3.087539469640614,-1181.0,-0.2570429460556767,2.830496523584941,3.0901175201188433,1182.0,0.259603241001658,-2.830514279117189,0.059420858668929766,0.02126160553865608,0.016060864459417568,0.002728175525219978,0.11277043045584079,0.15854115521594947,0.3431137846762542,5.0,DJIA x $5,128713.251953125,911289823.828125,2052075375.8886719,-1140785552.0605469,-214951130.76171875,-96020085.95703125,3223880821.669922,1772381479.3945312,1451499342.2753906,62940780.205078125,48782322.490234375,4255517536.0742188,3944803745.859375,310713790.21484375,-152010350.55664062,-47366476.71875,771893371.9628906,1082607162.1777344,-310713790.21484375,152139063.80859375,47366476.71875
2020-06-09,DJIA Consolidated - CHICAGO BOARD OF TRADE,39723,8106,15200,-7094,-17.8586712987438,20.40631372252851,38.26498502127231,826,2.07939984391914,24008,15569,8439,21.244618986481385,60.438536867809574,39.1939178813282,32940,31595,1345,3.3859476877375823,82.92425043425723,79.53830274651965,6784,8129,-1345,-3.3859476877375823,17.07826699896785,20.464214686705436,27272.30078125,2020-06-15,2020-06-15,25763.16015625,-0.0553360215958586,2020-06-16,2020-06-16,26289.98046875,-0.03601897472381044,2020-06-17,2020-06-17,26119.609375,-0.0422660125192843,2020-06-18,2020-06-18,26080.099609375,-0.043714726580554975,2020-06-19,2020-06-19,25871.4609375,-0.05136493085002536,-0.0553360215958586,0.020448590518589604,-0.0064804572202902255,-0.0015126476455967763,-0.007999918520249838,0.004203707176960059,0.059420858668929766,4.833222807457236,1769.0,2.2794255050058503,-2.553797302451379,-7.627827119310005,-2838.0,-3.689170644095796,3.9386564752142093,-2.794604311852771,-1069.0,-1.7242210696600182,1.0703832421927473,2.794604311852771,1069.0,1.724178207939124,-1.0704261039136433,-0.03601897472381044,-0.040928016335255446,-0.05351290063793834,-0.05067856594997011,0.008381758678283502,0.10639293330615751,0.26867991776798483,5.0,DJIA x $5,136361.50390625,1105346350.6640625,2072694859.375,-967348508.7109375,241223500.41015625,161997466.640625,3273766985.78125,2123012254.3164062,1150754731.4648438,-386993948.0859375,-343903712.8515625,4491747938.671875,4308341715.917969,183406222.75390625,-145770447.67578125,-181906246.2109375,925076442.5,1108482665.2539062,-183406222.75390625,145770447.67578125,181906246.2109375
2020-06-16,DJIA Consolidated - CHICAGO BOARD OF TRADE,46180,6398,20774,-14376,-31.130359462970986,13.85448245993937,44.98484192291035,2314,5.010827197921178,30808,15660,15148,32.802078822000865,66.71286271113036,33.91078388912949,39520,38747,773,1.6738847986141188,85.5781723689909,83.9042875703768,6661,7433,-772,-1.6717193590298833,14.42399307059333,16.095712429623212,26289.98046875,2020-06-22,2020-06-22,26024.9609375,-0.010080628685328219,2020-06-23,2020-06-23,26156.099609375,-0.005092467053527838,2020-06-24,2020-06-24,25445.939453125,-0.0321050453661722,2020-06-25,2020-06-25,25745.599609375,-0.02070678066961995,2020-06-26,2020-06-26,25015.55078125,-0.04847587045623225,-0.010080628685328219,0.005038957491230622,-0.027150843086538035,0.01177634477996059,-0.02835625657206131,-0.03878623136742221,-0.03601897472381044,-13.271688164227186,-7282.0,-6.55183126258914,6.719856901638039,11.55745983551948,6709.0,6.274325843320781,-5.283133992198707,-1.7120628891234635,-572.0,2.653921934733674,4.365984823857147,1.714228328707699,573.0,-2.654273928374522,-4.368502257082223,-0.005092467053527838,-0.018147583256751032,-0.015207344171488835,0.013412310268512195,0.06487715510676817,0.1487003797044233,0.30465399796589576,5.0,DJIA x $5,131449.90234375,841016475.1953125,2730740271.2890625,-1889723796.09375,-957218188.8671875,-848246219.8242188,4049708591.40625,2058505470.703125,1991203120.703125,881897394.8242188,488467837.109375,5194900140.625,5093289366.113281,101610774.51171875,-75189344.140625,-359646932.8125,875587799.5117188,977067124.1210938,-101479324.609375,75320794.04296875,359778382.71484375
2020-06-23,DJIA Consolidated - CHICAGO BOARD OF TRADE,36461,6842,21190,-14348,-39.351635994624395,18.76525602698774,58.11689202161213,778,2.133786785880804,22905,7614,15291,41.937961109130306,62.82054798277612,20.882586873645813,30524,29581,943,2.5863251145059105,83.71684813910754,81.13052302460163,5937,6881,-944,-2.589067771043032,16.28315186089246,18.872219631935494,26156.099609375,2020-06-29,2020-06-29,25595.80078125,-0.02142134479118496,2020-06-30,2020-06-30,25812.880859375,-0.013121939246514502,2020-07-01,2020-07-01,25734.970703125,-0.016100600339473248,2020-07-02,2020-07-02,25827.359375,-0.012568396637286483,2020-07-03,2020-07-06,26287.029296875,0.005005703811170381,-0.02142134479118496,0.008481081720405514,-0.003018266603965869,0.0035900049368924325,0.017797790134129743,0.02700554366446517,-0.005092467053527838,-8.221276531653409,28.0,4.91077356704837,13.132050098701782,9.13588228712944,143.0,-3.8923147283542363,-13.028197015483677,0.9124403158917918,170.0,-1.8613242298833654,-2.7737645457751654,-0.9173484120131488,-172.0,1.85915879029913,2.776507202312281,-0.013121939246514502,-0.01016665045042453,0.018599494635684444,0.026162187461800768,0.04328168553537837,0.15523528622439065,0.29780734253026986,5.0,DJIA x $5,130780.498046875,894800167.6367188,2771238753.6132812,-1876438585.9765625,3661853.9453125,-935734463.5253906,2995527307.763672,995762712.1289062,1999764595.6347656,18701611.220703125,588904582.7050781,3991943922.3828125,3868617912.7246094,123326009.65820312,22232684.66796875,-346829880.8203125,776443816.9042969,899900607.0605469,-123456790.15625,-22494245.6640625,346829880.8203125
2020-06-30,DJIA Consolidated - CHICAGO BOARD OF TRADE,37388,6931,19869,-12938,-34.60468599550658,18.538033593666416,53.14271958917299,902,2.412538782497058,23191,8781,14410,38.54177811062373,62.027923397881665,23.48614528725794,31023,29551,1472,3.9370921151171503,82.97582111907565,79.03872900395848,6365,7837,-1472,-3.9370921151171503,17.02417888092436,20.961270996041513,25812.880859375,2020-07-06,2020-07-06,26287.029296875,0.018368675704315773,2020-07-07,2020-07-07,25890.1796875,0.0029945835393621056,2020-07-08,2020-07-08,26067.279296875,0.009855484123834524,2020-07-09,2020-07-09,25706.08984375,-0.0041371211608182135,2020-07-10,2020-07-10,26075.30078125,0.010166239223921902,0.018368675704315773,-0.015096784231232174,0.006840416386159953,-0.013856047231146973,0.014362780949735532,-0.008054486234782332,-0.013121939246514502,4.746949999117817,1410.0,-0.22722243332132308,-4.97417243243914,-3.396182998506575,-881.0,-0.7926245848944546,2.6035584136121273,1.3507670006112398,529.0,-0.7410270200318934,-2.0917940206431496,-1.3480243440741182,-528.0,0.7410270200319005,2.0890513641060195,0.0029945835393621056,0.03214321519923091,0.03980646471998939,0.021942472852436,0.06352562140616125,0.17521442442397372,0.3284952287704592,5.0,DJIA x $5,129064.404296875,894545386.1816406,2564380648.9746094,-1669835262.7929688,181980810.05859375,-525937447.5097656,2993132600.048828,1133314534.1308594,1859818065.9179688,-113705740.18554688,404358778.6621094,4003965014.501953,3813982211.376953,189982803.125,68275069.87304688,-121578668.84765625,821494933.3496094,1011477736.4746094,-189982803.125,-68146005.46875,121578668.84765625
2020-07-07,DJIA Consolidated - CHICAGO BOARD OF TRADE,35844,7605,18550,-10945,-30.535096529405198,21.216940073652495,51.7520366030577,800,2.2318937618569357,21193,9327,11866,33.104564222743,59.12565561879255,26.02109139604955,29597,28676,921,2.5694676933377973,82.57169958709966,80.00223189376186,6247,7168,-921,-2.5694676933377973,17.428300412900345,19.99776810623814,25890.1796875,2020-07-13,2020-07-13,26085.80078125,0.007555802860821581,2020-07-14,2020-07-14,26642.58984375,0.02906160425812998,2020-07-15,2020-07-15,26870.099609375,0.03784909698205441,2020-07-16,2020-07-16,26734.7109375,0.03261975236146175,2020-07-17,2020-07-17,26671.94921875,0.030195600829585834,0.007555802860821581,0.021344526363944683,0.008539326205120101,-0.005038636768870175,-0.0023475742414692524,0.02247001893540923,0.0029945835393621056,4.06958946610138,1993.0,2.678906479986079,-1.3906829861152943,-5.437213887880731,-2544.0,-2.902267779089115,2.5349461087916083,-1.367624421779353,-551.0,-0.40412153197598855,0.9635028898033795,1.367624421779353,551.0,0.404121531975985,-0.9635028898033724,0.02906160425812998,0.03670197405326525,0.01889131768410013,0.03624119364756728,0.07271405995818281,0.1738659204458255,0.33554001984946624,5.0,DJIA x $5,129450.8984375,984474082.6171875,2401314166.015625,-1416840083.3984375,257995640.5859375,-498515409.8828125,2743452890.5859375,1207388529.7265625,1536064360.859375,-329323085.625,443628228.9453125,3831358241.0546875,3712133963.59375,119224277.4609375,-71327445.0390625,-54887180.9375,808679762.5390625,927904040.0,-119224277.4609375,71327445.0390625,54887180.9375
2020-07-14,DJIA Consolidated - CHICAGO BOARD OF TRADE,40025,14170,17862,-3692,-9.224234853216739,35.40287320424735,44.627108057464085,336,0.8394753279200499,19304,14114,5190,12.966895690193628,48.22985633978763,35.26296064959401,33810,32312,1498,3.7426608369768894,84.47220487195503,80.72954403497815,6215,7713,-1498,-3.7426608369768894,15.527795128044971,19.270455965021863,26642.58984375,2020-07-20,2020-07-20,26680.869140625,0.0014367708657265776,2020-07-21,2020-07-21,26840.400390625,0.007424599036170765,2020-07-22,2020-07-22,27005.83984375,0.013634185044710145,2020-07-23,2020-07-23,26652.330078125,0.00036558887225757175,2020-07-24,2020-07-24,26469.890625,-0.006482073242985109,0.0014367708657265776,0.005979237376382729,0.0061638221009097105,-0.013090123013034693,-0.006845159601063799,-0.00790748286770604,0.02906160425812998,21.31086167618846,7253.0,14.185933130594854,-7.124928545593612,-20.137668532549373,-6676.0,-10.895799279004919,9.241869253544458,1.173193143639092,577.0,1.9005052848553703,0.727312141216288,-1.173193143639092,-577.0,-1.9005052848553738,-0.7273121412162773,0.007424599036170765,-0.009883068741410983,0.006976831474159617,0.039197402303026596,0.07646481498505309,0.16612872980189297,0.30951192309423514,5.0,DJIA x $5,133212.94921875,1887627490.4296875,2379449698.9453125,-491822208.515625,966193520.6835938,1423247149.453125,2571542771.71875,1880167565.2734375,691375206.4453125,-889329648.984375,-1326534548.3203125,4503929813.0859375,4304376815.15625,199552997.9296875,76863871.69921875,96579388.18359375,827918479.3945312,1027471477.3242188,-199552997.9296875,-76863871.69921875,-96712601.1328125
2020-07-21,DJIA Consolidated - CHICAGO BOARD OF TRADE,39745,13287,17660,-4373,-11.002641841741099,33.43062020379922,44.43326204554032,177,0.4453390363567744,19717,14210,5507,13.85583092212857,49.60875581834193,35.752924896213365,33181,32047,1134,2.85318908038747,83.48471505849793,80.63152597811045,6565,7699,-1134,-2.85318908038747,16.517800981255505,19.370990061642974,26840.400390625,2020-07-27,2020-07-27,26584.76953125,-0.009524107526514003,2020-07-28,2020-07-28,26379.279296875,-0.017180112332119468,2020-07-29,2020-07-29,26539.5703125,-0.011208106948735197,2020-07-30,2020-07-30,26313.650390625,-0.019625266103853956,2020-07-31,2020-07-31,26428.3203125,-0.015352978052776467,-0.009524107526514003,-0.007729622562025584,0.006076398593800381,-0.008512568938186305,0.0043578112566189375,-0.005884919128830379,0.007424599036170765,-1.7784069885243596,-681.0,-1.9722530004481271,-0.1938460119237675,0.8889352319349424,317.0,1.3788994785543025,0.48996424661935833,-0.8894717565894195,-364.0,-0.9874898134571026,-0.09801805686770138,0.8894717565894195,364.0,0.9900058532105334,0.10053409662111079,-0.017180112332119468,-0.00044446756853022684,0.03153864149957597,0.03493501990389514,0.05470815079151681,0.15238666640955278,0.28582240871878284,5.0,DJIA x $5,134202.001953125,1783141999.9511719,2370007354.4921875,-586865354.5410156,-91391563.33007812,1338664969.4824219,2646060872.5097656,1907010447.7539062,739050424.7558594,42542034.619140625,-1313032387.109375,4452956626.806641,4300771556.591797,152185070.21484375,-48849528.7109375,25632582.373046875,881036142.8222656,1033221213.0371094,-152185070.21484375,48849528.7109375,-25498380.37109375
2020-07-28,DJIA Consolidated - CHICAGO BOARD OF TRADE,41117,13914,17065,-3151,-7.663496850451152,33.840017511005186,41.50351436145633,93,0.2261838169127125,19838,16430,3408,8.288542452027142,48.247683439939685,39.95914098791255,33844,33588,256,0.6226135175231656,82.31145268380476,81.6888391662816,7273,7529,-256,-0.6226135175231656,17.688547316195248,18.31116083371841,26379.279296875,2020-08-03,2020-08-03,26664.400390625,0.01080852477208416,2020-08-04,2020-08-04,26828.470703125,0.01702819099774322,2020-08-05,2020-08-05,27201.51953125,0.03116992792416462,2020-08-06,2020-08-06,27386.98046875,0.03820048154213129,2020-08-07,2020-08-07,27433.48046875,0.039963228714890775,0.01080852477208416,0.006153159647185769,0.013904960601483163,0.006818035929461175,0.0016978870691151116,0.028842954158286638,-0.017180112332119468,3.339144991289947,1222.0,0.409397307205964,-2.929747684083985,-5.567288470101428,-2099.0,-1.3610723784022483,4.206216091699183,-2.2305755628643045,-878.0,-1.1732623746931665,1.0573131881711504,2.2305755628643045,878.0,1.170746334939743,-1.0598292279245634,0.01702819099774322,0.04957037850271773,0.053026127055362915,0.07085713507235303,0.0410894529775272,0.17277802453704383,0.3290173373084979,5.0,DJIA x $5,131896.396484375,1835206460.6835938,2250812006.0058594,-415605545.3222656,161177396.50390625,1290870032.3925781,2616560713.4570312,2167057794.2382812,449502919.21875,-276850536.2207031,-1451124154.1210938,4463901642.6171875,4430136165.1171875,33765477.5,-115805036.11328125,-160386018.125,959282491.6308594,993047969.1308594,-33765477.5,115805036.11328125,160386018.125
2020-08-04,DJIA Consolidated - CHICAGO BOARD OF TRADE,45154,16233,19428,-3195,-7.075785091021837,35.95030340612128,43.026088497143114,90,0.19931788988793905,21695,18375,3320,7.352615493643974,48.04668467909819,40.694069185454225,38018,37893,125,0.2768304026221376,84.1963059751074,83.91947557248527,7136,7261,-125,-0.2768304026221376,15.80369402489259,16.080524427514728,26828.470703125,2020-08-10,2020-08-10,27791.439453125,0.03589353864616052,2020-08-11,2020-08-11,27686.91015625,0.03199733084394585,2020-08-12,2020-08-12,27976.83984375,0.042804122282349644,2020-08-13,2020-08-13,27896.720703125,0.03981777462535607,2020-08-14,2020-08-14,27931.01953125,0.04109622349799369,0.03589353864616052,-0.0037612048505549778,0.010471724214215161,-0.002863766639565557,0.0012294931898988448,0.005022412687922362,0.01702819099774322,0.5877117594293146,-44.0,2.1102858951160925,1.5225741356867815,-0.9359269583831686,-88.0,-0.20099876084149315,0.7349281975416773,-0.34578311490102803,-131.0,1.8848532913026474,2.230636406203672,0.34578311490102803,131.0,-1.884853291302658,-2.2306364062036828,0.03199733084394585,0.035395219499573916,0.052927681406551574,0.06773362049717324,0.024286087752072527,0.1438400946638938,0.3089228538624684,5.0,DJIA x $5,134142.353515625,2177532824.6191406,2606117644.1015625,-428584819.4824219,-5902263.5546875,1039603239.7460938,2910218359.5214844,2464865745.8496094,445352613.671875,-11804527.109375,-1146380553.1445312,5099823995.957031,5083056201.767578,16767794.189453125,-17572648.310546875,-106777313.3984375,957239834.6875,974007628.8769531,-16767794.189453125,17572648.310546875,106777313.3984375
2020-08-11,DJIA Consolidated - CHICAGO BOARD OF TRADE,47392,16800,18398,-1598,-3.37187711006077,35.449020931802835,38.82089804186361,236,0.4979743416610398,22957,21738,1219,2.572164078325456,48.44066509115463,45.86850101282917,39992,40371,-379,-0.799713031735314,84.38555030384876,85.18526333558405,7400,7021,379,0.799713031735314,15.614449696151251,14.814736664415934,27686.91015625,2020-08-17,2020-08-17,27844.91015625,0.005706667848031088,2020-08-18,2020-08-18,27778.0703125,0.003292536282869518,2020-08-19,2020-08-19,27692.880859375,0.00021565075666818423,2020-08-20,2020-08-20,27739.73046875,0.0019077720194096148,2020-08-21,2020-08-21,27930.330078125,0.00879187747933119,0.005706667848031088,-0.0024004330908209415,-0.003066788015388733,0.0016917564341862867,0.006870997163787029,0.003067703267694899,0.03199733084394585,3.703907980961067,1597.0,-0.5012824743184439,-4.2051904552795065,-4.7804514153185185,-2101.0,0.3939804120564361,5.174431827374946,-1.0765434343574516,-504.0,0.18924432874135277,1.2657877630987855,1.0765434343574516,504.0,-0.18924432874133856,-1.2657877630987944,0.003292536282869518,0.020281399900025976,0.034628277210758895,-0.006718681506900026,0.06262922644091318,0.13323696653244155,0.2736947415217226,5.0,DJIA x $5,138434.55078125,2325700453.125,2546918865.2734375,-221218412.1484375,221079977.59765625,289881949.3359375,3178041982.2851562,3009290264.8828125,168751717.40234375,-290850991.19140625,-549723601.1523438,5536274554.84375,5588741249.589844,-52466694.74609375,-69771013.59375,-259841651.81640625,1024415675.78125,971948981.0351562,52466694.74609375,69771013.59375,259841651.81640625
2020-08-18,DJIA Consolidated - CHICAGO BOARD OF TRADE,46229,15939,17549,-1610,-3.4826623980618225,34.478357740812044,37.96102013887387,537,1.1616085141361483,21906,21582,324,0.700858768305609,47.38584005710701,46.6849812888014,38382,39668,-1286,-2.7818036297562134,83.02580631205521,85.8076099418114,7847,6561,1286,2.7818036297562134,16.974193687944798,14.192390058188584,27778.0703125,2020-08-24,2020-08-24,28308.4609375,0.01909386141777203,2020-08-25,2020-08-25,28248.439453125,0.016933110735677603,2020-08-26,2020-08-26,28331.919921875,0.019938375961478183,2020-08-27,2020-08-27,28492.26953125,0.025710901107072637,2020-08-28,2020-08-28,28653.869140625,0.03152842577876602,0.01909386141777203,-0.002120266605362797,0.002955224089052022,0.0056596803117177075,0.005671700150027048,0.01220158891320855,0.003292536282869518,-0.1107852880010527,-12.0,-0.9706631909907912,-0.8598779029897372,-1.8713053100198467,-895.0,-1.0548250340476173,0.816480275972232,-1.9820905980208994,-907.0,-1.3597439917935503,0.622346606227353,1.9820905980208994,907.0,1.3597439917935468,-0.6223466062273495,0.016933110735677603,0.031232905453464355,-0.009978363665357648,0.007830972217573784,0.0721892944439928,0.13480704906326446,0.2723447256196083,5.0,DJIA x $5,138890.3515625,2213773313.5546875,2437386779.5703125,-223613466.015625,-1666684.21875,383754041.3671875,3042532041.328125,2997531567.421875,45000473.90625,-124306864.6484375,-719868692.1484375,5330889473.671875,5509502465.78125,-178612992.109375,-125973548.8671875,-336114650.78125,1089872588.7109375,911259596.6015625,178612992.109375,125973548.8671875,336114650.78125
2020-08-25,DJIA Consolidated - CHICAGO BOARD OF TRADE,42244,12878,17330,-4452,-10.538774737240791,30.48480257551368,41.02357731275447,751,1.7777672568885523,20475,17602,2873,6.800965817630907,48.46842155098949,41.66745573335858,34103,35682,-1579,-3.7378089196098854,80.72862418331597,84.46643310292586,8141,6562,1579,3.7378089196098854,19.271375816684024,15.533566897074142,28248.439453125,2020-08-31,2020-08-31,28430.05078125,0.006429074725574191,2020-09-01,2020-09-01,28645.66015625,0.01406168662110141,2020-09-02,2020-09-02,29100.5,0.03016310151535606,2020-09-03,2020-09-03,28292.73046875,0.0015679101742414048,2020-09-04,2020-09-04,28133.310546875,-0.004075584651004993,0.006429074725574191,0.007583854726780803,0.01587814144512789,-0.027757926195426164,-0.005634660184215323,-0.010437555551983224,0.016933110735677603,-7.056112339178968,-2842.0,-3.993555165298364,3.062557173880599,6.100107049325298,2549.0,1.0825814938824792,-5.017525555442823,-0.956005289853672,-293.0,-2.2971821287392373,-1.341176838885545,0.956005289853672,293.0,2.2971821287392267,1.3411768388855574,0.01406168662110141,-0.026463367272569926,-0.00895057739984395,-0.033993373942600935,0.06364248135665118,0.1164280300052527,0.25197222938407626,5.0,DJIA x $5,141242.197265625,1818917016.3867188,2447727278.6132812,-628810262.2265625,-401410324.62890625,-183756098.64257812,2891933989.013672,2486145156.2695312,405788832.7441406,360026360.8300781,-75564575.53710938,4816782653.349609,5039804082.832031,-223021429.48242188,-41383963.798828125,-259179431.98242188,1149852727.9394531,926831298.4570312,223021429.48242188,41383963.798828125,259179431.98242188
2020-09-01,DJIA Consolidated - CHICAGO BOARD OF TRADE,41003,12071,16485,-4414,-10.765065970782626,29.439309318830333,40.204375289612955,1205,2.9388093554130186,19426,16639,2787,6.797063629490525,47.3770211935712,40.57995756408068,32702,34329,-1627,-3.9680023412921006,79.75513986781455,83.72314220910665,8301,6674,1627,3.9680023412921006,20.24486013218545,16.27685779089335,28645.66015625,2020-09-07,2020-09-08,27500.890625,-0.03996310523149982,2020-09-08,2020-09-08,27500.890625,-0.03996310523149982,2020-09-09,2020-09-09,27940.470703125,-0.024617671552287113,2020-09-10,2020-09-10,27534.580078125,-0.0387870299397719,2020-09-11,2020-09-11,27665.640625,-0.03421179773495908,-0.03996310523149982,0.0,0.01598421244311976,-0.014526978779731303,0.004759852756175631,0.005990715073432185,0.01406168662110141,-0.22629123354183456,38.0,-1.045493256683347,-0.8192020231415142,-0.0039021881403815684,-86.0,-1.0914003574182871,-1.0874981692779002,-0.23019342168221524,-48.0,-0.9734843155014232,-0.7432908938192071,0.23019342168221524,48.0,0.9734843155014268,0.7432908938192071,-0.03996310523149982,-0.02269315991773946,-0.047388695577114226,-0.04164679722836506,0.04113222593572963,0.09585603403875131,0.23441841716588563,5.0,DJIA x $5,143228.30078125,1728908818.7304688,2361118538.3789062,-632209719.6484375,5442675.4296875,-174595298.65234375,2782352970.9765625,2383175696.6992188,399177274.27734375,-12317633.8671875,-76340684.31640625,4683851892.1484375,4916884337.519531,-233032445.37109375,-6874958.4375,-250935982.96875,1188938124.7851562,955905679.4140625,233032445.37109375,6874958.4375,250935982.96875
2020-09-08,DJIA Consolidated - CHICAGO BOARD OF TRADE,36683,9437,17547,-8110,-22.108333560504867,25.725813046915462,47.83414660742033,610,1.6628956192241635,18705,12773,5932,16.170978382356953,50.99092222555407,34.81994384319712,28752,30930,-2178,-5.937355178147916,78.3796308916937,84.31698606984162,7932,5754,2178,5.937355178147916,21.62309516669847,15.685739988550553,27500.890625,2020-09-14,2020-09-14,27993.330078125,0.01790630928430148,2020-09-15,2020-09-15,27995.599609375,0.017988835020684046,2020-09-16,2020-09-16,28032.380859375,0.019326291705325405,2020-09-17,2020-09-17,27901.98046875,0.014584612884696257,2020-09-18,2020-09-18,27657.419921875,0.0056917900954343015,0.01790630928430148,8.107400025880729e-05,0.0013138225475863852,-0.004651777217181685,-0.008764988820378017,-0.011999649749155461,-0.03996310523149982,-11.343267589722242,-3696.0,-3.7134962719148703,7.629771317807375,9.373914752866428,3145.0,3.61390103198287,-5.760013720883556,-1.9693528368558155,-551.0,-1.3755089761208552,0.5938438607349639,1.9693528368558155,551.0,1.3782350345130183,-0.5911178023427954,0.017988835020684046,-0.007734692683248334,-0.0017537784287667835,0.009885830402083462,0.09719649704526612,0.15751670258406403,0.2763223009254814,5.0,DJIA x $5,137504.453125,1297629524.140625,2412790638.984375,-1115161114.84375,-508216458.75,-895428998.75,2572020795.703125,1756344379.765625,815676415.9375,432451505.078125,648058487.578125,3953528036.25,4253012735.15625,-299484698.90625,-75764953.671875,-247370511.171875,1090685322.1875,791200623.28125,299484698.90625,75764953.671875,247370511.171875
2020-09-15,DJIA Consolidated - CHICAGO BOARD OF TRADE,44088,9935,17876,-7941,-18.011703864997276,22.53447650154237,40.546180366539645,1354,3.071130466340047,24432,19114,5318,12.062239158047541,55.41643984757757,43.35420068953003,35720,38343,-2623,-5.949464706949737,81.01977862456904,86.96924333151877,8368,5745,2623,5.949464706949737,18.980221375430954,13.030756668481219,27995.599609375,2020-09-21,2020-09-21,27147.69921875,-0.030286916603174285,2020-09-22,2020-09-22,27288.1796875,-0.025268968400237513,2020-09-23,2020-09-23,26763.130859375,-0.04402365968926336,2020-09-24,2020-09-24,26815.439453125,-0.042155201985914825,2020-09-25,2020-09-25,27173.9609375,-0.02934885065293813,-0.030286916603174285,0.0051746730954265185,-0.019240888697515834,0.0019545020358362475,0.013369964904051512,0.000967364436241569,0.017988835020684046,4.096629695507591,169.0,-3.191336545373094,-7.287966240880685,-4.108739224309412,-614.0,4.425517622023499,8.534256846332909,-0.012109528801820701,-445.0,2.6401477328753487,2.65225726167715,0.012109528801820701,445.0,-2.6428737912675153,-2.6549833200693342,-0.025268968400237513,-0.01939374261314919,-0.00795981678761315,0.024439945814586972,0.07871633286118418,0.1725396018221892,0.23510733097214565,5.0,DJIA x $5,139977.998046875,1390681410.5957031,2502246693.0859375,-1111565282.4902344,23656281.669921875,-886200705.6347656,3419942448.28125,2675539454.6679688,744402993.6132812,-85946490.80078125,699050122.2460938,5000014090.234375,5367176379.111328,-367162288.8769531,-62290209.130859375,-187150583.38867188,1171335887.65625,804173598.7792969,367162288.8769531,62290209.130859375,187150583.38867188
2020-09-22,DJIA Consolidated - CHICAGO BOARD OF TRADE,34886,8680,17346,-8666,-24.84091039385427,24.881041105314452,49.72195149916872,472,1.3529782720862238,17969,11031,6938,19.887634007911483,51.50776815914694,31.62013415123545,27120,28848,-1728,-4.953276385942785,77.7389210571576,82.69219744310038,7766,6039,1727,4.950409906552772,22.261078942842403,17.31066903628963,27288.1796875,2020-09-28,2020-09-28,27584.060546875,0.010842821425371074,2020-09-29,2020-09-29,27452.66015625,0.006027535388347882,2020-09-30,2020-09-30,27781.69921875,0.01808546912625575,2020-10-01,2020-10-01,27816.900390625,0.019375447874494744,2020-10-02,2020-10-02,27682.810546875,0.01446160439773747,0.010842821425371074,-0.004763634795598826,0.011985689569871782,0.001267063313796335,-0.004820445192203815,0.0035799660398869726,-0.025268968400237513,-6.829206528856993,-725.0,2.3465646037720838,9.175771132629073,7.825394849863942,1620.0,-3.90867168843063,-11.73406653829458,0.9961883210069518,895.0,-3.280857567411445,-4.277045888418385,-0.9990548003969648,-896.0,3.2808575674114486,4.2799123678084126,0.006027535388347882,0.01775787478953661,0.0509975702048191,0.037401152685443195,0.10730908271581652,0.18817564095259876,0.24302317824767883,5.0,DJIA x $5,136440.8984375,1184306998.4375,2366703824.296875,-1182396825.859375,-98919651.3671875,-574961946.015625,2451706504.0234375,1505079550.6640625,946626953.359375,221034255.46875,554632252.1484375,3700277165.625,3936047038.125,-235769872.5,122114604.1015625,-20329693.8671875,1059600017.265625,823966585.6640625,235633431.6015625,-122251045.0,20193252.96875
2020-09-29,DJIA Consolidated - CHICAGO BOARD OF TRADE,37025,11795,17370,-5575,-15.057393652937204,31.85685347738015,46.91424713031736,592,1.5989196488858877,17123,13601,3522,9.51249155975692,46.24713031735314,36.734638757596215,29510,31563,-2053,-5.5449020931802835,79.70290344361918,85.24780553679946,7515,5462,2053,5.5449020931802835,20.297096556380822,14.75219446320054,27452.66015625,2020-10-05,2020-10-05,28148.640625,0.025352022892817905,2020-10-06,2020-10-06,27772.759765625,0.011660057989029804,2020-10-07,2020-10-07,28303.4609375,0.030991560614074043,2020-10-08,2020-10-08,28425.509765625,0.035437353022909734,2020-10-09,2020-10-09,28586.900390625,0.041316223197291,0.025352022892817905,-0.01335342847928378,0.01910869414323968,0.00431215208608271,0.0056776686269024434,0.015569482429491188,0.006027535388347882,9.783516740917065,3091.0,6.975812372065697,-2.807704368851361,-10.375142448154563,-3416.0,-5.260637841793802,5.114504606360764,-0.5916257072374984,-325.0,1.9639823864615806,2.555608093699078,0.5944921866275115,326.0,-1.9639823864615806,-2.558474573089091,0.011660057989029804,0.044700600365885634,0.031185644719937677,0.00038354377372074033,0.10501750100777185,0.20450844287204073,0.2494231191450169,5.0,DJIA x $5,137263.30078125,1619020632.7148438,2384263534.5703125,-765242901.8554688,424280862.71484375,-159362692.20703125,2350359499.2773438,1866918153.9257812,483441345.3515625,-468891435.46875,100888526.07421875,4050640006.0546875,4332441562.558594,-281801556.50390625,-44610572.75390625,-58474166.1328125,1031533705.3710938,749732148.8671875,281801556.50390625,44747836.0546875,58474166.1328125
2020-10-06,DJIA Consolidated - CHICAGO BOARD OF TRADE,42881,16678,17359,-681,-1.588115948788508,38.893682516732355,40.48179846552086,454,1.0587439658590052,18512,19536,-1024,-2.388004011100487,43.170635013176,45.55863902427649,35643,37348,-1705,-3.9761199598889947,83.12072946060026,87.09684942048926,7238,5533,1705,3.9761199598889947,16.879270539399734,12.903150579510738,27772.759765625,2020-10-12,2020-10-12,28837.51953125,0.03833827731239303,2020-10-13,2020-10-13,28679.810546875,0.032659728053842096,2020-10-14,2020-10-14,28514.0,0.026689469848525826,2020-10-15,2020-10-15,28494.19921875,0.025976512928972406,2020-10-16,2020-10-16,28606.310546875,0.03001324997171162,0.03833827731239303,-0.005468881753303956,-0.00578143801208153,-0.000694423134249833,0.003934531630958249,-0.008017644656450051,0.011660057989029804,13.469277704148697,4894.0,7.036829039352206,-6.432448664796496,-11.900495570857409,-4546.0,-3.0764953041771363,8.824000266680272,1.5687821332912888,348.0,3.4178260169810812,1.8490438836898022,-1.5687821332912888,-348.0,-3.4178260169810883,-1.8490438836898022,0.032659728053842096,0.019300541300128815,-0.01114654485591171,-0.010540200945831746,0.09429526866794857,0.20370602573775876,0.23555138792768004,5.0,DJIA x $5,138863.798828125,2315970436.8554688,2410536683.857422,-94566247.00195312,679599431.4648438,1031619161.4941406,2570646643.90625,2712843173.90625,-142196530.0,-631274829.4726562,-965936584.6484375,4949522381.630859,5186285158.6328125,-236762777.00195312,48324601.9921875,65682576.845703125,1005096175.9179688,768333398.9160156,236762777.00195312,-48324601.9921875,-65682576.845703125
2020-10-13,DJIA Consolidated - CHICAGO BOARD OF TRADE,44989,17092,16838,254,0.5645824534886306,37.99150903554202,37.42692658205339,268,0.5957011713974527,19939,21485,-1546,-3.4363955633599326,44.319722598857496,47.75611816221743,37299,38591,-1292,-2.871813109871302,82.90693280579697,85.77874591566828,7690,6398,1292,2.871813109871302,17.093067194203027,14.221254084331726,28679.810546875,2020-10-19,2020-10-19,28195.419921875,-0.016889603374760753,2020-10-20,2020-10-20,28308.7890625,-0.012936678356664677,2020-10-21,2020-10-21,28210.8203125,-0.016352626653808322,2020-10-22,2020-10-22,28363.66015625,-0.011023447665676755,2020-10-23,2020-10-23,28335.5703125,-0.012002876860443878,-0.016889603374760753,0.0040208353320903,-0.0034607184992514473,0.005417773820716398,-0.0009903462245443029,0.004970679316475213,0.032659728053842096,2.1526984022771387,935.0,-0.9021734811903315,-3.05487188346747,-1.0483915522594454,-522.0,1.1490875856814924,2.1974791379409453,1.104306850017693,413.0,-0.21379665480328924,-1.3181035048209822,-1.104306850017693,-413.0,0.2137966548032928,1.3181035048209875,-0.012936678356664677,-0.04242082045003481,-0.041833653260681336,0.025840804414963392,0.08329479381830485,0.17425006961629075,0.19869480265782036,5.0,DJIA x $5,143399.052734375,2450976609.3359375,2414553249.9414062,36423359.39453125,134078114.30664062,1175155237.1582031,2859233712.470703,3080928647.998047,-221694935.52734375,-74854305.52734375,-984291097.96875,5348641267.939453,5533912844.072266,-185271576.1328125,59223808.779296875,190864139.18945312,1102738715.5273438,917467139.3945312,185271576.1328125,-59223808.779296875,-190864139.18945312
2020-10-20,DJIA Consolidated - CHICAGO BOARD OF TRADE,47565,20699,17535,3164,6.651949963208241,43.51729212656365,36.86534216335541,274,0.5760538210869337,18498,24508,-6010,-12.635341112162305,38.88994008199306,51.52528119415537,39470,42316,-2846,-5.9833911489540625,82.9811836434353,88.96457479238936,8095,5249,2846,5.9833911489540625,17.0188163565647,11.035425207610638,28308.7890625,2020-10-26,2020-10-26,27685.380859375,-0.022021719182288013,2020-10-27,2020-10-27,27463.189453125,-0.029870568024230604,2020-10-28,2020-10-28,26519.94921875,-0.0631902636245093,2020-10-29,2020-10-29,26659.109375,-0.05827447030170896,2020-10-30,2020-10-30,26501.599609375,-0.06383845840721392,-0.022021719182288013,-0.008025586044078548,-0.03434561874122266,0.0052473764222600305,-0.005908290611265077,-0.04275835163738195,-0.012936678356664677,6.087367509719611,2910.0,5.52578309102163,-0.5615844186979828,-9.198945548802373,-4464.0,-5.429782516864435,3.7691630319379357,-3.1115780390827608,-1554.0,0.07425083763833129,3.185828876721075,3.1115780390827608,1554.0,-0.07425083763832774,-3.1858288767210876,-0.029870568024230604,-0.02927570528697887,0.03928570935760067,0.05208843598429702,0.09261189035538608,0.19472792377588122,0.2525194389441221,5.0,DJIA x $5,141543.9453125,2929818124.0234375,2481973081.0546875,447845042.96875,411892880.859375,1674464873.046875,2618279900.390625,3468959011.71875,-850679111.328125,-631852171.875,-1832711003.90625,5586739521.484375,5989573589.84375,-402834068.359375,-219959291.015625,-158246130.859375,1145798237.3046875,742964168.9453125,402834068.359375,219959291.015625,158387674.8046875
2020-10-27,DJIA Consolidated - CHICAGO BOARD OF TRADE,48635,18786,17498,1288,2.648298550426648,38.62650354682842,35.97820499640177,549,1.128816695795209,20085,25032,-4947,-10.171687056646448,41.29741955381927,51.46910661046571,39419,43078,-3659,-7.523388506219801,81.05068366402797,88.57407217024776,9216,5557,3659,7.523388506219801,18.949316335972036,11.425927829752236,27463.189453125,2020-11-02,2020-11-02,26925.05078125,-0.01959490804203612,2020-11-03,2020-11-03,27480.029296875,0.0006131787343470751,2020-11-04,2020-11-04,27847.66015625,0.013999492075791986,2020-11-05,2020-11-05,28390.1796875,0.03375391761970015,2020-11-06,2020-11-06,28323.400390625,0.03132232470552032,-0.01959490804203612,0.020611976561673684,0.013378110168783763,0.019481691754567043,-0.0023521970487704325,0.05193489218407632,-0.029870568024230604,-4.003651412781593,-1876.0,-4.890788579735236,-0.8871371669536359,2.463654055515857,1063.0,2.407479471826207,-0.05617458368966055,-1.5399973572657384,-813.0,-1.9304999794073296,-0.3905026221415966,1.5399973572657384,813.0,1.9304999794073368,0.39050262214159837,0.0006131787343470751,0.0712856193229674,0.08448254563477131,0.09405501810555639,0.12649112060725032,0.23747206221282147,0.30199294467530513,5.0,DJIA x $5,137315.947265625,2579617385.3320312,2402754445.2539062,176862940.078125,-257604717.0703125,942399346.0839844,2757990800.830078,3437292791.953125,-679301991.1230469,145966851.94335938,-1162928757.3925781,5412857325.263672,5915296376.308594,-502439051.0449219,-111637865.12695312,-220529411.30859375,1265503770.0,763064718.9550781,502439051.0449219,111637865.12695312,220529411.30859375
2020-11-03,DJIA Consolidated - CHICAGO BOARD OF TRADE,44597,14304,16069,-1765,-3.957665313810346,32.073906316568376,36.03157163037872,481,1.0785478843868423,22010,22601,-591,-1.3252012467206313,49.35309549969729,50.678296746417914,36795,39151,-2356,-5.2828665605309775,82.50554970065251,87.78841626118349,7803,5447,2356,5.2828665605309775,17.496692602641435,12.213826042110455,27480.029296875,2020-11-09,2020-11-09,29157.970703125,0.06106039364524318,2020-11-10,2020-11-10,29420.919921875,0.07062913230666457,2020-11-11,2020-11-11,29397.630859375,0.06978164185283697,2020-11-12,2020-11-12,29080.169921875,0.0582292183066182,2020-11-13,2020-11-13,29479.810546875,0.07277216586619195,0.06106039364524318,0.009018090505242826,-0.0007915817235437661,-0.01079886127622287,0.0137427197321629,0.011037799819021865,0.0006131787343470751,-6.605963864236994,-3053.0,-6.552597230260041,0.05336663397694963,8.846485809925817,4356.0,8.055675945878022,-0.7908098640477945,2.2405219456888235,1303.0,1.4548660366245372,-0.7856559090642747,-2.2405219456888235,-1303.0,-1.4526237333306007,0.7878982123582183,0.07062913230666457,0.0838179715027425,0.09338457793390442,0.085294327734452,0.11671935052266291,0.2421031608536739,0.31195744068401954,5.0,DJIA x $5,137400.146484375,1965371695.3125,2207882953.857422,-242511258.54492188,-419482647.2167969,-148941758.7890625,3024177224.1210938,3105380710.6933594,-81203486.57226562,598515038.0859375,59494263.427734375,5055638389.892578,5379353135.009766,-323714745.1171875,179032390.86914062,-89447495.36132812,1072133343.0175781,748418597.9003906,323714745.1171875,-179032390.86914062,89447495.36132812
2020-11-10,DJIA Consolidated - CHICAGO BOARD OF TRADE,46842,16613,17101,-488,-1.0418000939327954,35.46603475513428,36.50783484906708,300,0.6404508774177021,22035,23858,-1823,-3.8918064984415697,47.04111694633022,50.93292344477178,38948,41259,-2311,-4.933606592374365,83.1476025788822,88.08120917125657,7894,5583,2311,4.933606592374365,16.8523974211178,11.918790828743434,29420.919921875,2020-11-16,2020-11-16,29950.439453125,0.017998061673669463,2020-11-17,2020-11-17,29783.349609375,0.012318774819495948,2020-11-18,2020-11-18,29438.419921875,0.0005948148476142556,2020-11-19,2020-11-19,29483.23046875,0.002117899339669327,2020-11-20,2020-11-20,29263.48046875,-0.00535127567537208,0.017998061673669463,-0.005578877866266652,-0.01158129263578278,0.001522179077338981,-0.007453389486369866,-0.02293652436887106,0.07062913230666457,2.915865219877551,1277.0,3.392128438565905,0.4762632186883593,-2.5666052517209383,-1232.0,-2.3119785533670694,0.2546266983538672,0.34925996815661264,45.0,0.6420528782296913,0.2927929100730893,-0.34925996815661264,-45.0,-0.6442951815236349,-0.29503521336702043,0.012318774819495948,0.021254274650843286,0.013697736205058764,0.025592705445629527,0.06644626209653248,0.164788872926106,0.2344950655926099,5.0,DJIA x $5,147104.599609375,2443848713.310547,2515635757.919922,-71787044.609375,187852573.70117188,-109151612.91015625,3241449852.392578,3509621537.4804688,-268171685.08789062,-181232866.71875,-40747974.091796875,5729429945.5859375,6069388675.283203,-339958729.6972656,6619706.982421875,-149899587.00195312,1161243709.3164062,821284979.6191406,339958729.6972656,-6619706.982421875,149899587.00195312
2020-11-17,DJIA Consolidated - CHICAGO BOARD OF TRADE,47984,14922,17308,-2386,-4.972490830276759,31.097865955318436,36.070356785595195,238,0.49599866622207406,24371,24031,340,0.7085695231743915,50.789846615538515,50.08127709236412,39530,41576,-2046,-4.263921307102367,82.38162720906969,86.64554851617206,8454,6408,2046,4.263921307102367,17.61837279093031,13.354451483827942,29783.349609375,2020-11-23,2020-11-23,29591.26953125,-0.006449243642647207,2020-11-24,2020-11-24,30046.240234375,0.00882676490213341,2020-11-25,2020-11-25,29872.470703125,0.0029923126484721063,2020-11-26,2020-11-27,29910.369140625,0.00426478327373947,2020-11-27,2020-11-27,29910.369140625,0.00426478327373947,-0.006449243642647207,0.015375166741140589,-0.005783403510539631,0.0012686743549483737,0.0,0.010783572804742736,0.012318774819495948,-3.930690736343964,-1898.0,-4.3681687998158445,-0.437478063471886,4.600376021615961,2163.0,3.748729669208295,-0.8516463524076627,0.6696852852719974,265.0,-0.7659753698125087,-1.4356606550845186,-0.6696852852719974,-265.0,0.7659753698125087,1.435660655084508,0.00882676490213341,0.0013621809847481625,0.013112401899787463,0.013966224180810949,0.05840177191075524,0.143614153645385,0.21350416336728628,5.0,DJIA x $5,148916.748046875,2222135714.3554688,2577451075.1953125,-355315360.83984375,-282643987.79296875,-826487951.6601562,3629250066.6503906,3578618372.314453,50631694.3359375,322106926.0253906,945621350.0976562,5886679050.292969,6191362716.796875,-304683666.50390625,39462938.232421875,119133398.4375,1258942187.9882812,954258521.484375,304683666.50390625,-39462938.232421875,-119133398.4375
2020-11-24,DJIA Consolidated - CHICAGO BOARD OF TRADE,49293,13047,17886,-4839,-9.816809689002495,26.468261213559735,36.285070902562225,1386,2.8117582618221655,26142,23901,2241,4.546284462296877,53.033899336619804,48.48761487432293,40574,43172,-2598,-5.270525226705618,82.31189012638711,87.58241535309274,8719,6121,2598,5.270525226705618,17.688109873612888,12.417584646907269,30046.240234375,2020-11-30,2020-11-30,29638.640625,-0.01356574420611456,2020-12-01,2020-12-01,29823.919921875,-0.0073992722805181765,2020-12-02,2020-12-02,29883.7890625,-0.005406705484872765,2020-12-03,2020-12-03,29969.51953125,-0.0025534210778633826,2020-12-04,2020-12-04,30218.259765625,0.0057251599504020145,-0.01356574420611456,0.006251275124902866,0.0020074202446167533,0.002868795137413782,0.008299773845744651,0.01955619854360302,0.00882676490213341,-4.844318858725736,-2453.0,-4.629604741758701,0.21471411696703058,3.8377149391224856,1901.0,2.244052721081289,-1.5936622180411888,-1.0066039196032506,-552.0,-0.06973708268257894,0.9368668369206858,1.0066039196032506,552.0,0.06973708268257894,-0.9368668369206734,-0.0073992722805181765,0.004248139667537121,0.0050944914007868825,0.005664901267089961,0.04962715345975521,0.1419885040473099,0.19195614831956598,5.0,DJIA x $5,150231.201171875,1960066481.6894531,2687035264.1601562,-726968782.4707031,-368517136.4746094,-920466569.5800781,3927344061.0351562,3590675939.2089844,336668121.8261719,285589513.4277344,1079861874.0234375,6095480756.347656,6485781416.9921875,-390300660.64453125,-82927623.046875,159395304.44335938,1309865843.0175781,919565182.3730469,390300660.64453125,82927623.046875,-159395304.44335938
2020-12-01,DJIA Consolidated - CHICAGO BOARD OF TRADE,47034,10522,18653,-8131,-17.287494153165795,22.371050729259682,39.65854488242548,680,1.4457626397924905,26550,21590,4960,10.545562784368755,56.44852659778032,45.902963813411574,37752,40922,-3170,-6.739805247267934,80.2653399668325,87.00514521410044,9282,6112,3170,6.739805247267934,19.734660033167494,12.994854785899562,29823.919921875,2020-12-07,2020-12-07,30069.7890625,0.008244024972876351,2020-12-08,2020-12-08,30173.880859375,0.011734236760852834,2020-12-09,2020-12-09,30068.810546875,0.008211215213878686,2020-12-10,2020-12-10,29999.259765625,0.00587916827195456,2020-12-11,2020-12-11,30046.369140625,0.007458751878784309,0.008244024972876351,0.0034616736638439782,-0.003482161044834786,-0.00231305395807313,0.0015703512475990777,-0.0007788522169650536,-0.0073992722805181765,-7.4706844641633,-3292.0,-4.097210484300053,3.373473979863256,5.999278322071878,2719.0,3.4146272611605184,-2.584651060911355,-1.4692800205623158,-572.0,-2.046550159554613,-0.5772701389923043,1.4692800205623158,572.0,2.046550159554606,0.5772701389922936,0.011734236760852834,0.012586897563544586,0.013161559510059373,0.017159045535950712,0.05256182331099968,0.15931469385384145,0.15624367421625118,5.0,DJIA x $5,149119.599609375,1569036427.0898438,2781527891.513672,-1212491464.4238281,-490901721.9140625,-949295371.1132812,3959125369.6289062,3219492155.5664062,739633214.0625,405456191.3378906,827762897.4316406,5629563124.453125,6102272255.214844,-472709130.76171875,-85296410.9765625,-121383354.08203125,1384128123.5742188,911418992.8125,472709130.76171875,85296410.9765625,121383354.08203125
2020-12-08,DJIA Consolidated - CHICAGO BOARD OF TRADE,51358,12544,18871,-6327,-12.319404961252385,24.42462712722458,36.74403208847696,572,1.1137505354569883,29563,24253,5310,10.339187663070993,57.562599789711435,47.22341212664045,42679,43695,-1016,-1.9782701818606645,83.10097745239301,85.07924763425368,8679,7663,1016,1.9782701818606645,16.899022547606993,14.92075236574633,30173.880859375,2020-12-14,2020-12-14,29861.55078125,-0.01035100786606169,2020-12-15,2020-12-15,30199.310546875,0.0008427715221159815,2020-12-16,2020-12-16,30154.5390625,-0.0006410112429734438,2020-12-17,2020-12-17,30303.369140625,0.004291402947253609,2020-12-18,2020-12-18,30179.05078125,0.0001713376512320064,-0.01035100786606169,0.011310858170067828,-0.0014825333282196818,0.004935577951184378,-0.00410245998714176,0.010632401589784735,0.011734236760852834,4.9680891919134105,1804.0,2.053576397964896,-2.914512793948518,-0.20637512129776248,350.0,1.1140731919311122,1.320448313228873,4.761535065407269,2154.0,2.835637485560511,-1.9258975798467617,-4.761535065407269,-2154.0,-2.8356374855605004,1.925897579846767,0.0008427715221159815,0.0014107684581041724,0.005361891075729153,0.0072154705924198925,0.054976666168037536,0.14668114697449885,0.18378639638599892,5.0,DJIA x $5,150869.404296875,1892505807.5,2847056528.486328,-954550720.9863281,272168405.3515625,-880926451.6894531,4460152199.228516,3659035662.4121094,801116536.8164062,52804291.50390625,1076151460.8496094,6438955305.986328,6592238620.751953,-153283314.765625,324972696.85546875,195375878.56445312,1309395559.8925781,1156112245.1269531,153283314.765625,-324972696.85546875,-195375878.56445312
2020-12-15,DJIA Consolidated - CHICAGO BOARD OF TRADE,53587,10773,19593,-8820,-16.459215854591598,20.103756508108308,36.56297236269991,1089,2.032209304495493,32011,25702,6309,11.773377871498685,59.73650325638681,47.96312538488813,43872,46383,-2511,-4.685837983092914,81.87060294474406,86.55644092783697,9715,7204,2511,4.685837983092914,18.12939705525594,13.443559072163024,30199.310546875,2020-12-21,2020-12-21,30216.44921875,0.0005675186474338734,2020-12-22,2020-12-22,30015.509765625,-0.006086257531101813,2020-12-23,2020-12-23,30129.830078125,-0.002300730297870701,2020-12-24,2020-12-24,30199.869140625,1.84969040644134e-05,2020-12-25,2020-12-28,30403.970703125,0.006776981081482836,0.0005675186474338734,-0.006650002178294034,0.003808708011047157,0.0023245754230405424,0.00675835916869727,0.006205940447120417,0.0008427715221159815,-4.139810893339213,-2493.0,-4.3208706191162705,-0.18105972577705387,1.434190208427692,999.0,2.1739034666753767,0.7397132582476829,-2.7075678012322495,-1495.0,-1.2303745076489463,1.4771932935832979,2.7075678012322495,1495.0,1.2303745076489463,-1.477193293583305,0.0005675186474338734,0.004515314175412843,0.006367332863494779,0.028788038220295187,0.08697677610215515,0.13576527092434776,0.17698646240048288,5.0,DJIA x $5,150996.552734375,1626685862.6074219,2958475457.7246094,-1331789595.1171875,-376434405.9667969,-971511820.2929688,4833550649.580078,3880913398.3789062,952637251.2011719,150845556.18164062,901298423.2714844,6624520761.5625,7003673105.478516,-379152343.9160156,-225739846.33789062,-70213397.02148438,1466931509.8144531,1087779165.8984375,379152343.9160156,225739846.33789062,70213397.02148438
2020-12-21,DJIA Consolidated - CHICAGO BOARD OF TRADE,40772,11718,18217,-6499,-15.939860688707938,28.740311978808986,44.68017266751692,935,2.2932404591386244,20345,14971,5374,13.1806141469636,49.89944079270087,36.718826645737266,32997,34123,-1126,-2.761699205336996,80.93054056705581,83.69223977239282,7775,6650,1125,2.7592465417443344,19.06945943294418,16.310212891199843,30216.44921875,2020-12-28,2020-12-28,30403.970703125,0.006205940447120417,2020-12-29,2020-12-29,30335.669921875,0.003945556351175217,2020-12-30,2020-12-30,30409.560546875,0.006390933849539371,2020-12-31,2020-12-31,30606.48046875,0.012907911421901286,2021-01-01,2021-01-04,30223.890625,0.0002462700430525544,0.006205940447120417,-0.0022464428056753194,0.0024357670422407995,0.006475592489127102,-0.012500288758801714,-0.005922913157737297,0.0005675186474338734,0.5193551658836597,2321.0,8.636555470700678,8.117200304817011,1.407236275464916,-935.0,-9.837062463685939,-11.244298739150864,1.924138777755918,1385.0,-0.9400623776882497,-2.8642011554441495,-1.9265914413485796,-1386.0,0.9400623776882391,2.8666538190368183,0.003945556351175217,0.005796524580271134,0.028204512985799957,0.023631840635229384,0.07302979764100437,0.1234138690238955,0.17461515619532042,5.0,DJIA x $5,151082.24609375,1770381759.7265625,2752265277.0898438,-981883517.3632812,350661893.18359375,-250796528.515625,3073768296.7773438,2261852306.2695312,811915990.5078125,-141261900.09765625,473340677.01171875,4985260874.355469,5155379483.457031,-170118609.1015625,209248910.83984375,222393066.25,1174664463.3789062,1004696936.5234375,169967526.85546875,-209399993.0859375,-222544148.49609375
2020-12-29,DJIA Consolidated - CHICAGO BOARD OF TRADE,40919,11914,18146,-6232,-15.230088711845353,29.11605855470564,44.346147266550986,741,1.810894694396246,19855,16466,3389,8.282216085437083,48.52269117036096,40.24047508492387,32509,35352,-2843,-6.94787262640827,79.44720056697378,86.39507319338205,8410,5568,2842,6.945428773919206,20.552799433026223,13.607370659107016,30335.669921875,2021-01-04,2021-01-04,30223.890625,-0.003684747927534482,2021-01-05,2021-01-05,30391.599609375,0.0018436938311907625,2021-01-06,2021-01-06,30829.400390625,0.016275574926201797,2021-01-07,2021-01-07,31041.130859375,0.023255162629235215,2021-01-08,2021-01-08,31097.970703125,0.025128859300394213,-0.003684747927534482,0.00554888801232889,0.014405322091534556,0.006867810144448594,0.0018311138214486267,0.028920170767227305,0.003945556351175217,0.7097719768625854,267.0,0.3757465758966525,-0.3340254009659347,-4.8983980615265175,-1985.0,-1.376749622339915,3.521648439186606,-4.186173421071274,-1717.0,-1.4833400000820376,2.702833420989222,4.186182232174872,1717.0,1.4833400000820447,-2.702842232092827,0.0018436938311907625,0.02416361771926523,0.019608916200200888,0.01982382924701298,0.09003562547519262,0.13042794673118085,0.19984859511058017,5.0,DJIA x $5,151678.349609375,1807095857.2460938,2752355332.0117188,-945259474.765625,40498119.345703125,288037185.9082031,3011573631.4941406,2497535704.6679688,514037926.8261719,-301081523.9746094,-238286687.23632812,4930911467.451172,5362133015.390625,-431221547.9394531,-260431726.27929688,49598820.322265625,1275614920.2148438,844545050.625,431069869.58984375,260431726.27929688,-49750498.671875
2021-01-05,DJIA Consolidated - CHICAGO BOARD OF TRADE,40600,12039,18369,-6330,-15.591133004926109,29.65270935960591,45.24384236453202,554,1.3645320197044335,19455,16290,3165,7.795566502463054,47.918719211822655,40.12315270935961,32048,35213,-3165,-7.795566502463054,78.935960591133,86.73152709359606,8552,5387,3165,7.795566502463054,21.064039408866993,13.268472906403941,30391.599609375,2021-01-11,2021-01-11,31008.689453125,0.02030461876576073,2021-01-12,2021-01-12,31068.689453125,0.022278848512505833,2021-01-13,2021-01-13,31060.470703125,0.02200842016698812,2021-01-14,2021-01-14,30991.51953125,0.019739662590511964,2021-01-15,2021-01-15,30814.259765625,0.01390713755387929,0.02030461876576073,0.00193494149730844,-0.0002645348144600934,-0.0022199010611922976,-0.005719621635404515,-0.00627016784420753,0.0018436938311907625,-0.3610442930807558,-98.0,0.5366508049002725,0.8976950979810354,-0.48664958297402894,-224.0,-0.6039719585383025,-0.11732237556426384,-0.8476938760547839,-322.0,-0.5112399758407804,0.33645390021401056,0.8501377285438485,323.0,0.5112399758407697,-0.3388977527030743,0.022278848512505833,0.017732529014654386,0.017947046556797464,0.00973561323451122,0.09998284759376941,0.1377279096255204,0.21084934358467544,5.0,DJIA x $5,151957.998046875,1829422338.4863281,2791316466.123047,-961894127.6367188,-14891883.80859375,-455873.994140625,2956342852.001953,2475395788.1835938,480947063.8183594,-34038591.5625,-325949905.8105469,4869949921.40625,5350896985.224609,-480947063.8183594,-48930475.37109375,-326557737.8027344,1299544799.296875,818597735.4785156,480947063.8183594,49082433.369140625,326557737.8027344
2021-01-12,DJIA Consolidated - CHICAGO BOARD OF TRADE,42106,12138,18299,-6161,-14.632118937918587,28.82724552320334,43.45936446112193,700,1.6624709067591317,20219,16943,3276,7.780363843632736,48.01928466251841,40.238920818885674,33057,35942,-2885,-6.851755094285849,78.50900109248087,85.36075618676674,9049,6164,2885,6.851755094285849,21.490998907519117,14.639243813233268,31068.689453125,2021-01-18,2021-01-19,30930.51953125,-0.004447240109160866,2021-01-19,2021-01-19,30930.51953125,-0.004447240109160866,2021-01-20,2021-01-20,31188.380859375,0.003852476829786511,2021-01-21,2021-01-21,31176.009765625,0.0034542915838764454,2021-01-22,2021-01-22,30996.98046875,-0.0023080788291115484,-0.004447240109160866,0.0,0.008336792657636316,-0.0003966571334940161,-0.005742534026031754,0.0021487171411023187,0.022278848512505833,0.9590140670075211,169.0,-0.8254638364025695,-1.7844779034100924,-0.015202658830318683,111.0,0.10056545069575407,0.11576810952606564,0.9438114081772051,280.0,-0.4269594986521241,-1.3707709068293212,-0.9438114081772051,-280.0,0.4269594986521241,1.3707709068293266,-0.004447240109160866,-0.0042373976161314,-0.012269876556915915,0.009885857125174091,0.08396170305351003,0.12295657385673087,0.16683452599265158,5.0,DJIA x $5,155343.447265625,1885558762.9101562,2842629741.513672,-957070978.6035156,26253042.587890625,413058226.2792969,3140889160.263672,2631984027.0214844,508905133.2421875,17243122.646484375,-471156675.5566406,5135188336.259766,5583354181.621094,-448165845.3613281,43496165.234375,-58098449.27734375,1405702854.3066406,957537008.9453125,448165845.3613281,-43496165.234375,58098449.27734375
2021-01-19,DJIA Consolidated - CHICAGO BOARD OF TRADE,43314,11133,17992,-6859,-15.835526619568729,25.70300595650367,41.5385325760724,965,2.2279170706930786,22747,18884,3863,8.918594449831463,52.51650736482431,43.59791291499284,34844,37841,-2997,-6.919240892090317,80.44512166966801,87.36436256175833,8470,5473,2997,6.919240892090317,19.554878330331995,12.635637438241677,30930.51953125,2021-01-25,2021-01-25,30960.0,0.00095311909391671,2021-01-26,2021-01-26,30937.0390625,0.00021077988177387041,2021-01-27,2021-01-27,30303.169921875,-0.020282543548651666,2021-01-28,2021-01-28,30603.359375,-0.010577260298504254,2021-01-29,2021-01-29,29982.619140625,-0.030646119269587713,0.00095311909391671,-0.0007416323481912457,-0.02048900476042448,0.009906206311053323,-0.020283401791572064,-0.03156914920461884,-0.004447240109160866,-1.2034076816501411,-698.0,-3.1242395666996714,-1.9208318850495303,1.1382306061987277,587.0,4.497222702305898,3.3589920961071655,-0.0674857978044674,-112.0,1.9361205771871397,2.003606374991591,0.0674857978044674,112.0,-1.936120577187122,-2.003606374991591,0.00021077988177387041,-0.007857580997126523,0.014397124704778719,0.019147123220857987,0.09346048155057218,0.11579077248869152,0.14348123749638964,5.0,DJIA x $5,154652.59765625,1721747369.7070312,2782509537.03125,-1060762167.3242188,-107947513.1640625,-55674935.15625,3517882638.8867188,2920459654.140625,597422984.7460938,90781074.82421875,-233680075.05859375,5388715112.734375,5852208947.910156,-463493835.17578125,-17321090.9375,-289355010.21484375,1309907502.1484375,846413666.9726562,463493835.17578125,17321090.9375,289509662.8125
2021-01-26,DJIA Consolidated - CHICAGO BOARD OF TRADE,44757,11463,19124,-7661,-17.116875572536138,25.611636168644008,42.72851174118016,1388,3.1011908751703645,23821,18477,5344,11.940031726880711,53.22295953705566,41.28292781017495,36671,38988,-2317,-5.176843845655428,81.93355229349599,87.11039613915142,8086,5769,2317,5.176843845655428,18.06644770650401,12.889603860848583,30937.0390625,2021-02-01,2021-02-01,30211.91015625,-0.023438859316338267,2021-02-02,2021-02-02,30687.48046875,-0.008066660589135077,2021-02-03,2021-02-03,30723.599609375,-0.006899155820755953,2021-02-04,2021-02-04,31055.859375,0.003840713788412442,2021-02-05,2021-02-05,31148.240234375,0.00682680625797194,-0.023438859316338267,0.015741153407396125,0.0011769992216135172,0.010814480394530701,0.0029746676226054536,0.03099208468721404,0.00021077988177387041,-1.2813489529674094,-802.0,-0.09136978785966221,1.1899791651077578,3.021437277049248,1481.0,0.7064521722313515,-2.314985104817893,1.7423970464348884,680.0,1.4884306238279805,-0.2539664226069078,-1.7423970464348884,-680.0,-1.488430623827984,0.25396642260690605,-0.008066660589135077,0.014183355257060715,0.018932352780003603,0.01940426637669601,0.09851914460341704,0.13322155557368154,0.10863002756859252,5.0,DJIA x $5,154685.1953125,1773156393.8671875,2958199675.15625,-1185043281.2890625,-124057526.640625,-221045144.1015625,3684756037.5390625,2858118353.7890625,826637683.75,229088774.2578125,302409556.8359375,5672460797.3046875,6030866394.84375,-358405597.5390625,105185932.8125,81364412.734375,1250784489.296875,892378891.7578125,358405597.5390625,-105185932.8125,-81209727.5390625
2021-02-02,DJIA Consolidated - CHICAGO BOARD OF TRADE,49889,16659,19524,-2865,-5.742748902563691,33.392130529776104,39.134879432339794,1051,2.106676822546052,22790,23129,-339,-0.6795085088897352,45.68141273627453,46.36092124516426,40500,43704,-3204,-6.422257411453426,81.18022008859668,87.60247750005011,9390,6186,3204,6.422257411453426,18.821784361282045,12.39952694982862,30687.48046875,2021-02-08,2021-02-08,31385.759765625,0.022754533321367898,2021-02-09,2021-02-09,31375.830078125,0.02243095877734147,2021-02-10,2021-02-10,31437.80078125,0.024450371977069674,2021-02-11,2021-02-11,31430.69921875,0.024218956351168774,2021-02-12,2021-02-12,31458.400390625,0.025121642770902897,0.022754533321367898,-0.00031637556567531977,0.0019751095977602606,-0.00022589247095916587,0.0008813412543642318,0.002314445326238701,-0.008066660589135077,11.374126669972448,4796.0,7.780494361132096,-3.5936323088403626,-12.619540235770447,-5683.0,-7.541546800781127,5.077993434989317,-1.245413565797998,-887.0,-0.7533322048993085,0.4920813608986947,1.245413565797998,887.0,0.7553366547780342,-0.49007691101996365,0.02243095877734147,0.027218576386568438,0.02769432770769331,0.02294222437768867,0.11227871199001527,0.14432328431980923,0.15373558664433973,5.0,DJIA x $5,153437.40234375,2556113685.6445312,2995711843.359375,-439598157.71484375,735885781.640625,531660599.12109375,3496838399.4140625,3548853678.8085938,-52015279.39453125,-871984757.5195312,-537644657.8125,6214214794.921875,6705828232.03125,-491613437.109375,-136098975.87890625,-5984058.69140625,1440777208.0078125,949163770.8984375,491613437.109375,136098975.87890625,5984058.69140625
2021-02-09,DJIA Consolidated - CHICAGO BOARD OF TRADE,49829,17483,19406,-1923,-3.859198458728853,35.08599409982139,38.94519255855024,974,1.9546850227779005,22152,22931,-779,-1.5633466455277047,44.45603965562223,46.019386301149936,40608,43310,-2702,-5.422545104256558,81.49471191474844,86.917257019005,9221,6519,2702,5.422545104256558,18.50528808525156,13.082742980995002,31375.830078125,2021-02-15,2021-02-16,31522.75,0.004682582787743694,2021-02-16,2021-02-16,31522.75,0.004682582787743694,2021-02-17,2021-02-17,31613.01953125,0.007559623204689947,2021-02-18,2021-02-18,31493.33984375,0.003745232088916861,2021-02-19,2021-02-19,31494.3203125,0.0037764812621678967,0.004682582787743694,0.0,0.0028636312266536734,-0.0037857721051193227,3.1132574533687674e-05,-0.0009018784052787776,0.02243095877734147,1.8835504438348383,942.0,1.6938635700452878,-0.1896868737895545,-0.8838381366379695,-440.0,-1.2253730806523038,-0.3415349440143274,0.9997123071968685,502.0,0.31449182615175175,-0.685220481045107,-0.9997123071968685,-502.0,-0.3164962760304846,0.6832160311663831,0.004682582787743694,0.00514789667230553,0.0005000490213624698,0.014562488230982495,0.09221525202427094,0.12394386976191174,0.13025794574035476,5.0,DJIA x $5,156879.150390625,2742718186.279297,3044396792.4804688,-301678606.2011719,147780159.66796875,664853839.3554688,3475186939.453125,3597395797.607422,-122208858.15429688,-69026826.171875,-636144954.8339844,6370548539.0625,6794436003.417969,-423887464.35546875,78753333.49609375,28708884.521484375,1446582645.7519531,1022695181.3964844,423887464.35546875,-78753333.49609375,-28708884.521484375
2021-02-16,DJIA Consolidated - CHICAGO BOARD OF TRADE,46942,14839,18590,-3751,-7.990711942397001,31.61135017681394,39.60206211921094,936,1.9939499808274042,22049,20894,1155,2.4604831494184314,46.970729836819906,44.51024668740147,37824,40419,-2595,-5.528098504537515,80.57602999446125,86.10412849899876,9119,6523,2596,5.530228792978569,19.426100293979808,13.895871501001237,31522.75,2021-02-22,2021-02-22,31521.689453125,-3.3643856421128326e-05,2021-02-23,2021-02-23,31537.349609375,0.0004631451689651733,2021-02-24,2021-02-24,31961.859375,0.013929919661197054,2021-02-25,2021-02-25,31402.009765625,-0.0038302570167577654,2021-02-26,2021-02-26,30932.369140625,-0.01872872320387653,-3.3643856421128326e-05,0.0004968057398473391,0.013460540308016578,-0.01751617772941283,-0.014955750555625369,-0.01869570834318257,0.004682582787743694,-4.131513483668149,-1828.0,-3.474643923007452,0.6568695606607022,4.023829794946137,1934.0,2.514690181197679,-1.5091396137484665,-0.10555340028095728,107.0,-0.9186819202871845,-0.813128520006245,0.10768368872201162,-106.0,0.9208122087282469,0.8131285200062344,0.0004631451689651733,-0.004163039986993522,0.009833857590946238,0.04134154598662865,0.08051042996724589,0.12119917361270827,0.10995518613541022,5.0,DJIA x $5,157613.75,2338830436.25,2930039612.5,-591209176.25,-288117935.0,489863535.0,3475225573.75,3293181692.5,182043881.25,304824992.5,-426818035.0,5961582480.0,6370590161.25,-409007681.25,16864671.25,63360727.5,1437279786.25,1028114491.25,409165295.0,-16707057.5,-63203113.75
2021-02-23,DJIA Consolidated - CHICAGO BOARD OF TRADE,46040,14760,18113,-3353,-7.282797567332754,32.059079061685495,39.341876629018245,917,1.9917463075586446,21400,20902,498,1.0816681146828844,46.48132059079062,45.39965247610773,37076,39932,-2856,-6.203301476976542,80.52997393570807,86.73327541268462,8964,6108,2856,6.203301476976542,19.470026064291922,13.266724587315379,31537.349609375,2021-03-01,2021-03-01,31535.509765625,-5.833856594761322e-05,2021-03-02,2021-03-02,31391.51953125,-0.004624043552526325,2021-03-03,2021-03-03,31270.08984375,-0.008474388905069907,2021-03-04,2021-03-04,30924.140625,-0.01944389721933748,2021-03-05,2021-03-05,31496.30078125,-0.0013015940982179508,-5.833856594761322e-05,-0.004565971358799992,-0.003868232226831747,-0.011063262704988586,0.018502055180393606,-0.0012433280662467183,0.0004631451689651733,0.7079143750642478,398.0,0.44772888487155527,-0.260185490192697,-1.378815034735547,-657.0,-0.4894092460292896,0.889405788706263,-0.6752029724390276,-261.0,-0.046056058753180196,0.6291469136858581,0.6730726839979733,260.0,0.04392577031211431,-0.6291469136858581,-0.004624043552526325,0.009366374430912483,0.04085947694830838,0.02808735649068872,0.08799443715143562,0.12140881072126586,0.0652959044159136,5.0,DJIA x $5,157686.748046875,2327456401.171875,2856180067.373047,-528723666.2011719,62759325.72265625,679314510.5859375,3374496408.203125,3295968407.6757812,78528000.52734375,-103600193.46679688,-764149981.0351562,5846393870.5859375,6296747223.0078125,-450353352.421875,-41156241.240234375,-84993157.19726562,1413504009.4921875,963150657.0703125,450353352.421875,40998554.4921875,84993157.19726562
2021-03-02,DJIA Consolidated - CHICAGO BOARD OF TRADE,44698,9925,20341,-10416,-23.30305606514833,22.204572911539668,45.507628976688,1504,3.3648037943532145,24775,16922,7853,17.569018748042417,55.42753590764688,37.85851715960445,36203,38766,-2563,-5.73403731710591,80.99467537697436,86.72871269408027,8495,5932,2563,5.73403731710591,19.005324623025636,13.271287305919726,31391.51953125,2021-03-08,2021-03-08,31802.439453125,0.013090157087360277,2021-03-09,2021-03-09,31832.740234375,0.014055410815197122,2021-03-10,2021-03-10,32297.01953125,0.028845370135669457,2021-03-11,2021-03-11,32485.58984375,0.03485241647543891,2021-03-12,2021-03-12,32778.640625,0.04418776518190315,0.013090157087360277,0.0009527816661567545,0.014584961692164944,0.005838628927277378,0.00902094690782973,0.030695795311987517,-0.004624043552526325,-16.020258497815576,-7063.0,-9.854506150145827,6.165752347669752,16.487350633359533,7355.0,8.94621531685626,-7.541135316503279,0.4692641598706322,293.0,0.46470144126628554,-0.004562718604347538,-0.4692641598706322,-293.0,-0.46470144126628554,0.004562718604347538,0.014055410815197122,0.04569481531698516,0.03286336165880788,0.0533724213185065,0.1014219480306,0.12644214095939765,0.06063515611613357,5.0,DJIA x $5,156957.59765625,1557804156.7382812,3192674493.9257812,-1634870337.1875,-1108591512.2460938,-1185186819.9023438,3888624481.9335938,2656036467.5390625,1232588014.3945312,1154423130.7617188,1285796640.0,5682335907.949219,6084618230.7421875,-402282322.79296875,45988576.11328125,100609820.09765625,1333354792.0898438,931072469.296875,402282322.79296875,-45988576.11328125,-100609820.09765625
2021-03-09,DJIA Consolidated - CHICAGO BOARD OF TRADE,46402,8133,20283,-12150,-26.18421619757769,17.527261755958794,43.71147795353649,679,1.4632989957329425,28997,19022,9975,21.49691823628292,62.490840912029654,40.99392267574674,37808,39983,-2175,-4.687297961294772,81.47924658419896,86.16654454549374,8595,6419,2176,4.689453040817206,18.522908495323477,13.833455454506272,31832.740234375,2021-03-15,2021-03-15,32953.4609375,0.035206541908533895,2021-03-16,2021-03-16,32825.94921875,0.031200863546848145,2021-03-17,2021-03-17,33015.37109375,0.03715139980622584,2021-03-18,2021-03-18,32862.30078125,0.032342818723573696,2021-03-19,2021-03-19,32627.970703125,0.02498152728589975,0.035206541908533895,-0.003869448462237135,0.0057704919281298395,-0.004636334756478844,-0.007130665612393727,-0.00987727009895345,0.014055410815197122,-2.881160132429361,-1734.0,-4.677311155580874,-1.7961510231515092,3.9278994882405023,2122.0,7.0633050043827765,3.135405516142285,1.0467393558111384,388.0,0.48457120722460445,-0.5621681485865366,-1.0445842762887043,-387.0,-0.4824161277021588,0.5621681485865455,0.031200863546848145,0.018547261464234133,0.038772053365114134,0.05018411971803549,0.08692560105576241,0.10263834472210487,0.02512822913565005,5.0,DJIA x $5,159163.701171875,1294478381.6308594,3228317350.8691406,-1933838969.2382812,-275989857.83203125,-1627767171.8847656,4615269842.880859,3027611923.6914062,1587657919.1894531,337745373.88671875,1711646442.4023438,6017661213.90625,6363842263.955078,-346181050.0488281,61755516.0546875,83879270.51757812,1368012011.5722656,1021671797.8222656,346340213.75,-61596352.353515625,-83720106.81640625
2021-03-16,DJIA Consolidated - CHICAGO BOARD OF TRADE,54432,9342,18687,-9345,-17.168209876543212,17.16269841269841,34.33090828924163,1790,3.288506760728983,33609,26901,6708,12.32363315696649,61.744929453262785,49.4212962962963,44741,47378,-2637,-4.844576719576719,82.19613462669018,87.0407113462669,9691,7054,2637,4.844576719576719,17.80386537330982,12.959288653733097,32825.94921875,2021-03-22,2021-03-22,32731.19921875,-0.00288643595250182,2021-03-23,2021-03-23,32423.150390625,-0.012270744265177935,2021-03-24,2021-03-24,32420.060546875,-0.012364872350535405,2021-03-25,2021-03-25,32619.48046875,-0.00628980288198544,2021-03-26,2021-03-26,33072.87890625,0.007522392904908193,-0.00288643595250182,-0.009411473929392011,-9.529745606995377e-05,0.006151127373333232,0.013899621667315065,0.010438960247575402,0.031200863546848145,9.016006321034478,2805.0,-0.3645633432603823,-9.38056966429486,-9.173285079316429,-3267.0,-0.7459114587668694,8.42737362054956,-0.15727875828194726,-462.0,0.7168880424912203,0.8741668007731676,0.15512367875951316,461.0,-0.7190431220136588,-0.8741668007731747,-0.012270744265177935,0.007342109656720552,0.018408883120882624,0.025934369995726847,0.044884578856547286,0.0533608664924603,0.02188483934501617,5.0,DJIA x $5,164129.74609375,1533300088.0078125,3067092565.2539062,-1533792477.2460938,460383937.79296875,-918141799.6484375,5516236636.464844,4415254299.667969,1100982336.796875,-536211880.48828125,911412480.0585938,7343328969.980469,7776139110.4296875,-432810140.44921875,-75827942.6953125,-6893449.3359375,1590581369.3945312,1157771228.9453125,432810140.44921875,75663812.94921875,6729319.58984375
2021-03-23,DJIA Consolidated - CHICAGO BOARD OF TRADE,45440,10739,17644,-6905,-15.195862676056338,23.63336267605634,38.82922535211268,1403,3.087588028169014,23997,20262,3735,8.21963028169014,52.81029929577464,44.590669014084504,36139,39309,-3170,-6.976232394366197,79.53125,86.50748239436619,9302,6132,3170,6.976232394366197,20.470950704225352,13.494718309859156,32423.150390625,2021-03-29,2021-03-29,33171.37109375,0.023076742824514218,2021-03-30,2021-03-30,33066.9609375,0.019856508054231448,2021-03-31,2021-03-31,32981.55078125,0.017222274328606124,2021-04-01,2021-04-01,33153.2109375,0.022516644375374817,2021-04-02,2021-04-05,33527.19140625,0.03405100992111576,0.023076742824514218,-0.003147598450329747,-0.0025829454485228887,0.005204732712192239,0.011280369477786767,0.010726729127185308,-0.012270744265177935,1.9723472004868743,2440.0,6.4706642633579285,4.4983170628710525,-4.10400287527635,-2973.0,-8.934630157488144,-4.830627282211793,-2.131655674789478,-533.0,-2.6648846266901813,-0.5332289519007105,2.131655674789478,533.0,2.6670853309155333,0.535429656126059,0.019856508054231448,0.031060766103598425,0.03867974350165615,0.0431219783944643,0.046954960145242586,0.046161135950495424,0.07353728796090131,5.0,DJIA x $5,162115.751953125,1740961060.2246094,2860370327.4609375,-1119409267.2363281,395562434.765625,-575835150.9375,3890291699.6191406,3284789366.0742188,605502333.5449219,-481970130.5566406,524768689.0722656,5858701159.833984,6372608093.525391,-513906933.69140625,-86407695.79101562,-50904346.11328125,1508000724.6679688,994093790.9765625,513906933.69140625,86407695.79101562,50904346.11328125
2021-03-30,DJIA Consolidated - CHICAGO BOARD OF TRADE,44724,11222,18497,-7275,-16.266434129326537,25.091673374474553,41.35810750380109,1093,2.44387800733387,23177,18928,4249,9.500491905911815,51.82228780967713,42.32179590376531,35491,38517,-3026,-6.765942223414721,79.35560325552277,86.12154547893748,9233,6207,3026,6.765942223414721,20.644396744477238,13.878454521062517,33066.9609375,2021-04-05,2021-04-05,33527.19140625,0.013918136281706683,2021-04-06,2021-04-06,33430.23828125,0.010986112223516198,2021-04-07,2021-04-07,33446.26171875,0.011470687674229207,2021-04-08,2021-04-08,33503.5703125,0.013203795045611866,2021-04-09,2021-04-09,33800.6015625,0.022186515004709806,0.013918136281706683,-0.002891775926746054,0.0004793097005528768,0.0017134528884545919,0.008865659606706933,0.008154878019368761,0.019856508054231448,-1.0705714532701993,-370.0,1.458310698418213,2.528882151688407,1.280861624221675,514.0,-0.9880114860975127,-2.2688731103191913,0.21029017095147573,144.0,-0.17564674447723405,-0.3859369154287151,-0.21029017095147573,-144.0,0.1734460402518856,0.3837362112033613,0.010986112223516198,0.018456748864933425,0.022812493871927852,0.027760904660548036,0.037055964329954616,0.03728880153457559,0.06735516072855008,5.0,DJIA x $5,165334.8046875,1855387178.203125,3058197882.3046875,-1202810704.1015625,-61173877.734375,519316621.5234375,3831964768.2421875,3129457183.125,702507585.1171875,84982089.609375,-595866636.09375,5867897553.1640625,6368200672.1484375,-500303118.984375,23808211.875,-76550014.5703125,1526536251.6796875,1026233132.6953125,500303118.984375,-23808211.875,76550014.5703125
2021-04-06,DJIA Consolidated - CHICAGO BOARD OF TRADE,47120,13321,19348,-6027,-12.790747028862478,28.270373514431242,41.06112054329372,1488,3.1578947368421053,22162,20095,2067,4.386672325976231,47.03310696095077,42.64643463497453,36970,40930,-3960,-8.404074702886248,78.45925297113752,86.86332767402376,10151,6190,3961,8.406196943972835,21.542869269949065,13.136672325976232,33430.23828125,2021-04-12,2021-04-12,33745.3984375,0.009427397842592278,2021-04-13,2021-04-13,33677.26953125,0.007389455256696431,2021-04-14,2021-04-14,33730.890625,0.008993425090799478,2021-04-15,2021-04-15,34035.98828125,0.01811982298492154,2021-04-16,2021-04-16,34200.671875,0.02304600964157988,0.009427397842592278,-0.00201890952261774,0.0015922043115830231,0.009045051897440093,0.004838513645884612,0.013491422788894036,0.010986112223516198,3.475687100464059,1248.0,3.178700139956689,-0.2969869605073683,-5.113819579935584,-2182.0,-4.78918084872636,0.3246387312092196,-1.638132479471527,-934.0,-0.8963502843852496,0.7417821950862873,1.6402547205581142,935.0,0.8984725254718278,-0.7417821950862855,0.007389455256696431,0.01169786756259339,0.016592505311609163,0.021022673031444672,0.034314227821205634,0.02645609601430965,0.03622293673357335,5.0,DJIA x $5,167151.19140625,2226621020.7226562,3234041251.328125,-1007420230.6054688,208604686.875,1023466744.9804688,3704404703.9453125,3358903191.3085938,345501512.63671875,-364723899.6484375,-1321831621.640625,6179579546.2890625,6841498264.2578125,-661918717.96875,-156119212.7734375,-298364876.66015625,1696751743.9648438,1034665874.8046875,662085869.1601562,156286363.96484375,298364876.66015625
2021-04-13,DJIA Consolidated - CHICAGO BOARD OF TRADE,46072,13536,19230,-5694,-12.358916478555305,29.380100711929153,41.739017190484454,1373,2.980118076054871,20591,19516,1075,2.3333043931238064,44.69308907796493,42.35978468484112,35499,40118,-4619,-10.025612085431499,77.05113735023441,87.07674943566592,10573,5954,4619,10.025612085431499,22.948862649765584,12.923250564334085,33677.26953125,2021-04-19,2021-04-19,34077.62890625,0.011888118620439148,2021-04-20,2021-04-20,33821.30078125,0.004276809017023986,2021-04-21,2021-04-21,34137.30859375,0.013660224504635554,2021-04-22,2021-04-22,33815.8984375,0.0041163938816761725,2021-04-23,2021-04-23,34043.48828125,0.010874359919831766,0.011888118620439148,-0.007521888500669371,0.009343455313675975,-0.009415216649763858,0.006730261630358392,-0.0010018486055447529,0.007389455256696431,0.43183055030717377,333.0,1.1097271974979108,0.6778966471907353,-2.0533679328524244,-992.0,-2.3400178829858405,-0.2866499501334161,-1.6215373825452506,-659.0,-1.4081156209031036,0.21342176164215232,1.6194151414586635,658.0,1.4059933798165183,-0.213421761642147,0.004276809017023986,0.009135543365964116,0.013533214690314654,0.017575374525264476,0.03597439899709798,0.020817314534643527,0.0161263027350258,5.0,DJIA x $5,168386.34765625,2279277601.875,3238069465.4296875,-958791863.5546875,56072653.76953125,614778555.2929688,3467243284.5898438,3286227960.859375,181015323.73046875,-167039256.875,-948520296.3476562,5977546955.449219,6755323495.2734375,-777776539.8242188,-110966603.10546875,-333741741.0546875,1780348853.7695312,1002572313.9453125,777776539.8242188,110798216.7578125,333741741.0546875
2021-04-20,DJIA Consolidated - CHICAGO BOARD OF TRADE,45617,12538,16982,-4444,-9.74198215577526,27.485367297279524,37.22734945305478,1481,3.246596663524563,20942,21312,-370,-0.8111011245807483,45.90832365127036,46.71942477585111,34960,39774,-4814,-10.553083280356008,76.63809544687288,87.19117872722887,10657,5843,4814,10.553083280356008,23.361904553127125,12.808821272771114,33821.30078125,2021-04-26,2021-04-26,33981.5703125,0.0047387157663330015,2021-04-27,2021-04-27,33984.9296875,0.004838042963170475,2021-04-28,2021-04-28,33820.37890625,-2.7257230760024953e-05,2021-04-29,2021-04-29,34060.359375,0.007068285022394205,2021-04-30,2021-04-30,33874.8515625,0.00158334481563438,0.0047387157663330015,9.885873339898765e-05,-0.004841874994684026,0.007095735663258607,-0.005446443193907191,-0.0031404890656493434,0.004276809017023986,2.616934322780045,1250.0,-1.8947334146496289,-4.511667737429676,-3.1444055177045547,-1445.0,1.2152345733054304,4.359640091009993,-0.5274711949245088,-195.0,-0.4130419033615311,0.11442929156295634,0.5274711949245088,195.0,0.4130419033615418,-0.11442929156297055,0.004838042963170475,0.00921698638281887,0.0132419322928079,0.007077178271413409,0.020421671669792918,0.04837211386638862,0.03222520755630498,5.0,DJIA x $5,169106.50390625,2120257345.9765625,2871766649.3359375,-751509303.359375,211383129.8828125,416171106.11328125,3541428404.8046875,3603997811.25,-62569406.4453125,-244358898.14453125,-694182198.5351562,5911963376.5625,6726042086.3671875,-814078709.8046875,-32975768.26171875,-278011092.421875,1802168012.1289062,988089302.3242188,814078709.8046875,32975768.26171875,278011092.421875
2021-04-27,DJIA Consolidated - CHICAGO BOARD OF TRADE,45600,12761,16789,-4028,-8.833333333333334,27.984649122807014,36.81798245614035,1363,2.989035087719298,21393,21723,-330,-0.7236842105263158,46.91447368421053,47.63815789473684,35516,39874,-4358,-9.557017543859649,77.8859649122807,87.44298245614036,10084,5727,4357,9.554824561403509,22.114035087719298,12.55921052631579,33984.9296875,2021-05-03,2021-05-03,34113.23046875,0.003775225737694843,2021-05-04,2021-05-04,34133.03125,0.004357859906194639,2021-05-05,2021-05-05,34230.33984375,0.007221146505424825,2021-05-06,2021-05-06,34548.53125,0.016583867251821927,2021-05-07,2021-05-07,34777.76171875,0.023328929573793067,0.003775225737694843,0.0005804428656541738,0.002850862937934906,0.009295595886644303,0.0066350279000644274,0.019480161827791553,0.004838042963170475,0.9086488224419256,416.0,0.4992818255274898,-0.4093669969144287,0.08741691405443253,40.0,1.0061500329401696,0.9187331188857328,0.9960657364963588,456.0,1.2478694654078168,0.25180372891148295,-0.9982587189524992,-457.0,-1.2478694654078275,-0.24961074645532477,0.004357859906194639,0.008363426711885946,0.002228354433755131,0.009637543846985563,0.03159017404543518,0.05213926393385293,-0.02191412507979751,5.0,DJIA x $5,169924.6484375,2168408438.7109375,2852864922.6171875,-684456483.90625,70688653.75,551745333.4765625,3635198004.0234375,3691273138.0078125,-56075133.984375,6796985.9375,-778084965.1953125,6035043813.90625,6775575431.796875,-740531617.890625,77485639.6875,-226339631.71875,1713520154.84375,973158461.6015625,740361693.2421875,-77655564.3359375,226169707.0703125
2021-05-04,DJIA Consolidated - CHICAGO BOARD OF TRADE,45992,13962,16609,-2647,-5.755348756305445,30.35745347016873,36.11280222647417,1225,2.663506696816838,21186,21668,-482,-1.0480083492781354,46.064532962254304,47.11254131153244,36373,39502,-3129,-6.803357105583579,79.08549312923986,85.88885023482345,9619,6490,3129,6.803357105583579,20.914506870760132,14.111149765176553,34133.03125,2021-05-10,2021-05-10,34742.8203125,0.01786507204806198,2021-05-11,2021-05-11,34269.16015625,0.003988186846135999,2021-05-12,2021-05-12,33587.66015625,-0.015977810167387307,2021-05-13,2021-05-13,34021.44921875,-0.003269033753045325,2021-05-14,2021-05-14,34382.12890625,0.007297847484612152,0.01786507204806198,-0.013633324870853447,-0.0198866851972066,0.012915131940778535,0.01060153802328978,-0.010381753784111436,0.004357859906194639,3.0779845770278893,1381.0,2.372804347361715,-0.7051802296661762,-0.32432413875181954,-152.0,-0.8499407219562229,-0.5256165832044033,2.7536604382760697,1229.0,1.1995282169591661,-1.5541322213169053,-2.7514674558199292,-1228.0,-1.1995282169591661,1.5519392388607631,0.003988186846135999,-0.002120265651765152,0.005256775648954326,0.012957458729951021,0.0288098405411914,0.05623871030352756,-0.029421418219338524,5.0,DJIA x $5,170665.15625,2382826911.5625,2834577580.15625,-451750668.59375,235688580.78125,576848228.125,3615712000.3125,3697972605.625,-82260605.3125,-25941103.75,-435025483.28125,6207603728.28125,6741615002.1875,-534011273.90625,209747477.03125,141822744.84375,1641628137.96875,1107616864.0625,534011273.90625,-209576811.875,-141993410.0
2021-05-11,DJIA Consolidated - CHICAGO BOARD OF TRADE,49322,15486,19158,-3672,-7.444953570414825,31.397753537974943,38.84270710838977,1469,2.9783869267264103,22983,22421,562,1.1394509549491099,46.59786707757188,45.458416122622765,39937,43047,-3110,-6.3055026154657146,80.97198004947083,87.27748266493653,9385,6275,3110,6.3055026154657146,19.028019950529178,12.72251733506346,34269.16015625,2021-05-17,2021-05-17,34327.7890625,0.0017108358063833151,2021-05-18,2021-05-18,34060.66015625,-0.006084187620862158,2021-05-19,2021-05-19,33896.0390625,-0.010887955585977549,2021-05-20,2021-05-20,34084.1484375,-0.005398781817425369,2021-05-21,2021-05-21,34207.83984375,-0.001789373075395173,0.0017108358063833151,-0.007781710198802583,-0.004833173901938936,0.005549597540088769,0.0036290009262462952,-0.003494230826564748,0.003988186846135999,-1.68960481410938,-1025.0,1.0403000678062142,2.729904881915594,2.187459304227245,1044.0,0.5333341153175724,-1.6541251889096742,0.49785449011786476,19.0,1.8864869202309649,1.388632430113077,-0.49785449011786476,-19.0,-1.8864869202309542,-1.388632430113093,-0.006084187620862158,0.00126354953119856,0.008933642846924661,0.009648913330305042,0.02904978453545315,0.05984448708837031,-0.06152528723381823,5.0,DJIA x $5,171345.80078125,2653461070.8984375,3282642851.3671875,-629181780.46875,-175629445.80078125,346461209.1796875,3938040539.3554688,3841744199.3164062,96296340.0390625,178885016.015625,-87900395.80078125,6843037245.800781,7375922686.230469,-532885440.4296875,3255570.21484375,258560813.37890625,1608080340.3320312,1075194899.9023438,532885440.4296875,-3255570.21484375,-258560813.37890625
2021-05-18,DJIA Consolidated - CHICAGO BOARD OF TRADE,47834,14947,19461,-4514,-9.43680227453276,31.24764811640256,40.68445039093532,1269,2.6529246979136176,22608,21295,1313,2.744909478613539,47.26345277417736,44.51854329556382,38824,42024,-3200,-6.689802232721495,81.16402558849354,87.85382782121503,9011,5810,3201,6.6918927959192205,18.838064974704185,12.146172178784964,34060.66015625,2021-05-24,2021-05-24,34393.98046875,0.009786079041654627,2021-05-25,2021-05-25,34312.4609375,0.0073927158221505085,2021-05-26,2021-05-26,34323.05078125,0.0077036271110515475,2021-05-27,2021-05-27,34464.640625,0.011860617700795606,2021-05-28,2021-05-28,34529.44921875,0.01376335808963991,0.009786079041654627,-0.00237016856260841,0.0003086296774017505,0.004125211498604564,0.0018804372416112436,0.003938734282967982,-0.006084187620862158,-1.9918487041179347,-842.0,-0.15010542157238405,1.8417432825455506,1.605458523664429,751.0,0.6655856966054827,-0.9398728270589416,-0.3842996172557802,-90.0,0.1920455390227147,0.5763451562785065,0.3863901804535059,91.0,-0.18995497582499254,-0.5763451562784958,0.0073927158221505085,0.015109761089159734,0.015829410051850346,0.007007144537279464,0.037656965186995794,0.06111327802224187,-0.04128135820180201,5.0,DJIA x $5,170303.30078125,2545523436.7773438,3314272536.5039062,-768749099.7265625,-143395379.2578125,-11921231.0546875,3850217024.0625,3626608790.1367188,223608233.92578125,127897778.88671875,286620455.21484375,6611855349.53125,7156825912.03125,-544970562.5,-15327297.0703125,274869527.4609375,1534603043.3398438,989462177.5390625,545140865.8007812,15497600.37109375,-274699224.16015625
2021-05-25,DJIA Consolidated - CHICAGO BOARD OF TRADE,49408,15705,22227,-6522,-13.200291450777202,31.786350388601036,44.98664183937824,1032,2.088730569948187,23836,20705,3131,6.337030440414508,48.24319948186528,41.906169041450774,40573,43963,-3390,-6.861237046632124,82.11828044041451,88.97951748704664,8836,5445,3391,6.863261010362693,17.883743523316063,11.020482512953368,34312.4609375,2021-05-31,2021-06-01,34575.30859375,0.007660414003203497,2021-06-01,2021-06-01,34575.30859375,0.007660414003203497,2021-06-02,2021-06-02,34600.37890625,0.008391061465233829,2021-06-03,2021-06-03,34577.0390625,0.00771084666535371,2021-06-04,2021-06-04,34756.390625,0.012937856258943725,0.007660414003203497,0.0,0.0007250929498436864,-0.0006745545710131751,0.00518701332915783,0.00523732219942441,0.0073927158221505085,-3.763489176244443,-2008.0,0.5387022721984778,4.302191448442919,3.592120961800969,1818.0,0.9797467076879229,-2.6123742541130497,-0.1714348139106292,-190.0,0.9542548519209646,1.125689665831601,0.17136821444347294,190.0,-0.9543214513881217,-1.1256896658315956,0.007660414003203497,0.008374781847429347,-0.00038274178363140177,-0.010692407436711515,0.03071189744068481,0.04375494507621247,-0.06947452125970088,5.0,DJIA x $5,171562.3046875,2694385995.1171875,3813315346.2890625,-1118929351.171875,-344497107.8125,-427876387.890625,4089359094.53125,3552197518.5546875,537161575.9765625,311900269.921875,593777136.5234375,6960797388.0859375,7542393600.9765625,-581596212.890625,-32596837.890625,166072310.9375,1515924524.21875,934156749.0234375,581767775.1953125,32596837.890625,-165729186.328125
2021-06-01,DJIA Consolidated - CHICAGO BOARD OF TRADE,51621,17140,22023,-4883,-9.459328567830921,33.203541194475115,42.66286976230604,1218,2.3595048526762366,24168,22584,1584,3.068518626140524,46.81815540187133,43.74963677573081,42525,45824,-3299,-6.390809941690398,82.37926425292032,88.77007419461071,9096,5798,3298,6.388872745588035,17.620735747079678,11.231863001491641,34575.30859375,2021-06-07,2021-06-07,34630.23828125,0.0015886969555474195,2021-06-08,2021-06-08,34599.8203125,0.0007089370925941196,2021-06-09,2021-06-09,34447.140625,-0.003706921903602889,2021-06-10,2021-06-10,34466.23828125,-0.0031545723505044254,2021-06-11,2021-06-11,34479.6015625,-0.0027680745347650193,0.0015886969555474195,-0.0008783644080921915,-0.004412730647761265,0.0005544046879797371,0.00038772090939986903,-0.004349860879575895,0.007660414003203497,3.740962882946281,1639.0,1.4171908058740783,-2.3237720770721992,-3.268511814273984,-1547.0,-1.4250440799939526,1.8434677342800327,0.47042710494172635,91.0,0.26098381250581326,-0.20944329243592108,-0.47438826477465845,-93.0,-0.2630077762363854,0.21138048853827307,0.0007089370925941196,-0.007982010283485552,-0.01821330002138677,-0.008185596680434504,0.02271626507310409,-0.0026489956988137164,-0.04584738544565137,5.0,DJIA x $5,172876.54296875,2963103946.484375,3807260105.8007812,-844156159.3164062,283344653.92578125,-386551950.078125,4178080290.46875,3904243846.40625,273836444.0625,-267440011.97265625,357162937.7734375,7351574989.746094,7921894705.0,-570319715.2539062,15731765.41015625,-29389012.3046875,1572485034.84375,1002338196.1328125,570146838.7109375,-16077518.49609375,29216135.76171875
2021-06-08,DJIA Consolidated - CHICAGO BOARD OF TRADE,53147,16548,20958,-4410,-8.297740229928312,31.136282386588142,39.43402261651646,3258,6.130167271906222,23832,23446,386,0.7262874668372628,44.84166556908198,44.11537810224472,43638,47662,-4024,-7.57145276309105,82.10811522757635,89.6795679906674,9509,5485,4024,7.57145276309105,17.891884772423655,10.320432009332606,34599.8203125,2021-06-14,2021-06-14,34393.75,-0.005955820308857329,2021-06-15,2021-06-15,34299.328125,-0.008684790406019549,2021-06-16,2021-06-16,34033.671875,-0.016362756580428406,2021-06-17,2021-06-17,33823.44921875,-0.022438587447505265,2021-06-18,2021-06-18,33290.078125,-0.03785401703449964,-0.005955820308857329,-0.002745320734145018,-0.007745231890019744,-0.006176902011105767,-0.015769269724695167,-0.032089314919135026,0.0007089370925941196,1.161588337902609,473.0,-2.0672588078869722,-3.2288471457895795,-2.342231159303261,-1198.0,-1.9764898327893476,0.36574132651391267,-1.1806428214006521,-725.0,-0.27114902534397345,0.9094937960566796,1.1825800175030148,726.0,0.271149025343977,-0.9114309921590351,-0.008684790406019549,-0.018908831941639836,-0.008888232575268495,-0.0006488247206847264,0.014456135407133752,0.03235882050507399,-0.0410314179286968,5.0,DJIA x $5,172999.1015625,2862789132.65625,3625715170.546875,-762926037.890625,81828575.0390625,-127673336.953125,4122914588.4375,4056136935.234375,66777653.203125,-207252923.671875,-30447841.875,7549334793.984375,8245483178.671875,-696148384.6875,-125424348.6328125,-158121178.828125,1645048456.7578125,948900072.0703125,696148384.6875,125597347.734375,158121178.828125
2021-06-15,DJIA Consolidated - CHICAGO BOARD OF TRADE,59702,15328,20372,-5044,-8.448628186660413,25.67418176945496,34.122809956115375,4089,6.8490167833573405,28253,28962,-709,-1.1875649056983015,47.32337275133162,48.51093765702992,47669,53422,-5753,-9.636193092358715,79.8448963183813,89.48108941074001,12034,6280,5754,9.637868078121336,20.156778667381328,10.518910589259992,34299.328125,2021-06-21,2021-06-21,33876.96875,-0.012313925609876653,2021-06-22,2021-06-22,33945.578125,-0.010313613103755226,2021-06-23,2021-06-23,33874.23828125,-0.012393532672150598,2021-06-24,2021-06-24,34196.8203125,-0.0029886245038509562,2021-06-25,2021-06-25,34433.83984375,0.0039217012723919975,-0.012313925609876653,0.002025251299970554,-0.002101594602021528,0.009522930923838713,0.006931040052380544,0.01643804372993074,-0.008684790406019549,-0.15088795673210065,-634.0,-5.462100617133181,-5.3112126604010825,-1.9138523725355643,-1095.0,2.481707182249636,4.395559554785201,-2.064740329267665,-1729.0,-2.2632189091950465,-0.19847857992738227,2.0664153150302864,1730.0,2.264893894957673,0.19847857992738582,-0.010313613103755226,-0.00020522450102655743,0.00810636779054974,0.017185786711383377,0.008112176031144891,0.03629375939853041,-0.11471064484225957,5.0,DJIA x $5,171496.640625,2628700507.5,3493729562.8125,-865029055.3125,-108728870.15625,-90893219.53125,4845294587.578125,4966885705.78125,-121591118.203125,-187788821.484375,-346766207.34375,8175073361.953125,9161693535.46875,-986620173.515625,-296517691.640625,-437830923.515625,2063790573.28125,1076998903.125,986791670.15625,296689188.28125,437830923.515625
2021-06-22,DJIA Consolidated - CHICAGO BOARD OF TRADE,51309,13931,21504,-7573,-14.759593833440526,27.151182053830713,41.91077588727124,2332,4.545011596406089,26167,22064,4103,7.996647761601279,50.99885010427021,43.00220234266893,42430,45900,-3470,-6.762946071839249,82.695043754507,89.45798982634625,8879,5409,3470,6.762946071839249,17.304956245492995,10.542010173653745,33945.578125,2021-06-28,2021-06-28,34283.26953125,0.009948023421680885,2021-06-29,2021-06-29,34292.2890625,0.010213729052523046,2021-06-30,2021-06-30,34502.51171875,0.016406661029579883,2021-07-01,2021-07-01,34633.53125,0.020266354647627605,2021-07-02,2021-07-02,34786.3515625,0.02476827569128348,0.009948023421680885,0.00026308842106725905,0.006130318564236292,0.003797391109320314,0.0044124958381193125,0.014674272265410071,-0.010313613103755226,-6.310965646780113,-2529.0,1.4770002843757517,7.787965931155867,9.184212667299581,4812.0,3.675477352938593,-5.50873531436099,2.8732470205194662,2283.0,2.8501474361256953,-0.02309958439376203,-2.8749220062820875,-2284.0,-2.8518224218883326,0.023099584393753148,0.010213729052523046,0.018611937213840024,0.027785973596524238,0.016685830306506277,-0.0007582219149493419,0.045576513325327195,-0.10061187093127466,5.0,DJIA x $5,169727.890625,2364479244.296875,3649828560.0,-1285349315.703125,-429241835.390625,-178384013.046875,4441269713.984375,3744876178.75,696393535.234375,816730609.6875,164975509.6875,7201554399.21875,7790510179.6875,-588955780.46875,387488774.296875,-13578231.25,1507013940.859375,918058160.390625,588955780.46875,-387658502.1875,13408503.359375
2021-06-29,DJIA Consolidated - CHICAGO BOARD OF TRADE,52814,19344,19757,-413,-0.781989623963343,36.62665202408452,37.40864164804786,1060,2.0070435869277086,23453,26870,-3417,-6.469875411822623,44.40678607944863,50.87666149127126,43857,47686,-3829,-7.249971598439808,83.04048169046087,90.29045328890068,8957,5128,3829,7.249971598439808,16.95951830953914,9.70954671109933,34292.2890625,2021-07-05,2021-07-06,34577.37109375,0.00831329838408923,2021-07-06,2021-07-06,34577.37109375,0.00831329838408923,2021-07-07,2021-07-07,34681.7890625,0.011358238561739453,2021-07-08,2021-07-08,34421.9296875,0.003780459938492964,2021-07-09,2021-07-09,34870.16015625,0.01685134208150374,0.00831329838408923,0.0,0.003019835385023706,-0.007492675032758744,0.013021654300594543,0.008467649599680716,0.010213729052523046,13.977604209477184,7160.0,9.475469970253808,-4.5021342392233805,-14.466523173423901,-7520.0,-6.592064024821582,7.874459148602327,-0.48702552660055964,-359.0,0.34543793595386774,0.8324634625544292,0.48702552660055964,359.0,-0.3454379359538571,-0.832463462554415,0.00831329838408923,0.017394581006617615,0.006406665310372928,0.022344103869925247,0.00022451749243002084,0.061410944925893274,-0.09755250872952714,5.0,DJIA x $5,171461.4453125,3316750198.125,3387563775.0390625,-70813576.9140625,1227663948.4375,766432660.546875,4021285276.9140625,4607169035.546875,-585883758.6328125,-1289390068.75,-857478688.0078125,7519784607.0703125,8176310481.171875,-656525874.1015625,-61554658.8671875,-90874566.015625,1535780165.6640625,879254291.5625,656525874.1015625,61554658.8671875,91046027.4609375
2021-07-06,DJIA Consolidated - CHICAGO BOARD OF TRADE,52986,20043,16868,3175,5.992148869512701,37.826973162722226,31.83482429320953,1233,2.3270297814517042,23187,29539,-6352,-11.988072320990451,43.7606160117767,55.74868833276715,44462,47640,-3178,-5.997810742460272,83.9127316649681,89.91054240742838,8524,5346,3178,5.997810742460272,16.087268335031897,10.089457592571623,34577.37109375,2021-07-12,2021-07-12,34996.1796875,0.012112216183655988,2021-07-13,2021-07-13,34888.7890625,0.009006409651724168,2021-07-14,2021-07-14,34933.23046875,0.010291683946565877,2021-07-15,2021-07-15,34987.01953125,0.011847298523341099,2021-07-16,2021-07-16,34687.8515625,0.003195166817351547,0.012112216183655988,-0.003068638518802569,0.0012738019129980849,0.0015397677734991788,-0.00855082749997571,-0.008810336663979568,0.00831329838408923,6.774138493476045,3588.0,1.2003211386377046,-5.573817354838333,-5.518196909167828,-2935.0,-0.6461700676719317,4.872026841495895,1.252160855979536,651.0,0.8722499745072412,-0.37991088147229846,-1.252160855979536,-651.0,-0.8722499745072412,0.3799108814722931,0.009006409651724168,-0.0018909133468454353,0.01391512490048652,0.015589020411312715,-0.007597431801212973,0.06426970222012307,-0.10439054986174012,5.0,DJIA x $5,172886.85546875,3465171244.1601562,2916255478.046875,548915766.1132812,620318037.421875,1311346798.7304688,4008727517.7539062,5106904823.691406,-1098177305.9375,-507422920.80078125,-1164911632.1484375,7686895367.8515625,8236329794.53125,-549434426.6796875,112549342.91015625,146262279.7265625,1473687556.015625,924253129.3359375,549434426.6796875,-112549342.91015625,-146262279.7265625
2021-07-13,DJIA Consolidated - CHICAGO BOARD OF TRADE,55827,23339,18734,4605,8.248696867107313,41.80593619574758,33.557239328640264,913,1.6354093897218192,22257,30600,-8343,-14.944381750765759,39.86780590037079,54.81218765113655,46508,50246,-3738,-6.695684883658445,83.30736023787773,90.00304512153618,9319,5582,3737,6.693893635695989,16.692639762122273,9.99874612642628,34888.7890625,2021-07-19,2021-07-19,33962.0390625,-0.026562974092904534,2021-07-20,2021-07-20,34511.98828125,-0.010800053294340417,2021-07-21,2021-07-21,34798.0,-0.002602241721183285,2021-07-22,2021-07-22,34823.3515625,-0.0018756025003554555,2021-07-23,2021-07-23,35061.55078125,0.004951783177126412,-0.026562974092904534,0.016193056539919093,0.008287315017007746,0.0007285350451176065,0.006840215202218225,0.03237472628562088,0.009006409651724168,2.2565479975946117,1430.0,3.9789630330253516,1.7224150354307355,-2.956309429775308,-1991.0,-3.8928101114059075,-0.936500681630605,-0.6978741411981728,-560.0,-0.6053714270903754,0.09250271410779476,0.696082893235717,559.0,0.6053714270903754,-0.09071146614534342,-0.010800053294340417,0.004864899966747105,0.006523854255653827,0.010773742012846643,-0.014630751954032517,0.03907359657303955,-0.11199755249100662,5.0,DJIA x $5,174443.9453125,4071347239.6484375,3268032871.484375,803314368.1640625,249454841.796875,1683209628.3203125,3882598890.8203125,5337984726.5625,-1455385835.7421875,-347317895.1171875,-1331705078.515625,8113039008.59375,8765110476.171875,-652071467.578125,-97688609.375,351504549.8046875,1625643126.3671875,973746102.734375,651897023.6328125,97514165.4296875,-351853437.6953125
2021-07-20,DJIA Consolidated - CHICAGO BOARD OF TRADE,51350,18926,20886,-1960,-3.816942551119766,36.85686465433301,40.673807205452775,1640,3.1937682570593964,22675,22886,-211,-0.41090555014605645,44.15774099318403,44.56864654333009,43240,45411,-2171,-4.227848101265823,84.2064264849075,88.43427458617332,8111,5940,2171,4.227848101265823,15.795520934761441,11.567672833495617,34511.98828125,2021-07-26,2021-07-26,35144.30859375,0.018321758437879865,2021-07-27,2021-07-27,35058.51953125,0.015835982718414465,2021-07-28,2021-07-28,34930.9296875,0.01213901102526771,2021-07-29,2021-07-29,35084.53125,0.016589683679889777,2021-07-30,2021-07-30,34935.46875,0.012270532352378849,0.018321758437879865,-0.002441051366002922,-0.0036393391807737485,0.0043972938560226105,-0.004248667281253726,-0.005942351752145192,-0.010800053294340417,-12.065639418227079,-6565.0,-4.949071541414568,7.1165678768125105,14.533476200619702,8132.0,4.289935092813238,-10.243541107806458,2.467836782392622,1567.0,0.899066247029765,-1.5687705353628587,-2.466045534430166,-1566.0,-0.8971188273608313,1.5689267070693376,0.015835982718414465,0.01751304941704479,0.021809337312475918,0.024087078437078357,0.027391070743193913,0.024816897298708174,-0.07779724187779402,5.0,DJIA x $5,172559.94140625,3265869451.0546875,3604086936.2109375,-338217485.15625,-1132856015.3320312,968578951.1132812,3912796671.3867188,3949206819.0234375,-36410147.63671875,1403257443.515625,-744423587.2265625,7461491866.40625,7836119499.199219,-374627632.79296875,270401428.18359375,224155363.88671875,1399633684.7460938,1025006051.953125,374627632.79296875,-270228868.2421875,-224155363.88671875
2021-07-27,DJIA Consolidated - CHICAGO BOARD OF TRADE,51277,20283,20470,-187,-0.36468592156327395,39.55574624100474,39.92043216256801,842,1.6420617430816935,21320,23728,-2408,-4.696062562162373,41.57809544240108,46.274158004563446,42445,45039,-2594,-5.058798291631725,82.7759034264875,87.83470171811923,8833,6238,2595,5.0607484837256465,17.226046765606412,12.165298281880766,35058.51953125,2021-08-02,2021-08-02,34838.16015625,-0.006285472916321533,2021-08-03,2021-08-03,35116.3984375,0.0016509227150454109,2021-08-04,2021-08-04,34792.671875,-0.007582968699320958,2021-08-05,2021-08-05,35064.25,0.00016345438502884946,2021-08-06,2021-08-06,35208.51171875,0.004278337748013117,-0.006285472916321533,0.007986595158931964,-0.009218672099195135,0.007805612801905504,0.00411421087717545,0.010630629196230812,0.015835982718414465,3.452256629556492,1773.0,2.6988815866717317,-0.7533750428847625,-4.285157012016317,-2197.0,-2.579645550782949,1.7055114612333568,-0.8309501903659022,-423.0,-1.4305230584199933,-0.5995728680540822,0.8329003824598233,424.0,1.4305258308449709,0.5976254483851484,0.0016509227150454109,0.00588023528963455,0.00812246844867981,0.008777957301525197,0.01991981932886544,-0.021700547332635045,-0.09404220465759205,5.0,DJIA x $5,175292.59765625,3555459758.2617188,3588239474.0234375,-32779715.76171875,310793775.64453125,39616127.0703125,3737238182.03125,4159342757.1875,-422104575.15625,-385117837.05078125,176870231.03515625,7440294307.519531,7895003305.839844,-454708998.3203125,-74148768.80859375,216486358.10546875,1548359515.0976562,1093475224.1796875,454884290.91796875,74324061.40625,-216311065.5078125
2021-08-03,DJIA Consolidated - CHICAGO BOARD OF TRADE,55408,24204,20913,3291,5.939575512561364,43.68322263933006,37.7436471267687,1086,1.9600057753393012,21126,27252,-6126,-11.056165174704013,38.12806814900375,49.184233323707765,46416,49251,-2835,-5.116589662142651,83.77129656367312,88.88788622581578,8992,6157,2835,5.116589662142651,16.22870343632688,11.112113774184234,35116.3984375,2021-08-09,2021-08-09,35101.8515625,-0.0004142473501629329,2021-08-10,2021-08-10,35264.671875,0.004222341814576813,2021-08-11,2021-08-11,35484.96875,0.010495675208719968,2021-08-12,2021-08-12,35499.8515625,0.010919488958483825,2021-08-13,2021-08-13,35515.37890625,0.011361656847016954,-0.0004142473501629329,0.004638510655487593,0.006246956608042975,0.0004194117403584219,0.00043739179367174863,0.011780784355882146,0.0016509227150454109,6.304261434124638,3478.0,4.127476398325321,-2.1767850357993126,-6.36010261254164,-3718.0,-3.4500272933973264,2.910075319144319,-0.057791370510925866,-241.0,0.9953931371856157,1.0531845076965425,0.055841178417004755,240.0,-0.9973433292795306,-1.0531845076965318,0.004222341814576813,0.006460879321203983,0.00711528779623305,0.00695777591443103,0.026660777027470495,0.008225212624354938,-0.07746319772702348,5.0,DJIA x $5,175581.9921875,4249786538.90625,3671946202.6171875,577840336.2890625,610674168.828125,20367511.09375,3709345166.953125,4784960451.09375,-1075615284.140625,-652813846.953125,39681530.234375,8149813749.375,8647588697.226562,-497774947.8515625,-42315260.1171875,60224623.3203125,1578833273.75,1081058325.8984375,497774947.8515625,42139678.125,-60224623.3203125
2021-08-10,DJIA Consolidated - CHICAGO BOARD OF TRADE,57378,23447,22003,1444,2.5166440098992644,40.86409425215239,38.34745024225313,1398,2.436473909860922,23742,27397,-3655,-6.370037296524799,41.378228589354805,47.748265885879604,48586,50797,-2211,-3.853393286625536,84.67705392310641,88.53044720973196,8792,6581,2211,3.853393286625536,15.322946076893581,11.469552790268047,35264.671875,2021-08-16,2021-08-16,35625.3984375,0.010229120060400332,2021-08-17,2021-08-17,35343.28125,0.0022291253773363273,2021-08-18,2021-08-18,34960.69140625,-0.008619971563254447,2021-08-19,2021-08-19,34894.12109375,-0.010507705347818419,2021-08-20,2021-08-20,35120.078125,-0.004100243737203302,0.010229120060400332,-0.007918990379712887,-0.01082496673253841,-0.001904147481708529,0.006475504301796997,-0.014184271184686348,0.004222341814576813,-3.4229315026620992,-1847.0,-2.8191283871776704,0.6038031154844319,4.686127878179214,2471.0,3.2501604403510527,-1.435967437828161,1.2631963755171154,624.0,0.905757359433295,-0.35743901608381634,-1.2631963755171154,-624.0,-0.9057573594333004,0.3574390160838128,0.0022291253773363273,0.002880782333948728,0.0027239327248100853,-0.004669598956817178,0.029925376804601278,0.00561778585952033,-0.07061633034831694,5.0,DJIA x $5,176323.359375,4134253807.265625,3879642876.328125,254610930.9375,-325669244.765625,-557358138.984375,4186269198.28125,4830731076.796875,-644461878.515625,435695021.015625,826603908.75,8566846738.59375,8956697686.171875,-389850947.578125,110025776.25,269245769.765625,1550234975.625,1160384028.046875,389850947.578125,-110025776.25,-269069446.40625
2021-08-17,DJIA Consolidated - CHICAGO BOARD OF TRADE,53963,21125,23098,-1973,-3.6562088838648705,39.147193447362085,42.803402331226955,1067,1.977280729388655,23108,23650,-542,-1.0043918981524378,42.82193354706002,43.82632544521246,45300,47815,-2515,-4.660600782017308,83.94640772381075,88.60700850582806,8663,6148,2515,4.660600782017308,16.053592276189242,11.392991494171932,35343.28125,2021-08-23,2021-08-23,35335.7109375,-0.00021419382219922678,2021-08-24,2021-08-24,35366.26171875,0.0006502075624346126,2021-08-25,2021-08-25,35405.5,0.00176041238389546,2021-08-26,2021-08-26,35213.12109375,-0.0036827411504131158,2021-08-27,2021-08-27,35455.80078125,0.0031836187040499286,-0.00021419382219922678,0.0008645865737366698,0.0011094834269462783,-0.005433588178390347,0.006891740350248865,0.0033985404726228907,0.0022291253773363273,-6.172852893764135,-3417.0,-1.7169008047903063,4.455952088973824,5.3656453983723615,3113.0,1.443704957705215,-3.921940440667143,-0.8072074953917725,-304.0,-0.7306461992956628,0.07656129609610218,0.8072074953917725,304.0,0.730646199295661,-0.07656129609611462,0.0006502075624346126,0.0004937068130876909,-0.006883380416185858,-0.021664964610494386,0.022605074337855857,-0.01002853707166762,-0.03370568575180044,5.0,DJIA x $5,176716.40625,3733134082.03125,4081795551.5625,-348661469.53125,-603839960.15625,-2297313.28125,4083562715.625,4179343007.8125,-95780292.1875,550118172.65625,-58493130.46875,8005253203.125,8449694964.84375,-444441761.71875,-53721787.5,-60790443.75,1530894227.34375,1086452465.625,444441761.71875,53721787.5,60790443.75
2021-08-24,DJIA Consolidated - CHICAGO BOARD OF TRADE,53847,21850,22546,-696,-1.2925511170538748,40.577933775326386,41.87048489238026,450,0.8357011532675915,22608,25365,-2757,-5.120062399019444,41.98562594016379,47.105688339183246,44908,48361,-3453,-6.4126135160733195,83.39926086875778,89.81187438483109,8939,5486,3453,6.4126135160733195,16.60073913124222,10.188125615168904,35366.26171875,2021-08-30,2021-08-30,35399.83984375,0.0009494394761604408,2021-08-31,2021-08-31,35360.73046875,-0.0001563990574968699,2021-09-01,2021-09-01,35312.53125,-0.0015192577936931073,2021-09-02,2021-09-02,35443.8203125,0.0021930107956216194,2021-09-03,2021-09-03,35369.08984375,7.996674973709261e-05,0.0009494394761604408,-0.0011047896027954751,-0.001363071919359693,0.0037179170637902104,-0.0021084202574981337,-0.0008686479977233486,0.0006502075624346126,2.363657766810996,1277.0,1.4307403279643012,-0.9329174388466939,-4.115670500867006,-2215.0,-0.8363076068962272,3.2793628939707844,-1.7520127340560112,-938.0,-0.5471468550529721,1.204865879003023,1.7520127340560112,938.0,0.5471468550529792,-1.2048658790030284,-0.0001563990574968699,-0.007528692765648937,-0.022300672107277375,-0.040898353535430476,0.012654406791960504,-0.05003786823224776,-0.06946371359621406,5.0,DJIA x $5,176831.30859375,3863764092.7734375,3986838683.5546875,-123074590.78125,225813581.07421875,-90007136.07421875,3997802224.6875,4485326142.480469,-487523917.79296875,-391681348.53515625,-61714126.69921875,7941140406.328125,8551738914.902344,-610598508.5742188,-165867767.4609375,-151898094.08203125,1580695067.5195312,970096558.9453125,610598508.5742188,165867767.4609375,151721262.7734375
2021-08-31,DJIA Consolidated - CHICAGO BOARD OF TRADE,54638,21926,23197,-1271,-2.3262198469929354,40.12958014568615,42.45579999267909,385,0.7046377978696146,23187,25550,-2363,-4.32482887367766,42.43749771221494,46.7623265858926,45497,49131,-3634,-6.6510487206705955,83.2698854277243,89.92093414839489,9141,5507,3634,6.6510487206705955,16.730114572275706,10.07906585160511,35360.73046875,2021-09-06,2021-09-07,35100.0,-0.007373446908298997,2021-09-07,2021-09-07,35100.0,-0.007373446908298997,2021-09-08,2021-09-08,35031.0703125,-0.009322775629347801,2021-09-09,2021-09-09,34879.37890625,-0.013612602345005165,2021-09-10,2021-09-10,34607.71875,-0.021295140365255594,-0.007373446908298997,0.0,-0.001963808760683805,-0.00433019616291519,-0.007788560598518068,-0.014025106837606827,-0.0001563990574968699,-1.0336687299390606,-575.0,-0.4483536296402377,0.5853151002988284,0.7952335253417839,394.0,0.4518717720511489,-0.3433617532906439,-0.23843520459727596,-181.0,-0.1293754410334742,0.1090597635638062,0.23843520459727596,181.0,0.12937544103348486,-0.10905976356379377,-0.007373446908298997,-0.02214773693496286,-0.04074832747794577,-0.029997745336099002,-0.024801855253670624,-0.05842020859341779,-0.10095553120091394,5.0,DJIA x $5,176803.65234375,3876596881.2890625,4101314323.4179688,-224717442.12890625,-101662100.09765625,-806578261.9921875,4099546286.8945312,4517333317.3828125,-417787030.48828125,69660639.0234375,665312143.7695312,8044035770.683594,8686540243.300781,-642504472.6171875,-32001461.07421875,-141266118.22265625,1616162186.0742188,973657713.4570312,642504472.6171875,32001461.07421875,141266118.22265625
2021-09-07,DJIA Consolidated - CHICAGO BOARD OF TRADE,53390,17277,22348,-5071,-9.4980333395767,32.35999250796029,41.858025847536986,1530,2.8657051882374978,24759,23875,884,1.6557407754261098,46.373852781419735,44.71811200599363,43565,47753,-4188,-7.844165574077542,81.59767746769057,89.44184304176812,9825,5638,4187,7.84229256415059,18.40232253230942,10.560029968158831,35100.0,2021-09-13,2021-09-13,34869.62890625,-0.006563279024216495,2021-09-14,2021-09-14,34577.5703125,-0.01488403668091165,2021-09-15,2021-09-15,34814.390625,-0.00813701923076926,2021-09-16,2021-09-16,34751.3203125,-0.00993389423076918,2021-09-17,2021-09-17,34584.87890625,-0.01467581463675216,-0.006563279024216495,-0.008375729909120166,0.006848957586079729,-0.0018116161554960764,-0.004789498780284673,-0.008166132216823274,-0.007373446908298997,-7.171813492583765,-3800.0,-7.769587637725856,-0.5977741451421039,5.98056964910377,3247.0,3.9363550692047937,-2.04421457989897,-1.1931168534069467,-554.0,-1.672207960033731,-0.47909110662676824,1.1912438434799943,553.0,1.6722079600337132,0.4809641165537215,-0.01488403668091165,-0.03362279647435895,-0.022792356659544155,-0.02237402065527061,0.017647569444444455,-0.07029513888888894,-0.11266949341168087,5.0,DJIA x $5,175500.0,3032113500.0,3922074000.0,-889960500.0,-666900000.0,-1143382500.0,4345204500.0,4190062500.0,155142000.0,569848500.0,796594500.0,7645657500.0,8380651500.0,-734994000.0,-97227000.0,-346963500.0,1724287500.0,989469000.0,734818500.0,97051500.0,346788000.0
2021-09-14,DJIA Consolidated - CHICAGO BOARD OF TRADE,60533,16106,22057,-5951,-9.831001272033436,26.606974708010505,36.43797598004394,2568,4.242314109659194,31066,30122,944,1.559479953083442,51.32076718484133,49.76128723175788,49740,54746,-5006,-8.26986932747427,82.17005600251103,90.4399253299853,10793,5787,5006,8.26986932747427,17.82994399748897,9.560074670014702,34577.5703125,2021-09-20,2021-09-20,33970.46875,-0.017557669813501264,2021-09-21,2021-09-21,33919.83984375,-0.019021882185638272,2021-09-22,2021-09-22,34258.3203125,-0.009232863880102915,2021-09-23,2021-09-23,34764.8203125,0.005415360255440094,2021-09-24,2021-09-24,34798.0,0.006374932810716105,-0.017557669813501264,-0.0014903799715745292,0.009978834520127267,0.01478472953080523,0.0009544041131739345,0.024360312955646224,-0.01488403668091165,-0.33296793245673584,-880.0,-5.753017799949788,-5.420049867493049,-0.09626082234266775,60.0,4.946914403421594,5.0431752257642515,-0.4257037533967276,-818.0,0.5723785348204586,0.9980822882171765,0.42757676332368,819.0,-0.572378534820448,-0.9999552981441298,-0.019021882185638272,-0.008027806139682792,-0.007603149530866826,-0.0057618411863362695,0.027954809035571904,-0.02988152317852366,-0.10042925451357221,5.0,DJIA x $5,172887.8515625,2784531737.265625,3813387341.9140625,-1028855604.6484375,-152141309.375,-687747873.515625,5370933996.640625,5207727864.765625,163206131.875,10373271.09375,256911347.421875,8599441736.71875,9464918321.640625,-865476584.921875,-141422262.578125,-430663638.2421875,1865978581.9140625,1000501996.9921875,865476584.921875,141595150.4296875,430663638.2421875
2021-09-21,DJIA Consolidated - CHICAGO BOARD OF TRADE,47942,12393,20793,-8400,-17.521171415460348,25.849985399023822,43.371156814484166,1023,2.133828375954278,25477,20533,4944,10.312460890242377,53.14129573234325,42.828834842100875,38893,42349,-3456,-7.208710525217972,81.12510950732134,88.33382003253932,9050,5594,3456,7.208710525217972,18.87697634641859,11.668265821200617,33919.83984375,2021-09-27,2021-09-27,34869.37109375,0.02799338836427201,2021-09-28,2021-09-28,34299.98828125,0.011207259210277432,2021-09-29,2021-09-29,34390.71875,0.013882108772302004,2021-09-30,2021-09-30,33843.921875,-0.002238158231280374,2021-10-01,2021-10-01,34326.4609375,0.011987706770523632,0.02799338836427201,-0.01632902443147466,0.0026452040742999117,-0.015899547752255105,0.0142577761608782,-0.015569829314968975,-0.019021882185638272,-7.690170143426911,-2449.0,-0.7569893089866824,6.933180834440229,8.752980937158934,4000.0,1.8205285475019224,-6.9324523896570085,1.0611588022562977,1550.0,-1.0449464951896914,-2.1061052974459784,-1.0611588022562977,-1550.0,1.0470323489296192,2.108191151185915,0.011207259210277432,0.011640150220896484,0.013517162879071787,0.045326533293856164,0.04636989391003299,0.02616819825325778,-0.09474128975264406,5.0,DJIA x $5,169599.19921875,2101842875.9179688,3526476149.3554688,-1424633273.4375,-415348438.88671875,-1306592230.78125,4320878798.496094,3482380357.5585938,838498440.9375,678396796.875,1306083433.1835938,6596221655.214844,7182356487.714844,-586134832.5,262878758.7890625,-508797.59765625,1534872752.9296875,948737920.4296875,586134832.5,-262878758.7890625,508797.59765625
2021-09-28,DJIA Consolidated - CHICAGO BOARD OF TRADE,49272,14842,18683,-3841,-7.795502516642312,30.122584835200524,37.918087351842836,832,1.6885858093846402,24962,23950,1012,2.053904854684202,50.66163338204254,48.60772852735833,40636,43464,-2828,-5.739568111706446,82.4728040266277,88.21237213833415,8636,5808,2828,5.739568111706446,17.5271959733723,11.787627861665854,34299.98828125,2021-10-04,2021-10-04,34002.921875,-0.00866083112956606,2021-10-05,2021-10-05,34314.671875,0.0004280932585047914,2021-10-06,2021-10-06,34416.98828125,0.0034110798826121336,2021-10-07,2021-10-07,34754.94140625,0.013263944036059572,2021-10-08,2021-10-08,34746.25,0.013010550181264957,-0.00866083112956606,0.009168329743721504,0.0029817101740827745,0.009819369499687314,-0.00025007684945876907,0.021860713256719233,0.011207259210277432,9.725668898818036,4559.0,4.2725994361767015,-5.453069462641331,-8.258556035558176,-3932.0,-2.479662350300714,5.778893685257458,1.469142413511526,628.0,1.3476945193063585,-0.12144789420517554,-1.469142413511526,-628.0,-1.3497803730462898,0.11936204046523713,0.0004280932585047914,0.0022843028941450516,0.03374112851031641,0.04247495984703886,0.061172693093804575,0.028985523751431597,-0.1505830848839803,5.0,DJIA x $5,171499.94140625,2545402130.3515625,3204133405.2929688,-658731274.9414062,781868232.8710938,-440754849.4140625,4280981537.3828125,4107423596.6796875,173557940.703125,-674337769.609375,578812302.2460938,6969071618.984375,7454073453.28125,-485001834.296875,107701963.203125,138228952.7734375,1481073493.984375,996071659.6875,485001834.296875,-107701963.203125,-138228952.7734375
2021-10-05,DJIA Consolidated - CHICAGO BOARD OF TRADE,48120,14645,17733,-3088,-6.417290108063176,30.434330839567746,36.85162094763093,884,1.8370739817123858,23888,23367,521,1.0827098919368248,49.64256026600166,48.55985037406484,39417,41984,-2567,-5.3345802161263505,81.9139650872818,87.24854530340814,8703,6137,2566,5.332502078137988,18.086034912718205,12.753532834580216,34314.671875,2021-10-11,2021-10-11,34496.05859375,0.0052859814428867224,2021-10-12,2021-10-12,34378.33984375,0.0018554153448393507,2021-10-13,2021-10-13,34377.80859375,0.0018399336289733892,2021-10-14,2021-10-14,34912.55859375,0.017423646681744565,2021-10-15,2021-10-15,35294.76171875,0.028561830558083923,0.0052859814428867224,-0.003412527540793575,-1.5453044050817155e-05,0.015555092714583996,0.010947439557421168,0.023153460353430244,0.0004280932585047914,1.3782124085791363,753.0,0.31174600436722244,-1.0664664042119085,-0.971194962747377,-491.0,-1.0190731160408788,-0.047878153293495984,0.4049878955800956,261.0,-0.5588389393459039,-0.9638268349260102,-0.4070660335684577,-262.0,0.5588389393459039,0.9659049729143625,0.0018554153448393507,0.033298780268462114,0.04202887431077906,0.050647636602237034,0.07241731966874587,0.009515108105634384,-0.1165201747248239,5.0,DJIA x $5,171573.359375,2512691848.046875,3042510381.796875,-529818533.75,129194739.609375,340229971.640625,4098544408.75,4009154688.515625,89389720.234375,-84242519.453125,-62281129.453125,6762907106.484375,7203335920.0,-440428813.515625,44780646.796875,278120415.546875,1493202946.640625,1052945706.484375,440257240.15625,-44952220.15625,-278120415.546875
2021-10-12,DJIA Consolidated - CHICAGO BOARD OF TRADE,51020,16092,18233,-2141,-4.196393571148569,31.540572324578598,35.73696589572717,949,1.8600548804390433,24771,26331,-1560,-3.057624460995688,48.5515484123873,51.60917287338299,41812,45513,-3701,-7.254018032144257,81.95217561740495,89.20619364954919,9209,5508,3701,7.254018032144257,18.049784398275186,10.795766366130929,34378.33984375,2021-10-18,2021-10-18,35258.609375,0.025605353116259666,2021-10-19,2021-10-19,35457.30859375,0.03138513246724317,2021-10-20,2021-10-20,35609.33984375,0.03580743007355536,2021-10-21,2021-10-21,35603.078125,0.03562528867933845,2021-10-22,2021-10-22,35677.01953125,0.03777610243550211,0.025605353116259666,0.00563548087324417,0.0042877267347583015,-0.00017584484232158193,0.0020768262224517553,0.011866893325256145,0.0018554153448393507,2.2208965369146068,947.0,1.1062414850108517,-1.1146550519037604,-4.140334352932513,-2081.0,-1.0910118536143614,3.0493224993181514,-1.9194378160179069,-1134.0,0.0382105301231519,1.957648346141056,1.921515954006269,1135.0,-0.036250514443018744,-1.9577664684492877,0.03138513246724317,0.04009905855737883,0.0487018590807371,0.05647860349931899,0.05450175011405145,-0.004595348974616664,-0.1494880326968232,5.0,DJIA x $5,171891.69921875,2766081223.828125,3134101351.8554688,-368020128.02734375,162781439.16015625,654907374.0234375,4257929281.3476562,4526080332.128906,-268151050.78125,-357706626.07421875,-430416814.84375,7187135727.734375,7823306906.542969,-636171178.8085938,-194925186.9140625,224318667.48046875,1582950658.1054688,946779479.296875,636171178.8085938,195097078.61328125,-224318667.48046875
2021-10-19,DJIA Consolidated - CHICAGO BOARD OF TRADE,53020,20053,18237,1816,3.4251225952470765,37.821576763485474,34.3964541682384,1186,2.236891738966428,23078,27162,-4084,-7.702753677857413,43.52697095435685,51.22972463221426,44316,46585,-2269,-4.279517163334591,83.5835533760845,87.86307053941908,8704,6436,2268,4.277631082610336,16.416446623915505,12.138815541305167,35457.30859375,2021-10-25,2021-10-25,35741.1484375,0.008005115306468413,2021-10-26,2021-10-26,35756.87890625,0.00844876061892652,2021-10-27,2021-10-27,35490.69140625,0.0009414931314297714,2021-10-28,2021-10-28,35730.48046875,0.007704247328240488,2021-10-29,2021-10-29,35819.55859375,0.010216511471596856,0.008005115306468413,0.00044012208442345546,-0.007444371772433178,0.006756393099114799,0.0024930570155055065,0.002193834268843231,0.03138513246724317,7.621516166395645,3957.0,6.281004438906876,-1.3405117274887672,-4.645129216861726,-2524.0,-5.02457745803045,-0.3794482411687312,2.974500868809666,1432.0,1.6313777586795482,-1.343123110130108,-2.9763869495339215,-1433.0,-1.6333377743596813,1.3430491751742384,0.00844876061892652,0.016789777231003278,0.024329874691957354,0.01931647334255726,-0.0025055439138902402,-0.015401884594711257,-0.13913937656761743,5.0,DJIA x $5,177286.54296875,3555127046.1523438,3233174684.1210938,321952362.03125,701522850.5273438,1811159322.96875,4091418838.6328125,4815457080.1171875,-724038241.484375,-447471234.453125,-1600542909.921875,7856630438.203125,8258893604.199219,-402263165.99609375,253874329.53125,210439126.50390625,1543102070.0,1141016190.546875,402085879.453125,-254051616.07421875,-210616413.046875
2021-10-26,DJIA Consolidated - CHICAGO BOARD OF TRADE,54648,20776,19907,869,1.5901771336553947,38.01785975699019,36.427682623334796,971,1.7768262333479727,24195,26784,-2589,-4.737593324549846,44.274264382960034,49.01185770750988,45942,47662,-1720,-3.1474161908944516,84.06895037329821,87.21636656419265,8707,6986,1721,3.149246084028693,15.93287951983604,12.783633435807348,35756.87890625,2021-11-01,2021-11-01,35913.83984375,0.0043896710871083044,2021-11-02,2021-11-02,36052.62890625,0.008271135765943738,2021-11-03,2021-11-03,36157.578125,0.01120621348973394,2021-11-04,2021-11-04,36124.23046875,0.01027359136861894,2021-11-05,2021-11-05,36327.94921875,0.01597092167907821,0.0043896710871083044,0.003864500791445069,0.0029110004439039106,-0.0009222867785755318,0.005639393486215116,0.01153063489734496,0.00844876061892652,-1.8349454615916818,-947.0,0.19628299350471679,2.0312284550963966,2.965160353307567,1495.0,0.7472934286031858,-2.2178669247043743,1.1321009724401399,549.0,0.4853969972137122,-0.6467039752264299,-1.1283849985816428,-547.0,-0.483567104079464,0.6448178945021805,0.008271135765943738,0.01574806246306837,0.010776663275346543,0.0015919139684770212,-0.040807488856219876,-0.07038363793854785,-0.10963313330990399,5.0,DJIA x $5,178784.39453125,3714424580.78125,3559060941.9335938,155363638.84765625,-169308821.62109375,842074498.2421875,4325688425.683594,4788561223.125,-462872797.44140625,267282669.82421875,-643802604.7070312,8213712653.5546875,8521221812.1484375,-307509158.59375,98152632.59765625,198093109.140625,1556675723.1835938,1248987780.1953125,307687942.98828125,-97795063.80859375,-197914324.74609375
2021-11-02,DJIA Consolidated - CHICAGO BOARD OF TRADE,57066,22951,20407,2544,4.457996004626223,40.21834367223916,35.76034766761294,904,1.5841306557319597,24100,28554,-4454,-7.804997721936004,42.2318017733852,50.036799495321205,47955,49865,-1910,-3.347001717309782,84.03427610135633,87.3812778186661,9111,7201,1910,3.347001717309782,15.965723898643674,12.618722181333894,36052.62890625,2021-11-08,2021-11-08,36432.21875,0.010528770169217605,2021-11-09,2021-11-09,36319.98046875,0.007415591334413163,2021-11-10,2021-11-10,36079.94140625,0.0007575730488620369,2021-11-11,2021-11-11,35921.23046875,-0.003644628463618682,2021-11-12,2021-11-12,36100.30859375,0.001322502379063284,0.010528770169217605,-0.0030807424060605992,-0.006609008578805087,-0.004398869047844589,0.004985300410457638,-0.009110347040008349,0.008271135765943738,2.8678188709708277,1675.0,2.2004839152489666,-0.6673349557218557,-3.0674043973861576,-1865.0,-2.0424626095748337,1.024941787811322,-0.19958552641533034,-190.0,-0.03467427194188133,0.16491125447345212,0.1977556332810888,189.0,0.032844378807633134,-0.1649112544734539,0.007415591334413163,0.002484973952467273,-0.006624430235615875,-0.043517219238844995,-0.017956821586671334,-0.08109921335703563,-0.09429075744628101,5.0,DJIA x $5,180263.14453125,4137219430.1367188,3678629990.4492188,458589439.6875,301940767.08984375,1015242030.0,4344341783.203125,5147233828.9453125,-802892045.7421875,-336190764.55078125,-896809144.0429688,8644519095.996094,8988821702.050781,-344302606.0546875,-34249997.4609375,118432885.95703125,1642377509.8242188,1298074903.7695312,344302606.0546875,34069734.31640625,-118252622.8125
2021-11-09,DJIA Consolidated - CHICAGO BOARD OF TRADE,51733,18284,18991,-707,-1.3666325169620939,35.34301123074247,36.70964374770456,1218,2.3543966133802408,23014,24512,-1498,-2.8956372141573077,44.48611137958363,47.381748593740944,42516,44721,-2205,-4.262269731119401,82.18351922370634,86.44578895482574,9217,7012,2205,4.262269731119401,17.816480776293663,13.554211045174261,36319.98046875,2021-11-15,2021-11-15,36087.44921875,-0.006402295568415095,2021-11-16,2021-11-16,36142.21875,-0.004894323082110352,2021-11-17,2021-11-17,35931.05078125,-0.010708422264561479,2021-11-18,2021-11-18,35870.94921875,-0.012363201857620743,2021-11-19,2021-11-19,35601.98046875,-0.019768733097689117,-0.006402295568415095,0.0015176891810226856,-0.005842695220530714,-0.001672691479742694,-0.007498233413332889,-0.013452564825439772,0.007415591334413163,-5.824628521588316,-3251.0,-4.875332441496688,0.9492960800916208,4.909360507778696,2956.0,2.254309606198433,-2.6550509015802604,-0.9152680138096194,-295.0,-1.8507568776499852,-0.9354888638403622,0.9152680138096194,295.0,1.8507568776499888,0.9354888638403676,-0.004894323082110352,-0.013936672899246716,-0.05055789389341592,-0.0165349973623119,-0.02360131276743227,-0.1145165878586758,-0.08698111350770577,5.0,DJIA x $5,181599.90234375,3320372614.453125,3448763745.4101562,-128391130.95703125,-590381282.5195312,260414259.9609375,4179340152.5390625,4451376806.25,-272036653.7109375,536809311.328125,11259193.9453125,7720901448.046875,8121329232.714844,-400427784.66796875,-53571971.19140625,271673453.90625,1673806299.9023438,1273378515.234375,400427784.66796875,53571971.19140625,-271673453.90625
2021-11-16,DJIA Consolidated - CHICAGO BOARD OF TRADE,51900,18282,20421,-2139,-4.121387283236994,35.225433526011564,39.346820809248555,1124,2.165703275529865,23706,23918,-212,-0.4084778420038536,45.676300578034684,46.08477842003854,43111,45462,-2351,-4.529865125240848,83.0655105973025,87.59537572254335,8789,6438,2351,4.529865125240848,16.934489402697494,12.404624277456646,36142.21875,2021-11-22,2021-11-22,35619.25,-0.014469746686484264,2021-11-23,2021-11-23,35813.80078125,-0.009086823667957544,2021-11-24,2021-11-24,35804.37890625,-0.009347512561054372,2021-11-25,2021-11-26,34899.33984375,-0.03438856133451962,2021-11-26,2021-11-26,34899.33984375,-0.03438856133451962,-0.014469746686484264,0.005461956140289326,-0.00026307944966663666,-0.025277328923083653,0.0,-0.020211266555303697,-0.004894323082110352,-2.7547547662749006,-1432.0,-0.11757770473090545,2.6371770615439942,2.487159372153454,1286.0,1.1901891984510513,-1.2969701737024053,-0.2675953941214466,-146.0,0.8819913735961649,1.149586767717608,0.2675953941214466,146.0,-0.8819913735961684,-1.149586767717615,-0.009086823667957544,-0.04588816230326198,-0.011697927717843837,-0.016546827593422186,-0.03191223301004453,-0.09649736587491597,-0.07053515149785872,5.0,DJIA x $5,180711.09375,3303760215.9375,3690301245.46875,-386541029.53125,-258778286.25,-714712375.78125,4283937188.4375,4322247940.3125,-38310751.875,232394466.5625,699713355.0,7790635962.65625,8215487744.0625,-424851781.40625,-26383819.6875,-14818309.6875,1588269802.96875,1163418021.5625,424851781.40625,26383819.6875,14999020.78125
2021-11-23,DJIA Consolidated - CHICAGO BOARD OF TRADE,53046,19566,20642,-1076,-2.02842815669419,36.88496776382762,38.91339592052181,369,0.6956226671191041,23283,25965,-2682,-5.05598914149983,43.892093654563965,48.948082796063794,43218,46976,-3758,-7.084417298194021,81.47268408551069,88.5571013837047,9828,6071,3757,7.082532141914564,18.52731591448931,11.444783772574747,35813.80078125,2021-11-29,2021-11-29,35135.94140625,-0.018927322993176676,2021-11-30,2021-11-30,34483.71875,-0.037138812475506766,2021-12-01,2021-12-01,34022.0390625,-0.0500299236513333,2021-12-02,2021-12-02,34639.7890625,-0.032780986467223605,2021-12-03,2021-12-03,34580.078125,-0.03444824702593152,-0.018927322993176676,-0.01856283424169136,-0.013388338155959523,0.018157347913955624,-0.0017237673529785225,-0.015820361117494408,-0.009086823667957544,2.0929591265428042,1063.0,1.6595342378160538,-0.4334248887267478,-4.647511299495976,-2470.0,-1.7842069234707196,2.863304376025255,-2.554552172953173,-1407.0,-1.592826511791813,0.9617256611613527,2.552667016673716,1406.0,1.5928265117918166,-0.9598405048818996,-0.037138812475506766,-0.0026350482688619614,-0.007528413289526026,-0.008965861078562454,-0.06190885518665168,-0.10848280707081648,-0.04790609154357728,5.0,DJIA x $5,179069.00390625,3503664130.4296875,3696342378.6328125,-192678248.203125,190350351.15234375,-348289212.59765625,4169263617.9492188,4649526686.425781,-480263068.4765625,-442300439.6484375,-16653417.36328125,7739004210.8203125,8411945527.5,-672941316.6796875,-251950088.49609375,-364942629.9609375,1759890170.390625,1087127922.7148438,672762247.6757812,251771019.4921875,364584491.953125
2021-11-30,DJIA Consolidated - CHICAGO BOARD OF TRADE,50802,17042,20460,-3418,-6.7280815715916695,33.54592338884296,40.27400496043463,550,1.0826345419471675,24389,23130,1259,2.4782488878390616,48.00795244281721,45.52970355497815,41980,44139,-2159,-4.249832683752608,82.63454194716743,86.88437463092005,8822,6663,2159,4.249832683752608,17.365458052832565,13.11562536907996,34483.71875,2021-12-06,2021-12-06,35227.03125,0.021555462315096197,2021-12-07,2021-12-07,35719.4296875,0.03583461941731558,2021-12-08,2021-12-08,35754.75,0.03685887996056114,2021-12-09,2021-12-09,35754.69140625,0.03685718078912248,2021-12-10,2021-12-10,35970.98828125,0.043129615516017905,0.021555462315096197,0.013977857912735647,0.000988826328107928,-1.6387682755247823e-06,0.006049468377237632,0.021118925008760225,-0.037138812475506766,-4.69965341489748,-2342.0,-3.3390443749846597,1.3606090399128234,7.5342380293388915,3941.0,4.115858788253249,-3.4183792410856455,2.834584614441413,1599.0,1.1618578616567419,-1.672726752784655,-2.8326994581619562,-1598.0,-1.1618578616567454,1.6708415965052126,0.03583461941731558,0.030752510922273935,0.029259618896236406,0.05551872758792875,-0.03447335653872885,-0.04331312603139703,-0.018303927850008894,5.0,DJIA x $5,172418.59375,2938357674.6875,3527684428.125,-589326753.4375,-403804346.5625,-1027959655.9375,4205117082.96875,3988042073.4375,217075009.53125,679501677.96875,985027426.09375,7238132565.625,7610384309.53125,-372251743.90625,275697331.40625,-42932229.84375,1521076834.0625,1148825090.15625,372251743.90625,-275524912.8125,42932229.84375
2021-12-07,DJIA Consolidated - CHICAGO BOARD OF TRADE,51530,18864,21141,-2277,-4.418785173685232,36.607801280807294,41.02658645449253,217,0.4211139142247235,24306,22716,1590,3.085581214826315,47.16863962740152,44.0830584125752,43387,44074,-687,-1.333203958858917,84.19755482243353,85.53075878129245,8143,7456,687,1.333203958858917,15.802445177566465,14.469241218707548,35719.4296875,2021-12-13,2021-12-13,35650.94921875,-0.0019171769916014325,2021-12-14,2021-12-14,35544.1796875,-0.004906293340437351,2021-12-15,2021-12-15,35927.4296875,0.00582316128280147,2021-12-16,2021-12-16,35897.640625,0.0049891876510661515,2021-12-17,2021-12-17,35365.44140625,-0.009910244490098252,-0.0019171769916014325,-0.002994858021728275,0.01078235602479749,-0.0008291453844349039,-0.014825465113697867,-0.008008421059090387,0.03583461941731558,2.3092963979064374,1141.0,3.061877891964336,0.7525814940578996,0.6073323269872533,331.0,-0.8393128154156955,-1.44664514240295,2.916628724893691,1472.0,1.5630128752660966,-1.3536158496276016,-2.916628724893691,-1472.0,-1.5630128752661,1.3536158496275892,-0.004906293340437351,-0.00634753888104056,0.019003137954286542,0.030241769240174188,-0.08641764690829379,-0.07108985458938122,-0.05943795470208679,5.0,DJIA x $5,178597.1484375,3369056608.125,3775722315.1171875,-406665706.9921875,203779346.3671875,-280397523.046875,4340982289.921875,4057012823.90625,283969466.015625,59115656.1328125,551507994.375,7748794479.2578125,7871490720.234375,-122696240.9765625,262895002.5,271110471.328125,1454316579.7265625,1331620338.75,122696240.9765625,-262895002.5,-271110471.328125
2021-12-14,DJIA Consolidated - CHICAGO BOARD OF TRADE,60334,15591,18930,-3339,-5.534192992342626,25.841150926509098,31.375343918851726,2221,3.6811747936486885,32911,31054,1857,3.0778665429111283,54.54801604402161,51.470149501110484,50722,52204,-1482,-2.456326449431498,84.06868432393011,86.52501077336161,9612,8130,1482,2.456326449431498,15.931315676069877,13.474989226638378,35544.1796875,2021-12-20,2021-12-20,34932.16015625,-0.01721855833024699,2021-12-21,2021-12-21,35492.69921875,-0.0014483515783064727,2021-12-22,2021-12-22,35753.890625,0.005900007802789542,2021-12-23,2021-12-23,35950.55859375,0.011433064704906126,2021-12-24,2021-12-27,36302.37890625,0.021331177858540995,-0.01721855833024699,0.016046504424368058,0.007359017826179315,0.005500603299728235,0.009786226591793845,0.03922513648944337,-0.004906293340437351,-1.1154078186573937,-1062.0,-10.766650354298196,-9.651242535640804,-0.0077146719151865994,267.0,7.37937641662009,7.387091088535286,-1.123122490572581,-795.0,-0.12887049850341725,0.9942519920691666,1.123122490572581,795.0,0.12887049850341192,-0.9942519920691701,-0.0014483515783064727,0.02402731635695443,0.035321359531656826,0.019914367133332167,-0.05626349690251242,-0.14571582900241886,-0.04038745795010834,5.0,DJIA x $5,177720.8984375,2770846527.5390625,3364256607.421875,-593410079.8828125,-188739594.140625,-213265078.125,5848972488.4765625,5518944780.078125,330027708.3984375,47451479.8828125,367704538.8671875,9014359410.546875,9277741782.03125,-263382371.484375,-141288114.2578125,154439460.7421875,1708253275.78125,1444870904.296875,263382371.484375,141288114.2578125,-154439460.7421875
2021-12-21,DJIA Consolidated - CHICAGO BOARD OF TRADE,45692,13681,18314,-4633,-10.139630569902828,29.94178411975838,40.08141468966121,278,0.6084216055326972,23675,21282,2393,5.2372406548192245,51.8143219819662,46.577081327146985,37634,39873,-2239,-4.900201348157227,82.36452770725728,87.26472905541452,8059,5819,2240,4.902389915083603,17.637660859669086,12.735270944585487,35492.69921875,2021-12-27,2021-12-27,36302.37890625,0.02281257005869719,2021-12-28,2021-12-28,36398.2109375,0.025512619177513463,2021-12-29,2021-12-29,36488.62890625,0.028060128122739947,2021-12-30,2021-12-30,36398.078125,0.025508877210773218,2021-12-31,2021-12-31,36338.30078125,0.023824662004102715,0.02281257005869719,0.002639827860799082,0.0024841322257640464,-0.0024816164367987836,-0.0016423214309477796,0.0009895184856278938,-0.0014483515783064727,-4.605437577560202,-1294.0,4.100633193249283,8.706070770809482,2.1593741119080962,536.0,-2.733694062055406,-4.893068173963499,-2.4438748987257286,-757.0,-1.704156616672833,0.7397182820529054,2.446063465652105,758.0,1.7063451835992094,-0.7397182820528911,0.025512619177513463,0.03682304382360324,0.02139370431705201,-0.00350016965416855,-0.019306457280882205,-0.13981605592083146,-0.0744649180162602,5.0,DJIA x $5,177463.49609375,2427878090.0585938,3250066467.4609375,-822188377.4023438,-229637763.9453125,-631237655.6054688,4201448270.0195312,3776778123.8671875,424670146.15234375,95120433.90625,900627242.6757812,6678661211.9921875,7076001979.746094,-397340767.75390625,-134339866.54296875,269567050.56640625,1430178315.0195312,1032660083.7695312,397518231.25,134517330.0390625,-269212123.57421875
2021-12-28,DJIA Consolidated - CHICAGO BOARD OF TRADE,48375,17808,18387,-579,-1.1968992248062016,36.81240310077519,38.009302325581395,275,0.5684754521963824,22982,23946,-964,-1.992764857881137,47.50801033591731,49.500775193798454,41064,42608,-1544,-3.1917312661498705,84.88682170542636,88.07855297157623,7311,5767,1544,3.1917312661498705,15.113178294573643,11.921447028423772,36398.2109375,2022-01-03,2022-01-03,36585.05859375,0.005133429677926626,2022-01-04,2022-01-04,36799.6484375,0.011029044825563439,2022-01-05,2022-01-05,36407.109375,0.0002444745846239549,2022-01-06,2022-01-06,36236.46875,-0.004443685096988115,2022-01-07,2022-01-07,36231.66015625,-0.004575795814140027,0.005133429677926626,0.005865504990243631,-0.010666924255178234,-0.004687013825853903,-0.00013270039592361282,-0.009659638417536143,0.025512619177513463,8.942731345096625,4054.0,6.870618981016811,-2.072112364079814,-7.2300055127003615,-3357.0,-4.30631164604889,2.923693866651469,1.7084700820073562,695.0,2.5222939981690757,0.8138239161617093,-1.7106586489337325,-696.0,-2.524482565095443,-0.8138239161617147,0.011029044825563439,-0.004016444832989907,-0.028291011040849967,-0.05770834375230072,-0.030331697707498106,-0.1497661715430295,-0.08672548079822773,5.0,DJIA x $5,181991.0546875,3240896701.875,3346269522.5390625,-105372820.6640625,737791735.703125,516672604.2578125,4182518418.828125,4357957795.546875,-175439376.71875,-610943970.5859375,-404566114.5703125,7473280669.6875,7754274858.125,-280994188.4375,126483783.0078125,111924498.6328125,1330536600.8203125,1049542412.3828125,280994188.4375,-126665774.0625,-111924498.6328125
2022-01-04,DJIA Consolidated - CHICAGO BOARD OF TRADE,50879,20942,17325,3617,7.109023369169992,41.160400165097585,34.05137679592759,343,0.6741484698991725,21877,26462,-4585,-9.011576485386898,42.99809351598892,52.00967000137582,43161,44129,-968,-1.902553116216907,84.83067670355156,86.73322981976847,7718,6750,968,1.902553116216907,15.169323296448436,13.26677018023153,36799.6484375,2022-01-10,2022-01-10,36068.87109375,-0.019858269705786524,2022-01-11,2022-01-11,36252.01953125,-0.014881362445081092,2022-01-12,2022-01-12,36290.3203125,-0.01384057040286768,2022-01-13,2022-01-13,36113.62109375,-0.01864222547982053,2022-01-14,2022-01-14,35911.80859375,-0.0241263131972006,-0.019858269705786524,0.005077742439566935,0.001056514416168941,-0.004869045443204212,-0.005588265421407113,-0.004354516657639862,0.011029044825563439,8.305922593976193,4196.0,4.347997064322392,-3.9579255296538065,-7.0188116275057615,-3621.0,-4.509916819928392,2.508894807577363,1.2891781499329635,576.0,-0.05614500187479621,-1.3453231518077615,-1.2891781499329635,-576.0,0.056145001874792655,1.345323151807758,-0.014881362445081092,-0.038891123917411785,-0.06798755083215591,-0.0378919423270645,-0.05865460246626841,-0.15847510431803968,-0.09954653099394839,5.0,DJIA x $5,183998.2421875,3853291187.890625,3187769545.8984375,665521641.9921875,772056624.21875,1084485639.453125,4025329544.3359375,4868961484.765625,-843631940.4296875,-666257634.9609375,-1136189145.5078125,7941548131.0546875,8119658429.4921875,-178110298.4375,105982987.5,-51703506.0546875,1420098433.203125,1241988134.765625,178110298.4375,-105982987.5,51703506.0546875
2022-01-11,DJIA Consolidated - CHICAGO BOARD OF TRADE,46567,16202,17603,-1401,-3.008568299439517,34.79287907745829,37.8014473768978,486,1.0436575257156355,22295,22477,-182,-0.39083471127622565,47.87725213133764,48.26808684261387,38982,40566,-1584,-3.401550454184293,83.71164129104301,87.1131917452273,7585,6002,1583,3.399403010715743,16.288358708956988,12.888955698241244,36252.01953125,2022-01-17,2022-01-18,35368.46875,-0.02437245683618705,2022-01-18,2022-01-18,35368.46875,-0.02437245683618705,2022-01-19,2022-01-19,35028.6484375,-0.0337462880570123,2022-01-20,2022-01-20,34715.390625,-0.042387401477741005,2022-01-21,2022-01-21,34265.37109375,-0.05480104179540857,-0.02437245683618705,0.0,-0.009608001830726742,-0.008942903208467579,-0.012963112992481318,-0.031188730958277677,-0.014881362445081092,-10.11759166860951,-5018.0,-6.367521087639297,3.7500705809702097,8.620741774110673,4403.0,4.879158615348722,-3.741583158761948,-1.4989973379673862,-616.0,-1.119035412508552,0.37996192545882934,1.496849894498836,615.0,1.119035412508552,-0.37781448199028667,-0.02437245683618705,-0.05390841911070254,-0.023358181446141435,-0.02177087763537311,-0.05604267520871953,-0.14539022987620198,-0.07028347666406942,5.0,DJIA x $5,181260.09765625,2936776102.2265625,3190721499.0429688,-253945396.81640625,-909563170.0390625,351282069.2578125,4041193877.2460938,4074183215.0195312,-32989337.7734375,798088209.9804688,-369589339.12109375,7065881126.8359375,7352997121.5234375,-287115994.6875,-111656220.15625,-18488529.9609375,1374857840.7226562,1087923106.1328125,286934734.58984375,111474960.05859375,18307269.86328125
2022-01-18,DJIA Consolidated - CHICAGO BOARD OF TRADE,47351,12312,17484,-5172,-10.922683787037233,26.001562796984224,36.92424658402146,820,1.731748009545733,25882,23463,2419,5.1086566281599115,54.65988046714958,49.55122383898967,39014,41767,-2753,-5.8140271588773205,82.39319127367955,88.20721843255687,8337,5584,2753,5.8140271588773205,17.60680872632046,11.792781567443138,35368.46875,2022-01-24,2022-01-24,34364.5,-0.028385982924409192,2022-01-25,2022-01-25,34297.73046875,-0.030273809387068806,2022-01-26,2022-01-26,34168.08984375,-0.03393923878171856,2022-01-27,2022-01-27,34160.78125,-0.034145880290619046,2022-01-28,2022-01-28,34725.46875,-0.018180035006463258,-0.028385982924409192,-0.0019429798556650502,-0.0037798601606634508,-0.0002139011511448352,0.0165302864670287,0.01050411762138248,-0.02437245683618705,-7.914115487597716,-3771.0,-8.791316280474064,-0.8772007928763372,5.499491339436137,2601.0,6.7826283358119355,1.2831369963758021,-2.4124767046930273,-1169.0,-1.3184500173634603,1.094026687329574,2.4146241481615776,1170.0,1.318450017363471,-1.096174130798106,-0.030273809387068806,0.0010396133208339098,0.0026665700646144597,-0.010733540909938277,-0.012928734192090285,-0.10012924205970886,-0.041212335139614975,5.0,DJIA x $5,176842.34375,2177282936.25,3091911538.125,-914628601.875,-666872478.28125,-95318023.28125,4577033540.9375,4149251911.40625,427781629.53125,459966936.09375,4597900.9375,6899327199.0625,7386174171.40625,-486846972.34375,-206728699.84375,-90896964.6875,1474334619.84375,987487647.5,486846972.34375,206905542.1875,90720122.34375
2022-01-25,DJIA Consolidated - CHICAGO BOARD OF TRADE,46318,12965,18103,-5138,-11.092879658016322,27.99127768901939,39.084157347035706,699,1.5091325186752451,24818,21815,3003,6.483440563064036,53.5817608705039,47.09832030743987,38481,40616,-2135,-4.609439094952286,83.08001209033206,87.68945118528434,7837,5702,2135,4.609439094952286,16.919987909667945,12.310548814715663,34297.73046875,2022-01-31,2022-01-31,35131.859375,0.024320236203675627,2022-02-01,2022-02-01,35405.23828125,0.03229099410846126,2022-02-02,2022-02-02,35629.328125,0.03882465801821122,2022-02-03,2022-02-03,35111.16015625,0.023716720505490896,2022-02-04,2022-02-04,35089.73828125,0.023092134717824342,0.024320236203675627,0.007781509749652971,0.0063292850049443405,-0.014543298906229407,-0.0006101158407945118,-0.0011989429110595973,-0.030273809387068806,-0.1701958709790894,34.0,1.9897148920351668,2.1599107630142456,1.3747839349041246,584.0,-1.0781195966456778,-2.4529035315498007,1.2045880639250344,618.0,0.6868208166525136,-0.5177672472725305,-1.2045880639250344,-618.0,-0.6868208166525136,0.5177672472725252,0.03229099410846126,0.03396874269309236,0.020150294656659407,-0.020442200815264377,-0.030834424517201642,-0.07394633322927369,-0.01643751710521113,5.0,DJIA x $5,171488.65234375,2223350377.6367188,3104459073.3789062,-881108695.7421875,5830614.1796875,-781816766.0351562,4256005373.8671875,3741024950.8789062,514980422.98828125,100149372.96875,680295483.8476562,6599054830.839844,6965183103.59375,-366128272.75390625,105979987.1484375,-101349793.53515625,1343956568.4179688,977828295.6640625,366128272.75390625,-105979987.1484375,101349793.53515625
2022-02-01,DJIA Consolidated - CHICAGO BOARD OF TRADE,43683,12229,17017,-4788,-10.960785660325527,27.994872147059496,38.95565780738502,625,1.4307625392028935,23622,19915,3707,8.486138772520203,54.075956321681204,45.589817549161,36476,37557,-1081,-2.4746468878053247,83.5015910079436,85.97623789574892,7207,6126,1081,2.4746468878053247,16.498408992056408,14.02376210425108,35405.23828125,2022-02-07,2022-02-07,35091.12890625,-0.0088718333853538,2022-02-08,2022-02-08,35462.78125,0.001625267094459204,2022-02-09,2022-02-09,35768.05859375,0.010247644984559878,2022-02-10,2022-02-10,35241.58984375,-0.004622153258792339,2022-02-11,2022-02-11,34738.05859375,-0.01884409539063392,-0.0088718333853538,0.010591062622776093,0.00860838696203503,-0.014718963530550466,-0.014287983380786629,-0.010061526189233394,0.03229099410846126,0.1320939976907951,350.0,0.003594458040105053,-0.12849953965068295,2.0026982094561667,704.0,0.4941954511773048,-1.5085027582788726,2.1347922071469614,1054.0,0.42157891761154076,-1.7132132895354175,-2.1347922071469614,-1054.0,-0.4215789176115372,1.7132132895354175,0.001625267094459204,-0.011760927413967392,-0.051083652986112504,-0.05960386555617603,-0.06429696082445424,-0.08498935483703696,-0.037260001140809296,5.0,DJIA x $5,177026.19140625,2164853294.7070312,3012454699.1601562,-847601404.453125,61959166.9921875,-1487905138.7695312,4181712693.3984375,3525476601.8554688,656236091.5429688,124626438.75,1467901179.140625,6457207357.734375,6648572670.644531,-191365312.91015625,186585605.7421875,-20003959.62890625,1275827761.4648438,1084462448.5546875,191365312.91015625,-186585605.7421875,20003959.62890625
2022-02-08,DJIA Consolidated - CHICAGO BOARD OF TRADE,41397,12029,15460,-3431,-8.28804019614948,29.057661183177526,37.345701379327004,861,2.0798608594825714,21318,18515,2803,6.771022054738266,51.496485252554535,44.72546319781627,34207,34836,-629,-1.5194337753943523,82.63159166123148,84.15102543662584,7190,6562,628,1.5170181414112134,17.36840833876851,15.851390197357295,35462.78125,2022-02-14,2022-02-14,34566.171875,-0.025283109316193264,2022-02-15,2022-02-15,34988.83984375,-0.013364473669137289,2022-02-16,2022-02-16,34934.26953125,-0.014903278877767101,2022-02-17,2022-02-17,34312.03125,-0.032449513530470764,2022-02-18,2022-02-18,34079.1796875,-0.03901559645720121,-0.025283109316193264,0.01222779225534354,-0.0015596490979322697,-0.017811687194242976,-0.006786294894739031,-0.01408869310900518,0.001625267094459204,2.6727454641760477,1357.0,1.0627890361180299,-1.6099564280580196,-1.715116717781937,-904.0,-2.5794710691266687,-0.8643543513447298,0.9552131124109724,452.0,-0.8699993467121203,-1.8252124591230796,-0.9576287463941113,-453.0,0.8699993467121026,1.827628093106215,-0.013364473669137289,-0.0526233930115112,-0.061129780430010716,-0.07980594091164239,-0.09311286084266168,-0.07580824173935874,-0.036829876217055024,5.0,DJIA x $5,177313.90625,2132908978.28125,2741272990.625,-608364012.34375,240614970.78125,-359947229.6875,3779977853.4375,3282966974.21875,497010879.21875,-160291771.25,529282010.15625,6065376791.09375,6176907238.125,-111530447.03125,80145885.625,169334780.46875,1274886985.9375,1163533852.8125,111353133.125,-80323199.53125,-169334780.46875
2022-02-15,DJIA Consolidated - CHICAGO BOARD OF TRADE,40696,10555,15230,-4675,-11.487615490465894,25.936209946923533,37.423825437389425,878,2.157460192647926,21996,18365,3631,8.922252801258109,54.049538038136426,45.127285236878315,33429,34473,-1044,-2.5653626892077845,82.14320817770788,84.70857086691566,7267,6224,1043,2.5629054452526048,17.856791822292116,15.293886377039511,34988.83984375,2022-02-21,2022-02-22,33596.609375,-0.03979070111976557,2022-02-22,2022-02-22,33596.609375,-0.03979070111976557,2022-02-23,2022-02-23,33131.76171875,-0.05307629899399846,2022-02-24,2022-02-24,33223.828125,-0.05044499122097301,2022-02-25,2022-02-25,34058.75,-0.026582471665351326,-0.03979070111976557,0.0,-0.013836147899969453,0.002778795979264226,0.02513021292605777,0.013755573362825402,-0.013364473669137289,-3.199575294316414,-1244.0,-3.121451236253993,0.0781240580624214,2.1512307465198433,828.0,2.5530527855818903,0.40182203906204705,-1.0459289138134322,-415.0,-0.48838348352360583,0.5575454302898208,1.0458873038413914,415.0,0.48838348352360583,-0.557503820317784,-0.03979070111976557,-0.04841231182755479,-0.06734145028163552,-0.041284592642989004,-0.06671412971747803,-0.023917001213444977,-0.025710206926471968,5.0,DJIA x $5,174944.19921875,1846536022.7539062,2664400154.1015625,-817864131.3476562,-217630583.828125,86947267.01171875,3848072606.015625,3212850218.6523438,635222387.3632812,144853796.953125,212032369.453125,5848209635.683594,6030851379.667969,-182641743.984375,-72601842.67578125,298979636.46484375,1271319495.7226562,1088852695.9375,182466799.78515625,72601842.67578125,-299154580.6640625
2022-02-22,DJIA Consolidated - CHICAGO BOARD OF TRADE,39796,9208,15866,-6658,-16.730324655744298,23.138003819479344,39.86832847522364,1097,2.7565584480852348,22163,16925,5238,13.16212684691929,55.691526786611725,42.52939993969243,32467,33887,-1420,-3.5681978088250075,81.58357623881797,85.15177404764299,7329,5909,1420,3.5681978088250075,18.41642376118203,14.848225952357023,33596.609375,2022-02-28,2022-02-28,33892.6015625,0.008810180342789353,2022-03-01,2022-03-01,33294.94921875,-0.008978886913346473,2022-03-02,2022-03-02,33891.3515625,0.008772974207311712,2022-03-03,2022-03-03,33794.66015625,0.005894963358932692,2022-03-04,2022-03-04,33614.80078125,0.0005414655403750412,0.008810180342789353,-0.01763371108139611,0.017912697203158245,-0.002852981713393432,-0.005322124092043468,-0.008196502140377704,-0.03979070111976557,-5.242709165278404,-1983.0,-2.798206127444189,2.4445030378342167,4.23987404566118,1607.0,1.641988748475299,-2.597885297185883,-1.002835119617223,-376.0,-0.5596319388899076,0.44320318072732334,1.0052923635724027,377.0,0.5596319388899147,-0.44566042468248845,-0.008978886913346473,-0.028692441527070067,-0.0015557978088376334,0.03604088582227649,-0.049647576508604185,-0.02044907340444979,-0.013900793560362112,5.0,DJIA x $5,167983.046875,1546787895.625,2665219021.71875,-1118431126.09375,-333110381.953125,-255334231.25,3723008267.890625,2843113068.359375,879895199.53125,269948756.328125,375442109.765625,5453905582.890625,5692441509.453125,-238535926.5625,-63161625.625,120107878.515625,1231147750.546875,992611823.984375,238535926.5625,63329608.671875,-120107878.515625
2022-03-01,DJIA Consolidated - CHICAGO BOARD OF TRADE,39034,8712,16447,-7735,-19.81605779576779,22.319003945278475,42.135061741046265,279,0.7147614899830916,23002,15415,7587,19.436901163088592,58.92811395193933,39.491212788850746,31993,32141,-148,-0.37915663267920274,81.9618793872009,82.34103601988011,7041,6893,148,0.37915663267920274,18.038120612799098,17.658963980119896,33294.94921875,2022-03-07,2022-03-07,32817.37890625,-0.01434362639697484,2022-03-08,2022-03-08,32632.640625,-0.01989216410569028,2022-03-09,2022-03-09,33286.25,-0.00026127742958381717,2022-03-10,2022-03-10,33174.0703125,-0.0036305478484384146,2022-03-11,2022-03-11,32944.19140625,-0.010534865519556735,-0.01434362639697484,-0.005629282026993865,0.020029313058388176,-0.003370150963235563,-0.006929475463352541,0.0038641873369067437,-0.008978886913346473,-3.0857331400234926,-1077.0,-0.8189998742008697,2.266733265822623,6.274774316169303,2349.0,3.236587165327606,-3.0381871508416864,3.1890411761458046,1272.0,0.3783031483829262,-2.8107380277628806,-3.1890411761458046,-1272.0,-0.37830314838293333,2.8107380277628735,-0.01989216410569028,0.007490344056736209,0.045427662580672434,0.06004641047399861,-0.009155386392009746,-0.045174421749169635,-0.019169574213994345,5.0,DJIA x $5,166474.74609375,1450327987.96875,2738010149.0039062,-1287682161.0351562,-179293301.54296875,-490601076.73828125,3829252109.6484375,2566208211.0351562,1263043898.6132812,391049178.57421875,645922014.84375,5326026551.777344,5350664814.199219,-24638262.421875,211755877.03125,155320938.10546875,1172148687.2460938,1147510424.8242188,24638262.421875,-211755877.03125,-155320938.10546875
2022-03-08,DJIA Consolidated - CHICAGO BOARD OF TRADE,38780,8681,14639,-5958,-15.363589479112944,22.38525012893244,37.74883960804539,271,0.6988138215575038,24014,17250,6764,17.441980402269213,61.923671995874166,44.48169159360495,32965,32160,805,2.0758122743682312,85.00515729757608,82.92934502320783,5815,6620,-805,-2.0758122743682312,14.99484270242393,17.07065497679216,32632.640625,2022-03-14,2022-03-14,32945.23828125,0.009579293929726118,2022-03-15,2022-03-15,33544.33984375,0.027938260627659472,2022-03-16,2022-03-16,34063.1015625,0.04383527995598735,2022-03-17,2022-03-17,34480.76171875,0.056634126394728534,2022-03-18,2022-03-18,34754.9296875,0.06503577466771437,0.009579293929726118,0.01818476944636238,0.015464955374480338,0.012261366026333986,0.00795133155660288,0.054930287369630015,-0.01989216410569028,4.452468316654846,1777.0,0.06624618365396628,-4.386222133000878,-1.9949207608193795,-823.0,2.9955580439348353,4.990478804754204,2.454968907047434,953.0,3.0432779103751812,0.5883090033277227,-2.454968907047434,-953.0,-3.043277910375167,-0.588309003327737,0.027938260627659472,0.06664555092222169,0.0815609993636548,0.06155000098157082,0.016777679939899093,-0.04557828650282569,0.00685878642406057,5.0,DJIA x $5,163163.203125,1416419766.328125,2388546130.546875,-972126364.21875,289941011.953125,-412313414.296875,3918201159.84375,2814565253.90625,1103635905.9375,-134283316.171875,646289447.578125,5378674991.015625,5247328612.5,131346378.515625,155494532.578125,233976033.28125,948794026.171875,1080140404.6875,-131346378.515625,-155494532.578125,-233812870.078125
2022-03-15,DJIA Consolidated - CHICAGO BOARD OF TRADE,46279,7656,13710,-6054,-13.081527258583808,16.54314051729726,29.62466777588107,1744,3.768447892132501,30096,23036,7060,15.255299379848312,65.03165582661681,49.77635644676851,39496,38490,1006,2.1737721212645047,85.34324423604659,83.16947211478208,6783,7789,-1006,-2.1737721212645047,14.656755763953413,16.830527885217915,33544.33984375,2022-03-21,2022-03-21,34552.98828125,0.030069109787174142,2022-03-22,2022-03-22,34807.4609375,0.03765526761395921,2022-03-23,2022-03-23,34358.5,0.024271163482196156,2022-03-24,2022-03-24,34707.94140625,0.03468846213459775,2022-03-25,2022-03-25,34861.23828125,0.039258439535079015,0.030069109787174142,0.007364707624668343,-0.012898411013263833,0.010170449997817244,0.004416766560876972,0.008921080790203817,0.027938260627659472,2.282062220529136,-96.0,-5.8421096116351805,-8.124171832164318,-2.186681022420901,296.0,3.107983830742647,5.29466485316356,0.09795984689627346,201.0,0.33808693847051074,0.2401270915742515,-0.09795984689627346,-201.0,-0.33808693847051785,-0.2401270915742444,0.03765526761395921,0.05216533014663072,0.03269820926150557,0.020153013426375654,-0.09478528361074334,-0.07272073774555154,-0.041406075051549696,5.0,DJIA x $5,167721.69921875,1284077329.21875,2299464496.2890625,-1015387167.0703125,-16101283.125,-231288223.22265625,5047752259.6875,3863637063.203125,1184115196.484375,49645622.96875,575117706.6210938,6624336232.34375,6455608202.9296875,168728029.4140625,33712061.54296875,343829483.3984375,1137656285.8007812,1306384315.2148438,-168728029.4140625,-33712061.54296875,-343661761.69921875
2022-03-22,DJIA Consolidated - CHICAGO BOARD OF TRADE,31512,5410,12832,-7422,-23.552932216298554,17.16806296014217,40.720995176440724,170,0.5394770246255395,19989,12234,7755,24.609672505712112,63.43297791317594,38.82330540746382,25568,25235,333,1.0567402894135567,81.13734450368113,80.08060421426758,5944,6277,-333,-1.0567402894135567,18.86265549631886,19.91939578573242,34807.4609375,2022-03-28,2022-03-28,34955.890625,0.004264306660187511,2022-03-29,2022-03-29,35294.19140625,0.013983509731547716,2022-03-30,2022-03-30,35228.80859375,0.01210509600245091,2022-03-31,2022-03-31,34678.3515625,-0.0037092442689752314,2022-04-01,2022-04-01,34818.26953125,0.0003105251994510727,0.004264306660187511,0.009677933395524807,-0.0018525091493786228,-0.01562519577649457,0.004034735287167024,-0.003936992915625326,0.03765526761395921,-10.471404957714746,-1368.0,0.6249224428449089,11.096327400559655,9.3543731258638,695.0,-1.5986779134408735,-10.95305103930469,-1.117031831850948,-673.0,-4.205899732365452,-3.0888679005145008,1.117031831850948,673.0,4.205899732365449,3.0888679005145043,0.013983509731547716,-0.00477717263831956,-0.01686711833288257,0.002980346122811728,-0.12288201501339402,-0.11782618893443952,-0.06455114126708195,5.0,DJIA x $5,174037.3046875,941541818.359375,2233246693.75,-1291704875.390625,-238083032.8125,-132964500.78125,3478831683.3984375,2129172385.546875,1349659297.8515625,120955926.7578125,438051895.8984375,4449785806.25,4391831383.7890625,57954422.4609375,-117127106.0546875,305087395.1171875,1034477739.0625,1092432161.5234375,-57954422.4609375,117127106.0546875,-305087395.1171875
2022-03-29,DJIA Consolidated - CHICAGO BOARD OF TRADE,32654,3870,13582,-9712,-29.74214491333374,11.851534268389784,41.59367918172352,64,0.19599436516200158,22903,12700,10203,31.245789183560973,70.13842102039565,38.89263183683469,26836,26345,491,1.503644270227231,82.18288724199179,80.67924297176457,5818,6309,-491,-1.503644270227231,17.817112758008207,19.320757028235438,35294.19140625,2022-04-04,2022-04-04,34921.87890625,-0.010548832121255791,2022-04-05,2022-04-05,34641.1796875,-0.018501960031711118,2022-04-06,2022-04-06,34496.51171875,-0.02260087724686466,2022-04-07,2022-04-07,34583.5703125,-0.02013422224553818,2022-04-08,2022-04-08,34721.12109375,-0.01623695825479432,-0.010548832121255791,-0.008037918563991164,-0.004176184819773998,0.002523692669559985,0.003977344733556487,-0.005748768931905013,0.013983509731547716,-6.189212697035185,-2290.0,-5.316528691752385,0.8726840052827995,6.636116677848861,2448.0,6.705443107219715,0.06932642937086797,0.44690398081367433,158.0,1.0455427383106581,0.5986387574969854,-0.44690398081367433,-158.0,-1.0455427383106546,-0.5986387574969818,-0.018501960031711118,-0.030425177301550033,-0.010851422634722274,-0.05819687707553689,-0.12317044246281228,-0.17451033517045844,-0.08216483479875014,5.0,DJIA x $5,176470.95703125,682942603.7109375,2396828538.3984375,-1713885934.6875,-404118491.6015625,-348883082.05078125,4041714328.8867188,2241181154.296875,1800533174.5898438,432000902.8125,461648023.59375,4735774602.890625,4649127362.988281,86647239.90234375,27882411.2109375,112764941.54296875,1026708028.0078125,1113355267.9101562,-86647239.90234375,-27882411.2109375,-112764941.54296875
2022-04-05,DJIA Consolidated - CHICAGO BOARD OF TRADE,33316,5048,13912,-8864,-26.605835034217794,15.151878977068076,41.75771401128587,454,1.3627086084764077,21962,12979,8983,26.963020770800817,65.92027854484331,38.9572577740425,27463,27344,119,0.3571857365830232,82.43186456957618,82.07467883299316,5853,5973,-120,-0.3601872973946452,17.56813543042382,17.928322727818465,34641.1796875,2022-04-11,2022-04-11,34308.078125,-0.009615768443942407,2022-04-12,2022-04-12,34220.359375,-0.01214797868595252,2022-04-13,2022-04-13,34564.58984375,-0.002210947907690275,2022-04-14,2022-04-14,34451.23046875,-0.005483335742706874,2022-04-15,2022-04-18,34411.69140625,-0.006624724773238833,-0.009615768443942407,-0.002556795798365652,0.010059230091004956,-0.003279638945882013,-0.0011476821571254625,0.003020084100091136,-0.018501960031711118,3.136309879115945,848.0,3.300344708678292,0.16403482956234683,-4.282768412760156,-1220.0,-4.218142475552341,0.06462593720781484,-1.146458533644208,-372.0,0.2489773275843845,1.3954358612285915,1.1434569728325858,371.0,-0.24897732758438806,-1.3924343004169728,-0.01214797868595252,0.007794755654566554,-0.04044319542921171,-0.04365875061540514,-0.10604025059589706,-0.12484734682868182,-0.035760929403250374,5.0,DJIA x $5,173205.8984375,874343375.3125,2409640459.0625,-1535297083.75,146878601.875,-503336340.859375,3803947941.484375,2248039355.8203125,1555908585.6640625,-211311196.09375,384343888.6328125,4756753588.7890625,4736142086.875,20611501.9140625,-64432594.21875,-118819246.328125,1013774123.5546875,1034558831.3671875,-20784707.8125,64259388.3203125,118646040.4296875
2022-04-12,DJIA Consolidated - CHICAGO BOARD OF TRADE,35593,4454,15910,-11456,-32.18610400921529,12.513696513359369,44.69980052257466,154,0.43266934509594585,25092,13310,11782,33.102014441041774,70.49700783861995,37.394993397578176,29699,29374,325,0.9131008906245609,83.44056415587335,82.52746326524878,5894,6219,-325,-0.9131008906245609,16.559435844126654,17.472536734751216,34220.359375,2022-04-18,2022-04-18,34411.69140625,0.005591175392207548,2022-04-19,2022-04-19,34911.19921875,0.02018797746042078,2022-04-20,2022-04-20,35160.7890625,0.02748158419946467,2022-04-21,2022-04-21,34792.76171875,0.016726953024583713,2022-04-22,2022-04-22,33811.3984375,-0.011950807793058127,0.005591175392207548,0.01451564256470328,0.007149277290249945,-0.010466981929666441,-0.02820596103243911,-0.017444448215671593,-0.01214797868595252,-5.580268974997498,-2592.0,-2.6381824637087075,2.9420865112887924,6.138993670240957,2799.0,4.576729293776637,-1.5622643764643271,0.5559151540415377,206.0,1.008699586297169,0.45278443225562626,-0.5529135932299156,-205.0,-1.0086995862971655,-0.45578599306724854,0.02018797746042078,-0.028643173403260058,-0.03189827145116009,-0.06018695239447647,-0.09465211225225478,-0.1455615900256746,-0.015650633782977375,5.0,DJIA x $5,171101.796875,762087403.28125,2722229588.28125,-1960142185.0,-443495857.5,-924291906.71875,4293286287.1875,2277364916.40625,2015921370.78125,478913929.453125,807942684.84375,5081552265.390625,5025944181.40625,55608083.984375,35246970.15625,-116520323.671875,1008473990.78125,1064082074.765625,-55608083.984375,-35075868.359375,116520323.671875
2022-04-19,DJIA Consolidated - CHICAGO BOARD OF TRADE,38811,7779,15171,-7392,-19.046146710984,20.043286697070418,39.08943340805442,914,2.355002447759656,23674,15572,8102,20.875524980031436,60.99817062173095,40.12264564169952,32367,31657,710,1.829378269047435,83.39645976656102,81.5670814975136,6444,7155,-711,-1.8319548581587692,16.603540233438974,18.435495091597744,34911.19921875,2022-04-25,2022-04-25,34049.4609375,-0.024683720425942246,2022-04-26,2022-04-26,33240.1796875,-0.04786485622506298,2022-04-27,2022-04-27,33301.9296875,-0.046096082840537234,2022-04-28,2022-04-28,33916.390625,-0.028495400215748257,2022-04-29,2022-04-29,32977.2109375,-0.05539736028922493,-0.024683720425942246,-0.02376781387186977,0.0018576915221435453,0.018451211184036476,-0.02769102696935344,-0.031490953761887264,0.02018797746042078,13.139957298231291,4064.0,7.529590183711049,-5.610367114520244,-12.226489461010338,-3680.0,-9.498837216889001,2.7276522441213444,0.916277378422874,385.0,-0.04410438931232363,-0.9603817677351856,-0.9188539675342083,-386.0,0.04410438931232008,0.9629583568465279,-0.04786485622506298,-0.051055540804588295,-0.0787844315269981,-0.06463855225540427,-0.08834266672350732,-0.1256730944706027,-0.026769928659398867,5.0,DJIA x $5,174555.99609375,1357871093.6132812,2648189016.7382812,-1290317923.125,709395568.125,5236679.8828125,4132438651.5234375,2718185971.171875,1414252680.3515625,-642366065.625,60570930.64453125,5649853925.566406,5525919168.339844,123934757.2265625,67204058.49609375,65807610.52734375,1124838838.828125,1248948152.0507812,-124109313.22265625,-67378614.4921875,-65982166.5234375
2022-04-26,DJIA Consolidated - CHICAGO BOARD OF TRADE,42232,6375,17268,-10893,-25.793237355559768,15.09518848266717,40.88842583822694,361,0.8548020458420156,28617,17615,11002,26.051335480204585,67.76141314642925,41.71007766622466,35353,35244,109,0.25809812464481907,83.71140367493844,83.45330555029362,6879,6988,-109,-0.25809812464481907,16.28859632506156,16.546694449706383,33240.1796875,2022-05-02,2022-05-02,33061.5,-0.005375412804016655,2022-05-03,2022-05-03,33128.7890625,-0.0033510837199802745,2022-05-04,2022-05-04,34061.05859375,0.024695381131128347,2022-05-05,2022-05-05,32997.96875,-0.0072866915816066635,2022-05-06,2022-05-06,32899.37109375,-0.010252910692843287,-0.005375412804016655,0.002035269497754122,0.028140766916991744,-0.031211297817533845,-0.0029879916850942267,-0.0049038581507191426,-0.04786485622506298,-6.747090644575767,-3501.0,-4.948098214403247,1.7989924301725182,5.175810500173149,2900.0,6.763242524698299,1.5874320245251425,-1.5712801444026159,-601.0,0.3149439083774155,1.8862240527800225,1.5738567335139502,602.0,-0.31494390837741193,-1.8888006418913612,-0.0033510837199802745,-0.032473935558504974,-0.017616927743931865,-0.0394570835418262,-0.04448353284792994,-0.04222117528602787,0.008743888878834705,5.0,DJIA x $5,166200.8984375,1059530727.5390625,2869957114.21875,-1810426386.6796875,-581869345.4296875,-196283261.0546875,4756171110.5859375,2927628825.9765625,1828542284.609375,481982605.46875,132794517.8515625,5875700362.4609375,5857584464.53125,18115897.9296875,-99886739.9609375,-63488743.203125,1143295980.3515625,1161411878.28125,-18115897.9296875,100052940.859375,63488743.203125
2022-05-03,DJIA Consolidated - CHICAGO BOARD OF TRADE,39724,6531,16121,-9590,-24.14157688047528,16.44094250327258,40.582519383747865,576,1.450005034739704,26259,16738,9521,23.96787836068875,66.10361494310743,42.13573658241869,33366,33435,-69,-0.17369851978652703,83.99456248111973,84.16826100090626,6359,6289,70,0.17621588963850568,16.007954888732254,15.831738999093748,33128.7890625,2022-05-09,2022-05-09,32245.69921875,-0.026656266912864934,2022-05-10,2022-05-10,32160.740234375,-0.029220773095530395,2022-05-11,2022-05-11,31834.109375,-0.03908019955264552,2022-05-12,2022-05-12,31730.30078125,-0.042213685462865636,2022-05-13,2022-05-13,32196.66015625,-0.028136522119521667,-0.026656266912864934,-0.002634738474692422,-0.010156198426859664,-0.0032609234493465866,0.014697603348140298,-0.0015207938946315558,-0.0033510837199802745,1.651660475084487,1303.0,1.3457540206054102,-0.3059064544790715,-2.0834571195158347,-1481.0,-1.6577982033218177,0.4256589161940241,-0.43179664443134613,-178.0,0.28315880618129086,0.714955450612635,0.4343140142833247,179.0,-0.28064143632930794,-0.714955450612635,-0.029220773095530395,-0.014313810802302096,-0.03622740087513576,-0.004185724038641814,-0.022114274664336797,-0.014355787132839803,0.016775203779756387,5.0,DJIA x $5,165643.9453125,1081820606.8359375,2670346042.3828125,-1588525435.546875,215834060.7421875,-120257504.296875,4349644359.9609375,2772548356.640625,1577096003.3203125,-245318683.0078125,89116442.578125,5526875879.296875,5538305311.5234375,-11429432.2265625,-29484622.265625,-31141061.71875,1053329848.2421875,1041734772.0703125,11595076.171875,29650266.2109375,31472349.609375
2022-05-10,DJIA Consolidated - CHICAGO BOARD OF TRADE,41470,6618,18197,-11579,-27.921388955871713,15.958524234386303,43.879913190258016,39,0.09404388714733543,27940,16153,11787,28.422956353990834,67.37400530503979,38.951048951048946,34596,34389,207,0.49915601639739565,83.4241620448517,82.9250060284543,6874,7082,-208,-0.5015673981191223,16.5758379551483,17.077405353267423,32160.740234375,2022-05-16,2022-05-16,32223.419921875,0.001948950398629412,2022-05-17,2022-05-17,32654.58984375,0.015355666746972085,2022-05-18,2022-05-18,31490.0703125,-0.02085368424319267,2022-05-19,2022-05-19,31253.130859375,-0.028221034975740467,2022-05-20,2022-05-20,31261.900390625,-0.027948356822622977,0.001948950398629412,0.013380638148289714,-0.03566174117703347,-0.0075242592593052215,0.0002805968876993248,-0.02983915219368971,-0.029220773095530395,-3.779812075396432,-1989.0,-0.4824182688862777,3.2973938065101507,4.455077993302083,2266.0,1.2703903619323569,-3.1846876313697408,0.6728545361839227,276.0,-0.5704004362680308,-1.2432549724519504,-0.677783287757628,-278.0,0.5678830664160479,1.2456663541736752,0.015355666746972085,-0.007217529573585457,0.02578861224371054,0.03169704376192861,0.01908133697803005,0.031096544524060965,0.04356455570252904,5.0,DJIA x $5,160803.701171875,1064198894.3554688,2926144950.2246094,-1861946055.8691406,-319838561.6308594,-19778855.244140625,4492855410.7421875,2597462185.029297,1895393225.7128906,364381186.85546875,804018.505859375,5563164845.7421875,5529878479.599609,33286366.142578125,44381821.5234375,-18974836.73828125,1105364641.8554688,1138811811.6992188,-33447169.84375,-44703428.92578125,18814033.037109375
2022-05-17,DJIA Consolidated - CHICAGO BOARD OF TRADE,40099,7276,19020,-11744,-29.287513404324294,18.145090900022446,47.43260430434674,189,0.4713334497119629,26637,13788,12849,32.04319309708472,66.42809047607172,34.384897378987006,34101,32996,1105,2.7556796927604177,85.04202099802988,82.28634130526946,5998,7103,-1105,-2.7556796927604177,14.957979001970124,17.71365869473054,32654.58984375,2022-05-23,2022-05-23,31880.240234375,-0.02371334667133196,2022-05-24,2022-05-24,31928.619140625,-0.022231812023936648,2022-05-25,2022-05-25,32120.279296875,-0.016362494504804426,2022-05-26,2022-05-26,32637.189453125,-0.0005328620175069076,2022-05-27,2022-05-27,33212.9609375,0.017099314259397147,-0.02371334667133196,0.0015175201282779938,0.006002769972790256,0.016092953348020522,0.017641576803111292,0.04180397303556038,0.015355666746972085,-1.366124448452581,-165.0,2.1865666656361427,3.5526911140887236,3.6202367430938835,1062.0,-0.9459148289680712,-4.5661515720619406,2.256523676363022,898.0,1.6178589531781853,-0.6386647231848457,-2.2541122946412955,-897.0,-1.6178589531781782,0.6362533414631173,-0.022231812023936648,0.0102751635101066,0.01609423924063136,-0.07012061019848492,0.045856398202061666,0.02873507325432212,0.010949480087205421,5.0,DJIA x $5,163272.94921875,1187973978.515625,3105451494.140625,-1917477515.625,-26940036.62109375,-710563875.0,4349101548.339844,2251207423.828125,2097894124.5117188,173395872.0703125,775056689.9414062,5567770841.308594,5387354232.421875,180416608.88671875,146619108.3984375,64492814.94140625,979311149.4140625,1159727758.3007812,-180416608.88671875,-146455835.44921875,-64329541.9921875
2022-05-24,DJIA Consolidated - CHICAGO BOARD OF TRADE,41510,7678,19714,-12036,-28.99542278968923,18.496747771621298,47.49217056131052,86,0.20717899301373163,27878,14743,13135,31.64297759576006,67.15972054926523,35.51674295350518,35642,34542,1100,2.6499638641291257,85.86364731390026,83.21368344977114,5869,6968,-1099,-2.6475548060708265,14.138761744158035,16.78631655022886,31928.619140625,2022-05-30,2022-05-31,32990.12109375,0.033246096502005607,2022-05-31,2022-05-31,32990.12109375,0.033246096502005607,2022-06-01,2022-06-01,32813.23046875,0.027705906235056865,2022-06-02,2022-06-02,33248.28125,0.04133163741165058,2022-06-03,2022-06-03,32899.69921875,0.03041409570041287,0.033246096502005607,0.0,-0.005361927120464904,0.013258395319056593,-0.010484212059833964,-0.002740877329399427,-0.022231812023936648,0.2920906146350646,-292.0,0.35165687159885195,0.059566256963783815,-0.40021550132465933,286.0,0.7316300731935144,1.1318455745181737,-0.10571582863129203,-5.0,0.8216263158703754,0.9273421445016794,0.1081248866895912,6.0,-0.8192172578120882,-0.9273421445016794,0.033246096502005607,0.03919748232339315,-0.04897766031197648,-0.043796730903584824,0.030723868727440262,0.06794789377892685,0.03529412196505466,5.0,DJIA x $5,159643.095703125,1225739688.8085938,3147203988.6914062,-1921464299.8828125,-46615783.9453125,-182472058.38867188,4450530222.011719,2353618159.951172,2096912062.0605469,45657925.37109375,340518723.1347656,5689999217.050781,5514391811.777344,175607405.2734375,-798215.478515625,158206307.84179688,936945328.6816406,1112393090.859375,-175447762.17773438,957858.57421875,-158046664.74609375
2022-05-31,DJIA Consolidated - CHICAGO BOARD OF TRADE,42241,7100,20159,-13059,-30.91546128169314,16.808314197107077,47.72377547880022,195,0.4616367983712507,29405,14527,14878,35.221704031628036,69.61246182618783,34.39075779455979,36700,34880,1820,4.308610118131673,86.88241282166615,82.57380270353448,5542,7361,-1819,-4.306242749934897,13.119954546530622,17.42619729646552,32990.12109375,2022-06-06,2022-06-06,32915.78125,-0.002253397116632083,2022-06-07,2022-06-07,33180.140625,0.005759891899457026,2022-06-08,2022-06-08,32910.8984375,-0.0024014054396729323,2022-06-09,2022-06-09,32272.7890625,-0.021743843534599794,2022-06-10,2022-06-10,31392.7890625,-0.04841849554631117,-0.002253397116632083,0.008031386920217765,-0.008114558360163726,-0.019388998942457047,-0.02726755342699938,-0.046269361675867815,0.033246096502005607,-1.9200384920039113,-1023.0,-1.688433574514221,0.23160491748969747,3.578726435867978,1743.0,2.4527412769225947,-1.1259851589453902,1.6586462540025475,720.0,1.0187655077658917,-0.6398807462366563,-1.658687943864071,-720.0,-1.0188071976274138,0.6398807462366598,0.005759891899457026,-0.07957809576280583,-0.07456386979482854,-0.061931596236610154,-0.03635185059542567,0.02614146682878915,0.001596240162330842,5.0,DJIA x $5,164950.60546875,1171149298.828125,3325239255.6445312,-2154089956.8164062,-168744469.39453125,-572213650.3710938,4850372553.808594,2396237445.6445312,2454135108.1640625,287508905.33203125,883640393.4960938,6053687220.703125,5753477118.75,300210101.953125,118764435.9375,311591693.73046875,914156255.5078125,1214201406.8554688,-300045151.34765625,-118764435.9375,-311591693.73046875
2022-06-07,DJIA Consolidated - CHICAGO BOARD OF TRADE,40205,7587,17807,-10220,-25.419723914935954,18.87078721552046,44.29051113045641,394,0.9799776147245368,26840,13583,13257,32.97351075736849,66.75786593707251,33.784355179704015,34821,31783,3038,7.5562740952617835,86.60863076731749,79.05235667205571,5384,8422,-3038,-7.5562740952617835,13.391369232682502,20.947643327944284,33180.140625,2022-06-13,2022-06-13,30516.740234375,-0.08027091930461039,2022-06-14,2022-06-14,30364.830078125,-0.0848492650677245,2022-06-15,2022-06-15,30668.529296875,-0.07569622312669144,2022-06-16,2022-06-16,29927.0703125,-0.09804269214124228,2022-06-17,2022-06-17,29888.779296875,-0.09919672629853415,-0.08027091930461039,-0.004977928674009702,0.01000167687316611,-0.024176541926663297,-0.0012794775841792339,-0.02057758897828299,0.005759891899457026,5.4957373667571865,2839.0,2.0624730184133817,-3.433264348343812,-2.248193274259549,-1621.0,-2.8545958891153163,-0.6064026148557744,3.2476639771301103,1218.0,-0.27378205434865777,-3.5214460314787743,-3.250031345326886,-1219.0,0.27141468615188025,3.5214460314787637,-0.0848492650677245,-0.07986375509823507,-0.06730382537747304,-0.06667603785961951,-0.0613270409775426,0.012543624315938251,0.011848672657637449,5.0,DJIA x $5,165900.703125,1258688634.609375,2954193820.546875,-1695505185.9375,470992096.171875,225459055.546875,4452774871.875,2253429250.546875,2199345621.328125,-268925039.765625,243874033.59375,5776828383.515625,5272822047.421875,504006336.09375,202067056.40625,469664890.546875,893209385.625,1397215721.71875,-504006336.09375,-202232957.109375,-469498989.84375
2022-06-14,DJIA Consolidated - CHICAGO BOARD OF TRADE,46792,7247,18392,-11145,-23.818174046845613,15.487690203453583,39.305864250299194,1981,4.233629680287229,30968,18752,12216,26.107026842195246,66.18225337664558,40.07522653445033,40196,39125,1071,2.2888527953496327,85.9035732603864,83.61472046503677,6596,7667,-1071,-2.2888527953496327,14.09642673961361,16.385279534963242,30364.830078125,2022-06-20,2022-06-21,30530.25,0.005447747326410068,2022-06-21,2022-06-21,30530.25,0.005447747326410068,2022-06-22,2022-06-22,30483.130859375,0.003895980347843997,2022-06-23,2022-06-23,30677.359375,0.010292476396900563,2022-06-24,2022-06-24,31500.6796875,0.03740675006092897,0.005447747326410068,0.0,-0.0015433591478942743,0.006371672139617646,0.026838043732373862,0.031785841501461576,-0.0848492650677245,1.6015498680903413,-925.0,-3.383097012066875,-4.984646880157214,-6.866483915173241,-1041.0,-0.5756125604269329,6.290871354746315,-5.267421299912151,-1967.0,-0.705057506931098,4.56236379298106,5.267421299912151,1967.0,0.7050575069311087,-4.562363792981042,0.005447747326410068,0.01917218554334643,0.019858179111280405,0.020303094020741153,0.024374930572498066,0.12329430256130647,0.12670220797305265,5.0,DJIA x $5,151824.150390625,1100269617.8808594,2792349773.984375,-1692080156.1035156,-140437339.11132812,90942666.08398438,4701690289.296875,2847006468.125,1854683821.171875,-158048940.55664062,-96104687.19726562,6102723549.1015625,5940119884.033203,162603665.06835938,-298638103.8183594,-5162021.11328125,1001432095.9765625,1164035761.0449219,-162603665.06835938,298638103.8183594,5162021.11328125
2022-06-21,DJIA Consolidated - CHICAGO BOARD OF TRADE,34512,5155,17892,-12737,-36.90600370885489,14.936833565136764,51.84283727399166,65,0.18834028743625406,24083,9615,14468,41.92165044042652,69.78152526657394,27.85987482614743,29303,27571,1732,5.0185442744552615,84.90669911914696,79.88815484469171,5209,6941,-1732,-5.0185442744552615,15.093300880853036,20.1118451553083,30530.25,2022-06-27,2022-06-27,31438.259765625,0.029741314454516443,2022-06-28,2022-06-28,30946.990234375,0.01365007605162094,2022-06-29,2022-06-29,31029.310546875,0.016346428439826033,2022-06-30,2022-06-30,30775.4296875,0.00803071339081729,2022-07-01,2022-07-01,31097.259765625,0.018572064284603007,0.029741314454516443,-0.015626486164070696,0.0026600426043550396,-0.008181969076994755,0.010457370746498995,-0.010846656352552109,0.005447747326410068,-13.087829662009277,-1592.0,-0.5508566383168194,12.536973023692468,15.814623598231272,2252.0,3.5992718899283602,-12.2153517083029,2.729691479105629,661.0,-0.9968741412394309,-3.726565620345056,-2.729691479105629,-661.0,0.9968741412394255,3.726565620345056,0.01365007605162094,0.01433235274850353,0.014774857006575548,0.04247593063437094,0.005764134546883737,0.07597344539432194,0.11541409237559463,5.0,DJIA x $5,152651.25,786917193.75,2731236165.0,-1944318971.25,-243020790.0,-107008526.25,3676300053.75,1467741768.75,2208558285.0,343770615.0,203484116.25,4473139578.75,4208747613.75,264391965.0,100902476.25,96475590.0,795160361.25,1059552326.25,-264391965.0,-100902476.25,-96628241.25
2022-06-28,DJIA Consolidated - CHICAGO BOARD OF TRADE,33380,4506,17042,-12536,-37.55542240862792,13.499101258238467,51.054523666866395,356,1.066506890353505,23545,8707,14838,44.45176752546435,70.53624925104853,26.08448172558418,28406,26105,2301,6.89334931096465,85.09886159376873,78.20551228280408,4974,7275,-2301,-6.89334931096465,14.901138406231276,21.794487717195928,30946.990234375,2022-07-04,2022-07-05,30967.8203125,0.0006730889811010776,2022-07-05,2022-07-05,30967.8203125,0.0006730889811010776,2022-07-06,2022-07-06,31037.6796875,0.0029304773239067217,2022-07-07,2022-07-07,31384.55078125,0.014139033992034866,2022-07-08,2022-07-08,31338.150390625,0.012639683319365602,0.0006730889811010776,0.0,0.002255869941605315,0.011175806221419782,-0.001478446862228866,0.011958545173278434,0.01365007605162094,-0.6494186997730296,201.0,-1.4377323068982975,-0.7883136071252679,2.53011708503783,370.0,0.7547239844745945,-1.7753931005632495,1.8748050365093887,569.0,0.1921624746217674,-1.6826425618876328,-1.8748050365093887,-569.0,-0.19216247462176028,1.6826425618876293,0.0006730889811010776,0.0011096343615302207,0.028437678113765408,0.02632077697882962,-0.05855173592898488,0.07414512177104249,0.09628555230437841,5.0,DJIA x $5,154734.951171875,697235689.9804688,2636993037.8710938,-1939757347.890625,31101725.185546875,80926379.46289062,3643234425.341797,1347277219.8535156,2295957205.4882812,57251931.93359375,-6189398.046875,4395401022.988281,4039355900.341797,356045122.6464844,88044187.21679688,74427511.51367188,769651647.1289062,1125696769.7753906,-356045122.6464844,-88044187.21679688,-74582246.46484375
2022-07-05,DJIA Consolidated - CHICAGO BOARD OF TRADE,33719,5527,17068,-11541,-34.22699368308669,16.391352056703937,50.61834573979063,305,0.9045345354251312,22713,8936,13777,40.85826981820338,67.35964886265904,26.501379044455646,28544,26309,2235,6.628310448115306,84.65256976778672,78.0242593196714,5175,7410,-2235,-6.628310448115306,15.347430232213291,21.9757406803286,30967.8203125,2022-07-11,2022-07-11,31173.83984375,0.006652697192473633,2022-07-12,2022-07-12,30981.330078125,0.00043625174418715496,2022-07-13,2022-07-13,30772.7890625,-0.006297868175154653,2022-07-14,2022-07-14,30630.169921875,-0.01090326626858884,2022-07-15,2022-07-15,31288.259765625,0.010347497818425921,0.006652697192473633,-0.0061753626306512155,-0.0067311834288303896,-0.004634586105774718,0.021485020991673043,0.0036703826813924145,0.0006730889811010776,3.3284287255412295,995.0,2.8922507984654704,-0.43617792707576797,-3.5934977072609655,-1061.0,-3.176600388389488,0.41689731887146664,-0.2650388628493445,-66.0,-0.44629182598201567,-0.18125296313267825,0.2650388628493445,66.0,0.44629182598201567,0.18125296313267114,0.00043625174418715496,0.027745913663906663,0.025630436433384363,0.04612367273386875,-0.021037967587826167,0.07002594174749444,0.1114269071145173,5.0,DJIA x $5,154839.1015625,855795714.3359375,2642793785.46875,-1786998071.1328125,154064906.0546875,-204542453.1640625,3516860513.7890625,1383642211.5625,2133218302.2265625,-164284286.7578125,80516332.8125,4419727315.0,4073661923.0078125,346065391.9921875,-10219380.703125,-124335798.5546875,801292350.5859375,1147357742.578125,-346065391.9921875,10219380.703125,124335798.5546875
2022-07-12,DJIA Consolidated - CHICAGO BOARD OF TRADE,33627,6837,16759,-9922,-29.506051684658164,20.33187617093407,49.837927855592234,288,0.8564546346685699,21614,8796,12818,38.118178844381,64.27573081155025,26.15755196716924,28739,25843,2896,8.612127159722842,85.4640616171529,76.85193445743003,4889,7785,-2896,-8.612127159722842,14.538912183661939,23.15103934338478,30981.330078125,2022-07-18,2022-07-18,31072.609375,0.002946267853730644,2022-07-19,2022-07-19,31827.05078125,0.0272977532272618,2022-07-20,2022-07-20,31874.83984375,0.028840264874744115,2022-07-21,2022-07-21,32036.900390625,0.03407117479585908,2022-07-22,2022-07-22,31899.2890625,0.029629424626386403,0.002946267853730644,0.02427995013695239,0.0015015234313873194,0.005084277996985076,-0.004295400817404538,0.026604771988191,0.00043625174418715496,4.7209419984285255,1619.0,3.940524114230133,-0.7804178841983926,-2.740090973822383,-959.0,-3.083918051108796,-0.3438270772864058,1.9838167116075365,661.0,0.8114918493661776,-1.1723248622413678,-1.9838167116075365,-661.0,-0.8085180485513526,1.1752986630561821,0.0272977532272618,0.02518319847493844,0.04566749846382412,0.05787614907440797,-0.05623195068148712,0.08788426699270313,0.10587317550936826,5.0,DJIA x $5,154906.650390625,1059096768.7207031,2596080553.8964844,-1536983785.1757812,250793866.98242188,189450833.42773438,3348152341.5429688,1362558896.8359375,1985593444.7070312,-148555477.72460938,93253803.53515625,4451862225.576172,4003252566.044922,448609659.53125,102393295.90820312,282704636.9628906,757338613.7597656,1205948273.2910156,-448609659.53125,-102393295.90820312,-282704636.9628906
2022-07-19,DJIA Consolidated - CHICAGO BOARD OF TRADE,35639,8784,16702,-7918,-22.21723392912259,24.647156205280734,46.86439013440332,336,0.9427873958304104,21334,10842,10492,29.43965880075198,59.86138780549398,30.421729004741998,30453,27880,2573,7.219618956760852,85.44852549173658,78.22890653497574,5186,7759,-2573,-7.219618956760852,14.551474508263421,21.771093465024272,31827.05078125,2022-07-25,2022-07-25,31990.0390625,0.005121061400575,2022-07-26,2022-07-26,31761.5390625,-0.002058365985597166,2022-07-27,2022-07-27,32197.58984375,0.011642268240521059,2022-07-28,2022-07-28,32529.630859375,0.02207493502787594,2022-07-29,2022-07-29,32845.12890625,0.03198782482226625,0.005121061400575,-0.007142848420834125,0.013728893313133872,0.01031260467744155,0.009698789643168393,0.026729878074840174,0.0272977532272618,7.288817755535575,2004.0,4.315280034346664,-2.9735377211889116,-8.678520043629018,-2326.0,-4.414343006056264,4.2641770375727575,-1.3925082029619897,-323.0,-0.015536125416318214,1.3769720775457017,1.3925082029619897,323.0,0.012562324601482544,-1.379945878360509,-0.002058365985597166,0.01788161726126014,0.029765854885873022,0.0730498390655061,-0.04094787195198657,0.06547263193099906,0.09818311246390854,5.0,DJIA x $5,159135.25390625,1397844070.3125,2657877010.7421875,-1260032940.4296875,318907048.828125,766872788.5742188,3394991506.8359375,1725344422.8515625,1669647083.984375,-370148600.5859375,-632721769.53125,4846145887.207031,4436690878.90625,409455008.30078125,-51400687.01171875,133832748.53515625,825275426.7578125,1234730435.0585938,-409455008.30078125,51400687.01171875,-133832748.53515625
2022-07-26,DJIA Consolidated - CHICAGO BOARD OF TRADE,36644,7978,18570,-10592,-28.90514136011352,21.771640650583997,50.67678201069752,203,0.5539788232725684,23452,9899,13553,36.98559109267548,63.99956336644471,27.013972273769237,31632,28671,2961,8.080449732561949,86.32245388058072,78.24200414801878,5013,7973,-2960,-8.077720772841394,13.68027507913983,21.757995851981224,31761.5390625,2022-08-01,2022-08-01,32798.3984375,0.03264512380712037,2022-08-02,2022-08-02,32396.169921875,0.019981111687509268,2022-08-03,2022-08-03,32812.5,0.033089106149167824,2022-08-04,2022-08-04,32726.8203125,0.030391513714134843,2022-08-05,2022-08-05,32803.46875,0.03280476067137994,0.03264512380712037,-0.012263663312447326,0.012851212940572898,-0.002611190476190517,0.002342067966521144,0.0001545902465225346,-0.002058365985597166,-6.687907430990933,-2674.0,-2.8755155546967366,3.8123918762941997,7.545932291923496,3061.0,4.138175560950728,-3.4077567309727606,0.8608307758010962,388.0,0.8739283888441491,0.01309761304304402,-0.8581018160805414,-387.0,-0.8711994291235907,-0.013097613043047573,0.019981111687509268,0.031889861878446224,0.07526312410573222,0.03614594302218421,0.002367680348456025,0.062100953959400185,0.11575419071366033,5.0,DJIA x $5,158807.6953125,1266967793.203125,2949058901.953125,-1682091108.75,-424651777.265625,308722159.6875,3724358070.46875,1572037375.8984375,2152320694.5703125,486110355.3515625,-204067888.4765625,5023405018.125,4553175432.3046875,470229585.8203125,61617385.78125,104813078.90625,796102976.6015625,1266173754.7265625,-470070778.125,-61458578.0859375,-104654271.2109375
2022-08-02,DJIA Consolidated - CHICAGO BOARD OF TRADE,36310,8081,17291,-9210,-25.364913247039382,22.25557697603966,47.620490223079045,410,1.1291655191407326,22693,11213,11480,31.616634535940513,62.49793445331865,30.881299917378136,31183,28914,2269,6.248967226659322,85.87992288625723,79.6309556595979,5127,7396,-2269,-6.248967226659322,14.120077113742772,20.36904434040209,32396.169921875,2022-08-08,2022-08-08,32832.5390625,0.013469775645618798,2022-08-09,2022-08-09,32774.41015625,0.011675461490884498,2022-08-10,2022-08-10,33309.51171875,0.02819289437848882,2022-08-11,2022-08-11,33336.671875,0.029031269912247915,2022-08-12,2022-08-12,33761.05078125,0.04213093284380465,0.013469775645618798,-0.0017704663699431578,0.016326809847955648,0.0008153874028333785,0.012730092189204179,0.028280228860231738,0.019981111687509268,3.5402281130741393,1382.0,0.48393632545566234,-3.056291787618477,-5.368956556734965,-2073.0,-1.501628913126062,3.867327643608899,-1.8314825059026267,-692.0,-0.44253099432349075,1.3889515115791227,1.8287535461820719,691.0,0.4398020346029412,-1.3889515115791333,0.011675461490884498,0.05419905504599165,0.015848167333148977,-0.01868433159567051,0.007933940879271795,0.05216262122035431,0.09984235091448102,5.0,DJIA x $5,161980.849609375,1308967245.6933594,2800810870.595703,-1491843624.9023438,223857534.16015625,377577360.4394531,3675831420.185547,1816291266.6699219,1859540153.515625,-335786301.2402344,-372070011.5527344,5051048833.369141,4683514285.605469,367534547.7636719,-112090747.9296875,5507348.88671875,830475815.9472656,1198010363.7109375,-367534547.7636719,111928767.08007812,-5507348.88671875
2022-08-09,DJIA Consolidated - CHICAGO BOARD OF TRADE,37697,10004,16359,-6355,-16.858105419529405,26.53792078945274,43.39602620898215,251,0.6658354776242141,22264,13680,8584,22.77104278855081,59.06040268456376,36.28935989601295,32519,30290,2229,5.9129373690214075,86.26415895164071,80.3512215826193,5179,7408,-2229,-5.9129373690214075,13.738493779345836,19.651431148367244,32774.41015625,2022-08-15,2022-08-15,33912.44140625,0.03472316495017003,2022-08-16,2022-08-16,34152.01171875,0.04203284074167524,2022-08-17,2022-08-17,33980.3203125,0.03679425962209226,2022-08-18,2022-08-18,33999.0390625,0.0373653988099758,2022-08-19,2022-08-19,33706.73828125,0.028446831554105323,0.03472316495017003,0.00706437822125805,-0.0050272706528657896,0.0005508703222292244,-0.008597324786523197,-0.0060657126550047735,0.011675461490884498,8.506807827509977,2855.0,4.282343813413082,-4.224464014096895,-8.845591747389701,-2896.0,-3.437531768754887,5.40805997863481,-0.3360298576379144,-40.0,0.384236065383476,0.720265923021401,0.3360298576379144,40.0,-0.3815833343969359,-0.7176131920348467,0.04203284074167524,0.004124549819677581,-0.03000941926753309,-0.04970674887002757,0.011790234115817144,0.04217562553864607,0.07750187151775823,5.0,DJIA x $5,163872.05078125,1639375996.015625,2680782878.7304688,-1041406882.7148438,467854704.98046875,584531605.1367188,3648447338.59375,2241769654.6875,1406677683.90625,-474573459.0625,-693834263.0078125,5328955219.355469,4963684418.1640625,365270801.19140625,-6554882.03125,-109302657.87109375,848693350.9960938,1213964152.1875,-365270801.19140625,6554882.03125,109302657.87109375
2022-08-16,DJIA Consolidated - CHICAGO BOARD OF TRADE,40519,11608,15090,-3482,-8.593499345985833,28.64828845726696,37.2417878032528,371,0.9156198326710927,21898,17215,4683,11.557540906735111,54.04378192946518,42.48624102273008,33876,32675,1201,2.964041560749278,83.60522224141761,80.64118068066833,6643,7844,-1201,-2.964041560749278,16.394777758582393,19.358819319331673,34152.01171875,2022-08-22,2022-08-22,33063.609375,-0.03186934792343288,2022-08-23,2022-08-23,32909.58984375,-0.036379171020191725,2022-08-24,2022-08-24,32969.23046875,-0.034632842707495115,2022-08-25,2022-08-25,33291.78125,-0.025188281025264492,2022-08-26,2022-08-26,32283.400390625,-0.05471453170938978,-0.03186934792343288,-0.00465827942446162,0.0018122567094627229,0.009783388227873058,-0.030289183141109288,-0.023597211530236972,0.04203284074167524,8.264606073543572,2873.0,2.11036766781422,-6.154238405729352,-11.2135018818157,-3901.0,-5.016620755098579,6.19688112671713,-2.9488958082721295,-1028.0,-2.6589367102231023,0.28995909804902453,2.9488958082721295,1028.0,2.656283979236557,-0.2926118290355717,-0.036379171020191725,-0.06913626633679959,-0.08803905791146316,-0.08921995695943519,-0.01637062695908631,-0.0018371447051698242,0.02326009117096528,5.0,DJIA x $5,170760.05859375,1982182760.15625,2576769284.1796875,-594586524.0234375,490593648.33984375,757491619.921875,3739303763.0859375,2939634408.6914062,799669354.3945312,-666134988.5742188,-991945180.3710938,5784667744.921875,5579584914.550781,205082830.37109375,-175541340.234375,-234282800.390625,1134359069.2382812,1339441899.609375,-205082830.37109375,175541340.234375,234282800.390625
2022-08-23,DJIA Consolidated - CHICAGO BOARD OF TRADE,40390,12739,15036,-2297,-5.687051250309483,31.53998514483783,37.22703639514731,557,1.3790542213419164,20977,18517,2460,6.090616489230007,51.936122802673935,45.84550631344392,34272,34110,162,0.40108937855904925,84.8526863084922,84.45159692993315,6118,6280,-162,-0.40108937855904925,15.147313691507799,15.548403070066849,32909.58984375,2022-08-29,2022-08-29,32098.990234375,-0.024631106410733516,2022-08-30,2022-08-30,31790.869140625,-0.03399376012999633,2022-08-31,2022-08-31,31510.4296875,-0.042515271776190855,2022-09-01,2022-09-01,31656.419921875,-0.03807917168900832,2022-09-02,2022-09-02,31318.439453125,-0.0483491407270511,-0.024631106410733516,-0.009599089924642867,-0.00882138364586682,0.0046330765979021304,-0.01067652215835213,-0.024316988651378324,-0.036379171020191725,2.9064480956763505,1185.0,2.8916966875708674,-0.014751408105489361,-5.466924417505104,-2223.0,-2.1076591267912477,3.359265290713843,-2.562952182190229,-1039.0,1.2474640670745885,3.8104162492648186,2.562952182190229,1039.0,-1.2474640670745938,-3.810416249264824,-0.03399376012999633,-0.053610180828038034,-0.05483566186005573,-0.06695189412755476,0.036114449447497865,0.006684981521937194,0.04190992011138461,5.0,DJIA x $5,164547.94921875,2096176325.0976562,2474142964.453125,-377966639.35546875,194989319.82421875,1364925238.7695312,3451722330.7617188,3046934375.6835938,404787955.078125,-365790091.11328125,-1825330400.6835938,5639387315.625,5612730547.8515625,26656767.7734375,-170965319.23828125,-460569709.86328125,1006704353.3203125,1033361121.09375,-26656767.7734375,170965319.23828125,460405161.9140625
2022-08-30,DJIA Consolidated - CHICAGO BOARD OF TRADE,38715,13362,14072,-710,-1.8339145034224462,34.513754358775664,36.34766886219811,529,1.366395453958414,19003,17489,1514,3.9106289551853286,49.08433423737569,45.17370528219036,32894,32090,804,2.0767144517628826,84.96448405010977,82.88776959834689,5822,6625,-803,-2.074131473589048,15.03809892806406,17.112230401653107,31790.869140625,2022-09-05,2022-09-06,31145.30078125,-0.02030672255355359,2022-09-06,2022-09-06,31145.30078125,-0.02030672255355359,2022-09-07,2022-09-07,31581.279296875,-0.006592768597262655,2022-09-08,2022-09-08,31774.51953125,-0.000514286328652358,2022-09-09,2022-09-09,32151.7109375,0.011350485426455004,-0.02030672255355359,0.0,0.01399821175872118,0.006118822247777711,0.011870876784746853,0.032313386963849,-0.03399376012999633,3.853136746887037,1587.0,2.9737692139378353,-0.8793675329491961,-2.179987534044679,-946.0,-2.851788565298243,-0.6718010312535583,1.6756250732038334,642.0,0.11179774161757905,-1.5638273315862534,-1.6730420950299987,-641.0,-0.10921476344373993,1.5638273315862588,-0.02030672255355359,-0.0215753282637845,-0.03411793075166225,-0.08354219239813421,0.06485076265940903,0.02723518109225176,0.09631075894249075,5.0,DJIA x $5,158954.345703125,2123947967.2851562,2236805552.734375,-112857585.44921875,252260546.63085938,1351111938.4765625,3020609431.3964844,2779952552.001953,240656879.39453125,-150370811.03515625,-1584139009.2773438,5228644247.558594,5100844953.613281,127799293.9453125,102048689.94140625,-232868116.45507812,925432200.6835938,1053072540.2832031,-127640339.59960938,-101889735.59570312,233027070.80078125
2022-09-06,DJIA Consolidated - CHICAGO BOARD OF TRADE,38363,11615,16419,-4804,-12.522482600422283,30.27656856867294,42.79905116909522,441,1.1495451346349348,20307,15114,5193,13.536480462946068,52.93381643771342,39.39733597476736,32363,31974,389,1.013997862523786,84.3599301410213,83.34593227849751,6001,6390,-389,-1.013997862523786,15.642676537288533,16.656674399812317,31145.30078125,2022-09-12,2022-09-12,32381.33984375,0.03968621369821923,2022-09-13,2022-09-13,31104.970703125,-0.0012949009036149484,2022-09-14,2022-09-14,31135.08984375,-0.0003278484151338912,2022-09-15,2022-09-15,30961.8203125,-0.005891112435827184,2022-09-16,2022-09-16,30822.419921875,-0.010366920571509786,0.03968621369821923,-0.03941681063179836,0.0009683063492476052,-0.005565088526146678,-0.0045023318790051725,-0.048142539172167376,-0.02030672255355359,-10.688568096999836,-4094.0,-4.237185790102725,6.451382306897109,9.62585150776074,3679.0,3.849482200337725,-5.776369307423003,-1.0627165892390966,-415.0,-0.6045539090884802,0.4581626801506218,1.060133611065262,414.0,0.6045776092244743,-0.45555600184079026,-0.0012949009036149484,-0.014097481850755766,-0.06454619144616647,-0.02661655042513056,0.07869691417382518,0.05494119861832081,0.1122695199930468,5.0,DJIA x $5,155726.50390625,1808763342.8710938,2556873467.6367188,-748110124.765625,-637544306.9921875,241531807.55859375,3162338114.8242188,2353650380.0390625,808687734.7851562,572917807.8710938,-528068574.74609375,5039776845.917969,4979199235.8984375,60577610.01953125,-64626499.12109375,-286536767.1875,934514749.9414062,995092359.9609375,-60577610.01953125,64470772.6171875,286536767.1875
2022-09-13,DJIA Consolidated - CHICAGO BOARD OF TRADE,46289,10331,16174,-5843,-12.6228693642118,22.318477392036982,34.941346756248784,3275,7.075115038130009,26649,19888,6761,14.60606191535786,57.57091317591653,42.96485126055866,40255,39337,918,1.9831925511460606,86.96450560608352,84.98131305493746,6034,6952,-918,-1.9831925511460606,13.03549439391648,15.018686945062543,31104.970703125,2022-09-19,2022-09-19,31019.6796875,-0.002742038127572677,2022-09-20,2022-09-20,30706.23046875,-0.012819180515573958,2022-09-21,2022-09-21,30183.779296875,-0.02961556900477813,2022-09-22,2022-09-22,30076.6796875,-0.03305873602773368,2022-09-23,2022-09-23,29590.41015625,-0.04869191362790248,-0.002742038127572677,-0.010104850272722565,-0.017014500441749236,-0.003548250479888937,-0.01616766000444181,-0.046076218247538936,-0.0012949009036149484,-0.10038676378951727,-1039.0,-7.958091176635957,-7.857704412846438,1.069581452411791,1568.0,4.6370967382031125,3.567515285791302,0.9691946886222746,529.0,2.6045754650622257,1.6353807764399448,-0.9691946886222746,-529.0,-2.6071821433720537,-1.6379874547497746,-0.012819180515573958,-0.06333330089110434,-0.025354481061953482,-0.0599833791135046,0.09656559237888085,0.033770476671578065,0.11384089095988914,5.0,DJIA x $5,155524.853515625,1606727261.6699219,2515458980.7617188,-908731719.0917969,-161590322.80273438,-367194179.1503906,4144581821.3378906,3093078286.71875,1051503534.6191406,243862970.3125,323180645.60546875,6260652978.271484,6117881162.744141,142771815.52734375,82272647.50976562,-44013533.544921875,938436966.1132812,1081208781.640625,-142771815.52734375,-82272647.50976562,44013533.544921875
2022-09-20,DJIA Consolidated - CHICAGO BOARD OF TRADE,32745,7658,15375,-7717,-23.56695678729577,23.38677660711559,46.953733394411366,124,0.378683768514277,19120,11200,7920,24.18689876316995,58.39059398381432,34.20369522064438,26902,26699,203,0.6199419758741793,82.15605435944418,81.53611238357001,5844,6047,-203,-0.6199419758741793,17.846999541914794,18.466941517788975,30706.23046875,2022-09-26,2022-09-26,29260.810546875,-0.04707252892360125,2022-09-27,2022-09-27,29134.990234375,-0.05117007885334757,2022-09-28,2022-09-28,29683.740234375,-0.033299112875987746,2022-09-29,2022-09-29,29225.609375,-0.048218914244678834,2022-09-30,2022-09-30,28725.509765625,-0.06450549848965659,-0.04707252892360125,-0.004299959917324903,0.018834741168114677,-0.015433730916579846,-0.017111691426451192,-0.018294120061796093,-0.012819180515573958,-10.94408742308397,-1874.0,1.068299215078607,12.012386638162582,9.58083684781209,1159.0,0.8196808078977895,-8.761156039914283,-1.3632505752718813,-715.0,-4.808451246639336,-3.445200671367445,1.3632505752718813,715.0,4.811505147998314,3.448254572726432,-0.05117007885334757,-0.012698079519946726,-0.04777665617790572,-0.005941129364141928,0.06980693428590867,0.06039064751084333,0.12412790309377097,5.0,DJIA x $5,153531.15234375,1175741564.6484375,2360541467.2851562,-1184799902.6367188,-287717379.4921875,-832138845.703125,2935515632.8125,1719548906.25,1215966726.5625,177942605.56640625,838280091.796875,4130295060.3515625,4099128236.4257812,31166823.92578125,-109774773.92578125,6294777.24609375,897236054.296875,928402878.2226562,-31166823.92578125,109774773.92578125,-6294777.24609375
2022-09-27,DJIA Consolidated - CHICAGO BOARD OF TRADE,33528,7155,16770,-9615,-28.677523264137438,21.340372226198998,50.01789549033644,262,0.7814364113576712,20316,10102,10214,30.46408971605822,60.59413027916965,30.130040563111425,27733,27134,599,1.7865664519207827,82.71593891672632,80.92937246480554,5795,6394,-599,-1.7865664519207827,17.284061083273684,19.070627535194465,29134.990234375,2022-10-03,2022-10-03,29490.890625,0.012215565811485751,2022-10-04,2022-10-04,30316.3203125,0.04054678133137668,2022-10-05,2022-10-05,30273.869140625,0.039089730152244595,2022-10-06,2022-10-06,29926.939453125,0.02718206570104198,2022-10-07,2022-10-07,29296.7890625,0.00555341967934142,0.012215565811485751,0.02798931025841145,-0.0014002745530267147,-0.011459707574491995,-0.021056292495663098,-0.006581746376132069,-0.05117007885334757,-5.110566476841669,-1898.0,-2.0464043809165915,3.0641620959250773,6.277190952888269,2294.0,2.2035362953553275,-4.073654657532952,1.1666244760466034,396.0,0.5598845572821318,-0.6067399187644753,-1.1666244760466034,-396.0,-0.5629384586411099,0.6036860174054901,0.04054678133137668,0.003576428820184052,0.047668131538839864,0.09273214022952825,0.14094970776855975,0.111867542752067,0.15390046936019464,5.0,DJIA x $5,145674.951171875,1042304275.6347656,2442968931.1523438,-1400664655.5175781,-276491057.32421875,-1297235440.1855469,2959532308.0078125,1471608356.7382812,1487923951.2695312,334178337.98828125,1267372075.1953125,4040003420.8496094,3952744125.0976562,87259295.75195312,57687280.6640625,-29863364.990234375,844186342.0410156,931445637.7929688,-87259295.75195312,-57687280.6640625,29717690.0390625
2022-10-04,DJIA Consolidated - CHICAGO BOARD OF TRADE,33326,6594,14844,-8250,-24.755446198163597,19.786352997659485,44.54179919582308,700,2.100462101662366,19467,10893,8574,25.727660085218744,58.413851047230395,32.68619096201164,26761,26437,324,0.9722138870551521,80.30066614655225,79.32845225949708,6566,6889,-323,-0.9692132269099202,19.70233451359299,20.67154774050291,30316.3203125,2022-10-10,2022-10-10,29202.880859375,-0.0367273944082821,2022-10-11,2022-10-11,29239.189453125,-0.03552973607192289,2022-10-12,2022-10-12,29210.849609375,-0.03646454093801066,2022-10-13,2022-10-13,30038.720703125,-0.00915677122135894,2022-10-14,2022-10-14,29634.830078125,-0.022479318972428497,-0.0367273944082821,0.0012433223257952708,-0.0009692417703791589,0.028341219266840634,-0.01344566664445146,0.014791322158592246,0.04054678133137668,3.9220770659738413,1365.0,-1.554019228539513,-5.476096294513361,-4.736429630839474,-1640.0,-2.1802792319392523,2.5561503989002183,-0.8143525648656306,-275.0,-2.41527277017407,-1.600920205308455,0.8173532250108625,276.0,2.4182734303193065,1.6009202053084444,-0.03552973607192289,0.006843853957581025,0.050151862303951855,0.07708319750423209,0.09302087958502137,0.10179528920195358,0.08860107579225196,5.0,DJIA x $5,151581.6015625,999529080.703125,2250077293.59375,-1250548212.890625,206908886.1328125,-522350198.984375,2950839037.6171875,1651178385.8203125,1299660651.796875,-248593826.5625,512497394.8828125,4056475239.4140625,4007362800.5078125,49112438.90625,-41684940.4296875,-9852804.1015625,995284795.859375,1044245653.1640625,-48960857.3046875,41836522.03125,10004385.703125
2022-10-11,DJIA Consolidated - CHICAGO BOARD OF TRADE,32966,7568,14443,-6875,-20.85482011769702,22.95698598556088,43.8118061032579,781,2.3691075653703817,18743,10436,8307,25.198689558939513,56.855548140508404,31.65685858156889,27092,25659,1433,4.346902869623248,82.18164169143967,77.83473882181642,5874,7307,-1433,-4.346902869623248,17.818358308560335,22.16526117818358,29239.189453125,2022-10-17,2022-10-17,30185.8203125,0.032375413856550184,2022-10-18,2022-10-18,30523.80078125,0.04393457384256272,2022-10-19,2022-10-19,30423.810546875,0.040514840387389395,2022-10-20,2022-10-20,30333.58984375,0.03742923149013744,2022-10-21,2022-10-21,31082.560546875,0.06304453468880222,0.032375413856550184,0.011196663375420801,-0.0032758120488199927,-0.002965463612324082,0.024691133063478032,0.029707333611989295,-0.03552973607192289,3.9006260804665764,1375.0,3.1706329879013957,-0.7299930925651807,-0.528970526279231,-267.0,-1.5583029067219911,-1.029332380442753,3.374688982568096,1109.0,1.88097554488742,-1.4937134376806682,-3.377689642713328,-1110.0,-1.8839762050326563,1.4937134376806718,0.04393457384256272,0.08883798866635062,0.11676143660200267,0.13412268757182888,0.1527030055512637,0.15204250502572902,0.15390684257302634,5.0,DJIA x $5,146195.947265625,1106410928.90625,2111508066.3574219,-1005097137.4511719,201019427.49023438,-150874217.578125,2740150639.5996094,1525700905.6640625,1214449733.9355469,-39034317.919921875,226018934.47265625,3960740603.3203125,3751241810.888672,209498792.43164062,162131305.51757812,75290912.84179688,858754994.2382812,1068253786.6699219,-209498792.43164062,-162277501.46484375,-75290912.84179688
2022-10-18,DJIA Consolidated - CHICAGO BOARD OF TRADE,34618,7111,15536,-8425,-24.33705008954879,20.54133687676931,44.878386966318104,1000,2.888670633774337,21621,11255,10366,29.943959789704778,62.45594777283494,32.51198798313016,29731,27790,1941,5.606909700155988,85.88306661274481,80.27615691258883,4887,6828,-1941,-5.606909700155988,14.116933387255184,19.723843087411176,30523.80078125,2022-10-24,2022-10-24,31499.619140625,0.03196909737316922,2022-10-25,2022-10-25,31836.740234375,0.04301362934892117,2022-10-26,2022-10-26,31839.109375,0.04309124552267285,2022-10-27,2022-10-27,32033.279296875,0.04945250843572002,2022-10-28,2022-10-28,32861.80078125,0.07659596577619432,0.03196909737316922,0.010702386344576986,7.44153015528326e-05,0.006098472152222367,0.02586439798112794,0.04324438446521395,0.04393457384256272,-3.482229971851769,-1550.0,-2.4156491087915697,1.066580863060203,4.745270230765264,2059.0,5.6003996323265355,0.8551294015612712,1.26000683053274,508.0,3.701424921305147,2.441418090772416,-1.26000683053274,-508.0,-3.7014249213051507,-2.4414180907724052,0.04301362934892117,0.06976190326887588,0.08639249622444978,0.10054845776726751,0.11096425394476372,0.11311920654130936,0.11380783412739004,5.0,DJIA x $5,152619.00390625,1085273736.7773438,2371088844.6875,-1285815107.9101562,-236559456.0546875,-108054254.765625,3299775483.4570312,1717726888.9648438,1582048594.4921875,314242529.04296875,373306083.5546875,4537515605.136719,4241282118.5546875,296233486.58203125,77530453.984375,265251828.7890625,745849072.0898438,1042082558.671875,-296233486.58203125,-77530453.984375,-265251828.7890625
2022-10-25,DJIA Consolidated - CHICAGO BOARD OF TRADE,35360,8080,15015,-6935,-19.612556561085974,22.850678733031675,42.463235294117645,543,1.5356334841628958,21273,11893,9380,26.52714932126697,60.161199095022624,33.634049773755656,29895,27450,2445,6.914592760180996,84.54468325791855,77.63009049773756,5465,7910,-2445,-6.914592760180996,15.455316742081449,22.369909502262445,31836.740234375,2022-10-31,2022-10-31,32732.94921875,0.028150149097467603,2022-11-01,2022-11-01,32653.19921875,0.025645181584685206,2022-11-02,2022-11-02,32147.759765625,0.009769201525041238,2022-11-03,2022-11-03,32001.25,0.005167293021016484,2022-11-04,2022-11-04,32403.220703125,0.017793293678300515,0.028150149097467603,-0.002436382968947881,-0.015479017836474873,-0.004557386477102576,0.012561093804929424,-0.010073290781758448,0.04301362934892117,4.724493528462816,1490.0,2.309341856262364,-2.4151516722004587,-3.4168104684378093,-986.0,-2.294748677812315,1.1220617906254944,1.307683060025008,504.0,-1.338383354826263,-2.6460664148512762,-1.307683060025008,-504.0,1.3383833548262647,2.646066414851269,0.025645181584685206,0.04158993291641533,0.05516210603524052,0.07102992679141651,0.059592178381268956,0.05321172576568767,0.040979028074813684,5.0,DJIA x $5,159183.701171875,1286204305.46875,2390143273.095703,-1103938967.6269531,237183714.74609375,426612319.140625,3386314875.029297,1893171758.0371094,1493143116.9921875,-156955129.35546875,-132759206.77734375,4758796746.533203,4369592597.167969,389204149.3652344,80228585.390625,293853112.36328125,869938926.9042969,1259143076.2695312,-389204149.3652344,-80228585.390625,-293853112.36328125
2022-11-01,DJIA Consolidated - CHICAGO BOARD OF TRADE,37908,10261,14360,-4099,-10.813020998206184,27.068165031127993,37.88118602933418,65,0.17146776406035666,21704,13640,8064,21.27255460588794,57.25440540255355,35.98185079666561,32030,28065,3965,10.459533607681756,84.4940381977419,74.03450459006015,5878,9843,-3965,-10.459533607681756,15.505961802258097,25.965495409939855,32653.19921875,2022-11-07,2022-11-07,32827.0,0.005322626431967015,2022-11-08,2022-11-08,33160.828125,0.015546069555062436,2022-11-09,2022-11-09,32513.939453125,-0.0042648122988523385,2022-11-10,2022-11-10,33715.37109375,0.032528876202429835,2022-11-11,2022-11-11,33747.859375,0.033523825610981106,0.005322626431967015,0.010169315654796396,-0.019507615112522192,0.03695127876943638,0.0009636044390453069,0.028051889450757095,0.025645181584685206,8.79953556287979,2836.0,4.217486298096318,-4.582049264783464,-5.254594715379028,-1316.0,-2.9067936924690727,2.3478010229099553,3.5449408475007598,1520.0,-0.050645060176648826,-3.5955859076774033,-3.5449408475007598,-1520.0,0.050645060176648826,3.5955859076774104,0.015546069555062436,0.028778884725953358,0.044249947273782286,0.03672938823591054,0.04388053477244713,0.03158440997897061,0.01223989944515158,5.0,DJIA x $5,163265.99609375,1675272385.9179688,2344499703.90625,-669227317.9882812,463022364.921875,677717149.7851562,3543525179.21875,2226948186.71875,1316576992.5,-214858050.859375,-83265658.0078125,5229409854.8828125,4582060180.371094,647349674.5117188,248164314.0625,594451491.7773438,959677525.0390625,1607027199.5507812,-647349674.5117188,-248164314.0625,-594614757.7734375
2022-11-08,DJIA Consolidated - CHICAGO BOARD OF TRADE,38875,10626,14798,-4172,-10.731832797427652,27.333762057877813,38.06559485530547,491,1.2630225080385853,21843,13965,7878,20.264951768488746,56.18778135048231,35.92282958199357,32960,29254,3706,9.533118971061093,84.78456591639872,75.25144694533762,5916,9622,-3706,-9.533118971061093,15.218006430868167,24.75112540192926,33160.828125,2022-11-14,2022-11-14,33536.69921875,0.011334792132848825,2022-11-15,2022-11-15,33592.921875,0.013030246059333006,2022-11-16,2022-11-16,33553.828125,0.011851332497444966,2022-11-17,2022-11-17,33546.3203125,0.011624926435699567,2022-11-18,2022-11-18,33745.69140625,0.017637173566515063,0.011334792132848825,0.0016764516950007469,-0.0011637496180137985,-0.000223754275429644,0.005943158352175848,0.006231745889385465,0.015546069555062436,0.0811882007785325,-73.0,0.2655970267498198,0.18440882597128905,-1.0076028373991939,-186.0,-1.0666240520712407,-0.05902121467204324,-0.9264146366206631,-259.0,0.2905277186568185,1.2169423552774674,0.9264146366206631,259.0,-0.28795537138993055,-1.2143700080105937,0.013030246059333006,0.02826447620568895,0.020859042554444596,0.01313331853801536,0.030031315185980345,0.01209199201052824,0.0299079816029173,5.0,DJIA x $5,165804.140625,1761834798.28125,2453569672.96875,-691734874.6875,-12103702.265625,448168592.109375,3621659843.671875,2315454823.828125,1306205019.84375,-30839570.15625,-71129976.328125,5464904475.0,4850434329.84375,614470145.15625,-42943272.421875,376872811.640625,980897295.9375,1595367441.09375,-614470145.15625,42943272.421875,-376872811.640625
2022-11-15,DJIA Consolidated - CHICAGO BOARD OF TRADE,36917,7502,12807,-5305,-14.37007340791505,20.321261207573745,34.6913346154888,283,0.7665845003656852,22792,14642,8150,22.07655009887044,61.73849446054663,39.66194436167619,30577,27732,2845,7.706476690955387,82.82634016848607,75.11986347753069,6340,9185,-2845,-7.706476690955387,17.173659831513937,24.880136522469325,33592.921875,2022-11-21,2022-11-21,33700.28125,0.0031958927359605482,2022-11-22,2022-11-22,34098.1015625,0.015038277687775548,2022-11-23,2022-11-23,34194.05859375,0.017894743451815298,2022-11-24,2022-11-25,34347.03125,0.022448460357394895,2022-11-25,2022-11-25,34347.03125,0.022448460357394895,0.0031958927359605482,0.011804658529370515,0.002814145857185535,0.004473661874053292,0.0,0.019191234494519316,0.013030246059333006,-3.638240610487399,-1133.0,-7.012500850304068,-3.374260239816671,1.8115983303816954,272.0,5.550713110064322,3.739114779682623,-1.8266422801057063,-861.0,-1.9582257479126497,-0.13158346780693364,1.8266422801057063,861.0,1.9556534006457706,0.12901112054006347,0.015038277687775548,0.007728097483333363,0.00010174669422080562,0.015352006351784464,0.014775364229908883,-0.017288798282004136,0.03675706889518682,5.0,DJIA x $5,167964.609375,1260070499.53125,2151122752.265625,-891052252.734375,-190303902.421875,524049581.25,3828249376.875,2459337810.46875,1368911566.40625,45686373.75,-372209574.375,5135853860.859375,4657994547.1875,477859313.671875,-144617528.671875,151840006.875,1064895623.4375,1542754937.109375,-477859313.671875,144617528.671875,-151840006.875
2022-11-22,DJIA Consolidated - CHICAGO BOARD OF TRADE,39633,10335,13530,-3195,-8.061463931572174,26.07675421996821,34.138218151540386,496,1.2514823505664472,22581,15510,7071,17.84119294527288,56.97524789947771,39.13405495420483,33411,29536,3875,9.777205863800368,84.30096132011204,74.52375545631166,6222,10097,-3875,-9.777205863800368,15.699038679887972,25.476244543688342,34098.1015625,2022-11-28,2022-11-28,33849.4609375,-0.007291919890151544,2022-11-29,2022-11-29,33852.53125,-0.00720187638745462,2022-11-30,2022-11-30,34589.76953125,0.014419218262013755,2022-12-01,2022-12-01,34395.01171875,0.008707527476442545,2022-12-02,2022-12-02,34429.87890625,0.009730082571953957,-0.007291919890151544,9.07049156755324e-05,0.0217779366572477,-0.005630503329143277,0.0010137280308293306,0.01714703728433631,0.015038277687775548,6.308609476342877,2110.0,5.755493012394464,-0.5531164639484132,-4.235357153597562,-1079.0,-4.763246561068925,-0.5278894074713634,2.070729172844982,1030.0,1.4746211516259677,-0.596108021219024,-2.070729172844982,-1030.0,-1.474621151625966,0.5961080212190168,-0.00720187638745462,-0.014715239141108727,0.0003090806237608934,-0.03661093210605337,-0.02840368449764774,-0.03057618447874555,0.02903937329722117,5.0,DJIA x $5,170490.5078125,1762019398.2421875,2306736570.703125,-544717172.4609375,359734971.484375,637634499.21875,3849846156.9140625,2644307776.171875,1205538380.7421875,-183959257.9296875,-393662582.5390625,5696258356.5234375,5035607638.75,660650717.7734375,175605223.046875,243801426.171875,1060791939.609375,1721442657.3828125,-660650717.7734375,-175605223.046875,-243801426.171875
2022-11-29,DJIA Consolidated - CHICAGO BOARD OF TRADE,39542,10608,13679,-3071,-7.766425572808659,26.827171109200343,34.593596682009,759,1.9194780233675584,21943,15503,6440,16.28648019827019,55.4928936320874,39.206413433817204,33309,29940,3369,8.520054625461535,84.23701380810277,75.71695918264125,6233,9602,-3369,-8.520054625461535,15.762986191897225,24.28304081735876,33852.53125,2022-12-05,2022-12-05,33947.1015625,0.002793596490661132,2022-12-06,2022-12-06,33596.33984375,-0.007567865586122213,2022-12-07,2022-12-07,33597.921875,-0.0075211325593267375,2022-12-08,2022-12-08,33781.48046875,-0.0020988321589688885,2022-12-09,2022-12-09,33476.4609375,-0.011109075115320999,0.002793596490661132,-0.010332596970148211,4.708939299225001e-05,0.005463391290476904,-0.009029193718497974,-0.01386394134808544,-0.00720187638745462,0.2950383587635148,124.0,0.7504168892321346,0.45537853046861443,-1.5547127470026894,-631.0,-1.4823542673903063,0.07235847961237596,-1.2571512383388335,-506.0,-0.06394751200926407,1.1932037263295854,1.2571512383388335,506.0,0.06394751200925342,-1.1932037263295818,-0.007567865586122213,0.007565442392140076,-0.029622392527885233,-0.018048064168022848,-0.03532474491844684,-0.02391992474713389,0.046213655551975874,5.0,DJIA x $5,169262.65625,1795538257.5,2315343874.84375,-519805617.34375,20988569.375,174002010.625,3714130466.09375,2624078959.84375,1090051506.25,-106804736.09375,-274882553.75,5637969817.03125,5067723928.125,570245888.90625,-85646904.0625,-100880543.125,1055014136.40625,1625260025.3125,-570245888.90625,85646904.0625,100880543.125
2022-12-06,DJIA Consolidated - CHICAGO BOARD OF TRADE,40889,10989,16791,-5802,-14.189635354251754,26.87519870869916,41.064834062950915,1281,3.1328719215436918,22378,12829,9549,23.353469148181663,54.72865562865318,31.375186480471523,34648,30900,3748,9.166279439458044,84.73672625889603,75.57044681943799,6241,9989,-3748,-9.166279439458044,15.263273741103964,24.429553180562007,33596.33984375,2022-12-12,2022-12-12,34005.0390625,0.012164992396516361,2022-12-13,2022-12-13,34108.640625,0.015248708151918144,2022-12-14,2022-12-14,33966.3515625,0.011013453265172668,2022-12-15,2022-12-15,33202.21875,-0.011731072360351757,2022-12-16,2022-12-16,32920.4609375,-0.02011763511719966,0.012164992396516361,0.00304665324187936,-0.004171642724328017,-0.022496758625781488,-0.008486113973934395,-0.03189462958729694,-0.007567865586122213,-6.423209781443095,-2731.0,0.04802759949881619,6.471237380941915,7.066988949911472,3109.0,-0.7642380034342224,-7.831226953345681,0.6462248139965094,379.0,0.499712450793254,-0.14651236320325722,-0.6462248139965094,-379.0,-0.4997124507932611,0.14651236320324657,0.015248708151918144,-0.022222705389107755,-0.010560116121280383,-0.013691037539780404,-0.02202260453641769,-0.0006863424366237991,0.07525280318505678,5.0,DJIA x $5,167981.69921875,1845950892.7148438,2820580711.5820312,-974629818.8671875,-458758020.56640625,-273810169.7265625,3759094465.1171875,2155037219.2773438,1604057245.8398438,522255102.87109375,280697419.39453125,5820229914.53125,5190634505.859375,629595408.671875,63665064.00390625,7055231.3671875,1048373784.8242188,1677969193.4960938,-629595408.671875,-63665064.00390625,-7055231.3671875
2022-12-13,DJIA Consolidated - CHICAGO BOARD OF TRADE,53227,11706,17977,-6271,-11.78161459409698,21.99259774174761,33.77421233584459,4856,9.123189358784076,29739,19614,10125,19.02230071204464,55.87201983955511,36.84971912751047,46300,42446,3854,7.240686117947657,86.98592819433746,79.7452420763898,6928,10781,-3853,-7.238807372198321,13.015950551411878,20.254757923610196,34108.640625,2022-12-19,2022-12-19,32757.5390625,-0.03961170945961734,2022-12-20,2022-12-20,32849.73828125,-0.036908604995160244,2022-12-21,2022-12-21,33376.48046875,-0.021465533156233785,2022-12-22,2022-12-22,33027.48828125,-0.03169731551709998,2022-12-23,2022-12-23,33203.9296875,-0.026524391500870603,-0.03961170945961734,0.0028145953996754347,0.01603489753830556,-0.010456230932640032,0.005342259294666585,0.013627111125420699,0.015248708151918144,2.4080207601547734,-469.0,-4.88260096695155,-7.290621727106327,-4.331168436137023,576.0,1.1433642109019289,5.474532647038945,-1.9255933215103873,106.0,2.249201935441434,4.1747952569518105,1.9274720672597239,-105.0,-2.2473231896920858,-4.1747952569518105,-0.036908604995160244,-0.02542118405664251,-0.028505080045241438,-0.011860310322760026,-0.05726526178071634,0.003033849102568764,0.07239516837971327,5.0,DJIA x $5,170543.203125,1996378735.78125,3065855162.578125,-1069476426.796875,-79984762.265625,-164744734.21875,5071784317.734375,3345034386.09375,1726749931.640625,98232885.0,336822826.171875,7896150304.6875,7238876799.84375,657273504.84375,18077579.53125,172078091.953125,1181523311.25,1838626272.890625,-657102961.640625,-17907036.328125,-171907548.75
2022-12-20,DJIA Consolidated - CHICAGO BOARD OF TRADE,36303,12526,15748,-3222,-8.875299562019666,34.5040354791615,43.37933504118117,249,0.6858937277910916,17529,12343,5186,14.285320772387958,48.28526568052227,33.99994490813432,30303,28339,1964,5.410021210368289,83.47244029419056,78.06241908382228,6000,7964,-1964,-5.410021210368289,16.527559705809438,21.937580916177726,32849.73828125,2022-12-26,2022-12-27,33241.55859375,0.01192765400884932,2022-12-27,2022-12-27,33241.55859375,0.01192765400884932,2022-12-28,2022-12-28,32875.7109375,0.0007906503250536545,2022-12-29,2022-12-29,33220.80078125,0.01129575209467637,2022-12-30,2022-12-30,33147.25,0.009056745481586193,0.01192765400884932,0.0,-0.011005731130753427,0.010496802469338151,-0.0022139978423251216,-0.0028370689504231272,-0.036908604995160244,2.9063150320773143,3049.0,12.511437737413893,9.605122705336584,-4.736979939656681,-4939.0,-7.586754159032836,-2.849774219376151,-1.8306649075793677,-1890.0,-3.513487900146899,-1.682822992567523,1.8287861618300312,1889.0,3.5116091543975596,1.6828229925675302,0.01192765400884932,0.008725573703082024,0.026008221859644243,0.03230203151589994,-0.008801856179171952,0.03665578100472411,0.14332484336526186,5.0,DJIA x $5,164248.69140625,2057379108.5546875,2586588392.265625,-529209283.7109375,500794260.09765625,-4434714.66796875,2879115311.6601562,2027321598.0273438,851793713.6328125,-811224286.8554688,-309608783.30078125,4977228095.683594,4654643665.761719,322584429.921875,-310430026.7578125,-313879249.27734375,985492148.4375,1308076578.359375,-322584429.921875,310265778.06640625,313879249.27734375
2022-12-27,DJIA Consolidated - CHICAGO BOARD OF TRADE,37475,11737,17759,-6022,-16.069379586390927,31.31954636424283,47.388925950633755,563,1.5023348899266178,18822,11343,7479,19.957304869913276,50.22548365577051,30.268178785857238,31121,29665,1456,3.8852568378919283,83.04469646430954,79.15943962641762,6355,7811,-1456,-3.8852568378919283,16.95797198132088,20.843228819212808,33241.55859375,2023-01-02,2023-01-03,33136.37109375,-0.003164337186637778,2023-01-03,2023-01-03,33136.37109375,-0.003164337186637778,2023-01-04,2023-01-04,33269.76953125,0.0008486647044674278,2023-01-05,2023-01-05,32930.078125,-0.00937021252693504,2023-01-06,2023-01-06,33630.609375,0.011703746686629435,-0.003164337186637778,0.0,0.004025740692080726,-0.010210212184696088,0.02127329450421711,0.014915280851113488,0.01192765400884932,-7.19408002437126,-2800.0,-3.184489114918673,4.009590909452584,5.671984097525318,2293.0,1.9402179752482382,-3.7317661222770795,-1.524764372476361,-508.0,-0.4277438298810239,1.0970205425953452,1.524764372476361,508.0,0.43041227551144345,-1.0943520969649185,-0.003164337186637778,0.013914599324382104,0.02013422345593141,0.014812853686186012,-0.025489436404143473,0.02061214084073737,0.12946954695617618,5.0,DJIA x $5,166207.79296875,1950780866.0742188,2951684195.3320312,-1000903329.2578125,-465381820.3125,-490479197.05078125,3128363079.2578125,1885294995.6445312,1243068083.6132812,381114469.27734375,172689896.89453125,5172552724.980469,4930554178.417969,241998546.5625,-84433558.828125,-317955507.94921875,1056250524.3164062,1298249070.8789062,-241998546.5625,84433558.828125,317955507.94921875
2023-01-03,DJIA Consolidated - CHICAGO BOARD OF TRADE,39866,12624,18570,-5946,-14.914965133196207,31.666081372598203,46.58104650579441,1021,2.5610796167159986,20450,12431,8019,20.11488486429539,51.29684442883661,31.181959564541213,34095,32021,2074,5.202428134249737,85.52400541815081,80.32157728390106,5771,7845,-2074,-5.202428134249737,14.475994581849195,19.678422716098932,33136.37109375,2023-01-09,2023-01-09,33517.6484375,0.011506309567552941,2023-01-10,2023-01-10,33704.1015625,0.017133151579687755,2023-01-11,2023-01-11,33973.01171875,0.025248408240991838,2023-01-12,2023-01-12,34189.96875,0.03179580688751771,2023-01-13,2023-01-13,34302.609375,0.03519511167805489,0.011506309567552941,0.005562834318394216,0.007978558803928948,0.0063861583143145495,0.0032945518559446274,0.02341933202634161,-0.003164337186637778,1.15441445319472,76.0,0.34653500835537443,-0.8078794448393438,0.15757999438211456,540.0,1.0713607730660968,0.9137807786839751,1.3171712963578086,618.0,2.4793089538412687,1.1621376574834414,-1.3171712963578086,-618.0,-2.4819773994716865,-1.1648061031138752,0.017133151579687755,0.023372519174137185,0.018034257343970683,0.028659383553593765,0.008027668803786803,0.03869155293507154,0.13817650568301376,5.0,DJIA x $5,165681.85546875,2091567743.4375,3076712056.0546875,-985144312.6171875,12591821.015625,-23858187.1875,3388193944.3359375,2059591145.3320312,1328602799.0039062,89468201.953125,-253493238.8671875,5648922862.207031,5305298693.964844,343624168.2421875,102391386.6796875,-277351426.0546875,956149987.9101562,1299774156.1523438,-343624168.2421875,-102391386.6796875,277351426.0546875
2023-01-10,DJIA Consolidated - CHICAGO BOARD OF TRADE,38814,12972,17543,-4571,-11.776678518060493,33.42093059205442,45.197609110114904,1135,2.9242026073066416,18560,12237,6323,16.290513732158498,47.81779770186015,31.527283969701653,32666,30914,1752,4.513835214098006,84.16035451125883,79.64651929716082,6148,7901,-1753,-4.516411604060391,15.839645488741175,20.356057092801567,33704.1015625,2023-01-16,2023-01-17,33910.8515625,0.006134268246747565,2023-01-17,2023-01-17,33910.8515625,0.006134268246747565,2023-01-18,2023-01-18,33296.9609375,-0.012079853968069987,2023-01-19,2023-01-19,33044.55859375,-0.019568626314722004,2023-01-20,2023-01-20,33375.48828125,-0.009749949294468707,0.006134268246747565,0.0,-0.018103073108280965,-0.007580341768240406,0.010014649963052902,-0.015787373556906625,0.017133151579687755,3.138286615135714,1375.0,1.754849219456215,-1.3834373956795076,-3.8243711321368927,-1696.0,-3.4790467269764562,0.34532440516044005,-0.6885929201517307,-322.0,-1.3636509068919764,-0.6750579867402422,0.6860165301893462,321.0,1.36365090689198,0.6776343767026347,0.006134268246747565,0.0008859270419840914,0.011332077767797655,0.013428331353403156,-0.0005730014777040049,0.01653568220670465,0.11337072986990404,5.0,DJIA x $5,168520.5078125,2186048027.34375,2956355268.5546875,-770307241.2109375,231715698.2421875,286484863.28125,3127740625.0,2062185454.1015625,1065555170.8984375,-285810781.25,-640714970.703125,5504890908.203125,5209642978.515625,295247929.6875,-54263603.515625,-354230107.421875,1036064082.03125,1331480532.2265625,-295416450.1953125,54095083.0078125,353893066.40625
2023-01-17,DJIA Consolidated - CHICAGO BOARD OF TRADE,41330,12924,18230,-5306,-12.838132107428018,31.270263730946045,44.108395838374065,1606,3.8857972417130413,19974,13829,6145,14.868134526977983,48.32809097507864,33.459956448100655,34503,33665,838,2.027582869586257,83.48173239777401,81.45414952818776,6827,7666,-839,-2.0300024195499637,16.518267602225986,18.548270021775952,33910.8515625,2023-01-23,2023-01-23,33629.55859375,-0.008295072396856784,2023-01-24,2023-01-24,33733.9609375,-0.0052163427590126155,2023-01-25,2023-01-25,33743.83984375,-0.004925022848281668,2023-01-26,2023-01-26,33949.41015625,0.0011370576665978849,2023-01-27,2023-01-27,33978.078125,0.001982449847244272,-0.008295072396856784,0.0031044815369478673,0.00029284750368629986,0.006092084168603407,0.0008444320127525273,0.010363488128410037,0.006134268246747565,-1.0614535893675257,-735.0,-2.1506668611083732,-1.0892132717408387,-1.4223792051805155,-178.0,0.5102932732184868,1.9326724783990024,-2.4862523445117493,-914.0,-0.6786221134848205,1.807630231026934,2.486409184510427,914.0,0.6786221134848116,-1.807787071025615,-0.0052163427590126155,0.005166119160325833,0.007249592163644181,0.005261382729394581,0.0019397137116645702,0.03070044180640008,0.10174529309271163,5.0,DJIA x $5,169554.2578125,2191319227.96875,3090974119.921875,-899654891.953125,-124622379.4921875,-353351073.28125,3386676745.546875,2344765831.2890625,1041910914.2578125,-30180657.890625,162602533.2421875,5850130557.3046875,5708044089.2578125,142086468.046875,-154972591.640625,-190918094.296875,1157546918.0859375,1299802940.390625,-142256022.3046875,154972591.640625,190748540.0390625
2023-01-24,DJIA Consolidated - CHICAGO BOARD OF TRADE,38826,10553,15536,-4983,-12.834183279245867,27.18024004533045,40.01442332457631,1577,4.061711224437232,19750,13637,6113,15.744604131252254,50.86797506825324,35.12337093700098,31880,30749,1131,2.9129964456807294,82.10992633802091,79.19692989234018,6947,8077,-1130,-2.9104208520063874,17.892649255653428,20.803070107659817,33733.9609375,2023-01-30,2023-01-30,33717.08984375,-0.0005001219329463513,2023-01-31,2023-01-31,34086.0390625,0.010436904389979684,2023-02-01,2023-02-01,34092.9609375,0.010642094495370236,2023-02-02,2023-02-02,34053.94140625,0.00948541054348273,2023-02-03,2023-02-03,33926.01171875,0.005693099058418305,-0.0005001219329463513,0.010942498906630682,0.00020307067615887853,-0.0011445040318301958,-0.003756677853345991,0.006196319906853542,-0.0052163427590126155,0.003948828182151587,323.0,-4.090023685615595,-4.093972513797752,0.8764696042742717,-32.0,2.5398840931745994,1.6634144889003224,0.8854135760944724,293.0,-1.3718060597530979,-2.2572196358475765,-0.8804184324564237,-291.0,1.3743816534274416,2.254800085883865,0.010436904389979684,0.012531302491670226,0.010532667492213266,-0.017915805821609232,-0.006021611659429826,0.050516136488011565,0.12365841915150888,5.0,DJIA x $5,168669.8046875,1779972448.8671875,2620454085.625,-840481636.7578125,54480346.9140625,175247927.0703125,3331228642.578125,2300150126.5234375,1031078516.0546875,-5397433.75,-230402953.203125,5377193373.4375,5186427824.3359375,190765549.1015625,49420252.7734375,-54817686.5234375,1171749133.1640625,1362346012.4609375,-190596879.296875,-49082913.1640625,54986356.328125
2023-01-31,DJIA Consolidated - CHICAGO BOARD OF TRADE,40193,10670,15384,-4714,-11.728410419724828,26.546911153683478,38.275321573408306,1814,4.5132236956684,20937,14899,6038,15.0225163585699,52.09116015226532,37.06864379369542,33420,32096,1324,3.2941059388450724,83.14880700619511,79.85470106735004,6773,8098,-1325,-3.2965939342671606,16.851192993804894,20.147786928072055,34086.0390625,2023-02-06,2023-02-06,33891.01953125,-0.0057213902411017425,2023-02-07,2023-02-07,34156.69140625,0.002072764853095821,2023-02-08,2023-02-08,33949.01171875,-0.0040200430298970025,2023-02-09,2023-02-09,33699.87890625,-0.011328982975755464,2023-02-10,2023-02-10,33869.26953125,-0.006359481395081801,-0.0057213902411017425,0.007839005101485164,-0.006080205047670373,-0.007338440793621226,0.005026446103003179,-0.0006417629301457284,0.010436904389979684,1.1057728595210392,269.0,-0.6333288916469719,-1.7391017511680076,-0.7220877726823538,-75.0,1.22318508401208,1.9452728566944444,0.38110949316434306,193.0,1.038880668174201,0.6577711750098558,-0.3861730822607732,-195.0,-1.0414562618485341,-0.6552831795877623,0.002072764853095821,9.477395552104362e-05,-0.02805985221680518,-0.04193329242887889,-0.011779245214258993,0.04531593190302208,0.12853560142956266,5.0,DJIA x $5,170430.1953125,1818490183.984375,2621898124.6875,-803407940.703125,45845722.5390625,209970000.625,3568296999.2578125,2539239479.9609375,1029057519.296875,-12782264.6484375,-337622216.9140625,5695777127.34375,5470127548.75,225649578.59375,32893027.6953125,-127822646.484375,1154323712.8515625,1380143721.640625,-225820008.7890625,-33233888.0859375,127652216.2890625
2023-02-07,DJIA Consolidated - CHICAGO BOARD OF TRADE,43150,13567,16709,-3142,-7.281575898030128,31.441483198146003,38.72305909617613,1775,4.113557358053303,21743,17566,4177,9.68018539976825,50.3893395133256,40.709154113557354,37085,36049,1036,2.4009269988412516,85.94438006952491,83.54345307068365,6065,7101,-1036,-2.4009269988412516,14.055619930475086,16.45654692931634,34156.69140625,2023-02-13,2023-02-13,34245.9296875,0.0026126149101686202,2023-02-14,2023-02-14,34089.26953125,-0.001973899468133644,2023-02-15,2023-02-15,34128.05078125,-0.0008385070046555976,2023-02-16,2023-02-16,33696.8515625,-0.013462657676084455,2023-02-17,2023-02-17,33826.69140625,-0.009661357304051266,0.0026126149101686202,-0.004574562807304394,0.0011376380466130431,-0.01263474499360806,0.003853174339127019,-0.012241988612241572,0.002072764853095821,4.4468345216947,1572.0,4.8945720444625245,0.44773752276782375,-5.34233095880165,-1861.0,-1.701820638939715,3.6405103198619315,-0.8931789400038208,-288.0,2.7955730633297975,3.6887520033336187,0.895666935425909,289.0,-2.795573063329808,-3.691239998755716,-0.001973899468133644,-0.030070288432914816,-0.04391503174764555,-0.03806663980669056,-0.017416289107883176,0.03389663422693645,0.1277836871504292,5.0,DJIA x $5,170783.45703125,2317019161.5429688,2853620783.5351562,-536601621.9921875,268471594.453125,244049560.09765625,3713344706.2304688,2999982206.2109375,713362500.0195312,-317828013.53515625,-366501298.7890625,6333504504.003906,6156572842.519531,176931661.484375,-49185635.625,-122280955.234375,1035801666.8945312,1212733328.3789062,-176931661.484375,49356419.08203125,122451738.69140625
2023-02-14,DJIA Consolidated - CHICAGO BOARD OF TRADE,43725,14256,17625,-3369,-7.704974271012007,32.60377358490566,40.308747855917666,1809,4.137221269296741,21295,16232,5063,11.579188107489994,48.702115494568325,37.12292738707833,37359,35665,1694,3.8742138364779874,85.44082332761577,81.5666094911378,6367,8060,-1693,-3.8719268153230417,14.561463693539164,18.433390508862207,34089.26953125,2023-02-20,2023-02-21,33129.58984375,-0.028151958099901564,2023-02-21,2023-02-21,33129.58984375,-0.028151958099901564,2023-02-22,2023-02-22,33045.08984375,-0.030630743980676667,2023-02-23,2023-02-23,33153.91015625,-0.027438527955037206,2023-02-24,2023-02-24,32816.921875,-0.03732399296745348,-0.028151958099901564,0.0,-0.0025505899831096412,0.0032930856903263805,-0.010164360090915925,-0.009437725315183387,-0.001973899468133644,-0.4233983729818789,-227.0,1.1622903867596577,1.5856887597415366,1.8990027077217437,886.0,-1.6872240187572771,-3.586226726479026,1.4732868376367358,658.0,-0.5035567419091365,-1.9768435795458572,-1.4709998164817901,-657.0,0.5058437630640782,1.9768435795458679,-0.028151958099901564,-0.04202408359577048,-0.03616412468503827,-0.05672955646210609,-0.031597300882689305,0.025143427991739964,0.1227213292122602,5.0,DJIA x $5,170446.34765625,2429883132.1875,3004116877.4414062,-574233745.2539062,-38691320.91796875,330154575.41015625,3629654973.3398438,2766685115.15625,862969858.1835938,151015464.0234375,-184422948.1640625,6367705102.089844,6078968989.160156,288736112.9296875,112153696.7578125,145902073.59375,1085231895.5273438,1373797562.109375,-288565666.58203125,-111983250.41015625,-145561180.8984375
2023-02-21,DJIA Consolidated - CHICAGO BOARD OF TRADE,45644,13672,21795,-8123,-17.79642450267286,29.95355358864254,47.7499780913154,2022,4.42993602664096,22991,14194,8797,19.27306984488651,50.37025676978354,31.09718692489703,38685,38011,674,1.4766453422136534,84.75374638506705,83.27710104285339,6959,7634,-675,-1.4788362106739112,15.246253614932959,16.72508982560687,33129.58984375,2023-02-27,2023-02-27,32889.08984375,-0.007259371490389022,2023-02-28,2023-02-28,32656.69921875,-0.014273965576703684,2023-03-01,2023-03-01,32661.83984375,-0.014118798397627641,2023-03-02,2023-03-02,33003.5703125,-0.0038038361429872936,2023-03-03,2023-03-03,33390.96875,0.007889590770146837,-0.007259371490389022,-0.007065887992159237,0.00015741410255709631,0.010462682763273445,0.011738076633280858,0.015259738370211329,-0.028151958099901564,-10.091450231660854,-4754.0,-2.6502199962631217,7.441230235397732,7.6938817373965165,3734.0,1.6681412752152127,-6.025740462181297,-2.397568494264334,-1020.0,-0.6870769425487282,1.7104915517155916,2.3930906046491307,1018.0,0.6847899213937954,-1.708300683255338,-0.014273965576703684,-0.008244258608034905,-0.029405418470907607,-0.017174683932356105,-0.002236010930089294,0.034991024238976376,0.1640289228792,5.0,DJIA x $5,165647.94921875,2264738761.71875,3610297053.2226562,-1345558291.5039062,-787490350.5859375,-520134560.546875,3808412000.4882812,2351206991.2109375,1457205009.2773438,618529442.3828125,444599095.703125,6408090915.527344,6296444197.753906,111646717.7734375,-168960908.203125,-75701112.79296875,1152744078.6132812,1264556444.3359375,-111812365.72265625,168629612.3046875,75369816.89453125
2023-02-28,DJIA Consolidated - CHICAGO BOARD OF TRADE,44956,12808,20811,-8003,-17.801850698460715,28.49007918853991,46.29192988700062,1229,2.7337841444968416,23590,14889,8701,19.35447993593736,52.47352967345849,33.11904973752113,37627,36929,698,1.552629237476644,83.69739300649523,82.1447637690186,7329,8028,-699,-1.5548536346650057,16.30260699350476,17.857460628169765,32656.69921875,2023-03-06,2023-03-06,33431.44140625,0.023723836334787363,2023-03-07,2023-03-07,32856.4609375,0.0061170211175325395,2023-03-08,2023-03-08,32798.3984375,0.0043390551445763315,2023-03-09,2023-03-09,32254.859375,-0.01230497427367927,2023-03-10,2023-03-10,31909.640625,-0.02287612072321976,0.023723836334787363,-0.017198793846875726,-0.0017671562409125041,-0.0165721220667453,-0.010702844677957901,-0.04552004691504263,-0.014273965576703684,-0.0054261957878551925,120.0,-1.4634744001026299,-1.4580482043147782,0.08141009105084862,-96.0,2.103272903674956,2.0218628126241,0.07598389526299054,24.0,-1.0563533785718136,-1.1323372738347928,-0.07601742399109446,-24.0,1.0563533785718011,1.132370802562896,0.0061170211175325395,-0.015350566349864758,-0.0029427226778578897,-0.008036611936558247,0.0118224450261748,0.06724417068425503,0.19339710039873848,5.0,DJIA x $5,163283.49609375,2091335017.96875,3398092837.2070312,-1306757819.2382812,19594019.53125,-537039418.6523438,3851857672.8515625,2431127973.3398438,1420729699.5117188,-15675215.625,434823950.09765625,6143868107.519531,6029896227.246094,113971880.2734375,3918803.90625,-102215468.5546875,1196704742.8710938,1310839906.640625,-114135163.76953125,-3918803.90625,102215468.5546875
2023-03-07,DJIA Consolidated - CHICAGO BOARD OF TRADE,44709,13592,19945,-6353,-14.209666957435862,30.401037822362387,44.61070477979825,528,1.1809702744413877,24340,15536,8804,19.691784651859802,54.440940302847295,34.7491556509875,38460,36008,2452,5.484354380549777,86.02294839965109,80.5385940191013,6250,8701,-2451,-5.482117694423941,13.979288286474759,19.4614059808987,32856.4609375,2023-03-13,2023-03-13,31819.140625,-0.03157127343913291,2023-03-14,2023-03-14,32155.400390625,-0.02133706817081016,2023-03-15,2023-03-15,31874.5703125,-0.029884247937346786,2023-03-16,2023-03-16,32246.55078125,-0.0185628682714849,2023-03-17,2023-03-17,31861.98046875,-0.030267425047442398,-0.03157127343913291,0.010567845611795246,-0.008733527641188288,0.011670132808162759,-0.011925936361653067,0.001346354518334758,0.0061170211175325395,3.5921837410248525,1650.0,1.910958633822478,-1.6812251072023727,0.3373047159224427,103.0,1.9674106293888016,1.630105913466366,3.931725143073133,1754.0,2.3255553931558524,-1.6061697499172993,-3.9272640597589357,-1752.0,-2.323318707030001,1.6039453527289353,-0.02133706817081016,-0.009004662087246484,-0.014067581361827841,0.016615239535032522,0.02181672316636729,0.05434266995147219,0.1743562850438234,5.0,DJIA x $5,164282.3046875,2232925085.3125,3276610566.9921875,-1043685481.6796875,271065802.734375,-527510480.3515625,3998631296.09375,2552289885.625,1446341410.46875,16921077.3828125,760134223.7890625,6318297438.28125,5915477227.1875,402820211.09375,288151162.421875,232623743.4375,1026764404.296875,1429420333.0859375,-402655928.7890625,-287822597.8125,-232459461.1328125
2023-03-14,DJIA Consolidated - CHICAGO BOARD OF TRADE,52119,10098,20138,-10040,-19.263608281049137,19.374892073907787,38.638500354956925,1018,1.9532224332776915,33726,20465,13261,25.443696156871777,64.70960686122143,39.26591070434966,44842,41620,3222,6.182006561906406,86.03772136840692,79.85571480650052,7277,10499,-3222,-6.182006561906406,13.962278631593087,20.144285193499492,32155.400390625,2023-03-20,2023-03-20,32244.580078125,0.002773396891863955,2023-03-21,2023-03-21,32560.599609375,0.012601280463860665,2023-03-22,2023-03-22,32030.109375,-0.003896422190455051,2023-03-23,2023-03-23,32105.25,-0.0015596257554181259,2023-03-24,2023-03-24,32237.529296875,0.00255412482047479,0.002773396891863955,0.009800702334603839,-0.016292397582944318,0.002345937196787995,0.004120176509293749,-0.0002186656248248653,-0.02133706817081016,-5.053941323613275,-3687.0,-11.0261457484546,-5.972204424841323,5.751911505011975,4457.0,10.268666558374136,4.516755053362161,0.697652181356629,770.0,0.014772968755835336,-0.6828792126007812,-0.699888867482465,-771.0,-0.017009654881672276,0.6828792126007919,0.012601280463860665,0.007427978083726083,0.03877975395972855,0.04756242041137515,0.06396190618496056,0.0774547310986411,0.21303071357874193,5.0,DJIA x $5,160777.001953125,1623526165.7226562,3237727265.3320312,-1614201099.609375,-592784806.2011719,-1072543380.0292969,5422365167.871094,3290301344.970703,2132063822.9003906,716583097.7050781,1318049862.0117188,7209562321.582031,6691538821.2890625,518023500.29296875,123798291.50390625,245667258.984375,1169974243.2128906,1687997743.5058594,-518023500.29296875,-123959068.50585938,-245828035.98632812
2023-03-21,DJIA Consolidated - CHICAGO BOARD OF TRADE,40874,7802,18876,-11074,-27.09301756617899,19.08792875666683,46.18094632284582,201,0.491755149973088,27581,12549,15032,36.77643489748984,67.47810343983951,30.70166854234966,35583,31626,3957,9.680970788276166,87.05534080344474,77.37437001516857,5291,9248,-3957,-9.680970788276166,12.944659196555266,22.625629984831434,32560.599609375,2023-03-27,2023-03-27,32432.080078125,-0.003947087363004087,2023-03-28,2023-03-28,32394.25,-0.005108923403459142,2023-03-29,2023-03-29,32717.599609375,0.004821778526302056,2023-03-30,2023-03-30,32859.03125,0.009165422142259239,2023-03-31,2023-03-31,33274.1484375,0.021914486731981153,-0.003947087363004087,-0.0011664400813599096,0.009981697658535182,0.004322800031591356,0.012633275288661983,0.02596405649426603,0.012601280463860665,-7.829409285129852,-1034.0,-0.28696331724095714,7.542445967888895,11.332738740618066,1771.0,2.768496578618084,-8.564242162,3.4989642263697602,735.0,1.0176194350378154,-2.4813447913319493,-3.4989642263697602,-735.0,-1.0176194350378207,2.481344791331942,-0.005108923403459142,0.02585269641756316,0.03452606729027541,0.04348904239672824,0.04586130176623193,0.0601073347190908,0.20116835033618496,5.0,DJIA x $5,162802.998046875,1270188990.7617188,3073069391.1328125,-1802880400.3710938,-168338299.98046875,-480431647.2363281,4490269489.130859,2043014822.4902344,2447254666.640625,288324109.5410156,1015076692.8222656,5793019079.501953,5148807616.230469,644211463.2714844,119660203.56445312,534482242.5878906,861390662.6660156,1505602125.9375,-644211463.2714844,-119660203.56445312,-534319439.58984375
2023-03-28,DJIA Consolidated - CHICAGO BOARD OF TRADE,38175,6095,17880,-11785,-30.870988867059594,15.965946299934512,46.8369351669941,402,1.0530451866404715,26752,10467,16285,42.65880812049771,70.07727570399476,27.41846758349705,33249,28748,4501,11.790438768827768,87.09626719056975,75.30582842174198,4926,9427,-4501,-11.790438768827768,12.903732809430254,24.694171578258022,32394.25,2023-04-03,2023-04-03,33601.1484375,0.037256563664847864,2023-04-04,2023-04-04,33402.37890625,0.031120612647306256,2023-04-05,2023-04-05,33482.71875,0.033600677589386896,2023-04-06,2023-04-06,33485.2890625,0.033680022303340884,2023-04-07,2023-04-10,33586.51953125,0.03680497406947225,0.037256563664847864,-0.005915557666718474,0.0024052132327307962,7.67653463027429e-05,0.0030231325929739317,-0.00043536923379894343,-0.005108923403459142,-3.777971300880605,-711.0,-3.1219824567323187,0.6559888441482826,5.882373223007868,1253.0,2.599172264155243,-3.283200958852607,2.1094679805516012,544.0,0.04092638712501184,-2.0685415934265876,-2.1094679805516012,-544.0,-0.04092638712501184,2.0685415934265876,0.031120612647306256,0.03983852265448351,0.04884752405905379,0.03508579840558124,0.04730741663258131,0.03780389748952362,0.21263273960656592,5.0,DJIA x $5,161971.25,987214768.75,2896045950.0,-1908831181.25,-115161558.75,-612575267.5,4333054880.0,1695353073.75,2637701806.25,202949976.25,1228389960.0,5385382091.25,4656349495.0,729032596.25,88112360.0,615976663.75,797870377.5,1526902973.75,-729032596.25,-88112360.0,-615814692.5
2023-04-04,DJIA Consolidated - CHICAGO BOARD OF TRADE,44146,7151,18964,-11813,-26.75893625696552,16.19852308249898,42.957459339464506,367,0.8313323970461649,30157,13847,16310,36.94558963439496,68.31196484392696,31.366375209532006,37675,33177,4498,10.188918588320572,85.34182032347212,75.15290173515154,6471,10969,-4498,-10.188918588320572,14.658179676527885,24.84709826484846,33402.37890625,2023-04-10,2023-04-10,33586.51953125,0.005512799717553696,2023-04-11,2023-04-11,33684.7890625,0.00845479170937602,2023-04-12,2023-04-12,33646.5,0.0073084942373466966,2023-04-13,2023-04-13,34029.69140625,0.01878047374292313,2023-04-14,2023-04-14,33886.46875,0.014492675659679488,0.005512799717553696,0.0029258622989669636,-0.00113668702003622,0.011388744928892969,-0.00420875565811607,0.00893064309539171,0.031120612647306256,4.112052610094075,-28.0,0.23257678256446823,-3.879475827529596,-5.713218486102747,25.0,-1.7653108600677996,3.9479076260349544,-1.6015201805071957,-3.0,-1.7544468670976272,-0.1529266865904333,1.6015201805071957,3.0,1.7544468670976308,0.15292668659043684,0.00845479170937602,0.017191889284644546,0.0038455110969946027,0.00844707332199035,0.03041968497518832,-0.01197519497406685,0.17267810149656015,5.0,DJIA x $5,167011.89453125,1194302057.7929688,3167213567.890625,-1972911510.0976562,-4676333.046875,-911884944.140625,5036577703.378906,2312613703.5742188,2723963999.8046875,4175297.36328125,1253591280.3515625,6292173126.464844,5540953624.863281,751219501.6015625,-501035.68359375,341706336.2109375,1080733969.5117188,1831953471.1132812,-751219501.6015625,501035.68359375,-341873348.10546875
2023-04-11,DJIA Consolidated - CHICAGO BOARD OF TRADE,45132,8705,19528,-10823,-23.9807675263671,19.28786670211823,43.26863422848533,307,0.6802268900115218,30383,16340,14043,31.115394841797396,67.32030488345299,36.20491004165559,39394,36175,3219,7.132411592661526,87.28618275281397,80.15377116015244,5738,8957,-3219,-7.132411592661526,12.713817247186032,19.84622883984756,33684.7890625,2023-04-17,2023-04-17,33987.1796875,0.008977067495923308,2023-04-18,2023-04-18,33976.62890625,0.008663846557225297,2023-04-19,2023-04-19,33897.01171875,0.006300251898749831,2023-04-20,2023-04-20,33786.62109375,0.003023086505338002,2023-04-21,2023-04-21,33808.9609375,0.0036862892259650337,0.008977067495923308,-0.0003104341503770147,-0.0023432927298256967,-0.003256647692602921,0.0006612038442084245,-0.005243705174676427,0.00845479170937602,2.77816873059842,990.0,3.0893436196192496,0.31117488902082613,-5.830194792597567,-2267.0,-0.9916599604739673,4.838534832123582,-3.0565069956590456,-1279.0,1.9443624293418509,5.0008694250009,3.0565069956590456,1279.0,-1.9443624293418527,-5.0008694250009,0.008663846557225297,-0.004570636830004693,-7.653677139618509e-06,-0.003650919960395682,0.017118492605967983,0.0016182888558053943,0.1543391826754148,5.0,DJIA x $5,168423.9453125,1466130443.9453125,3288982804.0625,-1822852360.1171875,166739705.859375,-131875949.1796875,5117224730.4296875,2752047266.40625,2365177464.0234375,-381817084.0234375,131707525.234375,6634892901.640625,6092736221.6796875,542156679.9609375,-215414226.0546875,-505271.8359375,966416598.203125,1508573278.1640625,-542156679.9609375,215414226.0546875,505271.8359375
2023-04-18,DJIA Consolidated - CHICAGO BOARD OF TRADE,48031,9448,21647,-12199,-25.39818034186255,19.670629385188732,45.06880972705128,318,0.6620724115675293,32153,17480,14673,30.549020424309298,66.9421831733672,36.3931627490579,41918,39444,2474,5.150840082446753,87.27280298140784,82.12196289896109,6113,8587,-2474,-5.150840082446753,12.72719701859216,17.878037101038913,33976.62890625,2023-04-24,2023-04-24,33875.3984375,-0.002979414733266239,2023-04-25,2023-04-25,33530.828125,-0.013120806731005463,2023-04-26,2023-04-26,33301.87109375,-0.019859469118076012,2023-04-27,2023-04-27,33826.16015625,-0.004428595621277842,2023-04-28,2023-04-28,34098.16015625,0.003576907242190952,-0.002979414733266239,-0.010171697703740157,-0.006828254595933836,0.01574353167796616,0.008041113704410296,0.0065759143515609075,0.008663846557225297,-1.4174128154954495,-1376.0,0.3827626830705029,1.8001754985659488,-0.5663744174880989,630.0,-0.378121710085793,0.18825270740231304,-1.9815715102147733,-745.0,-0.013379771406135887,1.9681917388086418,1.9815715102147733,745.0,0.013379771406127006,-1.9681917388086454,-0.013120806731005463,-0.008597016998242224,-0.012208989704205031,-0.028386815063709325,0.028705048518530063,0.0006186467559214925,0.1124990903098948,5.0,DJIA x $5,169883.14453125,1605055949.53125,3677460429.6679688,-2072404480.1367188,-233759206.875,-191118537.59765625,5462252746.113281,2969557366.40625,2492695379.7070312,107026381.0546875,-60988048.88671875,7121161652.4609375,6700870752.890625,420290899.5703125,-126562942.67578125,-251936703.33984375,1038495662.5195312,1458786562.0898438,-420290899.5703125,126562942.67578125,251936703.33984375
2023-04-25,DJIA Consolidated - CHICAGO BOARD OF TRADE,49609,11415,24251,-12836,-25.874337317825397,23.009937712914997,48.88427503074039,905,1.8242657582293536,31641,15341,16300,32.85694128081598,63.78076558688947,30.923824306073495,43960,40497,3463,6.980588199721825,88.61295329476506,81.63236509504324,5649,9112,-3463,-6.980588199721825,11.387046705234937,18.367634904956763,33530.828125,2023-05-01,2023-05-01,34051.69921875,0.01553409572254627,2023-05-02,2023-05-02,33684.53125,0.00458393465341822,2023-05-03,2023-05-03,33414.23828125,-0.0034770940734110134,2023-05-04,2023-05-04,33127.73828125,-0.012021469981216004,2023-05-05,2023-05-05,33674.37890625,0.004281158243836236,0.01553409572254627,-0.01078266216294499,-0.008024246107031674,-0.008574189170152846,0.016500994434304417,-0.011080807159609685,-0.013120806731005463,-0.4761569759628479,-637.0,3.3393083277262647,3.815465303689109,2.3079208565066835,1627.0,-3.161417586477725,-5.469338442984405,1.8297481172750718,989.0,1.3401503133572277,-0.4895978039178459,-1.8297481172750718,-989.0,-1.3401503133572223,0.48959780391784946,0.00458393465341822,0.0009239398631761819,-0.015468973747572834,-0.014175504538034733,0.05688025897809523,-0.011614661507856838,0.14830720144195664,5.0,DJIA x $5,167654.140625,1913772015.234375,4065780564.296875,-2152008549.0625,-106795687.578125,-176204501.796875,5304744663.515625,2571982171.328125,2732762492.1875,272773286.796875,2514812.109375,7370076021.875,6789489732.890625,580586288.984375,165809945.078125,-174024997.96875,947078240.390625,1527664529.375,-580586288.984375,-165809945.078125,174024997.96875
2023-05-02,DJIA Consolidated - CHICAGO BOARD OF TRADE,97094,25933,46924,-20991,-21.619255566770345,26.709168434712755,48.3284240014831,1320,1.3595072816033946,58311,31813,26498,27.29107874842936,60.05623416482996,32.7651554164006,85564,80057,5507,5.671823181659011,88.12490988114611,82.4530866994871,11530,17037,-5507,-5.671823181659011,11.875090118853894,17.546913300512905,33684.53125,2023-05-08,2023-05-08,33618.69140625,-0.0019546017506181235,2023-05-09,2023-05-09,33561.80859375,-0.0036432941678533615,2023-05-10,2023-05-10,33531.328125,-0.004548174468065325,2023-05-11,2023-05-11,33309.51171875,-0.011133286328572578,2023-05-12,2023-05-12,33300.62109375,-0.011397224245179305,-0.0019546017506181235,-0.0016919996026205641,-0.000908189100264245,-0.006615198939424638,-0.0002669094964545815,-0.0094611152069074,0.00458393465341822,4.255081751055052,-8155.0,3.6992307217977576,-0.5558510292572905,-5.565862532386621,10198.0,-3.7245314220595134,1.8413311103271077,-1.3087650180628136,2044.0,-0.48804341361895354,0.820721604443861,1.3087650180628136,-2044.0,0.4880434136189571,-0.8207216044438574,-0.0036432941678533615,-0.01996140661746626,-0.018673839531313075,-0.019051771723853195,0.05777573162755534,-0.018752232339584674,0.12264949137447179,5.0,DJIA x $5,168422.65625,4367704744.53125,7903064721.875,-3535359977.34375,-1373486761.71875,-1545783139.0625,9820893508.59375,5358029963.28125,4462863545.3125,1717574248.4375,1715890021.875,14410916159.375,13483412591.40625,927503567.96875,344255909.375,169938460.15625,1941913226.5625,2869416794.53125,-927503567.96875,-344255909.375,-169938460.15625
2023-05-09,DJIA Consolidated - CHICAGO BOARD OF TRADE,96996,24886,44562,-19676,-20.285372592684233,25.656728112499483,45.94210070518372,2861,2.9496061693265703,56790,31921,24869,25.639201616561508,58.54880613633552,32.909604519774014,84538,79344,5194,5.354859994226566,87.15617138851086,81.8013113942843,12459,17652,-5193,-5.353829023877274,12.844859581838428,18.1986886057157,33561.80859375,2023-05-15,2023-05-15,33348.6015625,-0.006352668112459936,2023-05-16,2023-05-16,33012.140625,-0.01637778152552727,2023-05-17,2023-05-17,33420.76953125,-0.004202367762929926,2023-05-18,2023-05-18,33535.91015625,-0.0007716639414010462,2023-05-19,2023-05-19,33426.62890625,-0.004027783160802989,-0.006352668112459936,-0.010089206795356187,0.01237814023912609,0.0034451817422198605,-0.0032586337895956774,0.0023397485979663735,-0.0036432941678533615,1.3338829740861122,1315.0,-1.0524403222132719,-2.3863232962993806,-1.6518771318678525,-1629.0,-1.507428028494438,0.144449103373411,-0.316963187432445,-313.0,-0.9687384926352536,-0.6517753052028041,0.31799415778173756,314.0,0.9697694629845337,0.6517753052027935,-0.01637778152552727,-0.015085506300583695,-0.015464820446138172,0.0003418366509644333,0.05222244452661551,0.01760313265298885,0.15858660030589555,5.0,DJIA x $5,167809.04296875,4176095843.3203125,7477906572.7734375,-3301810729.453125,220668891.50390625,-1485613457.4023438,9529875550.195312,5356632460.605469,4173243089.5898438,-273360930.99609375,1816700699.1796875,14186240874.492188,13314640705.3125,871600169.1796875,-52524230.44921875,331422859.86328125,2090732866.3476562,2962165226.484375,-871432360.1367188,52692039.4921875,-331255050.8203125
2023-05-16,DJIA Consolidated - CHICAGO BOARD OF TRADE,99483,24497,46329,-21832,-21.945458017952816,24.6243076706573,46.56976568861012,4037,4.057979755335082,58156,31371,26785,26.92419810419871,58.458229044158294,31.53403093995959,86690,81737,4953,4.9787400862458915,87.14051647015067,82.16177638390478,12794,17747,-4953,-4.9787400862458915,12.86048872671713,17.839228812963018,33012.140625,2023-05-22,2023-05-22,33286.578125,0.00831322946056301,2023-05-23,2023-05-23,33055.51171875,0.0013137922270074487,2023-05-24,2023-05-24,32799.921875,-0.006428506179308124,2023-05-25,2023-05-25,32764.650390625,-0.0074969459625885415,2023-05-26,2023-05-26,33093.33984375,0.0024596774766101337,0.00831322946056301,-0.006941729047133749,-0.00773213998091038,-0.0010753526947234748,0.010031831538146019,-0.0058052912655767175,-0.01637778152552727,-1.6600854252685835,-2156.0,-1.0324204418421843,0.6276649834263992,1.2849964876372013,1916.0,-0.09057709217722731,-1.375573579814425,-0.37611990798067474,-241.0,-0.015654918360183956,0.3604649896204819,0.3750889376313822,240.0,0.015629144878701595,-0.3594597927526806,0.0013137922270074487,0.000928162319071113,0.01699800783518568,0.036349671546026974,0.058592080470395214,0.05499669392463091,0.19828973904960145,5.0,DJIA x $5,165060.703125,4043492044.453125,7647097315.078125,-3603605270.625,-355870875.9375,-1590029753.203125,9599270250.9375,5178119317.734375,4421150933.203125,316256307.1875,1999215236.25,14309112353.90625,13491566691.328125,817545662.578125,-39779629.453125,409185483.046875,2111786635.78125,2929332298.359375,-817545662.578125,39614568.75,-409185483.046875
2023-05-23,DJIA Consolidated - CHICAGO BOARD OF TRADE,97077,21513,44545,-23032,-23.725496255549718,22.160758985135512,45.88625524068523,3455,3.559030460356212,58613,32662,25951,26.732387692244302,60.37784439156546,33.64545669932116,83581,80662,2919,3.0068914366945827,86.09763383705719,83.0907424003626,13497,16416,-2919,-3.0068914366945827,13.903396273061592,16.910287709756172,33055.51171875,2023-05-29,2023-05-30,33042.78125,-0.00038512393510392595,2023-05-30,2023-05-30,33042.78125,-0.00038512393510392595,2023-05-31,2023-05-31,32908.26953125,-0.004454391411417236,2023-06-01,2023-06-01,33061.5703125,0.00018328543214063409,2023-06-02,2023-06-02,33762.76171875,0.021395826693520137,-0.00038512393510392595,0.0,-0.004070835252404814,0.004658427302123069,0.02120865402406169,0.0217893422258455,0.0013137922270074487,-1.7800382375969015,-1200.0,-2.4635486855217863,-0.6835104479248884,-0.19181041195440685,-834.0,1.9196153474071664,2.1114257593615697,-1.9718486495513088,-2034.0,-1.042882633093484,0.9289660164578208,1.9718486495513088,2034.0,1.0429075463444626,-0.9289411032068458,-0.00038512393510392595,0.015663636843846085,0.034989909847438216,0.03020250854061657,0.03731046176938868,0.061495866742155236,0.20624326195600662,5.0,DJIA x $5,165277.55859375,3555616118.0273438,7362288847.558594,-3806672729.53125,-198333070.3125,-1685169987.421875,9687413541.855469,5398295618.7890625,4289117923.0664062,-137841483.8671875,1595093717.9882812,13814063624.824219,13331618431.289062,482445193.53515625,-336174554.1796875,-89910991.875,2230751208.3398438,2713196401.875,-482445193.53515625,336174554.1796875,89910991.875
2023-05-30,DJIA Consolidated - CHICAGO BOARD OF TRADE,98019,20345,42456,-22111,-22.557871433089502,20.75617992430039,43.31405135738989,3925,4.004325691957682,58137,35799,22338,22.789459186484255,59.311970128240446,36.522510941756195,82407,82180,227,0.23158775339475,84.07247574449852,83.84088799110376,15611,15839,-228,-0.23260796376212775,15.926504045134108,16.159112008896233,33042.78125,2023-06-05,2023-06-05,33562.859375,0.015739538420362242,2023-06-06,2023-06-06,33573.28125,0.01605494392213136,2023-06-07,2023-06-07,33665.01953125,0.0188312925761962,2023-06-08,2023-06-08,33833.609375,0.023933461260922106,2023-06-09,2023-06-09,33876.78125,0.025240006090589073,0.015739538420362242,0.00031051809035553823,0.0027324788592117955,0.005007864130110118,0.0012760055990923558,0.009353251804100848,-0.00038512393510392595,1.1676248224602155,921.0,-1.4045790608351219,-2.5722038832953373,-3.9429285057600474,-3613.0,-1.0658742633250142,2.8770542424350367,-2.775303683299833,-2692.0,-2.0251580925586694,0.7501455907411554,2.774283472932455,2691.0,2.0231077720725157,-0.7511757008599389,0.01605494392213136,0.035388662803619075,0.030599417043624344,0.026751895506677448,0.05477416114904066,0.07185228146465428,0.17583502069759938,5.0,DJIA x $5,165213.90625,3361276922.65625,7014321603.75,-3653044681.09375,152162007.65625,-185039575.0,9605040867.65625,5914492629.84375,3690548237.8125,-596917843.28125,-687289850.0,13614782372.34375,13577278815.625,37503556.71875,-444755835.625,-872329425.0,2579154290.46875,2616823061.09375,-37668770.625,444590621.71875,872164211.09375
2023-06-06,DJIA Consolidated - CHICAGO BOARD OF TRADE,103684,19206,42409,-23203,-22.378573357509353,18.52359091084449,40.90216426835384,4584,4.421125728174068,62528,40942,21586,20.819027043709735,60.306315342772265,39.487288299062534,86318,87936,-1618,-1.5605107827630107,83.25103198179082,84.81154276455383,17366,15749,1617,1.559546313799622,16.748968018209172,15.189421704409552,33573.28125,2023-06-12,2023-06-12,34066.328125,0.014685692212464296,2023-06-13,2023-06-13,34212.12109375,0.019028221846799642,2023-06-14,2023-06-14,33979.328125,0.012094345857243338,2023-06-15,2023-06-15,34408.05859375,0.024864335944226434,2023-06-16,2023-06-16,34299.12109375,0.021619568202020822,0.014685692212464296,0.004279679577295248,-0.006804400350159168,0.01261739099645598,-0.0031660461081576274,0.006833521003373422,0.01605494392213136,0.17929807558014943,-1092.0,-2.2325890134559003,-2.4118870890360498,-1.97043214277452,-752.0,0.994345214531819,2.964777357306339,-1.7920985361577606,-1845.0,-0.8214437627077018,0.9706547734500788,1.7921542775617496,1845.0,0.8224639730750649,-0.9696903044866811,0.019028221846799642,0.014314652183423426,0.010527926317896119,0.025174408593142905,0.031831488022934895,0.07599130167683565,0.1530385956094178,5.0,DJIA x $5,167866.40625,3224042198.4375,7119046422.65625,-3895004224.21875,-183310115.625,-592064814.84375,10496350650.0,6872786404.6875,3623564245.3125,-126235537.5,-551105411.71875,14489892454.6875,14761500300.0,-271607845.3125,-309713519.53125,-1143505959.375,2915168010.9375,2643728032.03125,271439978.90625,309713519.53125,1143170226.5625
2023-06-13,DJIA Consolidated - CHICAGO BOARD OF TRADE,106498,18584,34353,-15769,-14.806850832879489,17.450092959492196,32.256943792371686,7077,6.645195214933613,64825,49731,15094,14.173036113354243,60.86968769366561,46.69665158031137,90486,91161,-675,-0.6338147195252493,84.96497586809141,85.59879058761666,16012,15337,675,0.6338147195252493,15.035024131908582,14.40120941238333,34212.12109375,2023-06-19,2023-06-20,34053.87109375,-0.004625553603249344,2023-06-20,2023-06-20,34053.87109375,-0.004625553603249344,2023-06-21,2023-06-21,33951.51953125,-0.00761722904539841,2023-06-22,2023-06-22,33946.7109375,-0.007757781387558782,2023-06-23,2023-06-23,33727.4296875,-0.014167242215758047,-0.004625553603249344,0.0,-0.0030055779038520303,-0.0001416311792930003,-0.006459572781696732,-0.009586029304900712,0.019028221846799642,7.571722524629864,7434.0,-1.0734979513522944,-8.645220475982157,-6.645990930355492,-6492.0,0.5633723508933457,7.209363281248834,0.9266960632377614,943.0,1.7139438863005978,0.7872478230628275,-0.9257315942743727,-942.0,-1.7139438863005907,-0.7882122920262216,-0.004625553603249344,-0.008341570279082555,0.006031419556962181,0.001441032583595181,0.012681680457960809,0.0691515239881515,0.13256415084063655,5.0,DJIA x $5,171060.60546875,3178990292.03125,5876444979.667969,-2697454687.6367188,1271664541.0546875,1037140450.9570312,11089003749.511719,8507014970.566406,2581988778.9453125,-1110525450.703125,-1999869538.5351562,15478589946.445312,15594055855.136719,-115465908.69140625,161310150.95703125,-962729087.578125,2739022414.765625,2623556506.0742188,115465908.69140625,-161139090.3515625,962729087.578125
2023-06-20,DJIA Consolidated - CHICAGO BOARD OF TRADE,87911,19335,35194,-15859,-18.03983574296732,21.99383467370409,40.033670416671406,1065,1.211452491724585,54798,38345,16453,18.71551910454892,62.33349637701766,43.61797727246874,75198,74604,594,0.6756833615815996,85.53878354244634,84.86310018086473,12713,13307,-594,-0.6756833615815996,14.461216457553663,15.13689981913526,34053.87109375,2023-06-26,2023-06-26,33714.7109375,-0.009959518414699331,2023-06-27,2023-06-27,33926.73828125,-0.0037332851865800043,2023-06-28,2023-06-28,33852.66015625,-0.005908606893650026,2023-06-29,2023-06-29,34122.421875,0.002013009947130051,2023-06-30,2023-06-30,34407.6015625,0.01038737909637888,-0.009959518414699331,0.0062888673179803956,-0.002183473235354949,0.007968700761030068,0.00835754532737143,0.020551581364125493,-0.004625553603249344,-3.232984910087831,-90.0,4.543741714211894,7.7767266242997195,4.542482991194678,1359.0,1.463808683352049,-3.0786743078426255,1.3094980811068488,1269.0,0.5738076743549243,-0.7356904067519281,-1.3094980811068488,-1269.0,-0.573807674354919,0.7356904067519299,-0.0037332851865800043,0.010706496634296458,0.006094777908761451,0.026371703565731375,0.01362134054372266,0.10289728212112448,0.14039485461397283,5.0,DJIA x $5,170269.35546875,3292157987.9882812,5992459696.3671875,-2700301708.3789062,-15324241.9921875,1221342086.7773438,9330420140.976562,6528978435.449219,2801441705.5273438,231396054.08203125,-1617218338.2421875,12803914992.539062,12702774995.390625,101139997.1484375,216071812.08984375,-395876251.46484375,2164634316.0742188,2265774313.2226562,-101139997.1484375,-216071812.08984375,395876251.46484375
2023-06-27,DJIA Consolidated - CHICAGO BOARD OF TRADE,92561,21039,39961,-18922,-20.44273506120288,22.72987543349791,43.17261049470079,455,0.49156772290705586,58835,38687,20148,21.7672669914975,63.56348786205853,41.79622087056104,80329,79103,1226,1.3245319302946166,86.7849310184635,85.46039908816888,12232,13458,-1226,-1.3245319302946166,13.2150689815365,14.539600911831116,33926.73828125,2023-07-03,2023-07-03,34418.46875,0.0144938916518762,2023-07-04,2023-07-05,34288.640625,0.010667171737815062,2023-07-05,2023-07-05,34288.640625,0.010667171737815062,2023-07-06,2023-07-06,33922.26171875,-0.000131947918567632,2023-07-07,2023-07-07,33734.87890625,-0.005655108174841383,0.0144938916518762,-0.0037720482553426082,0.0,-0.010685139438945002,-0.005523889121945791,-0.019861134692402582,-0.0037332851865800043,-2.402899318235562,-3063.0,0.7360407597938199,3.1389400780293855,3.0517478869485792,3695.0,1.2299914850408697,-1.821756401907706,0.648848568713017,632.0,1.246147476017157,0.5972989073041504,-0.648848568713017,-632.0,-1.2461474760171622,-0.597298907304145,0.0144938916518762,0.00986489154882797,0.030217800418986362,0.044546929879352826,-0.009074240277620271,0.10665893708237362,0.1528417448212458,5.0,DJIA x $5,169633.69140625,3568923233.4960938,6778731942.285156,-3209808708.7890625,-519587996.77734375,540961841.8945312,9980398233.886719,6562618619.433594,3417779614.453125,626796489.7460938,-371497784.1796875,13626504796.972656,13418533891.308594,207970905.6640625,107208492.96875,169464057.71484375,2074959313.28125,2282930218.9453125,-207970905.6640625,-107208492.96875,-169294424.0234375
2023-07-03,DJIA Consolidated - CHICAGO BOARD OF TRADE,95161,24233,37315,-13082,-13.747228381374724,25.465264131314296,39.212492512689025,731,0.7681718351005139,57403,43167,14236,14.959910047183195,60.321980643330775,45.36207059614758,82367,81213,1154,1.2126816658084718,86.55541660974559,85.34273494393712,12794,13948,-1154,-1.2126816658084718,13.444583390254412,14.657265056062881,34418.46875,2023-07-10,2023-07-10,33944.3984375,-0.01377371887004708,2023-07-11,2023-07-11,34261.421875,-0.004562866411655819,2023-07-12,2023-07-12,34347.4296875,-0.002063980911411134,2023-07-13,2023-07-13,34395.140625,-0.000677779280927493,2023-07-14,2023-07-14,34509.03125,0.002631218159581783,-0.01377371887004708,0.00933949199552675,0.0025103398456081116,0.0013890686416446751,0.003311241731549064,0.01663404975461935,0.0144938916518762,6.695506679828158,5840.0,2.7353886978163864,-3.9601179820117665,-6.807356944314305,-5912.0,-3.2415072187277545,3.5658497255865456,-0.11185026448614477,-72.0,-0.22951440871790396,-0.11766414423176741,0.11185026448614477,72.0,0.22951440871791107,0.11766414423176563,-0.004562866411655819,0.01549926411238145,0.029623675878956757,0.03521978116763247,-0.04114331331924814,0.09577911023424024,0.14275425348491133,5.0,DJIA x $5,172092.34375,4170313766.09375,6421625807.03125,-2251312040.9375,1005019287.5,1741746611.09375,9878616808.28125,7428710202.65625,2449906605.625,-1017409936.25,-1264878726.5625,14174730077.65625,13976135512.96875,198594564.6875,-12390648.75,477039976.875,2201749445.9375,2400344010.625,-198594564.6875,12390648.75,-476867884.53125
2023-07-11,DJIA Consolidated - CHICAGO BOARD OF TRADE,97782,23205,41790,-18585,-19.00656562557526,23.73136160029453,42.73792722586979,960,0.9817757869546542,61658,40333,21325,21.80871735084167,63.056595283385484,41.24787793254382,85823,83083,2740,2.802151725266409,87.76973267063468,84.96758094536827,11959,14699,-2740,-2.802151725266409,12.230267329365322,15.032419054631733,34261.421875,2023-07-17,2023-07-17,34585.3515625,0.009454648107770636,2023-07-18,2023-07-18,34951.9296875,0.02015409094868459,2023-07-19,2023-07-19,35061.2109375,0.023343720684388503,2023-07-20,2023-07-20,35225.1796875,0.02812953344482283,2023-07-21,2023-07-21,35227.69140625,0.028202843850887227,0.009454648107770636,0.010599230843079566,0.00312661563973915,0.00467664252362221,7.130463981397384e-05,0.01857259836116487,-0.004562866411655819,-5.259337244200536,-5503.0,-1.7339025310197655,3.525434713180765,6.848807303658473,7089.0,2.7346146400547084,-4.11419266360376,1.5894700594579372,1586.0,1.2143160608890895,-0.3751539985688481,-1.5894700594579372,-1586.0,-1.2143160608890895,0.3751539985688517,0.02015409094868459,0.03434324593395166,0.03996500254705215,0.030736214337280687,-0.01523932940246664,0.09525986087668747,0.14682831592201695,5.0,DJIA x $5,171307.109375,3975181473.046875,7158924100.78125,-3183742627.734375,-942703022.890625,-482400820.0,10562453749.84375,6909329642.421875,3653124107.421875,1214396098.359375,1067414598.515625,14702090047.890625,14232708568.203125,469381479.6875,271693075.46875,585013778.515625,2048661721.015625,2518043200.703125,-469381479.6875,-271693075.46875,-585013778.515625
2023-07-18,DJIA Consolidated - CHICAGO BOARD OF TRADE,102267,29709,36850,-7141,-6.982702142431087,29.050426823902136,36.03312896633323,1887,1.8451699961864532,55758,48809,6949,6.794958295442323,54.52198656458095,47.72702826913863,87354,87546,-192,-0.1877438469887647,85.41758338466954,85.60532723165831,14913,14721,192,0.1877438469887647,14.582416615330459,14.394672768341692,34951.9296875,2023-07-24,2023-07-24,35411.23828125,0.013141151228461823,2023-07-25,2023-07-25,35438.0703125,0.013908835058507707,2023-07-26,2023-07-26,35520.12109375,0.016256367283011608,2023-07-27,2023-07-27,35282.71875,0.009464114441106286,2023-07-28,2023-07-28,35459.2890625,0.014515918850152909,0.013141151228461823,0.0007577264324079014,0.002315328699516117,-0.006683601756970692,0.00500444179914572,0.0013569359215388488,0.02015409094868459,12.023863483144172,11444.0,5.3190652236076055,-6.70479825953656,-15.013759055399344,-14376.0,-8.534608718804535,6.479150336594806,-2.9898955722551737,-2932.0,-2.3521492859651403,0.6377462862900387,2.9898955722551737,2932.0,2.3521492859651367,-0.6377462862900405,0.013908835058507707,0.019419528651739792,0.010373063718987163,-0.00015847658625789407,-0.027302677091997074,0.0689287094529607,0.1717373213701765,5.0,DJIA x $5,174759.6484375,5191934395.4296875,6439893044.921875,-1247958649.4921875,1999949416.71875,1523554615.078125,9744248477.578125,8529843680.5859375,1214404796.9921875,-2512344705.9375,-1660915698.75,15265954329.609375,15299508182.109375,-33553852.5,-512395289.21875,-137361083.671875,2606190637.1484375,2572636784.6484375,33553852.5,512395289.21875,137361083.671875
2023-07-25,DJIA Consolidated - CHICAGO BOARD OF TRADE,114947,36083,33714,2369,2.06094982905165,31.390988890532157,29.330039061480505,6681,5.812243903712146,57350,56982,368,0.32014754626045044,49.89255917944792,49.57241163318747,100114,97376,2738,2.3819673414704168,87.09579197369223,84.7138246322218,14833,17571,-2738,-2.3819673414704168,12.904208026307776,15.286175367778194,35438.0703125,2023-07-31,2023-07-31,35559.53125,0.0034274139768033507,2023-08-01,2023-08-01,35630.6796875,0.00543509771557904,2023-08-02,2023-08-02,35282.51953125,-0.004389369395069287,2023-08-03,2023-08-03,35215.890625,-0.006269519912929122,2023-08-04,2023-08-04,35065.62109375,-0.010509861724006697,0.0034274139768033507,0.002000826079505691,-0.009771358820644171,-0.0018884395767424511,-0.004267094444668773,-0.013889670051542069,0.013908835058507707,9.043651971482737,9510.0,2.340562066630021,-6.703089904852725,-6.474810749181873,-6581.0,-4.629427385133027,1.8453833640488426,2.5697111884591815,2930.0,1.678208589022688,-0.8915025994365067,-2.5697111884591815,-2930.0,-1.6782085890226828,0.8915025994365013,0.00543509771557904,-0.0034872675109064444,-0.013874335796624115,-0.032429592733626667,-0.06480859104339809,0.06962509201240819,0.13883429565617655,5.0,DJIA x $5,177190.3515625,6393559455.4296875,5973795512.578125,419763942.8515625,1685080243.359375,3772559775.1171875,10161866662.109375,10096660612.734375,65206049.375,-1166089703.6328125,-3504825153.90625,17739234856.328125,17254087673.75,485147182.578125,519167730.078125,267911811.5625,2628264484.7265625,3113411667.3046875,-485147182.578125,-519167730.078125,-267911811.5625
2023-08-01,DJIA Consolidated - CHICAGO BOARD OF TRADE,115736,36147,33642,2505,2.1644086541784753,31.232287274486765,29.067878620308285,6156,5.3190018663164444,57458,58769,-1311,-1.1327503974562798,49.64574548973526,50.778495887191546,99760,98567,1193,1.0307942213313057,86.19617059514758,85.16537637381627,15976,17169,-1193,-1.0307942213313057,13.803829404852422,14.83462362618373,35630.6796875,2023-08-07,2023-08-07,35473.12890625,-0.004421773107664673,2023-08-08,2023-08-08,35314.48828125,-0.008874133444075949,2023-08-09,2023-08-09,35123.359375,-0.014238300165741125,2023-08-10,2023-08-10,35176.1484375,-0.012756738125303313,2023-08-11,2023-08-11,35281.3984375,-0.009802823102544878,-0.004421773107664673,-0.004472135103144259,-0.005412195264669295,0.0015029616596859974,0.002992084258087724,-0.005404949455028785,0.00543509771557904,0.10345882512682536,136.0,-0.15870161604539135,-0.26216044117222026,-1.4528979437167302,-1679.0,-0.24681368971265982,1.2060842540040753,-1.351173120139111,-1545.0,-0.8996213785446514,0.4515517415944714,1.351173120139111,1545.0,0.8996213785446461,-0.4515517415944643,-0.008874133444075949,-0.019205052176988424,-0.037660004643996436,-0.02183533458591136,-0.07234800504393268,0.07961197852886182,0.14349006200108017,5.0,DJIA x $5,178153.3984375,6439710893.3203125,5993436630.234375,446274263.0859375,24228862.1875,2776877021.4453125,10236337967.421875,10469897072.773438,-233559105.3515625,-299119555.9765625,-2769750885.5078125,17772583028.125,17560046023.789062,212537004.3359375,-275247000.5859375,6947982.5390625,2846178693.4375,3058715697.7734375,-212537004.3359375,275247000.5859375,-6947982.5390625
2023-08-08,DJIA Consolidated - CHICAGO BOARD OF TRADE,106566,33027,28996,4031,3.7826323592890794,30.992061257812058,27.20942889852298,4510,4.232119062365107,54693,57160,-2467,-2.314997278681756,51.32312369798998,53.63812097667173,92230,90666,1564,1.4676350806073233,86.54730401816715,85.07966893755983,14336,15900,-1564,-1.4676350806073233,13.452695981832855,14.920331062440178,35314.48828125,2023-08-14,2023-08-14,35307.62890625,-0.00019423685104458244,2023-08-15,2023-08-15,34946.390625,-0.010423417531026158,2023-08-16,2023-08-16,34765.73828125,-0.015538948083564819,2023-08-17,2023-08-17,34474.828125,-0.023776647974135035,2023-08-18,2023-08-18,34500.66015625,-0.023045162611972425,-0.00019423685104458244,-0.010231167949826703,-0.005169413507922216,-0.008367725543366178,0.0007493012338259941,-0.022855365115077242,-0.008874133444075949,1.618223705110604,1526.0,-0.24022601667470767,-1.8584497217853055,-1.182246881225476,-1156.0,1.6773782082547157,2.8596250894801827,0.43684085927601757,371.0,0.35113342301957573,-0.08570743625644184,-0.43684085927601757,-371.0,-0.35113342301956685,0.08570743625644894,-0.010423417531026158,-0.029043608053484604,-0.013077250407029117,-0.019043728621917166,-0.03290113421711105,0.09080893564731807,0.10429633995165544,5.0,DJIA x $5,176572.44140625,5831658022.324219,5119894511.015625,711763511.3085938,269449545.5859375,3993362334.84375,9657276537.832031,10092880750.78125,-435604212.94921875,-204117742.265625,-4201011525.9375,16285276270.898438,16009116972.539062,276159298.359375,65508375.76171875,-207649191.09375,2531342520.0,2807501818.359375,-276159298.359375,-65508375.76171875,207649191.09375
2023-08-15,DJIA Consolidated - CHICAGO BOARD OF TRADE,104216,32257,35478,-3221,-3.0906962462577723,30.95206110386121,34.04275735011898,3631,3.4841099255392645,53909,51030,2879,2.7625316650034546,51.7281415521609,48.96560988715744,89797,90139,-342,-0.32816458125431797,86.16431258156138,86.49247716281569,14419,14077,342,0.32816458125431797,13.835687418438628,13.507522837184311,34946.390625,2023-08-21,2023-08-21,34463.69140625,-0.013812562903268377,2023-08-22,2023-08-22,34288.828125,-0.01881632089150842,2023-08-23,2023-08-23,34472.98046875,-0.013546753978974091,2023-08-24,2023-08-24,34099.421875,-0.02423622968931427,2023-08-25,2023-08-25,34346.8984375,-0.017154623890432208,-0.013812562903268377,-0.005073840732519153,0.005370622264449398,-0.01083627202146431,0.007257500241710568,-0.003388869966750585,-0.010423417531026158,-6.873328605546852,-7252.0,-0.040000153950845885,6.833328451596003,5.077528943685211,5346.0,0.4050178541709215,-4.672511089514288,-1.7957996618616412,-1906.0,-0.38299143660577784,1.4128082252558585,1.7957996618616412,1906.0,0.3829914366057725,-1.4128082252558674,-0.01881632089150842,-0.0026817862538558446,-0.008711110634190167,-0.008596090708580917,-0.0033963852668976724,0.095184633248516,0.1379040843363204,5.0,DJIA x $5,174731.953125,5636328611.953125,6199140232.96875,-562811621.015625,-1267156124.0625,684949256.25,9419624861.015625,8916571567.96875,503053293.046875,934117021.40625,-711159049.21875,15690405194.765625,15750163522.734375,-59758327.96875,-333039102.65625,-26209792.96875,2519460032.109375,2459701704.140625,59758327.96875,333039102.65625,26209792.96875
2023-08-22,DJIA Consolidated - CHICAGO BOARD OF TRADE,97208,22926,37644,-14718,-15.140729158093984,23.584478643733025,38.72520780182701,3648,3.752777549172907,55322,43369,11953,12.296313060653445,56.91095383096042,44.61464077030697,81896,84661,-2765,-2.84441609744054,84.24821002386635,87.09262612130689,15312,12547,2765,2.84441609744054,15.75178997613365,12.907373878693113,34288.828125,2023-08-28,2023-08-28,34559.98046875,0.007907891828834446,2023-08-29,2023-08-29,34852.671875,0.0164439492637225,2023-08-30,2023-08-30,34890.23828125,0.01753953661109553,2023-08-31,2023-08-31,34721.91015625,0.012630412146813486,2023-09-01,2023-09-01,34837.7109375,0.016007628213453362,0.007907891828834446,0.008469084828177431,0.0010778630225174446,-0.004824504884234582,0.0033350924741435417,0.008036187086422952,-0.01881632089150842,-12.050032911836212,-11497.0,-7.367582460128187,4.6824504517080285,9.53378139564999,9074.0,5.182812278799524,-4.350969116850472,-2.516251516186222,-2423.0,-1.9161025576950266,0.6001489584912036,2.516251516186222,2423.0,1.916102557695023,-0.6001489584911983,0.0164439492637225,0.010298999537476927,0.010416225219128883,0.006675712069118767,0.023315493156708778,0.12467537941703855,0.19091176289653378,5.0,DJIA x $5,171444.140625,3930528367.96875,6453843229.6875,-2523314861.71875,-1971093284.765625,-2929466030.859375,9484632747.65625,7435360934.765625,2049271812.890625,1555684132.03125,1986180369.140625,14040589340.625,14514632389.453125,-474043048.828125,-415409152.734375,-943457105.859375,2625152681.25,2151109632.421875,474043048.828125,415409152.734375,943457105.859375
2023-08-29,DJIA Consolidated - CHICAGO BOARD OF TRADE,96960,25225,35225,-10000,-10.313531353135314,26.015882838283826,36.32941419141914,2490,2.568069306930693,54937,46759,8178,8.43440594059406,56.65944719471947,48.225041254125415,82652,84474,-1822,-1.8791254125412542,85.24339933993399,87.12252475247524,14308,12486,1822,1.8791254125412542,14.756600660066008,12.877475247524753,34852.671875,2023-09-04,2023-09-05,34641.96875,-0.006045537218945296,2023-09-05,2023-09-05,34641.96875,-0.006045537218945296,2023-09-06,2023-09-06,34443.19140625,-0.01174889747961394,2023-09-07,2023-09-07,34500.73046875,-0.01009797491315001,2023-09-08,2023-09-08,34576.58984375,-0.007921402188049598,-0.006045537218945296,0.0,-0.0057380498546290015,0.0016705496834290567,0.0021987759090698056,-0.0018872745576852257,0.0164439492637225,4.82719780495867,4718.0,2.431404194550801,-2.395793610407871,-3.861907120059385,-3775.0,-0.25150663624095415,3.610400483818445,0.9652906848992857,943.0,0.9951893160676377,0.029898631168350676,-0.9652906848992857,-943.0,-0.995189316067643,-0.029898631168359557,-0.006045537218945296,-0.00593020800503552,-0.009610207431191342,-0.03540024056620483,0.01619125775418051,0.1182043745749406,0.1835677949726775,5.0,DJIA x $5,174263.359375,4395793240.234375,6138426833.984375,-1742633593.75,822174529.53125,-2179163308.984375,9573506173.984375,8148380421.015625,1425125752.96875,-657844181.640625,1653585017.109375,14403215179.0625,14720723019.84375,-317507840.78125,164330347.890625,-525404028.515625,2493360145.9375,2175852305.15625,317507840.78125,-164330347.890625,525404028.515625
2023-09-05,DJIA Consolidated - CHICAGO BOARD OF TRADE,93933,22245,33969,-11724,-12.481236626105842,23.68177317875507,36.16300980486091,3233,3.4418149106277878,53865,43642,10223,10.88328915290686,57.3440643863179,46.46077523341105,79343,80844,-1501,-1.5979474731989822,84.46765247570076,86.06559994889975,14590,13089,1501,1.5979474731989822,15.532347524299233,13.934400051100251,34641.96875,2023-09-11,2023-09-11,34663.71875,0.0006278511523685193,2023-09-12,2023-09-12,34645.98828125,0.00011603068171472941,2023-09-13,2023-09-13,34575.53125,-0.0019178326866887696,2023-09-14,2023-09-14,34907.109375,0.00765374008946873,2023-09-15,2023-09-15,34618.23828125,-0.0006850207885485959,0.0006278511523685193,-0.000511499325213105,-0.002033627405229166,0.009589964723969446,-0.008275422941691257,-0.001312048169961555,-0.006045537218945296,-2.1677052729705277,-1724.0,-2.3341096595287567,-0.1664043865582272,2.4488832123128006,2045.0,0.6846171915984343,-1.7642660207143663,0.281177939342272,321.0,-0.775746864233227,-1.0569248035754981,-0.281177939342272,-321.0,0.7757468642332253,1.0569248035754981,0.00011603068171472941,-0.003586351634532914,-0.029533247695398335,-0.04732958035908397,0.042797505374171374,0.11382790293204681,0.18171487258500574,5.0,DJIA x $5,173209.84375,3853052974.21875,5883765182.34375,-2030712208.125,-298613770.625,-2728921088.28125,9329948233.59375,7559224000.9375,1770724232.65625,354214130.46875,2198032917.1875,13742988632.65625,14002976608.125,-259987975.46875,55600359.84375,-530888171.09375,2527131620.3125,2267143644.84375,259987975.46875,-55600359.84375,530888171.09375
2023-09-12,DJIA Consolidated - CHICAGO BOARD OF TRADE,102910,22788,35688,-12900,-12.535224953843164,22.143620639393642,34.67884559323681,4913,4.774074433971432,60631,48194,12437,12.085317267515306,58.91652900592751,46.83121173841221,88332,88795,-463,-0.4499076863278593,85.83422407929258,86.28413176562044,14578,14115,463,0.4499076863278593,14.165775920707413,13.715868234379554,34645.98828125,2023-09-18,2023-09-18,34624.30078125,-0.0006259743501597637,2023-09-19,2023-09-19,34517.73046875,-0.003701952776143269,2023-09-20,2023-09-20,34440.87890625,-0.005920147906734785,2023-09-21,2023-09-21,34070.421875,-0.016612786495730836,2023-09-22,2023-09-22,33963.83984375,-0.019689103164338695,-0.0006259743501597637,-0.003077905115638102,-0.0022264372963215484,-0.010756317580001507,-0.00312828621967276,-0.01907506931829961,0.00011603068171472941,-0.053988327737322095,-1176.0,-1.5381525393614268,-1.4841642116241047,1.2020281146084457,2214.0,1.5724646196096046,0.3704365050011589,1.148039786871123,1038.0,1.3665716035918223,0.21853181672069866,-1.148039786871123,-1038.0,-1.3665716035918205,-0.21853181672069688,-0.003701952776143269,-0.029645838550256043,-0.047440106532896986,-0.02617005734227207,0.055762679052961284,0.12582986418543896,0.17580600116829004,5.0,DJIA x $5,173229.94140625,3947563904.765625,6182230148.90625,-2234666244.140625,-203718411.09375,-1676692602.8710938,10503104577.402344,8348643796.1328125,2154460781.2695312,383531090.2734375,1655731779.9609375,15301747184.296875,15381952647.167969,-80205462.87109375,179812679.1796875,-20960822.91015625,2525346085.8203125,2445140622.9492188,80205462.87109375,-179812679.1796875,20960822.91015625
2023-09-19,DJIA Consolidated - CHICAGO BOARD OF TRADE,86992,19016,36785,-17769,-20.42601618539636,21.8594813316167,42.28549751701306,2967,3.4106584513518485,52111,34824,17287,19.871942247562995,59.903209490527864,40.031267242964866,74094,74576,-482,-0.554073937833364,85.17334927349641,85.72742321132978,12898,12416,482,0.554073937833364,14.826650726503587,14.272576788670222,34517.73046875,2023-09-25,2023-09-25,34006.87890625,-0.014799685714056099,2023-09-26,2023-09-26,33618.87890625,-0.0260402856819848,2023-09-27,2023-09-27,33550.26953125,-0.028027941708852255,2023-09-28,2023-09-28,33666.33984375,-0.024665312969251896,2023-09-29,2023-09-29,33507.5,-0.02926700148100969,-0.014799685714056099,-0.011409456335867763,-0.0020407990162707446,0.00345959403968088,-0.004718060961993453,-0.014684643881218373,-0.003701952776143269,-7.890791231553196,-4869.0,-0.2841393077769432,7.606651923776255,7.786624980047689,4850.0,0.9866804846003561,-6.799944495447342,-0.10416625150550468,-19.0,-0.6608748057961691,-0.5567085542906653,0.10416625150550468,19.0,0.6608748057961744,0.5567085542906671,-0.0260402856819848,-0.04390067197123215,-0.0225515894854309,-0.015067098102549026,0.08807622531853254,0.13306295598310602,0.20535675788903318,5.0,DJIA x $5,172588.65234375,3281945812.96875,6348673576.464844,-3066727763.4960938,-840334148.2617188,-526567978.30078125,8993767262.285156,6010227229.21875,2983540033.0664062,837054963.8671875,920587871.6015625,12787783606.757812,12870971337.1875,-83187730.4296875,-3279184.39453125,394019893.30078125,2226048437.9296875,2142860707.5,83187730.4296875,3279184.39453125,-394019893.30078125
2023-09-26,DJIA Consolidated - CHICAGO BOARD OF TRADE,92551,18237,39855,-21618,-23.357932383226547,19.704811401281454,43.062743784508,2063,2.229041285345377,57681,38209,19472,21.039210813497423,62.32347570528681,41.28426489178939,77981,80127,-2146,-2.318721569729122,84.25732839191365,86.57604996164277,14570,12424,2146,2.318721569729122,15.742671608086352,13.42395003835723,33618.87890625,2023-10-02,2023-10-02,33433.3515625,-0.005518546417546011,2023-10-03,2023-10-03,33002.37890625,-0.018337910723292716,2023-10-04,2023-10-04,33129.55078125,-0.014555158914267952,2023-10-05,2023-10-05,33119.5703125,-0.01485202987114409,2023-10-06,2023-10-06,33407.578125,-0.006285182258433886,-0.005518546417546011,-0.012890501134603327,0.003853415396546378,-0.00030125578266659847,0.00869600087750233,-0.0007708900333195379,-0.0260402856819848,-2.931916197830187,-3849.0,-2.1546699303352455,0.7772462674949381,1.1672685659344282,2185.0,2.4202662147589464,1.2529976488245254,-1.764647631895758,-1664.0,-0.9160208815827673,0.8486267503129881,1.764647631895758,1664.0,0.9160208815827655,-0.8486267503129916,-0.018337910723292716,0.00358197176460906,0.011266572341875003,-0.014203329067919324,0.11679298496833712,0.16846038306462163,0.2554915607894699,5.0,DJIA x $5,168094.39453125,3065537473.0664062,6699402094.042969,-3633864620.9765625,-646995324.5507812,-1952920675.6640625,9695852770.957031,6422718720.644531,3273134050.3125,367286252.05078125,1898458091.8359375,13108168979.941406,13468899550.605469,-360730570.6640625,-279709072.5,-54462583.828125,2449135328.3203125,2088404757.65625,360730570.6640625,279709072.5,54462583.828125
2023-10-03,DJIA Consolidated - CHICAGO BOARD OF TRADE,100823,19480,51927,-32447,-32.182140979736765,19.32098826656616,51.503129246302926,1102,1.0930045723693997,65200,35651,29549,29.307796832072047,64.66778413655614,35.3599873044841,85782,88680,-2898,-2.8743441476647194,85.0817769754917,87.95612112315642,15041,12143,2898,2.8743441476647194,14.918223024508299,12.043878876843578,33002.37890625,2023-10-09,2023-10-09,33604.6484375,0.018249276300986272,2023-10-10,2023-10-10,33739.30078125,0.022329356228936614,2023-10-11,2023-10-11,33804.87109375,0.02431619216843872,2023-10-12,2023-10-12,33631.140625,0.01905201199392703,2023-10-13,2023-10-13,33670.2890625,0.020238242768720882,0.018249276300986272,0.004006955882916996,0.0019434401716007521,-0.005139214057885311,0.0011640532189056696,0.0019533197950898362,-0.018337910723292716,-8.824208596510218,-10829.0,-0.3838231347152927,8.440385461794925,8.268586018574624,10077.0,2.344308431269326,-5.924277587305291,-0.5556225779355972,-752.0,0.8244485835780608,1.380071161513655,0.5556225779355972,752.0,-0.8244485835780537,-1.3800711615136514,0.022329356228936614,0.030157508768603236,0.004211817590327627,0.0015299559963066756,0.1427975895203577,0.18689135690857506,0.2773918168067666,5.0,DJIA x $5,165011.89453125,3214431705.46875,8568572647.324219,-5354140941.855469,-1786913805.8789062,-3419541490.3710938,10758775523.4375,5882839051.933594,4875936471.503906,1662824861.1914062,3189019873.7109375,14155050336.679688,14633254807.03125,-478204470.3515625,-124088944.6875,-230521616.66015625,2481943905.6445312,2003739435.2929688,478204470.3515625,124088944.6875,230521616.66015625
2023-10-10,DJIA Consolidated - CHICAGO BOARD OF TRADE,94607,17675,52327,-34652,-36.62731087551661,18.682549917025167,55.30986079254178,584,0.6172904753348061,65178,27965,37213,39.33429873053791,68.89342226262328,29.559123532085362,83437,80876,2561,2.7069878550212985,88.19326265498326,85.48627479996195,11170,13731,-2561,-2.7069878550212985,11.806737345016753,14.513725200038053,33739.30078125,2023-10-16,2023-10-16,33984.5390625,0.007268623699110188,2023-10-17,2023-10-17,33997.6484375,0.0076571728004977135,2023-10-18,2023-10-18,33665.078125,-0.002199887209614282,2023-10-19,2023-10-19,33414.171875,-0.00963650397967597,2023-10-20,2023-10-20,33127.28125,-0.01813966256200894,0.007268623699110188,0.00038574526421819577,-0.009782156348589366,-0.007453012557059102,-0.008585896609176413,-0.025224935695712714,0.022329356228936614,-4.4451698957798484,-2205.0,-0.6384383495409942,3.8067315462388507,10.026501898465863,7664.0,4.225638126067139,-5.800863772398738,5.581332002686018,5459.0,3.111485679491551,-2.4698463231944743,-5.581332002686018,-5459.0,-3.1114856794915458,2.4698463231944743,0.0076571728004977135,-0.017721821767340384,-0.020345107088925563,0.012249832441094455,0.11220918298057692,0.15247414660735625,0.24722119662703257,5.0,DJIA x $5,168696.50390625,2981710706.5429688,8827381959.902344,-5845671253.359375,-371975791.11328125,-3669486352.96875,10995300731.601562,4717597731.738281,6277702999.863281,1292890005.9375,4179624580.78125,14075530196.425781,13643498449.921875,432031746.50390625,920914214.8242188,510138227.8125,1884339948.6328125,2316371695.1367188,-432031746.50390625,-920914214.8242188,-510138227.8125
2023-10-17,DJIA Consolidated - CHICAGO BOARD OF TRADE,96554,18161,53372,-35211,-36.46767611906291,18.80916378399652,55.276839903059425,263,0.2723864366054229,67215,26959,40256,41.692731528471114,69.6138948153365,27.92116328686538,85639,80594,5045,5.225055409408206,88.69544503593843,83.47038962653023,10915,15960,-5045,-5.225055409408206,11.30455496406156,16.52961037346977,33997.6484375,2023-10-23,2023-10-23,32936.41015625,-0.031215049570294306,2023-10-24,2023-10-24,33141.37890625,-0.02518613994212371,2023-10-25,2023-10-25,33035.9296875,-0.028287802074546065,2023-10-26,2023-10-26,32784.30078125,-0.03568916416323831,2023-10-27,2023-10-27,32417.58984375,-0.04647552599570881,-0.031215049570294306,0.0062231660653857546,-0.00318179937679397,-0.007616825336240196,-0.011185565309043577,-0.0157521815534456,0.0076571728004977135,0.1596347564537055,-559.0,0.12661386697135413,-0.03302088948235138,2.3584327979332045,3043.0,0.7204725527132183,-1.6379602452199826,2.5180675543869078,2484.0,0.5021823809551762,-2.0158851734317125,-2.5180675543869078,-2484.0,-0.5021823809551922,2.015885173431716,-0.02518613994212371,-0.027789490955141938,0.0045577600840498445,0.02441494689775192,0.09893250888905691,0.11181127187335327,0.25715818120692635,5.0,DJIA x $5,169988.2421875,3087156466.3671875,9072612462.03125,-5985455995.6640625,-95023427.3828125,-2964934920.234375,11425759698.632812,4582713021.1328125,6843046677.5,517274220.9765625,3904459934.8046875,14557623072.695312,13700032390.859375,857590681.8359375,422250793.59375,939525014.5703125,1855421663.4765625,2713012345.3125,-857590681.8359375,-422250793.59375,-939525014.5703125
2023-10-24,DJIA Consolidated - CHICAGO BOARD OF TRADE,104581,25159,61119,-35960,-34.38483089662559,24.056951071418325,58.441781968043905,495,0.47331733297635326,68034,28385,39649,37.91224027308976,65.05388168022873,27.141641407138966,93688,89999,3689,3.527409376464176,89.5841500846234,86.05674070815923,10893,14582,-3689,-3.527409376464176,10.415849915376597,13.943259291840773,33141.37890625,2023-10-30,2023-10-30,32928.9609375,-0.006409448724233435,2023-10-31,2023-10-31,33052.87109375,-0.0026706134572845874,2023-11-01,2023-11-01,33274.578125,0.0040191212057527625,2023-11-02,2023-11-02,33839.078125,0.021052208501150416,2023-11-03,2023-11-03,34061.3203125,0.027758090840224847,-0.006409448724233435,0.003762953725906737,0.0067076481985832714,0.016964903292819633,0.006567619445158934,0.03438794734972794,-0.02518613994212371,2.082845222437321,-749.0,5.247787287421804,3.16494206498448,-3.7804912553813566,-607.0,-4.560013135107766,-0.7795218797264134,-1.6976460329440304,-1356.0,0.8887050486849688,2.5863510816289903,1.6976460329440304,1356.0,-0.8887050486849635,-2.5863510816289956,-0.0026706134572845874,0.030512389333906098,0.05088262372154895,0.05874559902161591,0.14374991233697765,0.16180112828644977,0.29520533066609866,5.0,DJIA x $5,165706.89453125,4169019759.5117188,10127839686.855469,-5958819927.34375,-124114464.00390625,-2376568281.3671875,11273702862.539062,4703590201.269531,6570112661.269531,-100584084.98046875,3343468010.9570312,15524747534.84375,14913454800.917969,611292733.9257812,-224698548.984375,966899729.5898438,1805045202.1289062,2416337936.0546875,-611292733.9257812,224698548.984375,-966899729.5898438
2023-10-31,DJIA Consolidated - CHICAGO BOARD OF TRADE,103936,23780,59891,-36111,-34.74349599753695,22.879464285714285,57.62296028325123,809,0.7783636083743842,68690,28069,40621,39.08270474137931,66.08874692118226,27.006042179802957,93279,88769,4510,4.339208743842365,89.74657481527095,85.40736607142857,10657,15167,-4510,-4.339208743842365,10.253425184729064,14.592633928571427,33052.87109375,2023-11-06,2023-11-06,34095.859375,0.03155514927256098,2023-11-07,2023-11-07,34152.6015625,0.03327185906576058,2023-11-08,2023-11-08,34112.26953125,0.03205163129384925,2023-11-09,2023-11-09,33891.94140625,0.02538570129415052,2023-11-10,2023-11-10,34283.1015625,0.037220078862759465,0.03155514927256098,0.0016641958448950778,-0.0011809358410425075,-0.0064589113544074594,0.0115413912576241,0.005491640068098436,-0.0026706134572845874,-0.3586651009113595,-151.0,-1.1774867857040405,-0.8188216847926739,1.170464468289552,972.0,1.0348652409535362,-0.1355992273360087,0.8117993673781889,821.0,0.16242473064754392,-0.6493746367306557,-0.8117993673781889,-821.0,-0.16242473064753327,0.6493746367306539,0.03327185906576058,0.05369664014862541,0.06158067064663797,0.0715250838057162,0.163811412468305,0.14410399531527074,0.27774227725820433,5.0,DJIA x $5,165264.35546875,3929986373.046875,9897847513.378906,-5967861140.332031,-24954917.67578125,-605528598.4375,11352008577.148438,4638805193.652344,6713203383.496094,160636953.515625,1829806943.75,15415693813.769531,14670351570.605469,745342243.1640625,135682035.83984375,1224278345.3125,1761222236.2304688,2506564479.3945312,-745342243.1640625,-135682035.83984375,-1224278345.3125
2023-11-07,DJIA Consolidated - CHICAGO BOARD OF TRADE,103306,22730,59806,-37076,-35.889493349853836,22.002594234603993,57.892087584457826,1076,1.0415658335430662,68739,26180,42559,41.19702631018527,66.53921359843572,25.34218728825044,92545,87062,5483,5.307532960331442,89.58337366658277,84.27584070625133,10761,16244,-5483,-5.307532960331442,10.416626333417227,15.724159293748668,34152.6015625,2023-11-13,2023-11-13,34337.87109375,0.005424756029521083,2023-11-14,2023-11-14,34827.69921875,0.019767093145585335,2023-11-15,2023-11-15,34991.2109375,0.024554772890882814,2023-11-16,2023-11-16,34945.46875,0.023215425801429435,2023-11-17,2023-11-17,34947.28125,0.02326849642905593,0.005424756029521083,0.01426495322504584,0.004694875700028245,-0.001307247913817644,5.1866524182875295e-05,0.017747464733214757,0.03327185906576058,-1.1459973523168898,-965.0,-0.8768700511102914,0.2691273012065949,2.1143215688059627,1938.0,0.4504666772534591,-1.6638548915525178,0.9683242164890773,973.0,-0.1632011486881737,-1.1315253651772395,-0.9683242164890773,-973.0,0.16320114868816304,1.1315253651772412,0.019767093145585335,0.027397254006775285,0.03702145219994901,0.05773958471776375,0.12791874154901728,0.1385446478386414,0.23627123482769097,5.0,DJIA x $5,170763.0078125,3881443167.578125,10212652445.234375,-6331209277.65625,-164786302.5390625,-413929530.9375,11738078394.023438,4470575544.53125,7267502849.4921875,330938709.140625,912899039.765625,15803262558.007812,14866968986.171875,936293571.8359375,166152406.6015625,498969508.828125,1837580727.0703125,2773874298.90625,-936293571.8359375,-166152406.6015625,-498969508.828125
2023-11-14,DJIA Consolidated - CHICAGO BOARD OF TRADE,101030,20914,57427,-36513,-36.14075027219638,20.70078194595665,56.84153221815302,1940,1.9202217163218844,67381,25585,41796,41.36989013164406,66.69405127189944,25.32416114025537,90235,84952,5283,5.229139859447689,89.31505493417797,84.08591507473028,10795,16078,-5283,-5.229139859447689,10.684945065822033,15.914084925269723,34827.69921875,2023-11-20,2023-11-20,35151.0390625,0.009283985190038813,2023-11-21,2023-11-21,35088.2890625,0.007482258363185501,2023-11-22,2023-11-22,35273.03125,0.012786719801756163,2023-11-23,2023-11-24,35390.1484375,0.01614947962015245,2023-11-24,2023-11-24,35390.1484375,0.01614947962015245,0.009283985190038813,-0.0017851534883058795,0.005265066848113786,0.0033203040212201884,0.0,0.006802341591520378,0.019767093145585335,-0.2512569223425416,563.0,-1.3018122886473442,-1.0505553663048062,0.1728638214587903,-763.0,0.15483767346371735,-0.018026147995069408,-0.07839310088375306,-200.0,-0.26831873240480775,-0.18992563152104935,0.07839310088375306,200.0,0.26831873240480597,0.18992563152105468,0.007482258363185501,0.016919901779866908,0.037236435483565256,0.05025431558102267,0.09891697868446347,0.13582321721968116,0.2608062391072301,5.0,DJIA x $5,174138.49609375,3641932507.3046875,10000251415.175781,-6358318907.871094,98039973.30078125,-226728321.9140625,11733626005.292969,4455333422.558594,7278292582.734375,-132867672.51953125,268173283.984375,15713387195.019531,14793413520.15625,919973674.8632812,-34827699.21875,41444962.0703125,1879825065.3320312,2799798740.1953125,-919973674.8632812,34827699.21875,-41444962.0703125
2023-11-21,DJIA Consolidated - CHICAGO BOARD OF TRADE,94498,16401,50709,-34308,-36.30553027577304,17.35592287667464,53.66145315244767,1032,1.0920866050075135,66382,26993,39389,41.68236364790789,70.24698935427205,28.564625706364154,83815,78734,5081,5.37683337213486,88.6949988359542,83.31816546381934,10683,15764,-5081,-5.37683337213486,11.3050011640458,16.68183453618066,35088.2890625,2023-11-27,2023-11-27,35333.46875,0.0069875076286358695,2023-11-28,2023-11-28,35416.98046875,0.009367552965165338,2023-11-29,2023-11-29,35430.421875,0.009750626822829345,2023-11-30,2023-11-30,35950.890625,0.02458374533347918,2023-12-01,2023-12-01,36245.5,0.032979976180621096,0.0069875076286358695,0.0023635301515647633,0.0003795186961763619,0.014689882943991872,0.00819477264341062,0.02581210626256447,0.007482258363185501,-0.16478000357665934,2205.0,-3.344859069282009,-3.1800790657053497,0.3124735162638288,-2407.0,3.5529380823726058,3.240464566108784,0.14769351268717124,-202.0,-0.6200560982237704,-0.7677496109109399,-0.14769351268717124,202.0,0.6200560982237668,0.7677496109109363,0.009367552965165338,0.029533202072183462,0.04245440241034837,0.07038339225093138,0.09905047557489466,0.13636171345452008,0.23314480592594444,5.0,DJIA x $5,175441.4453125,2877415144.5703125,8896460250.351562,-6019045105.78125,386848386.9140625,289829267.65625,11646154022.734375,4735690933.3203125,6910463089.4140625,-422287558.8671875,-45614775.78125,14704624738.867188,13813206755.234375,891417983.6328125,-35439171.953125,244214491.875,1874240960.2734375,2765658943.90625,-891417983.6328125,35439171.953125,-244214491.875
2023-11-28,DJIA Consolidated - CHICAGO BOARD OF TRADE,100979,22535,47590,-25055,-24.812089642400895,22.316521256894998,47.12861089929589,884,0.8754295447568305,63993,34693,29300,29.015934006080474,63.37258241812654,34.35664841204607,87412,83167,4245,4.203844363679577,86.56453321977837,82.36068885609879,13567,17812,-4245,-4.203844363679577,13.435466780221631,17.639311143901207,35416.98046875,2023-12-04,2023-12-04,36204.44140625,0.022233994176742877,2023-12-05,2023-12-05,36124.55859375,0.01997849945520702,2023-12-06,2023-12-06,36054.4296875,0.017998406705293624,2023-12-07,2023-12-07,36117.37890625,0.019775780663119802,2023-12-08,2023-12-08,36247.87109375,0.02346023331190339,0.022233994176742877,-0.002206436818169233,-0.0019413083226471617,0.0017459496460103807,0.0036130026998559828,0.001199567948381608,0.009367552965165338,11.493440633372142,9253.0,4.9605983802203575,-6.532842253151777,-12.666429641827417,-10089.0,-6.874406936145505,5.792022705681916,-1.172989008455283,-836.0,-2.130465616175826,-0.957476607720551,1.172989008455283,836.0,2.1304656161758313,0.9574766077205474,0.01997849945520702,0.03277978309089247,0.060449574693106634,0.060093989608400955,0.10038771347650921,0.09701219191403498,0.2666327846139305,5.0,DJIA x $5,177084.90234375,3990608274.3164062,8427470502.5390625,-4436862228.222656,1638566601.3867188,1957850680.3125,11332194155.683594,6143606517.011719,5188587638.671875,-1786609579.7460938,-2004778179.4335938,15479345483.671875,14727620073.222656,751725410.4492188,-148042978.359375,-46927499.12109375,2402510870.0976562,3154236280.546875,-751725410.4492188,148042978.359375,46927499.12109375
2023-12-05,DJIA Consolidated - CHICAGO BOARD OF TRADE,94870,26253,25945,308,0.3246547907663118,27.672604616844104,27.347949826077787,1924,2.028038368293454,53465,50632,2833,2.986191630652472,56.35606619584694,53.36987456519447,81642,78501,3141,3.310846421418784,86.0567091809845,82.74586275956572,13228,16369,-3141,-3.310846421418784,13.943290819015495,17.25413724043428,36124.55859375,2023-12-11,2023-12-11,36404.9296875,0.007761232376649829,2023-12-12,2023-12-12,36577.94140625,0.012550542626656336,2023-12-13,2023-12-13,37090.23828125,0.026731944280893538,2023-12-14,2023-12-14,37248.3515625,0.031108835996806583,2023-12-15,2023-12-15,37305.16015625,0.03268141144025649,0.007761232376649829,0.004752425570798691,0.01400562347974188,0.004262935170463278,0.0015251304116017383,0.024728257312335966,0.01997849945520702,25.13674443316721,25363.0,5.356083359949107,-19.780661073218106,-26.029742375428004,-26467.0,-7.0165162222795985,19.013226153148402,-0.8929979422607932,-1104.0,-0.5078240387938706,0.38517390346693503,0.8929979422607932,1104.0,0.5078240387938635,-0.3851739034669279,0.012550542626656336,0.0396783611218432,0.03932974094514785,0.044027678971423345,0.06811523540458486,0.07160587061671486,0.23753847770847547,5.0,DJIA x $5,180622.79296875,4741890183.808594,4686258363.574219,55631820.234375,4581135898.066406,6752402492.34375,9656997626.074219,9145293253.59375,511704372.48046875,-4780543461.503906,-7175421073.4765625,14746406063.554688,14179069870.839844,567336192.7148438,-199407563.4375,-423018581.1328125,2389278305.390625,2956614498.1054688,-567336192.7148438,199407563.4375,423018581.1328125
2023-12-12,DJIA Consolidated - CHICAGO BOARD OF TRADE,112076,25968,22517,3451,3.0791605696134763,23.169991791284485,20.09083122167101,6027,5.377600913665727,65779,65580,199,0.17755808558478176,58.69142367679074,58.51386559120597,97774,94124,3650,3.256718655198258,87.23901638174097,83.9822977265427,14302,17952,-3650,-3.256718655198258,12.76098361825904,16.017702273457296,36577.94140625,2023-12-18,2023-12-18,37306.01953125,0.019904841470263612,2023-12-19,2023-12-19,37557.921875,0.026791569756917877,2023-12-20,2023-12-20,37082.0,0.01378039808615017,2023-12-21,2023-12-21,37404.3515625,0.022593129205155105,2023-12-22,2023-12-22,37385.96875,0.02209056367540496,0.019904841470263612,0.006752324341088967,-0.012671677538069304,0.008692938959603103,-0.0004914618682611005,0.0021430648392555263,0.012550542626656336,2.7545057788471645,3143.0,-4.50261282555962,-7.257118604406777,-2.80863354506769,-2634.0,2.3353574809437987,5.1439910260114985,-0.05412776622052595,509.0,1.182307200756469,1.2364349669769723,0.05412776622052595,-509.0,-1.1823072007564548,-1.236434966976983,0.026791569756917877,0.02644727071996189,0.031086977903455937,0.025895901015308365,0.06636641597838011,0.05931116911842671,0.20968612294401745,5.0,DJIA x $5,182889.70703125,4749279912.1875,4118127533.2226562,631152378.9648438,574822349.1992188,7309004251.796875,12030302038.808594,11993906987.109375,36395051.69921875,-481731488.3203125,-7607663143.378906,17881858215.273438,17214310784.609375,667547430.6640625,93090860.87890625,-298658891.58203125,2615688589.9609375,3283236020.625,-667547430.6640625,-93090860.87890625,298658891.58203125
2023-12-19,DJIA Consolidated - CHICAGO BOARD OF TRADE,100329,29883,22760,7123,7.099642177236891,29.785007325897794,22.685365148660903,2550,2.541638010943994,53885,60515,-6630,-6.608258828454384,53.708299694006726,60.31655852246111,86318,85825,493,0.49138334878250556,86.0349450308485,85.543561682066,14011,14504,-493,-0.49138334878250556,13.965054969151492,14.456438317933998,37557.921875,2023-12-25,2023-12-26,37545.328125,-0.00033531541073850146,2023-12-26,2023-12-26,37545.328125,-0.00033531541073850146,2023-12-27,2023-12-27,37656.51953125,0.0026252159685020704,2023-12-28,2023-12-28,37710.1015625,0.004051866554451111,2023-12-29,2023-12-29,37689.5390625,0.0035043788614834703,-0.00033531541073850146,0.0,0.0029615244240190908,0.0014229151264373296,-0.0005452782980687187,0.00384098221275031,0.026791569756917877,4.020481607623415,3672.0,6.61501553461331,2.594533926989893,-6.785816914039166,-6829.0,-4.983123982784015,1.8026929312551374,-2.7653353064157526,-3157.0,-1.2040713508924625,1.5612639555233017,2.7653353064157526,3157.0,1.2040713508924519,-1.561263955523298,-0.00033531541073850146,0.004183330164616583,-0.0008722984956153201,-0.0052399273289132076,0.04134520139101805,0.033999152142919264,0.15687706529955614,5.0,DJIA x $5,187789.609375,5611716896.953125,4274091509.375,1337625387.578125,689563445.625,7780311306.015625,10119043101.171875,11364088211.328125,-1245045110.15625,-1282415242.421875,-8641890033.828125,16209623502.03125,16117043224.609375,92580277.421875,-592851796.796875,-861578727.8125,2631120216.953125,2723700494.375,-92580277.421875,592851796.796875,861578727.8125
2023-12-26,DJIA Consolidated - CHICAGO BOARD OF TRADE,98501,28469,17316,11153,11.322727688043777,28.902244647262464,17.579516959218687,1981,2.0111470949533508,54316,66799,-12483,-12.672967787129064,55.14258738489964,67.81555517202871,84766,86096,-1330,-1.3502400990852885,86.05597912711545,87.40621922620076,13735,12405,1330,1.3502400990852885,13.944020872884538,12.593780773799251,37545.328125,2024-01-01,2024-01-02,37715.0390625,0.004520161255082922,2024-01-02,2024-01-02,37715.0390625,0.004520161255082922,2024-01-03,2024-01-03,37430.19140625,-0.003066605740311368,2024-01-04,2024-01-04,37440.33984375,-0.0027963074633536866,2024-01-05,2024-01-05,37466.109375,-0.002109949598422922,0.004520161255082922,0.0,-0.007552627899389486,0.0002711297249284872,0.0006882825144629567,-0.006600276539220462,-0.00033531541073850146,4.223085510806886,4030.0,-0.8827626786353306,-5.1058481894422165,-6.06470895867468,-5853.0,1.4342876908929156,7.4989966495676015,-1.8416234478677942,-1823.0,0.021034096266944857,1.8626575441347626,1.8416234478677942,1823.0,-0.02103409626695374,-1.8626575441347466,0.004520161255082922,-0.0005371632039772312,-0.004906257061776609,0.009591635277524935,0.0462640782953605,0.04173174425413273,0.1531935772634827,5.0,DJIA x $5,187726.640625,5344389731.953125,3250674509.0625,2093715222.890625,756538361.71875,6797206203.75,10196560212.1875,12539951867.109375,-2343391654.921875,-1098764027.578125,-7843782225.234375,15912836419.21875,16162512851.25,-249676432.03125,-342225665.859375,-1046576021.484375,2578425408.984375,2328748976.953125,249676432.03125,342225665.859375,1046576021.484375
2024-01-02,DJIA Consolidated - CHICAGO BOARD OF TRADE,103364,34309,14767,19542,18.90600208970241,33.192407414573736,14.286405324871328,1610,1.5576022599744592,53646,74236,-20590,-19.919894740915602,51.900081266204865,71.81997600712047,89565,90613,-1048,-1.0138926512131883,86.65009094075306,87.66398359196626,13799,12751,1048,1.0138926512131883,13.349909059246933,12.336016408033746,37715.0390625,2024-01-08,2024-01-08,37683.01171875,-0.0008491929094101014,2024-01-09,2024-01-09,37525.16015625,-0.005034567402551038,2024-01-10,2024-01-10,37695.73046875,-0.0005119600623507692,2024-01-11,2024-01-11,37711.01953125,-0.00010657635123589859,2024-01-12,2024-01-12,37592.98046875,-0.0032363374607070616,-0.0008491929094101014,-0.004188931704242171,0.004545491925677769,0.0004055913576916925,-0.003130094703543751,-0.002389173420424995,0.004520161255082922,7.583274401658635,8389.0,4.290162767311273,-3.2931116343473583,-7.246926953786538,-8107.0,-3.2425061186947772,4.004420835091764,0.33634744787210025,282.0,0.5941118136376105,0.257764365765496,-0.33634744787210025,-282.0,-0.5941118136376051,-0.2577643657655049,-0.005034567402551038,-0.009384001118585616,0.005048653295425698,0.019946142174302572,0.03858405704786616,0.04286917209128904,0.12804387341339507,5.0,DJIA x $5,188575.1953125,6469826375.9765625,2784689909.1796875,3685136466.796875,1581957313.4765625,3627055306.640625,10116304927.734375,13999068199.21875,-3882763271.484375,-1528779108.3984375,-4416996799.8046875,16889737368.164062,17087364172.851562,-197626804.6875,53178205.078125,-789941493.1640625,2602149120.1171875,2404522315.4296875,197626804.6875,-53178205.078125,789941493.1640625
2024-01-09,DJIA Consolidated - CHICAGO BOARD OF TRADE,103318,36987,12908,24079,23.305716332100893,35.799183104589716,12.493466772488821,2656,2.570704039954316,49419,74852,-25433,-24.616233376565553,47.831936351845755,72.44816972841132,89062,90416,-1354,-1.3105170444646626,86.20182349638978,87.51234054085445,14256,12902,1354,1.3105170444646626,13.798176503610213,12.48765945914555,37525.16015625,2024-01-15,2024-01-16,37361.12109375,-0.004371442035609241,2024-01-16,2024-01-16,37361.12109375,-0.004371442035609241,2024-01-17,2024-01-17,37266.671875,-0.006888399148029967,2024-01-18,2024-01-18,37468.609375,-0.001507009723996644,2024-01-19,2024-01-19,37863.80078125,0.00902436188386524,-0.004371442035609241,0.0,-0.002528008153529382,0.005418715700649113,0.010547266440950054,0.013454620010963536,-0.005034567402551038,4.399714242398481,4537.0,2.6067756900159793,-1.7929385523825072,-4.696338635649951,-4843.0,-4.0681449143591095,0.6281937212908417,-0.29662439325147427,-306.0,-0.4482674443632817,-0.15164305111180454,0.29662439325147427,306.0,0.4482674443632799,0.15164305111180454,-0.004371442035609241,0.01013424222352488,0.025107113029684935,0.02654750078619128,0.036202689424730705,0.04708330587779597,0.13332919027973,5.0,DJIA x $5,187625.80078125,6939715493.496094,2421873836.484375,4517841657.011719,851258258.1445312,3870345018.515625,9272279448.808594,14044166440.078125,-4771886991.269531,-908671753.1835938,-4809224525.625,16710329069.179688,16964374403.4375,-254045334.2578125,-57413495.0390625,-938879507.109375,2674793415.9375,2420748081.6796875,254045334.2578125,57413495.0390625,938879507.109375
2024-01-16,DJIA Consolidated - CHICAGO BOARD OF TRADE,100152,33560,15276,18284,18.25625049924115,33.50906621934659,15.252815720105438,2503,2.4992012141544855,49174,67027,-17853,-17.825904624970047,49.099368959182044,66.9252735841521,85238,84806,432,0.4313443565780014,85.10863487499002,84.67729051841202,14914,15346,-432,-0.4313443565780014,14.891365125009983,15.322709481587987,37361.12109375,2024-01-22,2024-01-22,38001.80859375,0.017148508429185805,2024-01-23,2024-01-23,37905.44921875,0.014569373430580956,2024-01-24,2024-01-24,37806.390625,0.011917991704068154,2024-01-25,2024-01-25,38049.12890625,0.01841507407589793,2024-01-26,2024-01-26,38109.4296875,0.02002907225059647,0.017148508429185805,-0.002535652343026884,-0.002613307474034654,0.006420562165209365,0.0015848137127811857,0.0028319992582590547,-0.004371442035609241,-5.049465832859742,-5795.0,-2.2901168852431226,2.7593489476166173,6.790328751595506,7580.0,1.2674326073362892,-5.522896144259221,1.741861401042664,1786.0,-1.0931886213997615,-2.835050022442431,-1.741861401042664,-1786.0,1.0931886213997704,2.835050022442436,0.014569373430580956,0.029607984654000274,0.031054696628043388,0.024400469781473033,0.011719339340789947,0.09617910998931767,0.13803547659368065,5.0,DJIA x $5,186805.60546875,6269196119.53125,2853642429.140625,3415553690.390625,-1082538483.6914062,2084937362.6367188,9185978843.320312,12521019317.753906,-3335040474.4335938,1415986489.453125,-2096519310.1757812,15922936198.945312,15842236177.382812,80700021.5625,333634811.3671875,-11395141.93359375,2786018799.9609375,2866718821.5234375,-80700021.5625,-333634811.3671875,11395141.93359375
2024-01-23,DJIA Consolidated - CHICAGO BOARD OF TRADE,101763,33822,14760,19062,18.73175908729106,33.236048465552315,14.504289378261253,2613,2.5677309041596654,49699,71552,-21853,-21.474406218370135,48.83798630150448,70.3123925198746,86134,88924,-2790,-2.7416644556469443,84.64176567121645,87.38343012686339,15629,12839,2790,2.7416644556469443,15.358234328783546,12.616569873136601,37905.44921875,2024-01-29,2024-01-29,38333.44921875,0.01129125254604002,2024-01-30,2024-01-30,38467.30859375,0.014822654435713067,2024-01-31,2024-01-31,38150.30078125,0.0064595346459812575,2024-02-01,2024-02-01,38519.83984375,0.01620850399251017,2024-02-02,2024-02-02,38654.421875,0.019758970588310998,0.01129125254604002,0.003491973139075677,-0.00824096678683428,0.009686399711994476,0.0034938367292260963,0.008373174415335471,0.014569373430580956,0.4755085880499088,778.0,-0.27301775379427795,-0.748526341844185,-3.6485015934000877,-4000.0,-0.2613826576775651,3.387118935722512,-3.173008812224946,-3222.0,-0.46686920377356955,2.706139608451366,3.173008812224946,3222.0,0.46686920377356245,-2.7061396084513856,0.014822654435713067,0.0162485914016115,0.009689920283765252,0.017368256439877383,0.015782485099901544,0.06470416986344008,0.16146383966272992,5.0,DJIA x $5,189527.24609375,6410190517.3828125,2797422152.34375,3612768365.0390625,147452197.4609375,1498970989.3554688,9419314603.613281,13561053512.5,-4141738908.8867188,-758108984.375,-1775870295.8984375,16324739815.039062,16853520831.640625,-528781016.6015625,-610656786.9140625,-276709779.296875,2962121329.1992188,2433340312.5976562,528781016.6015625,610656786.9140625,276709779.296875
2024-01-30,DJIA Consolidated - CHICAGO BOARD OF TRADE,110393,40612,14781,25831,23.39912856793456,36.788564492313824,13.389435924379264,2205,1.997409256021668,52140,78846,-26706,-24.191751288578082,47.231255604974955,71.42300689355304,94957,95832,-875,-0.7926227206435191,86.01722935331044,86.80985207395396,15436,14561,875,0.7926227206435191,13.982770646689554,13.190147926046036,38467.30859375,2024-02-05,2024-02-05,38380.12109375,-0.0022665349666330936,2024-02-06,2024-02-06,38521.359375,0.0014051095131408786,2024-02-07,2024-02-07,38677.359375,0.005460501109353144,2024-02-08,2024-02-08,38726.328125,0.006733497630039054,2024-02-09,2024-02-09,38671.69140625,0.005313156027068944,-0.0022665349666330936,0.0036799852951219236,0.004049701322358823,0.0012660830726631822,-0.0014108417037020926,0.007596909655073425,0.014822654435713067,4.667369480643501,6769.0,3.5525160267615092,-1.1148534538819899,-2.717345070207948,-4853.0,-1.6067306965295245,1.1106143736784304,1.949041735003425,1915.0,1.3754636820939936,-0.5735780529094257,-1.949041735003425,-1915.0,-1.3754636820939918,0.5735780529094345,0.0014051095131408786,-0.005057764654260555,0.002508420553125834,0.013130670716642312,-0.01693351426348122,0.0591676312810665,0.16593422316494189,5.0,DJIA x $5,192336.54296875,7811171683.046875,2842926441.6210938,4968245241.425781,1301926059.3554688,1209604518.7304688,10028427350.390625,15164967066.914062,-5136539716.5234375,-933409243.0273438,-1176330296.796875,18263701110.683594,18431995585.78125,-168294475.09765625,368324479.78515625,33274221.93359375,2968906877.265625,2800612402.1679688,168294475.09765625,-368324479.78515625,-33274221.93359375
2024-02-06,DJIA Consolidated - CHICAGO BOARD OF TRADE,104421,33274,12289,20985,20.096532306719915,31.86523783530133,11.768705528581416,2764,2.6469771406134783,53657,77363,-23706,-22.702329991093745,51.3852577546662,74.08758774575995,89695,92416,-2721,-2.605797684373833,85.89747273058101,88.50327041495486,14726,12005,2721,2.605797684373833,14.102527269418989,11.496729585045154,38521.359375,2024-02-12,2024-02-12,38797.37890625,0.007165363209615361,2024-02-13,2024-02-13,38272.75,-0.006453805863386619,2024-02-14,2024-02-14,38424.26953125,-0.002520415824499911,2024-02-15,2024-02-15,38773.12109375,0.006535639521418002,2024-02-16,2024-02-16,38627.98828125,0.0027680462989891907,0.007165363209615361,-0.01352227704654263,0.003958940270819333,0.009078938045036455,-0.003743129477482121,-0.004366032700541811,0.0014051095131408786,-3.302596261214646,-4846.0,-4.923326657012495,-1.6207303957978478,1.4894212974843377,3000.0,4.1540021496912445,2.6645808522069103,-1.8131749637303138,-1846.0,-0.119756622729426,1.6934183410008927,1.8131749637303138,1846.0,0.11975662272943488,-1.693418341000882,-0.006453805863386619,0.0011017629423935027,0.011709108623584319,0.001657055521551154,0.00942080834212522,0.012364589126081516,0.15665801481077657,5.0,DJIA x $5,192606.796875,6408798559.21875,2366944926.796875,4041853632.421875,-933372537.65625,-595925429.53125,10334702899.921875,14900639626.640625,-4565936726.71875,577820390.625,332631938.203125,17275866645.703125,17799949740.0,-524083094.296875,-355552147.03125,-263293491.328125,2836327690.78125,2312244596.484375,524083094.296875,355552147.03125,263293491.328125
2024-02-13,DJIA Consolidated - CHICAGO BOARD OF TRADE,105714,33947,12403,21544,20.379514539228484,32.11211381652383,11.732599277295344,2343,2.2163573415063285,52919,76538,-23619,-22.34235768204779,50.05864880715893,72.40100648920674,89208,91283,-2075,-1.962843142819305,84.38617401668654,86.34901715950583,16505,14430,2075,1.962843142819305,15.612880034810905,13.650036891991599,38272.75,2024-02-19,2024-02-20,38563.80078125,0.007604647725862446,2024-02-20,2024-02-20,38563.80078125,0.007604647725862446,2024-02-21,2024-02-21,38612.23828125,0.008870234860311799,2024-02-22,2024-02-22,39069.109375,0.020807477252091866,2024-02-23,2024-02-23,39131.53125,0.022438451639874346,0.007604647725862446,0.0,0.001256035427492197,0.011832287225158167,0.0015977296641407346,0.014721849435184176,-0.006453805863386619,0.28298223250856935,559.0,0.24687598122250165,-0.036106251286071256,0.3599723090459541,87.0,-1.3266089475072675,-1.686581256553211,0.6429545415545281,646.0,-1.511298713894476,-2.154253255449021,-0.6429545415545281,-646.0,1.5103527653919162,2.153307306946445,0.007604647725862446,0.01828089583972936,0.008163547334591792,0.019145169376383997,0.03358419175523064,0.039006620245474855,0.16515401787172346,5.0,DJIA x $5,191363.75,6496225221.25,2373484591.25,4122740630.0,106972336.25,623845825.0,10126778286.25,14646598697.5,-4519820411.25,16648646.25,-1103403382.5,17071177410.0,17468257191.25,-397079781.25,123620982.5,-479748921.25,3158458693.75,2761378912.5,397079781.25,-123620982.5,479748921.25
2024-02-20,DJIA Consolidated - CHICAGO BOARD OF TRADE,104742,33012,15071,17941,17.128754463348038,31.51744285959787,14.388688396249833,2699,2.576807775295488,53689,73083,-19394,-18.515972580244792,51.25832999178935,69.77430257203414,89400,90853,-1453,-1.3872181168967557,85.35258062668271,86.73979874357947,15342,13890,1452,1.3862633900441084,14.647419373317295,13.261155983273184,38563.80078125,2024-02-26,2024-02-26,39069.23046875,0.013106324513162182,2024-02-27,2024-02-27,38972.41015625,0.010595671762692715,2024-02-28,2024-02-28,38949.01953125,0.009989128203029551,2024-02-29,2024-02-29,38996.390625,0.011217510592480995,2024-03-01,2024-03-01,39087.37890625,0.013576932625753102,0.013106324513162182,-0.00247817301079023,-0.0006001842048316552,0.001216233279299761,0.00233324879025254,0.0004645199632102859,0.007604647725862446,-3.2507600758804465,-3603.0,-0.5946709569259596,2.6560891189544886,3.826385101802998,4225.0,1.1996811846304212,-2.626703917172591,0.5756250259225493,622.0,0.9664066099961701,0.39078158407363617,-0.5765797527751966,-623.0,-0.9654606614936103,-0.38888090871841463,0.010595671762692715,0.0005546814516892429,0.011453422407854408,0.014183273599057022,0.03394861174152042,0.058893779211053765,0.15539285394850433,5.0,DJIA x $5,192819.00390625,6365340956.953125,2905975207.8710938,3459365749.0820312,-694726871.0742188,-216150103.37890625,10352259500.722656,14091791262.480469,-3739531761.7578125,814660291.5039062,474141930.60546875,17238018949.21875,17518184961.89453,-280166012.67578125,119933420.4296875,257799008.22265625,2958229157.9296875,2678255964.2578125,279973193.671875,-120126239.43359375,-257991827.2265625
2024-02-27,DJIA Consolidated - CHICAGO BOARD OF TRADE,106563,33554,14233,19321,18.13105862259884,31.487476891604025,13.356418269005191,2949,2.767377044565187,53500,76091,-22591,-21.19966592532117,50.20504302619108,71.40470895151225,90002,93272,-3270,-3.068607302722333,84.45895855034111,87.52756585306345,16561,13291,3270,3.068607302722333,15.541041449658888,12.472434146936553,38972.41015625,2024-03-04,2024-03-04,38989.828125,0.0004469307564034519,2024-03-05,2024-03-05,38585.19140625,-0.009935714738902313,2024-03-06,2024-03-06,38661.05078125,-0.00798922555088799,2024-03-07,2024-03-07,38791.3515625,-0.004645814642309509,2024-03-08,2024-03-08,38722.69140625,-0.006407577796672448,0.0004469307564034519,-0.010378007244677967,0.0019660230320306393,0.0033703372933979736,-0.0017699861820843488,-0.006851446430940156,0.010595671762692715,1.0023041592508015,1380.0,-0.029965967993845766,-1.032270127244642,-2.683693345076378,-3197.0,-1.053286965598275,1.630406379478103,-1.6813891858255774,-1817.0,-0.8936220763416003,0.7877671094839798,1.6823439126782247,1818.0,0.8936220763415932,-0.7887218363366308,-0.009935714738902313,0.0008487574893978334,0.0035499873357924816,0.0079522402516925,-0.0030675747476405224,0.058453912257840246,0.11928310261957153,5.0,DJIA x $5,194862.05078125,6538401251.9140625,2773471568.7695312,3764929683.1445312,268909630.078125,-1268551950.5859375,10425119716.796875,14827248305.996094,-4402128589.199219,-622973976.3476562,801857338.9648438,17537974294.414062,18175173200.46875,-637198906.0546875,-354064346.26953125,-466694611.62109375,3227110422.9882812,2589911516.9335938,637198906.0546875,354259208.3203125,466694611.62109375
2024-03-05,DJIA Consolidated - CHICAGO BOARD OF TRADE,101334,30685,15242,15443,15.239702370379144,30.28105078256064,15.041348412181499,1643,1.6213709120334734,53467,71427,-17960,-17.72356760810784,52.76313971618608,70.48670732429392,85796,88312,-2516,-2.4828784021157757,84.66654824639312,87.14942664850889,15538,13022,2516,2.4828784021157757,15.333451753606884,12.850573351491109,38585.19140625,2024-03-11,2024-03-11,38769.66015625,0.004780817284480765,2024-03-12,2024-03-12,39005.48828125,0.010892698978083093,2024-03-13,2024-03-13,39043.3203125,0.011873179568465009,2024-03-14,2024-03-14,38905.66015625,0.008305485558588899,2024-03-15,2024-03-15,38714.76953125,0.00335823460445539,0.004780817284480765,0.006082800933760124,0.0009699155918061475,-0.0035258311831108946,-0.00490650008850535,-0.0014158139323062757,-0.009935714738902313,-2.891356252219696,-3878.0,-1.2064261090433845,1.6849301431763077,3.4760983172133315,4631.0,2.558096689995004,-0.9180016272183309,0.5857289006065574,754.0,0.20758969605201116,-0.3781392045545573,-0.5857289006065574,-754.0,-0.20758969605200406,0.3781392045545555,0.010892698978083093,0.013621036810895992,0.01806746820069116,0.015162471758666252,0.003268032414880606,0.060949244918584666,0.1020027821959304,5.0,DJIA x $5,192925.95703125,5919932991.503906,2940577437.0703125,2979355554.4335938,-748166861.3671875,-1069195653.8671875,10315172144.589844,13780122332.871094,-3464950188.28125,893440107.0117188,1108552549.1015625,16552275409.453125,17037677117.34375,-485401707.890625,145466171.6015625,39549821.19140625,2997683520.3515625,2512281812.4609375,485401707.890625,-145466171.6015625,-39549821.19140625
2024-03-12,DJIA Consolidated - CHICAGO BOARD OF TRADE,115061,31031,14018,17013,14.78606999765342,26.969172873519266,12.183102875865846,10208,8.871815819434909,56972,75691,-18719,-16.268761787225905,49.51460529632108,65.78336708354698,98211,99917,-1706,-1.4826917895724876,85.35559398927526,86.83828577884775,16851,15144,1707,1.483560893786774,14.645275114939032,13.161714221152259,39005.48828125,2024-03-18,2024-03-18,38790.4296875,-0.005513547021878451,2024-03-19,2024-03-19,39110.76171875,0.0026989391016187803,2024-03-20,2024-03-20,39512.12890625,0.012988957383300859,2024-03-21,2024-03-21,39781.37109375,0.019891631836665535,2024-03-22,2024-03-22,39475.8984375,0.01206010171845806,-0.005513547021878451,0.00825801708902496,0.01026232090252499,0.006814165547465834,-0.007678786523725223,0.017671079065692652,0.010892698978083093,-0.453632372725723,1570.0,-3.3118779090413746,-2.8582455363156534,1.4548058208819334,-759.0,-3.2485344198650026,-4.70334024074694,1.0001866125432881,810.0,0.6890457428821435,-0.31114086966114485,-0.9993175083290018,-809.0,-0.6881766386678514,0.3111408696611502,0.0026989391016187803,0.007097458741032625,0.004223764584410983,-0.0031230581033018234,-0.006616156280090824,0.044390487917115085,0.062247450153499084,5.0,DJIA x $5,195027.44140625,6051896534.277344,2733894673.6328125,3318001860.6445312,306193083.0078125,-883669337.0117188,11111103391.796875,14761822067.480469,-3650718675.6835938,-148025828.02734375,955634462.890625,19153840047.94922,19486556862.98828,-332716815.0390625,157972227.5390625,71965125.87890625,3286407415.1367188,2953495572.65625,332911842.48046875,-157777200.09765625,-71770098.4375
2024-03-19,DJIA Consolidated - CHICAGO BOARD OF TRADE,93851,35688,13243,22445,23.91556829442414,38.02623307157089,14.110664777146752,1811,1.9296544522700878,42385,67017,-24632,-26.245857795867916,45.162012125603354,71.40786992147127,79884,82071,-2187,-2.3302895014437777,85.11789964944433,87.44818915088811,13967,11780,2187,2.3302895014437777,14.88210035055567,12.551810849111892,39110.76171875,2024-03-25,2024-03-25,39313.640625,0.005187291101843572,2024-03-26,2024-03-26,39282.328125,0.004386680256543096,2024-03-27,2024-03-27,39760.078125,0.0166019882435251,2024-03-28,2024-03-28,39807.37109375,0.01781119426948008,2024-03-29,2024-04-01,39566.8515625,0.011661492226354264,0.005187291101843572,-0.0007964792754423522,0.012161957368711729,0.0011894586474734403,-0.0060420852882636655,0.006440790867355606,0.0026989391016187803,9.12949829677072,5432.0,11.057060198051627,1.9275619012809067,-9.977096008642011,-5913.0,-4.352593170717725,5.624502837924297,-0.8475977118712901,-481.0,-0.2376943398309379,0.6099033720403639,0.8467286076570038,480.0,0.23682523561663693,-0.6099033720403675,0.004386680256543096,0.0015207211490204653,-0.005806326283876229,-0.03354046076073014,-0.007054384308187278,0.06380387031822177,0.06316795599037395,5.0,DJIA x $5,195553.80859375,6978924321.09375,2589719087.2070312,4389205233.886719,1062248288.28125,880774353.90625,8288548177.246094,13105429590.527344,-4816881413.28125,-1156309670.2148438,-1024310849.4140625,15621620445.703125,16049296625.097656,-427676179.39453125,-94061381.93359375,-143536495.5078125,2731300044.6289062,2303623865.234375,427676179.39453125,93865828.125,143732049.31640625
2024-03-26,DJIA Consolidated - CHICAGO BOARD OF TRADE,92741,32236,12224,20012,21.578374181861314,34.75916800552075,13.180793823659439,1214,1.3090218996991623,44687,68927,-24240,-26.137307124141422,48.1847295155325,74.32203663967393,78137,82365,-4228,-4.558932942280113,84.25291942075242,88.81185236303253,14604,10376,4228,4.558932942280113,15.747080579247582,11.188147636967468,39282.328125,2024-04-01,2024-04-01,39566.8515625,0.007243039073311142,2024-04-02,2024-04-02,39170.23828125,-0.002853441969969839,2024-04-03,2024-04-03,39127.140625,-0.003950567784734682,2024-04-04,2024-04-04,38596.98046875,-0.0174467168562199,2024-04-05,2024-04-05,38904.0390625,-0.009630006177236972,0.007243039073311142,-0.01002387770539459,-0.001100265358115804,-0.013549677992857445,0.007955508177605042,-0.01675171194637559,0.004386680256543096,-2.337194112562827,-2433.0,-3.2670650660501437,-0.9298709534873133,0.10855067172649413,392.0,3.0227173899291486,2.914166718202651,-2.2286434408363354,-2041.0,-0.8649802286919055,1.3636632121444165,2.2286434408363354,2041.0,0.8649802286919126,-1.3636632121444237,-0.002853441969969839,-0.01014848836686666,-0.03776149341963164,-0.01982155223265547,-0.004331921677567352,0.07448363589066176,0.08413889992677204,5.0,DJIA x $5,196411.640625,6331525647.1875,2400935895.0,3930589752.1875,-477869521.640625,135720443.671875,8777046984.609375,13538065153.359375,-4761018168.75,76993363.125,-323882795.390625,15347016363.515625,16177444780.078125,-830428416.5625,-400876158.515625,-188162351.71875,2868395599.6875,2037967183.125,830428416.5625,400876158.515625,188162351.71875
2024-04-02,DJIA Consolidated - CHICAGO BOARD OF TRADE,93520,32106,15511,16595,17.74486740804106,34.330624465355,16.585757057313945,1136,1.2147134302822926,45901,65712,-19811,-21.183704020530367,49.08147989734816,70.26518391787853,79143,82359,-3216,-3.438836612489307,84.62681779298545,88.06565440547477,14377,11161,3216,3.438836612489307,15.373182207014544,11.934345594525235,39170.23828125,2024-04-08,2024-04-08,38892.80078125,-0.007082864750731055,2024-04-09,2024-04-09,38883.671875,-0.007315921955654114,2024-04-10,2024-04-10,38461.51171875,-0.018093496327778347,2024-04-11,2024-04-11,38459.078125,-0.01815562497076817,2024-04-12,2024-04-12,37983.23828125,-0.0303036195868176,-0.007082864750731055,-0.0002347196927612316,-0.010857003361388395,-6.327348149481882e-05,-0.012372627399008906,-0.023386397526775626,-0.002853441969969839,-3.833506773820254,-3417.0,-0.428543540165748,3.404963233654506,4.953603103611055,4429.0,0.8967503818156572,-4.056852721795394,1.120096329790806,1012.0,0.3738983722330289,-0.7461979575577544,-1.120096329790806,-1012.0,-0.3738983722330378,0.7461979575577669,-0.007315921955654114,-0.0350079445880318,-0.017016666332588137,-0.03457513831102432,0.004125920299222763,0.07624999488909645,0.07198635443583057,5.0,DJIA x $5,195851.19140625,6287998351.2890625,3037847829.9023438,3250150521.3867188,-669223521.0351562,225620572.5,8989765536.738281,12869773489.6875,-3880007952.9492188,867424926.7382812,-362520555.29296875,15500250841.464844,16130108273.027344,-629857431.5625,198201405.703125,-137095833.984375,2815752578.8476562,2185895147.2851562,629857431.5625,-198201405.703125,137095833.984375
2024-04-09,DJIA Consolidated - CHICAGO BOARD OF TRADE,92484,28859,11898,16961,18.33938843475628,31.20431642230007,12.864927987543792,2099,2.269581765494572,47292,65690,-18398,-19.893170710609404,51.13533151680291,71.0285022274123,78250,79687,-1437,-1.5537822758531206,84.60922970459755,86.16301198045068,14234,12797,1437,1.5537822758531206,15.390770295402447,13.836988019549326,38883.671875,2024-04-15,2024-04-15,37735.109375,-0.02953842691843256,2024-04-16,2024-04-16,37798.96875,-0.02789610838418277,2024-04-17,2024-04-17,37753.30859375,-0.02907038421895436,2024-04-18,2024-04-18,37775.37890625,-0.028502785753177995,2024-04-19,2024-04-19,37986.3984375,-0.023075841201018243,-0.02953842691843256,0.001692306609353711,-0.0012079735971632921,0.0005845928031762426,0.0055861658402871495,0.006659290688752595,-0.007315921955654114,0.5945210267152206,366.0,-3.12630804305493,-3.7208290697701525,1.2905333099209635,1413.0,2.053851619454747,0.7633183095337728,1.8850543366361865,1779.0,-0.01758808838789605,-1.9026424250240979,-1.8850543366361865,-1779.0,0.017588088387903156,1.9026424250240908,-0.02789610838418277,-0.009772237302370201,-0.02746011239454227,1.51694457224405e-05,0.010500471156956515,0.08221186592219176,-0.03184066657156459,5.0,DJIA x $5,194418.359375,5610719433.203125,2313189639.84375,3297529793.359375,71157119.53125,-10109754.6875,9194433051.5625,12771342027.34375,-3576908975.78125,274713141.796875,62408293.359375,15213236621.09375,15492615803.515625,-279379182.421875,345870261.328125,52298538.671875,2767350927.34375,2487971744.921875,279379182.421875,-345870261.328125,-52492957.03125
2024-04-16,DJIA Consolidated - CHICAGO BOARD OF TRADE,93614,23705,10026,13679,14.61213066421689,25.32206721216912,10.70993654795223,2801,2.992073835110133,52698,69157,-16459,-17.58177195718589,56.29286217873395,73.87463413591983,79204,81984,-2780,-2.9696412929690004,84.6070032260132,87.5766445189822,14410,11630,2780,2.9696412929690004,15.392996773986797,12.423355481017797,37798.96875,2024-04-22,2024-04-22,38239.98046875,0.01166729499068686,2024-04-23,2024-04-23,38503.69140625,0.01864396515447253,2024-04-24,2024-04-24,38460.921875,0.017512465204490457,2024-04-25,2024-04-25,38085.80078125,0.007588355998468854,2024-04-26,2024-04-26,38239.66015625,0.011658820883836851,0.01166729499068686,0.006896210046851481,-0.0011107904122423795,-0.00975330479516745,0.004039809373674652,-8.376377186203321e-06,-0.02789610838418277,-3.7272577705393903,-3282.0,-5.882249210130951,-2.154991439591562,2.3113987534235143,1939.0,5.157530661931041,2.8461319085075303,-1.4158590171158798,-1343.0,-0.0022264785843475465,1.4136325385315303,1.4158590171158798,1343.0,0.002226478584349323,-1.4136325385315285,0.01864396515447253,0.0004485076064408844,0.02871223751970753,0.046539381448071904,0.08348142351767196,0.13072983968643315,0.06799106622452489,5.0,DJIA x $5,188994.84375,4480122771.09375,1894862303.4375,2585260467.65625,-620281077.1875,-1656728800.3125,9959650275.9375,13070316409.21875,-3110666133.28125,366461002.03125,1544654857.96875,14969147604.375,15494553270.0,-525405665.625,-253820075.15625,-112073942.34375,2723415698.4375,2198010032.8125,525405665.625,253820075.15625,112073942.34375
2024-04-23,DJIA Consolidated - CHICAGO BOARD OF TRADE,90835,19266,12414,6852,7.543347828480211,21.209886057136565,13.666538228656355,2416,2.659767710684208,56280,64010,-7730,-8.509935597511973,61.95849617438212,70.46843177189409,77962,78840,-878,-0.9665877690317608,85.82814994220288,86.79473771123466,12873,11995,878,0.9665877690317608,14.171850057797105,13.205262288765343,38503.69140625,2024-04-29,2024-04-29,38386.08984375,-0.0030542931912473925,2024-04-30,2024-04-30,37815.921875,-0.01786243100676732,2024-05-01,2024-05-01,37903.2890625,-0.01559337096838831,2024-05-02,2024-05-02,38225.66015625,-0.007220898564413214,2024-05-03,2024-05-03,38675.6796875,0.0044667998046048485,-0.0030542931912473925,-0.014853504774017368,0.002310328114935034,0.008505095513437588,0.011772707898582091,0.00754413499600437,0.01864396515447253,-7.068782835736679,-6827.0,-4.112181155032555,2.956601680704125,9.071836359673917,8729.0,5.665633995648172,-3.406202364025745,2.00305352393724,1902.0,1.2211467161896792,-0.7819068077475464,-2.00305352393724,-1902.0,-1.2211467161896916,0.7819068077475464,-0.01786243100676732,0.009883995497590892,0.027384854029316452,0.03556274281737393,0.04816157541712984,0.11482533381285998,0.01774606635220133,5.0,DJIA x $5,192518.45703125,3709060593.1640625,2389924125.5859375,1319136467.578125,-1314323506.1523438,-2533542894.53125,10834938761.71875,12323106434.570312,-1488167672.8515625,1680493611.4257812,3178479725.5859375,15009123947.070312,15178155152.34375,-169031205.2734375,366170105.2734375,644936831.0546875,2478290097.3632812,2309258892.0898438,169031205.2734375,-366170105.2734375,-644936831.0546875
2024-04-30,DJIA Consolidated - CHICAGO BOARD OF TRADE,89960,17883,12685,5198,5.7781236104935525,19.878835037794577,14.100711427301022,2174,2.416629613161405,56959,63598,-6639,-7.379946642952423,63.31591818586039,70.6958648288128,77016,78457,-1441,-1.6018230324588705,85.61138283681636,87.21320586927523,12944,11503,1441,1.6018230324588705,14.388617163183637,12.786794130724765,37815.921875,2024-05-06,2024-05-06,38852.26953125,0.02740506127751252,2024-05-07,2024-05-07,38884.26171875,0.02825105909837089,2024-05-08,2024-05-08,39056.390625,0.03280281660461304,2024-05-09,2024-05-09,39387.76171875,0.041565556670698056,2024-05-10,2024-05-10,39512.83984375,0.04487310859058624,0.02740506127751252,0.0008234316266715336,0.004426698582964184,0.008484426964377123,0.003175558080530827,0.01700210362148047,-0.01786243100676732,-1.7652242179866589,-1654.0,-1.331051019341988,0.4341731986446664,1.1299889545595496,1091.0,1.3574220114782705,0.22743305691871285,-0.6352352634271097,-563.0,-0.21676710538652344,0.41846815804056803,0.6352352634271097,563.0,0.21676710538653232,-0.4184681580405787,0.02825105909837089,0.0460702110015665,0.05439683350969471,0.02742065903953317,0.07741200279809379,0.11680606176548491,0.07170787023818925,5.0,DJIA x $5,189079.609375,3381310654.453125,2398474844.921875,982835809.53125,-312737673.90625,-2154940308.046875,10769785470.390625,12025084997.03125,-1255299526.640625,206285853.828125,2490556614.6875,14562155195.625,14834618912.734375,-272463717.109375,-106451820.078125,335616306.640625,2447446463.75,2174982746.640625,272463717.109375,106451820.078125,-335616306.640625
2024-05-07,DJIA Consolidated - CHICAGO BOARD OF TRADE,92752,19305,10641,8664,9.341038468173194,20.81356736242884,11.47252889425565,2613,2.817189925823702,57061,67908,-10847,-11.694626530964292,61.51996722442643,73.21459375539072,78979,81162,-2183,-2.353588062791099,85.15072451267898,87.50431257547007,13773,11590,2183,2.353588062791099,14.849275487321028,12.49568742452993,38884.26171875,2024-05-13,2024-05-13,39431.51171875,0.014073817421512702,2024-05-14,2024-05-14,39558.109375,0.01732957310913963,2024-05-15,2024-05-15,39908.0,0.026327831261262036,2024-05-16,2024-05-16,39869.37890625,0.02533459924288528,2024-05-17,2024-05-17,40003.58984375,0.028786148316151783,0.014073817421512702,0.0032105707017517915,0.008844978451399976,-0.0009677531760549085,0.003366266071402446,0.014508145898143976,0.02825105909837089,3.5629148576796412,3466.0,0.9347323246342647,-2.628182533045372,-4.314679888011869,-4208.0,-1.7959509614339595,2.5187289265779214,-0.7517650303322283,-742.0,-0.46065832413738406,0.2911067061948387,0.7517650303322283,742.0,0.46065832413739116,-0.29110670619483514,0.01732957310913963,0.025427422787436704,-0.0008075849292737969,-0.004448397593378783,0.0029163068163724493,0.08583465494705789,0.050013506629399185,5.0,DJIA x $5,194421.30859375,3753303362.4023438,2068837144.7460938,1684466217.65625,673864255.5859375,-1613113597.4023438,11093874289.667969,13202762223.984375,-2108887934.3164062,-818124866.5625,1468075301.1914062,15355200531.425781,15779622248.085938,-424421716.66015625,-144260610.9765625,-145038296.2109375,2677764683.2617188,2253342966.6015625,424421716.66015625,144260610.9765625,145038296.2109375
2024-05-14,DJIA Consolidated - CHICAGO BOARD OF TRADE,99207,24739,8966,15773,15.899079702037156,24.9367484149304,9.037668712893243,2660,2.6812624109185843,57006,76183,-19177,-19.330289193302892,57.461671051437904,76.79196024474079,84405,87809,-3404,-3.4312094912657374,85.07968187728689,88.51089136855262,14802,11398,3404,3.4312094912657374,14.920318122713114,11.489108631447378,39558.109375,2024-05-20,2024-05-20,39806.76953125,0.006285946426124012,2024-05-21,2024-05-21,39872.98828125,0.00795990787287204,2024-05-22,2024-05-22,39671.0390625,0.0028547796971147843,2024-05-23,2024-05-23,39065.26171875,-0.012458827381711779,2024-05-24,2024-05-24,39069.58984375,-0.01234941555520186,0.006285946426124012,0.0016635047450412888,-0.005064812733009183,-0.01527001455131094,0.00011079216699383387,-0.01851895283593119,0.01732957310913963,6.558041233863962,7109.0,4.1231810525015575,-2.4348601813624065,-7.6356626623386,-8330.0,-4.058296172988527,3.5773664893500694,-1.0776214284746386,-1221.0,-0.07104263539208944,1.0065787930825536,1.0776214284746386,1221.0,0.07104263539208588,-1.0065787930825518,0.00795990787287204,-0.017828202892975042,-0.021406996590063954,-0.02049358558355019,0.005246237832871703,0.11003738961551424,0.06527916407784584,5.0,DJIA x $5,197790.546875,4893140339.140625,1773390043.28125,3119750295.859375,1406092997.734375,414173405.15625,11275247915.15625,15068277232.578125,-3793029317.421875,-1647595255.46875,-537594706.40625,16694511108.984375,17367790130.546875,-673279021.5625,-241502257.734375,-123421301.25,2927695674.84375,2254416653.28125,673279021.5625,241502257.734375,123421301.25
2024-05-21,DJIA Consolidated - CHICAGO BOARD OF TRADE,103626,30728,10291,20437,19.72188446914867,29.65278984038755,9.930905371238879,3660,3.5319321405824793,53739,76615,-22876,-22.075540887422076,51.858606913322916,73.93414780074498,88126,90565,-2439,-2.3536564182734065,85.04236388551136,87.39602030378477,15500,13061,2439,2.3536564182734065,14.957636114488643,12.603979696215237,39872.98828125,2024-05-27,2024-05-28,38852.859375,-0.025584460814784493,2024-05-28,2024-05-28,38852.859375,-0.025584460814784493,2024-05-29,2024-05-29,38441.5390625,-0.03590022419822314,2024-05-30,2024-05-30,38111.48046875,-0.044177973320558395,2024-05-31,2024-05-31,38686.3203125,-0.029761199747048384,-0.025584460814784493,0.0,-0.010586616252101777,-0.008585988017112856,0.015083115026752747,-0.004286404274460143,0.00795990787287204,3.8228047671115135,4664.0,4.716041425457149,0.8932366583456357,-2.745251694119183,-3699.0,-5.603064138114988,-2.8578124439958117,1.0775530729923308,965.0,-0.03731799177552375,-1.1148710647678541,-1.0775530729923308,-965.0,0.03731799177552908,1.1148710647678595,-0.025584460814784493,-0.02913499260591612,-0.028228794850053696,-0.026035894248191416,0.02412611921545804,0.08516926549487946,0.07032956697952542,5.0,DJIA x $5,199364.94140625,6126085919.53125,2051664612.0117188,4074421307.5195312,929838086.71875,2708372729.0039062,10713672586.230469,15274344985.839844,-4560672399.609375,-737450918.2617188,-3019581402.5390625,17569234826.367188,18055485918.45703,-486251092.08984375,192387168.45703125,-311208673.53515625,3090156591.796875,2603905499.7070312,486251092.08984375,-192387168.45703125,311208673.53515625
2024-05-28,DJIA Consolidated - CHICAGO BOARD OF TRADE,97243,22285,9141,13144,13.516654155054864,22.916816634616374,9.40016247956151,6086,6.258548173133284,53401,71055,-17654,-18.15452011970013,54.915006735703344,73.06952685540348,81772,86282,-4510,-4.63786596464527,84.090371543453,88.72823750809827,15471,10961,4510,4.63786596464527,15.909628456547,11.27176249190173,38852.859375,2024-06-03,2024-06-03,38571.03125,-0.00725372931448498,2024-06-04,2024-06-04,38711.2890625,-0.0036437553059761596,2024-06-05,2024-06-05,38807.328125,-0.0011718892954709625,2024-06-06,2024-06-06,38886.171875,0.0008574015023830039,2024-06-07,2024-06-07,38798.98828125,-0.0013865412897940965,-0.00725372931448498,0.0036363511151908945,0.0024809058242660775,0.002031671692161785,-0.0022420204804487476,0.005910057985551109,-0.025584460814784493,-6.205230314093805,-7293.0,-6.735973205771174,-0.5307428916773684,3.921020767721945,5222.0,3.0563998223804276,-0.8646209453414997,-2.2842095463718635,-2071.0,-0.9519923420583609,1.3322172043135083,2.2842095463718635,2071.0,0.9519923420583574,-1.3322172043135065,-0.0036437553059761596,-0.002713764229868909,-0.00046328636526515865,0.00667391758087299,0.06171078946490027,0.1546205173927433,0.08984638759293384,5.0,DJIA x $5,194264.296875,4329179855.859375,1775769937.734375,2553409918.125,-1416769517.109375,1543624102.96875,10373907717.421875,13803449614.453125,-3429541897.03125,1014448158.28125,-2139821230.078125,15885380084.0625,16761512062.96875,-876131978.90625,-402321358.828125,-596197127.109375,3005462936.953125,2129330958.046875,876131978.90625,402321358.828125,596197127.109375
2024-06-04,DJIA Consolidated - CHICAGO BOARD OF TRADE,100634,21008,12722,8286,8.233797722439732,20.875648389212394,12.641850666772662,6666,6.624003815807779,58709,68904,-10195,-10.130770912415286,58.33912991633047,68.46990082874575,86383,88292,-1909,-1.896973189975555,85.83878212135063,87.73575531132619,14251,12342,1909,1.896973189975555,14.161217878649362,12.264244688673807,38711.2890625,2024-06-10,2024-06-10,38868.0390625,0.00404920641487605,2024-06-11,2024-06-11,38747.421875,0.0009333921286285296,2024-06-12,2024-06-12,38712.2109375,2.381411268714828e-05,2024-06-13,2024-06-13,38647.1015625,-0.0016581080494728617,2024-06-14,2024-06-14,38589.16015625,-0.0031548653947642835,0.00404920641487605,-0.0031032485921413944,-0.0009087298146852607,-0.0016818821096299397,-0.0014992432525967603,-0.0071750186779827585,-0.0036437553059761596,-5.282856432615132,-4858.0,-2.0411682454039806,3.2416881872111514,8.023749207284844,7459.0,3.4241231806271273,-4.599626026657731,2.7408927746697147,2601.0,1.74841057789763,-0.9924821967720874,-2.7408927746697147,-2601.0,-1.7484105778976389,0.9924821967720767,0.0009333921286285296,0.003192100172652257,0.010355405450404698,0.016030530499723028,0.057493322462258245,0.1548448096838677,0.09837831947035802,5.0,DJIA x $5,193556.4453125,4066233803.125,2462425097.265625,1603808705.859375,-940297211.328125,-73164336.328125,11363505347.851562,13336813307.8125,-1973307959.9609375,1443737525.5859375,126198802.34375,16719986415.429688,17089485669.53125,-369499254.1015625,503440314.2578125,53034466.015625,2758372902.1484375,2388873648.046875,369499254.1015625,-503440314.2578125,-53034466.015625
2024-06-11,DJIA Consolidated - CHICAGO BOARD OF TRADE,107902,19838,17462,2376,2.2019981093955625,18.385201386443253,16.183203277047692,7729,7.16298122370299,66292,70690,-4398,-4.075920742896332,61.43723007914589,65.51315082204222,93859,95881,-2022,-1.8739226335007693,86.98541268929215,88.85933532279292,14043,12021,2022,1.8739226335007693,13.014587310707865,11.140664677207095,38747.421875,2024-06-17,2024-06-17,38778.1015625,0.0007917865503148658,2024-06-18,2024-06-18,38834.859375,0.002256601749713205,2024-06-19,2024-06-20,39134.76171875,0.009996532027332528,2024-06-20,2024-06-20,39134.76171875,0.009996532027332528,2024-06-21,2024-06-21,39150.328125,0.010398272465708347,0.0007917865503148658,0.001463656296028848,0.007722503662342728,0.0,0.0003977641760506412,0.009598885646840305,0.0009333921286285296,-6.03179961304417,-5910.0,-2.490447002769141,3.5413526102750303,6.0548501695189545,5797.0,3.0981001628154203,-2.9567500067035297,0.02305055647478582,-113.0,1.1466305679415143,1.1235800114667285,-0.02305055647478582,113.0,-1.1466305679414965,-1.1235800114667125,0.002256601749713205,0.0094132270897056,0.015083059961650713,0.014053757608873063,0.05134635973764379,0.14195541235606401,0.10631544034179696,5.0,DJIA x $5,193737.109375,3843356775.78125,3383037403.90625,460319371.875,-1144986316.40625,-2595496054.296875,12843220454.6875,13695276261.71875,-852055807.03125,1123094023.046875,2863240739.453125,18183971348.828125,18575707783.984375,-391736435.15625,-21892293.359375,267744685.15625,2720650226.953125,2328913791.796875,391736435.15625,21892293.359375,-267744685.15625
2024-06-18,DJIA Consolidated - CHICAGO BOARD OF TRADE,114233,17190,15666,1524,1.3341153607101275,15.048190978088643,13.714075617378516,10272,8.992147628093457,72670,76088,-3418,-2.9921301200178583,63.61559269212924,66.6077228121471,100132,102026,-1894,-1.6580147593077306,87.65593129831134,89.31394605761908,14101,12207,1894,1.6580147593077306,12.344068701688654,10.686053942380923,38834.859375,2024-06-24,2024-06-24,39411.2109375,0.014841087923985752,2024-06-25,2024-06-25,39112.16015625,0.007140512048011027,2024-06-26,2024-06-26,39127.80078125,0.007543259096711941,2024-06-27,2024-06-27,39164.05859375,0.008476899982337027,2024-06-28,2024-06-28,39118.859375,0.007313017339849681,0.014841087923985752,-0.007587962260896974,0.00039989161778630766,0.000926650917660865,-0.0011540994568222107,-0.007417979695260368,0.002256601749713205,-0.867882748685435,-852.0,-3.33701040835461,-2.4691276596691765,1.0837906228784737,980.0,2.1783626129833493,1.0945719901048818,0.2159078741930387,128.0,0.6705186090191972,0.45461073482616143,-0.2159078741930387,-128.0,-0.6705186090192115,-0.4546107348261721,0.007140512048011027,0.012797579172384888,0.011770594315432703,0.054580372579242864,0.07136166725207826,0.11883753763431781,0.08705944763704965,5.0,DJIA x $5,194174.296875,3337856163.28125,3041934534.84375,295921628.4375,-165436500.9375,-3672418476.796875,14110646153.90625,14774333900.625,-663687746.71875,190290810.9375,3778243468.59375,19443060694.6875,19810826812.96875,-367766118.28125,24854310.0,105824991.796875,2738051760.234375,2370285641.953125,367766118.28125,-24854310.0,-105824991.796875
2024-06-25,DJIA Consolidated - CHICAGO BOARD OF TRADE,84823,16170,16684,-514,-0.6059677210190633,19.06322577602773,19.66919349704679,3660,4.314867429824458,51415,52760,-1345,-1.5856548341841243,60.61445598481544,62.20011081899956,71245,73104,-1859,-2.191622555203188,83.99254919066762,86.18417174587081,13578,11719,1859,2.191622555203188,16.007450809332376,13.815828254129187,39112.16015625,2024-07-01,2024-07-01,39169.51953125,0.0014665355933003443,2024-07-02,2024-07-02,39331.8515625,0.0056169591598200785,2024-07-03,2024-07-03,39308.0,0.005007134429999116,2024-07-04,2024-07-05,39375.87109375,0.006742428350837493,2024-07-05,2024-07-05,39375.87109375,0.006742428350837493,0.0014665355933003443,0.004144345735987098,-0.0006064185018622714,0.0017266483603846083,0.0,0.0052681668034086915,0.007140512048011027,-1.9400830817291908,-2038.0,4.0150347979390855,5.9551178796682755,1.406475285833734,2073.0,-3.0011367073137976,-4.40761199314754,-0.5336077958954575,35.0,-3.663382107643727,-3.129774311748264,0.5336077958954575,-35.0,3.663382107643722,3.129774311748264,0.0056169591598200785,0.0045972555090714184,0.04710351729845841,0.031855302354117265,0.07915846584237451,0.10699667512691113,0.1016783363310223,5.0,DJIA x $5,195560.80078125,3162218148.6328125,3262736400.234375,-100518251.6015625,-398552911.9921875,-2670969417.0703125,10054758572.167969,10317787849.21875,-263029277.05078125,405397540.01953125,3189401099.9414062,13932729251.660156,14296276780.3125,-363547528.65234375,6844628.02734375,518431682.87109375,2655324553.0078125,2291777024.3554688,363547528.65234375,-6844628.02734375,-518431682.87109375
2024-07-02,DJIA Consolidated - CHICAGO BOARD OF TRADE,82128,18305,11577,6728,8.192090395480225,22.288379115526983,14.096288720046758,3156,3.842781998831093,47246,56340,-9094,-11.072959283070329,57.52727449834405,68.60023378141437,68707,71073,-2366,-2.880868887590103,83.65843561270212,86.53930450029222,13421,11055,2366,2.880868887590103,16.341564387297876,13.460695499707773,39331.8515625,2024-07-08,2024-07-08,39344.7890625,0.00032893188309324195,2024-07-09,2024-07-09,39291.96875,-0.001014008009173506,2024-07-10,2024-07-10,39721.359375,0.009903114067260521,2024-07-11,2024-07-11,39753.75,0.01072663555717912,2024-07-12,2024-07-12,40000.8984375,0.01701030712822793,0.00032893188309324195,-0.0013424983017724657,0.010928203362169375,0.0008154460348199777,0.006216984246769197,0.016675890013230443,0.0056169591598200785,8.798058116499288,7242.0,3.225153339499254,-5.5729047770000335,-9.487304448886205,-7749.0,-3.087181486471394,6.400122962414812,-0.6892463323869151,-507.0,-0.33411357796549623,0.3551327544214047,0.6892463323869151,507.0,0.3341135779654998,-0.35513275442141357,-0.001014008009173506,0.04125483143532094,0.026091786694030006,0.03588634926726253,0.07182771914540487,0.08167342903741548,0.13126994124712454,5.0,DJIA x $5,196659.2578125,3599847714.2578125,2276724227.6953125,1323123486.5625,1424206345.078125,-306395123.671875,9291363294.609375,11079782585.15625,-1788419290.546875,-1523912588.7890625,216521842.8515625,13511867626.523438,13977163430.507812,-465295803.984375,-99706243.7109375,-89873280.8203125,2639363899.1015625,2174068095.1171875,465295803.984375,99706243.7109375,89873280.8203125
2024-07-09,DJIA Consolidated - CHICAGO BOARD OF TRADE,88307,22317,14522,7795,8.827159794806754,25.27206223742172,16.444902442614968,3728,4.221635883905013,48737,59798,-11061,-12.52562084545959,55.19041525586873,67.71603610132833,74782,78048,-3266,-3.698461050652836,84.68411337719547,88.3825744278483,13525,10259,3266,3.698461050652836,15.315886622804534,11.617425572151697,39291.96875,2024-07-15,2024-07-15,40211.71875,0.023408091507249873,2024-07-16,2024-07-16,40954.48046875,0.042311743891682685,2024-07-17,2024-07-17,41198.078125,0.04851142448798784,2024-07-18,2024-07-18,40665.01953125,0.03494482014851963,2024-07-19,2024-07-19,40287.53125,0.02533755705483709,0.023408091507249873,0.01847127508694224,0.0059480099237463335,-0.0129389189498752,-0.009282874706599165,0.0018853334887607431,-0.001014008009173506,0.6350693993265288,1067.0,2.983683121894739,2.34861372256821,-1.4526615623892614,-1967.0,-2.3368592424753203,-0.8841976800860465,-0.817592163062733,-900.0,1.0256777644933521,1.8432699275560793,0.817592163062733,900.0,-1.0256777644933415,-1.8432699275560758,0.042311743891682685,0.0271333080949272,0.036937812514166835,-0.0074902989876270976,0.07096621606037501,0.08236773895428695,0.12594922387924368,5.0,DJIA x $5,196459.84375,4384394332.96875,2852989850.9375,1531404482.03125,209622653.28125,1064615893.28125,9574863404.84375,11747905736.5625,-2173042331.71875,-386436512.65625,-1309011938.90625,14691660035.3125,15333297885.0,-641637849.6875,-176813859.375,-244396045.625,2657119386.71875,2015481537.03125,641637849.6875,176813859.375,244396045.625
2024-07-16,DJIA Consolidated - CHICAGO BOARD OF TRADE,99652,30568,15327,15241,15.29422389916911,30.674748123469676,15.380524224300565,3915,3.9286717777866977,50244,67905,-17661,-17.722674908682215,50.419459719824985,68.1421346285072,84727,87147,-2420,-2.4284510095131053,85.02287962108136,87.45133063059447,14925,12505,2420,2.4284510095131053,14.977120378918638,12.548669369405532,40954.48046875,2024-07-22,2024-07-22,40415.44140625,-0.013161906983811145,2024-07-23,2024-07-23,40358.08984375,-0.014562280321320897,2024-07-24,2024-07-24,39853.87109375,-0.026873967448807212,2024-07-25,2024-07-25,39935.0703125,-0.024891297474225138,2024-07-26,2024-07-26,40589.33984375,-0.008915767476982639,-0.013161906983811145,-0.00141905075150639,-0.012493622764410572,0.0020374236309188554,0.016383332397569506,0.0043027721942214825,0.042311743891682685,6.467064104362356,7446.0,5.402685886047955,-1.0643782183144026,-5.197054063222625,-6600.0,-4.7709555360437435,0.42609852717886554,1.2700100411397308,846.0,0.3387662438858854,-0.9312437972538277,-1.2700100411397308,-846.0,-0.33876624388589605,0.9312437972538348,-0.014562280321320897,-0.005155781280417382,-0.047780372015538974,-0.029028321935548274,0.0436079614686542,0.038183875447846294,0.07493218223319009,5.0,DJIA x $5,204772.40234375,6259482794.84375,3138546610.7226562,3120936184.1210938,1524735307.8515625,2808863042.9492188,10288584583.359375,13905069981.152344,-3616485397.7929688,-1351497855.46875,-2916573326.5820312,17349751333.378906,17845300547.05078,-495549213.671875,173237452.3828125,-107710283.6328125,3056228104.9804688,2560678891.3085938,495549213.671875,-173237452.3828125,107710283.6328125
2024-07-23,DJIA Consolidated - CHICAGO BOARD OF TRADE,91047,25941,14575,11366,12.483662284314695,28.491877821345017,16.008215537030324,1827,2.0066559029951563,49115,63755,-14640,-16.079607235823257,53.944665941766345,70.0242731775896,76883,80157,-3274,-3.595944951508562,84.44319966610652,88.03914461761508,14164,10890,3274,3.595944951508562,15.556800333893484,11.960855382384922,40358.08984375,2024-07-29,2024-07-29,40539.9296875,0.004505660313806059,2024-07-30,2024-07-30,40743.328125,0.00954550333629478,2024-07-31,2024-07-31,40842.7890625,0.012009964312646115,2024-08-01,2024-08-01,40347.96875,-0.00025078227907182615,2024-08-02,2024-08-02,39737.26171875,-0.015382990805649976,0.004505660313806059,0.005017237056597956,0.002441158886060002,-0.012115242956175165,-0.01513600436824969,-0.01979944156137725,-0.014562280321320897,-2.8105616148544144,-3875.0,-2.182870302124659,0.627691312729759,1.6430676728589582,3021.0,3.5252062219413602,1.8821385490824127,-1.1674939419954566,-854.0,-0.5796799549748357,0.5878139870206098,1.1674939419954566,854.0,0.5796799549748464,-0.5878139870206098,0.00954550333629478,-0.033708971181912406,-0.014679813168653966,0.011816191204694793,0.06360065085309041,0.09087939404961687,0.1026894874991664,5.0,DJIA x $5,201790.44921875,5234646043.183594,2941095797.3632812,2293550245.8203125,-781937990.7226562,2397270536.71875,9910937913.378906,12865150089.941406,-2954212176.5625,609608947.0898438,-2682804022.3632812,15514255107.285156,16174917038.027344,-660661930.7421875,-172329043.6328125,-285533485.64453125,2858159922.734375,2197497991.9921875,660661930.7421875,172329043.6328125,285533485.64453125
2024-07-30,DJIA Consolidated - CHICAGO BOARD OF TRADE,92185,27554,14016,13538,14.685686391495361,29.889895319195098,15.204208927699733,2153,2.33552096328036,48111,64984,-16873,-18.30341161794218,52.18961870152411,70.49303031946629,77818,81153,-3335,-3.617725226446819,84.41503498399958,88.03276021044638,14367,11032,3335,3.617725226446819,15.584965016000435,11.967239789553615,40743.328125,2024-08-05,2024-08-05,38703.26953125,-0.050070985548630875,2024-08-06,2024-08-06,38997.66015625,-0.04284549272446059,2024-08-07,2024-08-07,38763.44921875,-0.048593941569421095,2024-08-08,2024-08-08,39446.48828125,-0.031829501992849285,2024-08-09,2024-08-09,39497.5390625,-0.03057651693739738,-0.050070985548630875,0.007606350279071528,-0.006005768975923087,0.017620698783678224,0.0012941780998605434,0.0205220267142725,0.00954550333629478,2.202024107180666,2172.0,1.3980174978500806,-0.8040066093305906,-2.2238043821189244,-2233.0,-1.7550472402422344,0.4687571418766794,-0.021780274938257183,-61.0,-0.028164682106947225,-0.006384407168695816,0.021780274938257183,61.0,0.028164682106950778,0.006384407168692263,-0.04284549272446059,-0.023996260123877677,0.002249217950945237,0.012447973652127908,0.036563597644246215,0.1008023552936006,0.09546741356809574,5.0,DJIA x $5,203716.640625,5613208315.78125,2855292435.0,2757915880.78125,442472543.4375,1387310322.65625,9801011297.109375,13238322174.375,-3437310877.265625,-454899258.515625,-1584711747.421875,15852821540.15625,16532216536.640625,-679394996.484375,-12426715.078125,-197401424.765625,2926796975.859375,2247401979.375,679394996.484375,12426715.078125,197401424.765625
2024-08-06,DJIA Consolidated - CHICAGO BOARD OF TRADE,84440,21484,14115,7369,8.726906679298912,25.44291804831833,16.716011369019423,2059,2.4384178114637614,48536,55857,-7321,-8.670061582188536,57.47986736144007,66.14992894362861,72079,72031,48,0.05684509711037423,85.36120322122217,85.30435812411179,12361,12409,-48,-0.05684509711037423,14.638796778777829,14.695641875888205,38997.66015625,2024-08-12,2024-08-12,39357.01171875,0.009214695473015677,2024-08-13,2024-08-13,39765.640625,0.019692988391430966,2024-08-14,2024-08-14,40008.390625,0.025917720824797152,2024-08-15,2024-08-15,40563.05859375,0.040140829763324115,2024-08-16,2024-08-16,40659.76171875,0.04262054584404651,0.009214695473015677,0.010382620234740125,0.006104516265416082,0.013863791071951015,0.002384019557511774,0.03310083624512994,-0.04284549272446059,-5.958779712196449,-6169.0,-4.4469772708767685,1.5118024413196895,9.633350035753645,9552.0,5.29024865991596,-4.343101375837676,3.6745703235571936,3383.0,0.9461682372225937,-2.7284020863345972,-3.6745703235571936,-3383.0,-0.9461682372226061,2.72840208633459,0.019692988391430966,0.04711330337226771,0.05776859008267832,0.04972784324700563,0.08267723594394338,0.14253108735189546,0.13113807609250605,5.0,DJIA x $5,194988.30078125,4189128653.984375,2752259865.5273438,1436868788.4570312,-1202882827.5195312,-83065016.1328125,9463952166.71875,10891461516.738281,-1427509350.0195312,1862528249.0625,729256244.921875,14054561732.011719,14045202293.574219,9359438.4375,659645421.5429688,646191228.7890625,2410250385.9570312,2419609824.3945312,-9359438.4375,-659645421.5429688,-646191228.7890625
2024-08-13,DJIA Consolidated - CHICAGO BOARD OF TRADE,81881,18012,16775,1237,1.510728984746156,21.997777262124302,20.487048277378147,1559,1.9039826089080496,48794,52578,-3784,-4.6213407261757915,59.59135819054482,64.21269891672061,68365,70912,-2547,-3.1106117414296355,83.49311806157716,86.6037298030068,13516,10969,2547,3.1106117414296355,16.506881938422833,13.396270196993198,39765.640625,2024-08-19,2024-08-19,40896.53125,0.028438888629120473,2024-08-20,2024-08-20,40834.96875,0.026890755642139164,2024-08-21,2024-08-21,40890.48828125,0.028286924052289164,2024-08-22,2024-08-22,40712.78125,0.023818065297420254,2024-08-23,2024-08-23,41175.078125,0.035443601004478964,0.028438888629120473,-0.0015053232662610716,0.00135960753612685,-0.004345925879576384,0.011355079677834556,0.006811014687217565,0.019692988391430966,-7.216177694552756,-6132.0,-3.4451407861940275,3.771036908358724,4.048720856012745,3537.0,2.1114908291047456,-1.9372300269079972,-3.16745683854001,-2595.0,-1.8680851596450054,1.2993716788950138,3.16745683854001,2595.0,1.8680851596450037,-1.2993716788950067,0.026890755642139164,0.0373402603771078,0.029454801785932405,0.024426120068322232,0.10424426159361033,0.12141154364968809,0.11801567072075803,5.0,DJIA x $5,198828.203125,3581293594.6875,3335343107.421875,245950487.265625,-1219214541.5625,-2784390156.5625,9701623343.28125,10453989263.90625,-752365920.625,703255354.453125,2759138974.765625,13592890106.640625,14099305540.0,-506415433.359375,-515959187.109375,-25251181.796875,2687361993.4375,2180946560.078125,506415433.359375,515959187.109375,25251181.796875
2024-08-20,DJIA Consolidated - CHICAGO BOARD OF TRADE,87145,22507,15779,6728,7.7204658901830285,25.827069826151817,18.10660393596879,1591,1.8256928108325206,49419,57029,-7610,-8.732572149865167,56.70893338688393,65.4415055367491,73517,74399,-882,-1.0121062596821389,84.36169602386826,85.3738022835504,13628,12746,882,1.0121062596821389,15.638303976131734,14.626197716449596,40834.96875,2024-08-26,2024-08-26,41240.51953125,0.009931458102315771,2024-08-27,2024-08-27,41250.5,0.01017586795630887,2024-08-28,2024-08-28,41091.421875,0.006280233164130955,2024-08-29,2024-08-29,41335.05078125,0.012246416406281657,2024-08-30,2024-08-30,41563.078125,0.017830535868843977,0.009931458102315771,0.0002420063777914816,-0.0038563926497861,0.005928948065879069,0.005516561355077165,0.00782139986150221,0.026890755642139164,6.2097369054368725,5491.0,3.829292564027515,-2.3804443414093583,-4.111231423689375,-3826.0,-2.8824248036608893,1.228806620028493,2.0985054817474964,1665.0,0.8685779622910985,-1.2299275194563961,-2.0985054817474964,-1665.0,-0.8685779622910985,1.2299275194563979,0.01017586795630887,0.002496902547525437,-0.002400095200268737,0.01888604206413169,0.05960510637711702,0.091131968694111,0.10009315315687606,5.0,DJIA x $5,204174.84375,4595363208.28125,3221674859.53125,1373688348.75,1121124067.03125,-946962925.3125,10090116603.28125,11643887164.21875,-1553770560.9375,-781172952.1875,1435349151.5625,15010321987.96875,15190404200.15625,-180082212.1875,339951114.84375,488386226.25,2782494770.625,2602412558.4375,180082212.1875,-339951114.84375,-488386226.25
2024-08-27,DJIA Consolidated - CHICAGO BOARD OF TRADE,92406,21999,15075,6924,7.493019933770534,23.806895656126226,16.313875722355693,2355,2.5485358093630284,51164,61600,-10436,-11.293638941194295,55.36869900222929,66.6623379434236,75518,79029,-3511,-3.7995368266129903,81.72413046771855,85.52366729433155,16888,13377,3511,3.7995368266129903,18.27586953228145,14.476332705668463,41250.5,2024-09-02,2024-09-03,40936.9296875,-0.007601612404698144,2024-09-03,2024-09-03,40936.9296875,-0.007601612404698144,2024-09-04,2024-09-04,40974.96875,-0.006679464491339493,2024-09-05,2024-09-05,40755.75,-0.011993794014617976,2024-09-06,2024-09-06,40345.41015625,-0.021941306014472528,-0.007601612404698144,0.0,0.0009292114184034084,-0.005350065093094214,-0.010068268741220576,-0.014449533361819755,0.01017586795630887,-0.22744595641249443,196.0,-2.020174170025591,-1.7927282136130955,-2.5610667913291287,-2826.0,-1.3402343846546358,1.2208324066744893,-2.7874305669308512,-2629.0,-2.6375655561497098,0.14986501078114145,2.7874305669308512,2629.0,2.637565556149717,-0.14986501078113257,-0.007601612404698144,-0.01244928091780706,0.008622433364444015,0.023217142822511194,0.08750945064302251,0.057469852638149854,0.10103078296020662,5.0,DJIA x $5,206252.5,4537348747.5,3109256437.5,1428092310.0,40425490.0,-1364154035.0,10552702910.0,12705154000.0,-2152451090.0,-582869565.0,1327647342.5,15575776295.0,16299928822.5,-724152527.5,-542237822.5,-36300440.0,3483192220.0,2759039692.5,724152527.5,542237822.5,36300440.0
2024-09-03,DJIA Consolidated - CHICAGO BOARD OF TRADE,85167,19772,12636,7136,8.378832176782087,23.21556471403243,14.836732537250343,1747,2.051263987225099,50054,57250,-7196,-8.449281998896288,58.77158993506875,67.22087193396503,71573,71633,-60,-0.07044982211419916,84.03841863632627,84.10886845844048,13594,13534,60,0.07044982211419916,15.961581363673725,15.891131541559526,40936.9296875,2024-09-09,2024-09-09,40829.58984375,-0.00262207851368923,2024-09-10,2024-09-10,40736.9609375,-0.004884800876042705,2024-09-11,2024-09-11,40861.7109375,-0.0018374301779394697,2024-09-12,2024-09-12,41096.76953125,0.003904539128121387,2024-09-13,2024-09-13,41393.78125,0.011159888296153664,-0.00262207851368923,-0.002268670995826283,0.003062329568261024,0.005752539195178041,0.00722713055400015,0.01381819921309746,-0.007601612404698144,0.8858122430115527,212.0,-0.5913309420937978,-1.4771431851053496,2.844356942298008,3240.0,3.4028909328394548,0.5585339905414344,3.729087004498791,3451.0,2.3142881686077175,-1.4147988358910624,-3.729087004498791,-3451.0,-2.3142881686077263,1.4147988358910624,-0.004884800876042705,0.016348319356357388,0.031054821946946864,0.02980289610904885,0.09205872524559977,0.03869510014166222,0.10647791467323886,5.0,DJIA x $5,204684.6484375,4047024868.90625,2586395217.65625,1460629651.25,43393145.46875,-47691523.0859375,10245285392.890625,11718196123.046875,-1472910730.15625,663178260.9375,25585581.0546875,14649894342.617188,14662175421.523438,-12281078.90625,706366721.7578125,-22105942.03125,2782483110.859375,2770202031.953125,12281078.90625,-706366721.7578125,22105942.03125
2024-09-10,DJIA Consolidated - CHICAGO BOARD OF TRADE,85971,19636,11468,8168,9.500878203115004,22.840260087703992,13.339381884588988,2389,2.7788440288004095,49358,58544,-9186,-10.68499842970304,57.41238324551302,68.09738167521606,71383,72401,-1018,-1.1841202265880355,83.03148736201742,84.21560758860545,14588,13570,1018,1.1841202265880355,16.968512637982574,15.78439241139454,40736.9609375,2024-09-16,2024-09-16,41622.078125,0.021727619516290764,2024-09-17,2024-09-17,41606.1796875,0.021337348933161415,2024-09-18,2024-09-18,41503.1015625,0.018807014744556927,2024-09-19,2024-09-19,42025.19140625,0.03162313631413127,2024-09-20,2024-09-20,42063.359375,0.03256007338237632,0.021727619516290764,-0.0003819712569913536,-0.0024774715144291193,0.01257953801268985,0.0009082164166971385,0.010602095567519232,-0.004884800876042705,1.1220460263329173,1032.0,-0.3753046263284361,-1.4973506526613551,-2.235716430806752,-1990.0,-1.3592066895557267,0.8765097412510272,-1.1136704044738364,-958.0,-1.0069312743088545,0.10673913016496783,1.1136704044738364,958.0,1.0069312743088492,-0.1067391301649856,0.021337348933161415,0.03611604249902811,0.0348579712335102,0.032977672495282606,0.08618382684183268,0.01709797479293118,0.12210972030736067,5.0,DJIA x $5,203684.8046875,3999554824.84375,2335857340.15625,1663697484.6875,210202718.4375,1411739381.2890625,10053474589.765625,11924523205.625,-1871048615.859375,-405332761.328125,-1100305314.921875,14539632413.007812,14746983544.179688,-207351131.171875,-195130042.890625,311434066.3671875,2971353930.78125,2764002799.609375,207351131.171875,195130042.890625,-311434066.3671875
2024-09-17,DJIA Consolidated - CHICAGO BOARD OF TRADE,101534,22931,9878,13053,12.855792148442886,22.584552957629956,9.72876080918707,4013,3.9523706344672718,55781,71737,-15956,-15.714932928871118,54.938247286623195,70.65318021549432,82725,85628,-2903,-2.859140780428231,81.47517087872043,84.33431165914867,18809,15905,2904,2.8601256721886266,18.52482912127957,15.664703449090943,41606.1796875,2024-09-23,2024-09-23,42124.6484375,0.01246133997146992,2024-09-24,2024-09-24,42208.21875,0.014469943335866375,2024-09-25,2024-09-25,41914.75,0.0074164538733823004,2024-09-26,2024-09-26,42175.109375,0.013674163111662141,2024-09-27,2024-09-27,42313.0,0.01698834927428705,0.01246133997146992,0.0019838815420381017,-0.006952881658859433,0.0062116408901400355,0.0032694787765443767,0.004471291025240465,0.021337348933161415,3.3549139453278816,4885.0,-0.2557071300740361,-3.6106210754019177,-5.029934499168078,-6770.0,-2.474135958889825,2.5557985402782606,-1.6750205538401954,-1885.0,-1.5563164832969818,0.11870407054321674,1.676005445600591,1886.0,1.556316483296996,-0.11968896230359682,0.014469943335866375,0.01323815516437521,0.01139713883398108,0.02726138751548879,0.04431357946939607,-0.0005977740310887381,0.0997861082460143,5.0,DJIA x $5,208030.8984375,4770356532.0703125,2054929214.765625,2715427317.3046875,1016230938.8671875,1315795432.6171875,11604171545.742188,14923512561.210938,-3319341015.46875,-1408369182.421875,-1736225878.359375,17209356073.242188,17813269771.40625,-603913698.1640625,-392138243.5546875,-420430445.7421875,3912853168.7109375,3308731439.6484375,604121729.0625,392346274.453125,420638476.640625
2024-09-24,DJIA Consolidated - CHICAGO BOARD OF TRADE,87645,23223,7787,15436,17.611957327856693,26.49666267328427,8.884705345427577,1306,1.4901021164926693,48223,67076,-18853,-21.510639511666383,55.020822636773346,76.53146214843973,72752,76169,-3417,-3.8986821838096866,83.00758742655029,86.90626961035997,14893,11476,3417,3.8986821838096866,16.992412573449712,13.093730389640026,42208.21875,2024-09-30,2024-09-30,42330.1484375,0.0028887664798695756,2024-10-01,2024-10-01,42156.96875,-0.001214218498618802,2024-10-02,2024-10-02,42196.51953125,-0.00027717868928078815,2024-10-03,2024-10-03,42011.58984375,-0.0046585454698914175,2024-10-04,2024-10-04,42352.75,0.0034242442415317598,0.0028887664798695756,-0.004091166553684467,0.000938178963590719,-0.004382581538817321,0.008120619988885025,0.0005339353471289776,0.014469943335866375,4.756165179413808,2383.0,3.9121097156543136,-0.8440554637594939,-5.795706582795265,-2897.0,0.08257535015015094,5.878281932945413,-1.0395414033814556,-514.0,1.532416547829854,2.571957951211303,1.03855651162106,513.0,-1.5324165478298575,-2.5709730594509175,-0.001214218498618802,-0.0030289753994889868,0.012608992768736504,0.0169794389866309,0.02579622007858373,0.008985957266912648,0.09677173358565394,5.0,DJIA x $5,211041.09375,4901007320.15625,1643376997.03125,3257630323.125,502910926.40625,1796381790.0,10177034663.90625,14155792404.375,-3978757740.46875,-611386048.59375,-1776332886.09375,15353661652.5,16074789069.84375,-721127417.34375,-108475122.1875,19837862.8125,3143035009.21875,2421907591.875,721127417.34375,108264081.09375,-19837862.8125
2024-10-01,DJIA Consolidated - CHICAGO BOARD OF TRADE,89570,25145,8095,17050,19.035391314056046,28.07301551858881,9.037624204532769,1144,1.2772133526850507,49331,67963,-18632,-20.80160768114324,55.07536005358937,75.87696773473262,75620,77202,-1582,-1.7662163670871942,84.42558892486323,86.19180529195043,13950,12368,1582,1.7662163670871942,15.574411075136766,13.80819470804957,42156.96875,2024-10-07,2024-10-07,41954.23828125,-0.00480894321297709,2024-10-08,2024-10-08,42080.37109375,-0.0018169630910666035,2024-10-09,2024-10-09,42512.0,0.008421650335094455,2024-10-10,2024-10-10,42454.12109375,0.007048712290302017,2024-10-11,2024-10-11,42863.859375,0.016768061033799908,-0.00480894321297709,0.0030064379110983364,0.010257250471683799,-0.0013614722019664738,0.009651319370036937,0.021681268234502227,-0.001214218498618802,1.4234339861993526,1614.0,1.576352845304541,0.15291885910519198,0.7090318305231449,221.0,0.054537416816025086,-0.6544944137071127,2.132465816722492,1835.0,1.4180014983129468,-0.7144643184095401,-2.132465816722492,-1835.0,-1.4180014983129468,0.7144643184095436,-0.0018169630910666035,0.013840016070889805,0.018215775416727586,0.001804732017171018,0.00918590713427414,-0.003961570707096906,0.10059835896052172,5.0,DJIA x $5,210784.84375,5300184896.09375,1706303310.15625,3593881585.9375,340206737.8125,2089720940.9375,10398227127.03125,14325570335.78125,-3927343208.75,46583450.46875,-2410535473.125,15939549884.375,16273011507.1875,-333461622.8125,386790188.28125,-320814532.1875,2940448570.3125,2606986947.5,333461622.8125,-386790188.28125,320814532.1875
2024-10-08,DJIA Consolidated - CHICAGO BOARD OF TRADE,84731,20585,6299,14286,16.860417084656145,24.294532107493126,7.434115022836978,1671,1.972123543921351,48713,64556,-15843,-18.69799719111069,57.491354994039966,76.18935218515065,70969,72526,-1557,-1.8375801064545443,83.75801064545443,85.59559075190897,13762,12205,1557,1.8375801064545443,16.24198935454556,14.404409248091019,42080.37109375,2024-10-14,2024-10-14,43065.21875,0.023403967946382442,2024-10-15,2024-10-15,42740.421875,0.01568547909854412,2024-10-16,2024-10-16,43077.69921875,0.02370055441711938,2024-10-17,2024-10-17,43239.05078125,0.02753492085225684,2024-10-18,2024-10-18,43275.91015625,0.02841084884533185,0.023403967946382442,-0.007541976667655992,0.007891296551456817,0.0037455937857928667,0.0008524556930371574,0.004892379798953295,-0.0018169630910666035,-2.1749742293999006,-2764.0,-3.778483411095685,-1.6035091816957907,2.1036104900325476,2789.0,2.415994940450595,0.31238445041803686,-0.07136373936735008,25.0,-0.6675782794088008,-0.5962145400414585,0.07136373936735008,-25.0,0.6675782794087937,0.5962145400414496,0.01568547909854412,0.02006920350983865,0.0036282875728412822,0.003362798588081306,0.010646015460556102,-0.10538835886498821,0.10747551072979311,5.0,DJIA x $5,210401.85546875,4331122194.824219,1325321287.5976562,3005800907.2265625,-581550728.515625,1287238551.7578125,10249305585.449219,13582702181.640625,-3333396596.1914062,586810774.9023438,-1400645151.8554688,14932009280.761719,15259604969.726562,-327595688.96484375,5260046.38671875,-113406600.09765625,2895550334.9609375,2567954645.9960938,327595688.96484375,-5260046.38671875,113406600.09765625
2024-10-15,DJIA Consolidated - CHICAGO BOARD OF TRADE,91117,23983,11383,12600,13.828374507501346,26.321103635984507,12.492729128483159,1442,1.5825806380807095,49858,65588,-15730,-17.263518333571124,54.71865842817476,71.98217676174589,75282,78412,-3130,-3.435143826069778,82.6212452121997,86.05638903826947,15835,12705,3130,3.435143826069778,17.3787547878003,13.94361096173052,42740.421875,2024-10-21,2024-10-21,42931.6015625,0.004473041657359733,2024-10-22,2024-10-22,42924.890625,0.00431602548377974,2024-10-23,2024-10-23,42514.94921875,-0.0052753961322474785,2024-10-24,2024-10-24,42374.359375,-0.008564784434524242,2024-10-25,2024-10-25,42114.3984375,-0.014647104778958142,0.004473041657359733,-0.00015631696130014028,-0.009550202697808263,-0.0033068331571238785,-0.006134864133270468,-0.019035002079070162,0.01568547909854412,-3.032042577154799,-1686.0,2.026571528491381,5.058614105646181,1.4344788575395668,113.0,-2.7726965658652034,-4.207175423404763,-1.5975637196152337,-1573.0,-1.1367654332547374,0.46079828636050024,1.5975637196152337,1573.0,1.136765433254741,-0.46079828636049847,0.00431602548377974,-0.011870989370059926,-0.01213237834353964,0.02738762376219528,-0.005197436413933332,-0.055485201911100734,0.08259251798739986,5.0,DJIA x $5,213702.109375,5125217689.140625,2432571111.015625,2692646578.125,-360301756.40625,-96807055.546875,10654759769.21875,14016293949.6875,-3361534180.46875,24148338.359375,48296676.71875,16087922197.96875,16756809800.3125,-668887602.34375,-336153418.046875,-48510378.828125,3383972901.953125,2715085299.609375,668887602.34375,336153418.046875,48296676.71875
2024-10-22,DJIA Consolidated - CHICAGO BOARD OF TRADE,91035,24760,12524,12236,13.440984236831987,27.198330312517164,13.757346075685176,2624,2.8824078651068272,48586,62979,-14393,-15.810402592409512,53.370681605975726,69.18108419838524,75970,78127,-2157,-2.3694183555775252,83.45141978359972,85.82083813917724,15065,12908,2157,2.3694183555775252,16.548580216400286,14.179161860822761,42924.890625,2024-10-28,2024-10-28,42387.5703125,-0.012517686234640224,2024-10-29,2024-10-29,42233.05078125,-0.01611745152233568,2024-10-30,2024-10-30,42141.5390625,-0.018249354886970104,2024-10-31,2024-10-31,41763.4609375,-0.027057254441169576,2024-11-01,2024-11-01,42052.19140625,-0.02033084315517697,-0.012517686234640224,-0.0036453972263759127,-0.002166827095300139,-0.00897162593988965,0.006913470825181234,-0.00791219934941867,0.00431602548377974,-0.3873902706693588,-364.0,0.8772266765326577,1.2646169472020166,1.4531157411616125,1337.0,-1.347976822199037,-2.8010925633606547,1.0657254704922527,973.0,0.8301745714000219,-0.2355508990922317,-1.0657254704922527,-973.0,-0.8301745714000148,0.23555089909224058,-0.01611745152233568,-0.016377717182593288,0.02297244860481218,0.008015181314163122,0.02564754278276049,-0.08708024882125132,0.0931824775325214,5.0,DJIA x $5,214624.453125,5314101459.375,2687956650.9375,2626144808.4375,-78123300.9375,-686798250.0,10427743679.53125,13516833433.359375,-3089089753.828125,286952893.828125,957225060.9375,16305019703.90625,16767964649.296875,-462944945.390625,208829592.890625,270426810.9375,3233317386.328125,2770372440.9375,462944945.390625,-208829592.890625,-270426810.9375
2024-10-29,DJIA Consolidated - CHICAGO BOARD OF TRADE,89974,23118,13493,9625,10.697534843399206,25.694089403605485,14.996554560206283,2424,2.6941116322493164,47980,60882,-12902,-14.339698135016782,53.32651654922533,67.6662146842421,73522,76799,-3277,-3.642163291617578,81.71471758508014,85.35688087669772,16452,13175,3277,3.642163291617578,18.285282414919866,14.643119123302286,42233.05078125,2024-11-04,2024-11-04,41794.6015625,-0.010381661060220093,2024-11-05,2024-11-05,42221.87890625,-0.00026452919676267506,2024-11-06,2024-11-06,43729.9296875,0.035443305149874815,2024-11-07,2024-11-07,43729.33984375,0.0354293387482274,2024-11-08,2024-11-08,43988.98828125,0.04157733025480548,-0.010381661060220093,0.010223266349627558,0.03571728261071705,-1.3488330628863565e-05,0.005937625366121635,0.05250407078216779,-0.01611745152233568,-2.7434493934327815,-2611.0,-1.5042409089116795,1.2392084845211073,1.4707044573927295,1491.0,-0.04416505675039417,-1.514869514143129,-1.272744936040053,-1120.0,-1.7367021985195805,-0.46395726247952496,1.272744936040053,1120.0,1.7367021985195805,0.46395726247952496,-0.00026452919676267506,0.03973025051377399,0.024527961059822356,0.062208572762316505,0.06197280880338374,-0.04038139930580509,0.12959803308668305,5.0,DJIA x $5,211165.25390625,4881718339.8046875,2849252770.9570312,2032465568.8476562,-551352477.9492188,-1567902010.2539062,10131708882.421875,12856162988.320312,-2724454105.8984375,314847393.57421875,1209976904.8828125,15525291797.695312,16217280334.746094,-691988537.0507812,-236505084.375,-357925105.37109375,3474090757.265625,2782102220.2148438,691988537.0507812,236505084.375,357925105.37109375
2024-11-05,DJIA Consolidated - CHICAGO BOARD OF TRADE,86343,24195,11264,12931,14.976315393257126,28.02195893123936,13.045643537982235,2174,2.517864795061557,43814,60931,-17117,-19.824421203803436,50.74412517517344,70.56854637897688,70183,74369,-4186,-4.8481058105463095,81.28394890147436,86.13205471202066,16160,11974,4186,4.8481058105463095,18.71605109852565,13.867945287979339,42221.87890625,2024-11-11,2024-11-11,44293.12890625,0.04905631993779891,2024-11-12,2024-11-12,43910.98046875,0.04000536229689122,2024-11-13,2024-11-13,43958.19140625,0.04112352517175588,2024-11-14,2024-11-14,43750.859375,0.036212989766394976,2024-11-15,2024-11-15,43444.98828125,0.028968615482882987,0.04905631993779891,-0.008627713754628785,0.0010751510669091413,-0.004716573285144743,-0.006991201958532978,-0.01914835654972935,-0.00026452919676267506,4.27878054985792,3306.0,2.327869527633876,-1.950911022224048,-5.4847230687866535,-4215.0,-2.5823913740518947,2.9023316947347695,-1.2059425189287314,-909.0,-0.4307686836057769,0.7751738353229456,1.2059425189287314,909.0,0.430768683605784,-0.7751738353229474,0.04000536229689122,0.02479905032944907,0.0624896322913151,0.0588238232899283,0.055283190059655984,-0.03298950549649304,0.11518576389740165,5.0,DJIA x $5,211109.39453125,5107791800.683594,2377936220.0,2729855580.6835938,697927658.3203125,-286053229.58984375,9249547011.992188,12863106518.183594,-3613559506.1914062,-889826097.9492188,-268953368.6328125,14816290636.386719,15699994561.894531,-883703925.5078125,-191898439.62890625,-555006598.2226562,3411527815.625,2527823890.1171875,883703925.5078125,191898439.62890625,555006598.2226562
2024-11-12,DJIA Consolidated - CHICAGO BOARD OF TRADE,88312,26664,12998,13666,15.474680677597608,30.192952260168493,14.718271582570885,2108,2.3869915753238518,43230,60875,-17645,-19.980297128363077,48.95144487725337,68.93174200561644,72002,75981,-3979,-4.5056164507654675,81.53138871274572,86.03700516351118,16310,12331,3979,4.5056164507654675,18.46861128725428,13.962994836488813,43910.98046875,2024-11-18,2024-11-18,43389.6015625,-0.01187354280601971,2024-11-19,2024-11-19,43268.94140625,-0.014621378426221132,2024-11-20,2024-11-20,43408.46875,-0.01144387379615952,2024-11-21,2024-11-21,43870.3515625,-0.0009252561845872753,2024-11-22,2024-11-22,44296.51171875,0.008779836976638977,-0.01187354280601971,-0.002780854211721584,0.003224653509314779,0.010640384832740768,0.009714081174910794,0.02090155529415627,0.04000536229689122,0.49836528434048155,735.0,2.170993328929132,1.6726280445886506,-0.15587592455964128,-528.0,-1.7926802979200644,-1.6368043733604338,0.34248935978084205,207.0,0.24743981127136294,-0.09504954850947911,-0.34248935978084205,-207.0,-0.24743981127137005,0.09504954850947378,-0.014621378426221132,0.021619378908553477,0.01809458073511827,0.007671148597780064,0.015546634610808407,-0.040321367511027106,0.07874222803930997,5.0,DJIA x $5,219554.90234375,5854211916.09375,2853774620.6640625,3000437295.4296875,161372853.22265625,234045525.8984375,9491358428.320312,13365404680.175781,-3874046251.8554688,-115924988.4375,-420447637.98828125,15808392078.554688,16682001034.980469,-873608956.4257812,45447864.78515625,-186402112.08984375,3580940457.2265625,2707331500.8007812,873608956.4257812,-45447864.78515625,186402112.08984375
2024-11-19,DJIA Consolidated - CHICAGO BOARD OF TRADE,86770,20016,12464,7552,8.703468940878183,23.067880603895354,14.36441166301717,4045,4.661749452575775,44691,59509,-14818,-17.077330874726286,51.50512850063386,68.58245937536014,68752,76017,-7265,-8.372709461795552,79.234758557105,87.60746801890053,18018,10752,7266,8.373861933848104,20.76524144289501,12.391379509046905,43268.94140625,2024-11-25,2024-11-25,44736.5703125,0.033918761553940024,2024-11-26,2024-11-26,44860.30859375,0.03677850984517339,2024-11-27,2024-11-27,44722.05859375,0.033583377366613876,2024-11-28,2024-11-29,44910.6484375,0.03794192734775015,2024-11-29,2024-11-29,44910.6484375,0.03794192734775015,0.033918761553940024,0.002765931326108584,-0.0030817888760413803,0.004216931189664708,0.0,0.003891181728594928,-0.014621378426221132,-6.771211736719424,-6114.0,-7.125071656273139,-0.3538599195537149,2.902966253636791,2827.0,2.5536836233804863,-0.34928263025629747,-3.867093011030084,-3286.0,-2.2966301556407274,1.5704628553893514,3.868245483082637,3287.0,2.296630155640731,-1.5716153274419078,0.03677850984517339,0.033201409534426185,0.022623311015614656,0.004182146023657074,0.029753407309244695,-0.013675008118283483,0.06523840850407914,5.0,DJIA x $5,216344.70703125,4330355655.9375,2696520428.4375,1633835227.5,-1322731538.7890625,-1013358607.734375,9668661301.933594,12874457170.722656,-3205795868.7890625,611606486.7773438,-91946500.48828125,14874131297.8125,16445875594.394531,-1571744296.5820312,-710908707.3046875,-1105088763.515625,3898098931.2890625,2326138290.0,1571960641.2890625,711125052.0117188,1105305108.2226562
2024-11-26,DJIA Consolidated - CHICAGO BOARD OF TRADE,89349,24909,13413,11496,12.86640029547057,27.878319846892524,15.01191955142195,2013,2.252963099754894,44731,59090,-14359,-16.070689095569062,50.063235178905195,66.13392427447425,71652,74516,-2864,-3.2054080068047766,80.19339891884633,83.3988069256511,17696,14833,2863,3.2042888000984906,19.80548187444739,16.601193074348902,44860.30859375,2024-12-02,2024-12-02,44782.0,-0.0017456097874660736,2024-12-03,2024-12-03,44705.53125,-0.0034502068443542644,2024-12-04,2024-12-04,45014.0390625,0.003426870513579594,2024-12-05,2024-12-05,44765.7109375,-0.0021087161282519196,2024-12-06,2024-12-06,44642.51953125,-0.00485482755975386,-0.0017456097874660736,-0.001707577821446149,0.006900886844958265,-0.005516681688021996,-0.002751914437860603,-0.003114654744093559,0.03677850984517339,4.162931354592386,3944.0,4.81043924299717,0.64750788840478,1.0066417791572242,459.0,-1.4418933217286636,-2.4485351008858913,5.167301454990775,4401.0,0.958640361741331,-4.208661093249432,-5.169573133749614,-4403.0,-0.9597595684476197,4.209813565301998,-0.0034502068443542644,-0.013653059641130727,-0.03144004578797077,-0.03484767253624732,-0.027622378809775694,-0.05609992965141186,0.050203413565321986,5.0,DJIA x $5,224301.54296875,5587127133.808594,3008556595.8398438,2578570537.96875,884645285.46875,419668186.89453125,10033232318.535156,13253978174.023438,-3220745855.4882812,102954408.22265625,-326807348.10546875,16071654156.796875,16714053775.859375,-642399619.0625,987151090.6054688,92636537.24609375,3969240104.375,3327064786.8554688,642175317.5195312,-987599693.6914062,-92860838.7890625
2024-12-03,DJIA Consolidated - CHICAGO BOARD OF TRADE,92337,26196,15696,10500,11.371389583807142,28.369992527372563,16.99860294356542,2216,2.399904696925393,48062,61675,-13613,-14.742735848034915,52.05064058827988,66.7933764363148,76474,79587,-3113,-3.3713462642277743,82.82053781257784,86.19188407680561,15863,12750,3113,3.3713462642277743,17.17946218742216,13.808115923194386,44705.53125,2024-12-09,2024-12-09,44401.9296875,-0.006791140917266292,2024-12-10,2024-12-10,44247.828125,-0.010238176623837747,2024-12-11,2024-12-11,44148.55859375,-0.012458696735652808,2024-12-12,2024-12-12,43914.12109375,-0.017702734630851702,2024-12-13,2024-12-13,43828.05859375,-0.01962783198667395,-0.006791140917266292,-0.0034706050747019823,-0.0022434893520550947,-0.00531019601698135,-0.001959791016112322,-0.012924462918366242,-0.0034502068443542644,-1.4950107116634275,-996.0,0.49167268048003976,1.986683392143469,1.327953247534147,746.0,1.9874054093746878,0.659452161840548,-0.16593825742299773,-249.0,2.6271388937315123,2.793077151154506,0.16705746412928368,250.0,-2.626019687025231,-2.7930771511545167,-0.010238176623837747,-0.028086744020070276,-0.03150616849005683,-0.048345527713642866,-0.048865160700891974,-0.04889530588007496,0.06193707154525763,5.0,DJIA x $5,223527.65625,5855530483.125,3508490092.5,2347040390.625,-222633545.625,-543395732.34375,10743186214.6875,13786068199.21875,-3042881984.53125,166751631.5625,783240907.5,17094053984.0625,17789895577.96875,-695841593.90625,-55658386.40625,239845175.15625,3545819211.09375,2849977617.1875,695841593.90625,55881914.0625,-239845175.15625
2024-12-10,DJIA Consolidated - CHICAGO BOARD OF TRADE,92474,24147,14026,10121,10.944697969158899,26.11220451153838,15.16750654237948,3129,3.383653783766248,45997,62448,-16451,-17.78986525942427,49.74046759089041,67.53033285031468,73273,79603,-6330,-6.845167290265372,79.23632588619503,86.08149317646041,19201,12871,6330,6.845167290265372,20.76367411380496,13.91850682353959,44247.828125,2024-12-16,2024-12-16,43717.48046875,-0.011985846056709715,2024-12-17,2024-12-17,43449.8984375,-0.01803319442585638,2024-12-18,2024-12-18,42326.87109375,-0.043413589155682386,2024-12-19,2024-12-19,42342.23828125,-0.04306629103617732,2024-12-20,2024-12-20,42840.26171875,-0.03181097165432911,-0.011985846056709715,-0.006120710260081763,-0.02584648950020918,0.00036305985070250735,0.011761859025778865,-0.020065629139516594,-0.010238176623837747,-0.42669161464824334,-379.0,-2.2577880158341834,-1.83109640118594,-3.0471294113893563,-2838.0,-2.310172997389472,0.7369564139998772,-3.4738210260375975,-3217.0,-3.5842119263828067,-0.11039090034519461,3.4738210260375975,3217.0,3.5842119263827996,0.11039090034520349,-0.01803319442585638,-0.021487989700059384,-0.038501536622030486,-0.038859958168850794,-0.06360419879365553,-0.031209600329959675,0.07486154864239447,5.0,DJIA x $5,221239.140625,5342261528.671875,3103100186.40625,2239161342.265625,-83849634.296875,-784292753.515625,10176336751.328125,13815941853.75,-3639605102.421875,-627876681.09375,264159533.90625,16210855551.015625,17611299311.171875,-1400443760.15625,-711726315.390625,-520133219.609375,4248012739.140625,2847568978.984375,1400443760.15625,711726315.390625,520133219.609375
2024-12-17,DJIA Consolidated - CHICAGO BOARD OF TRADE,108960,20489,14890,5599,5.138582966226138,18.8041483113069,13.665565345080763,7156,6.567547723935389,59009,72304,-13295,-12.201725403817914,54.15657121879589,66.35829662261379,86654,94351,-7697,-7.064060205580029,79.52826725403817,86.59232745961822,22306,14609,7697,7.064060205580029,20.47173274596182,13.40767254038179,43449.8984375,2024-12-23,2024-12-23,42906.94921875,-0.01249598361043347,2024-12-24,2024-12-24,43297.03125,-0.003518240387141325,2024-12-25,2024-12-26,43325.80078125,-0.0028561092364464136,2024-12-26,2024-12-26,43325.80078125,-0.0028561092364464136,2024-12-27,2024-12-27,42992.2109375,-0.01053368400062793,-0.01249598361043347,0.009091348565969382,0.0006644689120574032,0.0,-0.007699565564506905,0.001987130763255074,-0.01803319442585638,-5.806115002932761,-4522.0,-7.30805620023148,-1.5019411972987164,5.588139855606357,3156.0,4.416103627905478,-1.172036227700886,-0.21889291531465727,-1367.0,0.29194136784313685,0.5108342831578057,0.21889291531465727,1367.0,-0.2919413678431404,-0.5108342831577986,-0.003518240387141325,-0.020844230252983542,-0.02120923398303398,-0.021441182166169526,-0.043005620518028365,-0.028402774244114082,0.10735038398212593,5.0,DJIA x $5,217249.4921875,4451224845.4296875,3234844938.671875,1216379906.7578125,-982402203.671875,-424288258.2421875,12819675284.492188,15708007283.125,-2888331998.6328125,685639397.34375,330870976.6015625,18825537496.015625,20497706837.382812,-1672169341.3671875,-296980055.8203125,-93851780.625,4845967172.734375,3173797831.3671875,1672169341.3671875,296980055.8203125,93634531.1328125
2024-12-24,DJIA Consolidated - CHICAGO BOARD OF TRADE,82150,18570,12595,5975,7.273280584297018,22.6049908703591,15.33171028606208,2051,2.4966524650030433,46633,57644,-11011,-13.403530127814973,56.76567255021302,70.169202678028,67254,72290,-5036,-6.130249543517955,81.86731588557517,87.99756542909313,14896,9860,5036,6.130249543517955,18.132684114424833,12.002434570906878,43297.03125,2024-12-30,2024-12-30,42573.73046875,-0.016705551405444274,2024-12-31,2024-12-31,42544.21875,-0.017387162081695884,2025-01-01,2025-01-02,42392.26953125,-0.02089662253113489,2025-01-02,2025-01-02,42392.26953125,-0.02089662253113489,2025-01-03,2025-01-03,42732.12890625,-0.013047138047138085,-0.016705551405444274,-0.0006931908109781837,-0.0035715597374790242,0.0,0.008017012978025928,0.003720567489763793,-0.003518240387141325,2.13469761807088,376.0,3.8008425590521995,1.666144940981317,-1.2018047239970588,2284.0,2.609101331417129,3.8109060554142076,0.9338106620620739,2661.0,2.339048631536997,1.4052379694749106,-0.9338106620620739,-2661.0,-2.3390486315369863,-1.4052379694749124,-0.017387162081695884,-0.017753454516584166,-0.017986221630380217,0.016832039581235803,-0.016387526569734523,-0.004804295184788199,0.11883906950895162,5.0,DJIA x $5,216485.15625,4020129351.5625,2726630542.96875,1293498808.59375,81398418.75,-1195214547.65625,10095352291.40625,12479070346.875,-2383718055.46875,494452096.875,724792303.125,14559492698.4375,15649711945.3125,-1090219246.875,576067000.78125,-470205759.375,3224762887.5,2134543640.625,1090219246.875,-576067000.78125,470422244.53125
2024-12-31,DJIA Consolidated - CHICAGO BOARD OF TRADE,83957,17408,12768,4640,5.526638636444846,20.73442357397239,15.207784937527544,1385,1.6496539895422657,49740,61058,-11318,-13.48071036363853,59.24461331395834,72.72532367759686,68533,75211,-6678,-7.954071727193683,81.62869087747299,89.58276260466668,15424,8746,6678,7.954071727193683,18.37130912252701,10.417237395333325,42544.21875,2025-01-06,2025-01-06,42706.55859375,0.0038157909234142195,2025-01-07,2025-01-07,42528.359375,-0.0003727739153748244,2025-01-08,2025-01-08,42635.19921875,0.002138491936698239,2025-01-09,2025-01-10,41938.44921875,-0.01423858632378816,2025-01-10,2025-01-10,41938.44921875,-0.01423858632378816,0.0038157909234142195,-0.004172642905862167,0.002512202335573921,-0.016342130745658268,0.0,-0.017985747395539597,-0.017387162081695884,-1.7466419478521713,-1335.0,-1.8705672963867102,-0.12392534853453618,-0.07718023582355649,-307.0,2.478940763745321,2.5561209995688614,-1.8238221836757278,-1642.0,-0.23862500810217568,1.5851971755735548,1.8238221836757278,1642.0,0.23862500810217568,-1.585197175573553,-0.0003727739153748244,-0.000609659802484952,0.03482470444353858,0.05420555084232204,-0.013027805628702538,0.045851650672278366,0.1368655957220979,5.0,DJIA x $5,212721.09375,3703048800.0,2716022925.0,987025875.0,-283982660.15625,-1246545609.375,10580747203.125,12988324542.1875,-2407577339.0625,-65305375.78125,488194910.15625,14578414717.96875,15998966182.03125,-1420551464.0625,-349288035.9375,-758350699.21875,3281010150.0,1860458685.9375,1420551464.0625,349288035.9375,758350699.21875
2025-01-07,DJIA Consolidated - CHICAGO BOARD OF TRADE,85367,15722,12963,2759,3.231928028395047,18.41695268663535,15.185024658240303,1113,1.303782492063678,51259,61736,-10477,-12.272892335445782,60.04545081823187,72.31834315367766,68094,75812,-7718,-9.040964307050734,79.7661859969309,88.80715030398163,17273,9555,7718,9.040964307050734,20.2338140030691,11.192849696018367,42528.359375,2025-01-13,2025-01-13,42297.12109375,-0.0054372725552618295,2025-01-14,2025-01-14,42518.28125,-0.0002369742249197504,2025-01-15,2025-01-15,43221.55078125,0.01629950970216565,2025-01-16,2025-01-16,43153.12890625,0.014690656786005007,2025-01-17,2025-01-17,43487.828125,0.022560681016160267,-0.0054372725552618295,0.005228728351506673,0.01654040357640274,-0.0015830499776903206,0.007756082287268873,0.028151018330794697,-0.0003727739153748244,-2.294710608049799,-1881.0,-2.3174708873370378,-0.022760279287240337,1.2078180281927473,841.0,0.800837504273531,-0.40698052391920214,-1.086892579857051,-1040.0,-1.8625048805420903,-0.7756123006850544,1.086892579857051,1040.0,1.8625048805420903,0.7756123006850419,-0.0002369742249197504,0.03521060395361175,0.05459867772056515,0.04767829554910974,-0.11481208311365765,0.04026495187953616,0.16303753194100268,5.0,DJIA x $5,212641.796875,3343154330.46875,2756475612.890625,586678717.578125,-399979219.921875,-1565468908.59375,10899805866.015625,13127653971.875,-2227848105.859375,178831751.171875,1270322094.53125,14479630516.40625,16120799904.6875,-1641169388.28125,-221147468.75,-295146814.0625,3672961757.421875,2031792369.140625,1641169388.28125,221147468.75,295146814.0625
2025-01-14,DJIA Consolidated - CHICAGO BOARD OF TRADE,81768,14679,13233,1446,1.7684179630173171,17.952010566480777,16.183592603463456,853,1.0431953820565503,50479,57439,-6960,-8.511887290871735,61.734419332746306,70.24630662361804,66011,71525,-5514,-6.7434693278544175,80.72962528128363,87.47309460913804,15757,10243,5514,6.7434693278544175,19.27037471871637,12.52690539086195,42518.28125,2025-01-20,2025-01-21,44025.80859375,0.0354559803319896,2025-01-21,2025-01-21,44025.80859375,0.0354559803319896,2025-01-22,2025-01-22,44156.73046875,0.038535170533263274,2025-01-23,2025-01-23,44565.0703125,0.04813903578240253,2025-01-24,2025-01-24,44424.25,0.04482704130943671,0.0354559803319896,0.0,0.002973752877728719,0.009247510841840612,-0.0031598808553994218,0.009050178042762091,-0.0002369742249197504,-1.46351006537773,-1313.0,-0.4649421201545749,0.9985679452231526,3.7610050445740466,3517.0,1.6889685145144355,-2.07203653005962,2.2974949791963164,2204.0,0.9634392843527309,-1.3340556948435847,-2.2974949791963164,-2204.0,-0.9634392843527309,1.3340556948435829,0.0354559803319896,0.05484864966172642,0.04792662714935125,0.04881117313508532,-0.05055049849880755,0.03539672273323613,0.1569608844724879,5.0,DJIA x $5,212591.40625,3120629252.34375,2813222078.90625,307407173.4375,-279132516.40625,-882892110.15625,10731401596.09375,12211037783.59375,-1479636187.5,747683975.78125,1346766558.59375,14033371317.96875,15205600332.03125,-1172229014.0625,468551459.375,464087039.84375,3349802788.28125,2177573774.21875,1172229014.0625,-468551459.375,-464087039.84375
2025-01-21,DJIA Consolidated - CHICAGO BOARD OF TRADE,81691,13377,11050,2327,2.848539006744929,16.375120882349343,13.526581875604412,807,0.9878689206889377,53190,58754,-5564,-6.811031815010221,65.11121176139353,71.92224357640377,67374,70611,-3237,-3.962492808265292,82.47420156443182,86.4366943726971,14317,11080,3237,3.962492808265292,17.525798435568177,13.563305627302885,44025.80859375,2025-01-27,2025-01-27,44713.578125,0.015621962508319154,2025-01-28,2025-01-28,44850.3515625,0.018728627482086813,2025-01-29,2025-01-29,44713.51953125,0.01562063161283156,2025-01-30,2025-01-30,44882.12890625,0.019450416468252296,2025-01-31,2025-01-31,44544.66015625,0.011785168269996538,0.015621962508319154,0.003058879276394366,-0.0030508574957170964,0.003770881307658236,-0.007519000506970297,-0.003777777933087312,0.0354559803319896,1.080121043727612,881.0,-1.5768896841314337,-2.657010727859044,1.7008554758615144,1396.0,3.376792428647228,1.675936952785733,2.7809765195891254,2277.0,1.7445762831481915,-1.0364002364409401,-2.7809765195891254,-2277.0,-1.7445762831481915,1.0364002364409348,0.018728627482086813,0.012043628173708854,0.012897885624084005,0.012050460103879113,-0.10990889842933926,0.010826213707921806,0.10136738864197814,5.0,DJIA x $5,220129.04296875,2944666207.7929688,2432425924.8046875,512240282.98828125,193933686.85546875,-803030748.75,11708663795.507812,12933461790.585938,-1224797995.078125,307300143.984375,1199042897.0507812,14830974140.976562,15543531853.066406,-712557712.0898438,501233830.83984375,396012148.30078125,3151587508.1835938,2439029796.09375,712557712.0898438,-501233830.83984375,-396012148.30078125
2025-01-28,DJIA Consolidated - CHICAGO BOARD OF TRADE,85619,15451,13180,2271,2.652448638736729,18.04622805685654,15.39377941811981,1058,1.235707027645733,54455,58224,-3769,-4.402060290356113,63.6015370420117,68.00359733236782,70964,72462,-1498,-1.7496116516193836,82.88347212651398,84.63308377813335,14655,13157,1498,1.7496116516193836,17.116527873486024,15.366916221866642,44850.3515625,2025-02-03,2025-02-03,44421.91015625,-0.00955268780118601,2025-02-04,2025-02-04,44556.0390625,-0.006562100178632235,2025-02-05,2025-02-05,44873.28125,0.0005112487795786436,2025-02-06,2025-02-06,44747.62890625,-0.002290342275396706,2025-02-07,2025-02-07,44303.3984375,-0.012195068844394807,-0.00955268780118601,0.0030194313071683077,0.007120071581205867,-0.0028001594768601867,-0.009927463859162211,-0.0026678663374255507,0.018728627482086813,-0.19609036800820023,-56.0,1.6711071745071955,1.867197542515397,2.408971524654108,1795.0,-1.5096747193818345,-3.918646244035955,2.2128811566459086,1739.0,0.4092705620821562,-1.8036105945637502,-2.2128811566459086,-1739.0,-0.4092705620821526,1.8036105945637573,-0.006562100178632235,-0.005723547665892337,-0.006555393848814983,-0.02740650548830359,-0.09638119475443074,-0.004846411982904919,0.09259812797593381,5.0,DJIA x $5,224251.7578125,3464913909.9609375,2955638167.96875,509275741.9921875,-12558098.4375,-531252414.2578125,12211629471.679688,13056834346.875,-845204875.1953125,402531905.2734375,1692876519.7265625,15913801741.40625,16249730874.609375,-335929133.203125,389973806.8359375,1161624105.46875,3286409510.7421875,2950480377.5390625,335929133.203125,-389973806.8359375,-1161624105.46875
2025-02-04,DJIA Consolidated - CHICAGO BOARD OF TRADE,82475,13205,11484,1721,2.086692937253713,16.010912397696274,13.924219460442558,1892,2.2940284934828736,52409,58492,-6083,-7.375568354046681,63.54531676265535,70.92088511670202,67506,71868,-4362,-5.288875416792967,81.85025765383449,87.13913307062747,14969,10607,4362,5.288875416792967,18.149742346165503,12.860866929372536,44556.0390625,2025-02-10,2025-02-10,44470.41015625,-0.0019218249209694838,2025-02-11,2025-02-11,44593.6484375,0.0008440915258927095,2025-02-12,2025-02-12,44368.55859375,-0.0042077454076879794,2025-02-13,2025-02-13,44711.4296875,0.003487532291235107,2025-02-14,2025-02-14,44546.078125,-0.0002235597622586294,-0.0019218249209694838,0.0027712422893557687,-0.0050475763171849986,0.0077277942898577034,-0.0036981944808226475,0.0017015352114841953,-0.006562100178632235,-0.5657557014830159,-550.0,-2.035315659160265,-1.4695599576772516,-2.973508063690568,-2314.0,-0.056220279356352876,2.9172877843342064,-3.5392637651735837,-2864.0,-1.0332144726794894,2.5060492924941116,3.5392637651735837,2864.0,1.0332144726794787,-2.5060492924941062,0.0008440915258927095,6.750628115170798e-06,-0.02098209189866762,-0.04567396079340391,-0.08364834803362975,-0.009971729772181193,0.10514734517083735,5.0,DJIA x $5,222780.1953125,2941812479.1015625,2558407762.96875,383404716.1328125,-122529107.421875,-231245842.734375,11675687256.132812,13030859184.21875,-1355171928.0859375,-515513371.953125,978896178.203125,15038999864.765625,16010767076.71875,-971767211.953125,-638042479.375,747650335.46875,3334796743.6328125,2363029531.6796875,971767211.953125,638042479.375,-747650335.46875
2025-02-11,DJIA Consolidated - CHICAGO BOARD OF TRADE,81382,14179,11302,2877,3.5351797694821956,17.422771620260008,13.887591850777813,2578,3.1677766582290925,49676,56946,-7270,-8.933179327123934,61.0405249318031,69.97370425892704,66433,70826,-4393,-5.3979995576417386,81.6310732102922,87.02907276793394,14949,10556,4393,5.3979995576417386,18.3689267897078,12.97092723206606,44593.6484375,2025-02-17,2025-02-18,44556.33984375,-0.0008366347015156261,2025-02-18,2025-02-18,44556.33984375,-0.0008366347015156261,2025-02-19,2025-02-19,44627.58984375,0.0007611264706803844,2025-02-20,2025-02-20,44176.6484375,-0.009351107492010735,2025-02-21,2025-02-21,43428.01953125,-0.02613889975572825,-0.0008366347015156261,0.0,0.0015990990339389555,-0.0101045431274428,-0.016946258548996562,-0.02532345153252691,0.0008440915258927095,1.4484868322284825,1156.0,1.4118592225637343,-0.036627609664744654,-1.557610973077253,-1187.0,-2.5047918308522483,-0.9471808577749812,-0.10912414084877131,-31.0,-0.2191844435422894,-0.11006030269352607,0.10912414084877131,31.0,0.2191844435422965,0.11006030269352429,-0.0008366347015156261,-0.02180777566592218,-0.04647881994125069,-0.07086587618367035,-0.055012739167065394,-0.0030282129234001642,0.12545491081181503,5.0,DJIA x $5,222968.2421875,3161466705.9765625,2519987073.203125,641479632.7734375,257751287.96875,319067554.5703125,11076170398.90625,12697149519.609375,-1620979120.703125,-264663303.4765625,-69120155.078125,14812449233.242188,15791948721.171875,-979499487.9296875,-6912015.5078125,249947399.4921875,3333152252.4609375,2353652764.53125,979499487.9296875,6912015.5078125,-249947399.4921875
2025-02-18,DJIA Consolidated - CHICAGO BOARD OF TRADE,82322,14587,15628,-1041,-1.2645465367702435,17.71944316221666,18.983989698986907,3071,3.7304730205777314,49596,52209,-2613,-3.174121134083234,60.2463496999587,63.42047083404193,67253,70907,-3654,-4.438667670853478,81.69505114064283,86.13371881149632,15069,11415,3654,4.438667670853478,18.304948859357157,13.866281188503681,44556.33984375,2025-02-24,2025-02-24,43461.2109375,-0.024578520365236334,2025-02-25,2025-02-25,43621.16015625,-0.020988700839868923,2025-02-26,2025-02-26,43433.12109375,-0.02520895463897843,2025-02-27,2025-02-27,43239.5,-0.029554488729727102,2025-02-28,2025-02-28,43840.91015625,-0.016056742766772714,-0.024578520365236334,0.0036802752454370147,-0.004310730430516996,-0.004457913428143279,0.013908813844979662,0.008736508039226765,-0.0008366347015156261,-4.799726306252439,-3918.0,0.2966715419566519,5.096397848209094,5.7590581930407,4657.0,-0.7941752318443989,-6.553233424885114,0.9593318867882603,739.0,0.0639779303506316,-0.8953539564376172,-0.9593318867882603,-739.0,-0.06397793035064225,0.8953539564376207,-0.020988700839868923,-0.04568040305010612,-0.0700878794342451,-0.06677009961843428,-0.042173606923046725,0.00821274118976656,0.1116979442196735,5.0,DJIA x $5,222781.69921875,3249716646.5039062,3481632395.390625,-231915748.88671875,-872858697.5390625,-750328762.96875,11049081154.453125,11631209734.511719,-582128580.0585938,1037494373.2617188,657428794.3945312,14982737617.558594,15796781946.503906,-814044328.9453125,164635675.72265625,-92899968.57421875,3357097425.5273438,2543053096.5820312,814044328.9453125,-164635675.72265625,92899968.57421875
2025-02-25,DJIA Consolidated - CHICAGO BOARD OF TRADE,81664,16132,17677,-1545,-1.891898510971787,19.754114420062695,21.646012931034484,3587,4.392388322884012,45928,47023,-1095,-1.3408601097178683,56.24020376175548,57.58106387147336,65647,68288,-2641,-3.2339831504702197,80.3867065047022,83.62068965517241,16017,13377,2640,3.2327586206896552,19.613293495297807,16.38053487460815,43621.16015625,2025-03-03,2025-03-03,43191.23828125,-0.009855810195327885,2025-03-04,2025-03-04,42520.98828125,-0.025221059482581576,2025-03-05,2025-03-05,43006.58984375,-0.01408881172116061,2025-03-06,2025-03-06,42579.078125,-0.0238893699185736,2025-03-07,2025-03-07,42801.71875,-0.01878541064278849,-0.009855810195327885,-0.015518193658526469,0.01142027930508216,-0.009940609574095927,0.005228873775669607,-0.009018484923112191,-0.020988700839868923,-0.6273519742015434,-504.0,2.0346712578460355,2.662023232047577,1.8332610243653655,1518.0,-4.006145938203218,-5.839406962568567,1.2046845203832586,1013.0,-1.308344635940628,-2.5130291563239098,-1.205909050163823,-1014.0,1.3083446359406494,2.5142536861044675,-0.025221059482581576,-0.050151799715179135,-0.04676289111049081,-0.023696301348874127,-0.0292865140260824,0.041193543450323444,0.12730839399635552,5.0,DJIA x $5,218105.80078125,3518482778.203125,3855456240.4101562,-336973462.20703125,-109925323.59375,-832291735.78125,10017163218.28125,10255989070.136719,-238825851.85546875,331084605.5859375,583214911.2890625,14317991503.886719,14894008923.75,-576017419.8632812,220941176.19140625,-249294930.29296875,3493400611.1132812,2917601297.0507812,575799314.0625,-221159281.9921875,249076824.4921875
2025-03-04,DJIA Consolidated - CHICAGO BOARD OF TRADE,77647,14850,14785,65,0.0837121846304429,19.12501448864734,19.041302304016895,2798,3.6034875783996805,44551,47097,-2546,-3.278941877986271,57.376331345705566,60.65527322369184,62199,64679,-2480,-3.1939418135922835,80.10483341275258,83.29877522634487,15447,12967,2480,3.1939418135922835,19.89387870748387,16.699936893891586,42520.98828125,2025-03-10,2025-03-10,41911.7109375,-0.01432886130773836,2025-03-11,2025-03-11,41433.48046875,-0.025575788721250103,2025-03-12,2025-03-12,41350.9296875,-0.02751720129388313,2025-03-13,2025-03-13,40813.5703125,-0.04015471036224483,2025-03-14,2025-03-14,41488.19140625,-0.024289107961665612,-0.01432886130773836,-0.011410425822585779,-0.0019923689807391787,-0.01299509779008523,0.016529332978824973,-0.01010504037598381,-0.025221059482581576,1.97561069560223,1610.0,-0.6290999314153538,-2.604710627017589,-1.9380817682684026,-1451.0,1.1361275839500848,3.0742093522184817,0.04004133687793621,161.0,-0.2818730919496204,-0.3219144288275402,-0.038816807097371786,-160.0,0.2805852121860646,0.31940201928343726,-0.025575788721250103,-0.022099196784529096,0.001564209145612283,-0.012488593638454115,-3.169390704382824e-05,0.06525766273695899,0.1406430445699931,5.0,DJIA x $5,212604.94140625,3157183379.8828125,3143364058.6914062,13819321.19140625,342293955.6640625,-352073782.96875,9471762744.589844,10013054925.410156,-541292180.8203125,-308489769.98046875,751983677.7539062,13223814750.527344,13751075005.214844,-527260254.6875,34229395.56640625,400122499.7265625,3284108529.9023438,2756848275.2148438,527260254.6875,-34016790.625,-400122499.7265625
2025-03-11,DJIA Consolidated - CHICAGO BOARD OF TRADE,77307,12659,11439,1220,1.5781235851863349,16.37497251219165,14.796848927005316,2887,3.734461303633565,46679,51163,-4484,-5.800250947520923,60.381336748289286,66.18158769581021,62226,65490,-3264,-4.222127362334588,80.49206410803679,84.71419147037138,15081,11817,3264,4.222127362334588,19.507935891963214,15.285808529628623,41433.48046875,2025-03-17,2025-03-17,41841.62890625,0.009850691587636184,2025-03-18,2025-03-18,41581.30859375,0.0035678423180378616,2025-03-19,2025-03-19,41964.62890625,0.012819305341741805,2025-03-20,2025-03-20,41953.3203125,0.012546371626734887,2025-03-21,2025-03-21,41985.3515625,0.013319448125199917,0.009850691587636184,-0.006221562575474127,0.009218572610233178,-0.0002694791791263418,0.0007634973766417197,0.0034349201980645727,-0.025575788721250103,1.494411400555892,1155.0,-2.750041976455691,-4.244453377011579,-2.5213090695346523,-1938.0,3.00500540258372,5.526314472118365,-1.0281855487423042,-784.0,0.3872306952842024,1.4154162440265026,1.0281855487423042,784.0,-0.38594281552065723,-1.4141283642629627,0.0035678423180378616,0.027852343520124556,0.013430695718881447,-0.09142100982457668,0.03459498475106604,0.10324644047768206,0.1514000556803634,5.0,DJIA x $5,207167.40234375,2622532146.2695312,2369787915.4101562,252744230.859375,239278349.70703125,-343276385.68359375,9670367174.003906,10599305806.113281,-928938632.109375,-401490425.7421875,577168382.9296875,12891198778.242188,13567393179.492188,-676194401.25,-162419243.4375,233891997.24609375,3124291594.7460938,2448097193.4960938,676194401.25,162419243.4375,-233891997.24609375
2025-03-18,DJIA Consolidated - CHICAGO BOARD OF TRADE,94597,10737,10256,481,0.5084727845491929,11.350254236392274,10.841781451843081,14523,15.352495322261806,55140,57215,-2075,-2.1935156506020275,58.28937492732328,60.48289057792531,80400,81994,-1594,-1.6850428660528347,84.99212448597736,86.6771673520302,14197,12603,1594,1.6850428660528347,15.007875514022642,13.32283264796981,41581.30859375,2025-03-24,2025-03-24,42583.3203125,0.024097647540140432,2025-03-25,2025-03-25,42587.5,0.024198165961550222,2025-03-26,2025-03-26,42454.7890625,0.02100656516811239,2025-03-27,2025-03-27,42299.69921875,0.017276768079107052,2025-03-28,2025-03-28,41583.8984375,6.228384429407541e-05,0.024097647540140432,9.815316112815609e-05,-0.003116194599354305,-0.003653058869794057,-0.01692212461247744,-0.023469796804610032,0.0035678423180378616,-1.0696508006371421,-739.0,-5.024718275799376,-3.9550674751622346,3.6067352969188957,2409.0,-2.091961820966006,-5.6986971178848975,2.5370844962817527,1670.0,4.500060377940571,1.9629758816588208,-2.5370844962817527,-1670.0,-4.500060377940573,-1.9629758816588136,0.024198165961550222,0.009827789397936826,-0.0946511517579216,-0.029156072698304336,0.015259072139816476,0.100443925047077,0.1301535066602848,5.0,DJIA x $5,207906.54296875,2232292551.8554688,2132289504.6875,100003047.16796875,-153642935.25390625,316433758.3984375,11463966779.296875,11895372855.957031,-431406076.66015625,500846862.01171875,111853720.1171875,16715686054.6875,17047089084.179688,-331403029.4921875,347203926.7578125,428287478.515625,2951649190.5273438,2620246161.0351562,331403029.4921875,-347203926.7578125,-428287478.515625
2025-03-25,DJIA Consolidated - CHICAGO BOARD OF TRADE,74443,8894,13100,-4206,-5.649960372365434,11.947395994250634,17.59735636661607,6281,8.437327888451566,47272,44626,2646,3.5543973241271845,63.50093360020418,59.946536276077,62447,64007,-1560,-2.0955630482382492,83.88565748290638,85.98122053114463,11996,10436,1560,2.0955630482382492,16.114342517093615,14.018779468855366,42587.5,2025-03-31,2025-03-31,42001.76171875,-0.013753760639859114,2025-04-01,2025-04-01,41989.9609375,-0.014030855591429359,2025-04-02,2025-04-02,42225.3203125,-0.008504366011153452,2025-04-03,2025-04-03,40545.9296875,-0.04793825212797187,2025-04-04,2025-04-04,38314.859375,-0.10032616671558559,-0.013753760639859114,-0.00028095919711701445,0.005605134411778012,-0.03977212280620279,-0.055025753008885125,-0.08777970715700079,0.024198165961550222,-6.158433156914627,-4687.0,0.5971417578583598,6.755574914772987,5.747912974729212,4721.0,5.211558672880898,-0.5363543018483128,-0.41052018218541453,34.0,-1.106467003070975,-0.6959468208855668,0.41052018218541453,-34.0,1.1064670030709731,0.6959468208855561,-0.014030855591429359,-0.11604133034928088,-0.05209366744936894,-0.07984783167009102,0.01177621441150567,0.08700396243029052,0.08304217420017612,5.0,DJIA x $5,212937.5,1893866125.0,2789481250.0,-895615125.0,-998038062.5,-566626687.5,10065981500.0,9502548875.0,563432625.0,1005277937.5,796599187.5,13297308062.5,13629490562.5,-332182500.0,7239875.0,230185437.5,2554398250.0,2222215750.0,332182500.0,-7239875.0,-229972500.0
2025-04-01,DJIA Consolidated - CHICAGO BOARD OF TRADE,74497,9846,12450,-2604,-3.4954427695074965,13.216639596225352,16.712082365732847,6946,9.323865390552639,47045,43420,3625,4.86596775709089,63.150193967542315,58.28422621045143,63837,62816,1021,1.3705249875833925,85.69069895432031,84.32017396673692,10660,11681,-1021,-1.3705249875833925,14.309301045679693,15.679826033263083,41989.9609375,2025-04-07,2025-04-07,37965.6015625,-0.09584098877800962,2025-04-08,2025-04-08,37645.58984375,-0.10346213706215124,2025-04-09,2025-04-09,40608.44921875,-0.03290100033211063,2025-04-10,2025-04-10,39593.66015625,-0.0570684213023388,2025-04-11,2025-04-11,40212.7109375,-0.04232559307795858,-0.09584098877800962,-0.008428991128276664,0.07870402316174352,-0.024989603937681126,0.01563509861950152,0.059188035551096085,-0.014030855591429359,2.154517602857937,1602.0,1.2692436019747184,-0.8852740008832214,1.3115704329637055,979.0,-0.35073963266186325,-1.6623100656255687,3.4660880358216417,2581.0,1.8050414714139293,-1.6610465644077124,-3.4660880358216417,-2581.0,-1.8050414714139222,1.6610465644077177,-0.10346213706215124,-0.03860446553910302,-0.06675358600409509,-0.034825939607960654,0.05965665156198985,0.10497579871676921,0.10363312287256154,5.0,DJIA x $5,209949.8046875,2067165776.953125,2613875068.359375,-546709291.40625,336339587.109375,-560356028.7109375,9877088561.523438,9116020519.53125,761068041.9921875,205540858.7890625,1295600244.7265625,13402565681.835938,13188206931.25,214358750.5859375,541880445.8984375,735034266.2109375,2238064917.96875,2452423668.5546875,-214358750.5859375,-541880445.8984375,-735034266.2109375
2025-04-08,DJIA Consolidated - CHICAGO BOARD OF TRADE,73838,9192,7872,1320,1.7876973915869878,12.448874563233025,10.661177171646036,6886,9.325821392778785,48549,48130,419,0.5674584902082939,65.75069747284597,65.18323898263768,64627,62888,1739,2.3551558817952816,87.52539342885777,85.17023754706248,9211,10950,-1739,-2.3551558817952816,12.47460657114223,14.829762452937512,37645.58984375,2025-04-14,2025-04-14,40524.7890625,0.07648171354733102,2025-04-15,2025-04-15,40368.9609375,0.07234236746066403,2025-04-16,2025-04-16,39669.390625,0.05375930592799549,2025-04-17,2025-04-17,39142.23046875,0.039756067874401335,2025-04-18,2025-04-21,38170.41015625,0.013941083528729248,0.07648171354733102,-0.0038452544382074905,-0.01732941092001572,-0.013288839277449838,-0.02482792372488518,-0.058097252588259485,-0.10346213706215124,5.283140161094485,3924.0,-0.7677650329923278,-6.050905194086811,-4.298509266882596,-3206.0,2.6005035053036565,6.899012772186246,0.9846308942118891,718.0,1.8346944745374572,0.8500635803255676,-0.9846308942118891,-718.0,-1.8346944745374625,-0.8500635803255712,0.07234236746066403,0.04094478613292085,0.07655694231281873,0.08456263189029345,0.17519108884662482,0.2379399728408591,0.23744802859647707,5.0,DJIA x $5,188227.94921875,1730191309.21875,1481730416.25,248460892.96875,738606472.734375,18822794.921875,9138278706.621094,9059411195.898438,78867510.72265625,-603458805.1953125,922881635.0195312,12164607674.160156,11837279270.46875,327328403.69140625,135147667.5390625,941704429.9414062,1733767640.2539062,2061096043.9453125,-327328403.69140625,-135147667.5390625,-941704429.9414062
2025-04-15,DJIA Consolidated - CHICAGO BOARD OF TRADE,73931,8422,8181,241,0.325979629654678,11.391703074488374,11.065723444833695,7243,9.796972853065697,50250,47004,3246,4.390580406054294,67.96878170185714,63.57820129580284,65915,62428,3487,4.716560035708972,89.15745762941121,84.44089759370223,8016,11503,-3487,-4.716560035708972,10.842542370588792,15.559102406297765,40368.9609375,2025-04-21,2025-04-21,38170.41015625,-0.05446141615222244,2025-04-22,2025-04-22,39186.98046875,-0.029279437501003924,2025-04-23,2025-04-23,39606.5703125,-0.018885564733269855,2025-04-24,2025-04-24,40093.3984375,-0.006826098408295178,2025-04-25,2025-04-25,40113.5,-0.006328152411341659,-0.05446141615222244,0.026632417842477496,0.010707378795990818,0.012291600134999747,0.0005013683869012908,0.05090565796374702,0.07234236746066403,-1.4617177619323098,-1079.0,-1.0571714887446504,0.404546273187659,3.8231219158460004,2827.0,2.2180842290111684,-1.6050376868348337,2.3614041539136905,1748.0,1.6320642005534438,-0.7293399533602525,-2.3614041539136905,-1748.0,-1.6320642005534385,0.7293399533602525,-0.029279437501003924,0.003930251177275634,0.011395860874701347,0.043881950609098386,0.09052321486940684,0.1461890487876767,0.20230957532928207,5.0,DJIA x $5,201844.8046875,1699936945.078125,1651292347.1484375,48644597.9296875,-217790544.2578125,-48442753.125,10142701435.546875,9487513199.53125,655188236.015625,570615262.8515625,1074016205.7421875,13304600300.976562,12600767467.03125,703832833.9453125,352824718.59375,1025573452.6171875,1617987954.375,2321820788.3203125,-703832833.9453125,-352824718.59375,-1025573452.6171875
2025-04-22,DJIA Consolidated - CHICAGO BOARD OF TRADE,78992,9623,8736,887,1.1228985213692526,12.182246303423131,11.059347782053878,7429,9.404749848085881,52324,52107,217,0.27471136317601785,66.23961920194449,65.96490783876848,69376,68272,1104,1.3976098845452705,87.82661535345352,86.42900546890824,9616,10720,-1104,-1.3976098845452705,12.173384646546486,13.570994531091756,39186.98046875,2025-04-28,2025-04-28,40227.58984375,0.026554977253984813,2025-04-29,2025-04-29,40527.62109375,0.034211378599815934,2025-04-30,2025-04-30,40669.359375,0.03782835238944049,2025-05-01,2025-05-01,40752.9609375,0.0399617538789141,2025-05-02,2025-05-02,41317.4296875,0.054366251067722526,0.026554977253984813,0.007458345159761404,0.0034973254640859874,0.002055640014614779,0.013850987437837636,0.027091850344082236,-0.029279437501003924,0.7969188917145746,646.0,0.7905432289347569,-0.006375662779817048,-4.115869042878276,-3029.0,-1.729162499912647,2.3867065429656407,-3.3189501511637016,-2383.0,-1.3308422759576928,1.988107875206012,3.3189501511637016,2383.0,1.3308422759576946,-1.9881078752060084,0.034211378599815934,0.04190217035373367,0.0753681243979809,0.08906677092110571,0.13564354471605333,0.19745736262253089,0.2542272540096475,5.0,DJIA x $5,195934.90234375,1885481565.2539062,1711687306.875,173794258.37890625,126573946.9140625,997896457.6367188,10252097830.234375,10209579956.425781,42517873.80859375,-593486819.1992188,-475925877.79296875,13593179785.0,13376867652.8125,216312132.1875,-466912872.28515625,521970579.84375,1884110020.9375,2100422153.125,-216312132.1875,466912872.28515625,-521970579.84375
2025-04-29,DJIA Consolidated - CHICAGO BOARD OF TRADE,78341,13202,7653,5549,7.08313654408292,16.851967679759003,9.768831135676082,6622,8.452789726962893,50136,52773,-2637,-3.3660535351859178,63.997140705377774,67.36319424056369,69960,67048,2912,3.7170830088970015,89.30189811209966,85.58481510320266,8381,11293,-2912,-3.7170830088970015,10.698101887900332,14.415184896797333,40527.62109375,2025-05-05,2025-05-05,41218.828125,0.01705520858604248,2025-05-06,2025-05-06,40829.0,0.0074363828449945935,2025-05-07,2025-05-07,41113.96875,0.014467852798308645,2025-05-08,2025-05-08,41368.44921875,0.020747038743156532,2025-05-09,2025-05-09,41249.37890625,0.017809034752629627,0.01705520858604248,-0.00945752566807112,0.006979567219378424,0.0061896352137009725,-0.002878288037107102,0.0007411851001040137,0.034211378599815934,5.960238022713667,4662.0,4.669721376335872,-1.290516646377796,-3.640764898361936,-2854.0,-2.2424784965667186,1.398286401795204,2.319473124351731,1808.0,1.475282758646145,-0.844190365705586,-2.319473124351731,-1808.0,-1.4752827586461539,0.8441903657055772,0.0074363828449945935,0.039795293931000675,0.05304079364854464,0.04480962106187025,0.10129800557509427,0.17713228179354146,0.21255401529300388,5.0,DJIA x $5,202638.10546875,2675228268.3984375,1550789421.1523438,1124438847.2460938,944698847.6953125,1652108473.8867188,10159464055.78125,10693820739.902344,-534356684.12109375,-578329153.0078125,-1268919816.4453125,14176561858.59375,13586479695.46875,590082163.125,366369694.6875,383188657.44140625,1698309961.9335938,2288392125.0585938,-590082163.125,-366369694.6875,-383188657.44140625
2025-05-06,DJIA Consolidated - CHICAGO BOARD OF TRADE,76175,12694,6899,5795,7.607482769937643,16.664259927797833,9.056777157860191,6499,8.531670495569413,48033,51538,-3505,-4.601247128322941,63.05612077453233,67.65736790285527,67226,64936,2290,3.006235641614703,88.25205119789958,85.24581555628487,8949,11239,-2290,-3.006235641614703,11.747948802100426,14.754184443715129,40829.0,2025-05-12,2025-05-12,42410.1015625,0.038724964179872146,2025-05-13,2025-05-13,42140.4296875,0.03212005406696217,2025-05-14,2025-05-14,42051.05859375,0.029931141927306504,2025-05-15,2025-05-15,42322.75,0.03658551519753117,2025-05-16,2025-05-16,42654.73828125,0.0447167033542335,0.038724964179872146,-0.006358670813428335,-0.002120792180164033,0.006460988506253207,0.00784420391515206,0.005768359653406607,0.0074363828449945935,0.5243462258547229,246.0,-0.1877077519611703,-0.7120539778158914,-1.2351935931370228,-868.0,-0.9410199308454423,0.29417366229158404,-0.7108473672822986,-622.0,-1.0498469142000886,-0.33899954691779044,0.7108473672822986,622.0,1.049846914200094,0.33899954691779577,0.03212005406696217,0.04526778224423822,0.03709736798599028,0.04140783817874549,0.0804021230314238,0.15323025989492756,0.2074322172965295,5.0,DJIA x $5,204145.0,2591416630.0,1408396355.0,1183020275.0,50219670.0,913548875.0,9805696785.0,10521225010.0,-715528225.0,-177197860.0,-801064980.0,13723851770.0,13256359720.0,467492050.0,-126978190.0,112483895.0,1826893605.0,2294385655.0,-467492050.0,126978190.0,-112483895.0
2025-05-13,DJIA Consolidated - CHICAGO BOARD OF TRADE,77515,13259,6145,7114,9.177578533187125,17.10507643681868,7.927497903631556,6667,8.600915951751274,47987,52287,-4300,-5.547313423208411,61.90672773011675,67.45404115332516,67913,65099,2814,3.6302651099787133,87.61272011868671,83.98245500870799,9602,12416,-2814,-3.6302651099787133,12.387279881313294,16.017544991292006,42140.4296875,2025-05-19,2025-05-19,42792.0703125,0.015463549608591087,2025-05-20,2025-05-20,42677.23828125,0.012738564787563966,2025-05-21,2025-05-21,41860.44140625,-0.006644172433131423,2025-05-22,2025-05-22,41859.08984375,-0.006676245255122559,2025-05-23,2025-05-23,41603.0703125,-0.012751634926005395,0.015463549608591087,-0.002683488562516656,-0.01913893466154426,-3.2287344676640295e-05,-0.006116223076174321,-0.027785521740757657,0.03212005406696217,1.5700957632494825,1319.0,0.44081650902084846,-1.129279254228635,-0.9460662948854708,-795.0,-1.1493930444155822,-0.2033267495301061,0.6240294683640104,524.0,-0.6393310792128659,-1.2633605475768803,-0.6240294683640104,-524.0,0.6393310792128677,1.2633605475768768,0.012738564787563966,0.004822417604827711,0.008998743968965384,0.017238585644167692,0.05501082226002163,0.12406611079954954,0.1808270338664899,5.0,DJIA x $5,210702.1484375,2793699786.1328125,1294764702.1484375,1498935083.984375,277916133.7890625,1448155866.2109375,10110963997.070312,11016983235.351562,-906019238.28125,-167508208.0078125,-1589958412.109375,14309415006.835938,13716499161.132812,592915845.703125,110407925.78125,-141802545.8984375,2023162029.296875,2616077875.0,-592915845.703125,-110407925.78125,141802545.8984375
2025-05-20,DJIA Consolidated - CHICAGO BOARD OF TRADE,78995,14117,5970,8147,10.313310969048674,17.870751313374264,7.55744034432559,6751,8.546110513323628,49297,53016,-3719,-4.707892904614216,62.405215519969616,67.11310842458383,70165,65737,4428,5.605418064434458,88.8220773466675,83.21665928223305,8830,13258,-4428,-5.605418064434458,11.17792265333249,16.783340717766947,42677.23828125,2025-05-26,2025-05-27,42343.6484375,-0.007816575232717504,2025-05-27,2025-05-27,42343.6484375,-0.007816575232717504,2025-05-28,2025-05-28,42098.69921875,-0.013556150439897996,2025-05-29,2025-05-29,42215.73046875,-0.010813909969023539,2025-05-30,2025-05-30,42270.0703125,-0.009540635363204486,-0.007816575232717504,0.0,-0.005784792472749434,0.002779925559977414,0.0012871942080978638,-0.0017376425441610888,0.012738564787563966,1.1357324358615486,1033.0,0.7656748765555825,-0.37005755930596607,0.8394205185941956,581.0,0.49848778985286657,-0.3409327287413362,1.9751529544557447,1614.0,1.2093572279807887,-0.7657957264749342,-1.9751529544557447,-1614.0,-1.2093572279808047,0.7657957264749413,-0.007816575232717504,-0.00369278010004781,0.004443418087419104,-0.010812262428019581,0.052604885892683084,0.08000752010938217,0.15667931886627584,5.0,DJIA x $5,213386.19140625,3012372864.0820312,1273915562.6953125,1738457301.3867188,220427935.72265625,1549183749.609375,10519299077.753906,11312882323.59375,-793583245.8398438,123977377.20703125,-839888049.375,14972242120.019531,14027368064.472656,944874055.546875,344405312.9296875,709295700.234375,1884200070.1171875,2829074125.6640625,-944874055.546875,-344405312.9296875,-709295700.234375
2025-05-27,DJIA Consolidated - CHICAGO BOARD OF TRADE,80388,16567,5389,11178,13.905060456784597,20.608797332935264,6.7037368761506695,6947,8.641837090112952,46548,54532,-7984,-9.931830621485794,57.90416480071653,67.83599542220232,70062,66868,3194,3.9732298352988007,87.15479922376474,83.18156938846593,10326,13520,-3194,-3.9732298352988007,12.845200776235258,16.818430611534062,42343.6484375,2025-06-02,2025-06-02,42305.48046875,-0.0009013859258334422,2025-06-03,2025-06-03,42519.640625,0.004156283031675256,2025-06-04,2025-06-04,42427.73828125,0.0019858903720617604,2025-06-05,2025-06-05,42319.73828125,-0.0005646692510516971,2025-06-06,2025-06-06,42762.87109375,0.00990048500116325,-0.0009013859258334422,0.005062231982170706,-0.002161409231101641,-0.0025455045301749912,0.010471066941742713,0.010811616365824284,-0.007816575232717504,3.591749487735923,3031.0,2.7380460195610006,-0.8537034681749205,-5.223937716871578,-4265.0,-4.501050719253087,0.7228869976184882,-1.6321882291356573,-1234.0,-1.6672781229027578,-0.035089893767121794,1.6321882291356573,1234.0,1.6672781229027684,0.03508989376711469,0.004156283031675256,0.012356579453050243,-0.0030192876846383276,0.017602901999580478,0.07260644721103571,0.11262139558637307,0.19171780301318075,5.0,DJIA x $5,211718.2421875,3507536118.3203125,1140949607.1484375,2366586511.171875,641717992.0703125,1191761985.2734375,9855060737.34375,11545419182.96875,-1690358445.625,-902978302.9296875,-1132057440.9765625,14833403484.140625,14157175418.59375,676228065.546875,-261260310.859375,59704544.296875,2186202568.828125,2862430634.375,-676228065.546875,261260310.859375,-59704544.296875
2025-06-03,DJIA Consolidated - CHICAGO BOARD OF TRADE,85461,16693,7067,9626,11.263617322521384,19.53288634581856,8.269269023297177,8125,9.507260621804098,47752,57218,-9466,-11.076397421045856,55.875779595370986,66.95217701641684,72570,72411,159,0.1860497770913048,84.91592656299365,84.72987678590233,12891,13051,-160,-0.18721990147552686,15.084073437006355,15.27129333848188,42519.640625,2025-06-09,2025-06-09,42761.76171875,0.005694335375159287,2025-06-10,2025-06-10,42866.87109375,0.0081663547397397,2025-06-11,2025-06-11,42865.76953125,0.008140447594622735,2025-06-12,2025-06-12,42967.62109375,0.010535847955558841,2025-06-13,2025-06-13,42197.7890625,-0.007569479839647619,0.005694335375159287,0.0024580225597654604,-2.5697291915482978e-05,0.0023760581838090378,-0.01791656162602817,-0.013188714252685085,0.004156283031675256,-2.6414431342632128,-1552.0,-1.0759109871167034,1.5655321471465076,-1.144566799560062,-1482.0,-2.0283852053455433,-0.8838184057854761,-3.787180058207496,-3035.0,-2.2388726607710936,1.5483073974364032,3.7860099338232738,3034.0,2.238872660771097,-1.547137273052181,0.0081663547397397,-0.007145870456189862,0.013390962338360568,0.0464561965297654,0.06529142598438886,0.11653015499822317,0.20668444766517835,5.0,DJIA x $5,212598.203125,3548901804.765625,1502431501.484375,2046470303.28125,-329952411.25,814463716.171875,10151989395.625,12164443986.40625,-2012454590.78125,-315070537.03125,-1267297888.828125,15428251600.78125,15394448486.484375,33803114.296875,-645235546.484375,-453046770.859375,2740603436.484375,2774619148.984375,-34015712.5,645022948.28125,452834172.65625
2025-06-10,DJIA Consolidated - CHICAGO BOARD OF TRADE,88212,17872,8647,9225,10.457760848864101,20.26028204779395,9.80252119892985,8264,9.368339908402485,49602,58535,-8933,-10.126740126059946,56.23044483743709,66.35718496349703,75739,75447,292,0.3310207228041537,85.86020042624585,85.5291797034417,12473,12766,-293,-0.3321543554164966,14.13979957375414,14.471953929170633,42866.87109375,2025-06-16,2025-06-16,42515.08984375,-0.008206366385609343,2025-06-17,2025-06-17,42215.80078125,-0.015188193023841334,2025-06-18,2025-06-18,42171.66015625,-0.016217907203433857,2025-06-19,2025-06-20,42206.8203125,-0.015397689740556664,2025-06-20,2025-06-20,42206.8203125,-0.015397689740556664,-0.008206366385609343,-0.007039596143391336,-0.0010455948763999912,0.0008337389640276083,0.0,-0.007250826292098722,0.0081663547397397,-0.8058564736572826,-401.0,0.7273957019753894,1.5332521756326738,0.9496572949859097,533.0,0.3546652420661047,-0.5949920529198067,0.14497094571284888,133.0,0.9442738632522065,0.7993029175393644,-0.14493445394096977,-133.0,-0.9442738632522154,-0.7993394093112478,-0.015188193023841334,0.0051822872029583245,0.03797968619961556,0.03205017277783817,0.06635587523472708,0.1094882329639939,0.18674650323189002,5.0,DJIA x $5,214334.35546875,3830583600.9375,1853349171.7382812,1977234429.1992188,-85948076.54296875,452459824.39453125,10631412699.960938,12546061497.363281,-1914648797.4023438,114240211.46484375,-993011068.8867188,16233469748.847656,16170884117.050781,62585631.796875,28506469.27734375,-540551244.4921875,2673392415.7617188,2736192381.9140625,-62799966.15234375,-28506469.27734375,540336910.1367188
2025-06-17,DJIA Consolidated - CHICAGO BOARD OF TRADE,103343,19814,9214,10600,10.257104980501824,19.173045102232372,8.915940121730548,11030,10.673195088201426,59924,69549,-9625,-9.313644852578307,57.985543287885974,67.29918814046428,90768,89793,975,0.9434601279235169,87.83178347831976,86.88832335039626,12575,13549,-974,-0.9424924765102619,12.168216521680229,13.110708998190493,42215.80078125,2025-06-23,2025-06-23,42581.78125,0.008669276952636862,2025-06-24,2025-06-24,43089.01953125,0.020684642570794054,2025-06-25,2025-06-25,42982.4296875,0.01815976227058802,2025-06-26,2025-06-26,43386.83984375,0.027739354479333178,2025-06-27,2025-06-27,43819.26953125,0.037982668108292206,0.008669276952636862,0.011912096355762403,-0.0024737124425098234,0.009408731874634091,0.009966839923288173,0.029061449402143058,-0.015188193023841334,-0.20065586836227745,1375.0,-1.0872369455615782,-0.8865810771993026,0.8130952734816397,-692.0,1.7550984504488838,0.9420031769672477,0.6124394051193631,683.0,1.9715830520739104,1.3591436469545641,-0.6103381210937653,-681.0,-1.9715830520739104,-1.3612449309801402,0.020684642570794054,0.05398785721985577,0.04796689628115214,0.04281544463922127,0.08390454736614195,0.13972164043657753,0.23175851014759075,5.0,DJIA x $5,211079.00390625,4182319383.3984375,1944881941.9921875,2237437441.40625,290233630.37109375,517776796.58203125,12648698230.078125,14680333642.675781,-2031635412.5976562,-146066670.703125,-1246632597.0703125,19159219026.5625,18953416997.753906,205802028.80859375,144166959.66796875,-728855800.4882812,2654318474.1210938,2859909423.9257812,-205590949.8046875,-143744801.66015625,729066879.4921875
2025-06-24,DJIA Consolidated - CHICAGO BOARD OF TRADE,82269,14950,8564,6386,7.762340614326174,18.172093984368352,10.409753370042178,4755,5.779819859242242,51685,57854,-6169,-7.498571758499556,62.82439314930289,70.32296490780246,71390,71173,217,0.2637688558266176,86.77630699291349,86.51253813708686,10879,11096,-217,-0.2637688558266176,13.22369300708651,13.487461862913127,43089.01953125,2025-06-30,2025-06-30,44094.76953125,0.0233412133982438,2025-07-01,2025-07-01,44494.94140625,0.032628309724716864,2025-07-02,2025-07-02,44484.421875,0.03238417487633938,2025-07-03,2025-07-03,44828.53125,0.040370185668495706,2025-07-04,2025-07-07,44406.359375,0.030572518430005413,0.0233412133982438,0.009075268546678616,-0.0002364208361115283,0.007735502913063241,-0.009417481751646695,0.007066367441362242,0.020684642570794054,-2.49476436617565,-4214.0,-1.0009511178640196,1.4938132483116302,1.815073094078751,3456.0,4.838849861416918,3.023776767338177,-0.6796912720968993,-758.0,-1.055476485406274,-0.37578521330939907,0.6787236206836443,757.0,1.055476485406281,0.3767528647226346,0.032628309724716864,0.02672936632184686,0.02168231121092057,0.03280236799017722,0.0743521610285538,0.12424025153595086,0.1990720700033335,5.0,DJIA x $5,215445.09765625,3220904209.9609375,1845071816.328125,1375832393.6328125,-907885641.5234375,-1032412907.96875,11135279872.363281,12464360679.804688,-1329080807.4414062,744578257.5,391032852.24609375,15380625521.679688,15333873935.488281,46751586.19140625,-163307384.0234375,-641380055.7226562,2343827217.4023438,2390578803.59375,-46751586.19140625,163091938.92578125,641380055.7226562
2025-07-01,DJIA Consolidated - CHICAGO BOARD OF TRADE,86845,16389,10245,6144,7.074673268466809,18.871552766422937,11.796879497956128,5226,6.01761759456503,53418,60082,-6664,-7.673441188324026,61.50958604410156,69.18302723242559,75033,75553,-520,-0.5987679198572169,86.39875640508953,86.99752432494674,11812,11292,520,0.5987679198572169,13.601243594910473,13.002475675053256,44494.94140625,2025-07-07,2025-07-07,44406.359375,-0.001990833754363708,2025-07-08,2025-07-08,44240.76171875,-0.005712552471510812,2025-07-09,2025-07-09,44458.30078125,-0.0008234784414133944,2025-07-10,2025-07-10,44650.640625,0.003499256630735248,2025-07-11,2025-07-11,44371.51171875,-0.0027740161824926224,-0.001990833754363708,-0.0037291428205490362,0.004917163585088202,0.004326297685023572,-0.006251397568833861,-0.0007847447244148098,0.032628309724716864,-0.6876673458593645,-242.0,0.6994587820545846,1.38712612791395,-0.1748694298244704,-495.0,-1.3148071052013321,-1.1399376753768706,-0.8625367756838345,-737.0,-0.37755058782396134,0.48498618785987446,0.8625367756838345,737.0,0.3775505878239631,-0.4849861878598709,-0.005712552471510812,-0.010600134056671595,0.00016855848694175002,0.0031025296502718014,0.04276776547193517,0.08702376191816041,0.17584600777563808,5.0,DJIA x $5,222474.70703125,3646137973.5351562,2279253373.5351562,1366884600.0,-53838879.1015625,-774656929.8828125,11884153900.195312,13366725347.851562,-1482571447.65625,-110124979.98046875,623374129.1015625,16692944692.675781,16808631540.332031,-115686847.65625,-163963859.08203125,-151060326.07421875,2627871239.453125,2512184391.796875,115686847.65625,163963859.08203125,151282800.78125
2025-07-08,DJIA Consolidated - CHICAGO BOARD OF TRADE,85138,15147,10844,4303,5.054147384246752,17.791115600554395,12.736968216307643,5189,6.094810777796049,51607,59108,-7501,-8.810401935680895,60.615706265122505,69.4261082008034,71943,75141,-3198,-3.756254551434142,84.50163264347295,88.2578871949071,13195,9997,3198,3.756254551434142,15.498367356527051,11.742112805092908,44240.76171875,2025-07-14,2025-07-14,44459.6484375,0.004947625453230575,2025-07-15,2025-07-15,44023.2890625,-0.00491566256549858,2025-07-16,2025-07-16,44254.78125,0.0003168917239519953,2025-07-17,2025-07-17,44484.48828125,0.005509095075022286,2025-07-18,2025-07-18,44342.19140625,0.002292674980254983,0.004947625453230575,-0.00981472841858888,0.005258402823363539,0.005190558506037224,-0.00319879761458286,-0.0026418794429990955,-0.005712552471510812,-2.0205258842200573,-1841.0,-1.0804371658685419,0.9400887183515145,-1.136960747356869,-837.0,-0.8938797789790556,0.2430809683778108,-3.1574866315769254,-2678.0,-1.8971237616165837,1.2603628699603604,3.1574866315769254,2678.0,1.8971237616165784,-1.260362869960348,-0.00491566256549858,0.005914900135842283,0.008865728058514932,-0.002916392767381204,0.05339462202340095,0.11802049068330378,0.1962983091014323,5.0,DJIA x $5,221203.80859375,3350574088.7695312,2398734100.390625,951839988.3789062,-407236211.62109375,-1088765145.8984375,11415664950.097656,13074914718.359375,-1659249768.2617188,-185147587.79296875,316763853.90625,15914065601.660156,16621475381.542969,-707409779.8828125,-592383799.4140625,-772001291.9921875,2918784254.3945312,2211374474.5117188,707409779.8828125,592383799.4140625,772222495.8007812
2025-07-15,DJIA Consolidated - CHICAGO BOARD OF TRADE,83480,15546,12014,3532,4.230953521801629,18.622424532822233,14.391471011020604,5470,6.552467656923815,49247,54297,-5050,-6.049353138476281,58.99257307139435,65.04192620987062,70263,71781,-1518,-1.8183996166746528,84.16746526114039,85.98586487781505,13217,11699,1518,1.8183996166746528,15.832534738859607,14.014135122184953,44023.2890625,2025-07-21,2025-07-21,44323.0703125,0.006809605924137152,2025-07-22,2025-07-22,44502.44140625,0.010884065092677364,2025-07-23,2025-07-23,45010.2890625,0.02241995137161945,2025-07-24,2025-07-24,44693.91015625,0.015233325542712617,2025-07-25,2025-07-25,44901.921875,0.01995836365730419,0.006809605924137152,0.0040469013650306085,0.011411680802273505,-0.007029035201499889,0.0046541400835771185,0.013059825468290098,-0.00491566256549858,-0.8231938624451232,-771.0,0.831308932267838,1.6545027947129611,2.761048797204614,2451.0,-1.6231331937281581,-4.384181990932774,1.9378549347594893,1680.0,-0.33416738233255217,-2.272022317092052,-1.9378549347594893,-1680.0,0.3341673823325557,2.272022317092045,0.010884065092677364,0.013849469944974047,0.0020091460823026264,0.009888409561629397,0.05104507007210857,0.11740829294721666,0.19273844933993556,5.0,DJIA x $5,220116.4453125,3421930258.828125,2644478973.984375,777451284.84375,-169709779.3359375,-1555783035.46875,10840074582.304688,11951662631.132812,-1111588048.828125,539505407.4609375,1007032737.3046875,15466041796.992188,15800178560.976562,-334136763.984375,369795628.125,-548750298.1640625,2909279057.6953125,2575142293.7109375,334136763.984375,-369795628.125,548530181.71875
2025-07-22,DJIA Consolidated - CHICAGO BOARD OF TRADE,86201,13879,12688,1191,1.3816545051681535,16.100741290704285,14.719086785536131,7278,8.443057505133352,52117,54880,-2763,-3.2052992424681848,60.45985545411307,63.66515469658125,73274,74846,-1572,-1.8236447373000315,85.0036542499507,86.82729898725073,12927,11355,1572,1.8236447373000315,14.996345750049302,13.172701012749272,44502.44140625,2025-07-28,2025-07-28,44837.55859375,0.007530310178734068,2025-07-29,2025-07-29,44632.98828125,0.002933476700935911,2025-07-30,2025-07-30,44461.28125,-0.0009248965888020155,2025-07-31,2025-07-31,44130.98046875,-0.008346978856935916,2025-08-01,2025-08-01,43588.578125,-0.020535126891300326,0.007530310178734068,-0.004562476613713673,-0.0038470879468792685,-0.007428953281682582,-0.01229073856933871,-0.027855675195573637,0.010884065092677364,-2.8492990166334753,-2341.0,-2.5216832421179483,0.32761577451552704,2.8440538960080963,2287.0,1.4672823827187216,-1.376771513289377,-0.005245120625378741,-54.0,0.8361889888103065,0.8414341094356814,0.005245120625378741,54.0,-0.8361889888103047,-0.8414341094356814,0.002933476700935911,-0.008779363842836951,-0.0009849354297187807,0.009433822319263596,0.054430651408257535,0.08957145521773957,0.17352304670784835,5.0,DJIA x $5,222512.20703125,3088246921.3867188,2823234882.8125,265012038.57421875,-520901076.66015625,-1155950915.5273438,11596668693.847656,12211469921.875,-614801228.0273438,508885417.48046875,757876577.1484375,16304359458.007812,16654148647.460938,-349789189.453125,-12015659.1796875,-398074338.37890625,2876415300.2929688,2526626110.8398438,349789189.453125,12015659.1796875,398074338.37890625
2025-07-29,DJIA Consolidated - CHICAGO BOARD OF TRADE,86736,11943,14888,-2945,-3.3953606345692675,13.769369120088545,17.164729754657813,7470,8.612340896513558,55266,53672,1594,1.8377605607821434,63.7174875484228,61.87972698764066,74679,76030,-1351,-1.557600073787124,86.0991975650249,87.65679763881202,12057,10706,1351,1.557600073787124,13.900802434975096,12.343202361187974,44632.98828125,2025-08-04,2025-08-04,44173.640625,-0.01029166260066361,2025-08-05,2025-08-05,44111.73828125,-0.011678581696466295,2025-08-06,2025-08-06,44193.12109375,-0.009855203615949382,2025-08-07,2025-08-07,43968.640625,-0.014884677944118074,2025-08-08,2025-08-08,44175.609375,-0.010247552849651842,-0.01029166260066361,-0.0014013412268982783,0.0018449241782565462,-0.005079534171705036,0.004707190103173664,4.45684343002295e-05,0.002933476700935911,-4.777015139737421,-4136.0,-2.33137217061574,2.445642969121682,5.043059803250328,4357.0,3.2576320943097343,-1.7854277089405883,0.26604466351290745,221.0,1.0955433150741953,0.8294986515612948,-0.26604466351290745,-221.0,-1.095543315074206,-0.8294986515612983,-0.011678581696466295,-0.003906951180395302,0.006481332779627591,0.017589725928788047,0.06885899714205568,0.09791909624021256,0.18180122693372902,5.0,DJIA x $5,223164.94140625,2665258895.2148438,3322479647.65625,-657220752.4414062,-923010197.65625,-2028346152.4414062,12333433651.757812,11977708735.15625,355724916.6015625,972329649.7070312,1842896086.1328125,16665734659.277344,16967230495.117188,-301495835.83984375,49319452.05078125,-185450066.30859375,2690699698.5351562,2389203862.6953125,301495835.83984375,-49319452.05078125,185450066.30859375
2025-08-05,DJIA Consolidated - CHICAGO BOARD OF TRADE,87993,9770,13685,-3915,-4.449217551396134,11.103155932858295,15.552373484254428,7659,8.704101462616345,58635,57014,1621,1.8421919925448615,66.63598240769151,64.79379041514666,76064,78358,-2294,-2.607025558851272,86.44323980316616,89.05026536201743,11929,9635,2294,2.607025558851272,13.556760196833839,10.949734637982566,44111.73828125,2025-08-11,2025-08-11,43975.08984375,-0.003097779476037621,2025-08-12,2025-08-12,44458.609375,0.007863464630171624,2025-08-13,2025-08-13,44922.26953125,0.018374502605909004,2025-08-14,2025-08-14,44911.26171875,0.018124958767264054,2025-08-15,2025-08-15,44946.12109375,0.01891521044081501,-0.003097779476037621,0.010995305136794808,0.010429029669801748,-0.00024504132615876806,0.0007761833817607755,0.02208139320352087,-0.011678581696466295,-1.0538569168268666,-970.0,-2.66621318723025,-1.6123562704033851,0.004431431762718097,27.0,2.918494859268712,2.914063427506001,-1.049425485064148,-943.0,0.3440422381412702,1.3934677232054042,1.049425485064148,943.0,-0.3440422381412578,-1.3934677232054078,0.007863464630171624,0.018374502605909004,0.029614159000514118,0.026842522163840865,0.06740836148966523,0.11627857345581472,0.2261108043715334,5.0,DJIA x $5,220558.69140625,2154858415.0390625,3018345691.8945312,-863487276.8554688,-213941930.6640625,-1812551325.9765625,12932458870.605469,12574933231.835938,357525638.76953125,5955084.66796875,2011936383.0078125,16776576303.125,17282537941.210938,-505961638.0859375,-207986845.99609375,199385057.03125,2631044629.7851562,2125082991.6992188,505961638.0859375,207986845.99609375,-199385057.03125
2025-08-12,DJIA Consolidated - CHICAGO BOARD OF TRADE,88755,11091,13503,-2412,-2.7175933750211256,12.496197397329729,15.213790772350855,8254,9.29975776012619,57123,56116,1007,1.134583967100445,64.36031772857868,63.22573376147823,76468,77872,-1404,-1.5818827108331923,86.15627288603459,87.73815559686778,12287,10883,1404,1.5818827108331923,13.843727113965409,12.261844403132217,44458.609375,2025-08-18,2025-08-18,44911.8203125,0.010193997155359735,2025-08-19,2025-08-19,44922.26953125,0.010429029669801748,2025-08-20,2025-08-20,44938.30859375,0.010789793596642339,2025-08-21,2025-08-21,44785.5,0.007352695677967258,2025-08-22,2025-08-22,45631.73828125,0.026386990568123325,0.010193997155359735,0.00023266077120220885,0.00035704034251526906,-0.0034004082158813898,0.018895363036027346,0.0160295878399217,0.007863464630171624,1.7316241763750084,1503.0,1.393041464471434,-0.33858271190357314,-0.7076080254444166,-614.0,-2.275664679112836,-1.5680566536684282,1.0251428480180798,890.0,-0.2869669171315792,-1.3121097651496427,-1.0251428480180798,-890.0,0.2869669171315703,1.3121097651496516,0.010429029669801748,0.02158099299524041,0.018830980782335915,0.028177455083748804,0.06545457836309132,0.1288733797693149,,5.0,DJIA x $5,222293.046875,2465452182.890625,3001623011.953125,-536170829.0625,334106449.453125,-1321309870.625,12698045716.640625,12474196618.4375,223849098.203125,-136487930.78125,1346428984.921875,16998304708.4375,17310404146.25,-312099437.8125,197840811.71875,25341407.34375,2731314666.953125,2419215229.140625,312099437.8125,-197840811.71875,-25341407.34375
2025-08-19,DJIA Consolidated - CHICAGO BOARD OF TRADE,85223,12445,15386,-2941,-3.4509463407765506,14.602865423653238,18.05381176442979,6824,8.007228095701864,55272,52065,3207,3.763068655175246,64.85573143400256,61.09266277882731,74541,74275,266,0.3121223143986952,87.46582495335767,87.15370263895896,10682,10948,-266,-0.3121223143986952,12.534175046642337,12.846297361041033,44922.26953125,2025-08-25,2025-08-25,45282.46875,0.008018277404694185,2025-08-26,2025-08-26,45418.0703125,0.011036859589320214,2025-08-27,2025-08-27,45565.23046875,0.014312743861988775,2025-08-28,2025-08-28,45636.8984375,0.015908121154762034,2025-08-29,2025-08-29,45544.87890625,0.013859704362596537,0.008018277404694185,0.0029945708845655616,0.0032401234847156957,0.0015728652749633643,-0.002016340601586286,0.005794961350246597,0.010429029669801748,-0.733352965755425,-529.0,2.1066680263235096,2.8400209920789337,2.628484688074801,2200.0,0.49541370542388563,-2.1330709826509207,1.8940050252318876,1670.0,1.3095520673230823,-0.5844529579088231,-1.8940050252318876,-1670.0,-1.3095520673230716,0.584452957908816,0.011036859589320214,0.008315231318403171,0.017565237035744197,0.018601662715831857,0.026033162665267007,0.10264222896825004,,5.0,DJIA x $5,224611.34765625,2795288221.5820312,3455870195.0390625,-660581973.4570312,-118819402.91015625,-928094088.515625,12414718407.65625,11694389815.722656,720328591.9335938,494144964.84375,1340929745.5078125,16742754465.644531,16683007847.167969,59746618.4765625,375100950.5859375,412835656.9921875,2399298415.6640625,2459045034.140625,-59746618.4765625,-375100950.5859375,-412835656.9921875
2025-08-26,DJIA Consolidated - CHICAGO BOARD OF TRADE,86477,10807,13655,-2848,-3.293361240561074,12.496964510794777,15.790325751355851,7800,9.019739352660244,55711,53419,2292,2.6504157174740106,64.42291013795575,61.77249442048175,74318,74874,-556,-0.6429455230870635,85.93961400141077,86.58255952449785,12159,11603,556,0.6429455230870635,14.06038599858922,13.417440475502158,45418.0703125,2025-09-01,2025-09-02,45295.80859375,-0.002691917950471634,2025-09-02,2025-09-02,45295.80859375,-0.002691917950471634,2025-09-03,2025-09-03,45271.23046875,-0.0032330709503874955,2025-09-04,2025-09-04,45621.2890625,0.004474402998668747,2025-09-05,2025-09-05,45400.859375,-0.00037894471036703514,-0.002691917950471634,0.0,-0.0005426136713980734,0.00773247358477791,-0.004831728608063135,0.002319216380309852,0.011036859589320214,0.15758510021547645,93.0,-2.105900912858461,-2.263486013073937,-1.1126529377012355,-915.0,-0.43282129604681074,0.6798316416544381,-0.9550678374857587,-822.0,-1.5262109519468936,-0.5711431144611083,0.9550678374857587,822.0,1.526210951946883,0.5711431144611243,-0.002691917950471634,0.006457111216574107,0.007482222883134604,0.019259095146084704,0.03730627247242757,0.08270782227544693,,5.0,DJIA x $5,227090.3515625,2454165429.3359375,3100918750.5859375,-646753321.25,21119402.6953125,22027764.1015625,12651430575.898438,12130939490.117188,520491085.78125,-207787671.6796875,158509065.390625,16876900747.421875,17003162982.890625,-126262235.46875,-186668268.984375,180536829.4921875,2761191584.6484375,2634929349.1796875,126262235.46875,186668268.984375,-180536829.4921875
2025-09-02,DJIA Consolidated - CHICAGO BOARD OF TRADE,84001,7734,12435,-4701,-5.596361948072047,9.207033249604171,14.803395197676217,7666,9.126081832359139,56703,51344,5359,6.37968595611957,67.50276782419256,61.123081868073,72102,71446,656,0.7809430840109046,85.83469244413757,85.05374936012666,11899,12555,-656,-0.7809430840109046,14.16530755586243,14.946250639873334,45295.80859375,2025-09-08,2025-09-08,45514.94921875,0.004837989028199763,2025-09-09,2025-09-09,45711.33984375,0.00917372407956818,2025-09-10,2025-09-10,45490.921875,0.004307535008369889,2025-09-11,2025-09-11,46108.0,0.01793082917526423,2025-09-12,2025-09-12,45834.21875,0.011886533720568027,0.004837989028199763,0.004314859806964222,-0.004821953797535361,0.013564863044446707,-0.005937825323154344,0.007014608095365693,-0.002691917950471634,-2.3030007075109724,-1853.0,-3.289931261190606,-0.9869305536796347,3.729270238645559,3067.0,3.0798576862368066,-0.649412552408748,1.4238886070979682,1212.0,-0.10492155727320096,-1.528810164371194,-1.4238886070979682,-1212.0,0.10492155727320984,1.5288101643711762,0.00917372407956818,0.010201602711067626,0.022010262918400914,0.024330772878664808,0.04809832104532985,0.07076727487634016,,5.0,DJIA x $5,226479.04296875,1751588918.3203125,2816266899.3164062,-1064677980.9960938,-419665666.62109375,-178012527.7734375,12842041173.457031,11628339982.1875,1213701191.2695312,694611224.7851562,846578662.6171875,16329591956.132812,16181021703.945312,148570252.1875,274492600.078125,668113176.7578125,2694874132.2851562,2843444384.4726562,-148570252.1875,-274492600.078125,-668113176.7578125
2025-09-09,DJIA Consolidated - CHICAGO BOARD OF TRADE,89055,10976,13087,-2111,-2.370445230475549,12.324967716579643,14.695412947055193,7250,8.141036438156195,58705,56266,2439,2.738756947953512,65.91993711751165,63.18118016955814,76932,76604,328,0.36831171747796304,86.38706417382517,86.0187524563472,12123,12451,-328,-0.36831171747796304,13.612935826174835,13.9812475436528,45711.33984375,2025-09-15,2025-09-15,45883.44921875,0.0037651352068939214,2025-09-16,2025-09-16,45757.8984375,0.0010185348736035937,2025-09-17,2025-09-17,46018.3203125,0.00671563051530133,2025-09-18,2025-09-18,46142.421875,0.009430527145420031,2025-09-19,2025-09-19,46315.26953125,0.0132118132954393,0.0037651352068939214,-0.0027362978020992745,0.005691298855337701,0.002696786011685326,0.003745959774678509,0.00941124348436162,0.00917372407956818,3.2259167175964976,2590.0,3.1179344669754716,-0.10798225062102418,-3.6409290081660575,-2920.0,-1.5828307066809089,2.0580983014851384,-0.4126313665329416,-328.0,0.552371729687593,0.965003096220542,0.4126313665329416,328.0,-0.5523717296875947,-0.9650030962205332,0.0010185348736035937,0.012719850440557456,0.015019266195144487,0.019505895649696514,0.04044837069029383,0.04364719743109413,,5.0,DJIA x $5,228556.69921875,2508638330.625,2991121522.6757812,-482483192.05078125,591961850.9765625,68795566.46484375,13417421027.636719,12859971238.242188,557449789.3945312,-667385561.71875,327293193.28125,17583323984.296875,17508357386.953125,74966597.34375,-74966597.34375,395860203.046875,2770792864.6289062,2845759461.9726562,-74966597.34375,74966597.34375,-395860203.046875
2025-09-16,DJIA Consolidated - CHICAGO BOARD OF TRADE,100891,6931,16748,-9817,-9.730303000267615,6.869790169588963,16.600093169856578,17974,17.815265980117157,62076,53850,8226,8.153353619252462,61.527787414140015,53.37443379488755,86981,88572,-1591,-1.576949381015155,86.21284356384614,87.78979294486129,13910,12319,1591,1.576949381015155,13.787156436153868,12.210207055138714,45757.8984375,2025-09-22,2025-09-22,46381.5390625,0.013629136090063776,2025-09-23,2025-09-23,46292.78125,0.01168940949573094,2025-09-24,2025-09-24,46121.28125,0.00794142268129594,2025-09-25,2025-09-25,45947.3203125,0.004139654168312079,2025-09-26,2025-09-26,46247.2890625,0.010695216382554218,0.013629136090063776,-0.0019136452626205003,-0.003704681277926003,-0.0037718149362990783,0.006528536331603885,-0.0028944705741458243,0.0010185348736035937,-7.3598577697920655,-7706.0,-5.455177546990679,1.9046802228013853,5.41459667129895,5787.0,-4.392149703371636,-9.806746374670588,-1.945261098493118,-1919.0,-0.17422060997903088,1.771040488514089,1.945261098493118,1919.0,0.17422060997903266,-1.7710404885140871,0.01168940949573094,0.013986485598200149,0.018468549913940757,0.011201618026669191,0.05149631783174047,0.026997815097154598,,5.0,DJIA x $5,228789.4921875,1585739970.3515625,3831766415.15625,-2246026444.8046875,-1763051826.796875,-1573156548.28125,14202336517.03125,12320314154.296875,1882022362.734375,1324004791.2890625,1148294461.2890625,19900338819.960938,20264342902.03125,-364004082.0703125,-439047035.5078125,-424862086.9921875,3182461836.328125,2818457754.2578125,364004082.0703125,439047035.5078125,424862086.9921875
2025-09-23,DJIA Consolidated - CHICAGO BOARD OF TRADE,78112,13217,13194,23,0.02944489963129865,16.92057558377714,16.891130684145843,8020,10.267308480131094,45591,45430,161,0.20611429741909051,58.36619213437116,58.16007783695207,66828,66644,184,0.2355591970503892,85.55407619827939,85.318517001229,11284,11468,-184,-0.2355591970503892,14.445923801720607,14.681482998770996,46292.78125,2025-09-29,2025-09-29,46316.0703125,0.0005030819464968417,2025-09-30,2025-09-30,46397.890625,0.002270534890361553,2025-10-01,2025-10-01,46441.1015625,0.003203962010815742,2025-10-02,2025-10-02,46519.71875,0.004902222201220718,2025-10-03,2025-10-03,46758.28125,0.010055563468656326,0.0005030819464968417,0.0017665642172997043,0.0009313125428318525,0.0016928364068669044,0.005128201683291644,0.00954767825759717,0.01168940949573094,9.759747899898914,9840.0,10.050785414188177,0.2910375142892647,-7.947239321833371,-8065.0,-3.1615952797688536,4.7856440420645185,1.812508578065544,1775.0,-0.6587673655667459,-2.4712759436322926,-1.812508578065544,-1775.0,0.6587673655667388,2.471275943632282,0.002270534890361553,0.006700811884142288,-0.00048215535764550843,0.013651308350586477,0.046435509991096025,-0.003644686097792005,,5.0,DJIA x $5,231463.90625,3059258448.90625,3053934779.0625,5323669.84375,2277604837.5,664532874.84375,10552670949.84375,10515405260.9375,37265688.90625,-1866756403.90625,-493249584.21875,15468269926.875,15425680568.125,42589358.75,410848433.59375,171283290.625,2611838718.125,2654428076.875,-42589358.75,-410848433.59375,-171283290.625
2025-09-30,DJIA Consolidated - CHICAGO BOARD OF TRADE,78830,8387,23116,-14729,-18.68451097297983,10.639350501078269,29.3238614740581,720,0.9133578586832425,58021,44377,13644,17.308131422047442,73.60268933147279,56.29455790942535,67128,68213,-1085,-1.3763795509323862,85.1553976912343,86.53177724216668,11702,10617,1085,1.3763795509323862,14.844602308765698,13.468222757833312,46397.890625,2025-10-06,2025-10-06,46694.96875,0.006402836874655815,2025-10-07,2025-10-07,46602.98046875,0.004420240683085996,2025-10-08,2025-10-08,46601.78125,0.004394394276409974,2025-10-09,2025-10-09,46358.421875,-0.0008506582835628995,2025-10-10,2025-10-10,45479.6015625,-0.019791612293797,0.006402836874655815,-0.001969982713608709,-2.5732662116029204e-05,-0.005222104573524233,-0.018957080007374616,-0.0260277974273192,0.002270534890361553,-18.713955872611127,-14752.0,-6.281225082698871,12.432730789912256,17.10201712462835,13483.0,15.236497197101627,-1.8655199275267194,-1.6119387479827754,-1269.0,-0.39867850704509067,1.2132602409376858,1.6119387479827754,1269.0,0.39867850704509067,-1.213260240937684,0.004420240683085996,-0.0027464543276314313,0.011354991555717842,0.028201292151953217,0.042440894235156845,-0.0012151178747686897,,5.0,DJIA x $5,231989.453125,1945695543.359375,5362668198.4375,-3416972655.078125,-3422308412.5,-2326390235.9375,13460260059.765625,10294995961.328125,3165264098.4375,3127913796.484375,1922032619.140625,15572988009.375,15824696566.015625,-251708556.640625,-294394616.015625,-403893637.890625,2714740580.46875,2463032023.828125,251708556.640625,294394616.015625,403893637.890625
2025-10-07,DJIA Consolidated - CHICAGO BOARD OF TRADE,82515,10816,23496,-12680,-15.366902987335637,13.107919772162639,28.474822759498274,1468,1.7790704720353874,58172,46981,11191,13.562382597103555,70.49869720656851,56.936314609464944,70456,71945,-1489,-1.804520390232079,85.38568745076653,87.1902078409986,12059,10570,1489,1.804520390232079,14.614312549233471,12.809792159001393,46602.98046875,2025-10-13,2025-10-13,46067.578125,-0.011488585887956648,2025-10-14,2025-10-14,46270.4609375,-0.007135155904309021,2025-10-15,2025-10-15,46253.30859375,-0.007503208410339246,2025-10-16,2025-10-16,45952.23828125,-0.013963531537137586,2025-10-17,2025-10-17,46190.609375,-0.008848599158298831,-0.011488585887956648,0.004404026014771079,-0.00037069749041762634,-0.0065091627313484945,0.0051873663322132835,0.0026706689391433613,0.004420240683085996,3.3176079856441927,2049.0,2.4685692710843696,-0.8490387145598248,-3.7457488249438864,-2453.0,-3.1039921249042806,0.6417567000395934,-0.4281408392996928,-404.0,0.2302897595322264,0.658430598831913,0.4281408392996928,404.0,-0.2302897595322264,-0.6584305988319183,-0.007135155904309021,0.0069042325032355745,0.02367639609959893,0.01034821823946186,0.06135010309409705,-0.000397389417237326,,5.0,DJIA x $5,233014.90234375,2520289183.75,5474918145.46875,-2954628961.71875,477447534.90234375,-2462734502.8710938,13554942899.140625,10947273127.011719,2607669772.1289062,-571585555.4492188,2039346425.3125,16417297959.53125,16764257149.121094,-346959189.58984375,-94138020.546875,-423388077.55859375,2809926707.3632812,2462967517.7734375,346959189.58984375,94138020.546875,423388077.55859375
2025-10-14,DJIA Consolidated - CHICAGO BOARD OF TRADE,85017,9390,23015,-13625,-16.0262065234012,11.0448498535587,27.071056376959902,1610,1.8937388992789677,61772,49864,11908,14.00661044261736,72.65840949457167,58.65179905195431,72772,74489,-1717,-2.0195960807838436,85.59699824740935,87.61659432819319,12245,10528,1717,2.0195960807838436,14.403001752590658,12.383405671806814,46270.4609375,2025-10-20,2025-10-20,46706.578125,0.009425391030555952,2025-10-21,2025-10-21,46924.73828125,0.014140281520725884,2025-10-22,2025-10-22,46590.41015625,0.006914761864641239,2025-10-23,2025-10-23,46734.609375,0.01003120410075331,2025-10-24,2025-10-24,47207.12109375,0.0202431559416536,0.009425391030555952,0.004670865753987341,-0.007124773355072445,0.0030950407662519996,0.010110531040466109,0.010716755301799274,-0.007135155904309021,-0.659303536065563,-945.0,-2.0630699186039383,-1.4037663825383717,0.44422784551380445,717.0,2.1597122880031634,1.7154844424893696,-0.21507569055176456,-228.0,0.21131079664282026,0.42638648719459127,0.21507569055176456,228.0,-0.21131079664281316,-0.42638648719457883,0.014140281520725884,0.031032977133933493,0.01760901722700714,0.02373367255263248,0.06314022563328825,0.0489627139615092,,5.0,DJIA x $5,231352.3046875,2172398141.015625,5324573292.3828125,-3152175151.3671875,-218627927.9296875,-880989576.25,14291094565.15625,11536151320.9375,2754943244.21875,165879602.4609375,851839185.859375,16835969916.71875,17233201823.867188,-397231907.1484375,-52748325.46875,-29150390.390625,2832908970.8984375,2435677063.75,397231907.1484375,52748325.46875,29150390.390625
2025-10-21,DJIA Consolidated - CHICAGO BOARD OF TRADE,92051,13509,24639,-11130,-12.091123398985346,14.675560287232079,26.766683686217423,2174,2.361734256010255,62941,53154,9787,10.632149569260518,68.37622622242017,57.74407665315966,78624,79967,-1343,-1.4589738297248265,85.41352076566251,86.87249459538734,13427,12084,1343,1.4589738297248265,14.586479234337487,13.127505404612661,46924.73828125,2025-10-27,2025-10-27,47544.58984375,0.013209483637070862,2025-10-28,2025-10-28,47706.37109375,0.01665715869985629,2025-10-29,2025-10-29,47632.0,0.015072257079217444,2025-10-30,2025-10-30,47522.12109375,0.01273065837724019,2025-10-31,2025-10-31,47562.87109375,0.013599070253205392,0.013209483637070862,0.0034027267988150367,-0.001558934206164042,-0.0023068295736059508,0.0008574953950311048,0.0003845074709882823,0.014140281520725884,3.935083124415854,2495.0,3.6307104336733786,-0.3043726907424791,-3.374460873356842,-2121.0,-4.282183272151499,-0.9077223987946539,0.5606222510590171,374.0,-0.18347748174683431,-0.7440997328058501,-0.5606222510590171,-374.0,0.18347748174682899,0.7440997328058465,0.01665715869985629,0.0034203707016546847,0.00945962921177057,-0.017751830495192022,0.03332680415022948,0.04740869542343118,,5.0,DJIA x $5,234623.69140625,3169531447.2070312,5780893132.558594,-2611361685.3515625,585386110.0585938,-2616758030.2539062,14767449760.800781,12471187693.007812,2296262067.7929688,-497636849.47265625,2258487653.4765625,18447053113.125,18762152730.683594,-315099617.55859375,87749260.5859375,-358270376.77734375,3150292304.5117188,2835192686.953125,315099617.55859375,-87749260.5859375,358270376.77734375
2025-10-28,DJIA Consolidated - CHICAGO BOARD OF TRADE,92593,14152,22900,-8748,-9.44779842968691,15.2840927499919,24.731891179678808,3036,3.278865572991479,62050,54853,7197,7.77272580000648,67.0137051396974,59.2409793396909,79238,80789,-1551,-1.6750726296804292,85.57666346268077,87.2517360923612,13356,11804,1552,1.6761526249284502,14.424416532567259,12.748263907638806,47706.37109375,2025-11-03,2025-11-03,47336.6796875,-0.007749308903070906,2025-11-04,2025-11-04,47085.23828125,-0.013019913237152014,2025-11-05,2025-11-05,47311.0,-0.00828759523488043,2025-11-06,2025-11-06,46912.30078125,-0.01664495316442194,2025-11-07,2025-11-07,46987.1015625,-0.015077012037585713,-0.007749308903070906,-0.005311766856271438,0.004794745168357872,-0.008427199145019104,0.001594481191591779,-0.007384931247983451,0.01665715869985629,2.643324969298435,2382.0,0.6085324627598219,-2.034792506538615,-2.859423769254038,-2590.0,-1.362521082722779,1.496902686531243,-0.21609879995560277,-208.0,0.1631426970182588,0.37924149697386156,0.2171787952036237,209.0,-0.1620627017702283,-0.37924149697385445,-0.013019913237152014,-0.007079603410544255,-0.03384522392883349,-0.012449529515310531,0.027187963216718458,0.03009154879814524,,5.0,DJIA x $5,238531.85546875,3375702818.59375,5462379490.234375,-2086676671.640625,568182879.7265625,1426659027.5585938,14800901631.835938,13084187868.027344,1716713763.8085938,-617797505.6640625,-1537814872.2070312,18900787163.632812,19270750071.464844,-369962907.83203125,-49614625.9375,-111155844.6484375,3185831461.640625,2815630021.953125,370201439.6875,49853157.79296875,111394376.50390625
2025-11-04,DJIA Consolidated - CHICAGO BOARD OF TRADE,88387,11405,22520,-11115,-12.575378732166495,12.903481281183884,25.478860013350378,2598,2.939346283955785,61755,51828,9927,11.231289669295258,69.86887211920305,58.63758244990779,75758,76946,-1188,-1.3440890628712368,85.71169968434272,87.05578874721395,12629,11441,1188,1.3440890628712368,14.28830031565728,12.944211252786042,47085.23828125,2025-11-10,2025-11-10,47368.62890625,0.006018672419310089,2025-11-11,2025-11-11,47927.9609375,0.01789781016326697,2025-11-12,2025-11-12,48254.8203125,0.024839675319552112,2025-11-13,2025-11-13,47457.21875,0.007900150499994929,2025-11-14,2025-11-14,47147.48046875,0.001321904481574654,0.006018672419310089,0.011808068845670094,0.006819805570828175,-0.016528951042293905,-0.00652668423073155,-0.004668668749895355,-0.013019913237152014,-3.1275803024795845,-2367.0,-2.3806114688080164,0.7469688336715699,3.4585638692887777,2730.0,2.855166979505654,-0.603396889783113,0.3309835668091925,363.0,0.13503622166194873,-0.1959473451472462,-0.33206356205721343,-364.0,-0.13611621690997922,0.19594734514723555,0.006018672419310089,-0.021100031268093344,0.0005779080343071286,0.008266341436462321,0.045783988330339476,0.04700011722423958,,5.0,DJIA x $5,235426.19140625,2685035712.9882812,5301797830.46875,-2616762117.4804688,-557253795.0585938,368441989.55078125,14538744450.292969,12201668648.203125,2337075802.0898438,642713502.5390625,-297578705.9375,17835417408.554688,18115103723.945312,-279686315.390625,85459707.48046875,70863283.61328125,2973197371.2695312,2693511055.8789062,279686315.390625,-85695133.671875,-70863283.61328125
2025-11-10,DJIA Consolidated - CHICAGO BOARD OF TRADE,81781,9350,23116,-13766,-16.832760665680293,11.432973429036084,28.26573409471638,1580,1.931989092821071,57134,46262,10872,13.294041403259927,69.86219292989814,56.568151526638225,68064,70958,-2894,-3.5387192624203667,83.2271554517553,86.76587471417567,13717,10823,2894,3.5387192624203667,16.772844548244702,13.234125285824335,47368.62890625,2025-11-17,2025-11-17,46590.23828125,-0.016432618865548254,2025-11-18,2025-11-18,46091.73828125,-0.02695646157559617,2025-11-19,2025-11-19,46138.76953125,-0.025963583987919203,2025-11-20,2025-11-20,45752.26171875,-0.03412315755854045,2025-11-21,2025-11-21,46245.41015625,-0.02371229178330303,-0.016432618865548254,-0.01069966624748131,0.0010203835167381659,-0.008377072393276896,0.010778667960318566,-0.007401295587251222,0.006018672419310089,-4.257381933513798,-2651.0,-1.4705078521478008,2.786874081366001,2.062751733964669,945.0,-0.006679189304904298,-2.0694309232695645,-2.19463019954913,-1706.0,-2.4845442325874245,-0.28991403303828633,2.19463019954913,1706.0,2.4845442325874227,0.28991403303829344,-0.02695646157559617,-0.005408214115866006,0.002234221967020833,0.004046141099615319,0.059522763986482596,0.05049607182496252,,5.0,DJIA x $5,236843.14453125,2214483401.3671875,5474866128.984375,-3260382727.6171875,-627871176.1523438,-33394883.37890625,13531796219.648438,10956837552.304688,2574958667.34375,223816771.58203125,-245369497.734375,16120491789.375,16805915849.648438,-685424060.2734375,-404054404.5703125,-278764381.11328125,3248777413.5351562,2563353353.2617188,685424060.2734375,404054404.5703125,278764381.11328125
2025-11-18,DJIA Consolidated - CHICAGO BOARD OF TRADE,82876,8567,26628,-18061,-21.79279888025484,10.337130170375017,32.129929050629855,1826,2.20329166465563,59265,45579,13686,16.513827887446304,71.5104493460109,54.9966214585646,69658,74033,-4375,-5.278970992808533,84.05087118104156,89.3298421738501,13218,8843,4375,5.278970992808533,15.949128818958444,10.67015782614991,46091.73828125,2025-11-24,2025-11-24,46448.26953125,0.007735252852137275,2025-11-25,2025-11-25,47112.44921875,0.022145203794911472,2025-11-26,2025-11-26,47427.12109375,0.028972281417366963,2025-11-27,2025-11-28,47716.421875,0.035248911287229845,2025-11-28,2025-11-28,47716.421875,0.035248911287229845,0.007735252852137275,0.014299341917423769,0.006679166127384617,0.006099901798342966,0.0,0.02730246694974925,-0.02695646157559617,-4.960038214574546,-4295.0,-1.0958432586610662,3.864194955913476,3.2197864841863773,2814.0,1.6482564161127584,-1.5715300680736277,-1.7402517303881666,-1481.0,0.8237157292862634,2.56396745967443,1.7402517303881666,1481.0,-0.823715729286258,-2.5639674596744246,0.022145203794911472,0.029999360141565568,0.031861475310151155,0.04388038969497399,0.07466529259539723,0.07099191193513965,,5.0,DJIA x $5,230458.69140625,1974339609.2773438,6136654034.765625,-4162314425.4882812,-989820079.5898438,-1597309190.1367188,13658134346.191406,10504076695.605469,3154057650.5859375,648510757.6171875,898558437.7929688,16053291525.976562,17061548300.878906,-1008256774.9023438,-341309321.97265625,-698750752.34375,3046202983.0078125,2037946208.1054688,1008256774.9023438,341309321.97265625,698750752.34375
2025-11-25,DJIA Consolidated - CHICAGO BOARD OF TRADE,85923,5461,27352,-21891,-25.477462379106875,6.355690560152695,31.83315293925957,4197,4.8846059844279175,61766,43944,17822,20.74182698462577,71.88529264574095,51.14346566111519,71424,75494,-4070,-4.736799227215065,83.12558919032156,87.86238841753664,14499,10430,4069,4.735635394481105,16.874410809678434,12.138775415197328,47112.44921875,2025-12-01,2025-12-01,47289.328125,0.003754398448459373,2025-12-02,2025-12-02,47474.4609375,0.007683992761003067,2025-12-03,2025-12-03,47882.8984375,0.016353410436648952,2025-12-04,2025-12-04,47850.94140625,0.01567509649245946,2025-12-05,2025-12-05,47954.98828125,0.01788357592253309,0.003754398448459373,0.003914896232203535,0.008603309904618106,-0.0006673996832441409,0.002174395569705778,0.014076329325095394,0.022145203794911472,-3.6846634988520357,-3830.0,-3.9814396102223224,-0.2967761113702849,4.227999097179467,4136.0,0.3748432997300455,-3.8531557974494106,0.5421717655934684,305.0,-0.925281990719995,-1.4674537563134606,-0.5433355983274284,-306.0,0.9252819907199896,1.4686175890474171,0.007683992761003067,0.009505764424825758,0.021264283997387556,0.028229501109670485,0.04376870265597099,0.0710901369869148,,5.0,DJIA x $5,235562.24609375,1286405425.9179688,6443098555.15625,-5156693129.238281,-902203402.5390625,-3095994600.4101562,14549737692.226562,10351547342.34375,4198190349.8828125,974285449.84375,2502848864.7460938,16824797865.0,17783536206.601562,-958738341.6015625,71846485.05859375,-593381297.9101562,3415417006.1132812,2456914226.7578125,958502779.3554688,-72082047.3046875,592910173.4179688
2025-12-02,DJIA Consolidated - CHICAGO BOARD OF TRADE,82132,5972,25721,-19749,-24.045439049335215,7.271221935421029,31.316660984756243,2442,2.973262552963522,60389,44223,16166,19.6829493985292,73.52676179808114,53.843812399551936,68803,72386,-3583,-4.36248965080602,83.7712462864657,88.13373593727171,13329,9746,3583,4.36248965080602,16.22875371353431,11.866264062728291,47474.4609375,2025-12-08,2025-12-08,47739.3203125,0.005578986464926716,2025-12-09,2025-12-09,47560.2890625,0.0018078799275464963,2025-12-10,2025-12-10,48057.75,0.012286375684557926,2025-12-11,2025-12-11,48704.01171875,0.025899204687520383,2025-12-12,2025-12-12,48458.05078125,0.020718294095953826,0.005578986464926716,-0.0037501843098742826,0.010459586081284611,0.013447606655534239,-0.005050116588348974,0.01505531423667561,0.007683992761003067,1.4320233297716598,2142.0,0.9155313752683343,-0.5164919545033264,-1.0588775860965711,-1656.0,1.6414691523401927,2.7003467384367497,0.37430957640904516,487.0,0.6456570961441344,0.2713475197350732,-0.37314574367508513,-486.0,-0.6456570961441237,-0.2725113524690368,0.0018078799275464963,0.013476736093797737,0.020388840644747885,0.018801638578373803,0.021628651984101355,0.08074505848621572,,5.0,DJIA x $5,237372.3046875,1417587403.59375,6105453048.8671875,-4687865645.2734375,508451476.640625,-2049472478.671875,14334676107.773438,10497315430.195312,3837360677.578125,-393088536.5625,1480965808.9453125,16331926679.414062,17182431647.109375,-850504967.6953125,115600312.3828125,-568506669.7265625,3163935449.1796875,2313430481.484375,850504967.6953125,-115362940.078125,568506669.7265625
2025-12-09,DJIA Consolidated - CHICAGO BOARD OF TRADE,83015,7983,26161,-18178,-21.897247485394207,9.61633439739806,31.51358188279227,1853,2.2321267240860085,59905,45374,14531,17.504065530325843,72.16165753177137,54.65759200144552,69741,73388,-3647,-4.3931819550683615,84.01011865325543,88.4033006083238,13274,9627,3647,4.3931819550683615,15.989881346744564,11.596699391676204,47560.2890625,2025-12-15,2025-12-15,48416.55859375,0.018003875672932823,2025-12-16,2025-12-16,48114.26171875,0.0116477983454224,2025-12-17,2025-12-17,47885.96875,0.006847723046258469,2025-12-18,2025-12-18,47951.8515625,0.008232971407836409,2025-12-19,2025-12-19,48134.890625,0.012081540584097494,0.018003875672932823,-0.0062436671209221695,-0.004744808723959548,0.0013758270787829208,0.003817142749147573,-0.00581759581703023,0.0018078799275464963,2.1481915639410083,1571.0,2.3451124619770303,0.19692089803602641,-2.178883868203357,-1635.0,-1.3651042663097712,0.8137796018935859,-0.030692304262341707,-64.0,0.23887236678973522,0.2695646710520947,0.030692304262341707,64.0,-0.23887236678974588,-0.2695646710520876,0.0116477983454224,0.01854742919225716,0.016963091418342957,0.0399869113495257,0.003074469460390583,0.06963415020770514,,5.0,DJIA x $5,237801.4453125,1898368937.9296875,6221123610.8203125,-4322754672.890625,373586070.5859375,-1049179976.71875,14245495581.445312,10790002779.609375,3455492801.8359375,-388805363.0859375,870115488.3984375,16584510597.539062,17451772468.59375,-867261871.0546875,-15219292.5,-179064488.3203125,3156576385.078125,2289314514.0234375,867261871.0546875,15219292.5,179064488.3203125
2025-12-16,DJIA Consolidated - CHICAGO BOARD OF TRADE,90249,9200,26174,-16974,-18.807964631187048,10.194018770291084,29.00198340147813,2017,2.2349278108344692,65657,52329,13328,14.768030670699952,72.75094460880453,57.98291393810457,76874,80520,-3646,-4.0399339604870965,85.17989118993007,89.21982515041718,13375,9729,3646,4.0399339604870965,14.820108810069918,10.78017484958282,48114.26171875,2025-12-22,2025-12-22,48362.6796875,0.005163083873179097,2025-12-23,2025-12-23,48442.41015625,0.006820190641564361,2025-12-24,2025-12-24,48731.16015625,0.012821529739062809,2025-12-25,2025-12-26,48710.96875,0.01240187441174978,2025-12-26,2025-12-26,48710.96875,0.01240187441174978,0.005163083873179097,0.0016485949344657858,0.005960686082064015,-0.0004143428185428011,0.0,0.007201608032278317,0.0116477983454224,3.089282854207159,1204.0,0.5776843728930245,-2.511598481314138,-2.7360348596258905,-1203.0,0.5892870770331626,3.3253219366590514,0.353247994581265,1.0,1.1697725366746425,0.8165245420933758,-0.353247994581265,-1.0,-1.169772536674646,-0.8165245420933829,0.006820190641564361,0.005254094440390933,0.02801282526433857,0.022399316211060505,-0.023298705206218462,0.08075381430483142,,5.0,DJIA x $5,240571.30859375,2213256039.0625,6296713431.1328125,-4083457392.0703125,289647855.546875,261501012.44140625,15795190408.339844,12588856007.402344,3206334400.9375,-289407284.23828125,-86124528.4765625,18493678776.835938,19370801767.96875,-877122991.1328125,240571.30859375,175376483.96484375,3217641252.4414062,2340518261.3085938,877122991.1328125,-240571.30859375,-175376483.96484375
2025-12-23,DJIA Consolidated - CHICAGO BOARD OF TRADE,61462,10845,10975,-130,-0.21151280465978978,17.645048973349386,17.856561778009176,1036,1.6855943509810942,36627,40465,-3838,-6.244508802186717,59.59291920210862,65.83742800429533,48508,52476,-3968,-6.456021606846507,78.9235625264391,85.3795841332856,12954,8986,3968,6.456021606846507,21.0764374735609,14.620415866714392,48442.41015625,2025-12-29,2025-12-29,48461.9296875,0.000402943024243374,2025-12-30,2025-12-30,48367.05859375,-0.0015554874800192131,2025-12-31,2025-12-31,48063.2890625,-0.007826222777255532,2026-01-01,2026-01-02,48382.390625,-0.0012389873058835654,2026-01-02,2026-01-02,48382.390625,-0.0012389873058835654,0.000402943024243374,-0.0019576416862011614,-0.006280504543421883,0.006639195292795108,0.0,-0.0016412689922357115,0.006820190641564361,18.596451826527257,16844.0,7.451030203058302,-11.145421623468955,-21.01253947288667,-17166.0,-13.158025406695913,7.8545140661907595,-2.4160876463594105,-322.0,-6.256328663490976,-3.840241017131575,2.4160876463594105,322.0,6.256328663490983,3.8402410171315715,-0.0015554874800192131,0.021049075912224158,0.015473592717254459,0.0009532904607976178,-0.04785789053480627,0.06656212350086776,,5.0,DJIA x $5,242212.05078125,2626789690.7226562,2658277257.3242188,-31487566.6015625,4079819783.359375,5270776437.050781,8871500783.964844,9801110634.863281,-929609850.8984375,-4157812063.7109375,-5246313019.921875,11749222159.296875,12710319576.796875,-961097417.5,-77992280.3515625,24705629.1796875,3137614905.8203125,2176517488.3203125,961097417.5,77992280.3515625,-24463417.12890625
2025-12-30,DJIA Consolidated - CHICAGO BOARD OF TRADE,61375,10476,10966,-490,-0.7983706720977597,17.068839103869653,17.867209775967414,1525,2.484725050916497,36643,40219,-3576,-5.826476578411405,59.70346232179226,65.52993890020366,48644,52710,-4066,-6.624847250509165,79.2570264765784,85.88187372708758,12731,8665,4066,6.624847250509165,20.742973523421586,14.118126272912424,48367.05859375,2026-01-05,2026-01-05,48977.1796875,0.012614393173556282,2026-01-06,2026-01-06,49462.078125,0.022639779285472228,2026-01-07,2026-01-07,48996.078125,0.013005122691733817,2026-01-08,2026-01-08,49266.109375,0.01858808055295258,2026-01-09,2026-01-09,49504.0703125,0.023507977367408506,0.012614393173556282,0.009900497345782355,-0.00942135910307551,0.005511282950261709,0.00483011426148372,0.010757880064998337,-0.0015554874800192131,-0.5868578674379699,-360.0,-0.5762098694797331,0.010647997958237454,0.41803222377531135,262.0,0.11054311968364061,-0.3074891040916725,-0.1688256436626583,-98.0,0.3334639501393042,0.5022895938019758,0.1688256436626583,98.0,-0.33346395013931485,-0.5022895938019687,0.022639779285472228,0.017055609985069387,0.0025126863930424737,0.013156714114970658,-0.04187864496812177,0.08171141144214,,5.0,DJIA x $5,241835.29296875,2533466529.140625,2651965822.6953125,-118499293.5546875,-87060705.46875,4657505907.285156,8861570640.253906,9726373647.910156,-864803007.65625,63360846.7578125,-4774312353.7890625,11763835991.171875,12747138292.382812,-983302301.2109375,-23699858.7109375,-116806446.50390625,3078805114.7851562,2095502813.5742188,983302301.2109375,23699858.7109375,116806446.50390625
2026-01-06,DJIA Consolidated - CHICAGO BOARD OF TRADE,66021,15100,10993,4107,6.220747943836052,22.87151057996698,16.650762636130928,979,1.482861513760773,35413,44664,-9251,-14.01220823677315,53.638993653534484,67.65120189030763,51492,56636,-5144,-7.791460292937096,77.99336574726223,85.78482604019933,14529,9385,5144,7.791460292937096,22.006634252737765,14.21517395980067,49462.078125,2026-01-12,2026-01-12,49590.19921875,0.0025902893409819328,2026-01-13,2026-01-13,49191.98828125,-0.005460543794125083,2026-01-14,2026-01-14,49149.62890625,-0.006316944831156968,2026-01-15,2026-01-15,49442.44140625,-0.00039700553422716833,2026-01-16,2026-01-16,49359.328125,-0.0020773490297016917,0.0025902893409819328,-0.008030033026151573,-0.0008611031283756176,0.005957572956624357,-0.0016810108660915146,-0.0046555790738325165,0.022639779285472228,7.019118615933812,4597.0,5.802671476097327,-1.216447139836486,-8.185731658361744,-5675.0,-6.064468668257774,2.121262990103972,-1.1666130424279304,-1078.0,-1.2636607293161717,-0.09704768688824572,1.1666130424279304,1078.0,1.2636607293161788,0.09704768688824572,-0.005460543794125083,-0.019681507897622352,-0.009273123696720953,-0.0044698858626858184,-0.058178250825363986,0.07001465453489786,,5.0,DJIA x $5,247310.390625,3734386898.4375,2718683124.140625,1015703774.296875,1136885865.703125,5511312055.078125,8758002863.203125,11045871286.875,-2287868423.671875,-1403486466.796875,-5881535709.84375,12734506634.0625,14006671283.4375,-1272164649.375,-266600601.09375,-370223654.765625,3593172665.390625,2321008016.015625,1272164649.375,266600601.09375,370223654.765625
2026-01-13,DJIA Consolidated - CHICAGO BOARD OF TRADE,68752,17348,16711,637,0.9265185012799628,25.232720502676287,24.306202001396322,949,1.38032348149872,37813,42116,-4303,-6.25872701885036,54.99912729811497,61.25785431696532,56110,59776,-3666,-5.332208517570398,81.61217128228996,86.94437979986037,12642,8976,3666,5.332208517570398,18.38782871771003,13.05562020013963,49191.98828125,2026-01-19,2026-01-20,48488.58984375,-0.014299044663094174,2026-01-20,2026-01-20,48488.58984375,-0.014299044663094174,2026-01-21,2026-01-21,49077.23046875,-0.00233285574561215,2026-01-22,2026-01-22,49384.01171875,0.0039035510498606207,2026-01-23,2026-01-23,49098.7109375,-0.0018961897457101529,-0.014299044663094174,0.0,0.012139776118399004,0.006250989452131872,-0.0057771892424380855,0.01258277660200191,-0.005460543794125083,-5.294229442556089,-3470.0,2.361209922709307,7.655439365265394,7.75348121792279,4948.0,1.3601336445804861,-6.393347573342311,2.459251775366698,1478.0,3.6188055350277324,1.159553759661037,-2.459251775366698,-1478.0,-3.618805535027736,-1.1595537596610388,-0.014299044663094174,-0.003833512968043129,0.0009960971636244764,0.020250296411167712,-0.013335504884441574,0.06741506830420252,,5.0,DJIA x $5,245959.94140625,4266913063.515625,4110236580.8398438,156676482.67578125,-853480996.6796875,4331600528.105469,9300483264.394531,10358848892.265625,-1058365627.8710938,1217009790.078125,-4336519726.933594,13800812312.304688,14702501457.5,-901689145.1953125,363528793.3984375,-4919198.828125,3109425579.2578125,2207736434.0625,901689145.1953125,-363528793.3984375,4919198.828125
2026-01-20,DJIA Consolidated - CHICAGO BOARD OF TRADE,70237,17652,20923,-3271,-4.657089568176318,25.1320529065877,29.789142474764013,1694,2.411834218431881,38520,38620,-100,-0.14237510144225976,54.84288907555847,54.98526417700072,57866,61237,-3371,-4.799464669618577,82.38677620057804,87.18624087019661,12371,9000,3371,4.799464669618577,17.613223799421956,12.813759129803378,48488.58984375,2026-01-26,2026-01-26,49412.3984375,0.019052082082132937,2026-01-27,2026-01-27,49003.41015625,0.01061734965192751,2026-01-28,2026-01-28,49015.6015625,0.010868778004232471,2026-01-29,2026-01-29,49071.55859375,0.012022802722837733,2026-01-30,2026-01-30,48892.46875,0.00832935970197246,0.019052082082132937,-0.008277037629883854,0.0002487868948533034,0.0011416167396955945,-0.003649565020598544,-0.010522251579381248,-0.014299044663094174,-5.583608069456281,-3908.0,-0.10066759608858789,5.482940473367691,6.1163519174081005,4203.0,-0.1562382225565031,-6.272590139964599,0.5327438479518207,295.0,0.7746049182880768,0.24186107033624182,-0.5327438479518207,-295.0,-0.7746049182880732,-0.24186107033625248,0.01061734965192751,0.015517020394375969,0.03505053017063697,0.02154324483071446,0.013627722823644328,0.0770501017515477,,5.0,DJIA x $5,242442.94921875,4279602939.609375,5072633826.503906,-793030886.8945312,-947467045.546875,-761513303.4960938,9338902403.90625,9363146698.828125,-24244294.921875,1018987715.5664062,906251744.1796875,14029203699.492188,14846478881.308594,-817275181.8164062,71520670.01953125,144738440.68359375,2999261724.7851562,2181986542.96875,817275181.8164062,-71520670.01953125,-144738440.68359375
2026-01-27,DJIA Consolidated - CHICAGO BOARD OF TRADE,70906,20044,18900,1144,1.6134036611852314,28.26841169999718,26.65500803881195,977,1.377880574281443,36902,41628,-4726,-6.665162327588639,52.04355061630892,58.70871294389756,57923,61505,-3582,-5.0517586664034075,81.68984289058754,86.74160155699094,12983,9401,3582,5.0517586664034075,18.31015710941246,13.258398443009053,49003.41015625,2026-02-02,2026-02-02,49407.66015625,0.00824942588099531,2026-02-03,2026-02-03,49240.98828125,0.004848195752958251,2026-02-04,2026-02-04,49501.30078125,0.01016032605511441,2026-02-05,2026-02-05,48908.71875,-0.0019323431970973415,2026-02-06,2026-02-06,50115.671875,0.02269763910722733,0.00824942588099531,-0.0033734015023765274,0.005286500313786746,-0.011971039586791132,0.024677668028259214,0.014329998961920776,0.01061734965192751,6.2704932293615485,4415.0,3.1363587934094816,-3.1341344359520633,-6.52278722614638,-4626.0,-2.7993384592495474,3.723448766896837,-0.25229399678483055,-211.0,-0.6969333099904986,-0.44463931320566985,0.25229399678483055,211.0,0.6969333099905057,0.4446393132056752,0.004848195752958251,0.024176490268175588,0.010811109845432432,0.003491386481154546,0.002826732482664518,0.07640101258896759,,5.0,DJIA x $5,245017.05078125,4911121765.859375,4630822259.765625,280299506.09375,1081750279.1992188,400357860.9765625,9041619207.929688,10199569789.921875,-1157950581.9921875,-1133448876.9140625,-281769608.3984375,14192122632.402344,15069773708.300781,-877651075.8984375,-51698597.71484375,118588252.578125,3181056370.2929688,2303405294.3945312,877651075.8984375,51698597.71484375,-118588252.578125
2026-02-03,DJIA Consolidated - CHICAGO BOARD OF TRADE,70011,20011,18964,1047,1.4954792818271414,28.58265129765323,27.087172015826084,1018,1.4540572195797803,37734,39981,-2247,-3.209495650683464,53.89724471868706,57.10674036937052,58763,59963,-1200,-1.7140163688563228,83.93395323592007,85.64796960477639,11248,10048,1200,1.7140163688563228,16.066046764079932,14.352030395223608,49240.98828125,2026-02-09,2026-02-09,50135.87109375,0.018173534767188082,2026-02-10,2026-02-10,50188.140625,0.019235039279474675,2026-02-11,2026-02-11,50121.3984375,0.017879619946321146,2026-02-12,2026-02-12,49451.98046875,0.00428488937498317,2026-02-13,2026-02-13,49500.9296875,0.005278964036328659,0.018173534767188082,0.0010425575562906797,-0.001329839812131861,-0.013355931590471215,0.0009898333350053523,-0.012664413570529387,0.004848195752958251,-0.11792437935808997,-97.0,0.3142395976560479,0.43216397701413456,3.4556666769051754,2479.0,1.8536941023781424,-1.6019725745270392,3.3377422975470847,2382.0,2.2441103453325297,-1.093631952214551,-3.3377422975470847,-2382.0,-2.2441103453325297,1.0936319522145546,0.019235039279474675,0.005934144199767566,-0.0013502629327876159,-0.015022418838853246,0.0011628872764075648,0.09839141727471867,,5.0,DJIA x $5,246204.94140625,4926807082.480469,4669030508.828125,257776573.65234375,-23881879.31640625,-753387120.703125,9290297259.023438,9843519762.363281,-553222503.3398438,610342049.7460938,1724419409.609375,14467740971.855469,14763186901.542969,-295445929.6875,586460170.4296875,971032288.90625,2769313180.9375,2473867251.25,295445929.6875,-586460170.4296875,-971032288.90625
2026-02-10,DJIA Consolidated - CHICAGO BOARD OF TRADE,74433,21453,20020,1433,1.9252213399970444,28.821893514973198,26.896672174976153,2002,2.689667217497615,36801,40695,-3894,-5.231550521945911,49.441779855709164,54.67333037765507,60256,62717,-2461,-3.3063291819488665,80.95334058817998,84.25966977012884,14177,11716,2461,3.3063291819488665,19.046659411820027,15.74033022987116,50188.140625,2026-02-16,2026-02-17,49533.19140625,-0.01304988012294983,2026-02-17,2026-02-17,49533.19140625,-0.01304988012294983,2026-02-18,2026-02-18,49662.66015625,-0.01047021193066966,2026-02-19,2026-02-19,49395.16015625,-0.0158001563491873,2026-02-20,2026-02-20,49625.96875,-0.011201289149173399,-0.01304988012294983,0.0,0.0026137776776415933,-0.00538634054556042,0.004672696535852783,0.001873033840866123,0.019235039279474675,0.42974205816990296,386.0,0.23924221731996909,-0.190499840849931,-2.022054871262447,-1647.0,-4.455464862977898,-2.4334099917154504,-1.5923128130925437,-1261.0,-2.980612647740088,-1.3882998346475546,1.5923128130925437,1261.0,2.980612647740095,1.3882998346475528,-0.01304988012294983,-0.02019681566953846,-0.033610950171557574,-0.049446520140932204,-0.008519583031474376,,,5.0,DJIA x $5,250940.703125,5383430904.140625,5023832876.5625,359598027.578125,96863111.40625,199748799.6875,9234868815.703125,10212031913.671875,-977163097.96875,-413299338.046875,102634747.578125,15120683007.5,15738248077.890625,-617565070.390625,-316436226.640625,302383547.265625,3557586348.203125,2940021277.8125,617565070.390625,316436226.640625,-302383547.265625
2026-02-17,DJIA Consolidated - CHICAGO BOARD OF TRADE,68377,20072,21607,-1535,-2.2449069131433084,29.354900039486964,31.59980695263027,1078,1.5765535194582976,35032,36279,-1247,-1.8237126519151177,51.233601942173536,53.05731459408866,56182,58964,-2782,-4.068619565058426,82.1650555011188,86.23367506617723,12195,9413,2782,4.068619565058426,17.834944498881203,13.766324933822776,49533.19140625,2026-02-23,2026-02-23,48804.05859375,-0.014720085498226121,2026-02-24,2026-02-24,49174.5,-0.007241435410615171,2026-02-25,2026-02-25,49482.1484375,-0.0010304801144623843,2026-02-26,2026-02-26,49499.19921875,-0.0006862507045267696,2026-02-27,2026-02-27,48977.921875,-0.011210049574555292,-0.014720085498226121,0.007590381147059677,0.0062562595959287925,0.0003445844974079293,-0.010531025793898974,0.0035624758731083173,-0.01304988012294983,-4.170128253140353,-2968.0,0.5330065245137661,4.7031347776541175,3.407837870030793,2647.0,1.7918220864643715,-1.6160157835664108,-0.7622903831095593,-321.0,1.2117149129388167,1.9740052960483894,0.7622903831095593,321.0,-1.2117149129388238,-1.974005296048384,-0.007241435410615171,-0.020832937384078876,-0.03687789208893,-0.05127732769464788,-0.003418162553092352,,,5.0,DJIA x $5,247665.95703125,4971151089.53125,5351318333.574219,-380167244.04296875,-735072560.46875,429948101.40625,8676233806.71875,8985073255.136719,-308839448.41796875,655571788.2617188,-284072852.71484375,13914368797.929688,14603375490.390625,-689006692.4609375,-79500772.20703125,145875248.69140625,3020286345.9960938,2331279653.5351562,689006692.4609375,79500772.20703125,-145875248.69140625
2026-02-24,DJIA Consolidated - CHICAGO BOARD OF TRADE,73183,19165,17045,2120,2.8968476285476137,26.18777584958255,23.29092822103494,3960,5.41109274011724,35535,41570,-6035,-8.246450678436249,48.55635871718842,56.802809395624664,58659,62574,-3915,-5.3496030498886356,80.15386086932757,85.50346391921622,14524,10609,3915,5.3496030498886356,19.846139130672423,14.49653608078379,49174.5,2026-03-02,2026-03-02,48904.78125,-0.005484931214348898,2026-03-03,2026-03-03,48501.26953125,-0.013690641872311837,2026-03-04,2026-03-04,48739.41015625,-0.008847875296139285,2026-03-05,2026-03-05,47954.73828125,-0.024804760978759277,2026-03-06,2026-03-06,47501.55078125,-0.03402066556345262,-0.005484931214348898,-0.008250966642448732,0.004909987456030773,-0.01609933055169277,-0.009450317450219403,-0.028693114106302264,-0.007241435410615171,5.141754541690922,3655.0,-3.1671241899044134,-8.308878731595332,-6.422738026521131,-4788.0,-2.6772432249851192,3.7454948015360046,-1.2809834848302097,-1133.0,-2.011194631791227,-0.7302111469610111,1.2809834848302097,1133.0,2.01119463179122,0.7302111469610129,-0.013690641872311837,-0.029852632589045136,-0.0443571013685955,-0.06203299283673447,0.026175755472856777,,,5.0,DJIA x $5,245872.5,4712146462.5,4190896762.5,521249700.0,898663987.5,239971560.0,8737079287.5,10220919825.0,-1483840537.5,-1177237530.0,-321847102.5,14422634977.5,15385225815.0,-962590837.5,-278573542.5,-81875542.5,3571052190.0,2608461352.5,962590837.5,278573542.5,81875542.5
2026-03-03,DJIA Consolidated - CHICAGO BOARD OF TRADE,75978,16739,19590,-2851,-3.7524020111084786,22.031377504014323,25.783779515122802,6190,8.147095211771829,39721,39280,441,0.5804311774461027,52.27960725473163,51.69917607728552,62650,65060,-2410,-3.1719708336623764,82.45807997051779,85.63005080418016,13328,10918,2410,3.1719708336623764,17.54192002948222,14.369949195819842,48501.26953125,2026-03-09,2026-03-09,47740.80078125,-0.015679357619907686,2026-03-10,2026-03-10,47706.51171875,-0.016386330093646873,2026-03-11,2026-03-11,47417.26953125,-0.022349930434327425,2026-03-12,2026-03-12,46677.8515625,-0.03759526268843638,2026-03-13,2026-03-13,46558.46875,-0.04005669954676605,-0.015679357619907686,-0.0007182339202291832,-0.006062949838068321,-0.01559385380178191,-0.0025575901311599702,-0.024765651432356317,-0.013690641872311837,-6.649249639656093,-4971.0,-4.156398345568228,2.4928512940878633,8.826881855882352,6476.0,3.7232485375432134,-5.103633318339142,2.177632216226259,1505.0,2.3042191011902133,0.12658688496394177,-2.177632216226259,-1505.0,-2.3042191011902027,-0.1265868849639471,-0.016386330093646873,-0.031092130723060163,-0.049013375535836845,-0.04452992330661443,0.05786486742252639,,,5.0,DJIA x $5,242506.34765625,4059313753.4179688,4750699350.5859375,-691385597.1679688,-1205499054.1992188,-945289743.1640625,9632594635.253906,9525649335.9375,106945299.31640625,1570471107.421875,651857062.5,15193022680.664062,15777462978.515625,-584440297.8515625,364972053.22265625,-293432680.6640625,3232124601.5625,2647684303.7109375,584440297.8515625,-364972053.22265625,293432680.6640625
2026-03-10,DJIA Consolidated - CHICAGO BOARD OF TRADE,74984,13054,15971,-2917,-3.8901632348234285,17.409047263416195,21.299210498239624,6059,8.080390483303104,41931,41710,221,0.2947295423023578,55.919929584978135,55.62520004267577,61044,63740,-2696,-3.595433692521071,81.40936733169742,85.0048010242185,13940,11244,2696,3.595433692521071,18.59063266830257,14.995198975781502,47706.51171875,2026-03-16,2026-03-16,46946.41015625,-0.01593286817910977,2026-03-17,2026-03-17,46993.26171875,-0.014950789196345182,2026-03-18,2026-03-18,46225.1484375,-0.031051595010409883,2026-03-19,2026-03-19,46021.4296875,-0.03532184539469729,2026-03-20,2026-03-20,45577.46875,-0.04462793216367622,-0.01593286817910977,0.000997979661151227,-0.016345179141790234,-0.0044070978003551975,-0.00964683062900551,-0.029159661019741545,-0.016386330093646873,-0.13776122371494992,-66.0,-4.622330240598128,-4.484569016883178,-0.2857016351437449,-220.0,3.640322330246505,3.9260239653902502,-0.4234628588586946,-286.0,-1.048712638820362,-0.6252497799616634,0.4234628588586946,286.0,1.0487126388203514,0.6252497799616599,-0.014950789196345182,-0.03317058967398889,-0.028612446201207287,-0.02351986638354453,0.0663556722594294,,,5.0,DJIA x $5,238532.55859375,3113804019.8828125,3809603493.3007812,-695799473.4179688,-15743148.8671875,-1037616629.8828125,10001908714.394531,9949193018.945312,52715695.44921875,-52477162.890625,981561478.6132812,14560981506.796875,15204065284.765625,-643083777.96875,-68220311.7578125,-56055151.26953125,3325143866.796875,2682060088.828125,643083777.96875,68220311.7578125,56055151.26953125
2026-03-17,DJIA Consolidated - CHICAGO BOARD OF TRADE,96572,12991,13945,-954,-0.98786397713623,13.45213933645363,14.44000331358986,7170,7.42451228099242,60392,63605,-3213,-3.327051319222963,62.5357246406826,65.86277595990556,80553,84719,-4166,-4.313879799527814,83.41237625812865,87.72625605765646,16019,11852,4167,4.314915296359193,16.587623741871347,12.272708445512157,46993.26171875,2026-03-23,2026-03-23,46208.46875,-0.016700116996494208,2026-03-24,2026-03-24,46124.05859375,-0.01849633528743111,2026-03-25,2026-03-25,46429.48828125,-0.011996899488997514,2026-03-26,2026-03-26,45960.109375,-0.021985116715952047,2026-03-27,2026-03-27,45166.640625,-0.038869851271064015,-0.016700116996494208,-0.0018267248089669508,0.006621916995426469,-0.010109499880909811,-0.017264292030419015,-0.022546259445136885,-0.014950789196345182,2.9022992576871984,1963.0,-3.9569079269625647,-6.8592071846497635,-3.621780861525321,-3434.0,6.615795055704467,10.23757591722979,-0.7184461070067427,-1470.0,2.003008926431221,2.7214550334379624,0.7194816038381222,1471.0,-2.0030089264312245,-2.7224905302693454,-0.01849633528743111,-0.013869009644417951,-0.008699136137785723,0.032828675986209754,0.10653463865123625,,,5.0,DJIA x $5,234966.30859375,3052447314.9414062,3276605173.3398438,-224157858.3984375,461238863.76953125,136515425.29296875,14190085308.59375,14945032058.105469,-754946749.5117188,-806874303.7109375,-461943762.6953125,18927241056.152344,19906110697.753906,-978869641.6015625,-345400473.6328125,-325193371.09375,3763925297.3632812,2784820689.453125,979104607.9101562,345635439.94140625,325428337.40234375
2026-03-24,DJIA Consolidated - CHICAGO BOARD OF TRADE,67922,5330,11893,-6563,-9.66255410618062,7.847236536026619,17.50979064220724,1277,1.88009775919437,48360,45405,2955,4.350578604870292,71.19931686346102,66.84873825859073,54967,58575,-3608,-5.311975501310327,80.92665115868202,86.23862665999235,12955,9347,3608,5.311975501310327,19.073348841317983,13.761373340007657,46124.05859375,2026-03-30,2026-03-30,45216.140625,-0.01968426015469993,2026-03-31,2026-03-31,46341.51171875,0.004714527117296363,2026-04-01,2026-04-01,46565.73828125,0.009575906825334046,2026-04-02,2026-04-02,46504.671875,0.008251946876625782,2026-04-03,2026-04-06,46669.87890625,0.011833744235464128,-0.01968426015469993,0.024888702976294752,0.004838568147298439,-0.001311402084536284,0.0035524824622794604,0.03215087048907117,-0.01849633528743111,-8.67469012904439,-5609.0,-5.604902800427011,3.0697873286173785,7.677629924093255,6168.0,8.66359222277842,0.9859622986851662,-0.9980957017825132,558.0,-2.4857250994466256,-1.487629397664108,0.9970602049511337,-559.0,2.485725099446636,1.4886648944954999,0.004714527117296363,0.00998182635672018,0.05229222581524562,0.06559093897495716,0.12017115186717486,,,5.0,DJIA x $5,230620.29296875,1229206161.5234375,2742767144.2773438,-1513560982.7539062,-1293549223.2617188,-2002476003.8476562,11152797367.96875,10471314402.246094,681482965.7226562,1422465967.03125,2073276433.7890625,12676505643.613281,13508583660.644531,-832078017.03125,128686123.4765625,70800429.94140625,2987685895.4101562,2155607878.3789062,832078017.03125,-128916743.76953125,-70800429.94140625
2026-03-31,DJIA Consolidated - CHICAGO BOARD OF TRADE,70828,6830,10936,-4106,-5.797142373072796,9.6430790083018,15.440221381374597,1981,2.796916473710962,47681,46129,1552,2.1912238097927372,67.31942169763371,65.12819788784097,56491,59046,-2555,-3.6073304342915233,79.758005308635,83.36533574292653,14337,11782,2555,3.6073304342915233,20.241994691364997,16.634664257073474,46341.51171875,2026-04-06,2026-04-06,46669.87890625,0.007085810870669951,2026-04-07,2026-04-07,46584.4609375,0.005242582939988694,2026-04-08,2026-04-08,47909.921875,0.03384460493582497,2026-04-09,2026-04-09,48185.80078125,0.03979777512855276,2026-04-10,2026-04-10,47916.5703125,0.03398807106917756,0.007085810870669951,-0.0018302590611298797,0.02845285554078436,0.005758283367060857,-0.0055873403447673775,0.02671297709501963,0.004714527117296363,3.865411733107824,2457.0,1.7958424722751811,-2.069569260832642,-2.159354795077555,-1403.0,-3.879895165827307,-1.7205403707497595,1.7046450670188036,1053.0,-1.1686458500470138,-2.873290917065816,-1.7046450670188036,-1053.0,1.1686458500470138,2.873290917065818,0.005242582939988694,0.047354444883422,0.06059075509968581,0.06043000896789774,0.1289920694922302,,,5.0,DJIA x $5,231707.55859375,1582562625.1953125,2533953860.78125,-951391235.5859375,569305471.4648438,-290792986.03515625,11048048101.308594,10688437970.371094,359610130.9375,-325085704.70703125,257427097.59765625,13089391692.519531,13681404504.726562,-592012812.2070312,243988059.19921875,-33597595.99609375,3321991267.5585938,2729978455.3515625,592012812.2070312,-243988059.19921875,33597595.99609375
2026-04-07,DJIA Consolidated - CHICAGO BOARD OF TRADE,68557,5015,14589,-9574,-13.965021806671821,7.315080881602171,21.280102688273992,1102,1.6074215616202574,49346,43180,6166,8.993975815744564,71.97806205055647,62.98408623481191,55463,58871,-3408,-4.971045990927258,80.9005644937789,85.87161048470617,13094,9686,3408,4.971045990927258,19.099435506221102,14.128389515293843,46584.4609375,2026-04-13,2026-04-13,48218.25,0.03507154595374562,2026-04-14,2026-04-14,48535.98828125,0.041892238409032334,2026-04-15,2026-04-15,48463.71875,0.04034087278634191,2026-04-16,2026-04-16,48578.71875,0.04280950712675624,2026-04-17,2026-04-17,49447.4296875,0.061457591058982075,0.03507154595374562,0.006589585504451101,-0.0014889885589889351,0.00237290911564636,0.01788254115903376,0.025492001213233584,0.005242582939988694,-8.167879433599026,-5468.0,-2.3279981266996295,5.839881306899395,6.802752005951827,4614.0,4.65864035292276,-2.144111653029057,-1.3637155566357344,-853.0,1.1425591851438952,2.5062747417796345,1.3637155566357344,853.0,-1.1425591851438952,-2.506274741779631,0.041892238409032334,0.05505951806958165,0.05489961026770773,0.058255242368071114,0.1361116426463962,,,5.0,DJIA x $5,232922.3046875,1168105358.0078125,3398103503.0859375,-2229998145.078125,-1273619162.03125,-1550563782.3046875,11493784047.109375,10057585116.40625,1436198930.703125,1074703513.828125,1384723101.3671875,12918569784.882812,13712368999.257812,-793799214.375,-198682725.8984375,-165840680.9375,3049884657.578125,2256085443.203125,793799214.375,198682725.8984375,165840680.9375
2026-04-14,DJIA Consolidated - CHICAGO BOARD OF TRADE,72089,7010,11610,-4600,-6.38100126232851,9.724091054113664,16.105092316442178,3165,4.390406303319508,47901,46680,1221,1.6937396828919808,66.44703075365173,64.75329107075976,58077,61455,-3378,-4.685874405249067,80.56291528527237,85.24878969052145,14012,10634,3378,4.685874405249067,19.43708471472763,14.75121030947856,48535.98828125,2026-04-20,2026-04-20,49442.55859375,0.018678311591117103,2026-04-21,2026-04-21,49149.37890625,0.012637851761575503,2026-04-22,2026-04-22,49490.03125,0.01965640347573916,2026-04-23,2026-04-23,49310.3203125,0.01595377077238025,2026-04-24,2026-04-24,49230.7109375,0.014313557441630875,0.018678311591117103,-0.005929702989461827,0.006930959278239834,-0.0036312552843660306,-0.0016144566592851683,-0.004284722762644022,0.041892238409032334,7.584020544343311,4974.0,2.4090101725114934,-5.175010371831814,-7.300236132852583,-4945.0,-5.531031296904743,1.7692048359478463,0.28517158567819045,30.0,-0.3376492085065337,-0.6228207941847188,-0.28517158567819045,-30.0,0.3376492085065266,0.622820794184717,0.012637851761575503,0.012484373507319457,0.015705082882683685,0.02523015098413195,0.08184197727636544,,,5.0,DJIA x $5,242679.94140625,1701186389.2578125,2817514119.7265625,-1116327730.46875,1207090028.5546875,-884811066.3671875,11624611873.300781,11328299664.84375,296312208.45703125,-1200052310.2539062,1076042860.1953125,14094122957.050781,14913895799.121094,-819772842.0703125,7280398.2421875,191231793.828125,3400431338.984375,2580658496.9140625,819772842.0703125,-7280398.2421875,-191474473.76953125
2026-04-21,DJIA Consolidated - CHICAGO BOARD OF TRADE,74320,10471,12202,-1731,-2.3291173304628634,14.089074273412272,16.418191603875133,2694,3.6248654467168997,46217,48922,-2705,-3.6396663078579117,62.18649085037675,65.82615715823466,59381,63817,-4436,-5.968783638320775,79.89908503767492,85.8678686759957,14939,10503,4436,5.968783638320775,20.10091496232508,14.132131324004305,49149.37890625,2026-04-27,2026-04-27,49167.7890625,0.00037457556249309576,2026-04-28,2026-04-28,49141.9296875,-0.00015156282573192126,2026-04-29,2026-04-29,48861.80859375,-0.005850944994615803,2026-04-30,2026-04-30,49652.140625,0.010229258841886857,2026-05-01,2026-05-01,49499.26953125,0.0071189226148187235,0.00037457556249309576,-0.0005259413834355353,-0.005700246114292318,0.016174841947031338,-0.0030788419557691293,0.006741821730658515,0.012637851761575503,4.051883931865647,2869.0,4.364983219298608,0.313099287432955,-5.333405990749893,-3926.0,-4.2605399032749816,1.0728660874749067,-1.2829092330717078,-1058.0,-0.6638302475974456,0.6190789854742462,1.2829092330717078,1058.0,0.6638302475974527,-0.6190789854742551,-0.00015156282573192126,0.003028951678798686,0.012435145694634109,0.004364246400939242,0.06256969644755661,,,5.0,DJIA x $5,245746.89453125,2573215732.6367188,2998603607.0703125,-425387874.43359375,705047840.4101562,1187448994.375,11357684224.550781,12022429574.257812,-664745349.7070312,-964802307.9296875,-1390927423.046875,14592696344.160156,15682829568.300781,-1090133224.140625,-260000214.4140625,-203478428.671875,3671212857.4023438,2581079633.2617188,1090133224.140625,260000214.4140625,203478428.671875
2026-04-28,DJIA Consolidated - CHICAGO BOARD OF TRADE,78128,10127,11558,-1431,-1.8316096661888184,12.96206225680934,14.793671922998156,3177,4.066403850092157,50504,53363,-2859,-3.6593794798279746,64.64263772271146,68.30201720253942,63807,68097,-4290,-5.490989146016792,81.66982387876305,87.16081302477986,14320,10030,4290,5.490989146016792,18.328896170387058,12.837907024370265,49141.9296875,2026-05-04,2026-05-04,48941.8984375,-0.004070480163722245,2026-05-05,2026-05-05,49298.25,0.003180996625367749,2026-05-06,2026-05-06,49910.58984375,0.01564163558773557,2026-05-07,2026-05-07,49596.96875,0.009259690561474798,2026-05-08,2026-05-08,49609.16015625,0.009507776184638717,-0.004070480163722245,0.007281114420910173,0.012421127398031473,-0.0062836583324665796,0.00024580950322694584,0.013633752266518862,-0.00015156282573192126,0.497507664274045,300.0,-1.127012016602933,-1.6245196808769773,-0.019713171970062948,-154.0,2.456146872334706,2.4758600443047527,0.47779449230398274,146.0,1.7707388410881322,1.292944348784161,-0.47779449230398274,-146.0,-1.7720187919380237,-1.29422429963404,0.003180996625367749,0.012588616486652882,0.004516493759227691,0.026855884748369974,0.07336689153086073,,,5.0,DJIA x $5,245709.6484375,2488301609.7265625,2839912116.640625,-351610506.9140625,73712894.53125,657273309.5703125,12409320084.6875,13111803969.570312,-702483884.8828125,-37839285.859375,-1083825259.2578125,15677995537.851562,16732089929.648438,-1054094391.796875,35873608.671875,-426306240.0390625,3518562165.625,2464467773.828125,1054094391.796875,-35873608.671875,426306240.0390625
2026-05-05,DJIA Consolidated - CHICAGO BOARD OF TRADE,82145,11045,11722,-677,-0.8241524134153022,13.445736198186134,14.269888611601436,4066,4.9497839186803825,52137,56726,-4589,-5.586462961835778,63.46947470935541,69.05593767119117,67248,72514,-5266,-6.41061537525108,81.86499482622193,88.27561020147301,14896,9630,5266,6.41061537525108,18.133787814230935,11.723172438979852,49298.25,2026-05-11,2026-05-11,49704.46875,0.00824002373309396,2026-05-12,2026-05-12,49760.55859375,0.009377789145659232,2026-05-13,2026-05-13,49693.19921875,0.008011424720958615,2026-05-14,2026-05-14,50063.4609375,0.015522071016719652,2026-05-15,2026-05-15,49526.171875,0.004623325878707618,0.00824002373309396,0.0011284668191930969,-0.0013536699929341811,0.0074509535423570306,-0.0107321597915645,-0.0035871397378127723,0.003180996625367749,1.0074572527735162,754.0,0.48367394137679476,-0.5237833113967199,-1.9270834820078035,-1730.0,-1.1731630133560458,0.7539204686517564,-0.9196262292342876,-976.0,0.19517094745887675,1.114797176693159,0.9196262292342876,976.0,-0.19510835615612265,-1.1147345853904138,0.009377789145659232,0.0013312623926813316,0.023599817184180027,0.04076288838853315,0.09711559550795412,,,5.0,DJIA x $5,246491.25,2722495856.25,2889370432.5,-166874576.25,185854402.5,2193032651.25,12851314301.25,13982462647.5,-1131148346.25,-426429862.5,-2651013393.75,16576043580.0,17874066502.5,-1298022922.5,-240575460.0,-457980742.5,3671733660.0,2373710737.5,1298022922.5,240575460.0,457980742.5
2026-05-12,DJIA Consolidated - CHICAGO BOARD OF TRADE,86762,11445,15007,-3562,-4.1054839676356005,13.19125884603859,17.29674281367419,4305,4.9618496576842395,57497,56607,890,1.0257947027500518,66.26979553260645,65.24400082985639,73246,75919,-2673,-3.0808418432032454,84.42175145801157,87.50259330121482,13515,10843,2672,3.079689264885549,15.57709596367073,12.497406698785182,49760.55859375,2026-05-18,2026-05-18,49686.12109375,-0.0014959136734721268,2026-05-19,2026-05-19,49363.87890625,-0.007971769182467003,2026-05-20,2026-05-20,50009.3515625,0.004999802570167411,2026-05-21,2026-05-21,50285.66015625,0.010552565673287218,2026-05-22,2026-05-22,50579.69921875,0.01646164448609877,-0.0014959136734721268,-0.006485557342904236,0.013075809084530432,0.005525138501439653,0.0058473740145073005,0.01798446136123122,0.009377789145659232,-3.2813315542202983,-2885.0,-0.2544773521475445,3.0268542020727534,6.6122576645858295,5479.0,2.8003208232510417,-3.8119368413347843,3.3297735320478345,2593.0,2.5567566317896393,-0.7730169002581988,-3.3309261103655308,-2594.0,-2.5566918505602043,0.7742342598053309,-0.007971769182467003,0.014089895965075927,0.031093510854284023,0.022337988412164167,,,,5.0,DJIA x $5,248802.79296875,2847547965.5273438,3733783514.0820312,-886235548.5546875,-717796057.7148438,258257299.1015625,14305414187.324219,14083979701.582031,221434485.7421875,1363190502.6757812,-82353724.47265625,18223809373.789062,18888859239.39453,-665049865.6054688,645145642.1679688,175405969.04296875,3362569746.9726562,2697768684.1601562,664801062.8125,-645394444.9609375,-175654771.8359375
2026-05-19,DJIA Consolidated - CHICAGO BOARD OF TRADE,88152,7337,18102,-10765,-12.21186133042926,8.323123695435157,20.534985025864415,5086,5.769579816680279,62571,54603,7968,9.038932752518377,70.98080588075143,61.94187312823305,74993,77790,-2797,-3.1729285779108816,85.07237498865597,88.24530356656683,13158,10361,2797,3.1729285779108816,14.926490607133132,11.753562029222254,49363.87890625,2026-05-25,2026-05-26,50461.6796875,0.0222389489151551,2026-05-26,2026-05-26,50461.6796875,0.0222389489151551,2026-05-27,2026-05-27,50644.28125,0.02593804158262536,2026-05-28,2026-05-28,50668.96875,0.026438154226668065,2026-05-29,2026-05-29,51032.4609375,0.033801679856214406,0.0222389489151551,0.0,0.0036186183977786612,0.00048746866162696634,0.007173861960630523,0.011311182139293496,-0.007971769182467003,-8.106377362793658,-7203.0,-4.8681351506034325,3.238242212190226,8.013138049768326,7078.0,4.711010348144981,-3.3021277016233412,-0.09208673470763618,-124.0,0.6506235306443955,0.7427102653520166,0.0932393130253324,125.0,-0.6506053565375982,-0.7438446695629288,0.0222389489151551,0.039379201945248354,0.03055332162236235,0.05339517532153004,,,,5.0,DJIA x $5,246819.39453125,1810913897.6757812,4467924679.8046875,-2657010782.1289062,-1777840098.8085938,-2229766410.1953125,15443736335.214844,13477079399.589844,1966656935.625,1746987674.4921875,2634303397.8320312,18509726854.08203,19200080700.585938,-690353846.5039062,-30605604.921875,404536987.63671875,3247649593.2421875,2557295746.7382812,690353846.5039062,30852424.31640625,-404536987.63671875
2026-05-26,DJIA Consolidated - CHICAGO BOARD OF TRADE,86461,7803,17127,-9324,-10.784052925596512,9.024878268814842,19.808931194411354,4895,5.661512126854882,58373,53500,4873,5.6360671285319395,67.51367668659857,61.87760955806664,71071,75521,-4450,-5.146829206231711,82.2000670822683,87.34689628850002,15391,10940,4451,5.147985797064573,17.801089508564555,12.653103711499982,50461.6796875,2026-06-01,2026-06-01,51078.87890625,0.012231047848034526,2026-06-02,2026-06-02,51307.7890625,0.016767364468242008,2026-06-03,2026-06-03,50687.0703125,0.0044665700070984915,2026-06-04,2026-06-04,51561.9296875,0.021803673734478224,2026-06-05,2026-06-05,50866.78125,0.008027904838061595,0.012231047848034526,0.00448150314086071,-0.012097943827668711,0.017260010681348303,-0.013481815783719986,-0.00415235535296854,0.0222389489151551,1.4278084048327475,1441.0,0.7017545733796844,-0.7260538314530613,-3.402865623986438,-3095.0,-3.467129194152861,-0.06426357016641049,-1.9739006283208296,-1653.0,-2.872307906387661,-0.8984072780668129,1.9750572191536913,1654.0,2.8745989014314226,0.8995416822777287,0.016767364468242008,0.008133492385543173,0.030478418416202357,0.023882680158752834,,,,5.0,DJIA x $5,252308.3984375,1968762433.0078125,4321285940.0390625,-2352523507.03125,363576402.1484375,-1991470188.8671875,14727998141.992188,13498499316.40625,1229498825.5859375,-780894493.1640625,1950848536.71875,17931810185.351562,19054582558.398438,-1122772373.046875,-417065782.6171875,-40369343.75,3883278560.3515625,2760253878.90625,1123024681.4453125,417318091.015625,40621652.1484375
2026-06-02,DJIA Consolidated - CHICAGO BOARD OF TRADE,86937,11353,16982,-5629,-6.474803593406719,13.058881718945903,19.533685312352624,4710,5.417716277304255,55495,54261,1234,1.4194186594890552,63.83358063885343,62.414161979364366,71558,75953,-4395,-5.055384933917664,82.31017863510358,87.36556356902125,15379,10984,4395,5.055384933917664,17.689821364896417,12.634436430978754,51307.7890625,2026-06-08,2026-06-08,50786.01171875,-0.010169554238916856,2026-06-09,2026-06-09,50872.109375,-0.008491492139123036,2026-06-10,2026-06-10,49918.78125,-0.027072065233760045,2026-06-11,2026-06-11,50848.75,-0.00894677145298206,2026-06-12,2026-06-12,51202.26171875,-0.002056750947140862,-0.010169554238916856,0.0016953025712436176,-0.018739701119381835,0.018629636515815395,0.00695222043314736,0.008196154529817479,0.016767364468242008,4.309249332189793,3695.0,4.0340034501310615,-0.27524588205873,-4.216648469042884,-3639.0,-3.6800960477451454,0.5365524212977277,0.09144427231404695,55.0,0.11011155283527785,0.018667280521228236,-0.09260086314690863,-56.0,-0.11126814366813775,-0.018667280521228236,-0.008491492139123036,0.013484946927983854,0.0069979780421376425,0.019712604552458046,,,,5.0,DJIA x $5,256538.9453125,2912486646.1328125,4356544369.296875,-1444057723.1640625,947911402.9296875,-1270380857.1875,14236628770.117188,13920059711.601562,316569058.515625,-933545221.9921875,1493826278.5546875,18357413848.671875,19484902513.320312,-1127488664.6484375,14109641.9921875,223445421.3671875,3945312439.9609375,2817823775.3125,1127488664.6484375,-14366180.9375,-223445421.3671875
2026-06-09,DJIA Consolidated - CHICAGO BOARD OF TRADE,84273,10995,13534,-2539,-3.012827358703262,13.046883343419601,16.05971070212286,5302,6.2914575249486795,53858,55122,-1264,-1.4998872711307298,63.908962538416816,65.40884980954755,70156,73959,-3803,-4.512714629833992,83.24849002646162,87.7612046562956,14118,10314,3804,4.5139012495105195,16.752696593214907,12.238795343704389,50872.109375,2026-06-15,2026-06-15,51671.03125,0.015704516380691258,2026-06-16,2026-06-16,51999.671875,0.022164650018505316,2026-06-17,2026-06-17,51492.55078125,0.012196101436967366,2026-06-18,2026-06-18,51564.69921875,0.013614333123964428,2026-06-19,2026-06-22,51712.7109375,0.016523819688772257,0.015704516380691258,0.006360249003158902,-0.009752390264481825,0.0014011432023730563,0.002870407875785297,0.0008066354878488724,-0.008491492139123036,3.461976234703457,3090.0,-0.011998375526301785,-3.4739746102297637,-2.9193059306197853,-2498.0,0.07538189956338925,2.9946878301831816,0.5426703040836722,592.0,0.9383113913580416,0.3956410872743561,-0.5414836844071447,-591.0,-0.9371247716815105,-0.395641087274365,0.022164650018505316,0.015622125335745363,0.028445642642471958,0.04035686917100634,,,,5.0,DJIA x $5,254360.546875,2796694212.890625,3442515641.40625,-645821428.515625,785974089.84375,260210839.453125,13699350333.59375,14020862064.84375,-321511731.25,-635392646.09375,-547892617.96875,17844918526.5625,18812251686.328125,-967333159.765625,150581443.75,-287427417.96875,3591062200.78125,2623474680.46875,967587520.3125,-150327083.203125,287936139.0625
2026-06-16,DJIA Consolidated - CHICAGO BOARD OF TRADE,108853,13883,9544,4339,3.9861097075872967,12.753897458039742,8.767787750452445,13130,12.062138847803919,64086,73673,-9587,-8.807290566176402,58.87389415082727,67.68118471700366,91099,96347,-5248,-4.8211808585891065,83.68993045667092,88.51111131526002,17754,12506,5248,4.8211808585891065,16.310069543329078,11.48888868473997,51999.671875,2026-06-22,2026-06-22,51712.7109375,-0.005518514389664109,2026-06-23,2026-06-23,51666.83984375,-0.006400656374334068,2026-06-24,2026-06-24,51848.8984375,-0.0028995074788632502,2026-06-25,2026-06-25,51920.62109375,-0.0015202169244457053,2026-06-26,2026-06-26,51876.109375,-0.0023762169172341085,-0.005518514389664109,-0.0008870371117352116,0.003523702906943482,0.0013833014473094707,-0.0008573032797436486,0.003159734512806489,0.022164650018505316,6.998937066290559,6878.0,-0.2929858853798599,-7.291922951670415,-7.307403295045672,-8323.0,-5.035068387589547,2.2723349074561128,-0.30846622875511454,-1445.0,0.4414404302092976,0.7499066589644201,0.307279609078587,1444.0,-0.4426270498858287,-0.7499066589644183,-0.006400656374334068,0.006144795384826596,0.017797738507364436,0.009780785876353226,,,,5.0,DJIA x $5,259998.359375,3609557223.203125,2481424341.875,1128132881.328125,1788268715.78125,3927015220.0,16662254858.90625,19154859130.234375,-2492604271.328125,-2163966345.078125,-4564271198.828125,23685590540.703125,25050061930.703125,-1364471390.0,-375697629.296875,-637255978.828125,4616010872.34375,3251539482.34375,1364471390.0,375437630.9375,637255978.828125
2026-06-23,DJIA Consolidated - CHICAGO BOARD OF TRADE,78956,19836,10362,9474,11.9990880997011,25.122853234713006,13.123765135011906,981,1.2424641572521404,43613,59312,-15699,-19.883226100613,55.23709407771417,75.12032017832718,64430,70655,-6225,-7.8841380009119,81.60241146967931,89.48654947059121,14526,8301,6225,7.8841380009119,18.397588530320686,10.513450529408784,51666.83984375,2026-06-29,2026-06-29,52182.73828125,0.00998509758019206,2026-06-30,2026-06-30,52319.19921875,0.012626268162962084,2026-07-01,2026-07-01,52305.23828125,0.01235605737511003,2026-07-02,2026-07-02,52900.0703125,0.023868896810401274,2026-07-03,2026-07-06,53055.91015625,0.026885141740830454,0.00998509758019206,0.0026150589638380684,-0.0002668415745743502,0.011372322367628529,0.002945928858494762,0.01673296388345613,-0.006400656374334068,8.012978392113803,5135.0,12.368955776673264,4.355977384559461,-11.0759355344366,-6112.0,-3.6368000731131005,7.4391354613235166,-3.0629571423227935,-977.0,-2.0875189869916113,0.9754381553311902,3.0629571423227935,977.0,2.0875189869916078,-0.9754381553311866,0.012626268162962084,0.024354278248008843,0.016285681300513888,0.010796107966674295,,,,5.0,DJIA x $5,258334.19921875,5124317175.703125,2676858972.3046875,2447458203.3984375,1326546112.9882812,4856166276.9140625,11266729430.527344,15322318024.0625,-4055588593.5351562,-1578938625.625,-5314451146.328125,16644472455.664062,18252602845.80078,-1608130390.1367188,-252392512.63671875,-458543203.61328125,3752562577.8515625,2144432187.7148438,1608130390.1367188,252392512.63671875,458284869.4140625
2026-06-30,DJIA Consolidated - CHICAGO BOARD OF TRADE,83306,23784,11715,12069,14.487551917028785,28.55016445394089,14.062612536912109,641,0.7694523803807649,43903,62072,-18169,-21.809953664802055,52.7008858905721,74.51083955537416,68328,74428,-6100,-7.32240174777327,82.02050272489376,89.34290447266704,14978,8878,6100,7.32240174777327,17.979497275106233,10.657095527332965,52319.19921875,2026-07-06,2026-07-06,53055.91015625,0.014081082059757222,2026-07-07,2026-07-07,52925.1484375,0.011581775482007783,2026-07-08,2026-07-08,52348.390625,0.0005579482615540865,2026-07-09,2026-07-09,52487.41015625,0.0032150900627645473,2026-07-10,2026-07-10,52637.01171875,0.006074490908609009,0.014081082059757222,-0.002464602310372266,-0.010897613507519943,0.0026556600802853936,0.002850237076941875,-0.00789541516235126,0.012626268162962084,2.488463817327686,2595.0,3.427311219227885,0.9388474019002029,-1.9267275641890542,-2470.0,-2.5362081871420656,-0.609480622953015,0.5617362531386298,125.0,0.4180912552144491,-0.14364499792417007,-0.5617362531386298,-125.0,-0.4180912552144527,0.14364499792418073,0.011581775482007783,0.0036137845250552303,-0.0018073402338335542,0.008182867860037302,,,,5.0,DJIA x $5,261595.99609375,6221799171.09375,3064597094.2382812,3157202076.8554688,678841609.8632812,4629725938.8671875,11484849016.503906,16237786669.53125,-4752937653.027344,-646142110.3515625,-5075747112.207031,17874331221.09375,19470066797.265625,-1595735576.171875,32699499.51171875,-446021173.33984375,3918184829.4921875,2322449253.3203125,1595735576.171875,-32699499.51171875,446021173.33984375
2026-07-07,DJIA Consolidated - CHICAGO BOARD OF TRADE,79726,21493,10013,11480,14.399317662995761,26.95858314727943,12.55926548428367,947,1.1878182776007826,43415,58490,-15075,-18.9085116524095,54.455259262975694,73.3637709153852,65855,69450,-3595,-4.509193989413742,82.60166068785591,87.11085467726964,13871,10276,3595,4.509193989413742,17.398339312144092,12.889145322730352,52925.1484375,2026-07-13,2026-07-13,52498.640625,-0.008058698465506775,2026-07-14,2026-07-14,52508.26953125,-0.00787676404426707,2026-07-15,2026-07-15,52658.640625,-0.0050355609831632675,2026-07-16,2026-07-16,52552.96875,-0.007032189771550845,2026-07-17,2026-07-17,52146.421875,-0.014713734122439148,-0.008058698465506775,0.00018341248716846614,0.002863760224673051,-0.0020067338189097006,-0.007735944984078591,-0.006709102289255697,0.011581775482007783,-0.08823425403302387,-589.0,-1.5915813066614604,-1.5033470526284383,2.901442012392554,3094.0,1.7543733724035917,-1.1470686399889587,2.8132077583595283,2505.0,0.5811579629621519,-2.2320497953974012,-2.8132077583595283,-2505.0,-0.5811579629621413,2.232049795397387,-0.00787676404426707,-0.01323582140402002,-0.003359992938139822,0.021931548668601586,,,,5.0,DJIA x $5,264625.7421875,5687601076.8359375,2649697556.5234375,3037903520.3125,-155864562.1484375,3709788279.7265625,11488726597.070312,15477959660.546875,-3989233063.4765625,818752046.328125,-3654746125.3515625,17426928251.757812,18378257794.921875,-951329543.1640625,662887484.1796875,55042154.375,3670623669.8828125,2719294126.71875,951329543.1640625,-662887484.1796875,-55306780.1171875
2026-07-14,DJIA Consolidated - CHICAGO BOARD OF TRADE,76483,20912,7708,13204,17.263967156100048,27.342023717688896,10.07805656158885,892,1.1662722435050927,40332,59068,-18736,-24.49694703398141,52.73328713570336,77.23023416968476,62136,67668,-5532,-7.23297987788136,81.24158309689736,88.47456297477872,14347,8815,5532,7.23297987788136,18.758416903102653,11.525437025221292,52508.26953125,2026-07-20,2026-07-20,51839.26171875,-0.012740999055431468,2026-07-21,2026-07-21,52224.640625,-0.005401604524049253,2026-07-22,2026-07-22,52218.578125,-0.005517062528171746,2026-07-23,2026-07-23,51711.6484375,-0.015171345406382097,2026-07-24,2026-07-24,51947.25,-0.010684403357000938,-0.012740999055431468,0.007434112552390237,-0.00011608504965177069,-0.00970784164759364,0.004556063664935328,0.002083136944269759,-0.00787676404426707,2.8646494931042863,1724.0,0.38344057040946566,-2.4812089226948206,-5.588435381571909,-3661.0,-1.7219721272723376,3.8664632542995605,-2.723785888467618,-1937.0,-1.3600775909585536,1.3637082975090777,2.723785888467618,1937.0,1.3600775909585607,-1.36370829750906,-0.005401604524049253,0.0045526311071388825,0.030044969851103165,,,,,5.0,DJIA x $5,262541.34765625,5490264662.1875,2023668707.734375,3466595954.453125,452621283.359375,2327429046.9726562,10588817633.671875,15507792323.359375,-4918974689.6875,-961163873.7695312,-2401990789.7070312,16313269177.96875,17765647913.203125,-1452378735.234375,-508542590.41015625,-74561742.734375,3766680714.8242188,2314301979.5898438,1452378735.234375,508542590.41015625,74561742.734375
2026-07-21,DJIA Consolidated - CHICAGO BOARD OF TRADE,82002,24544,10617,13927,16.983732104095022,29.93097729323675,12.947245189141729,715,0.8719299529279775,41157,62761,-21604,-26.345698885393038,50.19023926245701,76.53593814785006,66416,74093,-7677,-9.361966781298017,80.99314650862173,90.35511328991976,15586,7909,7677,9.361966781298017,19.00685349137826,9.644886710080241,52224.640625,2026-07-27,2026-07-27,52210.078125,-0.0002788434697821307,2026-07-28,2026-07-28,52747.3203125,0.010008296490790825,2026-07-29,2026-07-29,51594.140625,-0.01207284516378615,2026-07-30,2026-07-30,52208.05859375,-0.00031751355397668934,2026-07-31,2026-07-31,52485.03125,0.00498597255785338,-0.0002788434697821307,0.01029000926245982,-0.02186233690485162,0.011898986228147779,0.005305170575393925,0.00526628449667732,-0.005401604524049253,-0.2802350520050254,723.0,2.5889535755478548,2.8691886275528784,-1.8487518514116275,-2868.0,-2.543047873246344,-0.6942960218347025,-2.1289869034166573,-2145.0,-0.24843658827562365,1.8805503151410363,2.1289869034166573,2145.0,0.24843658827560589,-1.8805503151410505,0.010008296490790825,0.035639082604984385,,,,,,5.0,DJIA x $5,261123.203125,6409007897.5,2772345047.578125,3636662849.921875,188792075.859375,1162781623.515625,10747047671.015625,16388353351.328125,-5641305680.3125,-748901346.5625,-1541932514.453125,17342758658.75,19347401489.140625,-2004642830.390625,-560109270.703125,-379150890.9375,4069866243.90625,2065223413.515625,2004642830.390625,560109270.703125,379150890.9375
2026-07-28,DJIA Consolidated - CHICAGO BOARD OF TRADE,87436,25899,6336,19563,22.374079326593165,29.620522439269863,7.246443112676701,4536,5.18779450112082,40823,65554,-24731,-28.284688229104717,46.68900681641429,74.97369504551901,71258,76426,-5168,-5.910608902511552,81.49732375680497,87.40793265931653,16179,11011,5168,5.910608902511552,18.50381993686811,12.593211034356559,52747.3203125,2026-08-03,2026-08-03,53178.41015625,0.008172734485771382,2026-08-04,2026-08-04,54085.87890625,0.025376807500736565,2026-08-05,2026-08-05,54349.12109375,0.0303674342461413,2026-08-06,2026-08-06,53885.1015625,0.021570408567852306,2026-08-07,2026-08-07,54043.78125,0.024578707123303234,0.008172734485771382,0.01706460850058611,0.004867114907317838,-0.008537755936284364,0.002944778480485022,0.016272977909782327,0.010008296490790825,5.390347222498143,5636.0,-0.3104548539668883,-5.700802076465028,-1.938989343711679,-3127.0,-3.501232446042721,-1.5622431023310526,3.4513578787864656,2509.0,0.5041772481832396,-2.9471806306032278,-3.4513578787864656,-2509.0,-0.5030335545101501,2.9483243242763173,0.025376807500736565,,,,,,,5.0,DJIA x $5,263736.6015625,6830514243.8671875,1671035107.5,5159479136.3671875,1486419486.40625,1976442092.109375,10766519285.585938,17288989178.828125,-6522469893.2421875,-824704353.0859375,-1730639579.453125,18793342754.140625,20156333511.015625,-1362990756.875,661715133.3203125,245802512.65625,4266994476.6796875,2904003719.8046875,1362990756.875,-661715133.3203125,-245802512.65625
2026-08-04,DJIA Consolidated - CHICAGO BOARD OF TRADE,98005,31850,6938,24912,25.419111269833174,32.49834192133054,7.079230651497373,6531,6.6639457170552525,43001,71829,-28828,-29.414825774195197,43.87633284016121,73.2911586143564,81383,85298,-3915,-3.994694148257742,83.0396408346513,87.03433498290903,16622,12707,3915,3.994694148257742,16.960359165348706,12.965665017090966,54085.87890625,2026-08-10,,,,2026-08-11,,,,2026-08-12,,,,2026-08-13,,,,2026-08-14,,,,,,,,,,0.025376807500736565,3.0450319432400086,5349.0,2.87781948206068,-0.16721246117932775,-1.1301375450904807,-4097.0,-2.8126739762530804,-1.6825364311626032,1.9159147542538095,1253.0,1.5423170778463202,-0.3735976764074991,-1.9159147542538095,-1253.0,-1.5434607715194026,0.3724539827344078,,,,,,,,5.0,DJIA x $5,270429.39453125,8613176215.820312,1876239139.2578125,6736937076.5625,1446526831.3476562,3632407627.34375,11628734394.238281,19424672979.785156,-7795938585.546875,-1107949229.3945312,-3719215462.9882812,22008355415.13672,23067086494.726562,-1058731079.5898438,338848031.34765625,-86537406.25,4495077395.8984375,3436346316.3085938,1058731079.5898438,-338848031.34765625,86537406.25
