date,contract,open_interest,noncommercial_long,noncommercial_short,noncommercial_net,noncommercial_net_oi_pct,noncommercial_long_oi_pct,noncommercial_short_oi_pct,noncommercial_spreading,noncommercial_spreading_oi_pct,commercial_long,commercial_short,commercial_net,commercial_net_oi_pct,commercial_long_oi_pct,commercial_short_oi_pct,total_reportable_long,total_reportable_short,total_reportable_net,total_reportable_net_oi_pct,total_reportable_long_oi_pct,total_reportable_short_oi_pct,nonreportable_long,nonreportable_short,nonreportable_net,nonreportable_net_oi_pct,nonreportable_long_oi_pct,nonreportable_short_oi_pct,price,next_week_monday_target,next_week_monday_date,next_week_monday_price,next_week_monday_return,next_week_tuesday_target,next_week_tuesday_date,next_week_tuesday_price,next_week_tuesday_return,next_week_wednesday_target,next_week_wednesday_date,next_week_wednesday_price,next_week_wednesday_return,next_week_thursday_target,next_week_thursday_date,next_week_thursday_price,next_week_thursday_return,next_week_friday_target,next_week_friday_date,next_week_friday_price,next_week_friday_return,next_week_monday_daily_return,next_week_tuesday_daily_return,next_week_wednesday_daily_return,next_week_thursday_daily_return,next_week_friday_daily_return,next_week_mon_fri_return,price_return_1w,noncommercial_net_oi_pct_change,noncommercial_net_change,noncommercial_long_oi_pct_change,noncommercial_short_oi_pct_change,commercial_net_oi_pct_change,commercial_net_change,commercial_long_oi_pct_change,commercial_short_oi_pct_change,total_reportable_net_oi_pct_change,total_reportable_net_change,total_reportable_long_oi_pct_change,total_reportable_short_oi_pct_change,nonreportable_net_oi_pct_change,nonreportable_net_change,nonreportable_long_oi_pct_change,nonreportable_short_oi_pct_change,forward_return_1w,forward_return_2w,forward_return_3w,forward_return_4w,forward_return_13w,forward_return_26w,forward_return_52w,contract_multiplier,contract_unit,contract_notional_usd,noncommercial_long_notional_usd,noncommercial_short_notional_usd,noncommercial_net_notional_usd,noncommercial_net_flow_1w_notional_usd,noncommercial_net_flow_4w_notional_usd,commercial_long_notional_usd,commercial_short_notional_usd,commercial_net_notional_usd,commercial_net_flow_1w_notional_usd,commercial_net_flow_4w_notional_usd,total_reportable_long_notional_usd,total_reportable_short_notional_usd,total_reportable_net_notional_usd,total_reportable_net_flow_1w_notional_usd,total_reportable_net_flow_4w_notional_usd,nonreportable_long_notional_usd,nonreportable_short_notional_usd,nonreportable_net_notional_usd,nonreportable_net_flow_1w_notional_usd,nonreportable_net_flow_4w_notional_usd
2016-06-07,S&P 500 Consolidated - CHICAGO MERCANTILE EXCHANGE,715957,107094,104130,2964,0.4139913430555187,14.958160895137556,14.544169552082039,19920,2.7822899978630002,494254,487032,7222,1.0087197974180013,69.03403416685639,68.02531436943838,621268,611082,10186,1.42271114047352,86.77448505985694,85.35177391938342,94689,104875,-10186,-1.42271114047352,13.225514940143054,14.648226080616572,2112.13,2016-06-13,2016-06-13,2079.06,-0.01565718019250717,2016-06-14,2016-06-14,2075.32,-0.017427904532391403,2016-06-15,2016-06-15,2071.5,-0.01923650532874399,2016-06-16,2016-06-16,2077.99,-0.01616377779776823,2016-06-17,2016-06-17,2071.22,-0.01936907292638257,-0.01565718019250717,-0.0017988898829277566,-0.0018406799915194894,0.0031329954139511784,-0.003257956005563112,-0.003770934941752624,,,,,,,,,,,,,,,,,,-0.017427904532391403,-0.010998376046928993,-0.036001571872943505,-0.011164085543976854,0.03520143173005441,0.04739291615572894,0.15018014989607642,50.0,S&P 500 Index x $50,105606.5,11309822511.0,10996804845.0,313017666.0,,,52196435051.0,51433744908.0,762690143.0,,,65609939042.0,64534231233.0,1075707809.0,,,9999773878.5,11075481687.5,-1075707809.0,,
2016-06-14,S&P 500 Consolidated - CHICAGO MERCANTILE EXCHANGE,774471,127876,97403,30473,3.9346857403311426,16.511399393908874,12.57671365357773,30617,3.9532790769441335,510429,534799,-24370,-3.1466639809624892,65.90679315300379,69.05345713396628,668922,662819,6103,0.7880217593686529,86.3714716238568,85.58344986448814,105549,111652,-6103,-0.7880217593686529,13.628528376143201,14.416550135511851,2075.32,2016-06-20,2016-06-20,2083.25,0.003821097469305812,2016-06-21,2016-06-21,2088.9,0.0065435691845112665,2016-06-22,2016-06-22,2085.45,0.004881174951332667,2016-06-23,2016-06-23,2113.32,0.018310429235009584,2016-06-24,2016-06-24,2037.41,-0.018267062428926617,0.003821097469305812,0.0027121084843393373,-0.001651586959643958,0.013364022153492305,-0.03591978498287063,-0.02200408016320654,-0.017427904532391403,3.5206943972756237,27509.0,1.553238498771318,-1.9674558985043085,-4.15538377838049,-31592.0,-3.127241013852597,1.0281427645278995,-0.6346893811048671,-4083.0,-0.40301343600013695,0.2316759451047261,0.6346893811048671,4083.0,0.4030134360001476,-0.23167594510472078,0.0065435691845112665,-0.01890310891814284,0.006374920494188752,0.03701597825877445,0.024911820827631326,0.09463600794094384,0.17589094693830343,50.0,S&P 500 Index x $50,103766.00000000001,13269181016.000002,10107119698.000002,3162061318.0000005,2854498894.0000005,,52965175614.00001,55493953034.00001,-2528777420.0000005,-3278175472.0000005,,69411360252.00002,68778076354.00002,633283898.0000001,-423676578.00000006,,10952397534.000002,11585681432.000002,-633283898.0000001,423676578.00000006,
2016-06-21,S&P 500 Consolidated - CHICAGO MERCANTILE EXCHANGE,620998,108900,93951,14949,2.4072541296429297,17.536288361637236,15.129034231994307,17780,2.8631332145997246,404632,423143,-18511,-2.980846959249466,65.15834189482092,68.13918885407038,531311,534874,-3563,-0.5737538607209685,85.55760243994345,86.13135630066442,89687,86125,3562,0.5735928296065366,14.442397560056556,13.868804730450018,2088.9,2016-06-27,2016-06-27,2000.54,-0.04229977500119686,2016-06-28,2016-06-28,2036.09,-0.025281248503997378,2016-06-29,2016-06-29,2070.77,-0.008679209153142908,2016-06-30,2016-06-30,2098.86,0.004768059744363118,2016-07-01,2016-07-01,2102.95,0.006726028053042121,-0.04229977500119686,0.01777020204544777,0.01703264590465059,0.013565002390415248,0.0019486769007937,0.051191178381836844,0.0065435691845112665,-1.5274316106882129,-15524.0,1.0248889677283621,2.552320578416577,0.16581702171302304,5859.0,-0.7484512581828682,-0.914268279895893,-1.3617756200896214,-9666.0,-0.8138691839133543,0.5479064361762767,1.3616145889751894,9665.0,0.8138691839133543,-0.5477454050618338,-0.025281248503997378,-0.00016755230025367052,0.03027430705155809,0.03584661783713927,0.02434774283115515,0.08706017521183407,0.16665709224950942,50.0,S&P 500 Index x $50,104445.0,11374060500.0,9812712195.0,1561348305.0,-1621404180.0,,42261789240.0,44195170635.0,-1933381395.0,611943255.0,,55492777395.0,55864914930.0,-372137535.0,-1009565370.0,,9367358715.0,8995325625.0,372033090.0,1009460925.0,
2016-06-28,S&P 500 Consolidated - CHICAGO MERCANTILE EXCHANGE,673460,106535,92487,14048,2.0859442283134855,15.819053841356576,13.73310961304309,20247,3.006414634870668,448369,453151,-4782,-0.7100644433225433,66.57693107237253,67.28699551569507,575151,565885,9266,1.3758797849909423,85.40239954859977,84.02651976360883,98309,107575,-9266,-1.3758797849909423,14.59760045140023,15.973480236391174,2036.09,2016-07-04,2016-07-05,2088.55,0.02576506932404765,2016-07-05,2016-07-05,2088.55,0.02576506932404765,2016-07-06,2016-07-06,2099.73,0.03125598573736932,2016-07-07,2016-07-07,2097.9,0.03035720424932098,2016-07-08,2016-07-08,2129.9,0.04607360185453491,0.02576506932404765,0.0,0.005352996097771179,-0.0008715406266519565,0.015253348586681925,0.019798424744439824,-0.025281248503997378,-0.32130990132944426,-901.0,-1.7172345202806607,-1.3959246189512164,2.270782515926923,13729.0,1.4185891775516097,-0.8521933383753151,1.9496336457119108,12829.0,-0.15520289134367715,-2.10483653705559,-1.9494726145974788,-12828.0,0.15520289134367538,2.104675505941156,0.02576506932404765,0.05699649819015851,0.06271333781905519,0.06536547991493502,0.06082245873217773,0.11433188120367976,0.18824806369070135,50.0,S&P 500 Index x $50,101804.5,10845742407.5,9415592791.5,1430149616.0,-91725854.5,,45645981860.5,46132810979.5,-486829119.0,1397673980.5,,58552959979.5,57609639482.5,943320497.0,1306049930.5,,10008298590.5,10951619087.5,-943320497.0,-1305948126.0,
2016-07-05,S&P 500 Consolidated - CHICAGO MERCANTILE EXCHANGE,689194,110415,100190,10225,1.4836170947512601,16.02088816791789,14.537271073166627,22558,3.2730987211148097,456815,455402,1413,0.20502209827711793,66.2824981064838,66.07747600820669,589788,578150,11638,1.6886391930283782,85.5764849955165,83.88784580248813,99406,111044,-11638,-1.6886391930283782,14.423515004483498,16.112154197511877,2088.55,2016-07-11,2016-07-11,2137.16,0.02327452060041635,2016-07-12,2016-07-12,2152.14,0.030446960810131207,2016-07-13,2016-07-13,2152.43,0.0305858131239376,2016-07-14,2016-07-14,2163.75,0.0360058413732014,2016-07-15,2016-07-15,2161.74,0.035043451198199405,0.02327452060041635,0.007009302064421963,0.00013474959807435738,0.005259172191430128,-0.0009289428076257877,0.011501244642422526,0.02576506932404765,-0.6023271335622253,-3823.0,0.20183432656131295,0.8041614601235363,0.9150865415996612,6195.0,-0.29443296588873125,-1.2095195074883804,0.31275940803743585,2372.0,0.17408544691672034,-0.13867396112070196,-0.31275940803743585,-2372.0,-0.17408544691673278,0.13867396112070374,0.030446960810131207,0.036020205405664196,0.0386057312489525,0.0327882981015537,0.029656939024681916,0.08105144717627044,0.16301261640851306,50.0,S&P 500 Index x $50,104427.50000000001,11530362412.500002,10462591225.000002,1067771187.5000001,-399226332.50000006,758248077.5000001,47704048412.50001,47556492355.00001,147556057.50000003,646928362.5000001,-606619347.5000001,61590086370.00001,60374759125.00001,1215327245.0000002,247702030.00000003,151628730.00000003,10380720065.000002,11596047310.000002,-1215327245.0000002,-247702030.00000003,-151628730.00000003
2016-07-12,S&P 500 Consolidated - CHICAGO MERCANTILE EXCHANGE,685818,117407,98083,19324,2.817657162687477,17.11926487785389,14.301607715166414,22546,3.287461104841226,444412,459653,-15241,-2.2223097089898487,64.80028229063689,67.02259199962673,584366,580283,4083,0.5953474536976282,85.20715408461137,84.61180663091375,101452,105536,-4084,-0.5954932649770056,14.79284591538863,15.388339180365637,2152.14,2016-07-18,2016-07-18,2166.89,0.0068536433503396665,2016-07-19,2016-07-19,2163.78,0.005408570074437735,2016-07-20,2016-07-20,2173.02,0.009701971061362169,2016-07-21,2016-07-21,2165.17,0.006054438837622245,2016-07-22,2016-07-22,2175.03,0.010635925172154392,0.0068536433503396665,-0.001435236675604079,0.004270304744474762,-0.0036124840084306165,0.004553914935085945,0.003756535864764876,0.030446960810131207,1.3340400679362168,9099.0,1.0983767099360016,-0.2356633580002132,-2.4273318072669667,-16654.0,-1.4822158158469136,0.9451159914200389,-1.09329173933075,-7555.0,-0.36933091090511994,0.7239608284256178,1.0931459280513725,7554.0,0.36933091090513237,-0.7238150171462401,0.005408570074437735,0.007917700521341553,0.002272157015807741,0.01375375207932561,-0.007160314849405602,0.05425297610750235,0.1270316986813127,50.0,S&P 500 Index x $50,107607.0,12633815049.0,10554417381.0,2079397668.0,979116093.0,-1199710443.0,47821842084.0,49461880371.0,-1640038287.0,-1792086978.0,982344303.0,62881872162.0,62442512781.0,439359381.0,-812970885.0,-217366140.0,10916945364.0,11356412352.0,-439466988.0,812863278.0,217258533.0
2016-07-19,S&P 500 Consolidated - CHICAGO MERCANTILE EXCHANGE,688835,129928,93666,36262,5.264250509918921,18.861991623538295,13.59774111361937,23265,3.377441622449498,437871,469387,-31516,-4.575261129298017,63.566891926223256,68.14215305552128,591064,586318,4746,0.6889893806209034,85.80632517221105,85.11733579159015,97771,102517,-4746,-0.6889893806209034,14.19367482778895,14.882664208409851,2163.78,2016-07-25,2016-07-25,2168.48,0.0021721247076873507,2016-07-26,2016-07-26,2169.18,0.00249563264287489,2016-07-27,2016-07-27,2166.58,0.0012940317407499347,2016-07-28,2016-07-28,2170.06,0.0029023283328248883,2016-07-29,2016-07-29,2173.6,0.0045383541764874025,0.0021721247076873507,0.0003228067586511507,-0.001198609612849011,0.0016062180948777094,0.0016312913007012764,0.0023611008632773434,0.005408570074437735,2.446593347231444,16938.0,1.7427267456844042,-0.703866601547043,-2.3529514203081683,-16275.0,-1.23339036441363,1.1195610558945503,0.09364192692327522,663.0,0.5991710875996716,0.505529160676403,-0.09349611564389781,-662.0,-0.5991710875996805,-0.505674971955786,0.00249563264287489,-0.003119540803593668,0.008300289308524667,0.006641155755206185,-0.011174888389762438,0.04811487304624307,0.13718122914529207,50.0,S&P 500 Index x $50,108189.00000000001,14056780392.000002,10133630874.000002,3923149518.0000005,1832505282.0000002,2305832157.0000005,47372825619.00001,50782510143.00001,-3409684524.0000005,-1760775975.0000002,-1406997945.0000002,63946623096.00001,63433158102.00001,513464994.00000006,71729307.00000001,898942401.0000001,10577746719.000002,11091211713.000002,-513464994.00000006,-71621118.00000001,-898834212.0000001
2016-07-26,S&P 500 Consolidated - CHICAGO MERCANTILE EXCHANGE,688070,131772,90237,41535,6.036449779818914,19.150958478061824,13.114508698242911,23523,3.4186928655514706,437833,474793,-36960,-5.371546499629398,63.63204325141337,69.00358975104277,593128,588553,4575,0.6649032801895156,86.20169459502667,85.53679131483716,94942,99517,-4575,-0.6649032801895156,13.798305404973332,14.463208685162845,2169.18,2016-08-01,2016-08-01,2170.84,0.0007652661374346614,2016-08-02,2016-08-02,2157.03,-0.005601194921583064,2016-08-03,2016-08-03,2163.79,-0.0024848099281755687,2016-08-04,2016-08-04,2164.25,-0.002272748227440724,2016-08-05,2016-08-05,2182.87,0.006311140615347766,0.0007652661374346614,-0.006361592747507805,0.00313393879547319,0.00021258994634409945,0.008603442301027941,0.005541633653332267,0.00249563264287489,0.7721992698999927,5273.0,0.28896685452352955,-0.48323241537645956,-0.7962853703313808,-5444.0,0.06515132519011502,0.8614366955214905,-0.024086100431387814,-171.0,0.3953694228156195,0.4194555232470094,0.024086100431387814,171.0,-0.3953694228156177,-0.41945552324700586,-0.005601194921583064,0.005790206437455536,0.004135203164329582,0.008168985515264016,-0.01199531620243599,0.05112069998801405,0.1419660885680305,50.0,S&P 500 Index x $50,108458.99999999999,14291859347.999998,9787014782.999998,4504844564.999999,571904306.9999999,2981212532.9999995,47486929346.99999,51495573986.99999,-4008644639.9999995,-590450795.9999999,-3489993701.9999995,64330069751.99999,63833869826.99999,496199924.99999994,-18546488.999999996,-508781168.99999994,10297314377.999998,10793514302.999998,-496199924.99999994,18546488.999999996,508781168.99999994
2016-08-02,S&P 500 Consolidated - CHICAGO MERCANTILE EXCHANGE,683947,126751,93694,33057,4.8332692445467265,18.53228393428146,13.699014689734732,25517,3.730844641470757,441056,470796,-29740,-4.3482901452890355,64.4868681345192,68.83515827980823,593324,590007,3317,0.484979099257691,86.74999671027142,86.26501761101372,90623,93939,-3316,-0.4848328890981319,13.25000328972859,13.734836178826724,2157.03,2016-08-08,2016-08-08,2180.89,0.011061505866863053,2016-08-09,2016-08-09,2181.74,0.011455566218364854,2016-08-10,2016-08-10,2175.49,0.008558063633792523,2016-08-11,2016-08-11,2185.79,0.013333147893167752,2016-08-12,2016-08-12,2184.05,0.012526483173622927,0.011061505866863053,0.0003897491391129382,-0.002864685984581117,0.0047345655461528136,-0.0007960508557545154,0.001448949740702421,-0.005601194921583064,-1.2031805352721872,-8478.0,-0.6186745437803651,0.5845059914918203,1.0232563543403623,7220.0,0.8548248831058274,-0.16843147123454116,-0.1799241809318246,-1258.0,0.548302115244752,0.7282262961765582,0.18007039109138373,1259.0,-0.5483021152447414,-0.7283725063361217,0.011455566218364854,0.009791240733786788,0.01384774435218783,0.008850131894317492,-0.021005734737115533,0.05648507438468631,0.14803688404890036,50.0,S&P 500 Index x $50,107851.50000000001,13670285476.500002,10105038441.000002,3565247035.5000005,-914365017.0000001,2462465448.0000005,47568551184.00001,50776054794.00001,-3207503610.0000005,778687830.0000001,-3359897779.5000005,63990883386.00001,63633139960.50001,357743425.50000006,-135677187.00000003,-897432331.5000001,9773826484.500002,10131462058.500002,-357635574.00000006,135785038.50000003,897540183.0000001
2016-08-09,S&P 500 Consolidated - CHICAGO MERCANTILE EXCHANGE,676437,123651,91262,32389,4.788176873825648,18.279751107641953,13.491574233816305,26488,3.915811819873839,440475,470831,-30356,-4.48763151631268,65.11692884924982,69.60456036556249,590614,588581,2033,0.3005453575129687,87.31249177676561,87.01194641925264,85823,87856,-2033,-0.3005453575129687,12.687508223234389,12.988053580747358,2181.74,2016-08-15,2016-08-15,2190.15,0.003854721460852417,2016-08-16,2016-08-16,2178.15,-0.0016454756295432027,2016-08-17,2016-08-17,2182.22,0.0002200078836158692,2016-08-18,2016-08-18,2187.02,0.002420086719774117,2016-08-19,2016-08-19,2183.87,0.0009762849835452947,0.003854721460852417,-0.005479076775563363,0.001868558180106783,0.002199594907937863,-0.001440316046492529,-0.0028673835125448965,0.011455566218364854,-0.04509237072107819,-668.0,-0.2525328266395057,-0.20744045591842664,-0.13934137102364463,-616.0,0.6300607147306181,0.7694020857542654,-0.18443374174472232,-1284.0,0.5624950664941935,0.7469288082389198,0.1842875315851632,1283.0,-0.5624950664942023,-0.7467825980793652,-0.0016454756295432027,0.0023650847488703164,-0.00257592563733533,0.0021725778507064586,-0.019333192772740926,0.05103266200372181,0.13437898191351882,50.0,S&P 500 Index x $50,109086.99999999999,13488716636.999998,9955497793.999998,3533218842.9999995,-72870115.99999999,1425221654.9999998,48050096324.99999,51361541296.99999,-3311444971.9999995,-67197591.99999999,-1648850004.9999998,64428309417.99999,64206535546.99999,221773870.99999997,-140067707.99999997,-223628349.99999997,9362173600.999998,9583947471.999998,-221773870.99999997,139958620.99999997,223737436.99999997
2016-08-16,S&P 500 Consolidated - CHICAGO MERCANTILE EXCHANGE,682836,126523,88046,38477,5.634881582107563,18.529046506042445,12.894164923934884,28968,4.242307083985027,442660,477395,-34735,-5.086872982678125,64.82669337879081,69.91356636146894,598151,594408,3743,0.5481550474784576,87.59804696881828,87.04989192133982,84685,88428,-3743,-0.5481550474784576,12.40195303118172,12.950108078660177,2178.15,2016-08-22,2016-08-22,2182.64,0.0020613823657689156,2016-08-23,2016-08-23,2186.9,0.004017170534627912,2016-08-24,2016-08-24,2175.44,-0.0012441751027247872,2016-08-25,2016-08-25,2172.47,-0.0026077175584786616,2016-08-26,2016-08-26,2169.04,-0.004182448408052819,0.0020613823657689156,0.0019517648352453953,-0.005240294480771901,-0.001365241054683275,-0.0015788480393283955,-0.006230986328482846,-0.0016454756295432027,0.8467047082819148,6088.0,0.2492953984004913,-0.5974093098814208,-0.5992414663654451,-4379.0,-0.29023547045900955,0.3090059959064462,0.24760968996548888,1710.0,0.2855551920526693,0.03794550208718306,-0.24760968996548888,-1710.0,-0.2855551920526693,-0.03794550208718128,0.004017170534627912,-0.0009319835640337892,0.003824346348965779,-0.023474049078346382,0.0010283956568646335,0.07319514266694216,0.13151527672566177,50.0,S&P 500 Index x $50,108907.5,13779303622.5,9588869745.0,4190433877.5,663028860.0,241230112.5,48208993950.0,51991895962.5,-3782902012.5,-476905942.5,-350573242.5,65143130032.5,64735489260.0,407640772.5,186231825.0,-109234222.5,9222831637.5,9630472410.0,-407640772.5,-186231825.0,109234222.5
2016-08-23,S&P 500 Consolidated - CHICAGO MERCANTILE EXCHANGE,700378,133341,91144,42197,6.024889416857754,19.038433531607218,13.013544114749465,32087,4.58138319593134,451585,488587,-37002,-5.283147100565695,64.47732510158801,69.7604722021537,617013,611818,5195,0.7417423162920594,88.09714182912656,87.3553995128345,83364,88560,-5196,-0.741885096333694,11.902715390831808,12.644600487165503,2186.9,2016-08-29,2016-08-29,2180.38,-0.0029813891810325233,2016-08-30,2016-08-30,2176.12,-0.0049293520508483235,2016-08-31,2016-08-31,2170.95,-0.00729342905482655,2016-09-01,2016-09-01,2170.86,-0.007334583199963385,2016-09-02,2016-09-02,2179.98,-0.0031642964927522943,-0.0029813891810325233,-0.0019537878718389745,-0.0023757880999210057,-4.145650521647504e-05,0.004201100024874949,-0.00018345426026655787,0.004017170534627912,0.3900078347501905,3720.0,0.5093870255647737,0.11937919081458048,-0.19627411788756977,-2267.0,-0.3493682772027995,-0.15309415931524484,0.1935872688136019,1452.0,0.49909486030827566,0.3055075914946741,-0.19373004885523648,-1453.0,-0.4992376403499108,-0.3055075914946741,-0.0049293520508483235,-0.00019205267730582065,-0.027381224564452022,-0.02155562668617672,0.007334583199963385,0.08161324248936852,0.12145502766473104,50.0,S&P 500 Index x $50,109345.0,14580171645.0,9966140680.0,4614030965.0,406763400.0,72386390.0,49378561825.0,53424545515.0,-4045983690.0,-247885115.0,-4592490.0,67467286485.0,66899239210.0,568047275.0,158768940.0,67793900.0,9115436580.0,9683593200.0,-568156620.0,-158878285.0,-67903245.0
2016-08-30,S&P 500 Consolidated - CHICAGO MERCANTILE EXCHANGE,710340,135125,86276,48849,6.876847706731988,19.022580735985585,12.145733029253597,37405,5.265788214094659,453221,496674,-43453,-6.117211476194498,63.803389925950945,69.92060140214545,625751,620355,5396,0.7596362305374891,88.09175887603121,87.3321226454937,84589,89985,-5396,-0.7596362305374891,11.908241123968804,12.667877354506293,2176.12,2016-09-05,2016-09-06,2186.48,0.004760766869474242,2016-09-06,2016-09-06,2186.48,0.004760766869474242,2016-09-07,2016-09-07,2186.16,0.004613716155358993,2016-09-08,2016-09-08,2181.3,0.002380383434737121,2016-09-09,2016-09-09,2127.81,-0.022200062496553485,0.004760766869474242,0.0,-0.00014635395704520882,-0.002223076078603392,-0.024522073992573334,-0.02683308331199008,-0.0049293520508483235,0.8519582898742346,6652.0,-0.01585279562163322,-0.8678110854958678,-0.8340643756288033,-6451.0,-0.6739351756370624,0.1601291999917578,0.017893914245429632,201.0,-0.005382953095349308,-0.02327686734079748,-0.017751134203795038,-200.0,0.005525733136995115,0.023276867340790375,0.004760766869474242,-0.022563093947024937,-0.016708637391320225,-0.00743984706725731,0.013115085565134299,0.08617171847140792,0.12415675606124665,50.0,S&P 500 Index x $50,108806.0,14702410750.0,9387346456.0,5315064294.0,723777512.0,1718264352.0,49313164126.0,54041111244.0,-4727947118.0,-701907506.0,-1492056678.0,68085463306.0,67498346130.0,587117176.0,21870006.0,226207674.0,9203790734.0,9790907910.0,-587117176.0,-21761200.0,-226316480.0
2016-09-06,S&P 500 Consolidated - CHICAGO MERCANTILE EXCHANGE,735322,134195,92336,41859,5.692608136299471,18.24982796652351,12.557219830224037,36141,4.914989623593473,478795,514806,-36011,-4.897310293993652,65.11365089035823,70.0109611843519,649132,643283,5849,0.7954338371488953,88.2786044753183,87.48317063816941,86190,92039,-5849,-0.7954338371488953,11.721395524681705,12.5168293618306,2186.48,2016-09-12,2016-09-12,2159.04,-0.012549851816618496,2016-09-13,2016-09-13,2127.02,-0.027194394643445197,2016-09-14,2016-09-14,2125.77,-0.027766089788152648,2016-09-15,2016-09-15,2147.26,-0.01793750686034168,2016-09-16,2016-09-16,2139.16,-0.021642091398046293,-0.012549851816618496,-0.014830665480954464,-0.0005876766556026647,0.01010927804983619,-0.0037722492851356426,-0.0092077960575071,0.004760766869474242,-1.184239570432517,-6990.0,-0.7727527694620733,0.4114868009704402,1.2199011822008465,7442.0,1.3102609644072842,0.09035978220644836,0.035797606611406185,453.0,0.18684559928709632,0.15104799267571423,-0.035797606611406185,-453.0,-0.1868455992870981,-0.1510479926756929,-0.027194394643445197,-0.0213676777285865,-0.012142804873586877,-0.01646024660641776,0.011776919980974077,0.08319765101898935,0.12411272913541405,50.0,S&P 500 Index x $50,109324.0,14670734180.0,10094540864.0,4576193316.0,-764174760.0,1035298280.0,52343784580.0,56280651144.0,-3936866564.0,813589208.0,-618227220.0,70965706768.0,70326270692.0,639436076.0,49523772.0,417180384.0,9422635560.0,10062071636.0,-639436076.0,-49523772.0,-417180384.0
2016-09-13,S&P 500 Consolidated - CHICAGO MERCANTILE EXCHANGE,825324,119140,100576,18564,2.2492984573331203,14.435542889822663,12.186244432489543,45215,5.478454522102835,554217,571307,-17090,-2.070701930393397,67.15144597757971,69.22214790797311,718571,717098,1473,0.17847536240312895,87.06532222496863,86.88684686256549,106753,108226,-1473,-0.17847536240312895,12.93467777503138,13.11315313743451,2127.02,2016-09-19,2016-09-19,2139.12,0.005688710026233945,2016-09-20,2016-09-20,2139.76,0.005989600473902623,2016-09-21,2016-09-21,2163.12,0.01697210181380515,2016-09-22,2016-09-22,2177.18,0.02358228883602398,2016-09-23,2016-09-23,2164.69,0.017710223693242266,0.005688710026233945,0.00029918845132592686,0.010917112199498868,0.006499870557343135,-0.005736778768866024,0.011953513594375353,-0.027194394643445197,-3.443309678966351,-23295.0,-3.8142850767008483,-0.37097539773449384,2.8266083636002546,18921.0,2.0377950872214825,-0.7888132763787894,-0.6169584747457664,-4376.0,-1.2132822503496783,-0.5963237756039206,0.6169584747457664,4376.0,1.2132822503496747,0.5963237756039099,0.005989600473902623,0.01547235098870714,0.011034216885595693,0.004565072260721559,0.06802944965256552,0.1120957959962765,0.1736984137431712,50.0,S&P 500 Index x $50,106351.0,12670658140.0,10696358176.0,1974299964.0,-2477446545.0,-2117767463.0,58941532167.0,60759070757.0,-1817538590.0,2012267271.0,1876563395.0,76420744421.0,76264089398.0,156655023.0,-465391976.0,-241416770.0,11353288303.0,11509943326.0,-156655023.0,465391976.0,241416770.0
2016-09-20,S&P 500 Consolidated - CHICAGO MERCANTILE EXCHANGE,641083,110229,90463,19766,3.083220113464247,17.194185464284654,14.11096535082041,21368,3.333109753339271,425897,441972,-16075,-2.507475631080531,66.43398748679968,68.9414631178802,557494,553803,3691,0.5757444823837163,86.96128270442361,86.3855382220399,83590,87281,-3691,-0.5757444823837163,13.03887328161876,13.614617764002476,2139.76,2016-09-26,2016-09-26,2146.1,0.002962949115788538,2016-09-27,2016-09-27,2159.93,0.009426290798967951,2016-09-28,2016-09-28,2171.37,0.014772684787078827,2016-09-29,2016-09-29,2151.13,0.005313680038882884,2016-09-30,2016-09-30,2168.27,0.013323924178412438,0.002962949115788538,0.006444247705139627,0.005296467941090732,-0.00932130406149101,0.007967905240501505,0.010330366711709615,0.005989600473902623,0.8339216561311269,1202.0,2.758642574461991,1.9247209183308662,-0.4367737006871337,1015.0,-0.7174584907800323,-0.2806847900929057,0.3972691199805874,2218.0,-0.10403952054501531,-0.5013086405255933,-0.3972691199805874,-2218.0,0.10419550658737897,0.5014646265679659,0.009426290798967951,0.005014581074512803,-0.001416046659438508,-7.477474109263138e-05,0.061221819269450695,0.09545930384716028,0.17146315474632656,50.0,S&P 500 Index x $50,106988.00000000001,11793180252.000002,9678455444.000002,2114724808.0000002,128599576.00000001,-2399847828.0000005,45565868236.00001,47285700336.00001,-1719832100.0000002,108592820.00000001,2238937876.0000005,59645168072.00001,59250275364.00001,394892708.00000006,237299384.00000003,-160909952.00000003,8943126920.000002,9338019628.000002,-394892708.00000006,-237299384.00000003,161016940.00000003
2016-09-27,S&P 500 Consolidated - CHICAGO MERCANTILE EXCHANGE,641376,111265,94104,17161,2.6756535947712417,17.347858354537742,14.672204759766503,19353,3.017418799580901,426480,439287,-12807,-1.996800628648406,66.49453674599611,68.49133737464452,557098,552745,4353,0.6786970513396198,86.85981390011476,86.18111684877513,84278,88632,-4354,-0.678852966122836,13.140186099885245,13.819039066008083,2159.93,2016-10-03,2016-10-03,2161.2,0.0005879820179357509,2016-10-04,2016-10-04,2150.49,-0.004370512007333627,2016-10-05,2016-10-05,2159.73,-9.259559337559953e-05,2016-10-06,2016-10-06,2160.77,0.0003889014921780731,2016-10-07,2016-10-07,2153.74,-0.002865833614978275,0.0005879820179357509,-0.004955580233203749,0.004296695171798204,0.0004815416741907885,-0.0032534698278855467,-0.0034517860447899062,0.009426290798967951,-0.40756651869300553,-2605.0,0.1536728902530875,0.5612394089460935,0.5106750024321249,3268.0,0.060549259196434946,-0.450125743235688,0.10295256895590343,662.0,-0.10146880430885119,-0.20442137326476484,-0.10310848373911963,-663.0,0.10131281826648575,0.20442130200560626,-0.004370512007333627,-0.010741088831582424,-0.009412342066640988,-0.0077641405045534295,0.05044144949141893,0.09196594334075647,0.15598190682105462,50.0,S&P 500 Index x $50,107996.49999999999,12016230572.499998,10162902635.999998,1853327936.4999998,-281330882.49999994,-3422193091.9999995,46058347319.99999,47441458495.49999,-1383111175.4999998,352932561.99999994,3309660738.9999995,60164634156.99999,59694525392.49999,470108764.49999994,71493682.99999999,-112640349.49999999,9101729026.999998,9571945787.999998,-470216760.99999994,-71601679.49999999,112532352.99999999
2016-10-04,S&P 500 Consolidated - CHICAGO MERCANTILE EXCHANGE,659410,108077,97342,10735,1.6279704584401207,16.3899546564353,14.76198419799518,21193,3.2139336679759176,438211,440813,-2602,-0.3945951684081224,66.45501281448568,66.8496079828938,567481,559347,8134,1.2335269407500644,86.05890113889689,84.82537419814683,91929,100062,-8133,-1.2333752900319983,13.941098861103107,15.174474151135106,2150.49,2016-10-10,2016-10-10,2163.66,0.006124185650712155,2016-10-11,2016-10-11,2136.73,-0.0063985417276991585,2016-10-12,2016-10-12,2139.18,-0.005259266492752768,2016-10-13,2016-10-13,2132.55,-0.0083422847816077,2016-10-14,2016-10-14,2132.98,-0.008142330352617244,0.006124185650712155,-0.012446502685264704,0.0011466118788989732,-0.0030993184304264343,0.00020163653841631657,-0.014179677028738236,-0.004370512007333627,-1.047683136331121,-6426.0,-0.9579036981024416,0.08977943822867651,1.6022054602402835,10205.0,-0.03952393151043054,-1.6417293917507152,0.5548298894104446,3781.0,-0.800912761217873,-1.3557426506283008,-0.5545223239091623,-3779.0,0.8009127612178624,1.3554350851270236,-0.0063985417276991585,-0.0050639621667619705,-0.003408525498839743,-0.018028449330152685,0.049914205599654204,0.09749870959641771,0.17860580611860555,50.0,S&P 500 Index x $50,107524.49999999999,11620925386.499998,10466649878.999998,1154275507.4999998,-690952436.9999999,-3346592537.9999995,47118418669.49999,47398197418.49999,-279778748.99999994,1097287522.4999998,3592286020.4999995,61018110784.49999,60143506501.49999,874604282.9999999,406550134.49999994,245693482.49999997,9884619760.499998,10759116518.999998,-874496758.4999999,-406335085.49999994,-245585957.99999997
2016-10-11,S&P 500 Consolidated - CHICAGO MERCANTILE EXCHANGE,667013,104197,106414,-2217,-0.33237732997707686,15.62143466469169,15.95381199466877,18252,2.7363784513945006,438361,438139,222,0.033282709632345996,65.72000845560731,65.68672574597497,560810,562805,-1995,-0.29909462034473094,84.0778215716935,84.37691619203824,106203,104208,1995,0.29909462034473094,15.922178428306493,15.623083807961763,2136.73,2016-10-17,2016-10-17,2126.5,-0.004787689600464273,2016-10-18,2016-10-18,2139.6,0.0013431739152816036,2016-10-19,2016-10-19,2144.29,0.003538116654888457,2016-10-20,2016-10-20,2141.34,0.002157502351724405,2016-10-21,2016-10-21,2141.16,0.002073261478988897,-0.004787689600464273,0.006160357394780158,0.0021919985043934442,-0.0013757467506726462,-8.405951413614776e-05,0.0068939572066775145,-0.0063985417276991585,-1.9603477884171976,-12952.0,-0.7685199917436094,1.191827796673591,0.4278778780404684,2824.0,-0.7350043588783706,-1.1628822369188327,-1.5326215610947953,-10129.0,-1.9810795672033805,-0.448458006108595,1.5324699103767292,10128.0,1.9810795672033858,0.44860965682665643,0.0013431739152816036,0.003009271176049211,-0.011704801261741227,0.0013244537213406016,0.06185620083024057,0.10158045237348667,0.19371188685514773,50.0,S&P 500 Index x $50,106836.5,11132042790.5,11368899311.0,-236856520.5,-1383746348.0,-2220169306.5,46832954976.5,46809237273.5,23717703.0,301706276.0,1849553488.0,59914977565.0,60128116382.5,-213138817.5,-1082146908.5,-370508982.0,11346356809.5,11133217992.0,213138817.5,1082040072.0,370508982.0
2016-10-18,S&P 500 Consolidated - CHICAGO MERCANTILE EXCHANGE,665364,107706,95050,12656,1.9021167361023439,16.187530434468954,14.28541369836661,19026,2.8594874384547406,435113,447699,-12586,-1.8915961789336362,65.39473130496991,67.28632748390355,561846,561775,71,0.010670850842546336,84.44189947156744,84.4312286207249,103518,103589,-71,-0.010670850842546336,15.558100528432558,15.568771379275104,2139.6,2016-10-24,2016-10-24,2151.33,0.005482333146382468,2016-10-25,2016-10-25,2143.16,0.0016638624041875882,2016-10-26,2016-10-26,2139.43,-7.945410357079741e-05,2016-10-27,2016-10-27,2133.04,-0.0030659936436716606,2016-10-28,2016-10-28,2126.41,-0.006164703682931427,0.005482333146382468,-0.0037976507555791406,-0.0017404206872095873,-0.0029867768517781723,-0.003108239882983921,-0.011583532047617084,0.0013431739152816036,2.234494066079421,14873.0,0.5660957697772631,-1.6683982963021613,-1.9248788885659822,-12808.0,-0.3252771506374046,1.5996017379285803,0.30976547118727726,2066.0,0.3640778998739336,0.0543124286866572,-0.30976547118727726,-2066.0,-0.36407789987393535,-0.054312428686658976,0.0016638624041875882,-0.01303047298560489,-1.8695083193076556e-05,0.019064311086184338,0.05995980557113478,0.09468592260235575,0.19618620302860368,50.0,S&P 500 Index x $50,106980.0,11522387880.0,10168449000.0,1353938880.0,1591113540.0,-760627800.0,46548388740.0,47894839020.0,-1346450280.0,-1370199840.0,373253220.0,60106285080.0,60098689500.0,7595580.0,221020680.0,-387267600.0,11074355640.0,11081951220.0,-7595580.0,-221020680.0,387267600.0
2016-10-25,S&P 500 Consolidated - CHICAGO MERCANTILE EXCHANGE,682461,102827,102809,18,0.0026375133524113464,15.067088082688972,15.064450569336563,19055,2.7921009405665673,459352,451984,7368,1.0796221322537112,67.30816852538094,66.22854639312723,581234,573848,7386,1.0822596456061226,85.16735754863647,84.08509790303036,101227,108613,-7386,-1.0822596456061226,14.83264245136352,15.914902096969644,2143.16,2016-10-31,2016-10-31,2126.15,-0.007936878254539925,2016-11-01,2016-11-01,2111.72,-0.014669926650366816,2016-11-02,2016-11-02,2097.94,-0.02109968457791289,2016-11-03,2016-11-03,2088.66,-0.025429739263517437,2016-11-04,2016-11-04,2085.18,-0.027053509770619044,-0.007936878254539925,-0.006786915316417175,-0.00652548633341532,-0.0044233867508127744,-0.0016661400132141901,-0.019269571761164617,0.0016638624041875882,-1.8994792227499326,-12638.0,-1.1204423517799817,0.7790368709699536,2.9712183111873474,19954.0,1.9134372204110264,-1.0577810907763165,1.0715887947635763,7315.0,0.7254580770690353,-0.3461307176945354,-1.0715887947635763,-7315.0,-0.7254580770690371,0.34613071769454073,-0.014669926650366816,-0.0016797625935534022,0.01737154482166514,0.027893391067395967,0.06388230463427846,0.11452714682991494,0.19875790888221134,50.0,S&P 500 Index x $50,107158.0,11018735666.0,11016806822.0,1928844.0,-1354262804.0,-1837009594.0,49223241616.0,48433701472.0,789540144.0,2138230732.0,2161912650.0,62283872972.0,61492403984.0,791468988.0,783860770.0,325010214.0,10847282866.0,11638751854.0,-791468988.0,-783860770.0,-324903056.0
2016-11-01,S&P 500 Consolidated - CHICAGO MERCANTILE EXCHANGE,681289,102026,100054,1972,0.2894513194840956,14.975436268602603,14.685984949118508,23017,3.3784487933901763,448913,446505,2408,0.35344765584061977,65.8917140890283,65.53826643318767,573956,569576,4380,0.6428989753247153,84.24559915102108,83.60270017569637,107333,111713,-4380,-0.6428989753247153,15.75440084897892,16.397299824303634,2111.72,2016-11-07,2016-11-07,2131.52,0.009376243062527267,2016-11-08,2016-11-08,2139.56,0.01318356600306858,2016-11-09,2016-11-09,2163.26,0.024406644820336165,2016-11-10,2016-11-10,2167.48,0.026405015816491018,2016-11-11,2016-11-11,2164.45,0.02497016649934647,0.009376243062527267,0.003771956162738288,0.011077043878180648,0.0019507595018628532,-0.0013979367745031723,0.015449069208827382,-0.014669926650366816,0.2868138061316842,1954.0,-0.09165181408636869,-0.37846562021805497,-0.7261744764130914,-4960.0,-1.4164544363526375,-0.6902799599395593,-0.43936067028140735,-3006.0,-0.9217583976153918,-0.4823977273339892,0.43936067028140735,3006.0,0.9217583976153989,0.4823977273339892,0.01318356600306858,0.03251851571231046,0.043197014755744334,0.04401151667834746,0.07915348625764795,0.1323328850415777,0.21950826814160984,50.0,S&P 500 Index x $50,105585.99999999999,10772517235.999998,10564301643.999998,208215591.99999997,206315043.99999997,-925250117.9999999,47398928017.99999,47144676929.99999,254251087.99999997,-523706559.99999994,528985859.99999994,60601718215.99999,60139251535.99999,462466679.99999994,-317391515.99999994,-396369843.99999994,11332862137.999998,11795328817.999998,-462466679.99999994,317391515.99999994,396264257.99999994
2016-11-08,S&P 500 Consolidated - CHICAGO MERCANTILE EXCHANGE,672984,101870,92197,9673,1.4373298622255508,15.137061207993058,13.699731345767507,27128,4.031002222935463,440722,446304,-5582,-0.8294402244332703,65.48773819288422,66.3171784173175,569721,565629,4092,0.6080382297350309,84.65595021575551,84.04791198602048,103263,107355,-4092,-0.6080382297350309,15.344049784244499,15.952088013979528,2139.56,2016-11-14,2016-11-14,2164.2,0.011516386546766455,2016-11-15,2016-11-15,2180.39,0.019083362934435133,2016-11-16,2016-11-16,2176.94,0.017470881863560717,2016-11-17,2016-11-17,2187.12,0.022228869487184166,2016-11-18,2016-11-18,2181.9,0.019789115519078804,0.011516386546766455,0.007480824323075508,-0.0015822857378724464,0.004676288735564471,-0.002386700318226631,0.008178541724424893,0.01318356600306858,1.1478785427414553,7701.0,0.16162493939045497,-0.9862536033510008,-1.18288788027389,-7990.0,-0.40397589614407536,0.7789119841298344,-0.03486074558968444,-288.0,0.41035106473442795,0.4452118103241105,0.03486074558968444,288.0,-0.41035106473442085,-0.4452118103241052,0.019083362934435133,0.029622913122324235,0.0304268167286732,0.03396492736824408,0.07175307072482195,0.12028641402905271,0.21082839462319347,50.0,S&P 500 Index x $50,106978.0,10897848860.0,9863050666.0,1034798194.0,823837578.0,1271968420.0,47147558116.0,47744709312.0,-597151196.0,-854754220.0,-620900312.0,60947613138.0,60509859162.0,437753976.0,-30809664.0,651175086.0,11046869214.0,11484623190.0,-437753976.0,30809664.0,-651175086.0
2016-11-15,S&P 500 Consolidated - CHICAGO MERCANTILE EXCHANGE,667044,97544,93626,3918,0.5873675499667189,14.623323199069327,14.035955649102608,21255,3.1864464712972462,447113,446002,1111,0.16655572945712727,67.02901157944603,66.8624558499889,565912,560883,5029,0.7539232794238462,84.83878124981261,84.08485797038875,101131,106161,-5030,-0.7540731945718723,15.161068835039368,15.91514202961124,2180.39,2016-11-21,2016-11-21,2198.18,0.008159090804856106,2016-11-22,2016-11-22,2202.94,0.010342186489572969,2016-11-23,2016-11-23,2204.72,0.011158554203605675,2016-11-24,2016-11-25,2213.35,0.01511656171602338,2016-11-25,2016-11-25,2213.35,0.01511656171602338,0.008159090804856106,0.0021654277629676866,0.0008080111124224576,0.003914329257229898,0.0,0.006901163689961631,0.019083362934435133,-0.8499623122588319,-5755.0,-0.5137380089237311,0.33622430333510067,0.9959959538903975,6693.0,1.5412733865618122,0.5452774326713978,0.14588504968881533,937.0,0.18283103405710222,0.036945984368273344,-0.14603496483684142,-938.0,-0.18298094920513108,-0.03694598436828933,0.010342186489572969,0.011131036190773269,0.014602892143148694,0.04188700186663841,0.07209260728585254,0.10102779777929638,0.18275629589201925,50.0,S&P 500 Index x $50,109019.5,10634198108.0,10207059707.0,427138401.0,-627407222.5,-952612391.0,48744035703.5,48622915039.0,121120664.5,729667513.5,1493240091.5,61695443284.0,61147184218.5,548259065.5,102151271.5,540518681.0,11025251054.5,11573619139.5,-548368085.0,-102260291.0,-540627700.5
2016-11-22,S&P 500 Consolidated - CHICAGO MERCANTILE EXCHANGE,697761,97136,105689,-8553,-1.2257778809649722,13.921099058273533,15.146876939238506,22793,3.266591282688485,473416,457630,15786,2.2623792387364725,67.84787341224288,65.5854941735064,593345,586112,7233,1.0366013577715005,85.03556375320488,83.9989623954334,104416,111649,-7233,-1.0366013577715005,14.964436246795106,16.001037604566605,2202.94,2016-11-28,2016-11-28,2201.72,-0.0005538053691885869,2016-11-29,2016-11-29,2204.66,0.0007807747827901501,2016-11-30,2016-11-30,2198.81,-0.0018747673563510592,2016-12-01,2016-12-01,2191.08,-0.00538371449063535,2016-12-02,2016-12-02,2191.95,-0.004988787710968223,-0.0005538053691885869,0.00133531965917566,-0.0026534703763845258,-0.0035155379500729778,0.0003970644613615626,-0.004437439819777289,0.010342186489572969,-1.8131454309316912,-12471.0,-0.7022241407957939,1.1109212901358987,2.095823509279345,14675.0,0.8188618327968413,-1.2769616764825003,0.28267807834765435,2204.0,0.19678250339227077,-0.08589557495535871,-0.28252816319962826,-2203.0,-0.19663258824426144,0.08589557495536582,0.0007807747827901501,0.004217091704721954,0.031221912535066565,0.03078613126095142,0.07373782309096022,0.08873596194176869,0.17980063006709224,50.0,S&P 500 Index x $50,110147.0,10699238992.0,11641326283.0,-942087291.0,-1373643237.0,-944069937.0,52145352152.0,50406571610.0,1738780542.0,1616407225.0,927217446.0,65355171715.0,64558478464.0,796693251.0,242763988.0,-16852491.0,11501109152.0,12297802403.0,-796693251.0,-242653841.0,16852491.0
2016-11-29,S&P 500 Consolidated - CHICAGO MERCANTILE EXCHANGE,707887,96958,115816,-18858,-2.663984506001664,13.69681884255538,16.36080334855704,21671,3.061364313795846,488817,465908,22909,3.236250983560936,69.05297031870906,65.81671933514812,607447,603395,4052,0.5724077430437344,85.81129474054475,85.23888699750101,100440,104492,-4052,-0.5724077430437344,14.188705259455253,14.761113002498986,2204.66,2016-12-05,2016-12-05,2204.71,2.267923398635574e-05,2016-12-06,2016-12-06,2212.23,0.003433636025509612,2016-12-07,2016-12-07,2241.35,0.016642021899068382,2016-12-08,2016-12-08,2246.19,0.018837371748931853,2016-12-09,2016-12-09,2259.53,0.024888191376448265,2.267923398635574e-05,0.0034108794353906458,0.013163188276083426,0.002159412853860454,0.005938945503274562,0.024864948224483152,0.0007807747827901501,-1.4382066250366916,-10305.0,-0.22428021571815293,1.2139264093185353,0.9738717448244634,7123.0,1.2050969064661814,0.23122516164171714,-0.4641936147277661,-3181.0,0.7757309873398697,1.2399246020676173,0.4641936147277661,3181.0,-0.7757309873398537,-1.2399246020676191,0.003433636025509612,0.030417388622281827,0.029981947329747127,0.029129208131866147,0.0721108923824989,0.09445900955249331,0.19158509702176296,50.0,S&P 500 Index x $50,110233.0,10687971214.0,12766745128.0,-2078773914.0,-1135951065.0,-2296153390.0,53883764361.0,51358436564.0,2525327797.0,785189659.0,2259886733.0,66960705151.0,66514041035.0,446664116.0,-350651173.0,-36156424.0,11071802520.0,11518466636.0,-446664116.0,350651173.0,36156424.0
2016-12-06,S&P 500 Consolidated - CHICAGO MERCANTILE EXCHANGE,702523,91075,110320,-19245,-2.739412090422662,12.963988367640633,15.703400458063294,20043,2.8530026774924093,484529,465602,18927,2.6941466685076505,68.9698415567889,66.27569488828124,595647,595965,-318,-0.04526542191501203,84.78683260192193,84.83209802383695,106876,106558,318,0.04526542191501203,15.21316739807807,15.167901976163058,2212.23,2016-12-12,2016-12-12,2256.96,0.0202194166067724,2016-12-13,2016-12-13,2271.72,0.026891417257699057,2016-12-14,2016-12-14,2253.28,0.018555936769685033,2016-12-15,2016-12-15,2262.03,0.02251122170841202,2016-12-16,2016-12-16,2258.07,0.020721172753285222,0.0202194166067724,0.006539770310506121,-0.008117197541950394,0.003883228005396644,-0.0017506399119374683,0.0004918119948957855,0.003433636025509612,-0.07542758442099817,-387.0,-0.7328304749147474,-0.6574028904937474,-0.5421043150532854,-3982.0,-0.0831287619201646,0.458975553133115,-0.6176731649587465,-4370.0,-1.0244621386228232,-0.40678897366406375,0.6176731649587465,4370.0,1.0244621386228179,0.40678897366407263,0.026891417257699057,0.026457465995850526,0.025607644774729543,0.020612684937822978,0.07058940526075497,0.09813626973687173,0.18865127043752228,50.0,S&P 500 Index x $50,110611.5,10073942362.5,12202660680.0,-2128718317.5,-42806650.5,-3198663357.0,53594479483.5,51500935623.0,2093543860.5,-440454993.0,2710977253.5,65885408140.5,65920582597.5,-35174457.0,-483372255.0,-487796715.0,11821714674.0,11786540217.0,35174457.0,483372255.0,487796715.0
2016-12-13,S&P 500 Consolidated - CHICAGO MERCANTILE EXCHANGE,779925,96682,105393,-8711,-1.116902266243549,12.396320158989646,13.513222425233195,32580,4.1773247427637274,529323,518506,10817,1.3869282302785524,67.86844888931628,66.48152065903773,658584,656479,2105,0.26989774657819665,84.44196557361285,84.17206782703465,121341,123446,-2105,-0.26989774657819665,15.558034426387152,15.827932172965351,2271.72,2016-12-19,2016-12-19,2262.53,-0.0040453929181411,2016-12-20,2016-12-20,2270.76,-0.0004225872906870043,2016-12-21,2016-12-21,2265.18,-0.002878875917806778,2016-12-22,2016-12-22,2260.96,-0.004736499216452583,2016-12-23,2016-12-23,2263.79,-0.003490747099114233,-0.0040453929181411,0.0036375208284531446,-0.002457327062305281,-0.00186298660592088,0.0012516807020026555,0.0005568986930559738,0.026891417257699057,1.622509824179113,10534.0,-0.5676682086509874,-2.190178032830099,-1.3072184382290981,-8110.0,-1.1013926674726093,0.20582577075649056,0.3151631684932087,2423.0,-0.344867028309082,-0.6600301968022961,-0.3151631684932087,-2423.0,0.344867028309082,0.6600301968022926,-0.0004225872906870043,-0.0012501540682828827,-0.006114309862130796,-0.0012413501663935955,0.041259486204285656,0.07423009877977926,0.1727281531174618,50.0,S&P 500 Index x $50,113585.99999999999,10981721651.999998,11971169297.999998,-989447645.9999999,1196514923.9999998,-1434477593.9999998,60123682277.99999,58895022515.99999,1228659761.9999998,-921182459.9999999,1102465715.9999998,74805922223.99998,74566823693.99998,239098529.99999997,275218877.99999994,-332125463.99999994,13782638825.999998,14021737355.999998,-239098529.99999997,-275218877.99999994,332239049.99999994
2016-12-20,S&P 500 Consolidated - CHICAGO MERCANTILE EXCHANGE,607961,84787,85802,-1015,-0.16695149853362307,13.946124833665316,14.11307633219894,14950,2.4590393133770094,432515,431769,746,0.12270523931633773,71.14189890469947,71.01919366538314,532252,532521,-269,-0.04424625921728532,87.5470630517418,87.59130931095909,75709,75440,269,0.04424625921728532,12.452936948258195,12.40869068904091,2270.76,2016-12-26,2016-12-27,2268.88,-0.0008279166446476527,2016-12-27,2016-12-27,2268.88,-0.0008279166446476527,2016-12-28,2016-12-28,2249.92,-0.00917754408215754,2016-12-29,2016-12-29,2249.26,-0.009468195670172097,2016-12-30,2016-12-30,2238.83,-0.014061371523190647,-0.0008279166446476527,0.0,-0.00835654596100277,-0.00029334376333378653,-0.004637080639855018,-0.013244420154437497,-0.0004225872906870043,0.9499507677099259,7696.0,1.54980467467567,0.5998539069657447,-1.2642229909622147,-10071.0,3.2734500153831902,4.537673006345415,-0.31414400579548196,-2374.0,3.105097478128954,3.419241483924438,0.31414400579548196,2374.0,-3.1050974781289575,-3.4192414839244414,-0.0008279166446476527,-0.005694128837922197,-0.0008191090207684271,-0.0012638940266695986,0.03226232626961889,0.07322218111997736,0.18086896017192466,50.0,S&P 500 Index x $50,113538.00000000001,9626546406.000002,9741787476.000002,-115241070.00000001,873788448.0000001,855849444.0000001,49106888070.00001,49022188722.00001,84699348.00000001,-1143441198.0000002,-1707611520.0000002,60430827576.00001,60461369298.00001,-30541722.000000004,-269539212.00000006,-851762076.0000001,8595848442.000002,8565306720.000001,30541722.000000004,269539212.00000006,851762076.0000001
2016-12-27,S&P 500 Consolidated - CHICAGO MERCANTILE EXCHANGE,609421,89989,83335,6654,1.0918560404055653,14.766310973858793,13.674454933453228,13349,2.190439778084444,427699,434749,-7050,-1.1568357506551301,70.18120478290048,71.33804053355563,531037,531434,-397,-0.06514380042696263,87.13795553484373,87.2030993352707,78384,77987,397,0.06514380042696263,12.862044465156272,12.796900664729307,2268.88,2017-01-02,2017-01-03,2257.83,-0.004870244349635122,2017-01-03,2017-01-03,2257.83,-0.004870244349635122,2017-01-04,2017-01-04,2270.75,0.0008241951976304396,2017-01-05,2017-01-05,2269.0,5.288953139870323e-05,2017-01-06,2017-01-06,2276.98,0.0035700433694156875,-0.004870244349635122,0.0,0.00572230858833489,-0.0007706704833204681,0.00351696782723665,0.008481595159954614,-0.0008279166446476527,1.2588075389391884,7669.0,0.8201861401934778,-0.4386213987457115,-1.2795409899714678,-7796.0,-0.9606941217989942,0.31884686817248564,-0.020897541209677316,-128.0,-0.4091075168980751,-0.38820997568839744,0.020897541209677316,128.0,0.4091075168980769,0.38820997568839744,-0.004870244349635122,8.814921899746864e-06,-0.0004363386340398012,0.004931948802933572,0.039530517259617204,0.06633228729593466,0.18141990761961835,50.0,S&P 500 Index x $50,113444.0,10208712116.0,9453855740.0,754856376.0,870002036.0,2894183328.0,48519885356.0,49319665556.0,-799780200.0,-884409424.0,-3398668796.0,60242961428.0,60287998696.0,-45037268.0,-14520832.0,-504712356.0,8892194496.0,8847157228.0,45037268.0,14520832.0,504712356.0
2017-01-03,S&P 500 Consolidated - CHICAGO MERCANTILE EXCHANGE,628650,98348,77437,20911,3.3263342082239724,15.644317187624274,12.317982979400302,16526,2.6288077626660304,430070,453909,-23839,-3.792094170046926,68.41167581325061,72.20376998329753,544944,547872,-2928,-0.465759961822954,86.68480076354092,87.15056072536387,83706,80778,2928,0.465759961822954,13.31519923645908,12.849439274636126,2257.83,2017-01-09,2017-01-09,2268.9,0.004902937776537719,2017-01-10,2017-01-10,2268.9,0.004902937776537719,2017-01-11,2017-01-11,2275.32,0.007746375945044681,2017-01-12,2017-01-12,2270.44,0.0055850086144662026,2017-01-13,2017-01-13,2274.64,0.007445201808816471,0.004902937776537719,0.0,0.002829564987438804,-0.002144753265474808,0.0018498617008155804,0.002529860284719465,-0.004870244349635122,2.2344781678184074,14257.0,0.8780062137654809,-1.3564719540529264,-2.635258419391796,-16789.0,-1.769528969649869,0.8657294497419059,-0.4006161613959913,-2531.0,-0.4531547713028061,-0.05253860990681858,0.4006161613959913,2531.0,0.4531547713028079,0.05253860990681858,0.004902937776537719,0.0044556056036104685,0.009850165867226535,0.009318682097412045,0.045322278470921074,0.07581615976402123,0.19398271791941823,50.0,S&P 500 Index x $50,112891.5,11102653242.0,8741979085.5,2360674156.5,1609494115.5,4533271074.0,48551247405.0,51242467873.5,-2691220468.5,-1895335393.5,-4827917889.0,61519545576.0,61850091888.0,-330546312.0,-285728386.5,-294646815.0,9449695899.0,9119149587.0,330546312.0,285728386.5,294646815.0
2017-01-10,S&P 500 Consolidated - CHICAGO MERCANTILE EXCHANGE,628415,91962,85545,6417,1.0211404883715378,14.633960042328717,13.612819553957179,18765,2.9860840368228003,439529,452609,-13080,-2.0814270824216483,69.9424743203138,72.02390140273546,550256,556919,-6663,-1.0602865940501103,87.56251839946532,88.62280499351543,78159,71496,6663,1.0602865940501103,12.43748160053468,11.377195006484568,2268.9,2017-01-16,2017-01-17,2267.89,-0.0004451496319803905,2017-01-17,2017-01-17,2267.89,-0.0004451496319803905,2017-01-18,2017-01-18,2271.89,0.0013178192075453676,2017-01-19,2017-01-19,2263.69,-0.002296266913482281,2017-01-20,2017-01-20,2271.31,0.001062188725814206,-0.0004451496319803905,0.0,0.0017637539739581154,-0.0036093296770529637,0.003366185299223723,0.001508009647734232,0.004902937776537719,-2.3051937198524346,-14494.0,-1.0103571452955578,1.2948365745568768,1.7106670876252776,10759.0,1.5307985070631958,-0.1798685805620721,-0.5945266322271563,-3735.0,0.8777176359243981,1.472244268151556,0.5945266322271563,3735.0,-0.8777176359243999,-1.4722442681515577,-0.0004451496319803905,0.0049230904843757806,0.0043941998325178755,0.010657146634933223,0.037410198774736614,0.06903345233373015,0.21260963462470794,50.0,S&P 500 Index x $50,113445.0,10432629090.0,9704652525.0,727976565.0,-1644271830.0,1716195960.0,49862367405.0,51346228005.0,-1483860600.0,1220554755.0,-2710995165.0,62423791920.0,63179675955.0,-755884035.0,-423717075.0,-994685760.0,8866747755.0,8110863720.0,755884035.0,423717075.0,994685760.0
2017-01-17,S&P 500 Consolidated - CHICAGO MERCANTILE EXCHANGE,624477,92286,83377,8909,1.4266338071698397,14.778126336118063,13.351492528948224,18055,2.8912193723708,435267,445498,-10231,-1.6383309553434315,69.70104583515486,71.33937679049829,545608,546931,-1323,-0.211857282173723,87.37039154364372,87.58224882581744,78869,77546,1323,0.211857282173723,12.629608456356278,12.417751174182555,2267.89,2017-01-23,2017-01-23,2265.2,-0.0011861245474868998,2017-01-24,2017-01-24,2280.07,0.005370630850702662,2017-01-25,2017-01-25,2298.37,0.01343980528156119,2017-01-26,2017-01-26,2296.68,0.012694619227563875,2017-01-27,2017-01-27,2294.69,0.011817151625519884,-0.0011861245474868998,0.006564541762317022,0.008026069375062894,-0.0007353037152416642,-0.000866468119198105,0.013018717993996232,-0.0004451496319803905,0.40549331879830186,2492.0,0.14416629378934687,-0.26132702500895455,0.4430961270782168,2849.0,-0.24142848515894855,-0.6845246122371691,0.8484293118763873,5340.0,-0.1921268558215985,-1.0405561676979858,-0.8484293118763873,-5340.0,0.1921268558215985,1.0405561676979875,0.005370630850702662,0.004841504658515294,0.011107240651001549,0.030729003611286387,0.03276173006627303,0.0849776664653048,0.22423045209423753,50.0,S&P 500 Index x $50,113394.5,10464724827.0,9454493226.5,1010231600.5,282579094.0,1125327018.0,49356883831.5,50517022961.0,-1160139129.5,323060930.5,-1244731426.5,61868946356.0,62018967279.5,-150020923.5,605526630.0,-119517803.0,8943310820.5,8793289897.0,150020923.5,-605526630.0,119517803.0
2017-01-24,S&P 500 Consolidated - CHICAGO MERCANTILE EXCHANGE,639223,99295,83019,16276,2.546216265685058,15.533702635856345,12.987486370171286,16939,2.6499359378495453,437170,459688,-22518,-3.522714295324167,68.3908432581431,71.91355755346726,553404,559645,-6241,-0.9763415897112588,86.57448183184898,87.55082342156024,85819,79578,6241,0.9763415897112588,13.42551816815102,12.449176578439761,2280.07,2017-01-30,2017-01-30,2280.9,0.00036402391154655156,2017-01-31,2017-01-31,2278.87,-0.0005262996311518053,2017-02-01,2017-02-01,2279.55,-0.00022806317349910454,2017-02-02,2017-02-02,2280.85,0.00034209476024837926,2017-02-03,2017-02-03,2297.42,0.007609415500401173,0.00036402391154655156,-0.0008899995615766487,0.00029839350204285964,0.0005702879954376794,0.007264835478001608,0.007242755052830008,0.005370630850702662,1.1195824585152185,7367.0,0.7555762997382818,-0.3640061587769381,-1.8843833399807355,-12287.0,-1.310202577011765,0.5741807629689646,-0.7644843075375358,-4918.0,-0.7959097117947351,-0.03142540425720597,0.7644843075375358,4918.0,0.7959097117947422,0.03142540425720597,-0.0005262996311518053,0.005705965167736027,0.02522290982294395,0.0374155179446245,0.047603801637668974,0.08642717109562414,0.24519422649304623,50.0,S&P 500 Index x $50,114003.50000000001,11319977532.500002,9464456566.500002,1855520966.0000002,839863784.5000001,1096941677.0000002,49838910095.00001,52406040908.00001,-2567130813.0000005,-1400761004.5000002,-1763406138.0000002,63089992914.00001,63801488757.50001,-711495843.5000001,-560669213.0000001,-666236454.0000001,9783666366.500002,9072170523.000002,711495843.5000001,560669213.0000001,666236454.0000001
2017-01-31,S&P 500 Consolidated - CHICAGO MERCANTILE EXCHANGE,636204,100350,85183,15167,2.3839837536387702,15.773242544844107,13.389258791205336,16771,2.6361041426963676,441492,459114,-17622,-2.7698662693098437,69.39472244751683,72.16458871682669,558613,561068,-2455,-0.38588251567107407,87.8040691350573,88.18995165072837,77591,75136,2455,0.38588251567107407,12.195930864942692,11.810048349271618,2278.87,2017-02-06,2017-02-06,2292.56,0.006007363298476953,2017-02-07,2017-02-07,2293.08,0.006235546564744787,2017-02-08,2017-02-08,2294.67,0.006933260782756356,2017-02-09,2017-02-09,2307.87,0.012725605234173099,2017-02-10,2017-02-10,2316.1,0.016337044236836684,0.006007363298476953,0.00022682067208701362,0.0006933905489561187,0.0057524611382027135,0.0035660587468098193,0.010267997347942925,-0.0005262996311518053,-0.16223251204628797,-1109.0,0.23953990898776212,0.40177242103404964,0.7528480260143233,4896.0,1.003879189373734,0.25103116335942843,0.5904590740401847,3786.0,1.2295873032083193,0.6391282291681364,-0.5904590740401847,-3786.0,-1.2295873032083282,-0.6391282291681435,0.006235546564744787,0.02576276838959668,0.037961796855459085,0.037198260541408734,0.04927880923440142,0.08665698350498285,0.23852172348576262,50.0,S&P 500 Index x $50,113943.5,11434230225.0,9706049160.5,1728181064.5,-126363341.5,-654491464.0,50305143702.0,52313056059.0,-2007912357.0,557867376.0,708386739.5,63650320365.5,63930051658.0,-279731292.5,431390091.0,53895275.5,8840990108.5,8561258816.0,279731292.5,-431390091.0,-53895275.5
2017-02-07,S&P 500 Consolidated - CHICAGO MERCANTILE EXCHANGE,647479,95408,86234,9174,1.4168799296965617,14.735304156582686,13.318424226886123,20680,3.1939259806109543,450814,462982,-12168,-1.8792887491331765,69.62604192568408,71.50533067481726,566902,569896,-2994,-0.46240881943661494,87.55527206287772,88.01768088231434,80577,77583,2994,0.46240881943661494,12.444727937122286,11.982319117685671,2293.08,2017-02-13,2017-02-13,2328.25,0.015337450067158587,2017-02-14,2017-02-14,2337.58,0.019406213477070056,2017-02-15,2017-02-15,2349.25,0.02449543844959612,2017-02-16,2017-02-16,2347.22,0.023610166239293795,2017-02-17,2017-02-17,2351.16,0.025328379297713033,0.015337450067158587,0.004007301621389514,0.004992342508064018,-0.0008641055656061214,0.0016785814708464297,0.009840008590142668,0.006235546564744787,-0.9671038239422085,-5993.0,-1.0379383882614217,-0.0708345643192132,0.8905775201766672,5454.0,0.23131947816725074,-0.6592580420094265,-0.07652630376554087,-539.0,-0.2487970721795847,-0.17227076841403743,0.07652630376554087,539.0,0.24879707217959357,0.17227076841405342,0.019406213477070056,0.031529645716678045,0.030770840964990276,0.032842290718160694,0.045284072077729665,0.07929945749821199,0.17533622900204082,50.0,S&P 500 Index x $50,114654.0,10938908832.0,9887073036.0,1051835796.0,-687121422.0,316101078.0,51687628356.0,53082738228.0,-1395109872.0,625322916.0,104564448.0,64997581908.0,65340855984.0,-343274076.0,-61798506.0,420665526.0,9238475358.0,8895201282.0,343274076.0,61798506.0,-420665526.0
2017-02-14,S&P 500 Consolidated - CHICAGO MERCANTILE EXCHANGE,675290,100160,87317,12843,1.9018495757378313,14.832146189044707,12.930296613306874,24378,3.6100045906203264,469631,477999,-8368,-1.239171318988879,69.54508433413793,70.7842556531268,594169,589693,4476,0.6628263412756001,87.98723511380297,87.32440877252736,81121,85597,-4476,-0.6628263412756001,12.012764886197042,12.67559122747264,2337.58,2017-02-20,2017-02-21,2365.38,0.011892641107470237,2017-02-21,2017-02-21,2365.38,0.011892641107470237,2017-02-22,2017-02-22,2362.82,0.010797491422753547,2017-02-23,2017-02-23,2363.81,0.011221006339889872,2017-02-24,2017-02-24,2367.34,0.01273111508483149,0.011892641107470237,0.0,-0.0010822785345272479,0.00041899086684549225,0.001493351834538359,0.0008286195029973964,0.019406213477070056,0.4849696460412696,3669.0,0.09684203246202117,-0.38812761357924863,0.6401174301442976,3800.0,-0.08095759154615223,-0.7210750216904529,1.125235160712215,7470.0,0.43196305092524767,-0.6932721097869745,-1.125235160712215,-7470.0,-0.4319630509252441,0.6932721097869692,0.011892641107470237,0.011148281556139228,0.013180297572703337,0.011922586606661456,0.026989450628427836,0.05434252517560911,0.13918668024195968,50.0,S&P 500 Index x $50,116879.0,11706600640.0,10205523643.0,1501076997.0,428829051.0,459801986.0,54890001649.0,55868045121.0,-978043472.0,444140200.0,217745577.0,69445878551.0,68922728147.0,523150404.0,873086130.0,677781321.0,9481341359.0,10004491763.0,-523150404.0,-873086130.0,-677781321.0
2017-02-21,S&P 500 Consolidated - CHICAGO MERCANTILE EXCHANGE,693015,102160,93720,8440,1.2178668571387343,14.741383664134252,13.52351680699552,35416,5.110423295311068,476981,482236,-5255,-0.758280845291949,68.82693736787803,69.58521821316998,614557,611372,3185,0.4595860118467854,88.67874432732337,88.21915831547658,78457,81643,-3186,-0.4597303088677734,11.32111137565565,11.780841684523423,2365.38,2017-02-27,2017-02-27,2369.75,0.0018474832796420149,2017-02-28,2017-02-28,2363.64,-0.0007356111914366137,2017-03-01,2017-03-01,2395.96,0.01292815530696978,2017-03-02,2017-03-02,2381.92,0.006992533969171877,2017-03-03,2017-03-03,2383.12,0.00749985203223158,0.0018474832796420149,-0.0025783310475788745,0.013673825117192173,-0.0058598641045760624,0.0005037952576072424,0.005641945352885314,0.011892641107470237,-0.683982718599097,-4403.0,-0.09076252491045445,0.5932201936886461,0.48089047369692994,3113.0,-0.7181469662598943,-1.1990374399568253,-0.20324032942881476,-1291.0,0.6915092135204048,0.8947495429492136,0.20309603240782675,1290.0,-0.691653510541391,-0.8947495429492172,-0.0007356111914366137,0.00127252280817447,2.9593553678264328e-05,-0.009030261522461558,0.013968157336242015,0.03683551902865512,0.14833980163863747,50.0,S&P 500 Index x $50,118269.0,12082361040.0,11084170680.0,998190360.0,-520738407.0,-926755884.0,56412065889.0,57033569484.0,-621503595.0,368171397.0,2041677747.0,72683041833.0,72306355068.0,376686765.0,-152685279.0,1114803594.0,9279030933.0,9655835967.0,-376805034.0,152567010.0,-1114921863.0
2017-02-28,S&P 500 Consolidated - CHICAGO MERCANTILE EXCHANGE,717622,116026,95727,20299,2.8286479511497697,16.16812193606105,13.339473984911276,41510,5.7843823071199045,473655,489227,-15572,-2.1699446226564962,66.0034112666557,68.1733558893122,631192,626465,4727,0.6587033284932736,87.95605485896475,87.29735153047147,86430,91158,-4728,-0.6588426776213662,12.043945141035252,12.702787818656619,2363.64,2017-03-06,2017-03-06,2375.31,0.004937300096461428,2017-03-07,2017-03-07,2368.39,0.002009612292904084,2017-03-08,2017-03-08,2362.98,-0.0002792303396456086,2017-03-09,2017-03-09,2364.87,0.0005203838147942452,2017-03-10,2017-03-10,2372.6,0.0037907633988254474,0.004937300096461428,-0.0029133039476952893,-0.0022842521713062336,0.0007998374933346764,0.0032686786165836423,-0.0011409037136205225,-0.0007356111914366137,1.6107810940110354,11859.0,1.426738271926796,-0.18404282208424405,-1.4116637773645473,-10317.0,-2.8235261012223276,-1.4118623238577754,0.19911731664648824,1542.0,-0.7226894683586238,-0.9218067850051028,-0.19911236875359278,-1542.0,0.7228337653796011,0.9219461341331954,0.002009612292904084,0.0007657680526644839,-0.008300756460374648,-0.0021449967000050085,0.02084496793081847,0.03497148465925459,0.16103975224653522,50.0,S&P 500 Index x $50,118182.0,13712184732.0,11313208314.0,2398976418.0,1401520338.0,606510024.0,55977495210.0,57817825314.0,-1840330104.0,-1219283694.0,242273100.0,74595532944.0,74036886630.0,558646314.0,182236644.0,848783124.0,10214470260.0,10773234756.0,-558764496.0,-182236644.0,-848901306.0
2017-03-07,S&P 500 Consolidated - CHICAGO MERCANTILE EXCHANGE,742520,128582,94109,34473,4.642703226849108,17.316974626946074,12.674271400096968,40283,5.425173732694069,484536,520113,-35577,-4.791386090610354,65.25561601034315,70.04700210095352,653401,654505,-1104,-0.1486828637612455,87.9977643699833,88.14644723374454,89119,88015,1104,0.1486828637612455,12.002235630016699,11.853552766255454,2368.39,2017-03-13,2017-03-13,2373.47,0.002144917011134062,2017-03-14,2017-03-14,2365.45,-0.0012413496088059528,2017-03-15,2017-03-15,2385.26,0.007122982279101242,2017-03-16,2017-03-16,2381.38,0.005484738577683723,2017-03-17,2017-03-17,2378.25,0.004163165694839099,0.002144917011134062,-0.0033790189048102937,0.008374727853051489,-0.001626657052061442,-0.0013143639402364293,0.0020139289731913035,0.002009612292904084,1.8140552756993387,14174.0,1.1488526908850254,-0.6652025848143079,-2.621441467953858,-20005.0,-0.7477952563125569,1.873646211641315,-0.8073861922545191,-5831.0,0.0417095110185528,0.8490957032730648,0.8075255413826117,5832.0,-0.0417095110185528,-0.8492350524011645,-0.0012413496088059528,-0.010289690464830525,-0.004146276584515052,-0.0034749344491405987,0.02573055957844783,0.03777249523938209,0.15188799142033194,50.0,S&P 500 Index x $50,118419.5,15226616149.0,11144340725.5,4082275423.5,1678477993.0,2995894930.5,57378510852.0,61591521403.5,-4213010551.5,-2368982097.5,-2772082075.5,77375419719.5,77506154847.5,-130735128.0,-690504104.5,223812855.0,10553427420.5,10422692292.5,130735128.0,690622524.0,-223812855.0
2017-03-14,S&P 500 Consolidated - CHICAGO MERCANTILE EXCHANGE,801763,138375,97652,40723,5.079181753211361,17.25884082952194,12.179659076310582,43287,5.398977004426495,530425,579453,-49028,-6.115024015825125,66.15733078228854,72.27235479811365,712087,720391,-8304,-1.0357175374767855,88.81514861623697,89.85086615371375,89676,81371,8305,1.0358422626137649,11.184851383763032,10.149009121149268,2365.45,2017-03-20,2017-03-20,2373.47,0.0033904753852331826,2017-03-21,2017-03-21,2344.02,-0.009059586970766587,2017-03-22,2017-03-22,2348.45,-0.007186793210594233,2017-03-23,2017-03-23,2345.96,-0.008239447039675274,2017-03-24,2017-03-24,2343.98,-0.009076497072438516,0.0033904753852331826,-0.012407993359932812,0.0018899156150544716,-0.0010602737976110888,-0.0008440041603438031,-0.012424846322051541,-0.0012413496088059528,0.4364785263622526,6250.0,-0.058133797424133604,-0.4946123237863862,-1.3236379252147712,-13451.0,0.9017147719453931,2.225352697160133,-0.88703467371554,-7200.0,0.8173842462536669,1.7044189199692141,0.8871593988525194,7201.0,-0.8173842462536669,-1.7045436451061864,-0.009059586970766587,-0.002908537487581464,-0.0022363609461201195,-0.004933522162801851,0.03166416538079431,0.055393265552009296,0.16904183136401119,50.0,S&P 500 Index x $50,118272.49999999999,16365957187.499998,11549546169.999998,4816411017.499999,739203124.9999999,3297437299.9999995,62734690812.49999,68533354942.49999,-5798664129.999999,-1590883397.4999998,-4808959849.999999,84220309707.49998,85202444547.49998,-982134839.9999999,-851561999.9999999,-1511522549.9999998,10606204709.999998,9623951597.499998,982253112.4999999,851680272.4999999,1511640822.4999998
2017-03-21,S&P 500 Consolidated - CHICAGO MERCANTILE EXCHANGE,622785,116503,88730,27773,4.459484412758817,18.70677681703959,14.24729240428077,18007,2.8913670046645312,411726,443323,-31597,-5.073500485721397,66.11045545412944,71.18395593985083,546235,550060,-3825,-0.6141766420193164,87.70843870677682,88.32261534879613,76549,72725,3824,0.6140160729625794,12.291400724166445,11.677384651203866,2344.02,2017-03-27,2017-03-27,2341.59,-0.0010366805743977636,2017-03-28,2017-03-28,2358.57,0.006207284920777267,2017-03-29,2017-03-29,2361.13,0.007299425772817614,2017-03-30,2017-03-30,2368.06,0.010255885188692915,2017-03-31,2017-03-31,2362.72,0.007977747630139698,-0.0010366805743977636,0.007251482966702083,0.0010854034436120763,0.0029350353432466836,-0.002255010430479043,0.009023782985065454,-0.009059586970766587,-0.6196973404525439,-12950.0,1.4479359875176492,2.0676333279701886,1.0415235301037287,17431.0,-0.046875328159103447,-1.0883988582628206,0.4215408954574691,4479.0,-1.1067099094601502,-1.5282508049176187,-0.42182618965118546,-4481.0,1.1065493404034132,1.528375530054598,0.006207284920777267,0.006885606778099129,0.004163786998404584,-0.0007807100622008178,0.039679695565737694,0.06938080733099561,0.15909420568083887,50.0,S&P 500 Index x $50,117201.0,13654268103.0,10399244730.0,3255023373.0,-1517752950.0,2265846933.0,48254698926.0,51957898923.0,-3703199997.0,2042930631.0,-3087308742.0,64019288235.0,64467582060.0,-448293825.0,524943279.0,-821579010.0,8971619349.0,8523442725.0,448176624.0,-525177681.0,821579010.0
2017-03-28,S&P 500 Consolidated - CHICAGO MERCANTILE EXCHANGE,634041,127545,83021,44524,7.022258812915884,20.11620699607754,13.093948183161658,20603,3.24947440307488,406277,459010,-52733,-8.316970038215194,64.0774019345752,72.39437197279041,554426,562634,-8208,-1.2945535067921474,87.44324105223478,88.73779455902694,79615,71407,8208,1.2945535067921474,12.556758947765207,11.262205440973059,2358.57,2017-04-03,2017-04-03,2358.84,0.00011447614444337617,2017-04-04,2017-04-04,2360.16,0.0006741372950558322,2017-04-05,2017-04-05,2352.95,-0.002382799747304709,2017-04-06,2017-04-06,2357.49,-0.0004579045777739488,2017-04-07,2017-04-07,2355.54,-0.001284676732087764,0.00011447614444337617,0.0005595970900948988,-0.0030548776354145657,0.0019294927644020188,-0.0008271509105022279,-0.001398992725237913,0.006207284920777267,2.5627744001570667,16751.0,1.409430179037951,-1.153344221119113,-3.2434695524937975,-21136.0,-2.0330535195542296,1.2104160329395768,-0.680376864772831,-4383.0,-0.26519765454203537,0.4151792102308036,0.680537433829568,4384.0,0.2653582235987617,-0.41517921023080717,0.0006741372950558322,-0.0020308915995709276,-0.006944886096236336,0.012736531033634702,0.02578257164298714,0.05862450552665388,0.10771357220688804,50.0,S&P 500 Index x $50,117928.50000000001,15041190532.500002,9790541998.500002,5250648534.000001,1975420303.5000002,2856817912.5000005,47911637194.50001,54130360785.00001,-6218723590.500001,-2492536776.0000005,-4382340988.500001,65382626541.00001,66350583669.00001,-967957128.0000001,-516880615.50000006,-1525405147.5000002,9388877527.500002,8420920399.500001,967957128.0000001,516998544.00000006,1525523076.0000002
2017-04-04,S&P 500 Consolidated - CHICAGO MERCANTILE EXCHANGE,625889,117951,86427,31524,5.036675832296142,18.84535436794703,13.80867853565089,16433,2.6255454241886342,411131,446030,-34899,-5.575908827284072,65.68752606292809,71.26343489021217,545515,548890,-3375,-0.5392329949879292,87.15842585506375,87.69765885005168,80374,76999,3375,0.5392329949879292,12.841574144936244,12.302341149948314,2360.16,2017-04-10,2017-04-10,2357.16,-0.0012711002643888136,2017-04-11,2017-04-11,2353.78,-0.0027032065622668577,2017-04-12,2017-04-12,2344.93,-0.006452952342214102,2017-04-13,2017-04-13,2328.95,-0.013223679750525408,2017-04-14,2017-04-17,2349.01,-0.0047242559826451425,-0.0012711002643888136,-0.0014339289653649834,-0.0037599095922304926,-0.006814702357852864,0.008613323600764389,-0.003457550611753013,0.0006741372950558322,-1.9855829806197418,-13000.0,-1.270852628130509,0.7147303524892319,2.7410612109311225,17834.0,1.6101241283528793,-1.1309370825782423,0.7553205118042182,4833.0,-0.284815197171028,-1.0401357089752565,-0.7553205118042182,-4833.0,0.28481519717103687,1.0401357089752548,-0.0027032065622668577,-0.007613890583689109,0.012054267507287664,0.01313893973289959,0.029171751067724294,0.073901769371568,0.10774269541048054,50.0,S&P 500 Index x $50,118008.0,13919161608.0,10199077416.0,3720084192.0,-1534104000.0,-348005592.0,48516747048.0,52635108240.0,-4118361192.0,2104554672.0,80009424.0,64375134120.0,64773411120.0,-398277000.0,570332664.0,-267996168.0,9484774992.0,9086497992.0,398277000.0,-570332664.0,267996168.0
2017-04-11,S&P 500 Consolidated - CHICAGO MERCANTILE EXCHANGE,631099,119186,90423,28763,4.557605066716949,18.885468048594596,14.327862981877646,21774,3.4501718430864257,411503,445153,-33650,-5.331968518409949,65.20419141846207,70.53615993687202,552463,557350,-4887,-0.774363451692999,87.5398313101431,88.31419476183609,78636,73749,4887,0.774363451692999,12.4601686898569,11.685805238163901,2353.78,2017-04-17,2017-04-17,2349.01,-0.002026527542930978,2017-04-18,2017-04-18,2342.19,-0.0049239945959266285,2017-04-19,2017-04-19,2338.17,-0.00663188573273632,2017-04-20,2017-04-20,2355.84,0.0008751879954795871,2017-04-21,2017-04-21,2348.69,-0.002162479076209367,-0.002026527542930978,-0.0029033507733046138,-0.0017163423974997372,0.007557192163101911,-0.0030350108666123976,-0.0001362276022665032,-0.0027032065622668577,-0.47907076557919304,-2761.0,0.04011368064756482,0.5191844462267561,0.243940308874123,1249.0,-0.48333464446601226,-0.7272749533401424,-0.23513045670506982,-1512.0,0.38140545507934576,0.6165359117844105,0.23513045670506982,1512.0,-0.381405455079344,-0.6165359117844122,-0.0049239945959266285,0.014797474700269264,0.015885086966496376,0.01832796608009235,0.030482882852263193,0.08363568387869713,0.12876734444170634,50.0,S&P 500 Index x $50,117689.00000000001,14026881154.000002,10641792447.000002,3385088707.0000005,-324939329.00000006,-1407560440.0000002,48429376567.00001,52389611417.00001,-3960234850.0000005,146993561.00000003,1809821442.0000002,65018818007.00001,65593964150.00001,-575146143.0000001,-177945768.00000003,402143313.00000006,9254592204.000002,8679446061.000002,575146143.0000001,177945768.00000003,-402261002.00000006
2017-04-18,S&P 500 Consolidated - CHICAGO MERCANTILE EXCHANGE,642634,121741,92430,29311,4.561072087689104,18.94406458419567,14.382992496506567,22226,3.458578288730444,418878,451380,-32502,-5.057622223536259,65.18142519692391,70.23904742046017,562845,566036,-3191,-0.496550135847154,87.58406806985002,88.08061820569718,79788,76598,3190,0.496394526277788,12.41577632058061,11.919381794302822,2342.19,2017-04-24,2017-04-24,2374.15,0.013645349010968477,2017-04-25,2017-04-25,2388.61,0.019819058231825837,2017-04-26,2017-04-26,2387.45,0.01932379525145267,2017-04-27,2017-04-27,2388.77,0.019887370367049684,2017-04-28,2017-04-28,2384.2,0.017936205004717598,0.013645349010968477,0.006090600846618832,-0.0004856380907726221,0.0005528911600243269,-0.0019131184668260692,0.004233093949413291,-0.0049239945959266285,0.0034670209721552325,548.0,0.058596535601072475,0.05512951462892168,0.27434629487368944,1148.0,-0.022766221538162768,-0.29711251641185754,0.277813315845845,1696.0,0.044236759706919315,-0.23357655613891382,-0.277968925415211,-1697.0,-0.044392369276289756,0.23357655613892092,0.019819058231825837,0.020912052395407832,0.02336701975501554,0.02496808542432505,0.05055951908256806,0.09272091504105129,0.15549549780333782,50.0,S&P 500 Index x $50,117109.5,14257027639.5,10824431085.0,3432596554.5,64176006.0,180114411.0,49054593141.0,52860886110.0,-3806292969.0,134441706.0,-105984097.5,65914496527.5,66288192942.0,-373696414.5,198617712.0,74247423.0,9343932786.0,8970353481.0,373579305.0,-198734821.5,-74247423.0
2017-04-25,S&P 500 Consolidated - CHICAGO MERCANTILE EXCHANGE,653341,120828,92165,28663,4.3871423957780085,18.49386461281322,14.106722217035209,23051,3.5281728836855484,433194,462043,-28849,-4.415611449457481,66.30442601949059,70.72003746894808,577072,577259,-187,-0.028622113107856388,88.32631045656096,88.35493256966882,76269,76082,187,0.028622113107856388,11.67368954343903,11.645067430331174,2388.61,2017-05-01,2017-05-01,2388.33,-0.00011722298742788961,2017-05-02,2017-05-02,2391.17,0.001071753027911626,2017-05-03,2017-05-03,2388.13,-0.0002009536927334299,2017-05-04,2017-05-04,2389.52,0.00038097470914033593,2017-05-05,2017-05-05,2399.29,0.0044712196633187595,-0.00011722298742788961,0.001189115406999841,-0.0012713441536987835,0.000582045366039452,0.004088687267735702,0.004588980584760094,0.019819058231825837,-0.17392969191109575,-648.0,-0.4501999713824496,-0.2762702794713583,0.6420107740787779,3653.0,1.1230008225666808,0.4809900484879108,0.4679280227392976,3004.0,0.7422423867109416,0.2743143639716408,-0.4677724131699316,-3003.0,-0.74208677714158,-0.2743143639716479,0.001071753027911626,0.0034790108054474356,0.005048961529927398,0.004106991095239376,0.03705921016825675,0.07557533460883104,0.10296783484955685,50.0,S&P 500 Index x $50,119430.5,14430548454.0,11007312032.5,3423236421.5,-77390964.0,-1894287160.5,51736576017.0,55182026511.5,-3445450494.5,436279616.5,2852478062.0,68919997496.0,68942330999.5,-22333503.5,358769222.0,957952040.5,9108844804.5,9086511301.0,22333503.5,-358649791.5,-957952040.5
2017-05-02,S&P 500 Consolidated - CHICAGO MERCANTILE EXCHANGE,656419,106186,89807,16379,2.4952050443390577,16.17655796069279,13.681352916353731,27154,4.136687085535306,453530,463601,-10071,-1.5342334697807345,69.09154061658788,70.62577408636862,586870,580562,6308,0.9609715745583232,89.40478566281598,88.44381408825765,69549,75857,-6308,-0.9609715745583232,10.595214337184023,11.556185911742348,2391.17,2017-05-08,2017-05-08,2399.38,0.003433465625614307,2017-05-09,2017-05-09,2396.92,0.002404680553871108,2017-05-10,2017-05-10,2399.63,0.0035380169540435435,2017-05-11,2017-05-11,2394.44,0.001367531375853659,2017-05-12,2017-05-12,2390.9,-0.00011291543470348664,0.003433465625614307,-0.0010252648600889147,0.0011306176259533451,-0.002162833436821554,-0.0014784250179582514,-0.003534246346972969,0.001071753027911626,-1.8919373514389508,-12284.0,-2.317306652120429,-0.4253693006814778,2.8813779796767465,18778.0,2.787114597097286,-0.09426338257945588,0.9895936876661795,6495.0,1.0784752062550211,0.08888151858883475,-0.9895936876661795,-6495.0,-1.078475206255007,-0.08888151858882587,0.002404680553871108,0.003972950480308768,0.003031988524446083,0.009091783520201346,0.0356227286223898,0.07698741620211025,0.11025146685513798,50.0,S&P 500 Index x $50,119558.5,12695438881.0,10737190209.5,1958248671.5,-1468656614.0,-1810713482.5,54223366505.0,55427440158.5,-1204073653.5,2245069513.0,2968398438.0,70165296895.0,69411121877.0,754175018.0,776532457.5,1157684955.5,8315174116.5,9069349134.5,-754175018.0,-776532457.5,-1157684955.5
2017-05-09,S&P 500 Consolidated - CHICAGO MERCANTILE EXCHANGE,680155,105747,94137,11610,1.7069638538274363,15.54748549962876,13.840521645801324,29562,4.34636222625725,461447,472141,-10694,-1.5722886694944533,67.84438841146503,69.41667708095949,596756,595839,917,0.13482220964339012,87.73823613735104,87.60341392770765,83399,84316,-917,-0.13482220964339012,12.261763862648955,12.396586072292346,2396.92,2017-05-15,2017-05-15,2402.32,0.0022528912103867427,2017-05-16,2017-05-16,2400.67,0.0015645077849908429,2017-05-17,2017-05-17,2357.03,-0.01664219081154139,2017-05-18,2017-05-18,2365.72,-0.013016704771123044,2017-05-19,2017-05-19,2381.73,-0.006337299534402541,0.0022528912103867427,-0.0006868360584768585,-0.01817825856948263,0.0036868431882495223,0.00676749573068669,-0.00857088148123486,0.002404680553871108,-0.7882411905116213,-4769.0,-0.6290724610640304,0.1591687294475932,-0.038055199713718846,-623.0,-1.2471522051228447,-1.2090970054091343,-0.8261493649149331,-5391.0,-1.6665495254649443,-0.8404001605500042,0.8261493649149331,5391.0,1.6665495254649318,0.8404001605499971,0.0015645077849908429,0.0006258031139962927,0.006671061195200334,0.013521519283079986,0.032541761927807444,0.08082038616224141,0.1147305708993207,50.0,S&P 500 Index x $50,119846.0,12673354962.0,11281942902.0,1391412060.0,-571545574.0,-2055718438.0,55302577162.0,56584210286.0,-1281633124.0,-74664058.0,2751184776.0,71518819576.0,71408920794.0,109898782.0,-646089786.0,695586184.0,9995036554.0,10104935336.0,-109898782.0,646089786.0,-695586184.0
2017-05-16,S&P 500 Consolidated - CHICAGO MERCANTILE EXCHANGE,684563,101566,99713,1853,0.27068363320833877,14.836618397430184,14.565934764221847,29269,4.275574344508833,469953,470193,-240,-0.03505886236913184,68.6500731123359,68.68513197470503,600788,599174,1614,0.23577084943241164,87.76226585427492,87.5264950048425,83776,85389,-1613,-0.2356247708392069,12.237880224318287,12.473504995157494,2400.67,2017-05-22,2017-05-22,2394.02,-0.0027700600249097596,2017-05-23,2017-05-23,2398.42,-0.0009372383542927132,2017-05-24,2017-05-24,2404.39,0.0015495674124306191,2017-05-25,2017-05-25,2415.07,0.0059983254674738085,2017-05-26,2017-05-26,2415.82,0.006310738252238046,-0.0027700600249097596,0.0018379127993919386,0.0024891386829661855,0.004441875070184231,0.0003105500047617671,0.009106022506077727,0.0015645077849908429,-1.4362802206190977,-9757.0,-0.7108671021985753,0.7254131184205228,1.5372298071253214,10454.0,0.8056847008708701,-0.7315451062544582,0.10094863978902152,697.0,0.02402971692387723,-0.07691892286514701,-0.10080256119581679,-696.0,-0.023883638330667978,0.07691892286514879,-0.0009372383542927132,0.005098576647352582,0.01193833388179133,0.016528719065927344,0.02663423127710174,0.07422927765998644,0.12945552699871277,50.0,S&P 500 Index x $50,120033.5,12191322461.0,11968900385.5,222422075.5,-1171166859.5,-3295879843.0,56410103425.5,56438911465.5,-28808040.0,1254830209.0,3872520777.0,72114686398.0,71920952329.0,193734069.0,83663349.5,576760967.5,10055926496.0,10249540531.5,-193614035.5,-83543316.0,-576520900.5
2017-05-23,S&P 500 Consolidated - CHICAGO MERCANTILE EXCHANGE,691817,102982,101489,1493,0.2158085158358352,14.8857284513101,14.669919935474265,30264,4.374567262729884,475477,469524,5953,0.8604876723179685,68.72872450373437,67.8682368314164,608722,601277,7445,1.0761516412577314,87.98887567087829,86.91272402962055,83094,90540,-7446,-1.0762961881538036,12.010979782225647,13.08727597037945,2398.42,2017-05-29,2017-05-30,2412.91,0.006041477305892995,2017-05-30,2017-05-30,2412.91,0.006041477305892995,2017-05-31,2017-05-31,2411.8,0.005578672626145531,2017-06-01,2017-06-01,2430.06,0.01319201807856829,2017-06-02,2017-06-02,2439.07,0.01694865786642885,0.006041477305892995,0.0,-0.00046002544645251664,0.007571108715482167,0.003707727381216941,0.010841680792072816,-0.0009372383542927132,-0.05487511737250356,-360.0,0.04911005387991629,0.10398517125241824,0.8955465346871003,6193.0,0.07865139139846633,-0.8168951432886331,0.8403807918253198,5831.0,0.22660981660337143,-0.6137709752219536,-0.8406714173145966,-5833.0,-0.22690044209264038,0.6137709752219553,0.006041477305892995,0.012887651036932679,0.017482342542173512,0.016098097914460485,0.022552346961749903,0.08364256468842002,0.13593115467682892,50.0,S&P 500 Index x $50,119921.0,12349704422.0,12170662369.0,179042053.0,-43171560.0,-3258253570.0,57019677317.0,56305787604.0,713889713.0,742670753.0,4173490642.0,72998550962.0,72105739117.0,892811845.0,699259351.0,915237072.0,9964715574.0,10857647340.0,-892931766.0,-699499193.0,-915356993.0
2017-05-30,S&P 500 Consolidated - CHICAGO MERCANTILE EXCHANGE,695192,104991,101857,3134,0.4508107112855154,15.102446518371904,14.651635807086388,30125,4.333335251268714,479948,473169,6779,0.9751262960448337,69.03819376517566,68.06306746913083,615064,605151,9913,1.425937007330349,88.47397553481629,87.04803852748593,80128,90041,-9913,-1.425937007330349,11.526024465183719,12.951961472514068,2412.91,2017-06-05,2017-06-05,2436.1,0.009610801894807564,2017-06-06,2017-06-06,2429.33,0.006805061108785759,2017-06-07,2017-06-07,2433.14,0.00838406737093389,2017-06-08,2017-06-08,2433.79,0.008653451641379206,2017-06-09,2017-06-09,2431.77,0.007816288216303091,0.009610801894807564,-0.0027790320594393014,0.001568333655781684,0.0002671445128517025,-0.0008299812227020587,-0.0017774311399367804,0.006041477305892995,0.2350021954496802,1641.0,0.2167180670618034,-0.01828412838787763,0.11463862372686517,826.0,0.3094692614412935,0.194830637714432,0.34978536607261757,2468.0,0.48509986393800375,0.1353144978653802,-0.34964081917654544,-2467.0,-0.48495531704192807,-0.13531449786538197,0.006805061108785759,0.011372160586180291,0.009996228620213987,0.002681409584277983,0.013838062754101932,0.08874346743144179,0.11477842107662539,50.0,S&P 500 Index x $50,120645.5,12666691690.5,12288588693.5,378102997.0,197979265.5,-1597949647.5,57903566434.0,57085710589.5,817855844.5,99653183.0,2032876675.0,74204703812.0,73008744970.5,1195958841.5,297753094.0,434927027.5,9667082624.0,10863041465.5,-1195958841.5,-297632448.5,-434927027.5
2017-06-06,S&P 500 Consolidated - CHICAGO MERCANTILE EXCHANGE,706889,108034,103683,4351,0.6155138925630473,15.283021803989028,14.66750791142598,32500,4.597610091541954,485798,480891,4907,0.6941683913598882,68.7233780692584,68.0292096778985,626332,617074,9258,1.3096822839229356,88.60400996478937,87.29432768086645,80556,89815,-9259,-1.3098237488488291,11.395848570284727,12.705672319133557,2429.33,2017-06-12,2017-06-12,2429.39,2.469816780759082e-05,2017-06-13,2017-06-13,2440.35,0.0045362301539930705,2017-06-14,2017-06-14,2437.92,0.0035359543577859753,2017-06-15,2017-06-15,2432.46,0.0012884210872956547,2017-06-16,2017-06-16,2433.15,0.0015724500170830602,2.469816780759082e-05,0.004511420562363311,-0.0009957588050893973,-0.002239614097263254,0.00028366345181418673,0.0015477136235846345,0.006805061108785759,0.16470318127753192,1217.0,0.18057528561712388,0.015872104339592852,-0.2809579046849455,-1872.0,-0.314815695917261,-0.03385779123232169,-0.11625472340741339,-655.0,0.13003442997307957,0.24628915338051627,0.11611325848151988,654.0,-0.13017589489899173,-0.24628915338051094,0.0045362301539930705,0.003169598201973489,-0.004095779494757701,-0.00013172356164037335,0.011739862431205283,0.08242601869651311,0.13150539449148546,50.0,S&P 500 Index x $50,121466.5,13122511861.0,12594011119.5,528500741.5,147824730.5,-881725323.5,59008182767.0,58412146651.5,596036115.5,-227385288.0,1894998866.5,76078355878.0,74953819021.0,1124536857.0,-79560557.5,1013152076.5,9784855374.0,10909513697.5,-1124658323.5,79439091.0,-1013273543.0
2017-06-13,S&P 500 Consolidated - CHICAGO MERCANTILE EXCHANGE,785893,110467,104381,6086,0.7744056760907656,14.056239208136475,13.281833532045711,40556,5.160498948330116,548778,550056,-1278,-0.16261755735195504,69.82858989709794,69.9912074544499,699801,694992,4809,0.6119153625239059,89.04532805356455,88.43341269104063,86093,90901,-4808,-0.6117881187388106,10.954799190220552,11.566587308959363,2440.35,2017-06-19,2017-06-19,2453.46,0.005372180220050371,2017-06-20,2017-06-20,2437.03,-0.0013604605896694322,2017-06-21,2017-06-21,2435.61,-0.0019423443358533854,2017-06-22,2017-06-22,2434.5,-0.0023971971233633926,2017-06-23,2017-06-23,2438.3,-0.0008400434363922127,0.005372180220050371,-0.006696665117833511,-0.0005826764545369123,-0.00045573798760889517,0.0015608954610804027,-0.006179028800143427,0.0045362301539930705,0.15889178352771827,1735.0,-1.2267825958525531,-1.3856743793802693,-0.8567859487118432,-6185.0,1.1052118278395398,1.9619977765513994,-0.6977669213990297,-4449.0,0.4413180887751764,1.1390850101741847,0.6980356301100186,4451.0,-0.44104938006417527,-1.1390850101741936,-0.0013604605896694322,-0.008593029688364284,-0.004646874423750558,-0.006072899379187313,0.023000799065707733,0.09169176552543701,0.14198782961460443,50.0,S&P 500 Index x $50,122017.5,13478907172.5,12736308667.5,742598505.0,211700362.5,516500077.5,66960519615.0,67116457980.0,-155938365.0,-754678237.5,-126654165.0,85387968517.5,84801186360.0,586782157.5,-542855857.5,389845912.5,10504852627.5,11091512767.5,-586660140.0,543099892.5,-389845912.5
2017-06-20,S&P 500 Consolidated - CHICAGO MERCANTILE EXCHANGE,605483,96346,92883,3463,0.5719400875003922,15.912255174794337,15.340315087293947,19384,3.201411104853481,416269,417203,-934,-0.1542570146478101,68.74990709896066,68.90416411360847,531999,529470,2529,0.41768307285258216,87.86357337860848,87.4458903057559,73483,76013,-2530,-0.4178482302558453,12.136261463988255,12.5541096942441,2437.03,2017-06-26,2017-06-26,2439.07,0.0008370844839824532,2017-06-27,2017-06-27,2419.38,-0.0072424221285746215,2017-06-28,2017-06-28,2440.69,0.0015018280447922638,2017-06-29,2017-06-29,2419.7,-0.007111114758538206,2017-06-30,2017-06-30,2423.41,-0.005588769937177718,0.0008370844839824532,-0.008072749039592986,0.0088080417296994,-0.008600027041533398,0.0015332479232963436,-0.006420479937025325,-0.0013604605896694322,-0.20246558859037345,-2623.0,1.8560159666578624,2.0584815552482354,0.008360542704144935,344.0,-1.0786827981372795,-1.0870433408414328,-0.19423228967132372,-2280.0,-1.1817546749560677,-0.9875223852847341,0.19393988848296528,2278.0,1.1814622737677034,0.9875223852847377,-0.0072424221285746215,-0.003290890961539228,-0.004718858610685994,0.00967571182956295,0.028567559693561284,0.10030241728661515,0.13358883559086254,50.0,S&P 500 Index x $50,121851.50000000001,11739904619.000002,11317932874.500002,421971744.50000006,-319616484.50000006,240047455.00000003,50723002053.50001,50836811354.50001,-113809301.00000001,41916916.00000001,-839191280.5000001,64824876148.50001,64516713705.00001,308162443.50000006,-277821420.00000006,-599021974.0000001,8954013774.500002,9262298069.500002,-308284295.00000006,277577717.00000006,599021974.0000001
2017-06-27,S&P 500 Consolidated - CHICAGO MERCANTILE EXCHANGE,616094,100516,93706,6810,1.1053508068573952,16.315042834372676,15.209692027515281,23150,3.757543491739897,417751,425857,-8106,-1.3157083172373047,67.8063737027142,69.1220820199515,541418,542713,-1295,-0.2101951974860979,87.87912234172059,88.08931753920668,74676,73381,1295,0.2101951974860979,12.120877658279419,11.910682460793321,2419.38,2017-07-03,2017-07-03,2429.01,0.003980358604270595,2017-07-04,2017-07-05,2432.54,0.0054394100968016,2017-07-05,2017-07-05,2432.54,0.0054394100968016,2017-07-06,2017-07-06,2409.75,-0.003980358604270595,2017-07-07,2017-07-07,2425.18,0.002397308401325793,0.003980358604270595,0.0014532669688471778,0.0,-0.00936880791271677,0.006403153854134258,-0.001576774076681553,-0.0072424221285746215,0.533410719357003,3347.0,0.4027876595783386,-0.1306230597786655,-1.1614513025894946,-7172.0,-0.9435333962464654,0.21791790634303254,-0.62787827033868,-3824.0,0.01554896311210996,0.6434272334507796,0.6280434277419432,3825.0,-0.015383805708836462,-0.6434272334507796,0.003980358604270595,0.002541973563475075,0.01704155610114988,0.023869751754581836,0.032016467028742834,0.10792847754383339,0.1255197612611494,50.0,S&P 500 Index x $50,120969.0,12159320004.0,11335521114.0,823798890.0,404883243.0,444682044.0,50534920719.0,51515495433.0,-980574714.0,-867589668.0,-1800623565.0,65494794042.0,65651448897.0,-156654855.0,-462585456.0,-1355820552.0,9033481044.0,8876826189.0,156654855.0,462706425.0,1355820552.0
2017-07-03,S&P 500 Consolidated - CHICAGO MERCANTILE EXCHANGE,613110,99852,83660,16192,2.640961654515503,16.286147673337574,13.64518601882207,25116,4.096491657288252,414631,431678,-17047,-2.7804146074929457,67.62750566782469,70.40792027531765,539599,540454,-855,-0.13945295297744287,88.01014499845053,88.14959795142796,73511,72656,855,0.13945295297744287,11.989855001549477,11.850402048572034,2429.01,2017-07-10,2017-07-10,2427.43,-0.0006504707679262367,2017-07-11,2017-07-11,2425.53,-0.0014326824508750224,2017-07-12,2017-07-12,2443.25,0.005862470718523083,2017-07-13,2017-07-13,2447.83,0.007748012564789741,2017-07-14,2017-07-14,2459.27,0.01245775027686169,-0.0006504707679262367,-0.0007827208199616686,0.007305619802682184,0.00187455233807432,0.0046735271648765675,0.01311675310925553,0.003980358604270595,1.5356108476581078,9382.0,-0.028895161035102035,-1.5645060086932112,-1.464706290255641,-8941.0,-0.1788680348895042,1.2858382553661443,0.07074224450865504,440.0,0.1310226567299395,0.06028041222128877,-0.07074224450865504,-440.0,-0.1310226567299413,-0.060280412221286994,-0.0014326824508750224,0.013009415358520515,0.019810540096582452,0.01948942161621381,0.04346215124680408,0.10983898790042024,0.11700651705838983,50.0,S&P 500 Index x $50,121450.50000000001,12127075326.000002,10160548830.000002,1966526496.0000002,1139448591.0000002,1438095370.5000002,50357142265.50001,52427508939.00001,-2070366673.5000002,-1085888920.5000002,-2666324277.0000005,65534568349.50001,65638408527.00001,-103840177.50000001,53438220.00000001,-1228228906.5000002,8927947705.500002,8824107528.000002,103840177.50000001,-53438220.00000001,1228350357.0000002
2017-07-11,S&P 500 Consolidated - CHICAGO MERCANTILE EXCHANGE,614457,102280,83932,18348,2.986051098775016,16.64559114795665,13.659540049181635,25104,4.085558468696751,411328,432024,-20696,-3.368177105965104,66.94170625446533,70.30988336043042,538713,541061,-2348,-0.38212600719008816,87.67301861643695,88.05514462362703,75745,73397,2348,0.38212600719008816,12.327144128881272,11.945018121691184,2425.53,2017-07-17,2017-07-17,2459.14,0.013856765325516385,2017-07-18,2017-07-18,2460.61,0.014462818435558411,2017-07-19,2017-07-19,2473.83,0.01991317361566325,2017-07-20,2017-07-20,2473.45,0.01975650682531227,2017-07-21,2017-07-21,2472.54,0.019381331090524423,0.013856765325516385,0.0005977699520971491,0.0053726514969865136,-0.00015360796821128897,-0.0003679071741898854,0.005449059427279579,-0.0014326824508750224,0.34508944425951293,2156.0,0.3594434746190771,0.014354030359564618,-0.5877624984721583,-3649.0,-0.6857994133593621,-0.09803691488723132,-0.2426730542126453,-1493.0,-0.3371263820135795,-0.09445332780093452,0.2426730542126453,1493.0,0.33728912733179506,0.0946160731191501,0.014462818435558411,0.02127370100555348,0.0209521218043065,0.020362559935354296,0.0515804793179222,0.13430466743350933,0.15184722514254623,50.0,S&P 500 Index x $50,121276.50000000001,12404160420.000002,10178979198.000002,2225181222.0000005,261472134.00000003,1487092443.0000002,49884420192.00001,52394358636.00001,-2509938444.0000005,-442537948.50000006,-2354947077.0000005,65333227144.50001,65617984366.50001,-284757222.00000006,-181065814.50000003,-867975910.5000001,9186088492.500002,8901331270.500002,284757222.00000006,181065814.50000003,867854634.0000001
2017-07-18,S&P 500 Consolidated - CHICAGO MERCANTILE EXCHANGE,631177,107255,85494,21761,3.4476858313911944,16.992856203568888,13.545170372177692,25600,4.055914584973787,421755,440231,-18476,-2.9272296043740504,66.82040061662576,69.74763022099981,554611,551326,3285,0.5204562270171442,87.86932983933191,87.34887361231478,76566,79851,-3285,-0.5204562270171442,12.130670160668085,12.65112638768523,2460.61,2017-07-24,2017-07-24,2469.91,0.00377955059924151,2017-07-25,2017-07-25,2477.13,0.0067137823547820386,2017-07-26,2017-07-26,2477.83,0.006998264657950504,2017-07-27,2017-07-27,2475.42,0.006018832728469814,2017-07-28,2017-07-28,2472.1,0.004669573804869431,0.00377955059924151,0.002923183435833865,0.0002825850883885206,-0.0009726252406339064,-0.0013411865461215866,0.0008866719839994985,0.014462818435558411,0.4616347326161785,3413.0,0.34726505561223675,-0.11436967700394263,0.44094750159105356,2220.0,-0.12130563783956916,-0.5622531394306094,0.9025822342072324,5633.0,0.1963112228949626,-0.7062710113122534,-0.9025822342072324,-5633.0,-0.19647396821318708,0.706108265994045,0.0067137823547820386,0.006396787788393921,0.00581563108334926,0.0016256131609642122,0.040132324911302586,0.12834622309102217,0.14181036409670766,50.0,S&P 500 Index x $50,123030.5,13195636277.5,10518369567.0,2677266710.5,419903096.5,2251212089.0,51888728527.5,54161840045.5,-2273111518.0,273127710.0,-2158201031.0,68234068635.5,67829913443.0,404155192.5,693030806.5,93011058.0,9419953263.0,9824108455.5,-404155192.5,-693030806.5,-92888027.5
2017-07-25,S&P 500 Consolidated - CHICAGO MERCANTILE EXCHANGE,654894,108045,84414,23631,3.6083702095300922,16.498089767198966,12.889719557668874,27328,4.172889047693214,435502,459010,-23508,-3.5895885441002666,66.49961673186806,70.08920527596833,570875,570752,123,0.018781665429825286,87.17059554676024,87.15181388133041,84020,84142,-122,-0.018628968962916135,12.82955714970667,12.848186118669586,2477.13,2017-07-31,2017-07-31,2470.3,-0.0027572230767056727,2017-08-01,2017-08-01,2476.35,-0.00031488052706163394,2017-08-02,2017-08-02,2477.57,0.0001776249127014573,2017-08-03,2017-08-03,2472.16,-0.002006354127559007,2017-08-04,2017-08-04,2476.83,-0.00012110789502373098,-0.0027572230767056727,0.002449095251588762,0.0004926605689827834,-0.0021835911800677232,0.0018890363083294837,0.0026434036351858925,0.0067137823547820386,0.1606843781388978,1870.0,-0.4947664363699218,-0.6554508145088178,-0.6623589397262162,-5032.0,-0.32078388475770225,0.3415750549685157,-0.5016745615873189,-3162.0,-0.6987342925716717,-0.19705973098436402,0.5018272580542281,3163.0,0.6988869890385843,0.19705973098435692,-0.00031488052706163394,-0.0008921614933411481,-0.0050542361523214785,-0.009938921251609667,0.03713975447392759,0.1461368599952364,0.13857569041592477,50.0,S&P 500 Index x $50,123856.5,13382075542.5,10455222591.0,2926852951.5,231611655.0,2083390186.5,53939753463.0,56851372065.0,-2911618602.0,-623245908.0,-1907637813.0,70706579437.5,70691345088.0,15234349.5,-391634253.0,175628517.0,10406423130.0,10421533623.0,-15110493.0,391758109.5,-175504660.5
2017-08-01,S&P 500 Consolidated - CHICAGO MERCANTILE EXCHANGE,668674,107220,91703,15517,2.320562785453001,16.03471945970682,13.714156674253822,29805,4.457328982433892,447974,459531,-11557,-1.7283459503435155,66.99437992205469,68.7227258723982,584999,581040,3959,0.5920672854036496,87.48642836419542,86.89436107879176,83675,87634,-3959,-0.5920672854036496,12.513571635804594,13.105638921208243,2476.35,2017-08-07,2017-08-07,2480.91,0.0018414198316070163,2017-08-08,2017-08-08,2474.92,-0.0005774627980696945,2017-08-09,2017-08-09,2474.02,-0.0009409009227290266,2017-08-10,2017-08-10,2438.21,-0.015401700082783076,2017-08-11,2017-08-11,2441.32,-0.014145819452015984,0.0018414198316070163,-0.002414436638168982,-0.0003636481179190021,-0.01447441815345063,0.0012755258980974293,-0.01595785417447615,-0.00031488052706163394,-1.2878074240770911,-8114.0,-0.4633703074921449,0.8244371165849476,1.8612425937567512,11951.0,0.4947631901866316,-1.3664794035701249,0.5732856199738243,3836.0,0.31583281743517944,-0.2574528025386513,-0.5734383164407335,-3837.0,-0.31598551390207597,0.25745280253865666,-0.0005774627980696945,-0.0047408484261108885,-0.009627072102085577,-0.01213479516223459,0.03994184990005456,0.13975407353564728,0.13727461788519402,50.0,S&P 500 Index x $50,123817.5,13275712350.0,11354436202.5,1921276147.5,-1004655195.0,-83576812.5,55467020745.0,56897979592.5,-1430958847.5,1479742942.5,679758075.0,72433113682.5,71942920200.0,490193482.5,474963930.0,596057445.0,10360429312.5,10850622795.0,-490193482.5,-475087747.5,-596057445.0
2017-08-08,S&P 500 Consolidated - CHICAGO MERCANTILE EXCHANGE,681713,108974,93712,15262,2.2387720345658657,15.985319335262787,13.746547300696921,31989,4.692443887677072,461108,468115,-7007,-1.0278518966192518,67.6396078701741,68.66745976679336,602071,593816,8255,1.210920137946614,88.31737109311396,87.10645095516735,79642,87897,-8255,-1.210920137946614,11.682628906886036,12.89354904483265,2474.92,2017-08-14,2017-08-14,2465.84,-0.0036688054563379646,2017-08-15,2017-08-15,2464.61,-0.0041657912174938305,2017-08-16,2017-08-16,2468.11,-0.0027516040922535012,2017-08-17,2017-08-17,2430.01,-0.018146041084156184,2017-08-18,2017-08-18,2425.55,-0.019948119535176834,-0.0036688054563379646,-0.0004988158193557357,0.0014201029777529683,-0.015436913265616137,-0.0018353833934839914,-0.016339259643772475,-0.0005774627980696945,-0.08179075088713539,-255.0,-0.04940012444403408,0.032390626443099535,0.7004940537242637,4550.0,0.6452279481194125,-0.055266105604843574,0.6188528525429643,4296.0,0.8309427289185436,0.21208987637558607,-0.6188528525429643,-4296.0,-0.8309427289185578,-0.21208987637559318,-0.0041657912174938305,-0.00905483813618213,-0.011564010149823,-0.00689719263652977,0.046757066895091404,0.08898065392012655,0.1549666251838442,50.0,S&P 500 Index x $50,123746.0,13485096604.0,11596485152.0,1888611452.0,-31555230.0,-381880156.0,57060270568.0,57927358790.0,-867088222.0,563044300.0,1693958994.0,74503877966.0,73482354736.0,1021523230.0,531612816.0,1312078838.0,9855378932.0,10876902162.0,-1021523230.0,-531612816.0,-1312078838.0
2017-08-15,S&P 500 Consolidated - CHICAGO MERCANTILE EXCHANGE,695177,114947,86819,28128,4.046163782748854,16.534925637643365,12.48876185489451,33682,4.845097004072344,462872,484157,-21285,-3.0618101577008447,66.58333057624174,69.64514073394258,611501,604657,6844,0.9844974733053596,87.96335321795745,86.97885574465208,83676,90520,-6844,-0.9844974733053596,12.03664678204256,13.021144255347918,2464.61,2017-08-21,2017-08-21,2428.37,-0.014704151975363344,2017-08-22,2017-08-22,2452.51,-0.004909498865946271,2017-08-23,2017-08-23,2444.04,-0.008346148072108872,2017-08-24,2017-08-24,2438.97,-0.01040326867131125,2017-08-25,2017-08-25,2443.05,-0.008747834342958893,-0.014704151975363344,0.009940824503679613,-0.003453604674394928,-0.002074434133647607,0.0016728373042720346,0.0060452072789567435,-0.0041657912174938305,1.8073917481829884,12866.0,0.5496063023805782,-1.257785445802412,-2.033958261081593,-14278.0,-1.056277293932368,0.9776809671492259,-0.22642266464125427,-1411.0,-0.35401787515651506,-0.1275952105152669,0.22642266464125427,1411.0,0.35401787515652394,0.12759521051526868,-0.004909498865946271,-0.007429167292188232,-0.0027428274656031704,0.012931051971711405,0.046360276068018846,0.08047114959364765,0.15229590077131872,50.0,S&P 500 Index x $50,123230.5,14164976283.5,10698748779.5,3466227504.0,1585483613.0,784608593.5,57039947996.0,59662909188.5,-2622961192.5,-1759485079.0,-346154474.5,75355573980.5,74512184438.5,843389542.0,-173878235.5,438577349.5,10311435318.0,11154824860.0,-843389542.0,173878235.5,-438577349.5
2017-08-22,S&P 500 Consolidated - CHICAGO MERCANTILE EXCHANGE,713658,116091,91140,24951,3.4962124715199714,16.267035470771717,12.770822999251743,38117,5.341073735598844,479496,499207,-19711,-2.7619672167901155,67.18848524082965,69.95045245761976,633704,628464,5240,0.7342452547298566,88.79659444720019,88.06234919247035,79954,85194,-5240,-0.7342452547298566,11.2034055527998,11.937650807529657,2452.51,2017-08-28,2017-08-28,2444.24,-0.0033720555675615937,2017-08-29,2017-08-29,2446.3,-0.002532099767177276,2017-08-30,2017-08-30,2457.59,0.0020713473135685057,2017-08-31,2017-08-31,2471.65,0.007804249523956974,2017-09-01,2017-09-01,2476.55,0.009802202641375546,-0.0033720555675615937,0.0008427977612674997,0.004615133058087695,0.005721051924853171,0.0019824813383773066,0.013218832847838424,-0.004909498865946271,-0.5499513112288827,-3177.0,-0.26789016687164846,0.2820611443572343,0.29984294091072927,1574.0,0.6051546645879142,0.3053117236771783,-0.25025221857550306,-1604.0,0.8332412292427449,1.0834934478182703,0.25025221857550306,1604.0,-0.8332412292427591,-1.0834934478182614,-0.002532099767177276,0.0021773611524518177,0.01792857113732449,0.02207534321980331,0.059742875666154216,0.10754288463655604,0.16735915449886019,50.0,S&P 500 Index x $50,122625.50000000001,14235716920.500002,11176088070.000002,3059628850.5000005,-389581213.50000006,161865660.00000003,58798436748.00001,61215507978.50001,-2417071230.5000005,193012537.00000003,465609023.50000006,77708269852.00002,77065712232.00002,642557620.0000001,-196691302.00000003,627474683.5000001,9804399227.000002,10446956847.000002,-642557620.0000001,196691302.00000003,-627597309.0000001
2017-08-29,S&P 500 Consolidated - CHICAGO MERCANTILE EXCHANGE,731582,123098,87107,35991,4.9196125656454095,16.82627511338442,11.906662547739009,37454,5.119590148472762,492017,518708,-26691,-3.6483948484243736,67.25384167461748,70.90223652304185,652570,643269,9301,1.2713544072981566,89.19984362655178,87.92848921925362,79013,88313,-9300,-1.271217717221036,10.800293063525345,12.071510780746381,2446.3,2017-09-04,2017-09-05,2457.85,0.004721416016024049,2017-09-05,2017-09-05,2457.85,0.004721416016024049,2017-09-06,2017-09-06,2465.54,0.007864938887299111,2017-09-07,2017-09-07,2465.1,0.007685075420021947,2017-09-08,2017-09-08,2461.43,0.0061848505906878515,0.004721416016024049,0.0,0.003128750737433128,-0.00017845989113951521,-0.001488783416494277,0.0014565575604694736,-0.002532099767177276,1.423400094125438,11040.0,0.5592396426127024,-0.8641604515127348,-0.8864276316342581,-6980.0,0.06535643378782652,0.951784065422089,0.5371091525683,4061.0,0.4032491793515902,-0.1338599732167296,-0.5369724624911794,-4060.0,-0.40311248927445575,0.13385997321672427,0.004721416016024049,0.020512610881739723,0.02466990965948579,0.02065977190042112,0.07388300699014838,0.12180844540734981,0.18444998569267868,50.0,S&P 500 Index x $50,122315.00000000001,15056731870.000002,10654492705.000002,4402239165.000001,1350357600.0000002,2504277310.0000005,60181059355.00001,63445769020.00001,-3264709665.0000005,-853758700.0000001,-1851115210.0000002,79819099550.00002,78681447735.00002,1137651815.0000002,496721215.00000006,653406730.0000001,9664475095.000002,10802004595.000002,-1137529500.0000002,-496598900.00000006,-653284415.0000001
2017-09-05,S&P 500 Consolidated - CHICAGO MERCANTILE EXCHANGE,735493,112112,84557,27555,3.7464666556989665,15.243109043865816,11.49664238816685,34439,4.68243749430654,516274,537032,-20758,-2.8223246176374213,70.19427785172667,73.01660246936409,662826,656028,6798,0.9242780012862122,90.11996035312369,89.19568235183748,72667,79465,-6798,-0.9242780012862122,9.880039646876313,10.804317648162524,2457.85,2017-09-11,2017-09-11,2488.11,0.01231157312285136,2017-09-12,2017-09-12,2496.48,0.015716988424842926,2017-09-13,2017-09-13,2498.37,0.01648595317045376,2017-09-14,2017-09-14,2495.62,0.015367089122607203,2017-09-15,2017-09-15,2500.23,0.01724271212645201,0.01231157312285136,0.003363999180100441,0.0007570659488558285,-0.0011007176679195263,0.0018472363580994688,0.004871167271543353,0.004721416016024049,-1.173145909946443,-8436.0,-1.5831660695186027,-0.4100201595721593,0.8260702307869523,5933.0,2.9404361771091914,2.1143659463222377,-0.34707640601194445,-2503.0,0.920116726571905,1.2671931325838557,0.34693971593482376,2502.0,-0.9202534166490324,-1.2671931325838575,0.015716988424842926,0.019854751103606905,0.015863457900197497,0.03121834123319167,0.06986593974408528,0.10996195862237323,0.1785584962467197,50.0,S&P 500 Index x $50,122892.5,13777723960.0,10391421122.5,3386302837.5,-1036721130.0,1510717502.5,63446202545.0,65997205060.0,-2551002515.0,729121202.5,-1689894767.5,81456344205.0,80620920990.0,835423215.0,-307599927.5,-179054372.5,8930229297.5,9765652512.5,-835423215.0,307477035.0,179054372.5
2017-09-12,S&P 500 Consolidated - CHICAGO MERCANTILE EXCHANGE,810813,121974,90204,31770,3.918289420618564,15.043419382767667,11.125129962149103,34732,4.283601767608561,572774,594147,-21373,-2.6359962161435497,70.64193593343965,73.2779321495832,729480,719083,10397,1.2822932044750146,89.96895708381587,88.68666387934086,81333,91730,-10397,-1.2822932044750146,10.031042916184127,11.313336120659141,2496.48,2017-09-18,2017-09-18,2503.87,0.0029601679164261707,2017-09-19,2017-09-19,2506.65,0.004073735820034674,2017-09-20,2017-09-20,2508.24,0.004710632570659401,2017-09-21,2017-09-21,2500.6,0.0016503236557072753,2017-09-22,2017-09-22,2502.22,0.0022992373261552235,0.0029601679164261707,0.0011102812845715793,0.0006343127281429606,-0.003045960514145296,0.0006478445173156988,-0.0006589798991162299,0.015716988424842926,0.17182276491959758,4215.0,-0.19968966109814978,-0.3715124260177465,0.18632840149387153,-615.0,0.44765808171298715,0.26132968021910585,0.3580152031888024,3599.0,-0.1510032693078216,-0.5090184724966207,-0.3580152031888024,-3599.0,0.1510032693078145,0.5090184724966171,0.004073735820034674,0.0001442030378773218,0.01526148817535078,0.021694545920656116,0.06714654233160289,0.10768361853489705,0.15678475293212846,50.0,S&P 500 Index x $50,124824.0,15225282576.0,11259624096.0,3965658480.0,526133160.0,454609008.0,71495941776.0,74163805128.0,-2667863352.0,-76766760.0,-10984512.0,91056611520.0,89758816392.0,1297795128.0,449241576.0,443499672.0,10152310392.0,11450105520.0,-1297795128.0,-449241576.0,-443499672.0
2017-09-19,S&P 500 Consolidated - CHICAGO MERCANTILE EXCHANGE,661762,117587,96450,21137,3.1940486156654506,17.768774876768383,14.574726261102935,17411,2.6310063134480375,455970,468501,-12531,-1.893581075975955,68.90241506765273,70.79599614362868,590968,582361,8607,1.3006186514184856,89.30219625786916,88.00157760645065,70793,79400,-8607,-1.3006186514184856,10.697652630401866,11.998271281820353,2506.65,2017-09-25,2017-09-25,2496.66,-0.003985398839088106,2017-09-26,2017-09-26,2496.84,-0.003913589850996324,2017-09-27,2017-09-27,2507.04,0.00015558614086530476,2017-09-28,2017-09-28,2510.06,0.0013603813855145308,2017-09-29,2017-09-29,2519.36,0.005070512436917918,-0.003985398839088106,7.209632068461147e-05,0.004085163646849521,0.0012046078243665992,0.0037050907149631662,0.009092147108537008,0.004073735820034674,-0.7242408049531135,-10633.0,2.7253554940007163,3.449596298953832,0.7424151401675947,8842.0,-1.739520865786929,-2.481936005954509,0.018325446943471047,-1790.0,-0.6667608259467102,-0.685086272890203,-0.018325446943471047,1790.0,0.6666097142177385,0.6849351611612118,-0.003913589850996324,0.01114236131889168,0.0175493188119602,0.02102806534617918,0.06974248498992663,0.08389284503221428,0.1586420122474217,50.0,S&P 500 Index x $50,125332.5,14737472677.5,12088319625.0,2649153052.5,-1332660472.5,-478018155.0,57147860025.0,58718401582.5,-1570541557.5,1108189965.0,899887350.0,74067496860.0,72988760032.5,1078736827.5,-224345175.0,421994527.5,8872663672.5,9951400500.0,-1078736827.5,224345175.0,-421994527.5
2017-09-26,S&P 500 Consolidated - CHICAGO MERCANTILE EXCHANGE,657752,120340,95314,25026,3.8047774845230418,18.295649424099054,14.49087193957601,17811,2.7078594971965115,446032,464293,-18261,-2.7762743404809105,67.81157639961566,70.58785074009657,584182,577418,6764,1.028351111057055,88.81493328792615,87.7865821768691,73570,80334,-6764,-1.028351111057055,11.185066712073851,12.213417823130907,2496.84,2017-10-02,2017-10-02,2529.12,0.012928341423559253,2017-10-03,2017-10-03,2534.58,0.015115105493343606,2017-10-04,2017-10-04,2537.74,0.016380705211387125,2017-10-05,2017-10-05,2552.07,0.022119959628970953,2017-10-06,2017-10-06,2549.33,0.02102257253167994,0.012928341423559253,0.002158853672423522,0.0012467548864110167,0.005646756562926125,-0.0010736382622734686,0.007990921743531443,-0.003913589850996324,0.6107288688575911,3889.0,0.5268745473306709,-0.08385432152692474,-0.8826932645049554,-5730.0,-1.0908386680370654,-0.20814540353211441,-0.27226754036143075,-1843.0,-0.48726296994300355,-0.21499542958154905,0.27226754036143075,1843.0,0.48741408167198585,0.21514654131055444,0.015115105493343606,0.02154723570593209,0.02503965011774878,0.028952596081446957,0.07355697601768618,0.04637061245414187,0.1676999727655757,50.0,S&P 500 Index x $50,124842.0,15023486280.0,11899190388.0,3124295892.0,485510538.0,-1368892530.0,55683526944.0,57963266706.0,-2279739762.0,-715344660.0,1052418060.0,72930449244.0,72086017956.0,844431288.0,-230083806.0,-316724154.0,9184625940.0,10029057228.0,-844431288.0,230083806.0,316599312.0
2017-10-03,S&P 500 Consolidated - CHICAGO MERCANTILE EXCHANGE,650232,113544,93617,19927,3.0645984817726597,17.462075074742554,14.397476592969893,22264,3.424008661523887,435865,448731,-12866,-1.9786783794091953,67.03222849690572,69.01090687631492,571672,564612,7060,1.0857663111012685,87.91815844190997,86.8323921308087,78560,85621,-7061,-1.0859201023634641,12.081841558090035,13.1677616604535,2534.58,2017-10-09,2017-10-09,2544.73,0.004004608258567632,2017-10-10,2017-10-10,2550.64,0.006336355530304871,2017-10-11,2017-10-11,2555.24,0.00815125188394128,2017-10-12,2017-10-12,2550.93,0.006450772909120994,2017-10-13,2017-10-13,2553.17,0.0073345485248048625,0.004004608258567632,0.002322446782173193,0.001803468933287311,-0.0016867300136190755,0.0008781111202582625,0.0033166583488228873,0.015115105493343606,-0.7401790027503821,-5099.0,-0.8335743493564998,-0.09339534660611726,0.7975959610717152,5395.0,-0.7793479027099437,-1.5769438637816506,0.05741520004421363,296.0,-0.8967748460161857,-0.954190046060404,-0.057568991306409245,-297.0,0.896774846016184,0.9543438373225932,0.006336355530304871,0.00977676774850278,0.013631449786552396,0.016049996449115866,0.0636121171949593,0.03151212429672756,0.15341792328512027,50.0,S&P 500 Index x $50,126729.0,14389317576.0,11863988793.0,2525328783.0,-646191171.0,-966688812.0,55236735585.0,56867230899.0,-1630495314.0,683702955.0,1000145268.0,72447420888.0,71552714148.0,894706740.0,37511784.0,33202998.0,9955830240.0,10850663709.0,-894833469.0,-37638513.0,-33329727.0
2017-10-10,S&P 500 Consolidated - CHICAGO MERCANTILE EXCHANGE,665557,115753,87772,27981,4.204147804019791,17.39189881557853,13.18775101155874,26181,3.933697639721316,447574,469374,-21800,-3.2754519898370837,67.24803435318087,70.52348634301795,589509,583328,6181,0.9286958141827071,88.57378105857198,87.64508524438929,76048,82229,-6181,-0.9286958141827071,11.426218941428006,12.354914755610714,2550.64,2017-10-16,2017-10-16,2557.64,0.0027444092463067005,2017-10-17,2017-10-17,2559.36,0.003418749803970833,2017-10-18,2017-10-18,2561.26,0.00416366088511122,2017-10-19,2017-10-19,2562.1,0.004492989994667962,2017-10-20,2017-10-20,2575.21,0.009632876454537032,0.0027444092463067005,0.0006724949562879612,0.0007423730932734074,0.0003279635804251946,0.005116896296007312,0.006869614175568195,0.006336355530304871,1.1395493222471313,8054.0,-0.07017625916402537,-1.2097255814111527,-1.2967736104278884,-8934.0,0.21580585627515347,1.5125794667030306,-0.15707049691856145,-879.0,0.6556226166620149,0.8126931135805933,0.15722428818075707,880.0,-0.6556226166620291,-0.812846904842786,0.003418749803970833,0.0072491609948877045,0.009652479377724843,0.015682338550324637,0.07866653075306584,0.041648370605024576,0.12926167550105072,50.0,S&P 500 Index x $50,127532.0,14762211596.0,11193738704.0,3568472892.0,1027142728.0,-483218748.0,57080007368.0,59860204968.0,-2780197600.0,-1139370888.0,-54456164.0,75181261788.0,74392986496.0,788275292.0,-112100628.0,-537674912.0,9698553536.0,10486828828.0,-788275292.0,112228160.0,537674912.0
2017-10-17,S&P 500 Consolidated - CHICAGO MERCANTILE EXCHANGE,669706,116435,83715,32720,4.885725975278704,17.38598728397237,12.500261308693666,24168,3.6087477191484023,452133,477341,-25208,-3.764039742812518,67.51216205319946,71.27620179601199,592736,585223,7513,1.1218355517197098,88.50689705632023,87.38506150460053,76970,84482,-7512,-1.1216862324661867,11.493102943679764,12.614789176145951,2559.36,2017-10-23,2017-10-23,2564.98,0.002195861465366322,2017-10-24,2017-10-24,2569.13,0.0038173605901474783,2017-10-25,2017-10-25,2557.15,-0.0008634971242811318,2017-10-26,2017-10-26,2560.4,0.0004063515878969248,2017-10-27,2017-10-27,2581.07,0.00848258939734925,0.002195861465366322,0.0016179463387628878,-0.004663057143858063,0.0012709461705413538,0.008072957350414134,0.006272953395348058,0.003418749803970833,0.6815781712589128,4739.0,-0.005911531606159315,-0.6874897028650739,-0.48858775297543433,-3408.0,0.26412770001859087,0.752715452994039,0.19313973753700275,1332.0,-0.06688400225175428,-0.2600237397887639,-0.19299041828347963,-1331.0,0.06688400225175783,0.2598744205352368,0.0038173605901474783,0.00621249062265572,0.012221805451362755,0.007622999499874883,0.08481026506626654,0.057447955738934686,0.0978994748687172,50.0,S&P 500 Index x $50,127968.0,14899954080.0,10712841120.0,4187112960.0,606440352.0,1482253344.0,57858555744.0,61084373088.0,-3225817344.0,-436114944.0,-1622250336.0,75851240448.0,74889816864.0,961423584.0,170453376.0,-139996992.0,9849696960.0,10810992576.0,-961295616.0,-170325408.0,140124960.0
2017-10-24,S&P 500 Consolidated - CHICAGO MERCANTILE EXCHANGE,692744,113763,87331,26432,3.8155509105816865,16.422083771205525,12.606532860623837,30614,4.419237120783435,470837,492315,-21478,-3.1004238217869804,67.96695460372085,71.06737842550783,615213,610260,4953,0.7149827353250262,88.80813114224013,88.0931484069151,77531,82484,-4953,-0.7149827353250262,11.191868857759864,11.906851593084891,2569.13,2017-10-30,2017-10-30,2572.83,0.0014401762464335555,2017-10-31,2017-10-31,2575.26,0.0023860217271995943,2017-11-01,2017-11-01,2579.36,0.00398189270297733,2017-11-02,2017-11-02,2579.85,0.0041726187464237174,2017-11-03,2017-11-03,2587.84,0.007282620965073816,0.0014401762464335555,0.0009444852555358096,0.001592072256781707,0.00018996960486306058,0.0030970792875555375,0.005834042668967809,0.0038173605901474783,-1.0701750646970174,-6288.0,-0.9639035127668443,0.10627155193017046,0.6636159210255377,3730.0,0.45479255052138967,-0.2088233705041631,-0.4068528163946836,-2560.0,0.3012340859199014,0.7080869023145766,0.4067034971411605,2559.0,-0.30123408591989964,-0.7079375830610601,0.0023860217271995943,0.008372484070482855,0.0037911666595304983,0.011638181018477134,0.10509394230731806,0.025467765352473304,0.0667774694157166,50.0,S&P 500 Index x $50,128456.5,14613596809.5,11218234601.5,3395362208.0,-807734472.0,180609839.0,60482073090.5,63241061797.5,-2758988707.0,479142745.0,-413244560.5,79028108734.5,78391863690.0,636245044.5,-328848640.0,-232634721.5,9959360901.5,10595605946.0,-636245044.5,328720183.5,232634721.5
2017-10-31,S&P 500 Consolidated - CHICAGO MERCANTILE EXCHANGE,701203,114329,82311,32018,4.566152740361921,16.304693505304453,11.738540764942535,30925,4.4102777654972956,479470,510897,-31427,-4.4818690165330155,68.378201462344,72.86007047887702,624724,624132,592,0.08442633588276148,89.09317273314575,89.008746397263,76479,77071,-592,-0.08442633588276148,10.906827266854249,10.991253602737011,2575.26,2017-11-06,2017-11-06,2591.13,0.006162484564665283,2017-11-07,2017-11-07,2590.64,0.005972212514464337,2017-11-08,2017-11-08,2594.38,0.007424493060894877,2017-11-09,2017-11-09,2584.62,0.003634584469140778,2017-11-10,2017-11-10,2582.3,0.0027337045579862718,0.006162484564665283,-0.00018910668318461443,0.0014436587098169973,-0.003761977813581785,-0.0008976174447306029,-0.00340777961738703,0.0023860217271995943,0.7506018297802344,5586.0,-0.11739026590107215,-0.8679920956813021,-1.381445194746035,-9949.0,0.41124685862314436,1.7926920533691941,-0.6305563994422647,-4361.0,0.285041590905621,0.9155979903478908,0.6305563994422647,4361.0,-0.28504159090561565,-0.9155979903478801,0.005972212514464337,0.0014018002065809831,0.009230135986269428,0.02010670767223499,0.09597865846555287,0.030886201781567646,0.041692877612357515,50.0,S&P 500 Index x $50,128763.00000000001,14721345027.000002,10598611293.000002,4122733734.0000005,719270118.0000001,1556873433.0000002,61737995610.00001,65784630411.00001,-4046634801.0000005,-1281063087.0000002,-2389970043.0000005,80441336412.00002,80365108716.00002,76227696.00000001,-561535443.0000001,-832839084.0000001,9847665477.000002,9923893173.000002,-76227696.00000001,561535443.0000001,832967847.0000001
2017-11-07,S&P 500 Consolidated - CHICAGO MERCANTILE EXCHANGE,715963,118541,90839,27702,3.869194357808993,16.556861178580455,12.687666820771465,32398,4.52509417386094,485980,506948,-20968,-2.928642960599919,67.87780932813567,70.80645228873558,636920,630185,6735,0.9406910692312312,88.95990435259922,88.01921328336799,79043,85777,-6734,-0.9405513972090737,11.040095647400774,11.980647044609848,2590.64,2017-11-13,2017-11-13,2584.84,-0.0022388290152239865,2017-11-14,2017-11-14,2578.87,-0.004543278880894341,2017-11-15,2017-11-15,2564.62,-0.01004385016829823,2017-11-16,2017-11-16,2585.64,-0.0019300250131241148,2017-11-17,2017-11-17,2578.85,-0.0045509989809467966,-0.0022388290152239865,-0.002309620711533511,-0.005525675974360822,0.008196146017733552,-0.0026260422951377427,-0.0023173581343527427,0.005972212514464337,-0.696958382552928,-4316.0,0.2521676732760021,0.9491260558289305,1.5532260559330964,10459.0,-0.500392134208326,-2.053618190141435,0.8562647333484698,6143.0,-0.13326838054652512,-0.989533113895007,-0.8561250613263122,-6142.0,0.13326838054652512,0.9893934418728367,-0.004543278880894341,0.003238581972022425,0.014050582095543884,0.015027174752184846,0.040337522774295254,0.03137448661334652,0.06361748448259896,50.0,S&P 500 Index x $50,129532.0,15354852812.0,11766557348.0,3588295464.0,-559060112.0,-36139428.0,62949961360.0,65665988336.0,-2716026976.0,1354775188.0,107770624.0,82501521440.0,81629123420.0,872398020.0,795715076.0,71760728.0,10238597876.0,11110866364.0,-872268488.0,-795585544.0,-71631196.0
2017-11-14,S&P 500 Consolidated - CHICAGO MERCANTILE EXCHANGE,720635,121791,91423,30368,4.214061209905153,16.900511354569232,12.68645014466408,27784,3.8554885621708634,486403,514024,-27621,-3.832869621930658,67.49644410832113,71.32931373025178,635978,633232,2746,0.3810528214699536,88.25244402506122,87.87139120359127,84657,87403,-2746,-0.3810528214699536,11.74755597493877,12.128608796408722,2578.87,2017-11-20,2017-11-20,2582.14,0.0012679972235902781,2017-11-21,2017-11-21,2599.03,0.00781737737846444,2017-11-22,2017-11-22,2597.08,0.007061232245130666,2017-11-23,2017-11-24,2602.42,0.009131906610259533,2017-11-24,2017-11-24,2602.42,0.009131906610259533,0.0012679972235902781,0.006541086075890767,-0.0007502799121211767,0.002056155374497548,0.0,0.007853950599115533,-0.004543278880894341,0.34486685209615997,2666.0,0.34365017598877756,-0.0012166761073846288,-0.904226661330739,-6653.0,-0.3813652198145405,0.5228614415161985,-0.5596382477612776,-3989.0,-0.7074603275380014,-0.14782207977671646,0.55949857573912,3988.0,0.707460327537996,0.14796175179887427,0.00781737737846444,0.018678723627014948,0.01965977346667347,0.033053236495054206,0.03259954941505394,0.05141011373198334,0.055570850798993376,50.0,S&P 500 Index x $50,128943.5,15704157808.5,11788401600.5,3915756208.0,343763371.0,-303275112.0,62718505230.5,66280053644.0,-3561548413.5,-857861105.5,-311140665.5,82005229243.0,81651150392.0,354078851.0,-514355621.5,-614673664.5,10915969879.5,11270048730.5,-354078851.0,514226678.0,614544721.0
2017-11-21,S&P 500 Consolidated - CHICAGO MERCANTILE EXCHANGE,738955,116467,93947,22520,3.047546873625593,15.7610409294206,12.713494055795008,28202,3.8164705563938264,503006,525864,-22858,-3.0932871419775223,68.06990953441007,71.1631966763876,647675,648013,-338,-0.04574026835192942,87.6474210202245,87.69316128857643,91280,90942,338,0.04574026835192942,12.352578979775494,12.306838711423564,2599.03,2017-11-27,2017-11-27,2601.42,0.0009195738410099352,2017-11-28,2017-11-28,2627.04,0.010777097609492747,2017-11-29,2017-11-29,2626.07,0.010403881448078689,2017-11-30,2017-11-30,2647.58,0.018680046017167884,2017-12-01,2017-12-01,2642.22,0.01661773815615808,0.0009195738410099352,0.00984846737551015,-0.00036923685973555553,0.008190946928299692,-0.00202449028924534,0.015683741956316055,0.00781737737846444,-1.16651433627956,-7848.0,-1.139470425148632,0.027043911130927967,0.7395824799531359,4763.0,0.5734654260889442,-0.16611705386418407,-0.426793089821883,-3084.0,-0.605023004836724,-0.17822991501483898,0.426793089821883,3084.0,0.605023004836724,0.17822991501484253,0.010777097609492747,0.011750537700603747,0.025040111118378672,0.03171952613090245,0.04510528928100088,0.04825261732261654,0.016490767709491427,50.0,S&P 500 Index x $50,129951.50000000001,15135061350.500002,12208553570.500002,2926507780.0000005,-1019859372.0000001,-508370268.00000006,65366384209.00001,68336815596.00001,-2970431387.0000005,618958994.5000001,-179333070.00000003,84166337762.50002,84210261369.50002,-43923607.00000001,-400770426.00000006,-687573386.5000001,11861972920.000002,11818049313.000002,43923607.00000001,400770426.00000006,687573386.5000001
2017-11-28,S&P 500 Consolidated - CHICAGO MERCANTILE EXCHANGE,756344,119507,96719,22788,3.012914758363919,15.800614535185048,12.78769977682113,33688,4.454057941888876,511048,533213,-22165,-2.9305448314523552,67.56819648202406,70.49874131347642,664243,663620,623,0.08236992691156404,87.82286895909797,87.74049903218642,92101,92724,-623,-0.08236992691156404,12.177131040902022,12.259500967813587,2627.04,2017-12-04,2017-12-04,2639.44,0.004720141299713765,2017-12-05,2017-12-05,2629.57,0.0009630610877642276,2017-12-06,2017-12-06,2629.27,0.000848864120835735,2017-12-07,2017-12-07,2636.98,0.003783726170899504,2017-12-08,2017-12-08,2651.5,0.009310859370241786,0.004720141299713765,-0.003739429575970621,-0.00011408709408766704,0.0029323728639507607,0.005506298872194781,0.004569151032037144,0.010777097609492747,-0.03463211526167376,268.0,0.03957360576444735,0.07420572102612155,0.16274231052516708,693.0,-0.5017130523860089,-0.664455362911184,0.12811019526349346,961.0,0.1754479388734751,0.04733774360998666,-0.12811019526349346,-961.0,-0.17544793887347154,-0.04733774360997778,0.0009630610877642276,0.014110938546805674,0.020719136366404767,0.0203498995066691,0.0446281746756807,0.023912844874840244,0.02098559595590488,50.0,S&P 500 Index x $50,131352.0,15697483464.0,12704234088.0,2993249376.0,35202336.0,-1212378960.0,67127176896.0,70038593976.0,-2911417080.0,91026936.0,1216582224.0,87249646536.0,87167814240.0,81832296.0,126229272.0,4071912.0,12097650552.0,12179482848.0,-81832296.0,-126229272.0,-4071912.0
2017-12-05,S&P 500 Consolidated - CHICAGO MERCANTILE EXCHANGE,780215,124451,90050,34401,4.409169267445511,15.95085969892914,11.54169043148363,40048,5.132944124375973,526132,566740,-40608,-5.2047192120120735,67.43423287170845,72.63895208372051,690631,696838,-6207,-0.7955499445665618,88.51803669501356,89.31358663958011,89584,83377,6207,0.7955499445665618,11.481963304986447,10.686413360419884,2629.57,2017-12-11,2017-12-11,2659.99,0.01156843134048513,2017-12-12,2017-12-12,2664.11,0.013135227432621965,2017-12-13,2017-12-13,2662.85,0.01265606163745403,2017-12-14,2017-12-14,2652.01,0.00853371463775443,2017-12-15,2017-12-15,2675.81,0.017584624102039426,0.01156843134048513,0.0015488780033008354,-0.0004729534441145766,-0.004070826370242253,0.008974325134520456,0.005947390779664552,0.0009630610877642276,1.3962545090815923,11613.0,0.15024516374409203,-1.2460093453374999,-2.2741743805597183,-18443.0,-0.1339636103156181,2.140210770244096,-0.8779198714781259,-6830.0,0.6951677359155894,1.5730876073936884,0.8779198714781259,6830.0,-0.6951677359155752,-1.5730876073937026,0.013135227432621965,0.019737067277159293,0.01936818567294263,0.025190430374547823,0.03747761040778519,0.04534201409355898,0.02680666420745581,50.0,S&P 500 Index x $50,131478.5,16362630803.5,11839638925.0,4522991878.5,1526859820.5,880774471.5,69175046162.0,74514125090.0,-5339078928.0,-2424857975.5,-2582237740.0,90803127933.5,91619214983.0,-816087049.5,-897998155.0,-1701594747.0,11778369944.0,10962282894.5,816087049.5,897998155.0,1701463268.5
2017-12-12,S&P 500 Consolidated - CHICAGO MERCANTILE EXCHANGE,863122,106901,88775,18126,2.1000507460127307,12.385387002069233,10.285336256056501,52049,6.030317846144578,606331,626455,-20124,-2.3315359821670634,70.24858594729366,72.58012192946073,765282,767280,-1998,-0.23148523615433275,88.66440665398403,88.89589189013836,97840,95842,1998,0.23148523615433275,11.335593346015974,11.104108109861642,2664.11,2017-12-18,2017-12-18,2690.16,0.009778124777130026,2017-12-19,2017-12-19,2681.47,0.006516247452244661,2017-12-20,2017-12-20,2679.25,0.0056829485269001,2017-12-21,2017-12-21,2684.57,0.007679863068717152,2017-12-22,2017-12-22,2683.34,0.0072181704208911235,0.009778124777130026,-0.003230291135099761,-0.0008279040973793172,0.0019856303069889503,-0.0004581739347455649,-0.0025351651946351472,0.013135227432621965,-2.3091185214327807,-16275.0,-3.5654726968599064,-1.2563541754271288,2.87318322984501,20484.0,2.814353075585217,-0.05883015425978044,0.564064708412229,4209.0,0.14636995897046745,-0.41769474944175045,-0.564064708412229,-4209.0,-0.14636995897047278,0.41769474944175755,0.006516247452244661,0.006152148372251753,0.011898908078119774,0.03272387401421106,0.03798641947967596,0.046071671214777066,-0.010258585418770227,50.0,S&P 500 Index x $50,133205.5,14239801155.5,11825318262.5,2414482893.0,-2167919512.5,-1630701731.0,80766624020.5,83447251502.5,-2680627482.0,2728581462.0,998641633.5,101939771451.0,102205916040.0,-266144589.0,560661949.5,-631926892.0,13032826120.0,12766681531.0,266144589.0,-560661949.5,631926892.0
2017-12-19,S&P 500 Consolidated - CHICAGO MERCANTILE EXCHANGE,641391,106300,88136,18164,2.8319698904412443,16.57335385123895,13.741383960797704,20314,3.1671788347513448,438262,461710,-23448,-3.6558043377596507,68.32992667499232,71.98573101275197,564876,570160,-5284,-0.8238344473184065,88.07045936098261,88.89429380830101,76515,71231,5284,0.8238344473184065,11.929540639017386,11.105706191698978,2681.47,2017-12-25,2017-12-26,2680.5,-0.0003617418803864014,2017-12-26,2017-12-26,2680.5,-0.0003617418803864014,2017-12-27,2017-12-27,2682.62,0.0004288692396334781,2017-12-28,2017-12-28,2687.54,0.0022636837257177245,2017-12-29,2017-12-29,2673.61,-0.0029312280204513153,-0.0003617418803864014,0.0,0.00079089722066783,0.0018340279279212002,-0.005183178668968558,-0.0025704159671702254,0.006516247452244661,0.7319191444285136,38.0,4.187966849169715,3.456047704741202,-1.3242683555925874,-3324.0,-1.9186592723013405,-0.5943909167087611,-0.5923492111640738,-3286.0,-0.5939472930014205,-0.0015980818373435568,0.5923492111640738,3286.0,0.5939472930014116,0.0015980818373364514,-0.0003617418803864014,0.0053478129533428564,0.026037956792356542,0.03540968200278205,0.013227819069391078,0.030252063233972448,-0.0504611276650494,50.0,S&P 500 Index x $50,134073.5,14252013050.0,11816701996.0,2435311054.0,5094793.0,-584024166.0,58759320257.0,61903075685.0,-3143755428.0,-445660314.0,-79103365.0,75734902386.0,76443346760.0,-708444374.0,-440565521.0,-663127531.0,10258633852.5,9550189478.5,708444374.0,440565521.0,663127531.0
2017-12-26,S&P 500 Consolidated - CHICAGO MERCANTILE EXCHANGE,663937,111036,87855,23181,3.4914457245190436,16.72387590991314,13.232430185394096,20057,3.020919153473899,454791,483242,-28451,-4.285195733932587,68.49911964538803,72.78431537932063,585884,591154,-5270,-0.7937500094135438,88.24391470877508,89.03766471818862,78053,72783,5270,0.7937500094135438,11.75608529122492,10.962335281811377,2680.5,2018-01-01,2018-01-02,2695.81,0.005711620966237563,2018-01-02,2018-01-02,2695.81,0.005711620966237563,2018-01-03,2018-01-03,2713.06,0.012146987502331674,2018-01-04,2018-01-04,2723.99,0.016224584965491395,2018-01-05,2018-01-05,2743.15,0.023372505129640064,0.005711620966237563,0.0,0.006398818907860759,0.004028661363921104,0.007033799683552555,0.01756058475931166,-0.0003617418803864014,0.6594758340777993,5017.0,0.15052205867419133,-0.508953775403608,-0.6293913961729358,-5003.0,0.1691929703957129,0.7985843665686616,0.030084437904862704,14.0,0.17345534779246918,0.14337090988760792,-0.030084437904862704,-14.0,-0.17345534779246563,-0.14337090988760082,0.005711620966237563,0.026409252005222816,0.03578436858794998,0.0591792576011938,-0.025323633650438437,0.015877634769632554,-0.12288752098489086,50.0,S&P 500 Index x $50,134025.0,14881599900.0,11774766375.0,3106833525.0,672403425.0,52671825.0,60953363775.0,64766509050.0,-3813145275.0,-670527075.0,-842481150.0,78523103100.0,79229414850.0,-706311750.0,1876350.0,-789809325.0,10461053325.0,9754741575.0,706311750.0,-1876350.0,789809325.0
2018-01-02,S&P 500 Consolidated - CHICAGO MERCANTILE EXCHANGE,662131,106861,73129,33732,5.094460159696495,16.13895135554747,11.044491195850972,23147,3.495833905979331,452314,494015,-41701,-6.297998432334387,68.31185973772561,74.60985817006001,582322,590290,-7968,-1.2033872451221888,87.94664499925241,89.1500322443746,79809,71841,7968,1.2033872451221888,12.053355000747585,10.849967755625398,2695.81,2018-01-08,2018-01-08,2747.71,0.019252098627128733,2018-01-09,2018-01-09,2751.29,0.020580085391774583,2018-01-10,2018-01-10,2748.23,0.019444990559423836,2018-01-11,2018-01-11,2767.56,0.02661537719646412,2018-01-12,2018-01-12,2786.24,0.03354464891813591,0.019252098627128733,0.0013029031448006378,-0.0011122055472160275,0.007033618001404562,0.006749627831013516,0.014022586080772559,0.005711620966237563,1.6030144351774513,10551.0,-0.5849245543656707,-2.187938989543124,-2.0128026984018,-13250.0,-0.18725990766242262,1.8255427907393766,-0.40963723570864496,-2698.0,-0.2972697095226664,0.11236752618597734,0.40963723570864496,2698.0,0.2972697095226646,-0.11236752618597912,0.020580085391774583,0.029901958965950826,0.0531639841086724,0.0469691855138159,-0.03018016848368399,0.006458170271643748,-0.07009396062778905,50.0,S&P 500 Index x $50,134790.5,14403847620.5,9857094474.5,4546753146.0,1422174565.5,-90174844.5,60967630217.0,66588528857.5,-5620898640.5,-1785974125.0,-147326016.5,78491473541.0,79565484245.0,-1074010704.0,-363664769.0,-237366070.5,10757495014.5,9683484310.5,1074010704.0,363664769.0,237366070.5
2018-01-09,S&P 500 Consolidated - CHICAGO MERCANTILE EXCHANGE,704939,104609,91141,13468,1.91051991732618,14.839440008284404,12.928920090958224,25160,3.569103142257699,491740,514894,-23154,-3.284539513347964,69.75639026922897,73.04092978257694,621510,631195,-9685,-1.3738777397760658,88.1650752760168,89.53895301579286,83429,73744,9685,1.3738777397760658,11.83492472398321,10.461046984207144,2751.29,2018-01-15,2018-01-16,2776.42,0.009133897190045426,2018-01-16,2018-01-16,2776.42,0.009133897190045426,2018-01-17,2018-01-17,2802.56,0.018634894903845067,2018-01-18,2018-01-18,2798.03,0.016988394534927398,2018-01-19,2018-01-19,2810.3,0.021448120699744555,0.009133897190045426,0.0,0.009415002053003496,-0.001616379310344751,0.004385228178396927,0.012202764711390923,0.020580085391774583,-3.1839402423703147,-20264.0,-1.2995113472630653,1.884428895107252,3.013458918986423,18547.0,1.4445305315033607,-1.5689283874830693,-0.170490494653877,-1717.0,0.21843027676437998,0.3889207714182561,0.170490494653877,1717.0,-0.21843027676437465,-0.3889207714182543,0.009133897190045426,0.03192684159067216,0.025856961643447196,-0.020408608325549138,-0.03431844698305164,0.015465472560144633,-0.06428984221946799,50.0,S&P 500 Index x $50,137564.5,14390484780.5,12537766094.5,1852718686.0,-2787607028.0,-640775441.0,67645967230.0,70831135663.0,-3185168433.0,2551408781.5,-416820435.0,85497712395.0,86830024577.5,-1332312182.5,-236198246.5,-1057458311.5,11476868670.5,10144556488.0,1332312182.5,236198246.5,1057458311.5
2018-01-16,S&P 500 Consolidated - CHICAGO MERCANTILE EXCHANGE,719920,112167,88469,23698,3.2917546394043784,15.580481164573841,12.288726525169464,26739,3.714162684742749,501369,535501,-34132,-4.741082342482498,69.642321369041,74.3834037115235,640275,650709,-10434,-1.4493277030781198,88.9369652183576,90.38629292143571,79645,69211,10434,1.4493277030781198,11.063034781642404,9.613707078564286,2776.42,2018-01-22,2018-01-22,2832.97,0.020367955856822606,2018-01-23,2018-01-23,2839.13,0.022586640349802956,2018-01-24,2018-01-24,2837.54,0.022013960423855172,2018-01-25,2018-01-25,2839.25,0.022629861476289648,2018-01-26,2018-01-26,2872.87,0.03473898041362622,0.020367955856822606,0.002174396481431362,-0.0005600307136341964,0.0006026346765155566,0.011841155234656897,0.014084159027451859,0.009133897190045426,1.3812347220781984,10230.0,0.7410411562894375,-0.6401935657887599,-1.4565428291345341,-10978.0,-0.11406890018797355,1.3424739289465606,-0.075449963302054,-749.0,0.7718899423408061,0.8473399056428548,0.075449963302054,749.0,-0.7718899423408061,-0.8473399056428583,0.022586640349802956,0.016571700247080656,-0.02927510967360858,-0.04087277861418659,-0.025223129065487293,0.011932632670849541,-0.059832446099653436,50.0,S&P 500 Index x $50,138821.0,15571135107.0,12281355049.0,3289780058.0,1420138830.0,768235414.0,69600545949.0,74338784321.0,-4738238372.0,-1523976938.0,-1483163564.0,88883615775.0,90332074089.0,-1448458314.0,-103976929.0,-714928150.0,11056398545.0,9607940231.0,1448458314.0,103976929.0,714928150.0
2018-01-23,S&P 500 Consolidated - CHICAGO MERCANTILE EXCHANGE,753197,122767,92787,29980,3.980366358336531,16.29945419325887,12.319087834922337,37001,4.912526204963641,513260,550970,-37710,-5.006658284618766,68.1441906964579,73.15084898107666,673029,680759,-7730,-1.0262919262822343,89.35630386207062,90.38259578835284,80168,72438,7730,1.0262919262822343,10.643696137929386,9.617404211647152,2839.13,2018-01-29,2018-01-29,2853.53,0.005071976274422019,2018-01-30,2018-01-30,2822.43,-0.005882083596031262,2018-01-31,2018-01-31,2823.81,-0.0053960192030657605,2018-02-01,2018-02-01,2821.98,-0.006040582854606846,2018-02-02,2018-02-02,2762.13,-0.02712098424517373,0.005071976274422019,-0.010898781509218525,0.0004889403811609849,-0.0006480605989779287,-0.021208513171602883,-0.03203050257050044,0.022586640349802956,0.6886117189321528,6282.0,0.7189730286850295,0.03036130975287321,-0.2655759421362678,-3578.0,-1.4981306725831018,-1.2325547304468358,0.42303577679588544,2704.0,0.41933864371301866,-0.003697133082866344,-0.42303577679588544,-2704.0,-0.41933864371301866,0.003697133082866344,-0.005882083596031262,-0.0507162405384749,-0.06205774304100198,-0.04327734200265565,-0.07205376294850896,-0.006597091362494867,-0.07263844910236583,50.0,S&P 500 Index x $50,141956.5,17427573635.5,13171717765.5,4255855870.0,891770733.0,965162243.5,72860593190.0,78213772805.0,-5353179615.0,-507920357.0,-1314375233.5,95540841238.5,96638164983.5,-1097323745.0,383850376.0,-349212990.0,11380368692.0,10283044947.0,1097323745.0,-383850376.0,349212990.0
2018-01-30,S&P 500 Consolidated - CHICAGO MERCANTILE EXCHANGE,755004,125846,87550,38296,5.07229100772976,16.668256062219537,11.595965054489778,33423,4.42686396363463,502709,559161,-56452,-7.477046479223951,66.58362074902915,74.0606672282531,661978,680135,-18157,-2.404887921123597,87.67874077488331,90.08362869600691,93026,74869,18157,2.404887921123597,12.321259225116687,9.916371303993092,2822.43,2018-02-05,2018-02-05,2648.94,-0.06146830922290358,2018-02-06,2018-02-06,2695.14,-0.04509943559273388,2018-02-07,2018-02-07,2681.66,-0.04987546192465353,2018-02-08,2018-02-08,2581.0,-0.08553976537947794,2018-02-09,2018-02-09,2619.55,-0.07188132212313492,-0.06146830922290358,0.017440938639606607,-0.0050015954644285765,-0.037536451302551344,0.014936071290197583,-0.011095004039351486,-0.005882083596031262,1.0919246493932286,8316.0,0.36880186896066647,-0.7231227804325595,-2.470388194605185,-18742.0,-1.5605699474287462,0.9098182471764318,-1.3785959948413626,-10427.0,-1.677563087187309,-0.2989670923459329,1.3785959948413626,10427.0,1.677563087187302,0.29896709234594,-0.04509943559273388,-0.056508044486488496,-0.03761652193322762,-0.027688906367916877,-0.05939208412608976,-0.0021754303915419992,-0.06463579256172869,50.0,S&P 500 Index x $50,141121.5,17759576289.0,12355187325.0,5404388964.0,1173566394.0,644078526.0,70943048143.5,78909639061.5,-7966590918.0,-2644899153.0,-2081683246.5,93419328327.0,95981671402.5,-2562343075.5,-1471473880.5,-1437886963.5,13127968659.0,10565625583.5,2562343075.5,1471473880.5,1437886963.5
2018-02-06,S&P 500 Consolidated - CHICAGO MERCANTILE EXCHANGE,764134,133168,96979,36189,4.735949453891595,17.427309869734888,12.691360415843295,49079,6.422826362915404,491143,539013,-47870,-6.264608039951108,64.27445971518084,70.53906775513195,673390,685070,-11680,-1.528527718960287,88.12459594783114,89.65312366679143,90744,79064,11680,1.528527718960287,11.87540405216886,10.346876333208574,2695.14,2018-02-12,2018-02-12,2656.0,-0.014522436682324447,2018-02-13,2018-02-13,2662.94,-0.01194743130226994,2018-02-14,2018-02-14,2698.63,0.0012949234548114141,2018-02-15,2018-02-15,2731.2,0.013379638905585578,2018-02-16,2018-02-16,2732.22,0.01375809790957061,-0.014522436682324447,0.0026129518072288693,0.013402479965752168,0.0120690869070601,0.0003734622144111466,0.028697289156626393,-0.04509943559273388,-0.33634155383816466,-2107.0,0.7590538075153503,1.0953953613535177,1.2124384392728427,8582.0,-2.309161033848312,-3.5215994731211424,0.8763602021633099,6477.0,0.44585517294783017,-0.4305050292154817,-0.8763602021633099,-6477.0,-0.4458551729478266,0.4305050292154817,-0.01194743130226994,0.007836327611923766,0.01823281907433394,0.01223684112884671,-0.00861550791424559,0.06059425484390424,0.01579138746039166,50.0,S&P 500 Index x $50,134757.0,17945320176.0,13068599103.0,4876721073.0,-283932999.0,3061813797.0,66184957251.0,72635774841.0,-6450817590.0,1156484574.0,-3330654012.0,90744016230.0,92317977990.0,-1573961760.0,872821089.0,-268840215.0,12228389208.0,10654427448.0,1573961760.0,-872821089.0,268840215.0
2018-02-13,S&P 500 Consolidated - CHICAGO MERCANTILE EXCHANGE,745984,118641,94110,24531,3.288408330473576,15.903960406657516,12.615552076183938,36789,4.931607112216884,502197,536727,-34530,-4.628785603980782,67.32007657000686,71.94886217398765,657627,667626,-9999,-1.3403772735072066,88.15564408888126,89.49602136238846,88356,78358,9998,1.3402432223747425,11.844221859986273,10.50397863761153,2662.94,2018-02-19,2018-02-20,2716.26,0.020022982117509303,2018-02-20,2018-02-20,2716.26,0.020022982117509303,2018-02-21,2018-02-21,2701.33,0.014416396914688212,2018-02-22,2018-02-22,2703.96,0.015404027127911224,2018-02-23,2018-02-23,2747.3,0.03167927178231578,0.020022982117509303,0.0,-0.00549652831466807,0.0009735944886408721,0.016028343614550522,0.011427477487427451,-0.01194743130226994,-1.447541123418019,-11658.0,-1.5233494630773716,-0.07580833965935696,1.6358224359703257,13340.0,3.0456168548260223,1.4097944188556966,0.18815044545308046,1681.0,0.031048141050121103,-0.15710230440296868,-0.18828449658554458,-1682.0,-0.031182192182587443,0.15710230440295625,0.020022982117509303,0.030545186898691012,0.024476706196910225,0.03844247335651563,0.01821670784921925,0.06647539937062041,0.030714173056846983,50.0,S&P 500 Index x $50,133147.0,15796693227.0,12530464170.0,3266229057.0,-1552227726.0,110911451.0,66866023959.0,71463589869.0,-4597565910.0,1776180980.0,-52992506.0,87561062169.0,88892399022.0,-1331336853.0,223820107.0,57918945.0,11764336332.0,10433132626.0,1331203706.0,-223953254.0,-58052092.0
2018-02-20,S&P 500 Consolidated - CHICAGO MERCANTILE EXCHANGE,743270,109413,97005,12408,1.6693799023235163,14.720491880474121,13.051111978150603,28512,3.836021903211485,523120,542857,-19737,-2.655428040954162,70.38088446997726,73.03631251093142,661045,668374,-7329,-0.9860481386306457,88.93739825366286,89.92344639229351,82225,74896,7329,0.9860481386306457,11.062601746337132,10.076553607706487,2716.26,2018-02-26,2018-02-26,2779.6,0.023318828094512245,2018-02-27,2018-02-27,2744.28,0.010315654613328507,2018-02-28,2018-02-28,2713.83,-0.0008946124450531778,2018-03-01,2018-03-01,2677.67,-0.014207034672675034,2018-03-02,2018-03-02,2691.25,-0.009207513271925483,0.023318828094512245,-0.012706864297021059,-0.011095806550352139,-0.013324342350110263,0.005071573420174946,-0.031785148942293784,0.020022982117509303,-1.6190284281500598,-12123.0,-1.183468526183395,0.4355599019666645,1.9733575630266205,14793.0,3.060807899970399,1.0874503369437747,0.3543291348765609,2670.0,0.7817541647816029,0.42742502990505216,-0.3541950837440968,-2669.0,-0.7816201136491419,-0.4274250299050433,0.010315654613328507,0.004366297777090411,0.018057917872368545,0.00025034422330705297,0.0030114937450758106,0.05400808464579976,0.02337773261764342,50.0,S&P 500 Index x $50,135813.0,14859707769.0,13174540065.0,1685167704.0,-1646460999.0,-2386506036.0,71046496560.0,73727037741.0,-2680541181.0,2009081709.0,2440967049.0,89778504585.0,90773878062.0,-995373477.0,362620710.0,54461013.0,11167223925.0,10171850448.0,995373477.0,-362484897.0,-54461013.0
2018-02-27,S&P 500 Consolidated - CHICAGO MERCANTILE EXCHANGE,751478,108670,95319,13351,1.7766321835103622,14.46083584615917,12.684203662648807,33467,4.4534903217392925,529530,549443,-19913,-2.649844706032645,70.46513670393544,73.1149814099681,671667,678229,-6562,-0.8732125225222827,89.37946287183391,90.25267539435619,79811,73249,6562,0.8732125225222827,10.620537128166093,9.747324605643811,2744.28,2018-03-05,2018-03-05,2720.94,-0.008504963050417702,2018-03-06,2018-03-06,2728.12,-0.005888611949218081,2018-03-07,2018-03-07,2726.8,-0.0063696124302184964,2018-03-08,2018-03-08,2738.97,-0.0019349337531157085,2018-03-09,2018-03-09,2786.57,0.01541023510720474,-0.008504963050417702,0.0026387939462098053,-0.00048384968403136774,0.00446310693853591,0.017378795678667736,0.024120340764588688,0.010315654613328507,0.10725228118684593,943.0,-0.25965603431495055,-0.3669083155017958,0.005583334921516858,-176.0,0.08425223395818193,0.07866889903667129,0.11283561610836301,767.0,0.44206461817104525,0.32922900206267514,-0.11283561610836301,-767.0,-0.44206461817103815,-0.32922900206267514,-0.005888611949218081,0.007663212208666614,-0.00996254026557064,-0.047976154036760255,-0.019830338012156168,0.055839783112510366,0.018081245353972486,50.0,S&P 500 Index x $50,137214.0,14911045380.0,13079101266.0,1831944114.0,129392802.0,-3422803230.0,72658929420.0,75391271802.0,-2732342382.0,-24149664.0,5013662346.0,92162115738.0,93062514006.0,-900398268.0,105243138.0,1590996330.0,10951186554.0,10050788286.0,900398268.0,-105243138.0,-1590996330.0
2018-03-06,S&P 500 Consolidated - CHICAGO MERCANTILE EXCHANGE,744178,103420,91611,11809,1.5868515328321988,13.897212763613007,12.310361230780806,36130,4.855021244917211,524413,546938,-22525,-3.026829602595078,70.46875881845473,73.4955884210498,663963,674679,-10716,-1.4399780697628792,89.22099282698494,90.66097089674781,80215,69499,10716,1.4399780697628792,10.779007173015058,9.339029103252178,2728.12,2018-03-12,2018-03-12,2783.02,0.020123748222218962,2018-03-13,2018-03-13,2765.31,0.013632098294796391,2018-03-14,2018-03-14,2749.48,0.007829567614327848,2018-03-15,2018-03-15,2747.33,0.0070414791138220245,2018-03-16,2018-03-16,2752.01,0.008756946175388247,0.020123748222218962,-0.00636359063175973,-0.005724493818052956,-0.0007819660444884358,0.0017034720983646334,-0.01114257173861477,-0.005888611949218081,-0.1897806506781634,-1542.0,-0.5636230825461634,-0.3738424318680007,-0.37698489656243295,-2612.0,0.0036221145192882886,0.38060701108170747,-0.5667655472405966,-4154.0,-0.15847004484896843,0.40829550239162415,0.5667655472405966,4154.0,0.15847004484896487,-0.40829550239163304,0.013632098294796391,-0.004098060202630371,-0.04233684735275578,-0.04166605574534843,0.007580311716493426,0.06180080055129533,0.02255399322610452,50.0,S&P 500 Index x $50,136406.0,14107108520.0,12496290066.0,1610818454.0,-210338052.0,-3325578280.0,71533079678.0,74605624828.0,-3072545150.0,-356292472.0,3457210070.0,90568536978.0,92030263674.0,-1461726696.0,-566630524.0,131495384.0,10941807290.0,9480080594.0,1461726696.0,566630524.0,-131495384.0
2018-03-13,S&P 500 Consolidated - CHICAGO MERCANTILE EXCHANGE,841393,111244,97327,13917,1.654042760041978,13.221407832011915,11.567365071969936,41626,4.947271964468447,599586,617433,-17847,-2.1211253243133705,71.26111103848022,73.3822363627936,752456,756385,-3929,-0.4669637137461329,89.4297908349606,89.89675454870672,88937,85007,3930,0.46708256427139283,10.570209165039405,10.103126600768011,2765.31,2018-03-19,2018-03-19,2712.92,-0.018945434689058294,2018-03-20,2018-03-20,2716.94,-0.01749170979022241,2018-03-21,2018-03-21,2711.93,-0.01930344156712993,2018-03-22,2018-03-22,2643.69,-0.04398060253642444,2018-03-23,2018-03-23,2588.26,-0.06402537147733878,-0.018945434689058294,0.001481798210046792,-0.001843986249236318,-0.02516289137256489,-0.020966906104724736,-0.04595048877224539,0.013632098294796391,0.06719122720977921,2108.0,-0.6758049316010926,-0.74299615881087,0.9057042782817075,4678.0,0.7923522200254922,-0.1133520582561971,0.9730143560167464,6787.0,0.20879800797565906,-0.7642163480410886,-0.9728955054914864,-6786.0,-0.20879800797565373,0.7640974975158326,-0.01749170979022241,-0.05521623253812413,-0.054554462248355584,-0.039214409957653906,0.007789361771374681,0.04432776072122113,0.009478141691166675,50.0,S&P 500 Index x $50,138265.5,15381207282.0,13456966318.5,1924240963.5,291463674.0,-1467550017.0,82902058083.0,85369682461.5,-2467624378.5,646806009.0,2306683336.5,104038705068.0,104581950217.5,-543245149.5,938407948.5,839271585.0,12296918773.5,11753535358.5,543383415.0,-938269683.0,-838995054.0
2018-03-20,S&P 500 Consolidated - CHICAGO MERCANTILE EXCHANGE,584448,95478,76949,18529,3.170341929478756,16.336440538764784,13.166098609286028,17128,2.93062855891371,397729,428359,-30630,-5.240842641261498,68.05207648926852,73.29291913053001,510335,522437,-12102,-2.0706718134034166,87.319145586947,89.38981740035041,74113,62011,12102,2.0706718134034166,12.680854413053,10.610182599649583,2716.94,2018-03-26,2018-03-26,2658.55,-0.021491089240100902,2018-03-27,2018-03-27,2612.62,-0.03839613683040488,2018-03-28,2018-03-28,2605.0,-0.04120076262265637,2018-03-29,2018-03-29,2640.87,-0.02799840997592884,2018-03-30,2018-04-02,2581.88,-0.049710335892585,-0.021491089240100902,-0.017276334844182117,-0.0029166124426820428,0.01376967370441462,-0.02233733580221664,-0.02883902879389144,-0.01749170979022241,1.5162991694367778,4612.0,3.115032706752869,1.5987335373160914,-3.1197173169481274,-12783.0,-3.209034549211708,-0.08931723226359622,-1.6037080996572837,-8173.0,-2.110645248013597,-0.5069371483563145,1.6035892491320238,8172.0,2.1106452480135953,0.5070559988815724,-0.03839613683040488,-0.03772258496691139,-0.022109431934455692,-0.003883044896096366,0.016801990474577977,0.06896361347692626,0.04255890818347119,50.0,S&P 500 Index x $50,135847.0,12970399866.0,10453290803.0,2517109063.0,626526364.0,831519487.0,54030291463.0,58191285073.0,-4160993610.0,-1736532201.0,-1479781371.0,69327478745.0,70971499139.0,-1644020394.0,-1110277531.0,-648397731.0,10068028711.0,8424008317.0,1644020394.0,1110141684.0,648397731.0
2018-03-27,S&P 500 Consolidated - CHICAGO MERCANTILE EXCHANGE,645461,111689,69265,42424,6.57266666769952,17.30375653989939,10.73108987219987,21036,3.2590660008892867,418975,476863,-57888,-8.968473695544734,64.91097060860376,73.8794443041485,551699,567164,-15465,-2.395961955873399,85.47363822136427,87.86960017723766,93762,78297,15465,2.395961955873399,14.526361778635735,12.130399822762335,2612.62,2018-04-02,2018-04-02,2581.88,-0.011765966730714728,2018-04-03,2018-04-03,2614.45,0.0007004462952897583,2018-04-04,2018-04-04,2644.69,0.012275034256799655,2018-04-05,2018-04-05,2662.84,0.01922208357893629,2018-04-06,2018-04-06,2604.47,-0.003119473938039241,-0.011765966730714728,0.01261483879963432,0.011566486259060316,0.00686280811739759,-0.02192020549488527,0.008749438393728548,-0.03839613683040488,3.4023247382207638,23895.0,0.9673160011346056,-2.4350087370861573,-3.7276310542832363,-27258.0,-3.141105880664753,0.5865251736184973,-0.32529014246998234,-3363.0,-1.8455073655827334,-1.520217223112752,0.32529014246998234,3363.0,1.8455073655827352,1.520217223112752,0.0007004462952897583,0.01693702107463002,0.035891174376679436,0.008397700392709151,0.042271742541969415,0.11595256868584025,0.07878681170625668,50.0,S&P 500 Index x $50,130631.0,14590045759.0,9048156215.0,5541889544.0,3121427745.0,3797835063.0,54731123225.0,62293090553.0,-7561967328.0,-3560739798.0,-4960712225.0,72068992069.0,74089200484.0,-2020208415.0,-439312053.0,-1163007793.0,12248223822.0,10228015407.0,2020208415.0,439312053.0,1163007793.0
2018-04-03,S&P 500 Consolidated - CHICAGO MERCANTILE EXCHANGE,672875,112247,69714,42533,6.321084896897641,16.681701653353148,10.360616756455508,23677,3.518781348690321,428757,488892,-60135,-8.937023964332157,63.72015604681405,72.65718001114621,564681,582284,-17603,-2.6160876834478914,83.92063904885751,86.5367267323054,108194,90591,17603,2.6160876834478914,16.079360951142483,13.463273267694595,2614.45,2018-04-09,2018-04-09,2613.16,-0.0004934116162098601,2018-04-10,2018-04-10,2656.87,0.016225209891181702,2018-04-11,2018-04-11,2642.19,0.010610262196637965,2018-04-12,2018-04-12,2663.99,0.01894853602096047,2018-04-13,2018-04-13,2656.3,0.0160071908049495,-0.0004934116162098601,0.01672687474169199,-0.005525298565605352,0.008250731400845313,-0.0028866474724003055,0.0165087480292061,0.0007004462952897583,-0.25158177080187816,109.0,-0.6220548865462412,-0.37047311574436215,0.03144973121257699,-2247.0,-1.1908145617897148,-1.222264293002297,-0.22012572757449256,-2138.0,-1.552999172506759,-1.332873444932261,0.22012572757449256,2138.0,1.5529991725067482,1.3328734449322592,0.016225209891181702,0.03516609611964272,0.007691866358125132,0.015433456367496268,0.037778500258180525,0.1181816443228978,0.09668955229589393,50.0,S&P 500 Index x $50,130722.49999999999,14673208457.499998,9113188364.999998,5560020092.499999,14248752.499999998,4016318089.9999995,56048186932.49999,63909184469.99999,-7860997537.499999,-293733457.49999994,-4916473224.999999,73816512022.49998,76117620189.99998,-2301108167.4999995,-279484704.99999994,-900285857.4999999,14143390164.999998,11842281997.499998,2301108167.4999995,279484704.99999994,900285857.4999999
2018-04-10,S&P 500 Consolidated - CHICAGO MERCANTILE EXCHANGE,682253,110325,66808,43517,6.378425598714846,16.170687413613425,9.792261814898579,23224,3.4040158123159587,434629,492421,-57792,-8.470757915318803,63.704959890245995,72.1757178055648,568177,582453,-14276,-2.092478889796014,83.27951654298332,85.37199543277933,114076,99800,14276,2.092478889796014,16.72048345701668,14.628004567220664,2656.87,2018-04-16,2018-04-16,2677.84,0.007892745975527582,2018-04-17,2018-04-17,2706.39,0.01863847309051625,2018-04-18,2018-04-18,2708.64,0.019485334246688746,2018-04-19,2018-04-19,2693.13,0.013647638010139795,2018-04-20,2018-04-20,2670.14,0.0049945989077373465,0.007892745975527582,0.01066157798822931,0.0008313657676830566,-0.005726120857699746,-0.008536535555283331,-0.0028754518567204457,0.016225209891181702,0.0573407018172043,984.0,-0.5110142397397226,-0.5683549415569296,0.46626604901335433,2343.0,-0.015196156568052288,-0.4814622055814084,0.5236087936518774,3327.0,-0.6411225058741934,-1.1647312995260677,-0.5236087936518774,-3327.0,0.641122505874197,1.1647312995260695,0.01863847309051625,-0.008397098841870343,-0.0007791122636785497,0.0056645601779539145,0.051553143360420384,0.08411025003105177,0.08330479097584753,50.0,S&P 500 Index x $50,132843.5,14655959137.5,8875008548.0,5780950589.5,130718004.0,3932167600.0,57737637561.5,65414929113.5,-7677291552.0,311252320.5,-5306433607.5,75478621299.5,77375095105.5,-1896473806.0,441970324.5,-1374531694.5,15154255106.0,13257781300.0,1896473806.0,-441970324.5,1374398851.0
2018-04-17,S&P 500 Consolidated - CHICAGO MERCANTILE EXCHANGE,679003,109511,64568,44943,6.6189692829044935,16.128205619120976,9.509236336216482,24288,3.5770092326543477,431810,487252,-55442,-8.165206928393541,63.59471165812227,71.75991858651581,565609,576108,-10499,-1.5462376454890479,83.2999265098976,84.84616415538665,113395,102895,10500,1.5463849202433568,16.70022076485671,15.153835844613353,2706.39,2018-04-23,2018-04-23,2670.29,-0.013338801872605166,2018-04-24,2018-04-24,2634.56,-0.026540890263413552,2018-04-25,2018-04-25,2639.4,-0.024752530123152927,2018-04-26,2018-04-26,2666.94,-0.014576613126711213,2018-04-27,2018-04-27,2669.91,-0.013479210313369516,-0.013338801872605166,-0.01338056915166519,0.0018371189116968,0.01043418958854292,0.0011136358523251566,-0.000142306640851797,0.01863847309051625,0.24054368418964778,1426.0,-0.042481794492449154,-0.28302547868209693,0.3055509869252617,2350.0,-0.11024823212372326,-0.4157992190489921,0.5462412443069662,3777.0,0.020409966914286315,-0.5258312773926832,-0.5460939695526572,-3776.0,-0.020262692159970896,0.5258312773926885,-0.026540890263413552,-0.019062293313232614,-0.012736523560905821,0.001869649237545179,0.038117196708530754,0.03825391019032742,0.07414674160043466,50.0,S&P 500 Index x $50,135319.5,14818973764.5,8737309476.0,6081664288.5,192965607.0,3574329273.0,58432313295.0,65934697014.0,-7502383719.0,318000825.0,-3357547434.0,76537927075.5,77958646506.0,-1420719430.5,511101751.5,216917158.5,15344554702.5,13923699952.5,1420854750.0,-510966432.0,-216781839.0
2018-04-24,S&P 500 Consolidated - CHICAGO MERCANTILE EXCHANGE,685976,115381,68905,46476,6.775164145684396,16.819976209080203,10.044812063395804,25993,3.789199622144215,427710,491952,-64242,-9.36505067232673,62.35057786278237,71.7156285351091,569084,586850,-17766,-2.5898865266423314,82.95975369400679,85.54964022064911,116892,99125,17767,2.590032304337178,17.04024630599321,14.450214001656034,2634.56,2018-04-30,2018-04-30,2648.05,0.005120399611320492,2018-05-01,2018-05-01,2654.8,0.007682497267095911,2018-05-02,2018-05-02,2635.67,0.00042132272561645756,2018-05-03,2018-05-03,2629.73,-0.0018333232114660092,2018-05-04,2018-05-04,2663.42,0.010954390866027008,0.005120399611320492,0.0025490455240648746,-0.007205815880669042,-0.0022536964035709817,0.012811201149927953,0.005804271067389122,-0.026540890263413552,0.1561948627799028,1533.0,0.6917705899592264,0.5355757271793227,-1.1998437439331884,-8800.0,-1.2441337953398985,-0.04429005140670483,-1.0436488811532836,-7267.0,-0.34017281589080994,0.7034760652624641,1.0436473840938212,7267.0,0.34002554113650163,-0.7036218429573182,0.007682497267095911,0.014180736062188837,0.029185139074456412,0.0341157536742378,0.07053929308878915,0.04028376654925303,0.11353698530304857,50.0,S&P 500 Index x $50,131728.0,15198908368.0,9076717840.0,6122190528.0,201939024.0,533761856.0,56341382880.0,64803853056.0,-8462470176.0,-1159206400.0,-836999712.0,74964297152.0,77304576800.0,-2340279648.0,-957267376.0,-303106128.0,15397949376.0,13057538000.0,2340411376.0,957267376.0,303237856.0
2018-05-01,S&P 500 Consolidated - CHICAGO MERCANTILE EXCHANGE,680823,115207,68775,46432,6.819981111096424,16.921725617377792,10.101744506281369,27165,3.9900238387951052,420804,485000,-64196,-9.429176158854798,61.80813515407089,71.23731131292568,563176,580940,-17764,-2.6091950477583747,82.71988461024378,85.32907965800214,117648,99883,17765,2.6093419288126283,17.280262270810475,14.670920341997848,2654.8,2018-05-07,2018-05-07,2672.63,0.0067161368087991224,2018-05-08,2018-05-08,2671.92,0.0064486967003163365,2018-05-09,2018-05-09,2697.79,0.016193310230525837,2018-05-10,2018-05-10,2723.07,0.025715684797348093,2018-05-11,2018-05-11,2727.72,0.027467229169805485,0.0067161368087991224,-0.0002656559269333947,0.009682176113057217,0.009370632999603501,0.0017076314600799058,0.020612654950367126,0.007682497267095911,0.04481696541202762,-44.0,0.10174940829758938,0.05693244288556443,-0.06412548652806827,46.0,-0.5424427087114836,-0.47831722218342065,-0.01930852111604331,2.0,-0.2398690837630113,-0.22056056264696622,0.01930962447545026,-2.0,0.24001596481726395,0.22070634034181325,0.0064486967003163365,0.021338707247250177,0.026231731203857134,0.013206267892119872,0.06082944101250565,0.010482898900105342,0.10962407714328748,50.0,S&P 500 Index x $50,132740.0,15292577180.0,9129193500.0,6163383680.0,-5840560.0,517553260.0,55857522960.0,64378900000.0,-8521377040.0,6106040.0,-539057140.0,74755982240.0,77113975600.0,-2357993360.0,265480.0,-21371140.0,15616595520.0,13258469420.0,2358126100.0,-265480.0,21503880.0
2018-05-08,S&P 500 Consolidated - CHICAGO MERCANTILE EXCHANGE,696497,104503,70846,33657,4.832325193073337,15.004084726854531,10.171759533781193,30184,4.333687007984241,437456,485395,-47939,-6.882872431611335,62.80802358086252,69.69089601247384,572143,586425,-14282,-2.050547238537998,82.14579531570129,84.1963425542393,124354,110072,14282,2.050547238537998,17.85420468429871,15.803657445760713,2671.92,2018-05-14,2018-05-14,2730.13,0.021785831911135034,2018-05-15,2018-05-15,2711.45,0.014794604628880936,2018-05-16,2018-05-16,2722.46,0.018915236983143124,2018-05-17,2018-05-17,2720.13,0.018043204886373898,2018-05-18,2018-05-18,2712.97,0.015363483936644773,0.021785831911135034,-0.006842165025108815,0.004060558004020054,-0.000855843612027285,-0.002632227136203147,-0.006285414980239157,0.0064486967003163365,-1.987655918023087,-12775.0,-1.917640890523261,0.07001502749982436,2.5463037272434628,16257.0,0.9998884267916281,-1.5464153004518408,0.5586478092203766,3482.0,-0.5740892945424889,-1.1327371037628495,-0.5587946902746301,-3483.0,0.5739424134882363,1.1327371037628655,0.014794604628880936,0.01965627713404583,0.006714272882421657,0.028773316566364393,0.06981122189287103,0.03126216353783029,0.07939234707625986,50.0,S&P 500 Index x $50,133596.0,13961182788.0,9464742216.0,4496440572.0,-1706688900.0,-1317256560.0,58442371776.0,64846830420.0,-6404458644.0,2171870172.0,1316321388.0,76436016228.0,78344034300.0,-1908018072.0,465181272.0,-801576.0,16613196984.0,14705178912.0,1908018072.0,-465314868.0,801576.0
2018-05-15,S&P 500 Consolidated - CHICAGO MERCANTILE EXCHANGE,710995,104912,62727,42185,5.93323441093116,14.755659322498751,8.822424911567591,34024,4.785406367133384,443893,500247,-56354,-7.926075429503723,62.43264720567655,70.35872263518027,582829,596998,-14169,-1.9928410185725638,81.9737128953087,83.96655391388124,128166,113997,14169,1.9928410185725638,18.026287104691313,16.03344608611875,2711.45,2018-05-21,2018-05-21,2733.01,0.007951465083258169,2018-05-22,2018-05-22,2724.44,0.004790794593298786,2018-05-23,2018-05-23,2733.29,0.008054730863560122,2018-05-24,2018-05-24,2727.76,0.00601523170259477,2018-05-25,2018-05-25,2721.33,0.0036438068192297113,0.007951465083258169,-0.0031357367883761977,0.003248373977771557,-0.002023202806873625,-0.002357245505469785,-0.0042736762763401215,0.014794604628880936,1.100909217857823,8528.0,-0.2484254043557801,-1.3493346222136022,-1.0432029978923882,-8415.0,-0.3753763751859651,0.6678266227064285,0.05770621996543435,113.0,-0.17208242039259858,-0.22978864035805202,-0.05770621996543435,-113.0,0.17208242039260213,0.2297886403580378,0.004790794593298786,-0.007962529274004537,0.013774917479577375,0.027807999409909856,0.04739530509505996,0.003957292223717879,0.04534842980692999,50.0,S&P 500 Index x $50,135572.5,14223182120.0,8504056207.5,5719125912.5,1156162280.0,-373908955.0,60179683742.5,67819736407.5,-7640052665.0,-1140842587.5,-123642120.0,79015584602.5,80936511355.0,-1920926752.5,15319692.5,-497551075.0,17375785035.0,15454858282.5,1920926752.5,-15319692.5,497415502.5
2018-05-22,S&P 500 Consolidated - CHICAGO MERCANTILE EXCHANGE,731490,101720,62576,39144,5.351269326990116,13.905863374755636,8.55459404776552,34174,4.67183420142449,461900,518895,-56995,-7.791630781008626,63.14508742429835,70.93671820530699,597793,615645,-17852,-2.440498161287236,81.72264829320976,84.16314645449698,133697,115845,17852,2.440498161287236,18.277351706790252,15.836853545503015,2724.44,2018-05-28,2018-05-29,2689.86,-0.012692516627270112,2018-05-29,2018-05-29,2689.86,-0.012692516627270112,2018-05-30,2018-05-30,2724.01,-0.00015783060004981309,2018-05-31,2018-05-31,2705.27,-0.007036308378969625,2018-06-01,2018-06-01,2734.62,0.0037365476942050613,-0.012692516627270112,0.0,0.01269582803565994,-0.006879563584568427,0.01084919435028664,0.01664027124088241,0.004790794593298786,-0.5819650839410437,-3041.0,-0.8497959477431145,-0.26783086380207166,0.13444464849509696,-641.0,0.7124402186218006,0.577995570126717,-0.44765714271467205,-3683.0,-0.25106460209893555,0.1965925406157396,0.44765714271467205,3683.0,0.2510646020989391,-0.19659254061573606,-0.012692516627270112,0.00894128701678154,0.02290745988166365,0.014002877655591606,0.05084347609049922,-0.030299804730513524,0.05135734316042928,50.0,S&P 500 Index x $50,136222.0,13856501840.0,8524227872.0,5332273968.0,-414251102.0,-998779704.0,62920941800.0,70684914690.0,-7763972890.0,-87318302.0,987200834.0,81432558046.0,83864393190.0,-2431835144.0,-501705626.0,-11715092.0,18212472734.0,15780637590.0,2431835144.0,501705626.0,11578870.0
2018-05-29,S&P 500 Consolidated - CHICAGO MERCANTILE EXCHANGE,758381,99316,70677,28639,3.7763340590020054,13.095792220532951,9.319458161530946,32353,4.266061517891403,480964,527153,-46189,-6.09047431304318,63.41983778602048,69.51031209906367,612632,630183,-17551,-2.3142721138847095,80.7815596646013,83.095831778486,145748,128198,17550,2.3141402540411744,19.218308475555162,16.904168221513988,2689.86,2018-06-04,2018-06-04,2746.87,0.021194411605064856,2018-06-05,2018-06-05,2748.8,0.021911921066523954,2018-06-06,2018-06-06,2772.35,0.030667023562564566,2018-06-07,2018-06-07,2770.37,0.029930925773088424,2018-06-08,2018-06-08,2779.03,0.03315042418564529,0.021194411605064856,0.0007026178887243884,0.00856737485448189,-0.0007141955380813858,0.0031259362467830343,0.01170787114060734,-0.012692516627270112,-1.5749352679881108,-10505.0,-0.810071154222685,0.7648641137654266,1.701156467965446,10806.0,0.27475036172212697,-1.42640610624332,0.1262260474025263,301.0,-0.9410886286084548,-1.0673146760109802,-0.12635790724606144,-302.0,0.9409567687649094,1.067314676010973,0.021911921066523954,0.036057638687515325,0.02703858193363229,0.012342649803335437,0.07720104392050131,-0.0028588848490256336,0.04183489103522109,50.0,S&P 500 Index x $50,134493.0,13357306788.0,9505561761.0,3851745027.0,-1412848965.0,-2393033949.0,64686291252.0,70898388429.0,-6212097177.0,1453331358.0,2421815451.0,82394715576.0,84755202219.0,-2360486643.0,40482393.0,28647009.0,19602085764.0,17241733614.0,2360352150.0,-40616886.0,-28915995.0
2018-06-05,S&P 500 Consolidated - CHICAGO MERCANTILE EXCHANGE,764297,106347,64213,42134,5.512778409440309,13.91435528335189,8.401576873911582,31121,4.071846415725823,480210,535498,-55288,-7.2338371078258845,62.830287178936985,70.06412428676286,617678,630832,-13154,-1.7210586983855753,80.81648887801471,82.53754757640027,146619,133466,13153,1.720927859196098,19.1835111219853,17.462583262789202,2748.8,2018-06-11,2018-06-11,2782.0,0.012077997671711138,2018-06-12,2018-06-12,2786.85,0.013842403958090665,2018-06-13,2018-06-13,2775.63,0.009760622817229336,2018-06-14,2018-06-14,2782.49,0.01225625727590196,2018-06-15,2018-06-15,2779.66,0.011226717112921891,0.012077997671711138,0.0017433501078361058,-0.004026050917702695,0.002471510972283708,-0.0010170746345898873,-0.0008411214953271129,0.021911921066523954,1.7364443504383038,13495.0,0.8185630628189386,-0.9178812876193643,-1.1433627947827043,-9099.0,-0.5895506070834955,0.5538121876991937,0.5932134154991342,4397.0,0.034929213413406046,-0.5582842020857299,-0.5932123948450765,-4397.0,-0.03479735356986069,0.5584150412752145,0.013842403958090665,0.005016734575087334,-0.009364086146682271,-0.012943830034924497,0.05381257275902196,-0.017731373690337726,0.019815919674039506,50.0,S&P 500 Index x $50,137440.0,14616331680.0,8825434720.0,5790896960.0,1854752800.0,1165078880.0,66000062400.0,73598845120.0,-7598782720.0,-1250566560.0,-1010046560.0,84893664320.0,86701550080.0,-1807885760.0,604323680.0,155032320.0,20151315360.0,18343567040.0,1807748320.0,-604323680.0,-155169760.0
2018-06-12,S&P 500 Consolidated - CHICAGO MERCANTILE EXCHANGE,808289,110693,65988,44705,5.53081880367047,13.694730473877536,8.163911670207067,37881,4.6865663147710785,506804,566642,-59838,-7.403045197942815,62.70084091209951,70.10388611004232,655378,670511,-15133,-1.8722263942723458,81.08213770074812,82.95436409502047,152912,137778,15134,1.8723501123979172,18.917986017377448,17.04563590497953,2786.85,2018-06-18,2018-06-18,2773.75,-0.0047006476846618295,2018-06-19,2018-06-19,2762.59,-0.008705168918312745,2018-06-20,2018-06-20,2767.32,-0.007007912158888963,2018-06-21,2018-06-21,2749.76,-0.01330893302474112,2018-06-22,2018-06-22,2754.88,-0.011471733318980104,-0.0047006476846618295,-0.004023433979269853,0.0017121614137458607,-0.006345489498865264,0.0018619806819504259,-0.006803064443442919,0.013842403958090665,0.018040394230160572,2571.0,-0.2196248094743538,-0.23766520370451438,-0.16920809011693017,-4550.0,-0.1294462668374763,0.03976182327946276,-0.15116769588677048,-1979.0,0.26564882273341084,0.41681651862019464,0.15142225320181923,1981.0,-0.2655251046078533,-0.41694735780967207,-0.008705168918312745,-0.022889642427830648,-0.026420510612340187,0.0025082081920448918,0.03625598794337681,-0.05384932809444343,0.035477331036833704,50.0,S&P 500 Index x $50,139342.5,15424239352.5,9194932890.0,6229306462.5,358249567.5,351143100.0,70619336370.0,78957312885.0,-8337976515.0,-634008375.0,-485469270.0,91322008965.0,93430679017.5,-2108670052.5,-275758807.5,-134326170.0,21307140360.0,19198330965.0,2108809395.0,276037492.5,134465512.5
2018-06-19,S&P 500 Consolidated - CHICAGO MERCANTILE EXCHANGE,584145,109423,68707,40716,6.970187196672059,18.73216410309084,11.761976906418784,18964,3.2464542194147,380893,426110,-45217,-7.740715062184902,65.20521445873884,72.94592952092374,509280,513782,-4502,-0.770699055885097,87.18383278124439,87.95453183712948,74865,70364,4501,0.7705278655128436,12.816167218755616,12.045639353242773,2762.59,2018-06-25,2018-06-25,2717.07,-0.01647729123757058,2018-06-26,2018-06-26,2723.06,-0.01430903608570222,2018-06-27,2018-06-27,2699.63,-0.02279020773983831,2018-06-28,2018-06-28,2716.31,-0.016752395397073072,2018-06-29,2018-06-29,2718.37,-0.016006718333158476,-0.01647729123757058,0.0022045806696182613,-0.008604290761129008,0.006178624478169192,0.0007583817752760957,0.000478456572704955,-0.008705168918312745,1.4393683930015895,-3989.0,5.0374336292133055,3.598065236211717,-0.33766986424208767,14621.0,2.5043735466393287,2.8420434108814163,1.1015273383872488,10631.0,6.10169508049627,5.000167742109014,-1.1018222468850736,-10633.0,-6.1018187986218315,-4.999996551736757,-0.01430903608570222,-0.017870910992945133,0.01131184866375401,0.016998541223996355,0.05129968616407066,-0.07834314900148065,0.0561646860373779,50.0,S&P 500 Index x $50,138129.5,15114544278.5,9490463556.5,5624080722.0,-550998575.5,217139574.0,52612559643.5,58858361245.0,-6245801601.5,2019591419.5,1626889251.0,70346591760.0,70968450769.0,-621859009.0,1468454714.5,1844028825.0,10341065017.5,9719344138.0,621720879.5,-1468730973.5,-1844166954.5
2018-06-26,S&P 500 Consolidated - CHICAGO MERCANTILE EXCHANGE,592189,117470,75472,41998,7.091992590203465,19.836572445621243,12.744579855417781,19831,3.348761966196603,376523,424892,-48369,-8.167831553777596,63.5815592657074,71.74939081948499,513824,520194,-6370,-1.0756700985665049,86.76689367752525,87.84256377609175,78365,71994,6371,1.0758389635741292,13.23310632247475,12.15726735890062,2723.06,2018-07-02,2018-07-02,2726.71,0.0013404038104192217,2018-07-03,2018-07-03,2713.22,-0.003613581779321806,2018-07-04,2018-07-05,2736.61,0.004976019624980843,2018-07-05,2018-07-05,2736.61,0.004976019624980843,2018-07-06,2018-07-06,2759.82,0.013499518923564047,0.0013404038104192217,-0.00494735413740377,0.00862075320099387,0.0,0.008481296202235589,0.012142838805740297,-0.01430903608570222,0.12180539353140585,1282.0,1.1044083425304017,0.9826029489989967,-0.4271164915926935,-3152.0,-1.6236551930314391,-1.1965387014387545,-0.30497104268140784,-1868.0,-0.41693910371914455,-0.11196806103772872,0.30531109806128565,1870.0,0.4169391037191339,0.11162800565784714,-0.003613581779321806,0.02599281690451183,0.03176206179812424,0.03574654983731551,0.07069252972758577,-0.13659632912972908,0.07136089546319213,50.0,S&P 500 Index x $50,136153.0,15993892910.0,10275739216.0,5718153694.0,174548146.0,1818867927.0,51264736019.0,57850320476.0,-6585584457.0,-429154256.0,-296813540.0,69958679072.0,70825973682.0,-867294610.0,-254333804.0,1522326693.0,10669629845.0,9802199082.0,867430763.0,254606110.0,-1522054387.0
2018-07-03,S&P 500 Consolidated - CHICAGO MERCANTILE EXCHANGE,591994,110650,73386,37264,6.294658391808025,18.6910678148765,12.396409423068476,20390,3.444291665118228,378127,422493,-44366,-7.4943327128315484,63.87345142011574,71.36778413294729,509167,516269,-7102,-1.199674321023524,86.00881090011048,87.208485221134,82827,75724,7103,1.1998432416544762,13.991189099889526,12.79134585823505,2713.22,2018-07-09,2018-07-09,2784.17,0.026149740898268492,2018-07-10,2018-07-10,2793.84,0.029713771828307367,2018-07-11,2018-07-11,2774.02,0.02240879840189902,2018-07-12,2018-07-12,2798.29,0.03135388947449891,2018-07-13,2018-07-13,2801.31,0.0324669580793302,0.026149740898268492,0.0034732074550045677,-0.007094178621538827,0.008749035695488905,0.0010792305300737493,0.006156233275985246,-0.003613581779321806,-0.7973341983954398,-4734.0,-1.1455046307447425,-0.34817043234930445,0.6734988409460474,4003.0,0.2918921544083446,-0.3816066865376939,-0.12400422245701903,-732.0,-0.7580827774147707,-0.6340785549577532,0.12400427808034697,732.0,0.758082777414776,0.6340784993344304,0.029713771828307367,0.0355039399680086,0.03950287849861067,0.03798807321190334,0.07747620907998609,-0.07606091654933989,0.09574969961890312,50.0,S&P 500 Index x $50,135661.0,15010889650.0,9955618146.0,5055271504.0,-642219174.0,-660669070.0,51297086947.0,57315822873.0,-6018735926.0,543050983.0,1481689442.0,69074104387.0,70037568809.0,-963464422.0,-99303852.0,821020372.0,11236393647.0,10272793564.0,963600083.0,99303852.0,-820749050.0
2018-07-10,S&P 500 Consolidated - CHICAGO MERCANTILE EXCHANGE,603377,111163,72581,38582,6.394343834783228,18.42347321823669,12.029129383453462,22037,3.652277100386657,387822,427400,-39578,-6.559414760589151,64.27523753805664,70.83465229864578,521022,522018,-996,-0.16507092580592234,86.35098785667998,86.5160587824859,82355,81359,996,0.16507092580592234,13.649012143320013,13.483941217514092,2793.84,2018-07-16,2018-07-16,2798.43,0.0016429000944935268,2018-07-17,2018-07-17,2809.55,0.005623085072874678,2018-07-18,2018-07-18,2815.62,0.007795722017008844,2018-07-19,2018-07-19,2804.49,0.0038119577355895107,2018-07-20,2018-07-20,2801.83,0.0028598631274516784,0.0016429000944935268,0.00397365665748306,0.0021604883344306103,-0.003952948196134454,-0.0009484790461010695,0.001214966963619002,0.029713771828307367,0.09968544297520321,1318.0,-0.26759459663981033,-0.36728003961501443,0.9349179522423974,4788.0,0.401786117940901,-0.5331318343015141,1.0346033952176015,6106.0,0.342176956569503,-0.6924264386480985,-1.0347723158485538,-6107.0,-0.34217695656951364,0.692595359279041,0.005623085072874678,0.009506628869226486,0.008035535320562337,0.02312587692924417,0.030960971279672345,-0.07854064656530091,0.0664998711450906,50.0,S&P 500 Index x $50,139692.0,15528581796.0,10138985052.0,5389596744.0,184114056.0,-855334116.0,54175630824.0,59704360800.0,-5528729976.0,668845296.0,2830159920.0,72782605224.0,72921738456.0,-139133232.0,852959352.0,1974825804.0,11504334660.0,11365201428.0,139133232.0,-853099044.0,-1974965496.0
2018-07-17,S&P 500 Consolidated - CHICAGO MERCANTILE EXCHANGE,617923,115053,72963,42090,6.811528297215025,18.61931017295035,11.807781875735326,22831,3.694796924535905,392610,434071,-41461,-6.709735679040916,63.53704264123523,70.24677832027615,530494,529865,629,0.10179261817410906,85.85114973872149,85.74935712054739,87429,88059,-630,-0.10195445063543515,14.14885026127851,14.250804711913945,2809.55,2018-07-23,2018-07-23,2806.98,-0.0009147372355003958,2018-07-24,2018-07-24,2820.4,0.0038618284066842534,2018-07-25,2018-07-25,2846.07,0.012998522895125486,2018-07-26,2018-07-26,2837.44,0.009926856614048463,2018-07-27,2018-07-27,2818.82,0.0032994607677385712,-0.0009147372355003958,0.004780938945058377,0.009101545880016992,-0.003032251490652005,-0.006562253298748155,0.004218056416504634,0.005623085072874678,0.41718446243179663,3508.0,0.19583695471365914,-0.22134750771813572,-0.1503209184517651,-1883.0,-0.7381948968214118,-0.587873978369629,0.2668635439800314,1625.0,-0.49983811795848965,-0.7667016619385123,-0.2670253764413575,-1626.0,0.49983811795849675,0.7668634943998534,0.0038618284066842534,0.002398960687654439,0.017404922496485176,0.01082379740527828,0.000131693687601242,-0.07091883041768254,0.06922460892313698,50.0,S&P 500 Index x $50,140477.5,16162357807.5,10249659832.5,5912697975.0,492795070.0,193016085.0,55152871275.0,60977208902.5,-5824337627.5,-264519132.5,527633490.0,74522470885.0,74434110537.5,88360347.5,228275937.5,720790052.5,12281807347.5,12370308172.5,-88500825.0,-228416415.0,-720790052.5
2018-07-24,S&P 500 Consolidated - CHICAGO MERCANTILE EXCHANGE,618863,110228,70292,39936,6.453124520289628,17.81137343806303,11.3582489177734,23231,3.753819504478374,399514,443176,-43662,-7.055196384337083,64.55612954725036,71.61132593158744,532973,536699,-3726,-0.6020718640474548,86.12132248979177,86.72339435383923,85891,82164,3727,0.6022334506991046,13.878839096859888,13.276605646160784,2820.4,2018-07-30,2018-07-30,2802.6,-0.0063111615373706575,2018-07-31,2018-07-31,2816.29,-0.0014572401077861397,2018-08-01,2018-08-01,2813.36,-0.002496099843993793,2018-08-02,2018-08-02,2827.22,0.0024180967238689455,2018-08-03,2018-08-03,2840.35,0.007073464756772063,-0.0063111615373706575,0.00488474987511589,-0.0010403758135703045,0.004926493587738445,0.0046441380578801095,0.013469635338614117,0.0038618284066842534,-0.35840377692539693,-2154.0,-0.8079367348873205,-0.44953295796192627,-0.34546070529616646,-2201.0,1.0190869060151329,1.3645476113112949,-0.7038644822215638,-4355.0,0.2701727510702767,0.9740372332918383,0.7041879013345398,4357.0,-0.27001116441862116,-0.9741990657531616,-0.0014572401077861397,0.013490994185221927,0.006935186498369106,0.015090058147780416,-0.028261948659764613,-0.0664799319245497,0.06561835200680743,50.0,S&P 500 Index x $50,141020.0,15544352560.0,9912577840.0,5631774720.0,-303757080.0,-290783240.0,56339464280.0,62496679520.0,-6157215240.0,-310385020.0,663781140.0,75159852460.0,75685292980.0,-525440520.0,-614142100.0,372856880.0,12112348820.0,11586767280.0,525581540.0,614424140.0,-372856880.0
2018-07-31,S&P 500 Consolidated - CHICAGO MERCANTILE EXCHANGE,615259,108399,72043,36356,5.909056186093987,17.618433862812246,11.70937767671826,21893,3.558338845916923,398020,444088,-46068,-7.487578401941295,64.69145514328112,72.17903354522241,528312,538025,-9713,-1.5786847490243945,85.86822785201029,87.44691260103468,86947,77235,9712,1.5785222158473098,14.131772147989707,12.5532499321424,2816.29,2018-08-06,2018-08-06,2850.4,0.012111678839892281,2018-08-07,2018-08-07,2858.45,0.014970049249189543,2018-08-08,2018-08-08,2857.7,0.014703741447080976,2018-08-09,2018-08-09,2853.58,0.013240823920831923,2018-08-10,2018-08-10,2833.28,0.006032759410430133,0.012111678839892281,0.002824165029469361,-0.00026237996116773576,-0.001441718864821362,-0.0071138709971333425,-0.00600617457198982,-0.0014572401077861397,-0.5440683341956412,-3580.0,-0.19293957525078298,0.35112875894485995,-0.4323820176042128,-2406.0,0.13532559603075356,0.5677076136349655,-0.9766128849769397,-5987.0,-0.2530946377814729,0.7235182471954573,0.9762887651482052,5985.0,0.2529330511298191,-0.7233557140183837,0.014970049249189543,0.00840467423454272,0.016571446832535086,0.02884291035369224,-0.04745960110642011,-0.06259653657826425,0.06991112420950962,50.0,S&P 500 Index x $50,140814.5,15264150985.5,10144699023.5,5119451962.0,-504115910.0,-127859566.0,56046987290.0,62534029676.0,-6487042386.0,-338799687.0,-239666279.0,74393990124.0,75761721362.5,-1367731238.5,-843056411.5,-367666659.5,12243398331.5,10875807907.5,1367590424.0,842774782.5,367385030.5
2018-08-07,S&P 500 Consolidated - CHICAGO MERCANTILE EXCHANGE,631017,109633,73229,36404,5.769099723145335,17.374016864838822,11.604917141693488,22713,3.599427590698824,409378,450983,-41605,-6.593324744024328,64.87590667129412,71.46923141531845,541724,546924,-5200,-0.82406654654312,85.84935112683176,86.67341767337489,89293,84093,5200,0.82406654654312,14.150648873168233,13.326582326625115,2858.45,2018-08-13,2018-08-13,2821.93,-0.01277615490912909,2018-08-14,2018-08-14,2839.96,-0.006468540642655896,2018-08-15,2018-08-15,2818.37,-0.014021585124805336,2018-08-16,2018-08-16,2840.69,-0.006213157480452591,2018-08-17,2018-08-17,2850.13,-0.0029106683692209367,-0.01277615490912909,0.00638924424064391,-0.00760221974957398,0.007919471183698512,0.0033231362802699227,0.00999316070916012,0.014970049249189543,-0.1399564629486516,48.0,-0.2444169979734241,-0.10446053502477248,0.8942536579169671,4463.0,0.1844515280129997,-0.709802129903963,0.7546182024812745,4513.0,-0.01887672517852934,-0.7734949276597973,-0.7544556693041898,-4512.0,0.01887672517852579,0.7733323944827148,-0.006468540642655896,0.0015777781664889634,0.013668246777099435,0.01338837481852062,-0.036033514667039857,-0.04224317374801034,0.00815826759257643,50.0,S&P 500 Index x $50,142922.5,15669022442.5,10466071752.5,5202950690.0,6860280.0,-311285205.0,58509327205.0,64455617817.5,-5946290612.5,637863117.5,-289703907.5,77424548390.0,78167745390.0,-743197000.0,645009242.5,-600846190.0,12761978792.5,12018781792.5,743197000.0,-644866320.0,600846190.0
2018-08-14,S&P 500 Consolidated - CHICAGO MERCANTILE EXCHANGE,628840,109110,70085,39025,6.205871127790854,17.35099548374785,11.145124355957,21502,3.4193117486165,407762,452242,-44480,-7.073341390496787,64.84352140449082,71.91686279498761,538374,543829,-5455,-0.8674702627059346,85.61382863685516,86.4812988995611,90466,85011,5455,0.8674702627059346,14.386171363144836,13.518701100438903,2839.96,2018-08-20,2018-08-20,2857.05,0.006017690390005548,2018-08-21,2018-08-21,2862.96,0.008098705615572133,2018-08-22,2018-08-22,2861.82,0.007697291511148174,2018-08-23,2018-08-23,2856.98,0.005993042155523209,2018-08-24,2018-08-24,2874.69,0.012229045479513756,0.006017690390005548,0.0020685672284348477,-0.0003981892866123937,-0.001691231454109654,0.0061988533346399866,0.006174200661521523,-0.006468540642655896,0.4367714046455182,2621.0,-0.023021381090970294,-0.45979278573648763,-0.4800166464724587,-2875.0,-0.03238526680330267,0.44763137966916133,-0.04340371616281469,-255.0,-0.23552248997660286,-0.19211877381378883,0.04340371616281469,255.0,0.23552248997660286,0.19211877381378883,0.008098705615572133,0.020267891097057733,0.019986196988689864,0.016876998267581156,-0.04147241510443811,-0.03353216242482293,0.030408878998295696,50.0,S&P 500 Index x $50,141998.0,15493401780.0,9951929830.0,5541471950.0,372176758.0,-435223870.0,57901388476.0,64217459516.0,-6316071040.0,-408244250.0,-428691962.0,76448031252.0,77222630342.0,-774599090.0,-36209490.0,-863915832.0,12845991068.0,12071391978.0,774599090.0,36209490.0,864057830.0
2018-08-21,S&P 500 Consolidated - CHICAGO MERCANTILE EXCHANGE,632271,104801,78574,26227,4.148063093198961,16.57532924964137,12.42726615644241,22409,3.54420810064039,413630,446157,-32527,-5.144471278929447,65.41973299423823,70.56420427316768,540840,547140,-6300,-0.9964081857304858,85.53927034451999,86.53567853025048,91431,85131,6300,0.9964081857304858,14.460729655480009,13.464321469749521,2862.96,2018-08-27,2018-08-27,2896.74,0.01179897728225332,2018-08-28,2018-08-28,2897.52,0.012071422583619817,2018-08-29,2018-08-29,2914.04,0.01784167435102124,2018-08-30,2018-08-30,2901.13,0.01333235532455923,2018-08-31,2018-08-31,2901.52,0.013468577975242368,0.01179897728225332,0.0002692682118519141,0.005701427427593275,-0.004430275493816138,0.00013443037712890238,0.0016501308367338208,0.008098705615572133,-2.0578080345918925,-12798.0,-0.7756662341064811,1.2821418004854106,1.9288701115673401,11953.0,0.576211589747416,-1.352658521819933,-0.1289379230245512,-845.0,-0.07455829233516909,0.05437963068938245,0.1289379230245512,845.0,0.07455829233517264,-0.05437963068938245,0.012071422583619817,0.011791991505295085,0.00870777097828812,0.014443093860899259,-0.0772172856065052,-0.02906083214575117,0.013115796238857724,50.0,S&P 500 Index x $50,143148.0,15002053548.0,11247710952.0,3754342596.0,-1832008104.0,-1962415932.0,59210307240.0,63866482236.0,-4656174996.0,1711048044.0,1593952980.0,77420164320.0,78321996720.0,-901832400.0,-120960060.0,-368462952.0,13088164788.0,12186332388.0,901832400.0,120960060.0,368319804.0
2018-08-28,S&P 500 Consolidated - CHICAGO MERCANTILE EXCHANGE,646116,109212,76945,32267,4.993994886367155,16.902847166762626,11.908852280395472,26880,4.1602436714150395,419167,458147,-38980,-6.032972407431482,64.87488314791771,70.9078555553492,555260,561972,-6712,-1.0388227500944103,85.93812875706529,86.97695150715971,90857,84144,6713,1.038977521064329,14.062026013904624,13.023048492840294,2897.52,2018-09-03,2018-09-04,2896.72,-0.00027609818051310686,2018-09-04,2018-09-04,2896.72,-0.00027609818051310686,2018-09-05,2018-09-05,2888.6,-0.003078494712719815,2018-09-06,2018-09-06,2878.05,-0.006719539468234781,2018-09-07,2018-09-07,2871.68,-0.008917971230569588,-0.00027609818051310686,0.0,-0.002803170482476691,-0.0036522883057535926,-0.0022133041469051262,-0.00864425971443561,0.012071422583619817,0.8459317931681936,6040.0,0.32751791712125566,-0.5184138760469388,-0.8885011285020354,-6453.0,-0.5448498463205169,0.34365128218152563,-0.042414564363924434,-412.0,0.3988584125452945,0.4412729769092323,0.04256933533384322,413.0,-0.3987036415753842,-0.44127297690922695,-0.00027609818051310686,-0.0033235318479251097,0.002343383307104041,0.0062260139705678785,-0.07432217896684057,-0.03576161683094503,-0.009787680499185547,50.0,S&P 500 Index x $50,144876.0,15822197712.0,11147483820.0,4674713892.0,875051040.0,-592397964.0,60727238292.0,66374504772.0,-5647266480.0,-934884828.0,1026881088.0,80443847760.0,81416255472.0,-972407712.0,-59688912.0,434772876.0,13162998732.0,12190446144.0,972552588.0,59833788.0,-434483124.0
2018-09-04,S&P 500 Consolidated - CHICAGO MERCANTILE EXCHANGE,648498,109088,74611,34477,5.316438909603423,16.82164015926032,11.5052012496569,22821,3.5190548004774107,423317,468319,-45002,-6.939420013631499,65.27653130772956,72.21595132136105,555225,565752,-10527,-1.6232895089884625,85.6170720649871,87.24036157397556,93273,82747,10526,1.62313530650827,14.382927935012907,12.759792628504638,2896.72,2018-09-10,2018-09-10,2877.13,-0.006762821397994889,2018-09-11,2018-09-11,2887.89,-0.00304827529067353,2018-09-12,2018-09-12,2888.92,-0.0026927007097682365,2018-09-13,2018-09-13,2904.18,0.0025753265762655797,2018-09-14,2018-09-14,2904.98,0.002851501008036772,-0.006762821397994889,0.0037398379635260603,0.00035666178420923345,0.005282250806529776,0.00027546501938591206,0.009679785063587687,-0.00027609818051310686,0.322444023236268,2210.0,-0.08120700750230725,-0.40365103073857256,-0.9064476062000164,-6022.0,0.40164815981184177,1.3080957660118457,-0.5844667588940522,-3815.0,-0.3210566920781872,0.263410066815851,0.584157785443941,3813.0,0.3209019211082822,-0.2632558643356564,-0.00304827529067353,0.0026202049214283374,0.006503907868209646,0.009220773840757923,-0.06789057969013224,-0.03696249551216535,0.003296832279267692,50.0,S&P 500 Index x $50,144836.0,15799869568.0,10806358796.0,4993510772.0,320087560.0,-279098972.0,61311541012.0,67829450684.0,-6517909672.0,-872202392.0,-492007892.0,80416568100.0,81941256672.0,-1524688572.0,-552549340.0,-771541372.0,13509288228.0,11984744492.0,1524543736.0,552259668.0,771396536.0
2018-09-11,S&P 500 Consolidated - CHICAGO MERCANTILE EXCHANGE,653358,105418,79502,25916,3.9665849350585742,16.134798992282946,12.16821405722437,24845,3.802662552536282,428953,465356,-36403,-5.571677395853422,65.6535926704808,71.22527006633423,559215,569703,-10488,-1.6052455162407133,85.59090115985417,87.19614667609488,94143,83656,10487,1.6050924607948474,14.409098840145832,12.804006379350986,2887.89,2018-09-17,2018-09-17,2888.8,0.0003151089549811026,2018-09-18,2018-09-18,2904.31,0.00568581213273367,2018-09-19,2018-09-19,2907.95,0.006946247952657414,2018-09-20,2018-09-20,2930.75,0.014841285506026924,2018-09-21,2018-09-21,2929.67,0.014467310042972636,0.0003151089549811026,0.005369011354195541,0.00125330973621951,0.007840574975498171,-0.00036850635502849727,0.01414774300747701,-0.00304827529067353,-1.3498539745448483,-8561.0,-0.6868411669773735,0.6630128075674708,1.3677426177780765,8599.0,0.3770613627512489,-0.9906812550268143,0.01804399274774915,39.0,-0.02617090513292908,-0.04421489788067845,-0.01804284571342274,-39.0,0.026170905132925526,0.04421375084634782,0.00568581213273367,0.009581389872882928,0.012306562923102948,-0.002614365505611227,-0.08695275789590318,-0.03337038460606179,0.03168403228654837,50.0,S&P 500 Index x $50,144394.5,15221779401.0,11479651539.0,3742127862.0,-1236161314.5,-1892867500.5,61938453958.5,67194846942.0,-5256392983.5,1241648305.5,1166274376.5,80747570317.5,82261979833.5,-1514409516.0,5631385.5,-726737518.5,13593731413.5,12079466292.0,1514265121.5,-5631385.5,726593124.0
2018-09-18,S&P 500 Consolidated - CHICAGO MERCANTILE EXCHANGE,726708,105610,75488,30122,4.14499358752071,14.53265961018731,10.3876660226666,29674,4.083345717949989,497257,535507,-38250,-5.263462078303803,68.42597026591149,73.68943234421528,632541,640669,-8128,-1.118468490783093,87.04197559404878,88.16044408483187,94168,86039,8129,1.1186060976348133,12.95816201280294,11.839555915168127,2904.31,2018-09-24,2018-09-24,2919.37,0.005185396875677872,2018-09-25,2018-09-25,2915.56,0.003873553442986566,2018-09-26,2018-09-26,2905.97,0.0005715643302539597,2018-09-27,2018-09-27,2914.0,0.003336420698892395,2018-09-28,2018-09-28,2913.98,0.003329534381660393,0.005185396875677872,-0.0013050760951849316,-0.00328924803468289,0.0027632769780832067,-6.863417982172493e-06,-0.0018462887540804385,0.00568581213273367,0.17840865246213555,4206.0,-1.6021393820956362,-1.7805480345577696,0.30821531754961917,-1847.0,2.772377595430683,2.4641622778810444,0.48677702545762025,2360.0,1.4510744341946094,0.9642974087369822,-0.486486363160034,-2358.0,-1.4509368273428915,-0.9644504641828586,0.003873553442986566,0.006583319273768984,-0.008253251202523071,-0.03249997417631034,-0.12331672583160891,-0.024701219911097527,0.034910185207502,50.0,S&P 500 Index x $50,145215.5,15336208955.0,10962027664.0,4374181291.0,610776393.0,565614372.5,72209423883.5,77763916758.5,-5554492875.0,-268213028.5,-831068306.5,91854757585.5,93035069169.5,-1180311584.0,342708580.0,-265453934.0,13674653204.0,12494196404.5,1180456799.5,-342418149.0,265599149.5
2018-09-25,S&P 500 Consolidated - CHICAGO MERCANTILE EXCHANGE,579634,102290,62633,39657,6.841731161388048,17.647342978500227,10.805611817112178,15998,2.7600175283023427,391422,446257,-54835,-9.460280107792158,67.52916495581694,76.98944506360911,509710,524887,-15177,-2.6183764237432587,87.93652546261951,90.55490188636277,69924,54746,15178,2.6185489464041103,12.063474537380484,9.444925590976375,2915.56,2018-10-01,2018-10-01,2924.59,0.0030971751567452355,2018-10-02,2018-10-02,2923.43,0.002699309909588443,2018-10-03,2018-10-03,2925.51,0.0034127234562142394,2018-10-04,2018-10-04,2901.61,-0.004784672584340566,2018-10-05,2018-10-05,2885.57,-0.010286188588127132,0.0030971751567452355,-0.00039663679353352244,0.0007114930065028613,-0.008169515742554312,-0.005527965508803745,-0.013342041106616631,0.003873553442986566,2.6967375738673383,9535.0,3.1146833683129174,0.41794579444557733,-4.196818029488355,-16585.0,-0.8968053100945497,3.300012719393834,-1.4999079329601657,-7049.0,0.8945498685707349,2.394457801530905,1.499942848769297,7049.0,-0.8946874754224563,-2.394630324191752,0.002699309909588443,-0.012080012073152235,-0.0362331764738163,-0.05997818600886273,-0.19360260121554695,-0.03330406508526662,0.017506070874891977,50.0,S&P 500 Index x $50,145778.0,14911631620.0,9130513474.0,5781118146.0,1389993230.0,1077299420.0,57060716316.0,65054452946.0,-7993736630.0,-2417728130.0,-2311310190.0,74304504380.0,76516977086.0,-2212472706.0,-1027589122.0,-1234010770.0,10193380872.0,7980762388.0,2212618484.0,1027589122.0,1234010770.0
2018-10-02,S&P 500 Consolidated - CHICAGO MERCANTILE EXCHANGE,590542,106683,59448,47235,7.998584351324715,18.06526885471313,10.066684503388412,18288,3.096816145168337,399342,456552,-57210,-9.687710611607642,67.62296331166962,77.31067392327726,524313,534288,-9975,-1.6891262602829267,88.78504831155108,90.47417457183401,66230,56254,9976,1.6892955962488698,11.21512102441486,9.52582542816599,2923.43,2018-10-08,2018-10-08,2884.43,-0.013340493871924375,2018-10-09,2018-10-09,2880.34,-0.014739535408749171,2018-10-10,2018-10-10,2785.68,-0.047119308483527966,2018-10-11,2018-10-11,2728.37,-0.06672299319634811,2018-10-12,2018-10-12,2767.13,-0.0534645946713278,-0.013340493871924375,-0.0014179577940874877,-0.032864175757028824,-0.020573073719881707,0.014206284338267983,-0.04066661350769463,0.002699309909588443,1.1568531899366672,7578.0,0.41792587621290167,-0.7389273137237655,-0.22743050381548358,-2375.0,0.09379835585268381,0.3212288596681532,0.9292501634603321,5202.0,0.8485228489315659,-0.08072731452875814,-0.9292533501552405,-5202.0,-0.848353512965625,0.08089983718961591,-0.014739535408749171,-0.0388276784462086,-0.06250876538860173,-0.08236899806049736,-0.14249699838887875,-0.019220573093934212,0.005753515562199274,50.0,S&P 500 Index x $50,146171.5,15594014134.5,8689603332.0,6904410802.5,1107687627.0,1864855997.0,58372419153.0,66734890668.0,-8362471515.0,-347157312.5,-1784461672.0,76639617679.5,78097678392.0,-1458060712.5,760384143.0,80686668.0,9680938445.0,8222731561.0,1458206884.0,-760384143.0,-80394325.0
2018-10-09,S&P 500 Consolidated - CHICAGO MERCANTILE EXCHANGE,611580,113016,59204,53812,8.798848883220511,18.47934857254979,9.680499689329277,18630,3.046208182085745,405821,472190,-66369,-10.85205533209065,66.35615945583571,77.20821478792635,537467,550024,-12557,-2.0532064488701396,87.88171621047124,89.93492265934138,74113,61556,12557,2.0532064488701396,12.11828378952876,10.065077340658622,2880.34,2018-10-15,2018-10-15,2750.79,-0.044977329065318705,2018-10-16,2018-10-16,2809.92,-0.024448502607331113,2018-10-17,2018-10-17,2809.21,-0.024695001284570584,2018-10-18,2018-10-18,2768.78,-0.038731538637799656,2018-10-19,2018-10-19,2767.78,-0.03907871987334821,-0.044977329065318705,0.021495643069809,-0.0002526762327753618,-0.014391946490294405,-0.00036116990154511086,0.006176407504753234,-0.014739535408749171,0.8002645318957962,6577.0,0.4140797178366604,-0.38618481405913485,-1.1643447204830082,-9159.0,-1.2668038558339134,-0.10245913535091233,-0.3640801885872129,-2582.0,-0.9033321010798403,-0.5392519124926309,0.36391085262126976,2581.0,0.9031627651139011,0.5392519124926309,-0.024448502607331113,-0.04848385954435941,-0.06864120208031,-0.04335946450766237,-0.10621315539137755,-0.0007429678440741272,0.004416145316177955,50.0,S&P 500 Index x $50,144017.0,16276225272.0,8526382468.0,7749842804.0,947199809.0,4017498232.0,58445122957.0,68003387230.0,-9558264273.0,-1319051703.0,-4315613422.0,77404384939.0,79212806408.0,-1808421469.0,-371851894.0,-297971173.0,10673531921.0,8865110452.0,1808421469.0,371707877.0,298115190.0
2018-10-16,S&P 500 Consolidated - CHICAGO MERCANTILE EXCHANGE,627161,103949,59744,44205,7.0484293506770985,16.57453189850772,9.526102547830622,22911,3.6531289413723114,427847,484517,-56670,-9.035957274128972,68.21964375973634,77.2556010338653,554706,567172,-12466,-1.9876873721420816,88.44714515092616,90.43483252306824,72455,59989,12466,1.9876873721420816,11.552854849073842,9.56516747693176,2809.92,2018-10-22,2018-10-22,2755.88,-0.019231864252363007,2018-10-23,2018-10-23,2740.69,-0.024637712105682774,2018-10-24,2018-10-24,2656.1,-0.054741772007744105,2018-10-25,2018-10-25,2705.57,-0.037136288577610754,2018-10-26,2018-10-26,2658.69,-0.05382003758114107,-0.019231864252363007,-0.00551185102399232,-0.030864490329077787,0.018625051767629408,-0.01732721755489608,-0.035266412180501305,-0.024448502607331113,-1.7504195325434129,-9607.0,-1.9048166740420704,-0.1543971414986558,1.8160980579616783,9699.0,1.8634843039006341,0.04738624593895224,0.06551907672805801,91.0,0.5654289404549218,0.499909863726856,-0.06551907672805801,-91.0,-0.5654289404549182,-0.4999098637268613,-0.024637712105682774,-0.045300222070379204,-0.01938489352010031,-0.031225088258740596,-0.07104116843184138,0.03457037922787842,0.06610864366245295,50.0,S&P 500 Index x $50,140496.0,14604418704.0,8393793024.0,6210625680.0,-1349745072.0,1978605168.0,60110792112.0,68072700432.0,-7961908320.0,1362670704.0,-2587936320.0,77933974176.0,79685397312.0,-1751423136.0,12785136.0,-609471648.0,10179637680.0,8428214544.0,1751423136.0,-12785136.0,609331152.0
2018-10-23,S&P 500 Consolidated - CHICAGO MERCANTILE EXCHANGE,634547,107270,58753,48517,7.645926936854165,16.904973154076846,9.25904621722268,19911,3.1378290339407484,434052,495563,-61511,-9.693686992452884,68.40344371654109,78.09713070899397,561233,574228,-12995,-2.047917648338106,88.44624590455868,90.4941635528968,73314,60319,12995,2.047917648338106,11.553754095441315,9.50583644710321,2740.69,2018-10-29,2018-10-29,2641.25,-0.036282833884897614,2018-10-30,2018-10-30,2682.63,-0.021184446252585976,2018-10-31,2018-10-31,2711.74,-0.010563033396699506,2018-11-01,2018-11-01,2740.37,-0.00011675891837459318,2018-11-02,2018-11-02,2723.06,-0.0064326866591990495,-0.036282833884897614,0.015666824420255576,0.010851291456518197,0.0105577968389301,-0.006316665267828814,0.030973970657832472,-0.024637712105682774,0.5974975861770666,4312.0,0.3304412555691272,-0.2670563306079412,-0.6577297183239121,-4841.0,0.18379995680474792,0.8415296751286689,-0.06023027619602428,-529.0,-0.0008992463674815099,0.05933102982855587,0.06023027619602428,529.0,0.0008992463674726281,-0.05933102982855054,-0.021184446252585976,0.005385505110026889,-0.00675377368472907,-0.03604931604814854,-0.039329511911234016,0.07041657392846323,0.09315172456571141,50.0,S&P 500 Index x $50,137034.5,14699690815.0,8051187978.5,6648502836.5,590892764.0,1214125670.0,59480098794.0,67909227923.5,-8429129129.5,-663384014.5,-914842322.0,76908283538.5,78689046866.0,-1780763327.5,-72491250.5,299009279.0,10046547333.0,8265784005.5,1780763327.5,72491250.5,-299146313.5
2018-10-30,S&P 500 Consolidated - CHICAGO MERCANTILE EXCHANGE,651135,112379,56965,55414,8.51037035330615,17.258940158338902,8.748569805032751,22359,3.4338501232463314,443319,515000,-71681,-11.008623403748839,68.08403787233063,79.09266127607945,578057,594324,-16267,-2.4982530504426883,88.77682815391586,91.27508120435854,73078,56811,16267,2.4982530504426883,11.223171846084146,8.724918795641457,2682.63,2018-11-05,2018-11-05,2738.31,0.02075575088625703,2018-11-06,2018-11-06,2755.45,0.027145003224447573,2018-11-07,2018-11-07,2813.89,0.048929595210670085,2018-11-08,2018-11-08,2806.83,0.04629784949843985,2018-11-09,2018-11-09,2781.01,0.03667296645456153,0.02075575088625703,0.006259335137365651,0.02120887695294771,-0.0025089822274502183,-0.009198989607493102,0.01559355953124375,-0.021184446252585976,0.8644434164519854,6897.0,0.3539670042620564,-0.510476412189929,-1.314936411295955,-10170.0,-0.3194058442104648,0.9955305670854813,-0.45033540210458245,-3272.0,0.33058224935717817,0.7809176514617491,0.45033540210458245,3272.0,-0.3305822493571693,-0.7809176514617526,0.027145003224447573,0.014742994747691585,-0.015186589279923113,-0.00017147351666091382,-0.015891121772290684,0.09811267301118676,0.13205697393975302,50.0,S&P 500 Index x $50,134131.5,15073563838.5,7640800897.5,7432762941.0,925104955.5,1097061538.5,59463042448.5,69077722500.0,-9614680051.5,-1364117355.0,-1941016936.5,77535652495.5,79717569606.0,-2181917110.5,-438878268.0,-843955398.0,9802061757.0,7620144646.5,2181917110.5,438878268.0,843821266.5
2018-11-06,S&P 500 Consolidated - CHICAGO MERCANTILE EXCHANGE,642723,96904,55204,41700,6.488020500277725,15.077101644098626,8.5890811438209,21853,3.400065035793024,451239,504650,-53411,-8.310111821111116,70.2073832739765,78.51749509508763,569996,581707,-11711,-1.8220913208333918,88.68454995386816,90.50664127470154,72727,61016,11711,1.8220913208333918,11.315450046131849,9.493358725298457,2755.45,2018-11-12,2018-11-12,2726.22,-0.010608067647752684,2018-11-13,2018-11-13,2722.18,-0.012074252844363031,2018-11-14,2018-11-14,2701.58,-0.019550345678564285,2018-11-15,2018-11-15,2730.2,-0.009163657478814757,2018-11-16,2018-11-16,2736.27,-0.006960750512620351,-0.010608067647752684,-0.001481905348797996,-0.007567464311691308,0.010593800664796094,0.0022232803457622463,0.0036864229592623587,0.027145003224447573,-2.022349853028426,-13714.0,-2.181838514240276,-0.15948866121185112,2.698511582637723,18270.0,2.123345401645878,-0.5751661809918289,0.6761617296092965,4556.0,-0.09227820004770138,-0.7684399296570064,-0.6761617296092965,-4556.0,0.09227820004770315,0.7684399296569993,-0.012074252844363031,-0.04121286904135435,-0.026594567130595603,-0.020101979712932483,-0.0064417790197608404,0.04667114264457717,0.11583225970349664,50.0,S&P 500 Index x $50,137772.5,13350706340.0,7605593090.0,5745113250.0,-1889412065.0,-1668700520.0,62168325127.5,69526892125.0,-7358566997.5,2517103575.0,1785256055.0,78529773910.0,80143227657.5,-1613453747.5,627691510.0,116555535.0,10019780607.5,8406326860.0,1613453747.5,-627691510.0,-116555535.0
2018-11-13,S&P 500 Consolidated - CHICAGO MERCANTILE EXCHANGE,648679,98843,56358,42485,6.549464372979548,15.237582841436211,8.688118468456665,21379,3.2957749518637107,457063,509559,-52496,-8.092754659854874,70.4605821985913,78.55333685844616,577285,587296,-10011,-1.5432902868753267,88.99393999189121,90.53723027876653,71394,61383,10011,1.5432902868753267,11.006060008108786,9.46276972123346,2722.18,2018-11-19,2018-11-19,2690.73,-0.011553240417606414,2018-11-20,2018-11-20,2641.89,-0.029494743183771766,2018-11-21,2018-11-21,2649.93,-0.026541227986393245,2018-11-22,2018-11-23,2632.56,-0.032922143282222316,2018-11-23,2018-11-23,2632.56,-0.032922143282222316,-0.011553240417606414,-0.018151208036480848,0.00304327583661701,-0.006554890129173208,0.0,-0.021618668539764352,-0.012074252844363031,0.06144387270182339,785.0,0.16048119733758526,0.09903732463576453,0.21735716125624194,915.0,0.253198924614793,0.035841763358533285,0.2788010339580651,1700.0,0.30939003802305365,0.030589004064992764,-0.2788010339580651,-1700.0,-0.30939003802306253,-0.030589004064996317,-0.029494743183771766,-0.014697778985959697,-0.008125840319155975,-0.03137191515623494,0.008283801952846614,0.04122798639325831,0.13579557560484634,50.0,S&P 500 Index x $50,136109.0,13453421887.0,7670831022.0,5782590865.0,106845565.0,-234107480.0,62210387867.0,69355565931.0,-7145178064.0,124539735.0,568118966.0,78573684065.0,79936271264.0,-1362587199.0,231385300.0,334147595.0,9717365946.0,8354778747.0,1362587199.0,-231385300.0,-334147595.0
2018-11-20,S&P 500 Consolidated - CHICAGO MERCANTILE EXCHANGE,668984,103368,54411,48957,7.318112241847338,15.451490618609713,8.133378376762373,27582,4.122968561280987,463186,528318,-65132,-9.735957810650179,69.23723138371022,78.9731891943604,594137,610312,-16175,-2.4178455688028415,88.81184004400703,91.22968561280987,74847,58672,16175,2.4178455688028415,11.188159955992969,8.770314387190128,2641.89,2018-11-26,2018-11-26,2673.45,0.011945993209406813,2018-11-27,2018-11-27,2682.17,0.015246660534693035,2018-11-28,2018-11-28,2743.79,0.038570871610854374,2018-11-29,2018-11-29,2737.8,0.03630355540919572,2018-11-30,2018-11-30,2760.17,0.044770978352618895,0.011945993209406813,0.003261703042884756,0.02297393528374414,-0.0021831116812874862,0.008170794068229847,0.0324374871420825,-0.029494743183771766,0.7686478688677898,6472.0,0.2139077771735014,-0.554740091694292,-1.6432031507953049,-12636.0,-1.2233508148810728,0.41985233591424276,-0.8745552819275149,-6164.0,-0.1820999478841827,0.6924553340433448,0.8745552819275149,6164.0,0.1820999478841827,-0.6924553340433324,0.015246660534693035,0.022018327788060787,-0.0019342213339691439,-0.03623542236807742,0.05218612432765957,0.0842086536532558,0.1810408457581505,50.0,S&P 500 Index x $50,132094.5,13654344276.0,7187393839.5,6466950436.5,854915604.0,58121580.0,61184323077.0,69787902051.0,-8603578974.0,-1669146102.0,-478314184.5,78482229946.5,80618858484.0,-2136628537.5,-814230498.0,-420060510.0,9886877041.5,7750248504.0,2136628537.5,814230498.0,420060510.0
2018-11-27,S&P 500 Consolidated - CHICAGO MERCANTILE EXCHANGE,667115,97227,53045,44182,6.622846135973558,14.574248817670115,7.9514026816965595,30242,4.533251388441274,465516,524032,-58516,-8.771501165466224,69.78047263215488,78.5519737976211,592985,607319,-14334,-2.1486550294926663,88.88797283826626,91.03662786775894,74130,59796,14334,2.1486550294926663,11.112027161733733,8.963372132241068,2682.17,2018-12-03,2018-12-03,2790.37,0.04034047058911239,2018-12-04,2018-12-04,2700.06,0.006669972447682193,2018-12-05,2018-12-06,2695.95,0.005137631097208439,2018-12-06,2018-12-06,2695.95,0.005137631097208439,2018-12-07,2018-12-07,2633.08,-0.01830234474324899,0.04034047058911239,-0.03236488351007216,-0.0015221883958135285,0.0,-0.02332016543333515,-0.056368868644660064,0.015246660534693035,-0.6952661058737801,-4775.0,-0.877241800939597,-0.18197569506581335,0.9644566451839545,6616.0,0.5432412484446587,-0.4212153967392993,0.2691905393101752,1841.0,0.07613279425923736,-0.1930577450509361,-0.2691905393101752,-1841.0,-0.07613279425923558,0.19305774505093964,0.006669972447682193,-0.016922864695377182,-0.050708940894872545,-0.12343363768888627,0.041656569121271136,0.04482191658246859,0.17088775133567213,50.0,S&P 500 Index x $50,134108.5,13038967129.5,7113785382.5,5925181747.0,-640368087.5,-1506306672.0,62429652486.0,70277145472.0,-7847492986.0,887261836.0,1765538402.5,79524328872.5,81446640111.5,-1922311239.0,246893748.5,259231730.5,9941463105.0,8019151866.0,1922311239.0,-246893748.5,-259231730.5
2018-12-04,S&P 500 Consolidated - CHICAGO MERCANTILE EXCHANGE,681655,85683,60262,25421,3.7293058805407426,12.56984838371317,8.840542503172426,30447,4.466629013210495,484378,522764,-38386,-5.631294423131936,71.05911348115981,76.69040790429176,600508,613473,-12965,-1.9019885425911935,88.09559087808348,89.99757942067468,81147,68182,12965,1.9019885425911935,11.904409121916512,10.00242057932532,2700.06,2018-12-10,2018-12-10,2637.72,-0.02308837581387091,2018-12-11,2018-12-11,2636.78,-0.023436516225565307,2018-12-12,2018-12-12,2651.07,-0.018144041243527864,2018-12-13,2018-12-13,2650.54,-0.018340333177781276,2018-12-14,2018-12-14,2599.95,-0.03707695384547016,-0.02308837581387091,-0.00035636837875119287,0.005419488922094429,-0.00019991927787654795,-0.019086676677205427,-0.01431918475046634,0.006669972447682193,-2.893540255432815,-18761.0,-2.0044004339569454,0.8891398214758661,3.1402067423342883,20130.0,1.2786408490049297,-1.8615658933293417,0.24666648690147275,1369.0,-0.7923819601827802,-1.0390484470842551,-0.24666648690147275,-1369.0,0.7923819601827784,1.0390484470842516,-0.023436516225565307,-0.05699873336148087,-0.12924157240950207,-0.0715576690888351,0.03318074413161187,0.038225076479782016,0.14560417175914608,50.0,S&P 500 Index x $50,135003.0,11567462049.0,8135550786.0,3431911263.0,-2532791283.0,-2197713837.0,65392483134.0,70574708292.0,-5182225158.0,2717610390.0,2028420075.0,81070381524.0,82820695419.0,-1750313895.0,184819107.0,-169293762.0,10955088441.0,9204774546.0,1750313895.0,-184819107.0,169293762.0
2018-12-11,S&P 500 Consolidated - CHICAGO MERCANTILE EXCHANGE,693855,90457,51467,38990,5.619329687038358,13.0368736983952,7.41754401135684,29266,4.217884140058081,490802,543958,-53156,-7.660966628474249,70.735528316435,78.39649494490924,610525,624691,-14166,-2.041636941435891,87.99028615488827,90.03192309632416,83330,69164,14166,2.041636941435891,12.00971384511173,9.96807690367584,2636.78,2018-12-17,2018-12-17,2545.94,-0.03445111082456642,2018-12-18,2018-12-18,2546.16,-0.03436767572569588,2018-12-19,2018-12-19,2506.96,-0.049234293342637625,2018-12-20,2018-12-20,2467.42,-0.06422985611237952,2018-12-21,2018-12-21,2416.62,-0.08349577894249816,-0.03445111082456642,8.641209140813899e-05,-0.015395733182517968,-0.015772090500047797,-0.020588306814405377,-0.050794598458722584,-0.023436516225565307,1.8900238064976156,13569.0,0.46702531468202935,-1.4229984918155854,-2.0296722053423126,-14770.0,-0.32358516472481824,1.7060870406174757,-0.13964839884469749,-1201.0,-0.10530472319521778,0.03434367564948104,0.13964839884469749,1201.0,0.10530472319521778,-0.034343675649479266,-0.03436767572569588,-0.10834426838795819,-0.04927601089207301,-0.02365385052981306,0.05868521454197917,0.09441060687656888,0.18800961779139702,50.0,S&P 500 Index x $50,131839.0,11925760423.0,6785357813.0,5140402610.0,1788923391.0,-460777305.0,64706844878.0,71714878762.0,-7008033884.0,-1947262030.0,-87013740.0,80491005475.0,82358636749.0,-1867631274.0,-158338639.0,-547791045.0,10986143870.0,9118512596.0,1867631274.0,158338639.0,547791045.0
2018-12-18,S&P 500 Consolidated - CHICAGO MERCANTILE EXCHANGE,709900,97530,50754,46776,6.58909705592337,13.73855472601775,7.149457670094379,31067,4.376250176081138,484212,552074,-67862,-9.559374559797154,68.20848006761516,77.76785462741232,612809,633895,-21086,-2.970277503873785,86.32328496971404,89.29356247358783,97091,76005,21086,2.970277503873785,13.676715030285955,10.706437526412172,2546.16,2018-12-24,2018-12-24,2351.1,-0.0766094825148459,2018-12-25,2018-12-26,2467.7,-0.030815031262764303,2018-12-26,2018-12-26,2467.7,-0.030815031262764303,2018-12-27,2018-12-27,2488.83,-0.0225162597794325,2018-12-28,2018-12-28,2485.74,-0.023729852012442265,-0.0766094825148459,0.049593807154098,0.0,0.008562629168861635,-0.0012415472330372657,0.05726681127982647,-0.03436767572569588,0.9697673688850115,7786.0,0.7016810276225502,-0.2680863412624612,-1.8984079313229056,-14706.0,-2.5270482488198382,-0.6286403174969166,-0.9286405624378942,-6920.0,-1.6670011851742288,-0.7383606227363373,0.9286405624378942,6920.0,1.6670011851742252,0.738360622736332,-0.0766094825148459,-0.015438935495019956,0.011095139347095273,0.025190875671599722,0.11248703930624959,0.1459413391145883,0.253856788261539,50.0,S&P 500 Index x $50,127308.0,12416349240.0,6461390232.0,5954959008.0,991220088.0,-277658748.0,61644061296.0,70283436792.0,-8639375496.0,-1872191448.0,-347550840.0,78015488172.0,80699904660.0,-2684416488.0,-880971360.0,-625209588.0,12360461028.0,9676044540.0,2684416488.0,880971360.0,625209588.0
2018-12-24,S&P 500 Consolidated - CHICAGO MERCANTILE EXCHANGE,588676,93092,55680,37412,6.35527862525396,15.813792306803743,9.458513681549782,21337,3.6245744688079693,395776,456903,-61127,-10.38381044921145,67.23155012264812,77.61536057185955,510205,533920,-23715,-4.028531823957491,86.66991689825983,90.69844872221732,78471,54756,23715,4.028531823957491,13.330083101740176,9.301551277782686,2351.1,2018-12-31,2018-12-31,2506.85,0.06624558717196205,2019-01-01,2019-01-02,2510.03,0.0675981455488921,2019-01-02,2019-01-02,2510.03,0.0675981455488921,2019-01-03,2019-01-03,2447.89,0.041167963931776574,2019-01-04,2019-01-04,2531.94,0.07691718769937483,0.06624558717196205,0.0012685242435728217,0.0,-0.02475667621502542,0.0343356931888279,0.010008576500389,-0.0766094825148459,-0.23381843066940977,-9364.0,2.075237580785993,2.309056011455403,-0.8244358894142962,6735.0,-0.9769299449670399,-0.15249405555276496,-1.0582543200837056,-2629.0,0.34663192854578995,1.404886248629495,1.0582543200837056,2629.0,-0.3466319285457793,-1.4048862486294862,0.06624558717196205,0.09498107268937939,0.11024626770447887,0.11985878950278606,0.19878354812640908,0.24085747097103494,0.37100931478882226,50.0,S&P 500 Index x $50,117555.0,10943430060.0,6545462400.0,4397967660.0,-1100785020.0,-795847350.0,46525447680.0,53711232165.0,-7185784485.0,791732925.0,-306936105.0,59977148775.0,62764965600.0,-2787816825.0,-309052095.0,-1102783455.0,9224658405.0,6436841580.0,2787816825.0,309052095.0,1102783455.0
2018-12-31,S&P 500 Consolidated - CHICAGO MERCANTILE EXCHANGE,575768,82493,48426,34067,5.916792874907949,14.327472176293229,8.410679301385281,28372,4.9276792041238835,386910,437898,-50988,-8.855650192438622,67.19894124022176,76.05459143266037,497775,514696,-16921,-2.938857317530672,86.45409262063886,89.39294993816954,77993,61072,16921,2.938857317530672,13.545907379361132,10.60705006183046,2506.85,2019-01-07,2019-01-07,2549.69,0.017089175658695277,2019-01-08,2019-01-08,2574.41,0.02695015657099553,2019-01-09,2019-01-09,2584.96,0.03115862536649594,2019-01-10,2019-01-10,2596.64,0.03581785906615864,2019-01-11,2019-01-11,2596.26,0.03566627440812198,0.017089175658695277,0.009695296290921585,0.0040980263439003295,0.004518445159692908,-0.00014634296629478794,0.018264965544831036,0.06624558717196205,-0.4384857503460111,-3345.0,-1.4863201305105136,-1.0478343801645007,1.5281602567728285,10139.0,-0.03260888242635929,-1.5607691391991807,1.0896745064268187,6794.0,-0.21582427762096756,-1.305498784047785,-1.0896745064268187,-6794.0,0.2158242776209569,1.3054987840477743,0.02695015657099553,0.041266928615593335,0.05028222669884519,0.053114466362167656,0.14376209186828093,0.18595448471188947,0.2887807407702896,50.0,S&P 500 Index x $50,125342.5,10339878852.5,6069835905.0,4270042947.5,-419270662.5,1083711255.0,48496266675.0,54887230065.0,-6390963390.0,1270847607.5,-1579566185.0,62392362937.5,64513283380.0,-2120920442.5,851576945.0,-495854930.0,9775837602.5,7654917160.0,2120920442.5,-851576945.0,495854930.0
2019-01-08,S&P 500 Consolidated - CHICAGO MERCANTILE EXCHANGE,573742,77947,47840,30107,5.247480574892547,13.585723199626312,8.338242624733766,29760,5.187000428764148,385240,422951,-37711,-6.572814958639945,67.14516280837032,73.71797776701025,492948,500550,-7602,-1.3249857950089066,85.91806073113003,87.24304652613893,80794,73191,7603,1.3251600893781526,14.08193926886998,12.75677917949183,2574.41,2019-01-14,2019-01-14,2582.61,0.003185195831277854,2019-01-15,2019-01-15,2610.3,0.013941058339580925,2019-01-16,2019-01-16,2616.1,0.016194001732435792,2019-01-17,2019-01-17,2635.96,0.023908390660384304,2019-01-18,2019-01-18,2670.71,0.03740662909171433,0.003185195831277854,0.010721711756711327,0.002221966823736654,0.007591452926111408,0.013183052853609212,0.03411277738411922,0.02695015657099553,-0.6693123000154015,-3960.0,-0.7417489766669174,-0.07243667665151499,2.282835233798677,13277.0,-0.053778431851441155,-2.3366136656501197,1.6138715225217655,9319.0,-0.5360318895088341,-2.1499034120306106,-1.6136972281525195,-9318.0,0.5360318895088483,2.1497291176613693,0.013941058339580925,0.022719768801395368,0.02547768226506264,0.06342812527919017,0.11800373677852405,0.1574030554573671,0.25744539525561194,50.0,S&P 500 Index x $50,128720.5,10033376813.5,6157988720.0,3875388093.5,-509733180.0,-1143424201.5,49588285420.0,54442464195.5,-4854178775.5,1709022078.5,1988088122.5,63452513034.0,64431046275.0,-978533241.0,1199546339.5,844921362.0,10399844077.0,9421182115.5,978661961.5,-1199417619.0,-844792641.5
2019-01-15,S&P 500 Consolidated - CHICAGO MERCANTILE EXCHANGE,585987,77083,58845,18238,3.1123557348541864,13.154387384020463,10.04203164916628,29721,5.0719555211975695,396276,418256,-21980,-3.750936454221681,67.62539100696773,71.37632746118942,503080,506823,-3743,-0.6387513716174591,85.85173391218576,86.49048528380322,82907,79164,3743,0.6387513716174591,14.148266087814235,13.509514716196774,2610.3,2019-01-21,2019-01-22,2632.9,0.008658008658008587,2019-01-22,2019-01-22,2632.9,0.008658008658008587,2019-01-23,2019-01-23,2638.7,0.010879975481745241,2019-01-24,2019-01-24,2642.33,0.012270620235221852,2019-01-25,2019-01-25,2664.76,0.020863502279431456,0.008658008658008587,0.0,0.0022028941471379238,0.001375677416909804,0.0084887201825663,0.012100725435831183,0.013941058339580925,-2.135124840038361,-11869.0,-0.43133581560584844,1.7037890244325133,2.8218785044182644,15731.0,0.48022819859741617,-2.341650305820835,0.6862344233914475,3859.0,-0.06632681894426184,-0.7525612423357018,-0.6864087177606935,-3860.0,0.06632681894425474,0.7527355367049449,0.008658008658008587,0.011378002528444897,0.04880665057656186,0.05149982760602212,0.1136880818296746,0.1508408995134658,0.25776730643987267,50.0,S&P 500 Index x $50,130515.00000000001,10060487745.000002,7680155175.000001,2380332570.0000005,-1549082535.0000002,-3724637070.0000005,51719962140.00001,54588681840.00001,-2868719700.0000005,2053131465.0000002,5988289230.000001,65659486200.00001,66148003845.00001,-488517645.00000006,503657385.00000006,2263521645.0000005,10820607105.000002,10332089460.000002,488517645.00000006,-503787900.00000006,-2263521645.0000005
2019-01-22,S&P 500 Consolidated - CHICAGO MERCANTILE EXCHANGE,595185,74669,64229,10440,1.754076463620555,12.545511059586515,10.79143459596596,36540,6.139267622671942,400224,411373,-11149,-1.8731990893587707,67.24363013180775,69.11682922116653,511433,512141,-708,-0.11895461075127903,85.92840881406622,86.04736342481749,83751,83043,708,0.11895461075127903,14.071423170946847,13.95246856019557,2632.9,2019-01-28,2019-01-28,2643.85,0.00415891222606235,2019-01-29,2019-01-29,2640.0,0.0026966462835655847,2019-01-30,2019-01-30,2681.05,0.018287819514603676,2019-01-31,2019-01-31,2704.1,0.02704242470279916,2019-02-01,2019-02-01,2706.53,0.027965361388583077,0.00415891222606235,-0.001456209694195909,0.015549242424242493,0.008597377892989533,0.000898635405495396,0.023707850294078847,0.008658008658008587,-1.3582792712336313,-7798.0,-0.6088763244339486,0.7494029467996803,1.8777373648629103,10831.0,-0.38176087515998347,-2.259498240022893,0.5197967608661801,3035.0,0.07667490188045178,-0.44312185898573375,-0.5197967608661801,-3035.0,-0.07684291686738831,0.44295384399879545,0.0026966462835655847,0.0398040183827717,0.042474078012837424,0.05577879904288041,0.11423905199589801,0.1415055642067682,0.2612670439439402,50.0,S&P 500 Index x $50,131645.0,9829800505.0,8455426705.0,1374373800.0,-1026567710.0,-3550728940.0,52687488480.0,54155198585.0,-1467710105.0,1425846995.0,6579353810.0,67327597285.0,67420801945.0,-93204660.0,399542575.0,3028756515.0,11025400395.0,10932195735.0,93204660.0,-399542575.0,-3028756515.0
2019-01-29,S&P 500 Consolidated - CHICAGO MERCANTILE EXCHANGE,599443,75192,68555,6637,1.1071945122388618,12.543644683481164,11.436450171242303,38968,6.500701484544819,397508,407735,-10227,-1.706083814474437,66.31289380308053,68.01897761755497,511668,515259,-3591,-0.5990561237682315,85.35723997110651,85.95629609487474,87775,84184,3591,0.5990561237682315,14.64276002889349,14.043703905125257,2640.0,2019-02-04,2019-02-04,2724.87,0.0321477272727273,2019-02-05,2019-02-05,2737.7,0.03700757575757563,2019-02-06,2019-02-06,2731.61,0.034700757575757635,2019-02-07,2019-02-07,2706.05,0.02501893939393951,2019-02-08,2019-02-08,2707.88,0.025712121212121186,0.0321477272727273,0.004708481505539597,-0.002224495014062744,-0.009357119061652264,0.0006762624489569102,-0.006235159842487792,0.0026966462835655847,-0.6468819513816932,-3803.0,-0.0018663761053510086,0.6450155752763429,0.16711527488433364,922.0,-0.930736328727221,-1.0978516036115593,-0.4801015130169525,-2883.0,-0.5711688429597075,-0.0910673299427458,0.4801015130169525,2883.0,0.5713368579466422,0.09123534492968766,0.03700757575757563,0.03967045454545448,0.052939393939394064,0.058295454545454595,0.1158446969696969,0.14135606060606065,0.24099999999999988,50.0,S&P 500 Index x $50,132000.0,9925344000.0,9049260000.0,876084000.0,-501996000.0,-3620760000.0,52471056000.0,53821020000.0,-1349964000.0,121704000.0,5380452000.0,67540176000.0,68014188000.0,-474012000.0,-380556000.0,1759560000.0,11586300000.0,11112288000.0,474012000.0,380556000.0,-1759560000.0
2019-02-05,S&P 500 Consolidated - CHICAGO MERCANTILE EXCHANGE,592490,66660,82883,-16223,-2.738105284477375,11.250822798697024,13.988928083174399,38724,6.535806511502304,397726,382078,15648,2.641057233033469,67.12788401492008,64.48682678188662,503111,503685,-574,-0.09687927222400379,84.9146821043393,85.01156137656332,89379,88805,574,0.09687927222400379,15.085317895660685,14.98843862343668,2737.7,2019-02-11,2019-02-11,2709.8,-0.010191036271322562,2019-02-12,2019-02-12,2744.73,0.0025678489242795255,2019-02-13,2019-02-13,2753.03,0.005599590897468865,2019-02-14,2019-02-14,2745.73,0.0029331190415313735,2019-02-15,2019-02-15,2775.6,0.01384373744383982,-0.010191036271322562,0.012890250202966858,0.003023976857468691,-0.0026516238471793185,0.010878709851296353,0.024282234851280338,0.03700757575757563,-3.845299796716237,-22860.0,-1.2928218847841393,2.5524779119320957,4.347141047507906,25875.0,0.8149902118395573,-3.5321508356683466,0.5021768515442276,3017.0,-0.44255786676720277,-0.9447347183114232,-0.5021768515442276,-3017.0,0.44255786676719566,0.9447347183114232,0.0025678489242795255,0.01536326113160702,0.020528180589546086,0.01897578259122623,0.05345728165978758,0.0526244657924535,0.20451108594805878,50.0,S&P 500 Index x $50,136885.0,9124754100.0,11345439455.0,-2220685355.0,-3129191100.0,-6341882050.0,54442723510.0,52300747030.0,2141976480.0,3541899375.0,7304046715.0,68868349235.0,68946921225.0,-78571990.0,412982045.0,962027780.0,12234644415.0,12156072425.0,78571990.0,-412982045.0,-962164665.0
2019-02-12,S&P 500 Consolidated - CHICAGO MERCANTILE EXCHANGE,591539,66222,81070,-14848,-2.5100627346633106,11.194866272553458,13.704929007216768,37928,6.4117496902148465,397651,377943,19708,3.3316484627387206,67.22312476438577,63.89147630164705,501801,496941,4860,0.8215857280754101,84.82974072715407,84.00815499907867,89737,94597,-4860,-0.8215857280754101,15.170090222284582,15.991675950359992,2744.73,2019-02-18,2019-02-19,2779.76,0.012762639676762388,2019-02-19,2019-02-19,2779.76,0.012762639676762388,2019-02-20,2019-02-20,2784.7,0.014562452408797943,2019-02-21,2019-02-21,2774.88,0.01098468701839539,2019-02-22,2019-02-22,2792.67,0.017466198861090243,0.012762639676762388,0.0,0.0017771318387196366,-0.003526412180845262,0.006411088047050706,0.004644285837626327,0.0025678489242795255,0.22804254981406435,1375.0,-0.055956526143566165,-0.28399907595763096,0.6905912297052517,4060.0,0.09524074946568817,-0.595350480239567,0.9184650002994139,5434.0,-0.0849413771852312,-1.0034063774846516,-0.9184650002994139,-5434.0,0.08477232662389689,1.003237326923312,0.012762639676762388,0.01791433037129342,0.016365908486444924,0.017047214115778253,0.032673523443107255,0.06615951295755873,0.22334437267053597,50.0,S&P 500 Index x $50,137236.5,9088075503.0,11125763055.0,-2037687552.0,188700187.5,-4540606839.0,54572231461.5,51867574519.5,2704656942.0,557180190.0,5721115212.0,68865412936.5,68198443546.5,666969390.0,745743141.0,1180645609.5,12315191800.5,12982161190.5,-666969390.0,-745743141.0,-1180645609.5
2019-02-19,S&P 500 Consolidated - CHICAGO MERCANTILE EXCHANGE,589295,64215,81107,-16892,-2.8664760434078005,10.89691920006109,13.76339524346889,38095,6.464504195691462,392106,372501,19605,3.326856667713115,66.53815152003666,63.21129485232354,494416,491704,2712,0.4602109300095877,83.89957491578922,83.43936398577961,94879,97591,-2712,-0.4602109300095877,16.100425084210794,16.560636014220382,2779.76,2019-02-25,2019-02-25,2796.11,0.005881802745560716,2019-02-26,2019-02-26,2793.9,0.005086770080870329,2019-02-27,2019-02-27,2792.38,0.004539960284341005,2019-02-28,2019-02-28,2784.49,0.0017015857484097285,2019-03-01,2019-03-01,2803.69,0.008608656862462816,0.005881802745560716,-0.0007903837831845228,-0.0005440423780378456,-0.0028255466662847617,0.0068953381050032014,0.002710909084406632,0.012762639676762388,-0.35641330874448984,-2044.0,-0.2979470724923683,0.05846623625212288,-0.004791795025605783,-103.0,-0.6849732443491092,-0.6801814493235128,-0.3613747980658224,-2148.0,-0.9301658113648585,-0.5687910132990623,0.3613747980658224,2148.0,0.9303348619262124,0.5689600638603896,0.005086770080870329,0.003557861110311533,0.004230581057357297,0.01899804299651775,0.03043428209629595,0.04343900192822403,0.21243920338446465,50.0,S&P 500 Index x $50,138988.0,8925114420.0,11272899716.0,-2347785296.0,-284091472.0,-3798820016.0,54498028728.0,51773168988.0,2724859740.0,-14315764.0,4274436952.0,68717891008.0,68340955552.0,376935456.0,-298546224.0,475338960.0,13187042452.0,13563977908.0,-376935456.0,298546224.0,-475338960.0
2019-02-26,S&P 500 Consolidated - CHICAGO MERCANTILE EXCHANGE,603122,68637,77097,-8460,-1.4027012776851118,11.380284585871516,12.782985863556625,39828,6.603639064733172,400435,391485,8950,1.4839452051160462,66.39369812409429,64.90975291897824,508900,508410,490,0.08124392743093437,84.37762177469898,84.29637784726805,94222,94712,-490,-0.08124392743093437,15.622378225301018,15.703622152731953,2793.9,2019-03-04,2019-03-04,2792.81,-0.0003901356526719857,2019-03-05,2019-03-05,2789.65,-0.0015211711228032554,2019-03-06,2019-03-06,2771.45,-0.008035362754572506,2019-03-07,2019-03-07,2748.93,-0.016095780092344136,2019-03-08,2019-03-08,2743.07,-0.01819320662872681,-0.0003901356526719857,-0.0011314768996100177,-0.0065241159285216455,-0.008125710368218741,-0.0021317385309919112,-0.01781001929955839,0.005086770080870329,1.4637747657226887,8432.0,0.4833653858104263,-0.9804093799122651,-1.8429114625970686,-10655.0,-0.14445339594237794,1.6984580666547018,-0.37896700257865334,-2222.0,0.4780468589097637,0.8570138614884399,0.37896700257865334,2222.0,-0.47804685890977616,-0.8570138614884293,-0.0015211711228032554,-0.0008518558287698985,0.013840867604423934,0.00879057947671713,0.0030387630194350645,0.026937256165217027,0.11965711013278924,50.0,S&P 500 Index x $50,139695.0,9588245715.0,10770065415.0,-1181819700.0,1177908240.0,-2108975415.0,55938767325.0,54688497075.0,1250270250.0,-1488450225.0,2678931015.0,71090785500.0,71022334950.0,68450550.0,-310402290.0,570095295.0,13162342290.0,13230792840.0,-68450550.0,310402290.0,-570095295.0
2019-03-05,S&P 500 Consolidated - CHICAGO MERCANTILE EXCHANGE,571144,65931,79808,-13877,-2.4296849831215948,11.543673749527263,13.973358732648858,34585,6.055390584511087,394522,377251,17271,3.0239309175969633,69.07574972336224,66.05181880576527,495038,491644,3394,0.5942459344753687,86.67481405740058,86.08056812292521,76107,79500,-3393,-0.5940708472819465,13.325361029792838,13.919431877074784,2789.65,2019-03-11,2019-03-11,2783.3,-0.002276271216819281,2019-03-12,2019-03-12,2791.52,0.0006703349882601906,2019-03-13,2019-03-13,2810.92,0.007624612406574194,2019-03-14,2019-03-14,2808.48,0.006749950710662533,2019-03-15,2019-03-15,2822.48,0.011768501424909816,-0.002276271216819281,0.0029533287823806376,0.006949618845646821,-0.0008680432029370966,0.004984902865607044,0.014076815291200973,-0.0015211711228032554,-1.026983705436483,-5417.0,0.16338916365574718,1.1903728690922328,1.539985712480917,8321.0,2.6820515992679503,1.142065886787023,0.5130020070444343,2904.0,2.2971922827016016,1.784190275657167,-0.5128269198510121,-2903.0,-2.2970171955081806,-1.7841902756571688,0.0006703349882601906,0.01538544261824959,0.010327460434104596,0.027813524994174887,0.004882332909146303,0.04180452744968011,0.07661176133206671,50.0,S&P 500 Index x $50,139482.5,9196220707.5,11131819360.0,-1935598652.5,-755576702.5,327225945.0,55028914865.0,52619912607.5,2409002257.5,1160633882.5,226380097.5,69049137835.0,68575734230.0,473403605.0,405057180.0,553466560.0,10615594627.5,11088858750.0,-473264122.5,-404917697.5,-553327077.5
2019-03-12,S&P 500 Consolidated - CHICAGO MERCANTILE EXCHANGE,620260,68217,76034,-7817,-1.2602779479573083,10.998129816528552,12.258407764485861,40602,6.5459645954922125,427056,416605,10451,1.6849385741463256,68.85112694676427,67.16618837261792,535875,533241,2634,0.4246606261890175,86.39522135878502,85.97056073259601,84386,87020,-2634,-0.4246606261890175,13.604939863928031,14.029600490117048,2791.52,2019-03-18,2019-03-18,2832.94,0.014837794463231635,2019-03-19,2019-03-19,2832.57,0.014705250186278551,2019-03-20,2019-03-20,2824.23,0.011717630538201407,2019-03-21,2019-03-21,2854.88,0.02269731185877233,2019-03-22,2019-03-22,2800.71,0.0032921132572936163,0.014837794463231635,-0.0001306063665308388,-0.0029443226469249018,0.010852515552911779,-0.018974527826038257,-0.011376873495379414,0.0006703349882601906,1.1694070351642865,6060.0,-0.5455439329987115,-1.7149509681629969,-1.3389923434506377,-6820.0,-0.22462277659796825,1.114369566852659,-0.16958530828635116,-760.0,-0.27959269861555924,-0.11000739032920137,0.16941022109292897,759.0,0.2795788341351937,0.11016861304226389,0.014705250186278551,0.009650656273284763,0.02712500716455546,0.031051183584570374,0.03374505645669745,0.06730025219235403,0.032494841520032125,50.0,S&P 500 Index x $50,139576.0,9521455992.0,10612521584.0,-1091065592.0,845830560.0,981358856.0,59606768256.0,58148059480.0,1458708776.0,-951908320.0,-1292055032.0,74795289000.0,74427645816.0,367643184.0,-106077760.0,-310696176.0,11778260336.0,12145903520.0,-367643184.0,105938184.0,310696176.0
2019-03-19,S&P 500 Consolidated - CHICAGO MERCANTILE EXCHANGE,520024,67024,72507,-5483,-1.0543744134886082,12.888635909111887,13.943010322600497,26665,5.127647954709783,360190,355719,4471,0.8597680107071981,69.26411088718982,68.40434287648263,453880,454892,-1012,-0.1946064027814101,87.28058704982847,87.47519345260987,66144,65132,1012,0.1946064027814101,12.71941295017153,12.52480654739012,2832.57,2019-03-25,2019-03-25,2798.36,-0.012077371433009576,2019-03-26,2019-03-26,2818.46,-0.004981342032147507,2019-03-27,2019-03-27,2805.37,-0.009602587049923006,2019-03-28,2019-03-28,2815.44,-0.006047511623719859,2019-03-29,2019-03-29,2834.4,0.0006460564081380848,-0.012077371433009576,0.007182778484540853,-0.004644380264399728,0.0035895443381801506,0.006734293751598397,0.012878971969296327,0.014705250186278551,0.20590353446870013,2334.0,1.890506092583335,1.6846025581146353,-0.8251705634391275,-5980.0,0.41298394042554776,1.2381545038647062,-0.6192670289704276,-3646.0,0.8853656910434466,1.5046327200138592,0.6192670289704276,3646.0,-0.885526913756502,-1.504793942726927,-0.004981342032147507,0.012239768125765549,0.016109045848822667,0.02629767313782172,0.03007163106295696,0.06112117264533601,-0.10710414923549993,50.0,S&P 500 Index x $50,141628.5,9492508584.0,10269057649.5,-776549065.5,330560919.0,1615839556.5,51013169415.0,50379948391.5,633221023.5,-846938430.0,-2143405719.0,64282343580.0,64425671622.0,-143328042.0,-516377511.0,-527424534.0,9367875504.0,9224547462.0,143328042.0,516377511.0,527424534.0
2019-03-26,S&P 500 Consolidated - CHICAGO MERCANTILE EXCHANGE,526058,72848,64143,8705,1.6547605016937295,13.847902702743802,12.193142201050074,22478,4.272912872725061,358848,366913,-8065,-1.5331009128271027,68.2145314775177,69.74763239034479,454174,453534,640,0.12165958886662688,86.33534705298655,86.21368746411993,71884,72524,-640,-0.12165958886662688,13.664652947013447,13.786312535880075,2818.46,2019-04-01,2019-04-01,2867.19,0.017289583673353537,2019-04-02,2019-04-02,2867.24,0.0173073238577095,2019-04-03,2019-04-03,2873.4,0.01949291457036817,2019-04-04,2019-04-04,2879.39,0.021618188656216564,2019-04-05,2019-04-05,2892.74,0.02635481787926741,0.017289583673353537,1.7438676892522764e-05,0.0021484075277968806,0.0020846384074615365,0.004636398681665099,0.008911163892173057,-0.004981342032147507,2.7091349151823376,14188.0,0.9592667936319152,-1.7498681215504224,-2.3928689235343006,-12536.0,-1.0495794096721198,1.3432895138621603,0.316265991648037,1652.0,-0.9452399968419201,-1.2615059884899438,-0.316265991648037,-1652.0,0.9452399968419183,1.2615059884899544,0.0173073238577095,0.02119597226854375,0.03143560667882461,0.04088048082995677,0.03509718072990209,0.05256061820994429,-0.13167829240081463,50.0,S&P 500 Index x $50,140923.0,10265958704.0,9039223989.0,1226734715.0,1999415524.0,2418943295.0,50569936704.0,51706480699.0,-1136543995.0,-1766610728.0,-2397804845.0,64003562602.0,63913371882.0,90190720.0,232804796.0,21138450.0,10130108932.0,10220299652.0,-90190720.0,-232804796.0,-21138450.0
2019-04-02,S&P 500 Consolidated - CHICAGO MERCANTILE EXCHANGE,533116,74043,71488,2555,0.47925779755250264,13.888722154277868,13.409464356725366,22302,4.1833297068555435,364476,368553,-4077,-0.7647491352726236,68.36710959716085,69.13185873243347,460821,462343,-1522,-0.285491337720121,86.43916145829425,86.72465279601438,72295,70772,1523,0.28567891415751917,13.560838541705744,13.275159627548225,2867.24,2019-04-08,2019-04-08,2895.77,0.009950335514292474,2019-04-09,2019-04-09,2878.2,0.003822491315690346,2019-04-10,2019-04-10,2888.21,0.007313653548360222,2019-04-11,2019-04-11,2888.32,0.00735201796849938,2019-04-12,2019-04-12,2907.41,0.014009988699934528,0.009950335514292474,-0.0060674708281390766,0.0034778681120144483,3.808587325715429e-05,0.006609378462220095,0.004019656257230331,0.0173073238577095,-1.175502704141227,-6150.0,0.040819451534066076,1.2163221556752912,0.7683517775544791,3988.0,0.15257811964315238,-0.6157736579113191,-0.40715092658674784,-2162.0,0.10381440530770192,0.5109653318944538,0.40733850302414604,2163.0,-0.1038144053077037,-0.5111529083318498,0.003822491315690346,0.013887920090400518,0.023172109764093785,0.027409634352199452,0.036889133801147,0.025463511948773165,-0.09857912138502523,50.0,S&P 500 Index x $50,143362.0,10614952566.0,10248662656.0,366289910.0,-881676300.0,2355724384.0,52252008312.0,52836495186.0,-584486874.0,571727656.0,-3060491976.0,66064220202.0,66282417166.0,-218196964.0,-309948644.0,-704767592.0,10364355790.0,10146015464.0,218340326.0,310092006.0,704767592.0
2019-04-09,S&P 500 Consolidated - CHICAGO MERCANTILE EXCHANGE,540171,75554,72863,2691,0.4981755777337176,13.98705224826953,13.488876670535813,25370,4.696660872205284,371142,372856,-1714,-0.3173069268805619,68.70824238990986,69.02554931679042,472067,471089,978,0.18105377741492973,87.39214063694645,87.21108685953152,68105,69082,-977,-0.18086865085315576,12.608044489615326,12.78891314046848,2878.2,2019-04-15,2019-04-15,2905.58,0.009512890000694885,2019-04-16,2019-04-16,2907.06,0.010027100271002842,2019-04-17,2019-04-17,2900.45,0.007730526023209006,2019-04-18,2019-04-18,2905.03,0.009321798346188626,2019-04-19,2019-04-22,2907.97,0.010343270099367752,0.009512890000694885,0.000509364739569973,-0.002273774879087531,0.0015790653174507785,0.001012037741434657,0.000822555221332788,0.003822491315690346,0.018917780181214983,136.0,0.09833009399166137,0.07941231381044744,0.44744220839206167,2363.0,0.34113279274900776,-0.10630941564305374,0.4665451151350507,2500.0,0.9529791786521997,0.48643406351713736,-0.46654756501067496,-2500.0,-0.9527940520904181,-0.48624648707974494,0.010027100271002842,0.01927593634910707,0.023497324716836854,0.002032520325203402,0.035240775484677966,0.005162949065388167,-0.07601626016260166,50.0,S&P 500 Index x $50,143910.0,10872976140.0,10485714330.0,387261810.0,19571760.0,1512206280.0,53411045220.0,53657706960.0,-246661740.0,340059330.0,-1750665150.0,67935161970.0,67794417990.0,140743980.0,359775000.0,-238314960.0,9800990550.0,9941590620.0,-140600070.0,-359775000.0,238458870.0
2019-04-16,S&P 500 Consolidated - CHICAGO MERCANTILE EXCHANGE,559143,81063,73673,7390,1.3216654773465821,14.497722407326927,13.176056929980346,23882,4.271179286872947,378756,388247,-9491,-1.6974190859941019,67.73866434883385,69.43608343482795,483701,485802,-2101,-0.3757536086475195,86.5075660430337,86.88331965168123,75442,73341,2101,0.3757536086475195,13.492433956966284,13.116680348318766,2907.06,2019-04-22,2019-04-22,2907.97,0.0003130310347911891,2019-04-23,2019-04-23,2933.68,0.009157017743011808,2019-04-24,2019-04-24,2927.25,0.006945161090586405,2019-04-25,2019-04-25,2926.17,0.006573651730614527,2019-04-26,2019-04-26,2939.88,0.011289756661369221,0.0003130310347911891,0.008841219132246891,-0.0021917864252406494,-0.00036894696387390624,0.004685305365033532,0.010973290646052236,0.010027100271002842,0.8234898996128646,4699.0,0.5106701590573977,-0.3128197405554669,-1.38011215911354,-7777.0,-0.9695780410760051,0.4105341180375319,-0.5568073860624492,-3079.0,-0.8845745939127454,-0.327767207850286,0.5566222595006752,3078.0,0.8843894673509585,0.327767207850286,0.009157017743011808,0.013336498042695988,-0.007915213308290814,-0.024990884261074764,0.033360164564886885,0.030484406926585494,-0.020983399035451655,50.0,S&P 500 Index x $50,145353.0,11782750239.0,10708591569.0,1074158670.0,683013747.0,1871129169.0,55053320868.0,56432866191.0,-1379545323.0,-1130410281.0,-2029418586.0,70307391453.0,70612778106.0,-305386653.0,-447541887.0,-158289417.0,10965721026.0,10660334373.0,305386653.0,447396534.0,158289417.0
2019-04-23,S&P 500 Consolidated - CHICAGO MERCANTILE EXCHANGE,575717,81479,75909,5570,0.9674892351624149,14.152613176265422,13.185123941103008,25614,4.4490609101346665,389127,395353,-6226,-1.0814341073826201,67.58997910431688,68.6714132116995,496221,496877,-656,-0.11394487222020541,86.19182688716852,86.30577175938873,79496,78840,656,0.11394487222020541,13.80817311283148,13.694228240611272,2933.68,2019-04-29,2019-04-29,2943.03,0.003187123339968956,2019-04-30,2019-04-30,2945.83,0.004141555997927648,2019-05-01,2019-05-01,2923.73,-0.003391644623817136,2019-05-02,2019-05-02,2917.52,-0.005508439911646734,2019-05-03,2019-05-03,2945.64,0.004076790924708806,0.003187123339968956,0.0009514004274504551,-0.007502130129708795,-0.0021239991380873624,0.00963832295922562,0.0008868411127307407,0.009157017743011808,-0.3541762421841672,-1820.0,-0.34510923106150493,0.009067011122661839,0.6159849786114817,3265.0,-0.14868524451696885,-0.7646702231284479,0.26180873642731406,1445.0,-0.3157391558651881,-0.5775478922925004,-0.26180873642731406,-1445.0,0.3157391558651952,0.5775478922925057,0.004141555997927648,-0.016917318862316177,-0.03383804641269672,-0.023629025660603653,0.024470971612445824,0.02123953532764311,-0.0671920591202857,50.0,S&P 500 Index x $50,146684.0,11951665636.0,11134635756.0,817029880.0,-266964880.0,-459854340.0,57078704868.0,57991959452.0,-913254584.0,478923260.0,269751876.0,72787681164.0,72883905868.0,-96224704.0,211958380.0,-190102464.0,11660791264.0,11564566560.0,96224704.0,-211958380.0,190102464.0
2019-04-30,S&P 500 Consolidated - CHICAGO MERCANTILE EXCHANGE,571216,81808,68310,13498,2.3630290468054116,14.321727682697963,11.958698635892553,25569,4.4762401613400185,386863,403265,-16402,-2.871418167558332,67.72621915352511,70.59763732108344,494241,497144,-2903,-0.5082140556286939,86.52436206268732,87.03257611831602,76975,74072,2903,0.5082140556286939,13.475637937312682,12.967423881683986,2945.83,2019-05-06,2019-05-06,2932.47,-0.00453522436800502,2019-05-07,2019-05-07,2884.05,-0.02097201807300486,2019-05-08,2019-05-08,2879.42,-0.022543731308323878,2019-05-09,2019-05-09,2870.72,-0.02549705855395601,2019-05-10,2019-05-10,2881.4,-0.021871594762766344,-0.00453522436800502,-0.016511677868827124,-0.0016053813214057522,-0.0030214418181440106,0.0037203210344445292,-0.01741535292773655,0.004141555997927648,1.3955398116429967,7928.0,0.16911450643254078,-1.226425305210455,-1.7899840601757118,-10176.0,0.13624004920822586,1.9262241093839378,-0.3942691834084885,-2247.0,0.3325351755187995,0.7268043589272821,0.3942691834084885,2247.0,-0.33253517551879774,-0.7268043589272857,-0.02097201807300486,-0.03782295651819689,-0.02765604260938337,-0.04869255863372979,0.022862826436012895,0.030911491837614546,-0.02798532162412637,50.0,S&P 500 Index x $50,147291.5,12049623032.0,10061482365.0,1988140667.0,1167727012.0,1611810884.5,56981631564.5,59397506747.5,-2415875183.0,-1498838304.0,-1815367737.5,72797498251.5,73225085476.0,-427587224.5,-330964000.5,-203409561.5,11337763212.5,10910175988.0,427587224.5,330964000.5,203262270.0
2019-05-07,S&P 500 Consolidated - CHICAGO MERCANTILE EXCHANGE,568612,80318,63274,17044,2.9974745520671386,14.12527347294816,11.127798920881023,23525,4.137267591960775,388310,404644,-16334,-2.8726090902056236,68.29085562738739,71.16346471759302,492153,491443,710,0.12486546186151543,86.55339669229633,86.42853123043481,76459,77169,-710,-0.12486546186151543,13.446603307703672,13.571468769565186,2884.05,2019-05-13,2019-05-13,2811.87,-0.02502730535184905,2019-05-14,2019-05-14,2834.41,-0.017211906867079407,2019-05-15,2019-05-15,2850.96,-0.011473448795964014,2019-05-16,2019-05-16,2876.32,-0.002680258664031543,2019-05-17,2019-05-17,2859.53,-0.008501933045543586,-0.02502730535184905,0.008016017810211773,0.00583895766667486,0.008895249319527565,-0.005837319908772343,0.016949574482461927,-0.02097201807300486,0.634445505261727,3546.0,-0.19645420974980254,-0.8308997150115296,-0.0011909226472917034,68.0,0.5646364738622793,0.5658273965095759,0.6330795174902093,3613.0,0.029034629609014928,-0.6040448878812015,-0.6330795174902093,-3613.0,-0.0290346296090096,0.6040448878811997,-0.017211906867079407,-0.006827204798807274,-0.028314349612524214,-0.028009223141069017,-0.0007905549487700059,0.06607721780135556,-0.005412527522061006,50.0,S&P 500 Index x $50,144202.5,11582056395.0,9124268985.0,2457787410.0,511342065.0,2069738482.5,55995272775.0,58350676410.0,-2355403635.0,9805770.0,-2108240550.0,70969692982.5,70867309207.5,102383775.0,521003632.5,-38646270.0,11025578947.5,11127962722.5,-102383775.0,-521003632.5,38502067.5
2019-05-14,S&P 500 Consolidated - CHICAGO MERCANTILE EXCHANGE,571543,83665,66175,17490,3.060137207524193,14.638443651658756,11.578306444134562,22899,4.0065226938305605,389417,409282,-19865,-3.475678995281195,68.13433110019719,71.61001009547839,495980,498356,-2376,-0.4157167527202678,86.77912248072323,87.1948392334435,75563,73188,2375,0.4155417877570016,13.220877519276764,12.805335731519762,2834.41,2019-05-20,2019-05-20,2840.23,0.002053337378854936,2019-05-21,2019-05-21,2864.36,0.0105665729375779,2019-05-22,2019-05-22,2856.27,0.00771236341954773,2019-05-23,2019-05-23,2822.24,-0.004293662525887254,2019-05-24,2019-05-24,2826.06,-0.0029459393665700606,0.002053337378854936,0.008495790833841,-0.002824365652362215,-0.011914139769699683,0.001353534780883292,-0.004989032578347596,-0.017211906867079407,0.0626626554570544,446.0,0.5131701787105953,0.45050752325353827,-0.6030699050755715,-3531.0,-0.15652452719020005,0.4465453778853714,-0.5405822145817832,-3086.0,0.2257257884268995,0.7663080030086888,0.540407249618517,3085.0,-0.22572578842690838,-0.7661330380454245,0.0105665729375779,-0.011296883654799417,-0.010986413398202721,0.018102532802241056,0.032426501458857615,0.09082313426780186,0.012598741889846554,50.0,S&P 500 Index x $50,141720.5,11857045632.5,9378354087.5,2478691545.0,63207343.0,1431377050.0,55188371948.5,58003649681.0,-2815277732.5,-500415085.5,-1470208467.0,70290533590.0,70627261498.0,-336727908.0,-437349463.0,-38973137.5,10708826141.5,10372239954.0,336586187.5,437207742.5,38831417.0
2019-05-21,S&P 500 Consolidated - CHICAGO MERCANTILE EXCHANGE,571843,83278,66134,17144,2.998025681874221,14.563088120340723,11.565062438466502,24276,4.245221153358527,389790,409401,-19611,-3.429437800235379,68.16381419375598,71.59325199399136,497344,499811,-2467,-0.43141211836115856,86.97212346745523,87.40353558581639,74499,72032,2467,0.43141211836115856,13.027876532544772,12.596464414183615,2864.36,2019-05-27,2019-05-28,2802.39,-0.021634850367970637,2019-05-28,2019-05-28,2802.39,-0.021634850367970637,2019-05-29,2019-05-29,2783.02,-0.028397268499769646,2019-05-30,2019-05-30,2788.86,-0.026358418634529146,2019-05-31,2019-05-31,2752.06,-0.039205965730564674,-0.021634850367970637,0.0,-0.0069119572935958384,0.0020984398243635294,-0.013195355808466647,-0.017959670138703032,0.0105665729375779,-0.06211152564997224,-346.0,-0.07535553131803319,-0.013244005668060055,0.04624119504581614,254.0,0.029483093558795304,-0.016758101487027943,-0.015695365640890746,-91.0,0.1930009867320024,0.20869635237288264,0.015870330604156935,92.0,-0.19300098673199173,-0.20887131733614694,-0.021634850367970637,-0.021327626415674095,0.007457163205742079,0.01863941683307968,0.012620620313089193,0.08931139940510269,0.020451339915373845,50.0,S&P 500 Index x $50,143218.0,11926908604.0,9471579212.0,2455329392.0,-49553428.0,1657605132.0,55824944220.0,58633592418.0,-2808648198.0,36377372.0,-1916972930.0,71228612992.0,71581931798.0,-353318806.0,-13032838.0,-259367798.0,10669597782.0,10316278976.0,353318806.0,13176056.0,259367798.0
2019-05-28,S&P 500 Consolidated - CHICAGO MERCANTILE EXCHANGE,581858,82860,67715,15145,2.6028687411705262,14.240587909764926,11.6377191685944,25880,4.447820602277532,399474,415883,-16409,-2.8201038741411133,68.65489518061108,71.47499905475219,508214,509477,-1263,-0.2170632697324777,87.34330369265354,87.56036696238601,73644,72381,1263,0.2170632697324777,12.656696307346465,12.439633037613989,2802.39,2019-06-03,2019-06-03,2744.45,-0.020675209374855008,2019-06-04,2019-06-04,2803.27,0.0003140176777678416,2019-06-05,2019-06-05,2826.15,0.0084784772997335,2019-06-06,2019-06-06,2843.49,0.014666052904841909,2019-06-07,2019-06-07,2873.34,0.025317675270037476,-0.020675209374855008,0.021432345278653342,0.008161896642135735,0.006135555437609463,0.010497663083042452,0.04696387254276835,-0.021634850367970637,-0.39515694070369456,-1999.0,-0.3225002105757966,0.07265673012789797,0.6093339260942656,3202.0,0.4910809868550956,-0.11825293923917002,0.21434884862868087,1204.0,0.3711802251983016,0.15683137656962742,-0.21434884862868087,-1204.0,-0.37118022519830696,-0.15683137656962565,0.0003140176777678416,0.029735333054999424,0.04116486284921095,0.041032832689240406,0.02382609130063984,0.12065772429961563,0.06757803160873399,50.0,S&P 500 Index x $50,140119.5,11610301770.0,9488191942.5,2122109827.5,-280098880.5,230776816.5,55974097143.0,58273318018.5,-2299220875.5,448662639.0,-980836.5,71210691573.0,71387662501.5,-176970928.5,168703878.0,229795980.0,10318960458.0,10141989529.5,176970928.5,-168703878.0,-229795980.0
2019-06-04,S&P 500 Consolidated - CHICAGO MERCANTILE EXCHANGE,581678,88943,71421,17522,3.012319530736937,15.290762243027931,12.278442712290992,21066,3.6215913271603872,407864,417036,-9172,-1.5768174144457932,70.1185191807151,71.6953365951609,517874,509523,8351,1.4356740327122566,89.03104466732454,87.59537063461228,63804,72155,-8351,-1.4356740327122566,10.968955332675465,12.404629365387724,2803.27,2019-06-10,2019-06-10,2886.73,0.029772372978699835,2019-06-11,2019-06-11,2885.72,0.02941207946433977,2019-06-12,2019-06-12,2879.84,0.027314529103511287,2019-06-13,2019-06-13,2891.64,0.031523898875241985,2019-06-14,2019-06-14,2886.98,0.029861554541660285,0.029772372978699835,-0.00034987685027698667,-0.002037619727485618,0.004097449858325275,-0.0016115422390061696,8.660318076159079e-05,0.0003140176777678416,0.40945078956641057,2377.0,1.050174333263005,0.640723543696593,1.2432864596953201,7237.0,1.4636240001040193,0.2203375404087069,1.6527373024447343,9614.0,1.6877409746710015,0.03500367222626721,-1.6527373024447343,-9614.0,-1.6877409746709997,-0.035003672226265437,0.02941207946433977,0.04083802131082637,0.04070603259764494,0.06055071398759315,0.036742803939684654,0.1034256421964348,0.09900937119863595,50.0,S&P 500 Index x $50,140163.5,12466562180.5,10010617333.5,2455944847.0,333168639.5,66998153.0,57167645764.0,58453225386.0,-1285579622.0,1014363249.5,1003850987.0,72587032399.0,71416527010.5,1170505388.5,1347531889.0,1070989303.5,8942991954.0,10113497342.5,-1170505388.5,-1347531889.0,-1070989303.5
2019-06-11,S&P 500 Consolidated - CHICAGO MERCANTILE EXCHANGE,586932,85663,74112,11551,1.968030368083526,14.595046785658305,12.62701641757478,18632,3.1744733631834694,415662,425981,-10319,-1.7581253024200418,70.81944756803173,72.57757287045177,519958,518725,1233,0.21007544315184723,88.58913809436186,88.37906265121002,66974,68207,-1233,-0.21007544315184723,11.410861905638132,11.62093734878998,2885.72,2019-06-17,2019-06-17,2889.67,0.001368809170674945,2019-06-18,2019-06-18,2917.75,0.011099482971320906,2019-06-19,2019-06-19,2926.46,0.01411779382615097,2019-06-20,2019-06-20,2954.18,0.023723715398583423,2019-06-21,2019-06-21,2950.46,0.022434609040378195,0.001368809170674945,0.009717372571954597,0.002985176934281464,0.009472195075278522,-0.0012592326804730103,0.021037004225396005,0.02941207946433977,-1.0442891626534108,-5971.0,-0.6957154573696265,0.34857370528378695,-0.18130788797424868,-1147.0,0.7009283873166368,0.8822362752908788,-1.2255985895604093,-7118.0,-0.44190657296267943,0.7836920165977403,1.2255985895604093,7118.0,0.441906572962667,-0.7836920165977439,0.011099482971320906,0.010971265403434849,0.030248950002079278,0.03254300486533701,0.032459836713194745,0.0855245831196374,0.11139680911522953,50.0,S&P 500 Index x $50,144286.0,12359971618.0,10693324032.0,1666647586.0,-861531706.0,-856914554.0,59974207332.0,61463094566.0,-1488887234.0,-165496042.0,1377354156.0,75022659988.0,74844755350.0,177904638.0,-1027027748.0,520728174.0,9663410564.0,9841315202.0,-177904638.0,1027027748.0,-520583888.0
2019-06-18,S&P 500 Consolidated - CHICAGO MERCANTILE EXCHANGE,663913,87078,76203,10875,1.6380158243625296,13.115875122192215,11.477859297829687,34414,5.183510490079272,456965,471887,-14922,-2.247583644242544,68.82904838435157,71.0766320285941,578456,582503,-4047,-0.6095678198800144,87.12828337447829,87.7378511943583,85456,81409,4047,0.6095678198800144,12.87156600337695,12.261998183496935,2917.75,2019-06-24,2019-06-24,2945.35,0.00945934367235024,2019-06-25,2019-06-25,2917.38,-0.00012681004198433765,2019-06-26,2019-06-26,2913.78,-0.001360637477508253,2019-06-27,2019-06-27,2924.92,0.0024573729757519924,2019-06-28,2019-06-28,2941.76,0.008228943535258493,0.00945934367235024,-0.009496324715228988,-0.0012339839170762978,0.003823212459416858,0.005757422425228809,-0.0012188704228698333,0.011099482971320906,-0.3300145437209965,-676.0,-1.47917166346609,-1.1491571197450927,-0.48945834182250203,-4603.0,-1.990399183680168,-1.5009408418576697,-0.8196432630318616,-5280.0,-1.4608547198835709,-0.6412114568517211,0.8196432630318616,5280.0,1.4607040977388177,0.6410608347069555,-0.00012681004198433765,0.0189392511352926,0.021208122697284004,0.029574158169822562,0.030143089709536497,0.09417187901636526,0.07094165024419485,50.0,S&P 500 Index x $50,145887.5,12703591725.0,11117065162.5,1586526562.5,-98619950.0,-914568737.5,66665481437.5,68842414712.5,-2176933275.0,-671520162.5,684066487.5,84389499700.0,84979906412.5,-590406712.5,-770286000.0,-230502250.0,12466962200.0,11876555487.5,590406712.5,770286000.0,230502250.0
2019-06-25,S&P 500 Consolidated - CHICAGO MERCANTILE EXCHANGE,516250,81226,60896,20330,3.9380145278450365,15.733849878934624,11.795835351089588,17460,3.382082324455206,352573,375084,-22511,-4.3604842615012105,68.29501210653753,72.65549636803874,451260,453439,-2179,-0.42208232445520577,87.41113801452785,87.83322033898305,64990,62811,2179,0.42208232445520577,12.588861985472155,12.16677966101695,2917.38,2019-07-01,2019-07-01,2964.33,0.01609320691853644,2019-07-02,2019-07-02,2973.01,0.019068479251931558,2019-07-03,2019-07-03,2995.82,0.026887138459851023,2019-07-04,2019-07-05,2990.41,0.025032734851133442,2019-07-05,2019-07-05,2990.41,0.025032734851133442,0.01609320691853644,0.0029281490252435205,0.007672358989710748,-0.0018058494836139527,0.0,0.008797940850040264,-0.00012681004198433765,2.299998703482507,9455.0,2.6179747567424094,0.3179760532599012,-2.1129006172586666,-7589.0,-0.5340362778140388,1.5788643394446353,0.18748549542480863,1868.0,0.28285464004956395,0.09536914462475465,-0.18748549542480863,-1868.0,-0.2827040179047948,-0.09521852247998552,0.019068479251931558,0.021337638566110595,0.029704735070508415,0.030194900904235933,0.016871302332915006,0.10488863295148376,0.07332263880605194,50.0,S&P 500 Index x $50,145869.0,11848355394.0,8882838624.0,2965516770.0,1379191395.0,756330765.0,51429470937.0,54713127996.0,-3283657059.0,-1106999841.0,-890092638.0,65824844940.0,66142693491.0,-317848551.0,272483292.0,-133616004.0,9480026310.0,9162177759.0,317848551.0,-272483292.0,133616004.0
2019-07-02,S&P 500 Consolidated - CHICAGO MERCANTILE EXCHANGE,532421,75330,64223,11107,2.0861310879923973,14.148577911089157,12.06244682309676,15859,2.9786578666130747,370021,385538,-15517,-2.914422984818405,69.4978222121216,72.41224519694002,461210,465620,-4410,-0.828291896826008,86.62505798982384,87.45334988664985,71211,66801,4410,0.828291896826008,13.374942010176158,12.54665011335015,2973.01,2019-07-08,2019-07-08,2975.95,0.000988896774649195,2019-07-09,2019-07-09,2979.63,0.0022266995401964973,2019-07-10,2019-07-10,2993.07,0.006747370510021833,2019-07-11,2019-07-11,2999.91,0.009048069128593461,2019-07-12,2019-07-12,3013.77,0.013710011066225825,0.000988896774649195,0.0012365799156572876,0.004510627158405667,0.002285278994477169,0.004620138604158219,0.012708546850585645,0.019068479251931558,-1.8518834398526391,-9223.0,-1.5852719678454665,0.26661147200717217,1.4460612766828054,6994.0,1.2028101055840779,-0.24325117109871996,-0.40620957237080224,-2231.0,-0.7860800247040061,-0.3798704523332077,0.40620957237080224,2231.0,0.7860800247040025,0.3798704523332006,0.0022266995401964973,0.010437233645362642,0.010918227654800994,0.013511558992401529,-0.01101913548894895,0.08670337469433331,0.04281183043447534,50.0,S&P 500 Index x $50,148650.5,11197842165.0,9546781061.5,1651061103.5,-1371003561.5,-953592957.5,55003806660.5,57310416469.0,-2306609808.5,1039661597.0,-943187422.5,68559097105.0,69214645810.0,-655548705.0,-331639265.5,-1896929030.5,10585550755.5,9930002050.5,655548705.0,331639265.5,1896929030.5
2019-07-09,S&P 500 Consolidated - CHICAGO MERCANTILE EXCHANGE,538672,71883,67379,4504,0.8361303353432143,13.344484213027593,12.50835387768438,14089,2.615506282116019,381203,389810,-8607,-1.5978183384322928,70.76718299818813,72.36500133662042,467175,471279,-4104,-0.7618736448153979,86.72717349333175,87.48904713814714,71496,67393,4103,0.7616880030890784,13.27264086494193,12.510952861852854,2979.63,2019-07-15,2019-07-15,3014.3,0.011635672885559556,2019-07-16,2019-07-16,3004.04,0.008192292331598239,2019-07-17,2019-07-17,2984.42,0.0016075821494614395,2019-07-18,2019-07-18,2995.11,0.005195275923520759,2019-07-19,2019-07-19,2976.61,-0.0010135486620822531,0.011635672885559556,-0.0034037753375577573,-0.006531204644412147,0.0035819355184592006,-0.0061767347442999165,-0.012503732209799945,0.0022266995401964973,-1.250000752649183,-6603.0,-0.804093698061564,0.4459070545876198,1.3166046463861123,6910.0,1.2693607860665281,-0.04724386031959682,0.06641825201061013,306.0,0.10211550350790333,0.035697251497296634,-0.06660389373692965,-307.0,-0.10230114523422706,-0.035697251497296634,0.008192292331598239,0.008672217691458206,0.011259787289025658,-0.032843003997140574,-0.02905394293922403,0.08643690659578529,0.055607575437218726,50.0,S&P 500 Index x $50,148981.5,10709237164.5,10038224488.5,671012676.0,-983724844.5,-1049872630.5,56792194744.5,58074478515.0,-1282283770.5,1029462165.0,255056328.0,69600432262.5,70211852338.5,-611420076.0,45588339.0,-795114265.5,10651581324.0,10040310229.5,611271094.5,-45737320.5,794965284.0
2019-07-16,S&P 500 Consolidated - CHICAGO MERCANTILE EXCHANGE,556903,75401,68385,7016,1.2598244218472519,13.539341680687661,12.279517258840409,14372,2.5807007683564285,392789,404630,-11841,-2.1262230585936868,70.53095422362603,72.6571772822197,482561,487387,-4826,-0.866578201230735,86.6508171081858,87.51739530941654,74342,69516,4826,0.866578201230735,13.349182891814193,12.48260469058346,3004.04,2019-07-22,2019-07-22,2985.03,-0.006328144765049615,2019-07-23,2019-07-23,3005.47,0.00047602561883319794,2019-07-24,2019-07-24,3019.56,0.005166375947057933,2019-07-25,2019-07-25,3003.67,-0.00012316746780993704,2019-07-26,2019-07-26,3025.86,0.0072635517503096825,-0.006328144765049615,0.006847502370160408,0.00468811866363672,-0.00526235610486292,0.007387629133693174,0.013678254489904562,0.008192292331598239,0.4236940865040375,2512.0,0.19485746766006784,-0.228836618843971,-0.528404720161394,-3234.0,-0.23622877456210745,0.2921759455992827,-0.10470455641533716,-722.0,-0.07635638514594234,0.028348171269399813,0.10489019814165668,723.0,0.07654202687226253,-0.028348171269394484,0.00047602561883319794,0.003042569339955392,-0.04070185483548816,-0.025871825941065962,-0.0027829190024101225,0.0929115457850096,0.06440659911319413,50.0,S&P 500 Index x $50,150202.0,11325381002.0,10271563770.0,1053817232.0,377307424.0,-579629518.0,58997693378.0,60776235260.0,-1778541882.0,-485753268.0,462772362.0,72481627322.0,73206502174.0,-724874852.0,-108445844.0,-117007358.0,11166317084.0,10441442232.0,724874852.0,108596046.0,117007358.0
2019-07-23,S&P 500 Consolidated - CHICAGO MERCANTILE EXCHANGE,557604,73978,63367,10611,1.9029633933759442,13.26712146971686,11.364158076340916,16716,2.99782641444466,392213,407678,-15465,-2.773473647965223,70.33898609048715,73.11245973845237,482907,487762,-4855,-0.8706895933314682,86.60393397464867,87.47462356798015,74697,69843,4854,0.8705102545892783,13.396066025351324,12.525555770762045,3005.47,2019-07-29,2019-07-29,3020.97,0.0051572632566621035,2019-07-30,2019-07-30,3013.18,0.00256532256186226,2019-07-31,2019-07-31,2980.38,-0.008348111942557912,2019-08-01,2019-08-01,2953.56,-0.017271841009891875,2019-08-02,2019-08-02,2932.05,-0.024428791503491865,0.0051572632566621035,-0.002578641959370631,-0.010885509660889747,-0.008998852495319398,-0.0072827367651240316,-0.029434254560621098,0.00047602561883319794,0.6431389715286924,3595.0,-0.27222021097080074,-0.9153591824994933,-0.6472505893715361,-3624.0,-0.19196813313887162,0.4552824562326663,-0.004111392100733191,-29.0,-0.046883133537136246,-0.04277174143639684,0.003932053358543297,28.0,0.04688313353713092,0.042951080178585954,0.00256532256186226,-0.04115828805478006,-0.026335315275148208,-0.034922990414144706,-0.003154248753106881,0.10491537097359149,0.08379055522098056,50.0,S&P 500 Index x $50,150273.5,11116932983.0,9522380874.5,1594552108.5,540233232.5,-1460508146.5,58939220255.5,61263199933.0,-2323979677.5,-544591164.0,1058827081.0,72568125064.5,73297702907.0,-729577842.5,-4357931.5,-402131886.0,11224979629.5,10495552060.5,729427569.0,4207658.0,401981612.5
2019-07-30,S&P 500 Consolidated - CHICAGO MERCANTILE EXCHANGE,558588,74104,62090,12014,2.1507801814575322,13.266307188840434,11.115527007382902,18697,3.347189699742923,392598,405389,-12791,-2.2898809140189194,70.28400180455004,72.57388271856897,485399,486176,-777,-0.13910073256138694,86.8974986931334,87.03659942569479,73189,72411,778,0.13927975538321624,13.102501306866598,12.963221551483384,3013.18,2019-08-05,2019-08-05,2844.74,-0.05590107461220373,2019-08-06,2019-08-06,2881.77,-0.0436117324554125,2019-08-07,2019-08-07,2883.98,-0.04287828805448057,2019-08-08,2019-08-08,2938.09,-0.02492051586695776,2019-08-09,2019-08-09,2918.65,-0.031372171592802256,-0.05590107461220373,0.013017006826634425,0.0007668897934256513,0.01876226603513209,-0.006616543400644659,0.025981284757130796,0.00256532256186226,0.24781678808158802,1403.0,-0.0008142808764262099,-0.248631068958014,0.48359273394630353,2674.0,-0.05498428593710969,-0.5385770198834052,0.7315888607700813,4078.0,0.2935647184847312,-0.43802414228535724,-0.7312304992060621,-4076.0,-0.2935647184847259,0.4376657807213391,-0.0436117324554125,-0.028826688083685603,-0.03739238943574552,-0.047796679919553386,0.007868763233527476,0.08730311498151444,0.06812072295714167,50.0,S&P 500 Index x $50,150659.0,11164434536.0,9354417310.0,1810017226.0,211374577.0,136647713.0,59148422082.0,61075501351.0,-1927079269.0,402862166.0,410696434.0,73129727941.0,73246789984.0,-117062043.0,614387402.0,547344147.0,11026581551.0,10909368849.0,117212702.0,-614086084.0,-547193488.0
2019-08-06,S&P 500 Consolidated - CHICAGO MERCANTILE EXCHANGE,549032,76363,61454,14909,2.7155065642804064,13.908661061650324,11.193154497369918,24754,4.508662518760291,383364,394550,-11186,-2.0374040128808524,69.8254382258229,71.86284223870375,484481,480758,3723,0.6781025513995541,88.24276180623352,87.56465925483397,64550,68274,-3724,-0.6782846901455652,11.757056055020472,12.435340745166037,2881.77,2019-08-12,2019-08-12,2882.7,0.00032271832935992784,2019-08-13,2019-08-13,2926.32,0.015459249003216824,2019-08-14,2019-08-14,2840.6,-0.01428635873091888,2019-08-15,2019-08-15,2847.6,-0.011857296036810738,2019-08-16,2019-08-16,2888.68,0.00239783188804088,0.00032271832935992784,0.015131647413882954,-0.02929276360753441,0.002464268112370549,0.014426183452732166,0.0020744440975475342,-0.0436117324554125,0.5647263828228741,2895.0,0.6423538728098901,0.07762748998701596,0.252476901138067,1605.0,-0.45856357872715137,-0.7110404798652183,0.8172032839609411,4500.0,1.345263113100117,0.5280598291391811,-0.8175644455287815,-4502.0,-1.345445251846126,-0.5278808063173468,0.015459249003216824,0.00650294784108385,-0.004375782938957684,0.008501719429378385,0.06692067722267914,0.14429326420914923,0.14738858409935562,50.0,S&P 500 Index x $50,144088.5,11003030125.5,8854814679.0,2148215446.5,417136207.5,1499240842.5,55238343714.0,56850117675.0,-1611773961.0,231262042.5,-371604241.5,69808140568.5,69271699083.0,536441485.5,648398250.0,1127780689.5,9300912675.0,9837498249.0,-536585574.0,-648686427.0,-1127780689.5
2019-08-13,S&P 500 Consolidated - CHICAGO MERCANTILE EXCHANGE,541120,67423,67233,190,0.0351123595505618,12.45989798935541,12.42478562980485,22188,4.100384387936132,382351,385185,-2834,-0.523728562980485,70.65918835008871,71.18291691306919,471963,474607,-2644,-0.4886162034299231,87.21965552927261,87.70827173270254,69157,66514,2643,0.48843140153755177,12.780344470727382,12.291913069189828,2926.32,2019-08-19,2019-08-19,2923.65,-0.0009124087591241281,2019-08-20,2019-08-20,2900.51,-0.008819951338199461,2019-08-21,2019-08-21,2924.43,-0.0006458623800542629,2019-08-22,2019-08-22,2922.95,-0.0011516170480331267,2019-08-23,2019-08-23,2847.11,-0.027068126520681246,-0.0009124087591241281,-0.007914764079147596,0.008246825558263726,-0.0005060815269983809,-0.025946389777450785,-0.026179604261795997,0.015459249003216824,-2.6803942047298444,-14719.0,-1.4487630722949145,1.2316311324349325,1.5136754499003673,8352.0,0.8337501242658192,-0.6799253256345565,-1.1667187548294773,-6367.0,-1.0231062769609025,0.14361247786857234,1.166716091683117,6367.0,1.0232884157069098,-0.1434276759762092,-0.008819951338199461,-0.019533065420049844,-0.006851608846606072,0.018135405560567364,0.056562508543153145,0.14743090297711792,0.1392089723611909,50.0,S&P 500 Index x $50,146316.0,9865063668.0,9837263628.0,27800040.0,-2153625204.0,-998753016.0,55944068916.0,56358728460.0,-414659544.0,1222031232.0,1317868212.0,69055738308.0,69442597812.0,-386859504.0,-931593972.0,319261512.0,10118775612.0,9732062424.0,386713188.0,931593972.0,-319407828.0
2019-08-20,S&P 500 Consolidated - CHICAGO MERCANTILE EXCHANGE,546962,70679,60823,9856,1.8019533349665975,12.92210427781089,11.120150942844292,23752,4.342532022334276,380047,394416,-14369,-2.6270563585770126,69.48325477821128,72.1103111367883,474479,478992,-4513,-0.8251030236104153,86.74807390641396,87.57317693002439,72484,67971,4513,0.8251030236104153,13.252108921643552,12.427005898033135,2900.51,2019-08-26,2019-08-26,2878.38,-0.007629692709213209,2019-08-27,2019-08-27,2869.16,-0.010808444032256559,2019-08-28,2019-08-28,2887.94,-0.004333720621545911,2019-08-29,2019-08-29,2924.58,0.008298540601480386,2019-08-30,2019-08-30,2926.46,0.0089467024764609,-0.007629692709213209,-0.0032031906836484936,0.006545469754213773,0.012687244194824032,0.0006428273461489553,0.016703840354644006,-0.008819951338199461,1.7668409754160357,9666.0,0.46220628845548006,-1.3046346869605578,-2.1033277955965275,-11535.0,-1.1759335718774366,0.9273942237191051,-0.3364868201804922,-1869.0,-0.47158162285865046,-0.13509480267815377,0.33667162207286355,1870.0,0.4717644509161705,0.1350928288433071,-0.010808444032256559,0.001985857659514867,0.027195217392803173,0.036266035972983834,0.07573495695584564,0.1619646200151006,0.16868412796370302,50.0,S&P 500 Index x $50,145025.5,10250257314.5,8820885986.5,1429371328.0,1401816483.0,-109494252.5,55116506198.5,57200377608.0,-2083871409.5,-1672869142.5,158947948.0,68811554214.5,69466054296.0,-654500081.5,-271052659.5,49598721.0,10512028342.0,9857528260.5,654500081.5,271197685.0,-49453695.5
2019-08-27,S&P 500 Consolidated - CHICAGO MERCANTILE EXCHANGE,554812,73338,62547,10791,1.9449831654686631,13.218531682804265,11.273548517335602,27493,4.955372270246498,385079,393206,-8127,-1.4648205157783176,69.40711448202273,70.87193499780106,485911,483246,2665,0.4803428909252143,87.58119867630838,87.10085578538316,68901,71567,-2666,-0.480523132160083,12.418801323691628,12.899324455851712,2869.16,2019-09-02,2019-09-03,2906.27,0.012934099178853797,2019-09-03,2019-09-03,2906.27,0.012934099178853797,2019-09-04,2019-09-04,2937.78,0.023916407589677835,2019-09-05,2019-09-05,2976.0,0.037237379581480434,2019-09-06,2019-09-06,2978.71,0.03818190689958034,0.012934099178853797,0.0,0.010842075925499017,0.013009823744460025,0.0009106182795699524,0.02492541986807839,-0.010808444032256559,0.14302983050206564,935.0,0.2964274049933753,0.15339757449130964,1.162235842798695,6242.0,-0.0761402961885409,-1.2383761389872348,1.3054459145356296,7178.0,0.8331247698944111,-0.4723211446412279,-1.3056261557704985,-7179.0,-0.833307597951924,0.4723185578185767,0.012934099178853797,0.038418910064269784,0.04758884133335184,0.03396115936371613,0.09457820407366624,0.09028774972465814,0.200218879393272,50.0,S&P 500 Index x $50,143458.0,10520922804.0,8972867526.0,1548055278.0,134133230.0,-175449134.0,55242663182.0,56408546348.0,-1165883166.0,895464836.0,669088112.0,69707820238.0,69325504668.0,382315570.0,1029741524.0,493782436.0,9884399658.0,10266858686.0,-382459028.0,-1029884982.0,-494069352.0
2019-09-03,S&P 500 Consolidated - CHICAGO MERCANTILE EXCHANGE,561385,66895,67597,-702,-0.12504787267205217,11.916064732759159,12.041112605431211,28512,5.078867443911041,389150,390744,-1594,-0.2839406111670244,69.31962913152293,69.60356974268996,484557,486853,-2296,-0.4089884838390766,86.31456130819313,86.7235497920322,76828,74532,2296,0.4089884838390766,13.68543869180687,13.276450207967795,2906.27,2019-09-09,2019-09-09,2978.43,0.02482907644506538,2019-09-10,2019-09-10,2979.39,0.025159396752538532,2019-09-11,2019-09-11,3000.93,0.03257095865146731,2019-09-12,2019-09-12,3009.57,0.035543841418725686,2019-09-13,2019-09-13,3007.39,0.034793739053838646,0.02482907644506538,0.00032231746255573235,0.0072296678179091245,0.0028791074766822966,-0.0007243559711188619,0.009723243453765962,0.012934099178853797,-2.070031038140715,-11493.0,-1.3024669500451065,0.7675640880956092,1.1808799046112932,6533.0,-0.08748535049980433,-1.2683652551111066,-0.8893313747642909,-4961.0,-1.2666373681152407,-0.3773059933509586,0.8895116159991596,4962.0,1.2666373681152407,0.3771257521160827,0.025159396752538532,0.03421223767922443,0.02075856682276589,0.011691962549935209,0.06431955737078798,0.03341052276629486,0.21346261703145264,50.0,S&P 500 Index x $50,145313.5,9720746582.5,9822756659.5,-102010077.0,-1670088055.5,-2268489048.5,56548748525.0,56780378244.0,-231629719.0,949333095.5,1393847092.0,70412673619.5,70746313415.5,-333639796.0,-720900273.5,-874641956.5,11164145578.0,10830505782.0,333639796.0,721045587.0,874787270.0
2019-09-10,S&P 500 Consolidated - CHICAGO MERCANTILE EXCHANGE,582996,68993,72673,-3680,-0.6312221696203747,11.83421498603764,12.465437155658014,28220,4.840513485512766,409327,411208,-1881,-0.3226437231130231,70.21094484353237,70.5335885666454,506539,512101,-5562,-0.9540374204968817,86.8855017873193,87.83953920781617,76456,70894,5562,0.9540374204968817,13.114326684917222,12.160289264420339,2979.39,2019-09-16,2019-09-16,2997.96,0.006232819469757178,2019-09-17,2019-09-17,3005.7,0.008830666680092136,2019-09-18,2019-09-18,3006.73,0.009176375029787964,2019-09-19,2019-09-19,3006.79,0.009196513380255622,2019-09-20,2019-09-20,2992.07,0.004255904732176852,0.006232819469757178,0.002581755593803692,0.0003426822370828919,1.9955233758972568e-05,-0.004895586322955614,-0.001964669308463063,0.025159396752538532,-0.5061742969483225,-2978.0,-0.08184974672151846,0.42432455022680315,-0.03870311194599868,-287.0,0.8913157120094439,0.9300188239554501,-0.5450489366578051,-3266.0,0.5709404791261647,1.1159894157839716,0.5450489366578051,3266.0,-0.5711120068896474,-1.116160943547456,0.008830666680092136,-0.004292825041367521,-0.013136917288438243,-0.028975729931294603,0.051396426785348615,-0.03261070219071682,0.11829602703909203,50.0,S&P 500 Index x $50,148969.5,10277852713.5,10826060473.5,-548207760.0,-443631171.0,-576511965.0,60977238526.5,61257450156.0,-280211629.5,-42754246.5,141967933.5,75458861560.5,76287429919.5,-828568359.0,-486534387.0,-434693001.0,11389612092.0,10561043733.0,828568359.0,486534387.0,434841970.5
2019-09-17,S&P 500 Consolidated - CHICAGO MERCANTILE EXCHANGE,632829,72289,74631,-2342,-0.37008417755823453,11.423149065545353,11.793233243103588,32475,5.131718047055365,438501,451348,-12847,-2.0300902771522797,69.29217845579137,71.32226873294366,543265,558454,-15189,-2.400174454710514,85.84704556839209,88.24722002310261,89564,74375,15189,2.400174454710514,14.152954431607906,11.752779976897394,3005.7,2019-09-23,2019-09-23,2991.78,-0.004631200718634432,2019-09-24,2019-09-24,2966.6,-0.013008616961107222,2019-09-25,2019-09-25,2984.87,-0.0069301660178993085,2019-09-26,2019-09-26,2977.62,-0.009342249725521445,2019-09-27,2019-09-27,2961.79,-0.014608909738164089,-0.004631200718634432,-0.00841639425358831,0.006158565361019441,-0.0024289165022262083,-0.005316326462073695,-0.01002413279051273,0.008830666680092136,0.26113799206214017,1338.0,-0.4110659204922875,-0.6722039125544264,-1.7074465540392567,-10966.0,-0.9187663877410017,0.7886801662982492,-1.4461370342136322,-9627.0,-1.0384562189272089,0.4076808152864402,1.4461370342136322,9627.0,1.0386277466906844,-0.40750928752294513,-0.013008616961107222,-0.02177529360880992,-0.03747546328642237,-0.0033336660345343327,0.062155238380410704,-0.15853544931297192,0.1315833250158034,50.0,S&P 500 Index x $50,150285.0,10863952365.0,11215919835.0,-351967470.0,201081330.0,-1833176430.0,65900122785.0,67830834180.0,-1930711395.0,-1648025310.0,228733770.0,81644580525.0,83927259390.0,-2282678865.0,-1446793695.0,-1604442660.0,13460125740.0,11177446875.0,2282678865.0,1446793695.0,1604442660.0
2019-09-24,S&P 500 Consolidated - CHICAGO MERCANTILE EXCHANGE,512020,67415,64502,2913,0.5689230889418382,13.166477871958126,12.597554783016287,20531,4.009804304519355,360079,369604,-9525,-1.8602788953556504,70.3251826100543,72.18546150540995,448025,454637,-6612,-1.291355806413812,87.50146478653178,88.79282059294559,63995,57383,6612,1.291355806413812,12.498535213468225,11.207179407054412,2966.6,2019-09-30,2019-09-30,2976.74,0.0034180543382997808,2019-10-01,2019-10-01,2940.25,-0.008882222072406076,2019-10-02,2019-10-02,2887.61,-0.026626441043618887,2019-10-03,2019-10-03,2910.63,-0.018866716105979897,2019-10-04,2019-10-04,2952.01,-0.0049180880469222865,0.0034180543382997808,-0.012258376613342059,-0.01790323952044892,0.007971990677411389,0.014216853396000317,-0.00830774605776774,-0.013008616961107222,0.9390072665000727,5255.0,1.743328806412773,0.8043215399126993,0.16981138179662936,3322.0,1.033004154262926,0.8631927724662916,1.108818648296702,8577.0,1.6544192181396937,0.5456005698429749,-1.108818648296702,-8577.0,-1.6544192181396813,-0.545600569842982,-0.008882222072406076,-0.024789321108339535,0.009802467471179188,0.009906964201442658,0.0865570012809278,-0.17503876491606551,0.11763298051641624,50.0,S&P 500 Index x $50,148330.0,9999666950.0,9567581660.0,432085290.0,779474150.0,-1168543740.0,53410518070.0,54823361320.0,-1412843250.0,492752260.0,-207365340.0,66455548250.0,67436306210.0,-980757960.0,1272226410.0,-1376057410.0,9492378350.0,8511620390.0,980757960.0,-1272226410.0,1376205740.0
2019-10-01,S&P 500 Consolidated - CHICAGO MERCANTILE EXCHANGE,515140,64259,63298,961,0.186551228792173,12.474084714834802,12.287533486042628,19789,3.841479986023217,362395,373657,-11262,-2.186201809216912,70.34883720930233,72.53503901851924,446443,456744,-10301,-1.9996505804247389,86.66440191016035,88.66405249058509,68697,58396,10301,1.9996505804247389,13.335598089839657,11.335947509414916,2940.25,2019-10-07,2019-10-07,2938.79,-0.0004965564152707991,2019-10-08,2019-10-08,2893.06,-0.01604965564152705,2019-10-09,2019-10-09,2919.4,-0.007091233738627634,2019-10-10,2019-10-10,2938.13,-0.000721027123543827,2019-10-11,2019-10-11,2970.27,0.010210016155088875,-0.0004965564152707991,-0.015560826054260457,0.009104546742895181,0.00641570185654583,0.010938930544257763,0.010711891628867765,-0.008882222072406076,-0.3823718601496652,-1952.0,-0.6923931571233233,-0.3100212969736589,-0.3259229138612618,-1737.0,0.023654599248033037,0.3495775131092955,-0.7082947740109269,-3689.0,-0.8370628763714336,-0.12876810236049607,0.7082947740109269,3689.0,0.8370628763714318,0.12876810236050495,-0.01604965564152705,0.018852138423603337,0.01895757163506495,0.03286795340532267,0.09881132556755379,-0.12096250318850432,0.13441714139954075,50.0,S&P 500 Index x $50,147012.5,9446876237.5,9305597225.0,141279012.5,-286968400.0,244481787.5,53276594937.5,54932249712.5,-1655654775.0,-255360712.5,-1421316850.0,65632701537.5,67147077300.0,-1514375762.5,-542329112.5,-1176835062.5,10099317712.5,8584941950.0,1514375762.5,542329112.5,1176835062.5
2019-10-08,S&P 500 Consolidated - CHICAGO MERCANTILE EXCHANGE,517891,70085,61135,8950,1.7281628759719712,13.532770409217385,11.804607533245411,20559,3.9697542533081283,360573,376069,-15496,-2.9921354107331464,69.62333772936776,72.6154731401009,451217,457763,-6546,-1.2639725347611757,87.12586239189328,88.38983492665446,66674,60128,6546,1.2639725347611757,12.874137608106725,11.610165073345549,2893.06,2019-10-14,2019-10-14,2966.15,0.025263907419825316,2019-10-15,2019-10-15,2995.68,0.03547109289126382,2019-10-16,2019-10-16,2989.69,0.033400620795973834,2019-10-17,2019-10-17,2997.95,0.03625572922787623,2019-10-18,2019-10-18,2986.2,0.03219428563527882,0.025263907419825316,0.009955666436289423,-0.0019995460129251796,0.002762828253096483,-0.003919344885671916,0.006759604200731406,-0.01604965564152705,1.5416116471797983,7989.0,1.0586856943825822,-0.48292595279721695,-0.8059336015162342,-4234.0,-0.7254994799345695,0.08043412158166063,0.7356780456635632,3755.0,0.461460481732928,-0.2742175639306339,-0.7356780456635632,-3755.0,-0.4614604817329315,0.2742175639306321,0.03547109289126382,0.03557824587115377,0.04971552612113128,0.06275708073804198,0.11894672077316049,-0.08076223790726778,0.16173532522657674,50.0,S&P 500 Index x $50,144653.0,10138005505.0,8843361155.0,1294644350.0,1155632817.0,1826967390.0,52157966169.0,54399509057.0,-2241542888.0,-612460802.0,-1969450595.0,65269892701.0,66216791239.0,-946898538.0,543172015.0,-142338552.0,9644594122.0,8697695584.0,946898538.0,-543172015.0,142338552.0
2019-10-15,S&P 500 Consolidated - CHICAGO MERCANTILE EXCHANGE,526647,72623,69164,3459,0.6567966778506286,13.78969214673206,13.132895468881433,18911,3.59083029049819,368487,378430,-9943,-1.8879818929947383,69.96849882369025,71.85648071668498,460021,466505,-6484,-1.2311852151441098,87.3490212609205,88.58020647606462,66627,60142,6485,1.231375095652306,12.651168619587693,11.419793523935388,2995.68,2019-10-21,2019-10-21,3006.72,0.0036853068418523094,2019-10-22,2019-10-22,2995.99,0.00010348234791424105,2019-10-23,2019-10-23,3004.52,0.0029509159856861977,2019-10-24,2019-10-24,3010.29,0.004877022912994855,2019-10-25,2019-10-25,3022.55,0.00896958286599392,0.0036853068418523094,-0.0035686728395061262,0.002847139009142241,0.001920439870594981,0.004072697314876805,0.005264873350361965,0.03547109289126382,-1.0713661981213427,-5491.0,0.2569217375146753,1.3282879356360215,1.104153517738408,5553.0,0.3451610943224921,-0.7589924234159184,0.032787319617065824,62.0,0.22315886902721616,0.190371549410159,-0.0325974391088697,-61.0,-0.2229689885190318,-0.19037154941016077,0.00010348234791424105,0.013756475992095396,0.026351279175345743,0.03209955669497422,0.09596151791913687,-0.04994525449981302,0.1723314906799125,50.0,S&P 500 Index x $50,149784.0,10877763432.0,10359660576.0,518102856.0,-822463944.0,868896984.0,55193456808.0,56682759120.0,-1489302312.0,831750552.0,434972736.0,68903785464.0,69874984920.0,-971199456.0,9286608.0,1303869720.0,9979658568.0,9008309328.0,971349240.0,-9136824.0,-1303719936.0
2019-10-22,S&P 500 Consolidated - CHICAGO MERCANTILE EXCHANGE,527802,75352,69113,6239,1.1820720649031267,14.276565833399646,13.094493768496521,18260,3.4596306948439,370427,380493,-10066,-1.9071545769057336,70.18294739315122,72.09010197005695,464039,467866,-3827,-0.7250825120026071,87.91914392139476,88.64422643339738,63763,59936,3827,0.7250825120026071,12.080856078605235,11.355773566602627,2995.99,2019-10-28,2019-10-28,3039.42,0.014496043044202489,2019-10-29,2019-10-29,3036.89,0.01365158094653185,2019-10-30,2019-10-30,3046.77,0.016949322260755295,2019-10-31,2019-10-31,3037.56,0.013875213201646197,2019-11-01,2019-11-01,3066.91,0.023671641093595097,0.014496043044202489,-0.0008323956544341593,0.0032533282404039188,-0.0030228734036372717,0.009662360578885698,0.009044488751143165,0.00010348234791424105,0.5252753870524981,2780.0,0.486873686667586,-0.03840170038491131,-0.01917268391099536,-123.0,0.2144485694609699,0.2336212533719646,0.5061027031415027,2657.0,0.5701226604742686,0.06401995733276067,-0.5062925836496989,-2658.0,-0.5703125409824583,-0.06401995733276067,0.01365158094653185,0.02624508092483624,0.03199276366075998,0.041452074272610995,0.10841157680766633,-0.08659241185718236,0.14924282123772104,50.0,S&P 500 Index x $50,149799.5,11287691924.0,10353092843.5,934599080.5,416442610.0,498233137.0,55489779386.5,56997661153.5,-1507881767.0,-18425338.5,-81041529.5,69512810180.5,70086092867.0,-573282686.5,398017271.5,417191607.5,9551665518.5,8978382832.0,573282686.5,-398167071.0,-417191607.5
2019-10-29,S&P 500 Consolidated - CHICAGO MERCANTILE EXCHANGE,546562,78900,71835,7065,1.2926255392800816,14.435690735909192,13.143065196629111,18590,3.4012609731375396,382717,396260,-13543,-2.4778524668747552,70.02261408586766,72.50046655274241,480207,486685,-6478,-1.1852269275946736,87.8595657949144,89.04479272250907,66355,59877,6478,1.1852269275946736,12.140434205085608,10.955207277490935,3036.89,2019-11-04,2019-11-04,3078.27,0.013625781638452628,2019-11-05,2019-11-05,3074.62,0.012423894181218254,2019-11-06,2019-11-06,3076.78,0.01313514812851313,2019-11-07,2019-11-07,3085.18,0.01590113570132612,2019-11-08,2019-11-08,3093.08,0.018502481156709605,0.013625781638452628,-0.001185730946278274,0.0007025258405917167,0.0027301269509030224,0.002560628553277322,0.0048111439217481955,0.01365158094653185,0.11055347437695495,826.0,0.15912490250954647,0.048571428132589745,-0.5706978899690216,-3477.0,-0.16033330728356532,0.4103645826854603,-0.46014441559206654,-2651.0,-0.05957812648036054,0.4005662891116941,0.46014441559206654,2651.0,0.05957812648037297,-0.40056628911169234,0.012423894181218254,0.01809416870548497,0.027426083921380018,0.0341237252584059,0.0788141816134269,-0.05713081474798232,0.11649746945065509,50.0,S&P 500 Index x $50,151844.5,11980531050.0,10907749657.5,1072781392.5,125423557.0,926858828.0,58113471506.5,60169901570.0,-2056430063.5,-527963326.5,-346357304.5,72916791811.5,73900440482.5,-983648671.0,-402539769.5,580501523.5,10075641797.5,9091993126.5,983648671.0,402539769.5,-580501523.5
2019-11-05,S&P 500 Consolidated - CHICAGO MERCANTILE EXCHANGE,558295,77928,74929,2999,0.5371712087695573,13.958212056350138,13.421040847580581,16348,2.9282010406684638,398505,405444,-6939,-1.242891302984981,71.3789304937354,72.62182179672038,492781,496721,-3940,-0.7057200942154237,88.265343590754,88.97106368496942,65514,61574,3940,0.7057200942154237,11.734656409246009,11.028936315030585,3074.62,2019-11-11,2019-11-11,3087.01,0.004029766280060798,2019-11-12,2019-11-12,3091.84,0.0056006921180504765,2019-11-13,2019-11-13,3094.04,0.0063162276964308095,2019-11-14,2019-11-14,3096.63,0.007158608218251539,2019-11-15,2019-11-15,3120.46,0.014909159505890113,0.004029766280060798,0.001564620781921544,0.0007115504036430131,0.0008370932502488326,0.007695462486638771,0.010835727775420079,0.012423894181218254,-0.7554543305105244,-4066.0,-0.477478679559054,0.27797565095147014,1.2349611638897742,6604.0,1.3563164078677374,0.12135524397797326,0.47950683337924993,2538.0,0.4057777958395974,-0.07372903753964977,-0.47950683337924993,-2538.0,-0.40577779583959916,0.07372903753964977,0.0056006921180504765,0.01481809134136891,0.02143354300694078,0.006043023202867426,0.07251953086885532,-0.06705869343203386,0.09579720420734916,50.0,S&P 500 Index x $50,153731.0,11979949368.0,11518910099.0,461039269.0,-625070246.0,-914853181.0,61262572155.0,62329311564.0,-1066739409.0,1015239524.0,1315476167.0,75755715911.0,76361416051.0,-605700140.0,390169278.0,400622986.0,10071532734.0,9465832594.0,605700140.0,-390169278.0,-400622986.0
2019-11-12,S&P 500 Consolidated - CHICAGO MERCANTILE EXCHANGE,574424,78300,74564,3736,0.6503906522011614,13.631046056571453,12.980655404370292,14016,2.440009470356392,414971,422273,-7302,-1.2711864406779663,72.24123643858891,73.51242287926688,507286,510853,-3567,-0.6209698759104773,88.31211787808309,88.93308775399356,67138,63571,3567,0.6209698759104773,11.687882121916912,11.066912246006435,3091.84,2019-11-18,2019-11-18,3122.03,0.009764412129993794,2019-11-19,2019-11-19,3120.18,0.009166062926930119,2019-11-20,2019-11-20,3108.46,0.005375439867522314,2019-11-21,2019-11-21,3103.54,0.003784154419374852,2019-11-22,2019-11-22,3110.29,0.005967320430552592,0.009764412129993794,-0.000592563172038818,-0.0037561935529359936,-0.0015827773238195064,0.0021749357185665286,-0.0037603738593159353,0.0056006921180504765,0.11321944343160417,737.0,-0.32716599977868555,-0.44038544321028894,-0.028295137692985195,-363.0,0.8623059448535173,0.8906010825464961,0.08475021830494645,373.0,0.04677428732908595,-0.03797593097586116,-0.08475021830494645,-373.0,-0.04677428732909661,0.0379759309758505,0.009166062926930119,0.015744669840612735,0.0004398675222521131,0.013157213827364789,0.08600380356033943,-0.07171134340716212,0.1467378648312978,50.0,S&P 500 Index x $50,154592.0,12104553600.0,11526997888.0,577555712.0,113934304.0,42821984.0,64151196832.0,65280027616.0,-1128830784.0,-56116896.0,408277472.0,78422357312.0,78973786976.0,-551429664.0,57662816.0,450944864.0,10378997696.0,9827568032.0,551429664.0,-57662816.0,-451099456.0
2019-11-19,S&P 500 Consolidated - CHICAGO MERCANTILE EXCHANGE,585963,79312,78141,1171,0.19984196954415212,13.53532560929615,13.335483639751999,19102,3.259932794391455,418674,421473,-2799,-0.4776752115747923,71.45058647047681,71.9282616820516,517088,518716,-1628,-0.2778332420306402,88.24584487416442,88.52367811619504,68875,67247,1628,0.2778332420306402,11.75415512583559,11.47632188380495,3120.18,2019-11-25,2019-11-25,3133.64,0.0043138536879283595,2019-11-26,2019-11-26,3140.52,0.0065188546814607395,2019-11-27,2019-11-27,3153.63,0.010720535353729632,2019-11-28,2019-11-29,3140.98,0.006666282073470198,2019-11-29,2019-11-29,3140.98,0.006666282073470198,0.0043138536879283595,0.0021955297992111156,0.00417446792250975,-0.004011250527170329,0.0,0.002342323942763125,0.009166062926930119,-0.4505486826570093,-2565.0,-0.09572044727530304,0.3548282353817065,0.793511229103174,4503.0,-0.7906499681121062,-1.5841611972152805,0.34313663387983706,1939.0,-0.06627300391866697,-0.40940963779851813,-0.34313663387983706,-1939.0,0.06627300391867763,0.4094096377985146,0.0065188546814607395,-0.008646937035683866,0.0039549000378182875,0.023184559865136123,0.08015883699017379,-0.06321430173900222,0.15683390060829838,50.0,S&P 500 Index x $50,156009.0,12373385808.0,12190699269.0,182686539.0,-400163085.0,-790653612.0,65316912066.0,65753581257.0,-436669191.0,702508527.0,1133717403.0,80670381792.0,80924364444.0,-253982652.0,302501451.0,343063791.0,10745119875.0,10491137223.0,253982652.0,-302501451.0,-343063791.0
2019-11-26,S&P 500 Consolidated - CHICAGO MERCANTILE EXCHANGE,605622,84581,84577,4,0.0006604779879198576,13.965972174062369,13.965311696074448,18601,3.0713877633243176,430992,434933,-3941,-0.6507359375980397,71.16518224238881,71.81591817998687,534173,538112,-3939,-0.6504056986040798,88.20237706027852,88.8527827588826,71449,67510,3939,0.6504056986040798,11.797622939721476,11.147217241117396,3140.52,2019-12-02,2019-12-02,3113.87,-0.008485855845528745,2019-12-03,2019-12-03,3093.2,-0.015067568428158484,2019-12-04,2019-12-04,3112.76,-0.00883930049800663,2019-12-05,2019-12-05,3117.43,-0.007352285608752784,2019-12-06,2019-12-06,3145.91,0.0017162762854558977,-0.008485855845528745,-0.006638042050567283,0.006323548428811776,0.001500276282141666,0.009135730393304842,0.010289446894057974,0.0065188546814607395,-0.19918149155623227,-1167.0,0.430646564766219,0.6298280563224488,-0.1730607260232474,-1142.0,-0.28540422808799804,-0.11234350206473209,-0.3725724565734396,-2311.0,-0.043467813885897044,0.3291046426875539,0.3725724565734396,2311.0,0.043467813885886386,-0.3291046426875539,-0.015067568428158484,-0.002547348846687836,0.01655776750347071,0.026384165679569138,-0.003919733037840878,-0.04736476761810149,0.15758218384216627,50.0,S&P 500 Index x $50,157026.0,13281416106.0,13280788002.0,628104.0,-183249342.0,-1108760586.0,67676949792.0,68295789258.0,-618839466.0,-179323692.0,1507763652.0,83879049498.0,84497574912.0,-618525414.0,-362887086.0,398689014.0,11219350674.0,10600825260.0,618525414.0,362887086.0,-398689014.0
2019-12-03,S&P 500 Consolidated - CHICAGO MERCANTILE EXCHANGE,606563,76731,82681,-5950,-0.9809368523962062,12.650128675834168,13.631065528230375,19768,3.259018436666925,439869,439506,363,0.059845391162995434,72.51827097927173,72.45842558810874,536368,541955,-5587,-0.9210914612332107,88.42741809177282,89.34850955300604,70196,64608,5588,0.9212563245697479,11.572746771563711,10.651490446993964,3093.2,2019-12-09,2019-12-09,3135.96,0.013823871718608549,2019-12-10,2019-12-10,3132.52,0.01271175481701814,2019-12-11,2019-12-11,3141.63,0.015656924867451183,2019-12-12,2019-12-12,3168.57,0.024366351997931135,2019-12-13,2019-12-13,3168.8,0.024440708651235044,0.013823871718608549,-0.0010969527672547441,0.0029082017034209873,0.008575166394515055,7.258794976916505e-05,0.010472072347861516,-0.015067568428158484,-0.9815973303841261,-5954.0,-1.315843498228201,-0.3342461678440731,0.7105813287610352,4304.0,1.353088736882924,0.6425074081218725,-0.2706857626291309,-1648.0,0.22504103149429966,0.495726794123442,0.2708506259656681,1649.0,-0.22487616815776512,-0.49572679412343135,0.01271175481701814,0.0321091426354585,0.04208586577007645,0.04447821026768417,-0.02904112246217505,-0.004002327686538076,0.18403271692745382,50.0,S&P 500 Index x $50,154660.0,11867216460.0,12787443460.0,-920227000.0,-920845640.0,-1384052340.0,68030139540.0,67973997960.0,56141580.0,665656640.0,1129327320.0,82954674880.0,83818760300.0,-864085420.0,-254879680.0,-254725020.0,10856513360.0,9992273280.0,864240080.0,255034340.0,254879680.0
2019-12-10,S&P 500 Consolidated - CHICAGO MERCANTILE EXCHANGE,622140,76112,78191,-2079,-0.33416915806731606,12.233902337094545,12.568071495161862,21223,3.411290063329797,453875,457074,-3199,-0.5141929469251294,72.95383675700003,73.46802970392517,551210,556489,-5279,-0.8485228405182113,88.59902915742437,89.44755199794258,70930,65651,5279,0.8485228405182113,11.400970842575626,10.552448002057414,3132.52,2019-12-16,2019-12-16,3191.45,0.018812330009066125,2019-12-17,2019-12-17,3192.52,0.019153908035702827,2019-12-18,2019-12-18,3191.14,0.01871336815088176,2019-12-19,2019-12-19,3205.37,0.02325603667334919,2019-12-20,2019-12-20,3221.22,0.028315860712780694,0.018812330009066125,0.00033527080167328194,-0.000432260408705365,0.004459221469443442,0.0049448269622538454,0.009328048379263265,0.01271175481701814,0.6467676943288901,3871.0,-0.416226338739623,-1.062994033068513,-0.5740383380881249,-3562.0,0.43556577772829996,1.0096041158164297,0.07256862071499948,308.0,0.17161106565154682,0.09904244493654346,-0.07273348405153668,-309.0,-0.1717759289880849,-0.09904244493655057,0.019153908035702827,0.0290054014020662,0.03136771672646943,0.03341080025027776,-0.07990052737093456,0.023833846232426348,0.1818759337530167,50.0,S&P 500 Index x $50,156626.0,11921118112.0,12246743566.0,-325625454.0,606299246.0,-910780190.0,71088625750.0,71589672324.0,-501046574.0,-557901812.0,642636478.0,86333817460.0,87160646114.0,-826828654.0,48240808.0,-268143712.0,11109482180.0,10282653526.0,826828654.0,-48397434.0,268143712.0
2019-12-17,S&P 500 Consolidated - CHICAGO MERCANTILE EXCHANGE,675130,80214,78385,1829,0.270910787552027,11.881267311480752,11.610356523928726,27808,4.1189104320649355,474885,497091,-22206,-3.2891443129471365,70.33978641150594,73.62893072445307,582907,603284,-20377,-3.018233525395109,86.33996415505162,89.35819768044672,92223,71846,20377,3.018233525395109,13.660035844948382,10.641802319553271,3192.52,2019-12-23,2019-12-23,3224.01,0.009863681355167797,2019-12-24,2019-12-24,3223.38,0.009666345081628336,2019-12-25,2019-12-26,3239.91,0.0148440730206858,2019-12-26,2019-12-26,3239.91,0.0148440730206858,2019-12-27,2019-12-27,3240.02,0.014878528560510196,0.009863681355167797,-0.0001954088231737039,0.005128157399996169,0.0,3.395156038288327e-05,0.0049658654904916055,0.019153908035702827,0.6050799456193431,3908.0,-0.3526350256137931,-0.9577149712331359,-2.774951366022007,-19007.0,-2.6140503454940927,0.160901020527902,-2.1697106848768977,-15098.0,-2.2590650023727505,-0.08935431749586087,2.1697106848768977,15098.0,2.259065002372756,0.08935431749585732,0.009666345081628336,0.0119842632152658,0.013988949168681764,0.028388232493453458,-0.20777630210617315,-0.02123087717539751,0.15727387768909828,50.0,S&P 500 Index x $50,159626.0,12804239964.0,12512284010.0,291955954.0,623818408.0,105033908.0,75803993010.0,79348647966.0,-3544654956.0,-3034011382.0,-3097861782.0,93047112782.0,96299811784.0,-3252699002.0,-2410033348.0,-2992827874.0,14721188598.0,11468489596.0,3252699002.0,2410033348.0,2992827874.0
2019-12-24,S&P 500 Consolidated - CHICAGO MERCANTILE EXCHANGE,556980,79420,73245,6175,1.1086574024201945,14.259039821896657,13.150382419476461,12169,2.184818126324105,400285,415816,-15531,-2.788430464289562,71.8670329275737,74.65546339186326,491874,501230,-9356,-1.679773061869367,88.31089087579447,89.99066393766383,65106,55750,9356,1.679773061869367,11.689109124205537,10.00933606233617,3223.38,2019-12-30,2019-12-30,3221.29,-0.0006483877172409613,2019-12-31,2019-12-31,3230.78,0.0022957268457333146,2020-01-01,2020-01-02,3257.85,0.010693743834111924,2020-01-02,2020-01-02,3257.85,0.010693743834111924,2020-01-03,2020-01-03,3234.85,0.003558376610886649,-0.0006483877172409613,0.002946024729223451,0.008378781594537532,0.0,-0.007059870773669763,0.004209493712146406,0.009666345081628336,0.8377466148681675,4346.0,2.3777725104159053,1.5400258955477355,0.5007138486575746,6675.0,1.5272465160677626,1.0265326674101942,1.3384604635257422,11021.0,1.9709267207428525,0.6324662572171036,-1.3384604635257422,-11021.0,-1.9709267207428454,-0.6324662572171018,0.0022957268457333146,0.004281220333935076,0.01854264777965975,0.030219831357146898,-0.24075659711234798,-0.028569389895079178,0.14628743741042016,50.0,S&P 500 Index x $50,161169.0,12800041980.0,11804823405.0,995218575.0,700440474.0,994573899.0,64513533165.0,67016648904.0,-2503115739.0,1075803075.0,-1867948710.0,79274840706.0,80782737870.0,-1507897164.0,1776243549.0,-873052473.0,10493068914.0,8985171750.0,1507897164.0,-1776243549.0,873052473.0
2019-12-31,S&P 500 Consolidated - CHICAGO MERCANTILE EXCHANGE,566928,83186,73119,10067,1.7757104958654364,14.673115457342027,12.897404961476589,15406,2.7174526571275366,401218,421508,-20290,-3.5789377134309825,70.77053876329975,74.34947647673073,499810,510033,-10223,-1.8032272175655462,88.16110687776931,89.96433409533485,67118,56895,10223,1.8032272175655462,11.838893122230688,10.035665904665143,3230.78,2020-01-06,2020-01-06,3246.28,0.0047976030556089455,2020-01-07,2020-01-07,3237.18,0.0019809457777997252,2020-01-08,2020-01-08,3253.05,0.006893072261187738,2020-01-09,2020-01-09,3274.7,0.013594240400151003,2020-01-10,2020-01-10,3265.35,0.010700202427896599,0.0047976030556089455,-0.0028032085956850583,0.0049024150649641385,0.006655292725288531,-0.0028552233792408233,0.00587441625491314,0.0022957268457333146,0.6670530934452419,3892.0,0.4140756354453696,-0.25297745799987226,-0.7905072491414207,-4759.0,-1.096494164273949,-0.30598691513253584,-0.12345415569617924,-867.0,-0.14978399802515696,-0.026329842328976838,0.12345415569617924,867.0,0.14978399802515163,0.026329842328973285,0.0019809457777997252,0.01620970787240239,0.02786014522808733,0.014070905477933993,-0.20001052377444462,-0.040389627272671036,0.15360377370170664,50.0,S&P 500 Index x $50,161539.0,13437783254.0,11811570141.0,1626213113.0,628709788.0,2587370163.0,64812354502.0,68089980812.0,-3277626310.0,-768764101.0,-3336264967.0,80738807590.0,82390220787.0,-1651413197.0,-140054313.0,-748894804.0,10842174602.0,9190761405.0,1651413197.0,140054313.0,748733265.0
2020-01-07,S&P 500 Consolidated - CHICAGO MERCANTILE EXCHANGE,567613,80900,75358,5542,0.9763694629967954,14.252668631620487,13.276299168623693,15831,2.7890481719058586,404426,415691,-11265,-1.9846268496317032,71.25030610644929,73.234932956081,501156,506880,-5724,-1.0084335630085992,88.29184673360194,89.30028029661055,66456,60733,5723,1.008257386634908,11.707977090024366,10.699719703389457,3237.18,2020-01-13,2020-01-13,3288.13,0.01573900740768197,2020-01-14,2020-01-14,3283.15,0.014200631413761489,2020-01-15,2020-01-15,3289.29,0.016097343984579293,2020-01-16,2020-01-16,3316.81,0.02459857036062263,2020-01-17,2020-01-17,3329.62,0.02855571824859915,0.01573900740768197,-0.0015145386587512855,0.001870155186330269,0.00836654718799501,0.003862144651035182,0.012618114247307632,0.0019809457777997252,-0.799341032868641,-4525.0,-0.42044682572153924,0.37889420714710376,1.5943108637992793,9025.0,0.4797673431495326,-1.1145435206497325,0.794793654556947,4499.0,0.13073985583262981,-0.6640537987242965,-0.7949698309306381,-4500.0,-0.13091603220632209,0.6640537987243142,0.014200631413761489,0.025828035512390546,0.012066057494485971,0.018661303974446986,-0.17847941727058736,-0.028376549960150377,0.15126746118535284,50.0,S&P 500 Index x $50,161859.0,13094393100.0,12197370522.0,897022578.0,-732411975.0,1233527439.0,65459987934.0,67283329569.0,-1823341635.0,1460777475.0,-1305554694.0,81116609004.0,82043089920.0,-926480916.0,728203641.0,-72027255.0,10756501704.0,9830182647.0,926319057.0,-728365500.0,71865396.0
2020-01-14,S&P 500 Consolidated - CHICAGO MERCANTILE EXCHANGE,568311,80255,71750,8505,1.4965397467231851,14.121669297268575,12.625129550545388,13961,2.4565774725458422,406022,423618,-17596,-3.096192049775563,71.44362857660683,74.53982062638238,500238,509329,-9091,-1.599652303052378,88.02187534642124,89.62152764947362,68073,58983,9090,1.5994763430586423,11.978124653578762,10.37864831052012,3283.15,2020-01-20,2020-01-21,3320.79,0.01146459954616752,2020-01-21,2020-01-21,3320.79,0.01146459954616752,2020-01-22,2020-01-22,3321.75,0.011757001659991051,2020-01-23,2020-01-23,3325.54,0.012911380838523945,2020-01-24,2020-01-24,3295.47,0.0037524937940696113,0.01146459954616752,0.0,0.0002890878375325645,0.0011409648528637462,-0.009042140524546438,-0.007624691714923304,0.014200631413761489,0.5201702837263897,2963.0,-0.13099933435191247,-0.6511696180783044,-1.1115652001438598,-6331.0,0.19332247015753978,1.3048876703013832,-0.5912187400437787,-3367.0,-0.26997138718070346,0.32124735286306816,0.5912189564237342,3367.0,0.27014756355439573,-0.32107139286933695,0.01146459954616752,-0.002104686048459703,0.004398215128763594,0.022722080928376576,-0.13313129159496218,-0.026081659381996025,0.157787490672068,50.0,S&P 500 Index x $50,164157.5,13174460162.5,11778300625.0,1396159537.5,486398672.5,1095915470.0,66651556465.0,69540071835.0,-2888515370.0,-1039281132.5,756766075.0,82117819485.0,83610175317.5,-1492355832.5,-552718302.5,1852681545.0,11174693497.5,9682501822.5,1492191675.0,552718302.5,-1852845702.5
2020-01-21,S&P 500 Consolidated - CHICAGO MERCANTILE EXCHANGE,587888,85531,80955,4576,0.7783795552894429,14.548859646735432,13.770480091445988,17292,2.9413765887379912,416421,430884,-14463,-2.4601624799281496,70.83339003347577,73.29355251340391,519244,529131,-9887,-1.6817829246387066,88.32362626894918,90.0054091935879,68644,58757,9887,1.6817829246387066,11.676373731050813,9.994590806412106,3320.79,2020-01-27,2020-01-27,3243.63,-0.023235434941685562,2020-01-28,2020-01-28,3276.24,-0.013415482460498951,2020-01-29,2020-01-29,3273.4,-0.014270700646532908,2020-01-30,2020-01-30,3283.66,-0.011181074382902945,2020-01-31,2020-01-31,3225.52,-0.028688956543473032,-0.023235434941685562,0.010053551114029613,-0.0008668473616095795,0.003134355715769477,-0.017705852615678808,-0.0055832508640011325,0.01146459954616752,-0.7181601914337422,-3929.0,0.42719034946685674,1.1453505409005995,0.6360295698474134,3133.0,-0.6102385431310609,-1.2462681129784698,-0.08213062158632867,-796.0,0.301750922527944,0.3838815441142742,0.08230658158006432,797.0,-0.30175092252794933,-0.3840575041080143,-0.013415482460498951,-0.006986289407038604,0.011129881745006509,0.014906091622776563,-0.17593102846009534,-0.019118944588486397,0.14397778841781617,50.0,S&P 500 Index x $50,166039.5,14201524474.5,13441727722.5,759796752.0,-652369195.5,-265497160.5,69142334629.5,71543763918.0,-2401429288.5,520201753.5,177330186.0,86215014138.0,87856646674.5,-1641632536.5,-132167442.0,-88166974.5,11397615438.0,9755982901.5,1641632536.5,132333481.5,88166974.5
2020-01-28,S&P 500 Consolidated - CHICAGO MERCANTILE EXCHANGE,583370,85798,78896,6902,1.183125632103125,14.707304112312942,13.524178480209814,15037,2.5776094074086773,413395,426045,-12650,-2.1684351269348783,70.86326002365566,73.03169515059054,514230,519978,-5748,-0.9853094948317533,88.14817354337727,89.13348303820902,69139,63392,5747,0.9851380770351578,11.85165503882613,10.866516961790973,3276.24,2020-02-03,2020-02-03,3248.92,-0.00833882743632941,2020-02-04,2020-02-04,3297.59,0.006516616609283821,2020-02-05,2020-02-05,3334.69,0.01784057334017053,2020-02-06,2020-02-06,3345.78,0.021225551241667473,2020-02-07,2020-02-07,3327.71,0.01571008228945381,-0.00833882743632941,0.014980362705145023,0.011250640619361318,0.0033256464618900416,-0.005400833288500828,0.024251135762037856,-0.013415482460498951,0.404746076813682,2326.0,0.15844446557751013,-0.24630161123617356,0.29172735299327135,1813.0,0.029869990179889783,-0.26185736281337313,0.6964734298069533,4139.0,-0.17545272557191538,-0.8719261553788726,-0.6966448476035488,-4140.0,0.17528130777531814,0.8719261553788673,0.006516616609283821,0.02487912973408557,0.028706688154714,-0.045182892584181844,-0.12601335677483938,-0.017642175176421637,0.17501159866188076,50.0,S&P 500 Index x $50,163812.0,14054741976.0,12924111552.0,1130630424.0,381026712.0,-518464980.0,67719061740.0,69791283540.0,-2072221800.0,296991156.0,1251523680.0,84237044760.0,85178636136.0,-941591376.0,678017868.0,733058700.0,11325797868.0,10384370304.0,941427564.0,-678181680.0,-733222512.0
2020-02-04,S&P 500 Consolidated - CHICAGO MERCANTILE EXCHANGE,575449,86416,76177,10239,1.7793062460791487,15.017143135186611,13.237836889107463,16189,2.813281455002963,401478,418317,-16839,-2.926236729927413,69.76778133248993,72.69401806241734,504083,510683,-6600,-1.1469304838482646,87.59820592267951,88.74513640652776,71365,64765,6600,1.1469304838482646,12.401620299974454,11.25468981612619,3297.59,2020-02-10,2020-02-10,3352.09,0.01652722139501872,2020-02-11,2020-02-11,3357.75,0.018243626405950897,2020-02-12,2020-02-12,3379.45,0.024824189787086892,2020-02-13,2020-02-13,3373.94,0.023153272541462044,2020-02-14,2020-02-14,3380.16,0.025039498542875238,0.01652722139501872,0.0016884988171557147,0.0064626610081155444,-0.0016304428235363044,0.0018435419717006685,0.008373880176248072,0.006516616609283821,0.5961806139760237,3337.0,0.3098390228736694,-0.28634159110235125,-0.7578016029925347,-4189.0,-1.0954786911657237,-0.3376770881731943,-0.16162098901651123,-852.0,-0.5499676206977568,-0.3883466316812587,0.1617924068131068,853.0,0.5499652611483228,0.38817285433521675,0.018243626405950897,0.02204640358564891,-0.05136478458510607,-0.08922273539160419,-0.13014049654444615,0.002705005776946212,0.16033527515549229,50.0,S&P 500 Index x $50,164879.5,14248226872.0,12560025671.5,1688201200.5,550202891.5,774439011.5,66195491901.0,68971897801.5,-2776405900.5,-690680225.5,-919038333.0,83112952998.5,84201157698.5,-1088204700.0,-140477334.0,-144434442.0,11766625517.5,10678420817.5,1088204700.0,140642213.5,144599321.5
2020-02-11,S&P 500 Consolidated - CHICAGO MERCANTILE EXCHANGE,596376,89949,80335,9614,1.6120702375682454,15.082598897339933,13.470528659771688,17981,3.0150442003031643,416705,432255,-15550,-2.607415456021034,69.87286544059452,72.48028089661555,524634,530571,-5937,-0.9955128979033362,87.97034085878708,88.96585375669041,71742,65805,5937,0.9955128979033362,12.029659141212926,11.03414624330959,3357.75,2020-02-17,2020-02-18,3370.29,0.0037346437346437167,2020-02-18,2020-02-18,3370.29,0.0037346437346437167,2020-02-19,2020-02-19,3386.15,0.00845804482168111,2020-02-20,2020-02-20,3373.23,0.004610230064775456,2020-02-21,2020-02-21,3337.75,-0.005956369592733268,0.0037346437346437167,0.0,0.004705826501577137,-0.0038155427255142094,-0.010518108756295885,-0.009654955508279661,0.018243626405950897,-0.16723600851090326,-625.0,0.06545576215332183,0.23269177066422486,0.31882127390637915,1289.0,0.10508410810459168,-0.21373716580178836,0.15141758594492838,663.0,0.372134936107571,0.22071735016264427,-0.15141758594492838,-663.0,-0.37196115876152724,-0.22054357281660053,0.0037346437346437167,-0.06836125381579927,-0.10554091281364009,-0.1416186434368253,-0.1452252252252253,-0.0071655126200580455,0.16483657210929947,50.0,S&P 500 Index x $50,167887.5,15101312737.5,13487242312.5,1614070425.0,-104929687.5,186187237.5,69959560687.5,72570211312.5,-2610650625.0,216406987.5,343497825.0,88079490675.0,89076238762.5,-996748087.5,111309412.5,529517175.0,12044585025.0,11047836937.5,996748087.5,-111309412.5,-529349287.5
2020-02-18,S&P 500 Consolidated - CHICAGO MERCANTILE EXCHANGE,607316,94305,84465,9840,1.6202438269368828,15.528159969439304,13.907916142502422,18617,3.065455216065442,422704,438885,-16181,-2.6643460735432627,69.60198644527725,72.26633251882052,535626,541967,-6341,-1.0441022466063794,88.195601630782,89.23970387738838,71691,65349,6342,1.0442669055318812,11.804563028143503,10.760296122611622,3370.29,2020-02-24,2020-02-24,3225.89,-0.04284497773188656,2020-02-25,2020-02-25,3128.21,-0.07182764687905197,2020-02-26,2020-02-26,3116.39,-0.07533476347732693,2020-02-27,2020-02-27,2978.76,-0.11617101199006608,2020-02-28,2020-02-28,2954.22,-0.12345228452151003,-0.04284497773188656,-0.030280015747592093,-0.003778518705585654,-0.044163278665378725,-0.008238327357692588,-0.08421551881806266,0.0037346437346437167,0.008173589368637435,226.0,0.44556107209937146,0.4373874827307347,-0.05693061752222883,-631.0,-0.27087899531727544,-0.21394837779503462,-0.04858934870304321,-404.0,0.22526077199491112,0.273850120697972,0.04875400762854498,405.0,-0.2250961130694229,-0.27385012069796666,-0.07182764687905197,-0.10886896973257498,-0.14481246420931138,-0.2495630939770761,-0.132733384960938,0.005782885152316286,0.1668402422343478,50.0,S&P 500 Index x $50,168514.5,15891759922.5,14233577242.5,1658182680.0,38084277.0,887060328.0,71231753208.0,73958486332.5,-2726733124.5,-106332649.5,-289507911.0,90260747577.0,91329298021.5,-1068550444.5,-68079858.0,597552417.0,12080973019.5,11012254060.5,1068718959.0,68248372.5,-597383902.5
2020-02-25,S&P 500 Consolidated - CHICAGO MERCANTILE EXCHANGE,617822,89674,75831,13843,2.2406129920915734,14.514536549362115,12.27392355727054,26153,4.233096263972471,420099,443231,-23132,-3.7441204748293195,67.99676929601083,71.74088977084014,535926,545215,-9289,-1.5035074827377464,86.74440210934542,88.24790959208315,81896,72607,9289,1.5035074827377464,13.255597890654588,11.752090407916842,3128.21,2020-03-02,2020-03-02,3090.23,-0.012141128632668474,2020-03-03,2020-03-03,3003.37,-0.03990780670095684,2020-03-04,2020-03-04,3130.12,0.0006105728195997528,2020-03-05,2020-03-05,3023.94,-0.03333216120401128,2020-03-06,2020-03-06,2972.37,-0.049817627333203385,-0.012141128632668474,-0.028107940185681968,0.042202592421180185,-0.03392202215889484,-0.017053909799797706,-0.03813955595538199,-0.07182764687905197,0.6203691651546905,4003.0,-1.0136234200771899,-1.6339925852318817,-1.0797744012860568,-6951.0,-1.605217149266423,-0.525442747980378,-0.45940523613136697,-2948.0,-1.4511995214365783,-0.9917942853052324,0.4592405772058652,2947.0,1.4510348625110847,0.99179428530522,-0.03990780670095684,-0.07863282835870988,-0.19148970177833324,-0.21765802168013015,-0.0436159976472168,0.10082762985860927,0.2407638873349296,50.0,S&P 500 Index x $50,156410.5,14025955177.0,11860764625.5,2165190551.5,626111231.5,1085645280.5,65707894639.5,69325982325.5,-3618087686.0,-1087209385.5,-1639494861.0,83824453623.0,85277350757.5,-1452897134.5,-461098154.0,-553849580.5,12809394308.0,11356497173.5,1452897134.5,460941743.5,554005991.0
2020-03-03,S&P 500 Consolidated - CHICAGO MERCANTILE EXCHANGE,687840,76985,74574,2411,0.350517562223773,11.192283089090486,10.841765526866713,35004,5.08897418004187,464114,471406,-7292,-1.060130262851826,67.47412188881135,68.53425215166318,576103,580984,-4881,-0.709612700628053,83.75537915794371,84.46499185857176,111738,106857,4881,0.709612700628053,16.24476622470342,15.535153524075366,3003.37,2020-03-09,2020-03-09,2746.56,-0.08550728015529219,2020-03-10,2020-03-10,2882.23,-0.04033469069744977,2020-03-11,2020-03-11,2741.38,-0.08723200937613407,2020-03-12,2020-03-12,2480.64,-0.17404781961596472,2020-03-13,2020-03-13,2711.02,-0.09734065399867475,-0.08550728015529219,0.04939633578003022,-0.048868410917935035,-0.09511268047479748,0.0928711945304439,-0.012939822905743914,-0.03990780670095684,-1.8900954298678003,-11432.0,-3.3222534602716287,-1.4321580304038282,2.6839902119774934,15840.0,-0.5226474071994716,-3.206637619176959,0.7938947821096933,4408.0,-2.989022951401708,-3.7829177335113826,-0.7938947821096933,-4408.0,2.9891683340488306,3.783063116158523,-0.04033469069744977,-0.15788264516193473,-0.1851386942001818,-0.13943669944096126,0.025787698485368216,0.17423094723593846,0.28864908419542057,50.0,S&P 500 Index x $50,150168.5,11560721972.5,11198665719.0,362056253.5,-1716726292.0,-1175519018.0,69695303209.0,70790331911.0,-1095028702.0,2378669040.0,1433658669.5,86512523355.5,87245495804.0,-732972448.5,661942748.0,258139651.5,16779527853.0,16046555404.5,732972448.5,-661942748.0,-258139651.5
2020-03-10,S&P 500 Consolidated - CHICAGO MERCANTILE EXCHANGE,783449,77985,75781,2204,0.28132016251217373,9.954062102319359,9.672741939807187,40963,5.228547103895723,535129,529102,6027,0.769290662187328,68.30425464835618,67.53496398616885,654077,645845,8232,1.0507384654265945,83.48686385457125,82.43612538914466,129373,137604,-8231,-1.0506108246995018,16.513263786155832,17.563874610855336,2882.23,2020-03-16,2020-03-16,2386.13,-0.17212366813196722,2020-03-17,2020-03-17,2529.19,-0.12248848981517779,2020-03-18,2020-03-18,2398.1,-0.16797063384948463,2020-03-19,2020-03-19,2409.39,-0.16405352799741868,2020-03-20,2020-03-20,2304.92,-0.20029976788805892,-0.17212366813196722,0.05995482224354909,-0.05183082330706679,0.004707893749218206,-0.043359522534749395,-0.03403418925205248,-0.04033469069744977,-0.06919739971159927,-207.0,-1.2382209867711271,-1.1690235870595256,1.829420925039154,13319.0,0.8301327595448242,-0.9992881654943346,1.7603511660546476,13113.0,-0.2685153033724532,-2.0288664694271006,-1.7602235253275549,-13112.0,0.26849756145241344,2.0287210867799708,-0.12248848981517779,-0.150890109394462,-0.10326726180769752,-0.07730819539037492,0.11274256391752213,0.15599379647009437,0.3445977593738181,50.0,S&P 500 Index x $50,144111.5,11238535327.5,10920913581.5,317621746.0,-29831080.5,-1067866215.0,77118242883.5,76249682873.0,868560010.5,1919421068.5,3109493835.5,94260017585.5,93073691717.5,1186325868.0,1889734099.5,2041915843.5,18644137089.5,19830318846.0,-1186181756.5,-1889589988.0,-2041771732.0
2020-03-17,S&P 500 Consolidated - CHICAGO MERCANTILE EXCHANGE,1024737,88601,76675,11926,1.1638108119449186,8.646218493135311,7.482407681190393,72469,7.071960903139049,685745,693788,-8043,-0.7848843166588109,66.91912168683281,67.70400600349163,846816,842932,3884,0.3790240813008606,82.63739866912194,82.25837458782107,177921,181805,-3884,-0.3790240813008606,17.362601330878068,17.74162541217893,2529.19,2020-03-23,2020-03-23,2237.4,-0.115368952115104,2020-03-24,2020-03-24,2447.33,-0.03236609349238295,2020-03-25,2020-03-25,2475.56,-0.02120441722448696,2020-03-26,2020-03-26,2630.07,0.039886287704759216,2020-03-27,2020-03-27,2541.47,0.004855309407359565,-0.115368952115104,0.09382765710199337,0.011535019797084933,0.06241416083633622,-0.0336873163071707,0.13590328059354584,-0.12248848981517779,0.8824906494327449,9722.0,-1.3078436091840473,-2.1903342586167938,-1.554174978846139,-14070.0,-1.385132961523368,0.16904201732278068,-0.6717143841257339,-4348.0,-0.8494651854493185,-0.17775080132359733,0.6715867433986412,4347.0,0.8493375447222355,0.17775080132359378,-0.03236609349238295,0.02190424602343044,0.051486839660128236,0.12528517035098186,0.23547064475187707,0.344778367777826,0.5667901581138626,50.0,S&P 500 Index x $50,126459.5,11204438159.5,9696282162.5,1508155997.0,1229439259.0,263794517.0,86718969827.5,87736083586.0,-1017113758.5,-1779285165.0,1029127411.0,107087927952.0,106596759254.0,491168698.0,-549845906.0,1293048387.5,22499800699.5,22990969397.5,-491168698.0,549719446.5,-1293174847.0
2020-03-24,S&P 500 Consolidated - CHICAGO MERCANTILE EXCHANGE,695310,76862,73854,3008,0.4326127914167781,11.05434985833657,10.621737066919792,15153,2.179315700910385,512553,512431,122,0.017546130502941133,73.71575268585235,73.69820655534942,604568,601438,3130,0.4501589219197193,86.94941824509931,86.49925932317959,90742,93872,-3130,-0.4501589219197193,13.050581754900692,13.50074067682041,2447.33,2020-03-30,2020-03-30,2626.65,0.07327168792112237,2020-03-31,2020-03-31,2584.59,0.05608561166659176,2020-04-01,2020-04-01,2470.5,0.009467460456906052,2020-04-02,2020-04-02,2526.9,0.03251298353716092,2020-04-03,2020-04-03,2488.65,0.01688370591624344,0.07327168792112237,-0.0160127919593398,-0.04414239782712159,0.022829386763812964,-0.015137124539950086,-0.05253840443150015,-0.03236609349238295,-0.7311980205281405,-8918.0,2.4081313652012586,3.1393293857293987,0.802430447161752,8165.0,6.796630999019541,5.994200551857787,0.07113484061885866,-754.0,4.312019575977374,4.24088473535852,-0.07113484061885866,754.0,-4.312019575977375,-4.24088473535852,0.05608561166659176,0.08665770451880217,0.162924493223227,0.11818185532805137,0.2794719142902673,0.35477030069504334,0.5978719665921637,50.0,S&P 500 Index x $50,122366.5,9405333923.0,9037255491.0,368078432.0,-1091264447.0,-1325841027.5,62719316674.5,62704387961.5,14928713.0,999122472.5,2845510591.0,73978870172.0,73595863027.0,383007145.0,-92264341.0,1519669563.5,11103780943.0,11486788088.0,-383007145.0,92264341.0,-1519669563.5
2020-03-31,S&P 500 Consolidated - CHICAGO MERCANTILE EXCHANGE,754083,82475,84607,-2132,-0.28272749816664744,10.937124958393174,11.219852456559822,22555,2.9910500568239837,536224,517075,19149,2.5393756390211686,71.10941368523093,68.57003804620977,641254,624237,17017,2.2566481408545216,85.0375887004481,82.78094055959357,112829,129846,-17017,-2.2566481408545216,14.962411299551906,17.21905944040643,2584.59,2020-04-06,2020-04-06,2663.68,0.03060059816063654,2020-04-07,2020-04-07,2659.41,0.028948498601325534,2020-04-08,2020-04-08,2749.98,0.06399080705256921,2020-04-09,2020-04-09,2789.82,0.07940524415864791,2020-04-10,2020-04-13,2761.63,0.06849829179869915,0.03060059816063654,-0.0016030454108602044,0.03405642604938697,0.01448737809002254,-0.010104594561656355,0.03677243512734263,0.05608561166659176,-0.7153402895834255,-5140.0,-0.11722489994339647,0.5981153896400304,2.5218295085182274,19027.0,-2.6063390006214178,-5.128168509139641,1.8064892189348023,13887.0,-1.9118295446512121,-3.718318763586012,-1.8064892189348023,-13887.0,1.911829544651214,3.7183187635860193,0.028948498601325534,0.10116498167987942,0.0587984941518771,0.10787010705759892,0.19952874537160614,0.2905219009591462,0.5315968877075281,50.0,S&P 500 Index x $50,129229.5,10658203012.5,10933720306.5,-275517294.0,-664239630.0,-587089618.5,69295959408.0,66821343712.5,2474615695.5,2458849696.5,3416957209.5,82868933793.0,80669835391.5,2199098401.5,1794610066.5,2829867591.0,14580835255.5,16779933657.0,-2199098401.5,-1794610066.5,-2829867591.0
2020-04-07,S&P 500 Consolidated - CHICAGO MERCANTILE EXCHANGE,772134,76897,92562,-15665,-2.028792929724633,9.959022656689124,11.987815586413756,25471,3.2987797454845915,547209,513726,33483,4.336423470537498,70.8696936024058,66.5332701318683,649577,631759,17818,2.307630540812864,84.12749600457951,81.81986546376665,122557,140375,-17818,-2.307630540812864,15.872503995420484,18.180134536233346,2659.41,2020-04-13,2020-04-13,2761.63,0.03843709695007558,2020-04-14,2020-04-14,2846.06,0.0701847402243354,2020-04-15,2020-04-15,2783.36,0.04660808224380597,2020-04-16,2020-04-16,2799.55,0.05269589871437663,2020-04-17,2020-04-17,2874.56,0.08090140294275794,0.03843709695007558,0.030572524197665762,-0.022030456139364496,0.005816710738100639,0.026793591827257934,0.04089251637619795,0.028948498601325534,-1.7460654315579855,-13533.0,-0.97810230170405,0.7679631298539338,1.7970478315163292,14334.0,-0.23972008282513002,-2.0367679143414676,0.050982399958342306,801.0,-0.9100926958685847,-0.9610750958269278,-0.050982399958342306,-801.0,0.9100926958685776,0.9610750958269172,0.0701847402243354,0.029010193990396393,0.07670122320364303,0.07860014063269682,0.18271345900030478,0.26380287356970156,0.531896172459305,50.0,S&P 500 Index x $50,132970.5,10225032538.5,12308015421.0,-2082982882.5,-1799489776.5,-2376049864.5,72762654334.5,68310403083.0,4452251251.5,1905999147.0,3650838048.0,86374578478.5,84005310109.5,2369268369.0,106509370.5,1274655213.0,16296465568.5,18665733937.5,-2369268369.0,-106509370.5,-1274788183.5
2020-04-14,S&P 500 Consolidated - CHICAGO MERCANTILE EXCHANGE,777289,75295,104271,-28976,-3.7278283881542125,9.686873222186343,13.414701610340554,30174,3.881953816405481,548212,496262,51950,6.683485807724026,70.52872226417716,63.84523645645314,653681,630707,22974,2.9556574195698126,84.09754930276898,81.14189188319916,123607,146581,-22974,-2.9556574195698126,15.90232204495368,18.857979464523492,2846.06,2020-04-20,2020-04-20,2823.16,-0.008046211253452173,2020-04-21,2020-04-21,2736.56,-0.038474241583100866,2020-04-22,2020-04-22,2799.31,-0.01642621729689464,2020-04-23,2020-04-23,2797.8,-0.016956775331510854,2020-04-24,2020-04-24,2836.74,-0.0032747025712740463,-0.008046211253452173,-0.030674846625766805,0.02293024819481393,-0.000539418642451106,0.01391807849024218,0.0048102126694908875,0.0701847402243354,-1.6990354584295795,-13311.0,-0.27214943450278106,1.426886023926798,2.347062337186528,18467.0,-0.34097133822864123,-2.68803367541517,0.6480268787569488,5156.0,-0.029946701810530385,-0.6779735805674818,-0.6480268787569488,-5156.0,0.02981804953319589,0.6778449282901455,-0.038474241583100866,0.006089119695298129,0.007863502526299637,0.008453792260177284,0.12349001777896462,0.23396203874830457,0.4552012255539237,50.0,S&P 500 Index x $50,142303.0,10714704385.0,14838076113.0,-4123371728.0,-1894195233.0,-5820477306.0,78012212236.0,70619571386.0,7392640850.0,2627909501.0,8537183879.0,93020767343.0,89751498221.0,3269269122.0,733714268.0,2716564270.0,17589646921.0,20858916043.0,-3269269122.0,-733714268.0,-2716564270.0
2020-04-21,S&P 500 Consolidated - CHICAGO MERCANTILE EXCHANGE,774339,74034,97092,-23058,-2.9777655522968622,9.560928740512876,12.538694292809737,31824,4.109827866089658,540663,498148,42515,5.4904893076546575,69.82251959413125,64.3320302864766,646522,627064,19458,2.512852897761833,83.49340534313782,80.98055244537599,127817,147275,-19458,-2.512852897761833,16.506594656862177,19.01944755462401,2736.56,2020-04-27,2020-04-27,2878.48,0.051860730259888355,2020-04-28,2020-04-28,2863.39,0.046346508024673216,2020-04-29,2020-04-29,2939.51,0.07416245212968109,2020-04-30,2020-04-30,2912.43,0.06426681673341705,2020-05-01,2020-05-01,2830.71,0.03440450784927074,0.051860730259888355,-0.005242350129234907,0.026583874358714787,-0.009212419757034462,-0.028059043479156554,-0.016595564325616263,-0.038474241583100866,0.7500628358573502,5918.0,-0.12594448167346606,-0.8760073175308172,-1.192996500069368,-9435.0,-0.7062026700459114,0.48679383002345844,-0.4428045218079797,-3516.0,-0.6041439596311591,-0.16133943782317317,0.4428045218079797,3516.0,0.6042726119084971,0.16146809010051655,0.046346508024673216,0.0481918905487182,0.04880579998245982,0.0681074049171222,0.19028999912298672,0.2581927675621949,0.5109992106878707,50.0,S&P 500 Index x $50,136828.0,10129924152.0,13284904176.0,-3154980024.0,809748104.0,-3566558648.0,73977836964.0,68160594544.0,5817242420.0,-1290972180.0,5800549404.0,88462312216.0,85799912992.0,2662399224.0,-481087248.0,2234127584.0,17488944476.0,20151343700.0,-2662399224.0,481087248.0,-2234127584.0
2020-04-28,S&P 500 Consolidated - CHICAGO MERCANTILE EXCHANGE,764991,71848,105672,-33824,-4.421489926025274,9.392005919023884,13.813495845049156,32424,4.238481237034161,528590,475188,53402,6.9807357210738425,69.09754493843718,62.11680921736335,632862,613284,19578,2.5592457950485694,82.72803209449523,80.16878629944667,132128,151707,-19579,-2.5593765155407056,17.271837185012632,19.83121370055334,2863.39,2020-05-04,2020-05-04,2842.74,-0.007211731548968259,2020-05-05,2020-05-05,2868.44,0.0017636437928469917,2020-05-06,2020-05-06,2848.42,-0.005228068827508592,2020-05-07,2020-05-07,2881.19,0.006216407824292336,2020-05-08,2020-05-08,2929.8,0.023192788966923894,-0.007211731548968259,0.009040573531170715,-0.006979403438802989,0.011504623615899323,0.016871501011734846,0.030625382553452152,0.046346508024673216,-1.4437243737284113,-10766.0,-0.16892282148899262,1.2748015522394187,1.490246413419185,10887.0,-0.7249746556940693,-2.215221069113248,0.046392897286736456,120.0,-0.7653732486425895,-0.8117661459293259,-0.046523617778872595,-121.0,0.7652425281504556,0.811766145929333,0.0017636437928469917,0.0023503609358137556,0.020797027299809034,0.04483496834172085,0.12399638191095175,0.18414885852084417,0.4621549980966617,50.0,S&P 500 Index x $50,143169.5,10286442236.0,15129007404.0,-4842565168.0,-1541362837.0,-4537327794.0,75677966005.0,68032428366.0,7645537639.0,1558686346.5,4903984883.5,90606536109.0,87803563638.0,2802972471.0,17180340.0,366657089.5,18916699696.0,21719815336.5,-2803115640.5,-17323509.5,-366800259.0
2020-05-05,S&P 500 Consolidated - CHICAGO MERCANTILE EXCHANGE,750913,66525,98988,-32463,-4.323137300859088,8.859215381808545,13.182352682667634,27811,3.7036247874254404,528507,471826,56681,7.548277896374148,70.3819217406011,62.83364384422696,622843,598626,24217,3.225007424295491,82.9447619098351,79.71975448553961,128070,152287,-24217,-3.225007424295491,17.055238090164906,20.280245514460397,2868.44,2020-05-11,2020-05-11,2930.19,0.02152738073656768,2020-05-12,2020-05-12,2870.12,0.0005856842046547683,2020-05-13,2020-05-13,2820.0,-0.01688722790087993,2020-05-14,2020-05-14,2852.5,-0.005557027513212742,2020-05-15,2020-05-15,2863.7,-0.001652466148847509,0.02152738073656768,-0.020500377108651713,-0.017462684487059787,0.01152482269503552,0.003926380368098004,-0.022691361311041325,0.0017636437928469917,0.0983526251661857,1361.0,-0.5327905372153392,-0.6311431623815213,0.5675421753003054,3279.0,1.2843768021639193,0.7168346268636157,0.6657616292469215,4639.0,0.21672981533986047,-0.44903181390705527,-0.6656309087547854,-4638.0,-0.21659909484772655,0.44903181390705527,0.0005856842046547683,0.018999874496241853,0.04299549580956885,0.07404024487177696,0.15272064257924178,0.17456178271116007,0.4518902260462132,50.0,S&P 500 Index x $50,143422.0,9541148550.0,14197056936.0,-4655908386.0,195197342.0,-2409202756.0,75799530954.0,67670228572.0,8129302382.0,470280738.0,3327103556.0,89329388746.0,85856138172.0,3473250574.0,665334658.0,917757378.0,18368055540.0,21841306114.0,-3473250574.0,-665191236.0,-917757378.0
2020-05-12,S&P 500 Consolidated - CHICAGO MERCANTILE EXCHANGE,753246,62090,93931,-31841,-4.227171468550779,8.24299100161169,12.47016247016247,31832,4.225976639769743,525575,468094,57481,7.631105906967976,69.77468184364736,62.14357593667938,619497,593856,25641,3.404067197170645,82.2436494850288,78.83958228785815,133749,159390,-25641,-3.404067197170645,17.756350514971206,21.16041771214185,2870.12,2020-05-18,2020-05-18,2953.91,0.02919390130029398,2020-05-19,2020-05-19,2922.94,0.018403411704040362,2020-05-20,2020-05-20,2971.61,0.03536089083383276,2020-05-21,2020-05-21,2948.51,0.027312446866333273,2020-05-22,2020-05-22,2955.45,0.02973046423146064,0.02919390130029398,-0.010484408800538914,0.01665104312780974,-0.007773563825670182,0.002353731206609311,0.0005213428980570534,0.0005856842046547683,0.09596583230830902,622.0,-0.6162243801968543,-0.7121902125051651,0.08282801059382816,800.0,-0.6072398969537431,-0.6900679075475793,0.17905977287515418,1424.0,-0.701112424806297,-0.8801721976814605,-0.17905977287515418,-1424.0,0.7011124248063005,0.8801721976814534,0.018403411704040362,0.04238498738728702,0.07341156467325427,0.11743759842794033,0.1615158948057922,0.23532465541510472,0.44666425097208506,50.0,S&P 500 Index x $50,143506.0,8910287540.0,13479662086.0,-4569374546.0,89260732.0,-411144690.0,75423165950.0,67174297564.0,8248868386.0,114804800.0,793731686.0,88901536482.0,85221899136.0,3679637346.0,204352544.0,382730502.0,19193783994.0,22873421340.0,-3679637346.0,-204352544.0,-382730502.0
2020-05-19,S&P 500 Consolidated - CHICAGO MERCANTILE EXCHANGE,748020,63991,98845,-34854,-4.659501082858747,8.55471778829443,13.214218871153177,32644,4.3640544370471375,517938,462279,55659,7.440843827705142,69.24119675944493,61.80035293173979,614573,593769,20804,2.7812090585813216,82.1599689847865,79.37875992620518,133447,154251,-20804,-2.7812090585813216,17.840031015213498,20.62124007379482,2922.94,2020-05-25,2020-05-26,2991.77,0.02354820831081028,2020-05-26,2020-05-26,2991.77,0.02354820831081028,2020-05-27,2020-05-27,3036.13,0.038724708683722575,2020-05-28,2020-05-28,3029.73,0.03653513243515083,2020-05-29,2020-05-29,3044.31,0.04152326082642821,0.02354820831081028,0.0,0.014827343010993532,-0.0021079466294262605,0.004812310007822562,0.017561510410225356,0.018403411704040362,-0.43232961430796824,-3013.0,0.31172678668274045,0.7440564009907078,-0.19026207926283423,-1822.0,-0.5334850842024252,-0.34322300493959546,-0.6228581385893235,-4837.0,-0.0836805002422949,0.5391776383470273,0.6228581385893235,4837.0,0.08368050024229134,-0.5391776383470308,0.02354820831081028,0.0540141090819517,0.0972445551396881,0.06904007608777452,0.15971590248174783,0.23489705570418828,0.4122185197096073,50.0,S&P 500 Index x $50,146147.0,9352092677.0,14445900215.0,-5093807538.0,-440340911.0,-1723950012.0,75695084886.0,67560689013.0,8134395873.0,-266279834.0,1920956168.0,89818000231.0,86777558043.0,3040442188.0,-706913039.0,196713862.0,19502878709.0,22543320897.0,-3040442188.0,706913039.0,-196713862.0
2020-05-26,S&P 500 Consolidated - CHICAGO MERCANTILE EXCHANGE,748823,65913,105198,-39285,-5.246233088460157,8.802213607220931,14.048446695681088,34977,4.67093024653356,514540,455046,59494,7.9450016893177695,68.71316719705459,60.7681655077368,615430,595221,20209,2.698768600857613,82.18631105080907,79.48754244995145,133393,153602,-20209,-2.698768600857613,17.813688949190933,20.512457550048545,2991.77,2020-06-01,2020-06-01,3055.73,0.02137864875976425,2020-06-02,2020-06-02,3080.82,0.029764988618777632,2020-06-03,2020-06-03,3122.87,0.04382021345223719,2020-06-04,2020-06-04,3112.35,0.04030390036667253,2020-06-05,2020-06-05,3193.93,0.06757203929446454,0.02137864875976425,0.00821080396500995,0.013648963587616247,-0.0033686961032639573,0.02621170498176606,0.04522650888658353,0.02354820831081028,-0.5867320056014096,-4431.0,0.24749581892650063,0.8342278245279111,0.5041578616126277,3835.0,-0.5280295623903442,-1.0321874240029842,-0.08244045772370878,-595.0,0.026342066022564836,0.10878252374627095,0.08244045772370878,595.0,-0.026342066022564836,-0.1087825237462745,0.029764988618777632,0.07200085568075076,0.044445261500716926,0.046634600921862335,0.1510309950296982,0.21513685878259348,0.39988368089793,50.0,S&P 500 Index x $50,149588.5,9859826800.5,15736411023.0,-5876584222.5,-662826643.5,-816902798.5,76969266790.0,68069648571.0,8899618219.0,573671897.5,911293142.0,92061250555.0,89038216558.5,3023033996.5,-89005157.5,94390343.5,19954058780.5,22977092777.0,-3023033996.5,89005157.5,-94240755.0
2020-06-02,S&P 500 Consolidated - CHICAGO MERCANTILE EXCHANGE,750830,72765,105925,-33160,-4.4164457999813544,9.69127498901216,14.107720788993513,34038,4.5333830560846,512878,460327,52551,6.9990543798196665,68.30813899284792,61.309084613028254,619680,600289,19391,2.582608579838312,82.53266385200378,79.95005527216547,131149,150541,-19392,-2.5827417657792044,17.467202962055325,20.04994472783453,3080.82,2020-06-08,2020-06-08,3232.39,0.04919794080796658,2020-06-09,2020-06-09,3207.18,0.04101505443355968,2020-06-10,2020-06-10,3190.14,0.03548405943872068,2020-06-11,2020-06-11,3002.1,-0.025551638849397373,2020-06-12,2020-06-12,3041.31,-0.012824507760920811,0.04919794080796658,-0.007799182648133396,-0.0053130787794885,-0.058944121574601716,0.013060857399820103,-0.05911415392325803,0.029764988618777632,0.8297872884788022,6125.0,0.8890613817912278,0.059274093312424725,-0.945947309498103,-6943.0,-0.4050282042066726,0.5409191052914508,-0.11616002101930079,-818.0,0.3463528011947119,0.46251282221402334,0.11602683507840839,817.0,-0.3464859871356083,-0.46251282221401624,0.04101505443355968,0.014255944845852575,0.016382002194220924,0.006319746041638208,0.14471147291954733,0.18879064664602274,0.36393557559351075,50.0,S&P 500 Index x $50,154041.0,11208793365.0,16316792925.0,-5107999560.0,943501125.0,-107366577.0,79004239998.0,70909231407.0,8095008591.0,-1069506663.0,-636189330.0,95456126880.0,92469117849.0,2987009031.0,-126005538.0,-743401866.0,20202323109.0,23189486181.0,-2987163072.0,125851497.0,743247825.0
2020-06-09,S&P 500 Consolidated - CHICAGO MERCANTILE EXCHANGE,766888,74970,105326,-30356,-3.9583355066189587,9.775873400027123,13.734208906646082,37576,4.899802839528067,523104,480002,43102,5.620377421474844,68.2112642263277,62.590886804852865,635649,622904,12745,1.661911517718363,82.88681006874538,81.224898551027,131238,143984,-12746,-1.662041914855885,17.113059534117106,18.775101448972993,3207.18,2020-06-15,2020-06-15,3066.59,-0.043836017934758775,2020-06-16,2020-06-16,3124.74,-0.02570482479935643,2020-06-17,2020-06-17,3113.49,-0.029212579275251227,2020-06-18,2020-06-18,3115.34,-0.028635748539215022,2020-06-19,2020-06-19,3097.74,-0.034123435541503766,-0.043836017934758775,0.018962430582503575,-0.0036002995449221364,0.000594188515139038,-0.005649463621948292,0.010157862642218074,0.04101505443355968,0.4581102933623957,2804.0,0.08459841101496401,-0.37351188234743127,-1.3786769583448226,-9449.0,-0.09687476652021587,1.2818021918246103,-0.9206970621199491,-6646.0,0.3541462167415972,1.2748432788615247,0.9206998509233195,6646.0,-0.35414342793821874,-1.2748432788615354,-0.02570482479935643,-0.023662532193391095,-0.033328344526967535,-0.019287972611452986,0.038869037596892086,0.15436302296721727,0.31806134984628254,50.0,S&P 500 Index x $50,160359.0,12022114230.0,16889972034.0,-4867857804.0,449646636.0,238133115.0,83884434336.0,76972640718.0,6911793618.0,-1515232191.0,-2305802061.0,101932037991.0,99888262536.0,2043775455.0,-1065745914.0,-2067989664.0,21045194442.0,23089130256.0,-2043935814.0,1065745914.0,2067829305.0
2020-06-16,S&P 500 Consolidated - CHICAGO MERCANTILE EXCHANGE,812088,69438,114765,-45327,-5.581537961403198,8.55055117179419,14.132089133197386,43888,5.404340416309562,555399,500827,54572,6.719961383495384,68.39147974111181,61.67151835761642,668724,659480,9244,1.1383002827279802,82.34624818985135,81.20794790712337,143363,152608,-9245,-1.1384234220921872,17.653628670784446,18.792052092876634,3124.74,2020-06-22,2020-06-22,3117.86,-0.0022017831883611727,2020-06-23,2020-06-23,3131.29,0.0020961744017102824,2020-06-24,2020-06-24,3050.33,-0.023813181256680527,2020-06-25,2020-06-25,3083.76,-0.013114691142302903,2020-06-26,2020-06-26,3009.05,-0.03702388038684801,-0.0022017831883611727,0.004307441642665166,-0.025855158736495243,0.01095946995898811,-0.024226917788673585,-0.03489893709146652,-0.02570482479935643,-1.6232024547842392,-14971.0,-1.2253222282329332,0.3978802265513046,1.0995839620205405,11470.0,0.18021551478410913,-0.9193684472364438,-0.5236112349903828,-3501.0,-0.5405618788940245,-0.016950643903626883,0.5236184927636978,3501.0,0.5405691366673402,0.016950643903641094,0.0020961744017102824,-0.007824651010964079,0.006586147967511113,0.02329153785594973,0.08847456108348206,0.18237677374757588,0.35902187061963575,50.0,S&P 500 Index x $50,156237.0,10848784806.0,17930539305.0,-7081754499.0,-2339024127.0,-1636270101.0,86773873563.0,78247707999.0,8526165564.0,1792038390.0,-169829619.0,104479431588.0,103035176760.0,1444254828.0,-546985737.0,-1806099720.0,22398605031.0,23843016096.0,-1444411065.0,546985737.0,1805943483.0
2020-06-23,S&P 500 Consolidated - CHICAGO MERCANTILE EXCHANGE,520654,66603,86019,-19416,-3.72915602300184,12.792180603625441,16.52133662662728,9465,1.8179059413737337,396083,363930,32153,6.175502348968797,76.07412984438801,69.89862749541922,472151,459414,12737,2.4463463259669567,90.68421638938719,88.23787006342023,48503,61240,-12737,-2.4463463259669567,9.315783610612806,11.762129936579763,3131.29,2020-06-29,2020-06-29,3053.24,-0.02492582929080356,2020-06-30,2020-06-30,3100.29,-0.009900073132798282,2020-07-01,2020-07-01,3115.86,-0.004927681562550856,2020-07-02,2020-07-02,3130.01,-0.00040877721322518656,2020-07-03,2020-07-06,3179.72,0.015466469091013568,-0.02492582929080356,0.015409859690034278,0.005022110834792981,0.004541282342595654,0.0158817383970018,0.04142484704772631,0.0020961744017102824,1.8523819384013578,25911.0,4.241629431831251,2.3892474934298953,-0.5444590345265876,-22419.0,7.6826501032762025,8.227109137802799,1.3080460432389764,3493.0,8.337968199535837,7.029922156296863,-1.3079229038747695,-3492.0,-8.33784506017164,-7.0299221562968714,-0.009900073132798282,0.004480581485585944,0.0211510272124269,0.04024220049883609,0.05885114441651851,0.17999929741416487,0.3561311791625814,50.0,S&P 500 Index x $50,156564.5,10427665393.5,13467521725.5,-3039856332.0,4056742759.5,3110780050.5,62012536853.5,56978518485.0,5034018368.5,-3510019525.5,-4280629994.5,73922085239.5,71927923203.0,1994162036.5,546879798.5,-1169849944.0,7593847943.5,9588009980.0,-1994162036.5,-546723234.0,1169849944.0
2020-06-30,S&P 500 Consolidated - CHICAGO MERCANTILE EXCHANGE,538487,73550,86397,-12847,-2.385758616271145,13.658639855743965,16.04439847201511,10495,1.948979269694533,398546,374131,24415,4.533999892290808,74.01218599520509,69.47818610291428,482591,471023,11568,2.1482412760196623,89.61980512064358,87.47156384462393,55897,67464,-11567,-2.1480555705151656,10.380380584860916,12.528436155376083,3100.29,2020-07-06,2020-07-06,3179.72,0.025620183918278583,2020-07-07,2020-07-07,3145.32,0.014524447712956023,2020-07-08,2020-07-08,3169.94,0.02246564031106768,2020-07-09,2020-07-09,3152.05,0.016695212383357694,2020-07-10,2020-07-10,3185.04,0.027336152424450644,0.025620183918278583,-0.010818562640735552,0.007827502448081614,-0.005643639942711776,0.01046620453355751,0.0016731032921137867,-0.009900073132798282,1.3433974067306953,6569.0,0.8664592521185241,-0.4769381546121707,-1.6415024566779888,-7738.0,-2.0619438491829243,-0.42044139250494084,-0.29810504994729436,-1169.0,-1.064411268743612,-0.7663062187963021,0.29829075545179107,1170.0,1.0645969742481096,0.7663062187963199,0.014524447712956023,0.031361582303590874,0.05064364946505018,0.03810933815868833,0.07585741978976146,0.20215850775250055,0.38432211180244447,50.0,S&P 500 Index x $50,155014.5,11401316475.0,13392787756.5,-1991471281.5,1018290250.5,3148809538.5,61780408917.0,57995729899.5,3784679017.5,-1199502201.0,-4361487972.0,74808602569.5,73015394833.5,1793207736.0,-181211950.5,-1212678433.5,8664845506.5,10457898228.0,-1793052721.5,181366965.0,1212988462.5
2020-07-07,S&P 500 Consolidated - CHICAGO MERCANTILE EXCHANGE,533758,73098,80874,-7776,-1.4568399911570413,13.694970379835055,15.151810370992097,11764,2.203995068926367,393705,373090,20615,3.8622371936345683,73.76095533931107,69.89871814567651,478566,465728,12838,2.405209851655619,89.6597334372506,87.25452358559497,55192,68030,-12838,-2.405209851655619,10.34026656274941,12.74547641440503,3145.32,2020-07-13,2020-07-13,3155.22,0.003147533478310427,2020-07-14,2020-07-14,3197.52,0.016596085612910594,2020-07-15,2020-07-15,3226.56,0.025828850482621624,2020-07-16,2020-07-16,3215.57,0.02233477038902243,2020-07-17,2020-07-17,3224.73,0.02524703368814607,0.003147533478310427,0.013406355182839835,0.00908203857989931,-0.0034061043340275488,0.00284863958800452,0.022030159545134875,0.014524447712956023,0.9289186251141035,5071.0,0.036330524091090055,-0.8925881010230139,-0.6717626986562397,-3800.0,-0.2512306558940196,0.42053204276223255,0.25696857563595676,1270.0,0.03992831660701768,-0.21704025902896262,-0.25715428114045347,-1271.0,-0.04011402211150639,0.21704025902894664,0.016596085612910594,0.03560210089911364,0.023247237165057832,0.051247567815039474,0.0685621812724937,0.1848905675734107,0.3809532893314511,50.0,S&P 500 Index x $50,157266.0,11495830068.0,12718730484.0,-1222900416.0,797495886.0,3551066280.0,61916410530.0,58674371940.0,3242038590.0,-597610800.0,-3536440542.0,75262160556.0,73243179648.0,2018980908.0,199727820.0,14625738.0,8679825072.0,10698805980.0,-2018980908.0,-199885086.0,-14468472.0
2020-07-14,S&P 500 Consolidated - CHICAGO MERCANTILE EXCHANGE,536906,76053,81762,-5709,-1.0633146211813613,14.165049375495897,15.228363996677258,11424,2.127746756415462,393165,374709,18456,3.43747322622582,73.2279020908688,69.79042886464298,480642,467895,12747,2.3741586050444585,89.52069822278015,87.1465396177357,56264,69011,-12747,-2.3741586050444585,10.479301777219849,12.853460382264306,3197.52,2020-07-20,2020-07-20,3251.84,0.016988165828517143,2020-07-21,2020-07-21,3257.3,0.01869573919787837,2020-07-22,2020-07-22,3276.02,0.02455027646425978,2020-07-23,2020-07-23,3235.66,0.011927994195501501,2020-07-24,2020-07-24,3215.63,0.005663764417423556,0.016988165828517143,0.0016790493997245193,0.005747091149111094,-0.012319827107282633,-0.0061903908321639944,-0.011135234205865041,0.016596085612910594,0.39352536997568,2067.0,0.47007899566084177,0.07655362568516111,-0.4247639674087482,-2159.0,-0.5330532484422719,-0.10828928103353519,-0.031051246611160543,-91.0,-0.13903521447043943,-0.10798396785926911,0.031051246611160543,91.0,0.13903521447043943,0.10798396785927622,0.01869573919787837,0.006542570492131361,0.03408579148840363,0.0425861292501688,0.09832933023092894,0.18879318972203452,0.36643711376316657,50.0,S&P 500 Index x $50,159876.0,12159049428.0,13071781512.0,-912732084.0,330463692.0,6333967368.0,62857647540.0,59906976084.0,2950671456.0,-345172284.0,-5774081616.0,76843120392.0,74805181020.0,2037939372.0,-14548716.0,560045628.0,8995263264.0,11033202636.0,-2037939372.0,14548716.0,-559885752.0
2020-07-21,S&P 500 Consolidated - CHICAGO MERCANTILE EXCHANGE,542138,75175,82396,-7221,-1.3319486920304424,13.866395640962265,15.198344332992706,12408,2.2887161571408017,394949,378036,16913,3.1196853937558333,72.85027059530968,69.73058520155385,482533,472840,9693,1.7879211566058828,89.00556684829324,87.21764569168735,59605,69297,-9692,-1.787736701725391,10.99443315170676,12.782169853432151,3257.3,2020-07-27,2020-07-27,3239.41,-0.00549227888128212,2020-07-28,2020-07-28,3218.44,-0.011930126178123057,2020-07-29,2020-07-29,3258.44,0.0003499831148496835,2020-07-30,2020-07-30,3246.22,-0.003401590274153543,2020-07-31,2020-07-31,3271.12,0.004242777760721905,-0.00549227888128212,-0.006473401020556158,0.012428381451883519,-0.0037502608610255894,0.007670459796317086,0.009788819568995688,0.01869573919787837,-0.2686340708490811,-1512.0,-0.298653734533632,-0.030019663684552,-0.31778783246998676,-1543.0,-0.3776314955591147,-0.0598436630891257,-0.5862374484385757,-3054.0,-0.5151313744869128,0.07110607395165403,0.5864219033190676,3055.0,0.515131374486911,-0.07129052883215437,-0.011930126178123057,0.015107604457679669,0.023451938722254484,0.04067172197832569,0.057047247720504624,0.1662757498541736,0.32719123200196476,50.0,S&P 500 Index x $50,162865.0,12243376375.0,13419424540.0,-1176048165.0,-246251880.0,1986138675.0,64323368885.0,61568833140.0,2754535745.0,-251300695.0,-2482062600.0,78587737045.0,77009086600.0,1578650445.0,-497389710.0,-495761060.0,9707568325.0,11286055905.0,-1578487580.0,497552575.0,495923925.0
2020-07-28,S&P 500 Consolidated - CHICAGO MERCANTILE EXCHANGE,551791,75311,79481,-4170,-0.7557209160714836,13.648464726680936,14.404185642752418,14747,2.672569867939129,398712,384105,14607,2.647197942699319,72.25779325867946,69.61059531598013,488770,478333,10437,1.8914770266278353,88.57882785329953,86.68735082667169,63021,73457,-10436,-1.8912957985904082,11.42117214670047,13.312467945290878,3218.44,2020-08-03,2020-08-03,3294.61,0.02366674537974922,2020-08-04,2020-08-04,3306.51,0.02736418886168468,2020-08-05,2020-08-05,3327.77,0.03396987360336068,2020-08-06,2020-08-06,3349.16,0.0406159505847552,2020-08-07,2020-08-07,3351.28,0.04127465480170511,0.02366674537974922,0.0036119601409574376,0.0064297401187354275,0.006427727877827971,0.0006329945419150107,0.01720082194857664,-0.011930126178123057,0.5762277759589588,3051.0,-0.21793091428132882,-0.7941586902402875,-0.47248745105651446,-2306.0,-0.5924773366302247,-0.11998988557371604,0.10355587002195255,744.0,-0.4267389949937126,-0.5302948650156623,-0.1035590968650173,-744.0,0.4267389949937108,0.530298091858727,0.02736418886168468,0.035809274058239415,0.05323697194914301,0.06996557338337817,0.05351661053181034,0.19611364511999607,0.36757559563018116,50.0,S&P 500 Index x $50,160922.0,12119196742.0,12790241482.0,-671044740.0,490973022.0,1396320194.0,64161532464.0,61810944810.0,2350587654.0,-371086132.0,-1578322976.0,78653845940.0,76974303026.0,1679542914.0,119725968.0,-182002782.0,10141465362.0,11820847354.0,-1679381992.0,-119725968.0,182002782.0
2020-08-04,S&P 500 Consolidated - CHICAGO MERCANTILE EXCHANGE,559277,79250,85736,-6486,-1.1597115561698406,14.17008030010174,15.32979185627158,11329,2.025650974382998,400108,385390,14718,2.6316118846296197,71.5402206777679,68.90860879313828,490687,482454,8233,1.4720791307348595,87.73595195225265,86.26387282151778,68590,76822,-8232,-1.4719003284597794,12.26404804774736,13.735948376207139,3306.51,2020-08-10,2020-08-10,3360.47,0.016319321580760215,2020-08-11,2020-08-11,3333.69,0.008220147527150834,2020-08-12,2020-08-12,3380.35,0.022331703215777265,2020-08-13,2020-08-13,3373.43,0.020238862123507673,2020-08-14,2020-08-14,3372.85,0.020063450586872422,0.016319321580760215,-0.007969123366671882,0.013996502374245878,-0.0020471252976762555,-0.00017193183199293305,0.003684008486908086,0.02736418886168468,-0.40399064009835695,-2316.0,0.521615573420803,0.9256062135191616,-0.015586058069699149,111.0,-0.7175725809115505,-0.7019865228418496,-0.4193978958929758,-2204.0,-0.8428759010468809,-0.42347800515391043,0.41939547013062883,2204.0,0.8428759010468898,0.42348043091626053,0.008220147527150834,0.0251836528545204,0.04146668239321816,0.06657775116361364,0.01894747029345134,0.15720502886729504,0.33770954873870007,50.0,S&P 500 Index x $50,165325.5,13102045875.0,14174347068.0,-1072301193.0,-382893858.0,213269895.0,66148055154.0,63714794445.0,2433260709.0,18351130.5,-974924473.5,81123073618.5,79761948777.0,1361124841.5,-364377402.0,-761323927.5,11339676045.0,12700635561.0,-1360959516.0,364377402.0,761489253.0
2020-08-11,S&P 500 Consolidated - CHICAGO MERCANTILE EXCHANGE,566508,78319,84754,-6435,-1.135906289055053,13.824870963869884,14.960777252924936,17271,3.0486771590162896,403103,386282,16821,2.969243152788663,71.15574713861058,68.18650398582191,498692,488306,10386,1.83333686373361,88.02911874148292,86.1957818777493,67816,78201,-10385,-1.833160343719771,11.97088125851709,13.804041602236861,3333.69,2020-08-17,2020-08-17,3381.99,0.01448844973587815,2020-08-18,2020-08-18,3389.78,0.01682519970363172,2020-08-19,2020-08-19,3374.85,0.012346678905357011,2020-08-20,2020-08-20,3385.51,0.015544336755967114,2020-08-21,2020-08-21,3397.16,0.019038962830977058,0.01448844973587815,0.0023033775972136628,-0.004404415625792857,0.0031586589033587575,0.0034411358997610275,0.004485524794573648,0.008220147527150834,0.023805267114787476,51.0,-0.34520933623185535,-0.3690146033466437,0.33763126815904343,2103.0,-0.3844735391573266,-0.7221048073163701,0.3612577329987505,2153.0,0.29316678923026984,-0.0680909437684818,-0.36126001525999163,-2153.0,-0.29316678923026984,0.06809322602972223,0.01682519970363172,0.03297547162453607,0.05788180664668885,-0.000554940621353528,0.06354520066352909,0.17324346294946436,0.33088259556227473,50.0,S&P 500 Index x $50,166684.5,13054563355.5,14127178113.0,-1072614757.5,8500909.5,-121012947.0,67191022003.5,64387222029.0,2803799974.5,350537503.5,-272529157.5,83124226674.0,81393041457.0,1731185217.0,358871728.5,-393542104.5,11303876052.0,13034894584.5,-1731018532.5,-358871728.5,393708789.0
2020-08-18,S&P 500 Consolidated - CHICAGO MERCANTILE EXCHANGE,574834,83642,88160,-4518,-0.7859660354119623,14.550635487810393,15.336601523222356,19541,3.399416179279583,402919,392919,10000,1.7396326591676903,70.09310513991865,68.35347248075097,506103,500621,5482,0.9536666237557276,88.04333077027455,87.08966414651881,68731,74213,-5482,-0.9536666237557276,11.95666922972545,12.910335853481177,3389.78,2020-08-24,2020-08-24,3431.28,0.012242682415968043,2020-08-25,2020-08-25,3443.62,0.015883036657245997,2020-08-26,2020-08-26,3478.73,0.02624064098555068,2020-08-27,2020-08-27,3484.55,0.027957566567741843,2020-08-28,2020-08-28,3508.01,0.03487836968770841,0.012242682415968043,0.003596325569466652,0.010195666188487662,0.0016730243508407128,0.006732576659826961,0.02236191741857274,0.01682519970363172,0.3499402536430908,1917.0,0.7257645239405086,0.3758242702974197,-1.2296104936209729,-6821.0,-1.0626419986919302,0.1669684949290513,-0.8796702399778824,-4904.0,0.014212028791632747,0.8938822687695165,0.8794937199640434,4903.0,-0.014212028791639852,-0.8937057487556839,0.015883036657245997,0.040377251621049215,-0.017092554679064786,0.003368950197357723,0.06482721592551721,0.16013133595690565,0.3122031518269621,50.0,S&P 500 Index x $50,169489.0,14176398938.0,14942150240.0,-765751302.0,324910413.0,458128767.0,68290338391.0,66595448391.0,1694890000.0,-1156084469.0,-1171677457.0,85778891367.0,84849752669.0,929138698.0,-831174056.0,-713718179.0,11649148459.0,12578287157.0,-929138698.0,831004567.0,713548690.0
2020-08-25,S&P 500 Consolidated - CHICAGO MERCANTILE EXCHANGE,579474,81957,92090,-10133,-1.7486548145387022,14.143343791093303,15.891998605632004,19526,3.369607609659795,410901,391954,18947,3.269689407980341,70.909307406372,67.63961799839164,512384,503570,8814,1.5210345934416385,88.42225880712509,86.90122421368345,67090,75904,-8814,-1.5210345934416385,11.577741192874917,13.098775786316555,3443.62,2020-08-31,2020-08-31,3500.31,0.016462327434502155,2020-09-01,2020-09-01,3526.65,0.024111255016523447,2020-09-02,2020-09-02,3580.84,0.039847602232534474,2020-09-03,2020-09-03,3455.06,0.003322085479814829,2020-09-04,2020-09-04,3426.96,-0.004837932176024018,0.016462327434502155,0.00752504778148233,0.015365857116526938,-0.03512583639592948,-0.008132999137496877,-0.02095528681745329,0.015883036657245997,-0.9626887791267399,-5615.0,-0.4072916967170901,0.5553970824096481,1.5300567488126509,8947.0,0.8162022664533453,-0.7138544823593236,0.5673679696859109,3332.0,0.3789280368505388,-0.1884399328353652,-0.5673679696859109,-3332.0,-0.37892803685053345,0.18843993283537763,0.024111255016523447,-0.032460027529169766,-0.012318432347355412,-0.0371847067911093,0.05569429844175611,0.12711913625777527,0.30276569424036315,50.0,S&P 500 Index x $50,172181.0,14111438217.0,15856148290.0,-1744710073.0,-966796315.0,-1026715303.0,70749345081.0,67487031674.0,3262313407.0,1540503407.0,747265540.0,88222789504.0,86705186170.0,1517603334.0,573707092.0,-279449763.0,11551623290.0,13069226624.0,-1517603334.0,-573707092.0,279277582.0
2020-09-01,S&P 500 Consolidated - CHICAGO MERCANTILE EXCHANGE,590438,87974,88205,-231,-0.039123498148831884,14.89978626036942,14.938909758518252,21027,3.561254526300814,413850,404137,9713,1.645049945972312,70.09203337183583,68.44698342586352,522851,513368,9483,1.6060958136163324,88.55307415850606,86.94697834488973,67587,77070,-9483,-1.6060958136163324,11.446925841493941,13.053021655110275,3526.65,2020-09-07,2020-09-08,3331.84,-0.05523939149050794,2020-09-08,2020-09-08,3331.84,-0.05523939149050794,2020-09-09,2020-09-09,3398.96,-0.036207165440290345,2020-09-10,2020-09-10,3339.19,-0.0531552606581317,2020-09-11,2020-09-11,3340.97,-0.05265053237491679,-0.05523939149050794,0.0,0.020145024971186976,-0.017584790641843373,0.0005330634075928486,0.002740227621974567,0.024111255016523447,1.7095313163898702,9902.0,0.7564424692761182,-0.9530888471137526,-1.6246394620080291,-9234.0,-0.8172740345361689,0.8073654274718791,0.08506122017469386,669.0,0.13081535138097422,0.045754131206280135,-0.08506122017469386,-669.0,-0.130815351380976,-0.045754131206280135,-0.05523939149050794,-0.035572001758042426,-0.05985283484326487,-0.0542100860590079,0.038506798236286555,0.09744091418201406,0.28242950108459874,50.0,S&P 500 Index x $50,176332.5,15512675355.0,15553408162.5,-40732807.5,1746044415.0,1102959787.5,72975205125.0,71262487552.5,1712717572.5,-1628254305.0,-882544162.5,92195623957.5,90523462860.0,1672161097.5,117966442.5,220415625.0,11917784677.5,13589945775.0,-1672161097.5,-117966442.5,-220591957.5
2020-09-08,S&P 500 Consolidated - CHICAGO MERCANTILE EXCHANGE,577671,82885,74749,8136,1.4084141319193797,14.348132414471213,12.939718282551832,21303,3.687739214881827,404358,400149,4209,0.7286154229656674,69.99797462569525,69.26935920272959,508546,496201,12345,2.137029554885047,88.03384625504829,85.89681670016324,69125,81470,-12345,-2.137029554885047,11.966153744951711,14.103183299836758,3331.84,2020-09-14,2020-09-14,3383.54,0.015516951594314099,2020-09-15,2020-09-15,3401.2,0.02081732616212051,2020-09-16,2020-09-16,3385.49,0.016102213791778563,2020-09-17,2020-09-17,3357.01,0.007554384364195199,2020-09-18,2020-09-18,3319.47,-0.003712663273146455,0.015516951594314099,0.005219385613883576,-0.004618958014818264,-0.00841237162124231,-0.01118257020384228,-0.01893578914391436,-0.05523939149050794,1.4475376300682117,8367.0,-0.5516538458982083,-1.9991914759664198,-0.9164345230066446,-5504.0,-0.09405874614057552,0.8223757768660676,0.5309337412687145,2862.0,-0.5192279034577751,-1.0501616447264865,-0.5309337412687145,-2862.0,0.5192279034577698,1.050161644726483,0.02081732616212051,-0.004883187668075273,0.0010894880906644477,0.008742916826738334,0.11117280541682661,0.16315309258547828,0.356616764310411,50.0,S&P 500 Index x $50,166592.0,13807977920.0,12452585408.0,1355392512.0,1393875264.0,2427412032.0,67362807936.0,66661622208.0,701185728.0,-916922368.0,-2101058304.0,84719695232.0,82663116992.0,2056578240.0,476786304.0,326353728.0,11515672000.0,13572250240.0,-2056578240.0,-476786304.0,-326520320.0
2020-09-15,S&P 500 Consolidated - CHICAGO MERCANTILE EXCHANGE,620388,79455,73380,6075,0.9792259037892416,12.80730768486818,11.828081781078938,23860,3.8459802575162643,436485,442161,-5676,-0.9149113135650594,70.35677672682257,71.27168804038763,539800,539400,400,0.0644757796733657,87.01006466920701,86.94558888953364,80588,80987,-399,-0.06431459022418229,12.989935330792987,13.054249921017169,3401.2,2020-09-21,2020-09-21,3281.06,-0.03532282723744562,2020-09-22,2020-09-22,3315.57,-0.025176408326472943,2020-09-23,2020-09-23,3236.92,-0.04830059978830992,2020-09-24,2020-09-24,3246.59,-0.04545748559331986,2020-09-25,2020-09-25,3298.46,-0.030206985769728245,-0.03532282723744562,0.010517942372282096,-0.02372141140135786,0.002987407782707008,0.015976763311659203,0.0053031642213188235,0.02081732616212051,-0.4291882281301381,-2061.0,-1.5408247296030328,-1.1116365014728942,-1.6435267365307267,-9885.0,0.35880210112732414,2.002328837658041,-2.072553775211681,-11945.0,-1.0237815858412773,1.0487721893703963,2.0727149646608645,11946.0,1.0237815858412755,-1.048933378819589,-0.025176408326472943,-0.01932553216511823,-0.011828178290015257,0.03255615665059386,0.08626955192285068,0.16509173232976604,0.3063183582265083,50.0,S&P 500 Index x $50,170060.0,13512117300.0,12479002800.0,1033114500.0,-350493660.0,1801445580.0,74228639100.0,75193899660.0,-965260560.0,-1681043100.0,-2665860560.0,91798388000.0,91730364000.0,68024000.0,-2031366700.0,-864244920.0,13704795280.0,13772649220.0,-67853940.0,2031536760.0,864414980.0
2020-09-22,S&P 500 Consolidated - CHICAGO MERCANTILE EXCHANGE,502173,69926,59734,10192,2.029579447720208,13.924683326264056,11.895103878543848,8405,1.6737259868611016,369163,376393,-7230,-1.4397428774545824,73.51311201518202,74.9528548926366,447495,444532,2963,0.5900357048268227,89.11172046286838,88.52168475804156,54678,57642,-2964,-0.5902348393880197,10.888279537131625,11.478514376519646,3315.57,2020-09-28,2020-09-28,3351.6,0.010866909762122345,2020-09-29,2020-09-29,3335.47,0.006001984575804364,2020-09-30,2020-09-30,3363.0,0.014305232584442384,2020-10-01,2020-10-01,3380.8,0.019673841903503853,2020-10-02,2020-10-02,3348.42,0.009907798659054112,0.010866909762122345,-0.004812626805108078,0.008253709372292528,0.005292893250074426,-0.009577614765735931,-0.0009488005728606197,-0.025176408326472943,1.0503535439309664,4117.0,1.117375641395876,0.0670220974649105,-0.524831563889523,-1554.0,3.1563352883594433,3.681166852248964,0.525559925153457,2563.0,2.101655793661365,1.5760958685079203,-0.5259202491638374,-2565.0,-2.1016557936613616,-1.5757355444975225,0.006001984575804364,0.01369296983625734,0.059223602578138745,0.038470006665520584,0.11441471602167952,0.1794412423806464,0.31325533769457414,50.0,S&P 500 Index x $50,165778.5,11592227391.0,9902612919.0,1689614472.0,682510084.5,3369448012.5,61199288395.5,62397866950.5,-1198578555.0,-257619789.0,-4339583794.5,74185049857.5,73693848162.0,491201695.5,424890295.5,-969970003.5,9064436823.0,9555804297.0,-491367474.0,-425221852.5,969804225.0
2020-09-29,S&P 500 Consolidated - CHICAGO MERCANTILE EXCHANGE,502009,75232,60600,14632,2.914688780480031,14.986185506634342,12.071496726154312,6701,1.3348366264349842,365996,379896,-13900,-2.7688746616096527,72.90626263672564,75.67513729833529,447930,447198,732,0.14581411887037882,89.2274839694109,89.08166985054052,54080,54812,-732,-0.14581411887037882,10.772715230205037,10.918529349075415,3335.47,2020-10-05,2020-10-05,3408.6,0.021924946109543875,2020-10-06,2020-10-06,3360.97,0.007645099491226048,2020-10-07,2020-10-07,3419.44,0.025174862912872964,2020-10-08,2020-10-08,3446.83,0.033386599189919375,2020-10-09,2020-10-09,3477.14,0.0424737743106669,0.021924946109543875,-0.01397347884762079,0.017396763434365692,0.008010083522448141,0.008793587151092463,0.020107962213225417,0.006001984575804364,0.8851093327598232,4440.0,1.0615021803702867,0.17639284761046348,-1.3291317841550703,-6670.0,-0.6068493784563742,0.7222824056986923,-0.44422158595644384,-2231.0,0.1157635065425211,0.5599850924989624,0.44442072051764087,2232.0,-0.11556430692658815,-0.5599850274442311,0.007645099491226048,0.05290408847928485,0.03227431216590171,0.016552389918062627,0.11739574932468289,0.18680425847032067,0.30495252543119866,50.0,S&P 500 Index x $50,166773.5,12546703952.0,10106474100.0,2440229852.0,740474340.0,2478754530.5,61038433906.0,63356585556.0,-2318151650.0,-1112379245.0,-3938022655.5,74702853855.0,74580775653.0,122078202.0,-372071678.5,-1459434898.5,9019110880.0,9141189082.0,-122078202.0,372238452.0,1459434898.5
2020-10-06,S&P 500 Consolidated - CHICAGO MERCANTILE EXCHANGE,507185,79725,63868,15857,3.126472588897542,15.719116298786439,12.592643709888895,9091,1.7924425998402949,357776,369259,-11483,-2.264065380482467,70.54151838086695,72.80558376134941,446592,442218,4374,0.8624072084150755,88.05307727949368,87.1906700710786,60593,64967,-4374,-0.8624072084150755,11.946922720506324,12.8093299289214,3360.97,2020-10-12,2020-10-12,3534.22,0.051547618693412955,2020-10-13,2020-10-13,3511.93,0.044915604721256,2020-10-14,2020-10-14,3488.67,0.037994983591046694,2020-10-15,2020-10-15,3483.34,0.036409131887520596,2020-10-16,2020-10-16,3483.81,0.03654897246925737,0.051547618693412955,-0.006306907889152336,-0.006623138843883547,-0.0015278028589691406,0.00013492797142955482,-0.014263401825579614,0.007645099491226048,0.21178380841751077,1225.0,0.7329307921520964,0.5211469837345835,0.5048092811271858,2417.0,-2.364744255858696,-2.869553536985876,0.7165930895446966,3642.0,-1.1744066899172196,-1.8909997794619215,-0.7165930895446966,-3642.0,1.1742074903012867,1.890800579845985,0.044915604721256,0.024442348488680432,0.008839709964682863,0.0024367965200522423,0.10886440521635143,0.2121322118317035,0.29299577205390115,50.0,S&P 500 Index x $50,168048.5,13397666662.5,10732921598.0,2664745064.5,205859412.5,1297502468.5,60123720136.0,62053421061.5,-1929700925.5,406173224.5,-2637017062.0,75049115712.0,74314071573.0,735044139.0,612032637.0,-1339514593.5,10182562760.5,10917606899.5,-735044139.0,-612032637.0,1339514593.5
2020-10-13,S&P 500 Consolidated - CHICAGO MERCANTILE EXCHANGE,509854,76154,65504,10650,2.0888332738391773,14.936432782718189,12.847599508879012,11589,2.273003644180491,359424,368067,-8643,-1.6951911723748367,70.49547517524624,72.19066634762108,447167,445160,2007,0.3936421014643408,87.70491160214493,87.3112695006806,62687,64694,-2007,-0.3936421014643408,12.295088397855073,12.688730499319412,3511.93,2020-10-19,2020-10-19,3426.92,-0.02420606333269737,2020-10-20,2020-10-20,3443.12,-0.019593215126725183,2020-10-21,2020-10-21,3435.56,-0.021745877622845522,2020-10-22,2020-10-22,3453.49,-0.016640422787470133,2020-10-23,2020-10-23,3465.39,-0.013251972562095427,-0.02420606333269737,0.0047272769717412455,-0.002195682985199454,0.005218945382994278,0.0034457896215134287,0.011225823771783272,0.044915604721256,-1.0376393150583647,-5207.0,-0.7826835160682499,0.25495579899011744,0.5688742081076301,2840.0,-0.04604320562070541,-0.6149174137283353,-0.46876510695073464,-2367.0,-0.3481656773487458,0.12059942960199521,0.46876510695073464,2367.0,0.34816567734874937,-0.1205994296019881,-0.019593215126725183,-0.03452517561568713,-0.04065286039300331,0.009567388871646099,0.08236496741108179,0.17929172847978192,0.23882024983413674,50.0,S&P 500 Index x $50,175596.5,13372375861.0,11502273136.0,1870102725.0,-914330975.5,803353987.5,63113596416.0,64631276965.5,-1517680549.5,498694060.0,-520994815.5,78520960115.5,78168537940.0,352422175.5,-415636915.5,282183575.5,11007617795.5,11360039971.0,-352422175.5,415636915.5,-282359172.0
2020-10-20,S&P 500 Consolidated - CHICAGO MERCANTILE EXCHANGE,503160,78290,67406,10884,2.1631290245647508,15.559662930280627,13.396533905715877,10997,2.1855870895937675,354801,366225,-11424,-2.2704507512520866,70.51454805628428,72.78499880753637,444089,444629,-540,-0.10732172668733604,88.25999682009699,88.36731854678432,59071,58531,540,0.10732172668733604,11.740003179903013,11.632681453215676,3443.12,2020-10-26,2020-10-26,3400.97,-0.012241803945258978,2020-10-27,2020-10-27,3390.68,-0.015230372452891605,2020-10-28,2020-10-28,3271.03,-0.049980831339017984,2020-10-29,2020-10-29,3310.11,-0.0386306605636747,2020-10-30,2020-10-30,3269.96,-0.05029159599433064,-0.012241803945258978,-0.0030256074002417144,-0.03528790685054317,0.011947307117329942,-0.012129506270184387,-0.03852136302290221,-0.019593215126725183,0.07429575072557348,234.0,0.6232301475624382,0.5489343968368647,-0.5752595788772499,-2781.0,0.019072881038042055,0.594332459915293,-0.5009638281516768,-2547.0,0.5550852179520547,1.0560490461037233,0.5009638281516768,2547.0,-0.55508521795206,-1.0560490461037357,-0.015230372452891605,-0.021480517670020238,0.029743372290248482,0.04833116475754551,0.10333360440530681,0.20092822788633558,0.31265538232765633,50.0,S&P 500 Index x $50,172156.0,13478093240.0,11604347336.0,1873745904.0,40284504.0,119131952.0,61081120956.0,63047831100.0,-1966710144.0,-478765836.0,-722022264.0,76452585884.0,76545550124.0,-92964240.0,-438481332.0,-603062468.0,10169427076.0,10076462836.0,92964240.0,438481332.0,603234624.0
2020-10-27,S&P 500 Consolidated - CHICAGO MERCANTILE EXCHANGE,500239,86027,62497,23530,4.703751606731982,17.19717974808042,12.493428141348435,8953,1.7897445021279828,349762,371525,-21763,-4.350520451224315,69.91897872816793,74.26949917939226,444741,442975,1766,0.3530312510619924,88.90570307393067,88.55267182286866,55498,57265,-1767,-0.3532311555076673,11.094296926069338,11.447528081577007,3390.68,2020-11-02,2020-11-02,3310.24,-0.023723854801986688,2020-11-03,2020-11-03,3369.16,-0.006346809489541916,2020-11-04,2020-11-04,3443.44,0.015560300588672638,2020-11-05,2020-11-05,3510.45,0.03532329798152589,2020-11-06,2020-11-06,3509.44,0.03502542262908914,-0.023723854801986688,0.017799313644932147,0.022047038430944355,0.019460190971818836,-0.00028771240154390476,0.06017690560201072,-0.015230372452891605,2.540622582167231,12646.0,1.637516817799792,-0.9031057643674423,-2.0800696999722286,-10339.0,-0.5955693281163548,1.4845003718558871,0.46035297774932843,2306.0,0.64570625383368,0.18535327608434216,-0.46055288219500334,-2307.0,-0.6457062538336746,-0.18515337163866974,-0.006346809489541916,0.04566930527209889,0.06454457512947265,0.07217726237804811,0.13535338044286105,0.23477296589474683,0.3492249342314817,50.0,S&P 500 Index x $50,169534.0,14584501418.0,10595366398.0,3989135020.0,2143926964.0,1508513532.0,59296550908.0,62986119350.0,-3689568442.0,-1752812026.0,-1333045842.0,75398720694.0,75099323650.0,299397044.0,390945404.0,175298156.0,9408797932.0,9708364510.0,-299566578.0,-391114938.0,-175467690.0
2020-11-03,S&P 500 Consolidated - CHICAGO MERCANTILE EXCHANGE,496324,75714,59120,16594,3.3433805336836424,15.254954424932102,11.911573891248459,8834,1.7798857198120583,356862,372084,-15222,-3.0669482031898516,71.90101627162902,74.96796447481887,441410,440037,1373,0.2766338117842377,88.93585641637317,88.65922260458893,54914,56287,-1373,-0.2766338117842377,11.064143583626825,11.340777395411063,3369.16,2020-11-09,2020-11-09,3550.5,0.05382350496859756,2020-11-10,2020-11-10,3545.53,0.052348359828562785,2020-11-11,2020-11-11,3572.66,0.06040081207185177,2020-11-12,2020-11-12,3537.01,0.049819539588502826,2020-11-13,2020-11-13,3585.15,0.06410796756461568,0.05382350496859756,-0.001399802844669673,0.007651888434169196,-0.009978559392721298,0.013610365817456005,0.009759188846641287,-0.006346809489541916,-1.3603710730483392,-6936.0,-1.9422253231483175,-0.5818542500999762,1.2835722480344636,6541.0,1.9820375434610895,0.6984652954266153,-0.07639743927775472,-393.0,0.030153342442503117,0.10655078172027288,0.07659734372342963,394.0,-0.030153342442513775,-0.10675068616594352,0.052348359828562785,0.0713441926177445,0.07902563250186989,0.08705137185529921,0.1356866399933514,0.23611226537178398,0.3744227047691413,50.0,S&P 500 Index x $50,168458.0,12754629012.0,9959236960.0,2795392052.0,-1168424688.0,124153546.0,60116258796.0,62680526472.0,-2564267676.0,1101883778.0,-629864462.0,74359045780.0,74127752946.0,231292834.0,-66203994.0,-505542458.0,9250702612.0,9481995446.0,-231292834.0,66372452.0,505542458.0
2020-11-10,S&P 500 Consolidated - CHICAGO MERCANTILE EXCHANGE,517065,75963,60448,15515,3.0005898678115903,14.69118969568623,11.690599827874639,14275,2.76077475752565,364024,382100,-18076,-3.4958854302650533,70.40198040865269,73.89786583891774,454262,456823,-2561,-0.49529556245346323,87.85394486186456,88.34924042431803,62804,60242,2562,0.49548896173595197,12.146248537417927,11.650759575681974,3545.53,2020-11-16,2020-11-16,3626.91,0.02295284484971205,2020-11-17,2020-11-17,3609.53,0.018050897891147333,2020-11-18,2020-11-18,3567.79,0.006278327922764726,2020-11-19,2020-11-19,3581.87,0.010249525458817077,2020-11-20,2020-11-20,3557.54,0.0033873638073855794,0.02295284484971205,-0.004791957892531062,-0.01156383241031389,0.003946420613320845,-0.0067925413261787915,-0.019126474050913833,0.052348359828562785,-0.3427906658720521,-1079.0,-0.5637647292458716,-0.22097406337381997,-0.42893722707520165,-2854.0,-1.4990358629763278,-1.0700986359011324,-0.7719293742377009,-3934.0,-1.0819115545086078,-0.3099821802709073,0.7721227735201897,3935.0,1.0821049537911023,0.30998218027091085,0.018050897891147333,0.02535022972588008,0.03297673408488988,0.04420213621094726,0.10314395873113469,0.17108020521614553,0.32145264600779,50.0,S&P 500 Index x $50,177276.5,13466454769.5,10716009872.0,2750444897.5,-191281343.5,862450172.5,64532900636.0,67737350650.0,-3204450014.0,-505947131.0,-1672249224.5,80529977443.0,80983982559.5,-454005116.5,-697405751.0,-809799052.0,11133673306.0,10679490913.0,454182393.0,697583027.5,809976328.5
2020-11-17,S&P 500 Consolidated - CHICAGO MERCANTILE EXCHANGE,534823,79023,66263,12760,2.385836061650303,14.775542562679616,12.389706501029313,12495,2.33628695848907,372350,389377,-17027,-3.18367011142004,69.62116438522652,72.80483449664655,463869,468135,-4266,-0.7976470720219586,86.73318088414298,87.53082795616494,70954,66688,4266,0.7976470720219586,13.266819115857023,12.469172043835062,3609.53,2020-11-23,2020-11-23,3577.59,-0.008848797488869797,2020-11-24,2020-11-24,3635.41,0.007169908547650206,2020-11-25,2020-11-25,3629.65,0.00557413292035247,2020-11-26,2020-11-27,3638.35,0.007984419024083422,2020-11-27,2020-11-27,3638.35,0.007984419024083422,-0.008848797488869797,0.016161717804443754,-0.0015844155129681736,0.0023969253233782073,0.0,0.016983500065686608,0.018050897891147333,-0.6147538061612874,-2755.0,0.0843528669933864,0.6991066731546738,0.3122153188450132,1049.0,-0.7808160234261692,-1.093031342271189,-0.3023515095684954,-1705.0,-1.1207639777215803,-0.8184124681530847,0.30215811028600664,1704.0,1.1205705784390965,0.8184124681530882,0.007169908547650206,0.014661188575797901,0.025687554889417763,0.02357370627200761,0.08950195731854294,0.14359210201882222,0.30235792471596,50.0,S&P 500 Index x $50,180476.5,14261794459.5,11958914319.5,2302880140.0,-497212757.5,338573914.0,67200424775.0,70273398140.5,-3072973365.5,189319848.5,-1011209829.5,83717453578.5,84487366327.5,-769912749.0,-307712432.5,-672455439.0,12805529581.0,12035616832.0,769912749.0,307531956.0,672455439.0
2020-11-24,S&P 500 Consolidated - CHICAGO MERCANTILE EXCHANGE,538369,72682,72479,203,0.037706480127941984,13.500405855463447,13.462699375335504,16380,3.042522879289112,377702,381983,-4281,-0.7951795144222643,70.15671407529037,70.95189358971264,466764,470842,-4078,-0.7574730342943223,86.69964281004292,87.45711584433725,71605,67527,4078,0.7574730342943223,13.300357189957074,12.542884155662751,3635.41,2020-11-30,2020-11-30,3621.63,-0.0037904940570664403,2020-12-01,2020-12-01,3662.45,0.0074379506025454845,2020-12-02,2020-12-02,3669.01,0.009242423825648327,2020-12-03,2020-12-03,3666.72,0.008612508630388316,2020-12-04,2020-12-04,3699.12,0.017524845890834806,-0.0037904940570664403,0.011271167954760575,0.0017911507324332998,-0.0006241465681479097,0.008836235109307422,0.021396443038079527,0.007169908547650206,-2.348129581522361,-12557.0,-1.27513670721617,1.0729928743061912,2.3884905969977757,12746.0,0.5355496900638457,-1.8529409069339096,0.04017403772763628,188.0,-0.03353807410006482,-0.07371211182768889,-0.04017403772763628,-188.0,0.03353807410005061,0.07371211182768889,0.0074379506025454845,0.01838582168173608,0.016287021271328417,0.01636954291262893,0.06765674298084678,0.1520378719319142,0.2902808761597728,50.0,S&P 500 Index x $50,181770.5,13211443481.0,13174544069.5,36899411.5,-2282492168.5,-4240160453.5,68655081391.0,69433240901.5,-778159510.5,2316846793.0,3177711881.0,84843925662.0,85585185761.0,-741260099.0,34172854.0,-1062266802.0,13015676652.5,12274416553.5,741260099.0,-34172854.0,1062448572.5
2020-12-01,S&P 500 Consolidated - CHICAGO MERCANTILE EXCHANGE,556009,72558,73394,-836,-0.1503572783893786,13.04978876241212,13.200146040801497,18717,3.366312415806219,392360,395297,-2937,-0.5282288596047906,70.5672030488715,71.0954319084763,483635,487407,-3772,-0.6784062847903541,86.98330422708985,87.66171051188022,72374,68602,3772,0.6784062847903541,13.01669577291015,12.338289488119797,3662.45,2020-12-07,2020-12-07,3691.96,0.008057447883247582,2020-12-08,2020-12-08,3702.25,0.010867042553482031,2020-12-09,2020-12-09,3672.82,0.002831437971849482,2020-12-10,2020-12-10,3668.1,0.001542683176562143,2020-12-11,2020-12-11,3663.46,0.000275771682889836,0.008057447883247582,0.002787137455443789,-0.007949220068876994,-0.0012851160688518437,-0.001264960061067022,-0.007719476917409707,0.0074379506025454845,-0.18806375851732057,-1039.0,-0.450617093051326,-0.2625533345340063,0.2669506548174737,1344.0,0.41048897358113834,0.1435383187636603,0.07906674950396819,306.0,0.28366141704692893,0.2045946675429633,-0.07906674950396819,-306.0,-0.2836614170469236,-0.2045946675429544,0.010867042553482031,0.008783737661947733,0.008865650043003992,0.017635735641442274,0.05674889759587165,0.147330338980737,0.2469794809485455,50.0,S&P 500 Index x $50,183122.5,13287002355.0,13440092765.0,-153090410.0,-190264277.5,-3191825175.0,71849944100.0,72387774882.5,-537830782.5,246116640.0,2249659912.5,88564450287.5,89255188357.5,-690738070.0,56035485.0,-942165262.5,13253307815.0,12562569745.0,690738070.0,-56035485.0,942165262.5
2020-12-08,S&P 500 Consolidated - CHICAGO MERCANTILE EXCHANGE,578100,74932,79021,-4089,-0.7073170731707318,12.961771319840858,13.669088393011588,22293,3.856253243383498,406955,407359,-404,-0.06988410309635011,70.39526033558208,70.46514443867842,504180,508673,-4493,-0.7772011762670819,87.21328489880644,87.99048607507352,73920,69427,4493,0.7772011762670819,12.786715101193566,12.009513924926484,3702.25,2020-12-14,2020-12-14,3647.49,-0.014791005469646845,2020-12-15,2020-12-15,3694.62,-0.0020609089067459285,2020-12-16,2020-12-16,3701.17,-0.0002917144979404096,2020-12-17,2020-12-17,3722.48,0.005464244716051114,2020-12-18,2020-12-18,3709.41,0.001933959078938452,-0.014791005469646845,0.012921214314501217,0.0017728480872187813,0.005757638800703457,-0.0035111001267972286,0.016976057508039766,0.010867042553482031,-0.5569597947813532,-3253.0,-0.0880174425712621,0.4689423522100906,0.4583447565084405,2533.0,-0.17194271328942534,-0.630287469797878,-0.09879489147672771,-721.0,0.2299806717165893,0.3287755631933038,0.09879489147672771,721.0,-0.22998067171658398,-0.3287755631933127,-0.0020609089067459285,-0.001979877101762395,0.006695928151799535,0.006647309068809504,0.04677966101694908,0.1418083597812141,0.2659193733540415,50.0,S&P 500 Index x $50,185112.5,13870849850.0,14627774862.5,-756925012.5,-602170962.5,-3628945450.0,75332457437.5,75407242887.5,-74785450.0,468889962.5,3271308100.0,93330020250.0,94161730712.5,-831710462.5,-133466112.5,-357637350.0,13683516000.0,12851805537.5,831710462.5,133466112.5,357452237.5
2020-12-15,S&P 500 Consolidated - CHICAGO MERCANTILE EXCHANGE,637832,74197,78575,-4378,-0.6863876381241456,11.632686977135046,12.31907461525919,29262,4.587728430056817,450274,452079,-1805,-0.2829898782124447,70.5944512034517,70.87744108166414,553732,559916,-6184,-0.9695342974325527,86.81470982954758,87.78424412698016,84099,77916,6183,0.9693775163365902,13.185133389356446,12.215755873019855,3694.62,2020-12-21,2020-12-21,3694.92,8.119914903303993e-05,2020-12-22,2020-12-22,3687.26,-0.001992085789607523,2020-12-23,2020-12-23,3690.01,-0.00124776025680573,2020-12-24,2020-12-24,3703.06,0.002284402726126178,2020-12-25,2020-12-28,3735.36,0.011026844438670302,8.119914903303993e-05,-0.0020731166033364223,0.0007458112528002658,0.0035365757816374632,0.008722515973276224,0.010944756584716275,-0.0020609089067459285,0.020929435046586176,-289.0,-1.329084342705812,-1.3500137777523982,-0.21310577511609458,-1401.0,0.1991908678696177,0.4122966429857229,-0.19233312116547086,-1691.0,-0.3985750692588539,-0.20624194809336416,0.19217634006950834,1690.0,0.3984182881628797,0.20624194809337126,8.119914903303993e-05,0.008774921372157296,0.00872620188273765,0.028844644374793615,0.07256226621411677,0.14939831430566608,0.2542805484731854,50.0,S&P 500 Index x $50,184731.0,13706486007.0,14515238325.0,-808752318.0,-53387259.0,-3165919878.0,83179566294.0,83513005749.0,-333439455.0,-258808131.0,2811975282.0,102291466092.0,103433842596.0,-1142376504.0,-312380121.0,-354314058.0,15535692369.0,14393500596.0,1142191773.0,312195390.0,354129327.0
2020-12-21,S&P 500 Consolidated - CHICAGO MERCANTILE EXCHANGE,495182,66638,71549,-4911,-0.9917565662726028,13.457274295107657,14.44903086138026,7343,1.482889119556042,370121,371537,-1416,-0.28595546687884454,74.7444373987746,75.03039286565344,444101,450429,-6328,-1.277913979102633,89.6843988674871,90.96231284658974,51080,44753,6327,1.2777120331514473,10.31539918656171,9.03768715341026,3694.92,2020-12-28,2020-12-28,3735.36,0.010944756584716275,2020-12-29,2020-12-29,3727.04,0.008693016357593564,2020-12-30,2020-12-30,3732.04,0.010046225628701055,2020-12-31,2020-12-31,3756.07,0.01654974938564302,2021-01-01,2021-01-04,3700.65,0.0015507778246890425,0.010944756584716275,-0.0022273622890431888,0.0013415471795312772,0.00643883774021714,-0.01475478359029514,-0.009292277049601672,8.119914903303993e-05,-0.3053689281484572,-533.0,1.824587317972611,2.12995624612107,-0.002965588666399843,389.0,4.149986195322896,4.152951783989295,-0.30837968167008034,-144.0,2.869689037939523,3.178068719609584,0.30833451681485713,144.0,-2.869734202794737,-3.1780687196095947,0.008693016357593564,0.008644300823833717,0.02876110984811575,0.02814404642049073,0.05835038377014934,0.14926439544022596,0.2582762279020925,50.0,S&P 500 Index x $50,184746.0,12311103948.0,13218391554.0,-907287606.0,-98469618.0,-944791044.0,68378374266.0,68639974602.0,-261600336.0,71866194.0,529297290.0,82045883346.0,83214956034.0,-1169072688.0,-26603424.0,-415678500.0,9436825680.0,8267937738.0,1168887942.0,26603424.0,415493754.0
2020-12-29,S&P 500 Consolidated - CHICAGO MERCANTILE EXCHANGE,506564,68924,77759,-8835,-1.7441034104279023,13.606178093982201,15.350281504410104,10430,2.0589698438894195,373394,371911,1483,0.29275669017142947,73.71112041124123,73.4183637210698,452748,460100,-7352,-1.4513467202564732,89.37626834911285,90.82761506936932,53816,46464,7352,1.4513467202564732,10.623731650887153,9.172384930630681,3727.04,2021-01-04,2021-01-04,3700.65,-0.007080686013565707,2021-01-05,2021-01-05,3726.86,-4.829569846309667e-05,2021-01-06,2021-01-06,3748.14,0.005661329097621737,2021-01-07,2021-01-07,3803.79,0.020592749205804006,2021-01-08,2021-01-08,3824.68,0.026197733321885464,-0.007080686013565707,0.007082539553862066,0.005709900559720538,0.01484736429268918,0.005491890982414871,0.03351573372245409,0.008693016357593564,-0.7523468441552995,-3924.0,0.14890379887454408,0.9012506430298437,0.578712157050274,2899.0,-1.033316987533368,-1.6120291445836443,-0.1734327411538401,-1024.0,-0.30813051837425576,-0.1346977772204241,0.17363468710502583,1025.0,0.3083324643254439,0.13469777722042053,-4.829569846309667e-05,0.019895144672447795,0.019283399158581682,0.03288937065338704,0.06211631750665414,0.15153043702240931,0.28422286854984136,50.0,S&P 500 Index x $50,186352.0,12844125248.0,14490545168.0,-1646419920.0,-731245248.0,-1490629648.0,69582718688.0,69306358672.0,276360016.0,540234448.0,823675840.0,84370495296.0,85740555200.0,-1370059904.0,-190824448.0,-667140160.0,10028719232.0,8658659328.0,1370059904.0,191010800.0,667140160.0
2021-01-05,S&P 500 Consolidated - CHICAGO MERCANTILE EXCHANGE,523123,67750,78490,-10740,-2.053054444174697,12.95106504588787,15.004119490062568,10669,2.03948211032587,384003,385588,-1585,-0.30298801620269034,73.40587204156574,73.70886005776845,462422,474747,-12325,-2.3560424603773873,88.39641919777948,90.75246165815688,60701,48376,12325,2.3560424603773873,11.60358080222051,9.247538341843123,3726.86,2021-01-11,2021-01-11,3799.61,0.019520454216149785,2021-01-12,2021-01-12,3801.19,0.01994440359981331,2021-01-13,2021-01-13,3809.84,0.02226539231417335,2021-01-14,2021-01-14,3795.54,0.01842838206962427,2021-01-15,2021-01-15,3768.25,0.011105863917614256,0.019520454216149785,0.0004158321511944507,0.0022756031663768717,-0.003753438464607517,-0.00719001775768402,-0.008253478646492729,-4.829569846309667e-05,-0.30895103374679467,-1905.0,-0.6551130480943321,-0.34616201434753613,-0.5957447063741198,-3068.0,-0.30524836967548197,0.29049633669865216,-0.9046957401209141,-4973.0,-0.9798491513333687,-0.07515341121244035,0.9046957401209141,4973.0,0.9798491513333563,0.07515341121244212,0.01994440359981331,0.01933262853984319,0.03293925717628232,0.026684662155272765,0.09312933676070467,0.16546905437821646,0.28621413200388535,50.0,S&P 500 Index x $50,186343.0,12624738250.0,14626062070.0,-2001323820.0,-354983415.0,-1239367293.0,71556271029.0,71851624684.0,-295353655.0,-571700324.0,-220071083.0,86169102746.0,88465780221.0,-2296677475.0,-926683739.0,-1459438376.0,11311206443.0,9014528968.0,2296677475.0,926683739.0,1459438376.0
2021-01-12,S&P 500 Consolidated - CHICAGO MERCANTILE EXCHANGE,531665,71702,75603,-3901,-0.7337327076260427,13.486311869316205,14.220044576942248,9217,1.7336104501894989,388348,391745,-3397,-0.638936172213706,73.04373994902805,73.68267612124177,469267,476566,-7299,-1.3728569682036622,88.26366226853376,89.63651923673743,62397,55099,7298,1.3726688798397488,11.73614964310233,10.363480763262581,3801.19,2021-01-18,2021-01-19,3798.91,-0.0005998121640855558,2021-01-19,2021-01-19,3798.91,-0.0005998121640855558,2021-01-20,2021-01-20,3851.85,0.01332740536516197,2021-01-21,2021-01-21,3853.07,0.013648357488049934,2021-01-22,2021-01-22,3841.47,0.010596681565509636,-0.0005998121640855558,0.0,0.013935576257400273,0.0003167309215053038,-0.0030105863636010755,0.011203213553361291,0.01994440359981331,1.3193217365486543,6839.0,0.5352468234283361,-0.7840749131203193,-0.3359481560110157,-1812.0,-0.3621320925376921,-0.026183936526678053,0.9831854921737251,5026.0,-0.13275692924571558,-1.1159424214194473,-0.9833735805376385,-5027.0,0.1325688408818202,1.115942421419458,-0.0005998121640855558,0.012740746976604544,0.006608456825362596,0.02894882918244024,0.08955090379591657,0.14943215151044797,0.23989329657291525,50.0,S&P 500 Index x $50,190059.5,13627646269.0,14369068378.5,-741422109.5,1299816920.5,90658381.5,73809226706.0,74454858827.5,-645632121.5,-344387814.0,-302574724.0,89188651386.5,90575895677.0,-1387244290.5,955239047.0,-211916342.5,11859142621.5,10472088390.5,1387054231.0,-955429106.5,211916342.5
2021-01-19,S&P 500 Consolidated - CHICAGO MERCANTILE EXCHANGE,535228,75532,73814,1718,0.32098470184668965,14.112116705404052,13.791132003557363,11474,2.1437592951041426,387514,397419,-9905,-1.850613196619011,72.40166807416652,74.25228127078553,474520,482707,-8187,-1.5296284947723213,88.65754407467472,90.18717256944704,60708,52521,8187,1.5296284947723213,11.342455925325282,9.81282743055296,3798.91,2021-01-25,2021-01-25,3855.36,0.014859525495471093,2021-01-26,2021-01-26,3849.62,0.013348565772813847,2021-01-27,2021-01-27,3750.77,-0.01267205593183307,2021-01-28,2021-01-28,3787.38,-0.00303508111537254,2021-01-29,2021-01-29,3714.24,-0.022287972076200813,0.014859525495471093,-0.0014888363213811928,-0.025677859113367063,0.009760662477304782,-0.019311502938707092,-0.03660358565737065,-0.0005998121640855558,1.0547174094727323,5619.0,0.6258048360878465,-0.42891257338488487,-1.2116770244053048,-6508.0,-0.6420718748615286,0.5696051495437615,-0.15677152656865911,-888.0,0.39388180614095347,0.550653332709615,0.1569596149325725,889.0,-0.3936937177770474,-0.5506533327096204,0.013348565772813847,0.007212595191778748,0.02956637561826958,0.035189041067043014,0.08845431979172957,0.13797378721791276,0.20484823278256137,50.0,S&P 500 Index x $50,189945.5,14346963506.0,14020637137.0,326326369.0,1067303764.5,1259148719.5,73606540487.0,75487950664.5,-1881410177.5,-1236165314.0,-1612447349.5,90132938660.0,91688022468.5,-1555083808.5,-168671604.0,-353108684.5,11531211414.0,9976127605.5,1555083808.5,168861549.5,353298630.0
2021-01-26,S&P 500 Consolidated - CHICAGO MERCANTILE EXCHANGE,539902,74484,77412,-2928,-0.5423206433760202,13.795837022274412,14.338157665650433,12686,2.349685683698153,398244,400190,-1946,-0.3604357827902101,73.76227537590155,74.12271115869177,485415,490288,-4873,-0.9025712073672629,89.9079833006731,90.81055450804035,54487,49614,4873,0.9025712073672629,10.092016699326916,9.189445491959653,3849.62,2021-02-01,2021-02-01,3773.86,-0.019679864506107037,2021-02-02,2021-02-02,3826.31,-0.0060551431050337445,2021-02-03,2021-02-03,3830.17,-0.0050524467350023805,2021-02-04,2021-02-04,3871.74,0.005746021685257174,2021-02-05,2021-02-05,3886.83,0.009665889100742397,-0.019679864506107037,0.013898236818535858,0.001008804827627774,0.01085330416143404,0.003897472454245321,0.029934867748141025,0.013348565772813847,-0.8633053452227097,-4646.0,-0.3162796831296397,0.5470256620930698,1.4901774138288009,7959.0,1.3606073017350298,-0.12957011209375935,0.6270572874050584,3314.0,1.2504392259983774,0.6233819385933117,-0.6270572874050584,-3314.0,-1.2504392259983668,-0.6233819385933081,-0.0060551431050337445,0.016004177035655598,0.02155277663769417,0.008247567292356095,0.08756708454340956,0.14334921368862386,0.131657150575901,50.0,S&P 500 Index x $50,192481.0,14336754804.0,14900339172.0,-563584368.0,-894266726.0,1136985267.0,76654403364.0,77028971390.0,-374568026.0,1531956279.0,-660017349.0,93433164615.0,94371124528.0,-937959913.0,637882034.0,477160399.0,10487712247.0,9549752334.0,937959913.0,-637882034.0,-477160399.0
2021-02-02,S&P 500 Consolidated - CHICAGO MERCANTILE EXCHANGE,550121,71435,77717,-6282,-1.141930593451259,12.98532504667155,14.12725564012281,15105,2.7457595692583996,401994,404427,-2433,-0.4422663377693271,73.07374195858729,73.51600829635662,488534,497249,-8715,-1.584196931220586,88.80482657451724,90.38902350573782,61588,52872,8716,1.5843787094112023,11.195355203673374,9.610976494262172,3826.31,2021-02-08,2021-02-08,3915.59,0.023333185235906218,2021-02-09,2021-02-09,3911.23,0.022193706207808583,2021-02-10,2021-02-10,3909.88,0.02184088586653976,2021-02-11,2021-02-11,3916.38,0.02353965047264861,2021-02-12,2021-02-12,3934.83,0.028361528469988073,0.023333185235906218,-0.0011134975827398197,-0.0003451599624669788,0.0016624551137118804,0.004710983101741784,0.0049136911678699935,-0.0060551431050337445,-0.5996099500752388,-3354.0,-0.8105119756028625,-0.2109020255276235,-0.08183055497911701,-487.0,-0.688533417314261,-0.6067028623351547,-0.681625723853323,-3842.0,-1.1031567261558592,-0.4215310023025296,0.6818075020439394,3843.0,1.1033385043464587,0.42153100230251894,0.022193706207808583,0.02777610805188302,0.014389842955745857,0.01149410267333284,0.08842723145798437,0.15598317961691555,0.18823095880887863,50.0,S&P 500 Index x $50,191315.5,13666622742.5,14868466713.5,-1201843971.0,-641672187.0,852884499.0,76907683107.0,77373153718.5,-465470611.5,-93170648.5,-162235544.0,93464126477.0,95131441059.5,-1667314582.5,-735034151.0,690648955.0,11782739014.0,10115233116.0,1667505898.0,735225466.5,-690457639.5
2021-02-09,S&P 500 Consolidated - CHICAGO MERCANTILE EXCHANGE,547257,68281,79914,-11633,-2.1256923164070995,12.476953241347301,14.602645557754402,16002,2.9240375180216973,403003,396214,6789,1.2405506005405138,73.64053817493426,72.39998757439375,487285,492130,-4845,-0.885324445370274,89.04134620479958,89.92667065016985,59972,55126,4846,0.8855071748739624,10.958653795200426,10.073146620326465,3911.23,2021-02-15,2021-02-16,3932.59,0.005461197628367609,2021-02-16,2021-02-16,3932.59,0.005461197628367609,2021-02-17,2021-02-17,3931.33,0.005139048330064844,2021-02-18,2021-02-18,3913.97,0.0007005468867848919,2021-02-19,2021-02-19,3906.71,-0.0011556466891489148,0.005461197628367609,0.0,-0.0003203995331321208,-0.004415808390544673,-0.0018548941356217874,-0.0065809046963960505,0.022193706207808583,-0.9837617229558406,-5351.0,-0.5083718053242485,0.4753899176315919,1.6828169383098408,9222.0,0.5667962163469724,-1.1160207219628688,0.6988724858503119,3870.0,0.2365196302823449,-0.46235285556797123,-0.6988715345372399,-3870.0,-0.23670140847294796,0.46217012606429364,0.005461197628367609,-0.0076344270216786025,-0.010467295454371195,-0.009150574116070898,0.06158420752550997,0.13436182479680303,0.1560404271801965,50.0,S&P 500 Index x $50,195561.5,13353134781.5,15628101711.0,-2274966929.5,-1046449586.5,-1512081518.0,78811871184.5,77484204161.0,1327667023.5,1803468153.0,1991989439.0,95294185527.5,96241680995.0,-947495467.5,756823005.0,479907921.0,11728214278.0,10780523249.0,947691029.0,-756823005.0,-479516798.0
2021-02-16,S&P 500 Consolidated - CHICAGO MERCANTILE EXCHANGE,552371,68357,81513,-13156,-2.3817325674229823,12.37519710484439,14.756929672267372,17892,3.2391273256561264,404516,398322,6194,1.1213477898006954,73.23266427817535,72.11131648837467,490764,497726,-6962,-1.2603847776222865,88.84680767093131,90.10719244855359,61607,54645,6962,1.2603847776222865,11.153192329068688,9.892807551446401,3932.59,2021-02-22,2021-02-22,3876.5,-0.014262864931253949,2021-02-23,2021-02-23,3881.37,-0.013024495307164097,2021-02-24,2021-02-24,3925.43,-0.0018206830612904623,2021-02-25,2021-02-25,3829.34,-0.026254961742769978,2021-02-26,2021-02-26,3811.15,-0.030880412145685154,-0.014262864931253949,0.0012562878885591378,0.01135166191319037,-0.024478846903396523,-0.004750165824920272,-0.01685799045530756,0.005461197628367609,-0.2560402510158828,-1523.0,-0.10175613650291204,0.1542841145129703,-0.11920281073981842,-595.0,-0.4078738967589146,-0.28867108601907887,-0.3750603322520125,-2117.0,-0.19453853386826836,0.1805217983837366,0.37487760274832416,2116.0,0.19453853386826125,-0.18033906888006435,-0.013024495307164097,-0.015841976915976552,-0.014532407395634994,0.007659074553920009,0.0496466705148515,0.13108155185259585,0.13692757190553806,50.0,S&P 500 Index x $50,196629.5,13441002731.5,16027860433.5,-2586857702.0,-299466728.5,-2924667183.0,79539778822.0,78321855699.0,1217923123.0,-116994552.5,3165538320.5,96498679938.0,97867614517.0,-1368934579.0,-416264651.5,240871137.5,12113753606.5,10744819027.5,1368934579.0,416068022.0,-240871137.5
2021-02-23,S&P 500 Consolidated - CHICAGO MERCANTILE EXCHANGE,556649,70638,73035,-2397,-0.4306124685394207,12.689863810049061,13.120476278588484,20159,3.6214921790931087,406513,410282,-3769,-0.6770873566646127,73.02860509944328,73.70569245610788,497310,503476,-6166,-1.1076998252040333,89.33996108858545,90.44766091378949,59339,53173,6166,1.1076998252040333,10.660038911414555,9.552339086210521,3881.37,2021-03-01,2021-03-01,3901.82,0.005268758196204093,2021-03-02,2021-03-02,3870.29,-0.0028546621424908603,2021-03-03,2021-03-03,3819.72,-0.015883566884888567,2021-03-04,2021-03-04,3768.47,-0.02908766749884706,2021-03-05,2021-03-05,3841.94,-0.0101587841406513,0.005268758196204093,-0.008080844323930969,-0.01306620434127681,-0.013417213827191521,0.019495975820425837,-0.015346684367807839,-0.013024495307164097,1.9511200988835617,10759.0,0.3146667052046723,-1.636453393678888,-1.798435146465308,-9963.0,-0.20405917873206647,1.5943759677332139,0.1526849524182532,796.0,0.4931534176541419,0.3404684652359009,-0.1526849524182532,-796.0,-0.493153417654133,-0.3404684652358796,-0.0028546621424908603,-0.001527811056405315,0.020956517930524665,0.007510234788232095,0.07903394935293462,0.15583672775334478,0.10908261773549044,50.0,S&P 500 Index x $50,194068.5,13708610703.0,14173792897.5,-465182194.5,2087982991.5,103050373.5,78891368140.5,79622812317.0,-731444176.5,-1933504465.5,-353786875.5,96512205735.0,97708832106.0,-1196626371.0,154478526.0,-250930570.5,11515830721.5,10319204350.5,1196626371.0,-154478526.0,250930570.5
2021-03-02,S&P 500 Consolidated - CHICAGO MERCANTILE EXCHANGE,584840,77157,69518,7639,1.3061692086724574,13.192839067095274,11.886669858422817,20935,3.5796115176800494,413525,431016,-17491,-2.990732508036386,70.70737295670611,73.6981054647425,511618,521469,-9851,-1.6843923124273308,87.47999452841803,89.16438684084535,73222,63370,9852,1.6845632993639286,12.520005471581971,10.835442172218041,3870.29,2021-03-08,2021-03-08,3821.35,-0.012645047270359644,2021-03-09,2021-03-09,3875.44,0.0013306496412412994,2021-03-10,2021-03-10,3898.81,0.007368956848194941,2021-03-11,2021-03-11,3939.34,0.01784104033547873,2021-03-12,2021-03-12,3943.34,0.018874554619938033,-0.012645047270359644,0.014154683554241432,0.006030283013025661,0.010395479646353678,0.0010153985185334946,0.03192327318879462,-0.0028546621424908603,1.7367816772118783,10036.0,0.5029752570462129,-1.233806420165667,-2.313645151371773,-13722.0,-2.3212321427371734,-0.007586991365386098,-0.5766924872232975,-3685.0,-1.8599665601674218,-1.2832740729441383,0.5768634741598953,3686.0,1.8599665601674165,1.2831030860075199,0.0013306496412412994,0.02387934754243215,0.010394569915949559,0.02280449268659468,0.08571709096734348,0.16856359600960147,0.11264530564893072,50.0,S&P 500 Index x $50,193514.5,14930998276.5,13452741011.0,1478257265.5,1942111522.0,2693915354.5,80023083612.5,83407845732.0,-3384762119.5,-2655405969.0,-2913941341.0,99005501461.0,100911812800.5,-1906311339.5,-713100932.5,-219832472.0,14169518719.0,12263013865.0,1906504854.0,713294447.0,219832472.0
2021-03-09,S&P 500 Consolidated - CHICAGO MERCANTILE EXCHANGE,585629,78080,72055,6025,1.028808341116987,13.332673074591591,12.303864733474606,23536,4.01892665834513,419563,433563,-14000,-2.3905919959564845,71.64313925710645,74.03373125306295,521179,529154,-7975,-1.3617836548394973,88.99473899004319,90.35652264488269,64450,56474,7976,1.361954411410637,11.005261009956815,9.643306598546179,3875.44,2021-03-15,2021-03-15,3968.94,0.024126292756435408,2021-03-16,2021-03-16,3962.71,0.022518733356728493,2021-03-17,2021-03-17,3974.12,0.025462915178663614,2021-03-18,2021-03-18,3915.46,0.010326569370187721,2021-03-19,2021-03-19,3913.1,0.009717606258902167,0.024126292756435408,-0.0015696886322292825,0.0028793426720601367,-0.014760500437832724,-0.0006027388863633076,-0.01406924770845619,0.0013306496412412994,-0.2773608675554704,-1614.0,0.13983400749631691,0.41719487505178954,0.6001405120799013,3491.0,0.9357663004003456,0.3356257883204563,0.3226086575878335,1876.0,1.5147444616251562,1.1921358040373349,-0.32260888795329157,-1876.0,-1.5147444616251562,-1.1921355736718624,0.022518733356728493,0.009051875399954668,0.02144530685547963,0.051219990504304036,0.09078194992052513,0.16632692029808216,0.07618747806700643,50.0,S&P 500 Index x $50,193772.0,15129717760.0,13962241460.0,1167476300.0,-312748008.0,3421625976.0,81299561636.0,84012369636.0,-2712808000.0,676458052.0,-4028326108.0,100989897188.0,102535228888.0,-1545331700.0,363516272.0,-606506360.0,12488605400.0,10943079928.0,1545525472.0,-363516272.0,606506360.0
2021-03-16,S&P 500 Consolidated - CHICAGO MERCANTILE EXCHANGE,643898,74511,71937,2574,0.39975275587127157,11.571863866637262,11.172111110765991,33268,5.166656830740273,468792,480160,-11368,-1.7654970197143027,72.80532009728249,74.57081711699679,576571,585365,-8794,-1.365744263843031,89.54384079466003,90.90958505850305,67328,58533,8795,1.3658995679439911,10.456314509440936,9.090414941496945,3962.71,2021-03-22,2021-03-22,3940.59,-0.0055820385544236295,2021-03-23,2021-03-23,3910.52,-0.01317027993469122,2021-03-24,2021-03-24,3889.14,-0.018565577597149496,2021-03-25,2021-03-25,3909.52,-0.013422632491401076,2021-03-26,2021-03-26,3974.54,0.0029853307458784784,-0.0055820385544236295,-0.0076308370066411335,-0.005467303581109473,0.00524023305923671,0.016631197691788335,0.008615461136530334,0.022518733356728493,-0.6290555852457155,-3451.0,-1.7608092079543294,-1.1317536227086151,0.6250949762421818,2632.0,1.1621808401760347,0.5370858639338394,-0.003960609003533788,-819.0,0.5491018046168392,0.553062413620367,0.003945156533354144,819.0,-0.5489465005158785,-0.5528916570492335,-0.01317027993469122,-0.0010497866359132635,0.028069174882845438,0.045140825344271995,0.07163784379881455,0.12121502709004695,0.07564015534823376,50.0,S&P 500 Index x $50,198135.5,14763274240.5,14253273463.5,510000777.0,-683765610.5,3116671415.0,92884337316.0,95136741680.0,-2252404364.0,521492636.0,-3479655651.0,114239183370.5,115981586957.5,-1742403587.0,-162272974.5,-362984236.0,13340066944.0,11597465221.5,1742601722.5,162272974.5,363182371.5
2021-03-23,S&P 500 Consolidated - CHICAGO MERCANTILE EXCHANGE,508037,60998,66659,-5661,-1.1142889199015034,12.00660581808018,13.120894737981684,8949,1.7614858760287142,384090,389148,-5058,-0.9955967774000712,75.60276121621064,76.5983579936107,454037,464756,-10719,-2.1098856973015745,89.37085291031951,91.4807386076211,54000,43281,10719,2.1098856973015745,10.629147089680476,8.519261392378901,3910.52,2021-03-29,2021-03-29,3971.09,0.01548898867669779,2021-03-30,2021-03-30,3958.55,0.012282254022482952,2021-03-31,2021-03-31,3972.89,0.015949285517015577,2021-04-01,2021-04-01,4019.87,0.027963033049313024,2021-04-02,2021-04-05,4077.91,0.04280504894489723,0.01548898867669779,-0.003157823166939022,0.003622538555784205,0.011825144919693331,0.014438277854756487,0.026899415525712067,-0.01317027993469122,-1.5140416757727748,-8235.0,0.43474195144291805,1.9487836272156933,0.7699002423142315,6310.0,2.7974411189281483,2.0275408766139122,-0.7441414334585434,-1925.0,-0.1729878843405146,0.5711535491180513,0.7439861293575833,1924.0,0.17283258023953962,-0.5711535491180442,0.012282254022482952,0.041789838691529635,0.05908932827347768,0.05738878716896978,0.0859016192219959,0.11345549952435974,0.15371101541482957,50.0,S&P 500 Index x $50,195526.0,11926694948.0,13033567634.0,-1106872686.0,-1610156610.0,-638196864.0,75099581340.0,76088551848.0,-988970508.0,1233769060.0,-252033014.0,88776038462.0,90871881656.0,-2095843194.0,-376387550.0,-890229878.0,10558404000.0,8462560806.0,2095843194.0,376192024.0,890229878.0
2021-03-30,S&P 500 Consolidated - CHICAGO MERCANTILE EXCHANGE,529023,61730,67115,-5385,-1.0179141549611264,11.668679811652801,12.686593966613927,15959,3.0166930360305697,393077,392014,1063,0.20093644321702459,74.30244053661183,74.10150409339481,470766,475088,-4322,-0.8169777117441018,88.9878133842952,89.80479109603931,58257,53935,4322,0.8169777117441018,11.012186615704799,10.195208903960697,3958.55,2021-04-05,2021-04-05,4077.91,0.030152454812999663,2021-04-06,2021-04-06,4073.94,0.029149562339745527,2021-04-07,2021-04-07,4079.95,0.0306677950259564,2021-04-08,2021-04-08,4097.17,0.03501787270591494,2021-04-09,2021-04-09,4128.8,0.04300817218425945,0.030152454812999663,-0.0009735379152555623,0.0014752303666720756,0.004220639958823158,0.007719962803593772,0.012479431865833224,0.012282254022482952,0.096374764940377,276.0,-0.337926006427379,-0.4343007713677576,1.1965332206170958,6121.0,-1.300320679598812,-2.4968539002158963,1.2929079855574725,6397.0,-0.38303952602431934,-1.6759475115817963,-1.2929079855574725,-6397.0,0.3830395260243229,1.6759475115817963,0.029149562339745527,0.046239153225297036,0.04455924517815846,0.057639792348208374,0.08418486567051064,0.0995516034911772,0.1700243776130148,50.0,S&P 500 Index x $50,197927.5,12218064575.0,13283904162.5,-1065839587.5,54627990.0,-2577807760.0,77800747917.5,77590350985.0,210396932.5,1211514227.5,3672346835.0,93177537465.0,94032980120.0,-855442655.0,1266142217.5,1094341147.5,11530662367.5,10675219712.5,855442655.0,-1266142217.5,-1094539075.0
2021-04-06,S&P 500 Consolidated - CHICAGO MERCANTILE EXCHANGE,549444,66477,72628,-6151,-1.119495344384505,12.098958219581977,13.21845356396648,22756,4.141641368365111,395575,392067,3508,0.638463610486237,71.99550818645758,71.35704457597134,484808,487451,-2643,-0.4810317338982681,88.23610777440467,88.71713950830294,64636,61994,2642,0.48084973172880224,11.76389222559533,11.283042493866526,4073.94,2021-04-12,2021-04-12,4127.99,0.01326725479511226,2021-04-13,2021-04-13,4141.59,0.01660554647343848,2021-04-14,2021-04-14,4124.66,0.012449864259169274,2021-04-15,2021-04-15,4170.42,0.023682233906243022,2021-04-16,2021-04-16,4185.47,0.027376446388508446,0.01326725479511226,0.00329458162447116,-0.0040878020277237415,0.011094247768300924,0.0036087492386858155,0.013924452336367299,0.029149562339745527,-0.10158118942337868,-766.0,0.43027840792917615,0.531859597352554,0.4375271672692124,2445.0,-2.3069323501542414,-2.744459517423465,0.33594597784583374,1679.0,-0.7517056098905215,-1.0876515877363744,-0.3361279800152996,-1680.0,0.7517056098905304,1.087833589905829,0.01660554647343848,0.014973220027786338,0.027683274667766433,0.022268369195422633,0.06617672327034763,0.06671183178937357,0.11074782642846959,50.0,S&P 500 Index x $50,203697.0,13541165469.0,14794105716.0,-1252940247.0,-156031902.0,-2480214672.0,80577440775.0,79862871699.0,714569076.0,498039165.0,3566327076.0,98753935176.0,99292306347.0,-538371171.0,342007263.0,1086112404.0,13166159292.0,12627991818.0,538167474.0,-342210960.0,-1086519798.0
2021-04-13,S&P 500 Consolidated - CHICAGO MERCANTILE EXCHANGE,560636,67046,72813,-5767,-1.028653172468411,11.95891808588817,12.987571258356581,29295,5.225315534500104,400381,397553,2828,0.5044271149194842,71.41549953980835,70.91107242488887,496722,499661,-2939,-0.5242260575489266,88.59973316019664,89.12395921774556,63914,60975,2939,0.5242260575489266,11.400266839803367,10.87604078225444,4141.59,2021-04-19,2021-04-19,4163.26,0.005232290014221652,2021-04-20,2021-04-20,4134.94,-0.0016056635253611784,2021-04-21,2021-04-21,4173.42,0.007685454137179137,2021-04-22,2021-04-22,4134.98,-0.0015960053988928191,2021-04-23,2021-04-23,4180.17,0.009315262978710992,0.005232290014221652,-0.006802361610853236,0.009306060063749566,-0.009210671343885979,0.010928710658818286,0.004061720862977625,0.01660554647343848,0.09084217191609412,384.0,-0.14004013369380708,-0.23088230560989942,-0.1340364955667528,-680.0,-0.5800086466492331,-0.4459721510824721,-0.043194323650658506,-296.0,0.3636253857919627,0.4068197094426296,0.04337632582012435,297.0,-0.3636253857919627,-0.40700171161208587,-0.0016056635253611784,0.010896781187901272,0.005570324440613339,0.002537672729555629,0.054959568668071945,0.05047819798676345,0.061778205954717835,50.0,S&P 500 Index x $50,207079.5,13883852157.0,15078079633.5,-1194227476.5,79518528.0,-1727250109.5,82910697289.5,82325076463.5,585620826.0,-140814060.0,2939700582.0,102860943399.0,103469550049.5,-608606650.5,-61295532.0,1212450472.5,13235279163.0,12626672512.5,608606650.5,61502611.5,-1212657552.0
2021-04-20,S&P 500 Consolidated - CHICAGO MERCANTILE EXCHANGE,569824,68475,73684,-5209,-0.9141419104846409,12.016868366372774,12.931010276857416,33276,5.839697871623519,403075,402627,448,0.07862076711405627,70.73675380468354,70.6581330375695,504827,509586,-4759,-0.8351701578031112,88.59349553546359,89.4286656932667,64997,60238,4759,0.8351701578031112,11.406504464536418,10.571334306733307,4134.94,2021-04-26,2021-04-26,4187.62,0.01274020904777351,2021-04-27,2021-04-27,4186.72,0.012522551717800257,2021-04-28,2021-04-28,4183.18,0.011666432886571654,2021-04-29,2021-04-29,4211.47,0.018508128292067383,2021-04-30,2021-04-30,4181.17,0.011180331516297715,0.01274020904777351,-0.0002149192142553158,-0.0008455306301830001,0.006762797680233579,-0.007194637501869883,-0.0015402543688299852,-0.0016056635253611784,0.11451126198377004,558.0,0.05795028048460438,-0.05656098149916566,-0.4258063478054279,-2380.0,-0.6787457351248065,-0.2529393873193726,-0.3109441002541846,-1820.0,-0.006237624733046232,0.3047064755211295,0.3109441002541846,1820.0,0.006237624733051561,-0.30470647552113306,0.012522551717800257,0.007187528718675562,0.004149999758158662,-0.0017194929067894105,0.045495218793985215,0.09303399807494195,0.07914746042264231,50.0,S&P 500 Index x $50,206746.99999999997,14157000824.999998,15233945947.999998,-1076945122.9999998,115364825.99999999,93449643.99999999,83334547024.99998,83241924368.99998,92622655.99999999,-492057859.99999994,1138348981.9999998,104371467768.99998,105355376741.99998,-983908972.9999999,-376279539.99999994,1232212119.9999998,13437934758.999998,12454025785.999998,983908972.9999999,376279539.99999994,-1232212119.9999998
2021-04-27,S&P 500 Consolidated - CHICAGO MERCANTILE EXCHANGE,581117,71967,66614,5353,0.9211570131316069,12.384253085006979,11.463096071875372,39339,6.769548989274105,399144,407701,-8557,-1.4725089783984981,68.6856519427241,70.15816092112259,510450,513654,-3204,-0.5513519652668911,87.83945401700518,88.39080598227207,70667,67463,3204,0.5513519652668911,12.160545982994819,11.609194017727928,4186.72,2021-05-03,2021-05-03,4192.66,0.0014187717353917328,2021-05-04,2021-05-04,4164.66,-0.005269041158711407,2021-05-05,2021-05-05,4167.59,-0.004569209309435607,2021-05-06,2021-05-06,4201.62,0.003558871861504942,2021-05-07,2021-05-07,4232.6,0.01095845912790927,0.0014187717353917328,-0.006678337857112138,0.0007035388242977447,0.008165390549454088,0.007373346471123199,0.009526171929038041,0.012522551717800257,1.8352989236162478,10562.0,0.3673847186342041,-1.4679142049820442,-1.5511297455125543,-9005.0,-2.051101861959438,-0.4999721164469122,0.2838181925362201,1555.0,-0.7540415184584077,-1.0378597109946242,-0.2838181925362201,-1555.0,0.7540415184584006,1.0378597109946206,-0.005269041158711407,-0.00826900294263766,-0.014065903619062237,0.0003367791493100736,0.051290747888561805,0.09269069820766607,-0.002751557305002539,50.0,S&P 500 Index x $50,209336.0,15065283912.0,13944708304.0,1120575608.0,2211006832.0,2247849968.0,83555208384.0,85346496536.0,-1791288152.0,-1885070680.0,-2013812320.0,106855561200.0,107526273744.0,-670712544.0,325517480.0,234037648.0,14793147112.0,14122434568.0,670712544.0,-325517480.0,-234037648.0
2021-05-04,S&P 500 Consolidated - CHICAGO MERCANTILE EXCHANGE,578570,67680,67488,192,0.033185267124116354,11.697806661251017,11.664621394126899,41631,7.195499248146292,408587,414284,-5697,-0.98466909794839,70.62014967938192,71.60481877733031,517899,523404,-5505,-0.9514838308242737,89.51362842871217,90.46511225953644,60672,55167,5505,0.9514838308242737,10.48654441122077,9.535060580396495,4164.66,2021-05-10,2021-05-10,4188.43,0.00570754875548074,2021-05-11,2021-05-11,4152.1,-0.0030158524345323956,2021-05-12,2021-05-12,4063.04,-0.024400551305508666,2021-05-13,2021-05-13,4112.5,-0.012524431766338662,2021-05-14,2021-05-14,4173.85,0.0022066627287702367,0.00570754875548074,-0.008673894514173552,-0.021449387057151936,0.012173151138064053,0.014917933130699224,-0.0034810179470589064,-0.005269041158711407,-0.8879717460074905,-5161.0,-0.686446423755962,0.20152532225152697,0.4878398804501082,2860.0,1.9344977366578178,1.4466578562077217,-0.40013186555738256,-2301.0,1.6741744117069857,2.0743062772643697,0.40013186555738256,2301.0,-1.674001571774049,-2.074133437331433,-0.0030158524345323956,-0.008843459009859167,0.005635514063573099,0.008975522611689879,0.062067491704004496,0.11189148694011042,0.0025980512214682783,50.0,S&P 500 Index x $50,208233.0,14093209440.0,14053228704.0,39980736.0,-1074690513.0,1320821919.0,85081296771.0,86267600172.0,-1186303401.0,595546380.0,-1916784765.0,107843662467.0,108989985132.0,-1146322665.0,-479144133.0,-595962846.0,12633912576.0,11487589911.0,1146322665.0,479144133.0,596171079.0
2021-05-11,S&P 500 Consolidated - CHICAGO MERCANTILE EXCHANGE,568597,67445,62886,4559,0.8017981100849987,11.86165245331931,11.059854343234312,37659,6.623144335970819,400231,413505,-13274,-2.3345181209186823,70.38922118829329,72.72373930921198,505336,514051,-8715,-1.5327200108336836,88.87419384907061,90.4069138599043,63261,54546,8715,1.5327200108336836,11.125806150929392,9.593086140095709,4152.1,2021-05-17,2021-05-17,4163.29,0.002695021796199404,2021-05-18,2021-05-18,4127.83,-0.005845234941355026,2021-05-19,2021-05-19,4115.68,-0.008771465041786053,2021-05-20,2021-05-20,4159.12,0.0016907107246935116,2021-05-21,2021-05-21,4155.86,0.0009055658582401982,0.002695021796199404,-0.008517302421882755,-0.0029434351705374118,0.010554756443649449,-0.0007838196541576359,-0.0017846462773432048,-0.0030158524345323956,0.7686128429608823,4367.0,0.16384579206829386,-0.6047670508925869,-1.3498490229702922,-7577.0,-0.23092849108863334,1.1189205318816704,-0.5812361800094099,-3210.0,-0.6394345796415593,-0.0581983996321469,0.5812361800094099,3210.0,0.6392617397086227,0.05802555969921386,-0.005845234941355026,0.008677536668191932,0.012027648659714174,0.01810168348546526,0.06855567062450318,0.12840490354278544,-0.036379181618939826,50.0,S&P 500 Index x $50,207605.00000000003,14001919225.000002,13055448030.000002,946471195.0000001,906611035.0000001,2143729230.0000002,83089956755.00002,85845705525.00002,-2755748770.0000005,-1573023085.0000002,-3342855710.0000005,104910280280.00002,106719557855.00002,-1809277575.0000002,-666412050.0000001,-1199126480.0000002,13133299905.000002,11324022330.000002,1809277575.0000002,666412050.0000001,1199126480.0000002
2021-05-18,S&P 500 Consolidated - CHICAGO MERCANTILE EXCHANGE,561295,70055,63171,6884,1.2264495497020282,12.480959210397383,11.254509660695357,34609,6.165919881702135,385284,403387,-18103,-3.225220249601368,68.64197970764036,71.86719995724174,489948,501167,-11219,-1.99877069989934,87.28885879973988,89.28762949963924,71347,60128,11219,1.99877069989934,12.711141200260112,10.712370500360773,4127.83,2021-05-24,2021-05-24,4197.05,0.016769101440708534,2021-05-25,2021-05-25,4188.13,0.014608159735260529,2021-05-26,2021-05-26,4195.99,0.01651230791965741,2021-05-27,2021-05-27,4200.88,0.01769694972903446,2021-05-28,2021-05-28,4204.11,0.018479443194123757,0.016769101440708534,-0.002125302295660103,0.001876732575158746,0.0011653983922745859,0.0007688865190149663,0.001682133879748804,-0.005845234941355026,0.42465143961702956,2325.0,0.619306757078073,0.19465531746104503,-0.890702128682686,-4829.0,-1.7472414806529315,-0.8565393519702411,-0.4660506890656564,-2504.0,-1.5853350493307232,-1.1192843602650555,0.4660506890656564,2504.0,1.5853350493307197,1.1192843602650644,0.014608159735260529,0.0179779690539581,0.024087716790662572,0.028770564679262423,0.07758313690244023,0.13883081425349397,-0.009443218349592941,50.0,S&P 500 Index x $50,206391.5,14458756532.5,13037957446.5,1420799086.0,479860237.5,2495892409.5,79519342686.0,83255648010.5,-3736305324.5,-996664553.5,-3828768716.5,101121102642.0,103436608880.5,-2315506238.5,-516804316.0,-1333289090.0,14725414350.5,12409908112.0,2315506238.5,516804316.0,1333289090.0
2021-05-25,S&P 500 Consolidated - CHICAGO MERCANTILE EXCHANGE,588098,75932,65998,9934,1.6891742532707132,12.91145353325466,11.22227927998395,42627,7.248281748960207,396276,414502,-18226,-3.099143340055569,67.38264710983543,70.48179044989101,514835,523127,-8292,-1.4099690867848558,87.5423823920503,88.95235147883515,73263,64971,8292,1.4099690867848558,12.457617607949697,11.04764852116484,4188.13,2021-05-31,2021-06-01,4202.04,0.0033212913639260044,2021-06-01,2021-06-01,4202.04,0.0033212913639260044,2021-06-02,2021-06-02,4208.12,0.004773013254125269,2021-06-03,2021-06-03,4192.85,0.001126994625286315,2021-06-04,2021-06-04,4229.89,0.009971037193210464,0.0033212913639260044,0.0,0.0014469162597214869,-0.003628698801364849,0.00883408659980689,0.006627733196257202,0.014608159735260529,0.462724703568685,3050.0,0.4304943228572764,-0.03223038071140749,0.12607690954579942,-123.0,-1.259332597804928,-1.3854095073507295,0.5888016131144842,2927.0,0.2535235923104153,-0.33527802080408264,-0.5888016131144842,-2927.0,-0.2535235923104153,0.33527802080406666,0.0033212913639260044,0.009343071967680139,0.013958496990303493,0.013922681483143906,0.07117735122835245,0.11999866288773253,-0.05889263227263719,50.0,S&P 500 Index x $50,209406.5,15900654358.0,13820410187.0,2080244171.0,638689825.0,959291176.5,82982770194.0,86799413063.0,-3816642869.0,-25756999.5,-2024751448.5,107809795427.5,109546194125.5,-1736398698.0,612932825.5,-1065460272.0,15341748409.5,13605349711.5,1736398698.0,-612932825.5,1065460272.0
2021-06-01,S&P 500 Consolidated - CHICAGO MERCANTILE EXCHANGE,594184,78536,66544,11992,2.0182300432189355,13.217454525870775,11.19922448265184,36439,6.132612120151334,400132,421687,-21555,-3.627664157903949,67.34142959083381,70.96909374873776,515108,524670,-9562,-1.609265816649388,86.69166453489154,88.30093035154094,79076,69514,9562,1.609265816649388,13.308335465108451,11.699069648459064,4202.04,2021-06-07,2021-06-07,4226.52,0.005825741782562899,2021-06-08,2021-06-08,4227.26,0.0060018467220683824,2021-06-09,2021-06-09,4219.55,0.004167023636138634,2021-06-10,2021-06-10,4239.18,0.00883856412599604,2021-06-11,2021-06-11,4247.44,0.010804276018314907,0.005825741782562899,0.00017508493985585183,-0.0018238764589828538,0.004652154850635748,0.0019484900381676606,0.004949698569981731,0.0033212913639260044,0.32905578994822227,2058.0,0.3060009926161147,-0.0230547973321098,-0.52852081784838,-3329.0,-0.04121751900161996,0.4873032988467543,-0.19929672986453228,-1270.0,-0.8507178571587559,-0.6514211272942134,0.19929672986453228,1270.0,0.8507178571587541,0.6514211272942241,0.0060018467220683824,0.010601993317531422,0.01056629637033435,0.021361053202730185,0.07630579432846907,0.08685305232696505,-0.016632397597357573,50.0,S&P 500 Index x $50,210102.0,16500570672.0,13981027488.0,2519543184.0,432389916.0,2479203600.0,84068533464.0,88597282074.0,-4528748610.0,-699429558.0,-3331797516.0,108225221016.0,110234216340.0,-2008995324.0,-266829540.0,-852383814.0,16614025752.0,14605030428.0,2008995324.0,266829540.0,852383814.0
2021-06-08,S&P 500 Consolidated - CHICAGO MERCANTILE EXCHANGE,606772,77843,62073,15770,2.5989992946279656,12.829036277217801,10.230036982589837,44269,7.2958211651163865,405693,428644,-22951,-3.7824751306915942,66.86086371816762,70.6433388488592,527806,534987,-7181,-1.1834758360636286,86.98588596705189,88.16936180311549,78966,71785,7181,1.1834758360636286,13.014114032948127,11.830638196884497,4227.26,2021-06-14,2021-06-14,4255.15,0.006597654272507247,2021-06-15,2021-06-15,4246.59,0.0045727019393175805,2021-06-16,2021-06-16,4223.7,-0.0008421530731491655,2021-06-17,2021-06-17,4221.86,-0.0012774232008442299,2021-06-18,2021-06-18,4166.45,-0.014385204600616097,0.006597654272507247,-0.0020116799642784233,-0.005390207201542929,-0.0004356370007340127,-0.013124547000611053,-0.020845328601811874,0.0060018467220683824,0.5807692514090301,3778.0,-0.3884182486529735,-0.9691875000620023,-0.15481097278764544,-1396.0,-0.48056587266619033,-0.3257548998785609,0.42578998058575945,2381.0,0.2942214321603416,-0.13156854842544874,-0.42578998058575945,-2381.0,-0.2942214321603238,0.13156854842543275,0.0045727019393175805,0.004537217961516404,0.01526757284860647,0.02750717959150828,0.06925762787242795,0.10869688639922792,-0.015750154946703065,50.0,S&P 500 Index x $50,211363.0,16453130009.0,13119935499.0,3333194510.0,798529414.0,2369590593.0,85748489559.0,90599481772.0,-4850992213.0,-295062748.0,-2045359751.0,111558659578.0,113076457281.0,-1517797703.0,503255303.0,324230842.0,16690490658.0,15172692955.0,1517797703.0,-503255303.0,-324230842.0
2021-06-15,S&P 500 Consolidated - CHICAGO MERCANTILE EXCHANGE,666519,79776,64706,15070,2.261000811679787,11.96905114482858,9.708050333148792,50553,7.584629995544014,450732,475032,-24300,-3.645807546371521,67.6247788885238,71.27058643489534,581061,590291,-9230,-1.3848067346917343,87.1784600288964,88.56326676358813,85458,76227,9231,1.3849567679240953,12.821539971103599,11.436583203179504,4246.59,2021-06-21,2021-06-21,4224.79,-0.005133530668136155,2021-06-22,2021-06-22,4246.44,-3.532245872583939e-05,2021-06-23,2021-06-23,4241.84,-0.0011185445263141025,2021-06-24,2021-06-24,4266.49,0.004686112857610336,2021-06-25,2021-06-25,4280.7,0.008032327114225746,-0.005133530668136155,0.005124515064653945,-0.0010832603310065858,0.005811157422250579,0.003330606657931945,0.01323379386904433,0.0045727019393175805,-0.3379984829481786,-700.0,-0.8599851323892214,-0.521986649441045,0.1366675843200733,-1349.0,0.7639151703561851,0.627247586036134,-0.20133089862810571,-2049.0,0.19257406184451042,0.39390496047263923,0.20148093186046667,2050.0,-0.1925740618445282,-0.39405499370499264,-3.532245872583939e-05,0.01064618905992809,0.022830082489715187,0.028874932592974467,0.0462630016083494,0.09124968504140973,-0.12035774586197401,50.0,S&P 500 Index x $50,212329.5,16938798192.0,13738992627.0,3199805565.0,-148630650.0,1738129287.0,95703700194.0,100863307044.0,-5159606850.0,-286432495.5,-1315805911.5,123376391599.5,125336192884.5,-1959801285.0,-435063145.5,422323375.5,18145254411.0,16185240796.5,1960013614.5,435275475.0,-422111046.0
2021-06-22,S&P 500 Consolidated - CHICAGO MERCANTILE EXCHANGE,519840,71475,61456,10019,1.9273237919359802,13.749422899353647,11.822099107417667,14732,2.8339489073561097,377507,393940,-16433,-3.1611649738381042,72.61984456755924,75.78100954139735,463715,470129,-6414,-1.2338411819021238,89.20340874115112,90.43724992305324,56125,49711,6414,1.2338411819021238,10.796591258848878,9.562750076946752,4246.44,2021-06-28,2021-06-28,4290.61,0.010401654091427126,2021-06-29,2021-06-29,4291.8,0.010681888829231267,2021-06-30,2021-06-30,4297.5,0.01202418967417418,2021-07-01,2021-07-01,4319.94,0.017308616158476342,2021-07-02,2021-07-02,4352.34,0.02493853675078439,0.010401654091427126,0.00027734984069871516,0.001328114078009257,0.005221640488656032,0.0075001041681135305,0.014387231652375876,-3.532245872583939e-05,-0.3336770197438068,-5051.0,1.780371754525067,2.114048774268875,0.4846425725334167,7867.0,4.995065679035434,4.510423106502017,0.15096555278961055,2816.0,2.0249487122547265,1.8739831594651122,-0.1511155860219715,-2817.0,-2.024948712254721,-1.8738331262327517,0.010681888829231267,0.022866212639293337,0.02891127626906309,0.018043349252550467,0.025374195796949994,0.09485357146221296,-0.11342442139768838,50.0,S&P 500 Index x $50,212321.99999999997,15175714949.999998,13048460831.999998,2127254117.9999998,-1072438421.9999999,18047369.999999996,80153041253.99998,83642128679.99998,-3489087425.9999995,1670337173.9999998,380693345.99999994,98456896229.99998,99818729537.99998,-1361833307.9999998,597898751.9999999,398740715.99999994,11916572249.999998,10554738941.999998,1361833307.9999998,-598111073.9999999,-398740715.99999994
2021-06-29,S&P 500 Consolidated - CHICAGO MERCANTILE EXCHANGE,526777,75214,64894,10320,1.9590832553433426,14.278148058856024,12.319064803512681,16596,3.150479235046329,376407,391339,-14932,-2.8345960434870925,71.45471423391682,74.28931027740391,468217,472828,-4611,-0.875322954494976,88.88334152781917,89.75866448231415,58560,53949,4611,0.875322954494976,11.116658472180827,10.241335517685853,4291.8,2021-07-05,2021-07-06,4343.54,0.012055547788806464,2021-07-06,2021-07-06,4343.54,0.012055547788806464,2021-07-07,2021-07-07,4358.13,0.015455053823570486,2021-07-08,2021-07-08,4320.82,0.0067617316743555644,2021-07-09,2021-07-09,4369.55,0.018115942028985588,0.012055547788806464,0.0,0.003359011313352811,-0.00856101125941644,0.01127795187024705,0.005988203170685713,0.010681888829231267,0.031759463407362354,301.0,0.5287251595023772,0.49696569609501395,0.32656893035101175,1501.0,-1.1651303336424235,-1.4916992639934392,0.3585182274071478,1803.0,-0.32006721333195287,-0.6785854407390985,-0.3585182274071478,-1803.0,0.3200672133319493,0.6785854407391003,0.012055547788806464,0.018036721189244487,0.007283657206766492,0.025551050841138956,0.014173540239526439,0.11523137145253748,-0.10956941143576127,50.0,S&P 500 Index x $50,214590.0,16140172260.0,13925603460.0,2214568800.0,64591590.0,-358794480.0,80773178130.0,83977436010.0,-3204257880.0,322099590.0,1421229570.0,100474686030.0,101464160520.0,-989474490.0,386905770.0,1062435090.0,12566390400.0,11576915910.0,989474490.0,-386905770.0,-1062435090.0
2021-07-06,S&P 500 Consolidated - CHICAGO MERCANTILE EXCHANGE,535166,78739,66107,12632,2.3603891129107604,14.71300493678597,12.352615823875208,19257,3.598322763404252,380078,397109,-17031,-3.182377056838439,71.02058053015327,74.2029575869917,478074,482474,-4400,-0.8221748018371869,89.33190823034349,90.15408303218067,57092,52693,4399,0.8219879439276785,10.668091769656519,9.84610382572884,4343.54,2021-07-12,2021-07-12,4384.63,0.0094600256933286,2021-07-13,2021-07-13,4369.21,0.00590992600505591,2021-07-14,2021-07-14,4374.3,0.007081781219926642,2021-07-15,2021-07-15,4360.03,0.003796442533049005,2021-07-16,2021-07-16,4327.16,-0.0037711175676982123,0.0094600256933286,-0.003516830382495284,0.0011649703264435818,-0.0032622362435132946,-0.007538938952254881,-0.013107149291958553,0.012055547788806464,0.40130585756741777,2312.0,0.43485687792994554,0.033551020362526884,-0.3477810133513466,-2099.0,-0.43413370376354976,-0.0863526904122125,0.05314815265778905,211.0,0.4485667025243174,0.3954185498665197,-0.0533350105672975,-212.0,-0.4485667025243085,-0.39523169195701335,0.00590992600505591,-0.004715048094411367,0.013334745392007408,0.01832836810527816,0.000501894767862332,0.10360213098072069,-0.117910736403947,50.0,S&P 500 Index x $50,217177.0,17100299803.0,14356919939.0,2743379864.0,502113224.0,-681501426.0,82544199806.0,86242941293.0,-3698741487.0,-455854523.0,1285687840.0,103826677098.0,104782255898.0,-955578800.0,45824347.0,603969237.0,12399069284.0,11443707661.0,955361623.0,-46041524.0,-604186414.0
2021-07-13,S&P 500 Consolidated - CHICAGO MERCANTILE EXCHANGE,543030,81398,65090,16308,3.0031489972929672,14.989595418301016,11.986446421008047,22564,4.155203211608935,380437,399095,-18658,-3.4359059352153656,70.05819199675892,73.4940979319743,484400,486748,-2348,-0.43238863414544315,89.20317477855735,89.6355634127028,58630,56281,2349,0.43257278603392074,10.796825221442646,10.364252435408725,4369.21,2021-07-19,2021-07-19,4258.49,-0.02534096552923759,2021-07-20,2021-07-20,4323.06,-0.010562550209305521,2021-07-21,2021-07-21,4358.69,-0.002407757924201448,2021-07-22,2021-07-22,4367.48,-0.00039595258639446573,2021-07-23,2021-07-23,4411.79,0.009745468860503426,-0.02534096552923759,0.01516265155019747,0.008241847210077813,0.0020166609692362503,0.010145438559535647,0.03599867558688641,0.00590992600505591,0.6427598843822069,3676.0,0.27659048151504706,-0.36616940286716115,-0.2535288783769265,-1627.0,-0.9623885333943463,-0.708859655017406,0.3897861676917438,2052.0,-0.1287334517861325,-0.5185196194778712,-0.38941515789375775,-2050.0,0.12873345178612716,0.5181486096798853,-0.010562550209305521,0.00738119705850715,0.012345481219717014,0.015458172072296827,-0.0042479075164618685,0.07870072621824065,-0.12597471854179587,50.0,S&P 500 Index x $50,218460.5,17782247779.0,14219593945.0,3562653834.0,803060798.0,270454099.0,83110457238.5,87186493247.5,-4076036009.0,-355435233.5,1232554141.0,105822266200.0,106335211454.0,-512945254.0,448280946.0,1503445161.0,12808339115.0,12295175400.5,513163714.5,-447844025.0,-1503445161.0
2021-07-20,S&P 500 Consolidated - CHICAGO MERCANTILE EXCHANGE,551237,79924,68886,11038,2.0024054989051896,14.49902673441732,12.49662123551213,23891,4.334070463339725,388722,400946,-12224,-2.217557965085798,70.51812559751977,72.73568356260556,492537,493724,-1187,-0.2153338763544537,89.35122279527681,89.56655667163126,58700,57514,1186,0.21515246618060835,10.648777204723196,10.433624738542587,4323.06,2021-07-26,2021-07-26,4422.3,0.022955961749316467,2021-07-27,2021-07-27,4401.46,0.018135302309012502,2021-07-28,2021-07-28,4400.64,0.017945621851188642,2021-07-29,2021-07-29,4419.15,0.022227311210114786,2021-07-30,2021-07-30,4395.26,0.01670113299375897,0.022955961749316467,-0.004712479931257563,-0.00018630181803303003,0.004206206369982368,-0.005406016994218166,-0.00611446532347415,-0.010562550209305521,-1.0007434983877777,-5270.0,-0.490568683883696,0.510174814504083,1.2183479701295674,6434.0,0.45993360076084855,-0.7584143693687366,0.21705475779098946,1161.0,0.1480480167194571,-0.06900674107153293,-0.2174203198533124,-1163.0,-0.14804801671945,0.06937230313386245,0.018135302309012502,0.02315258173608492,0.026298501524383067,0.028919330289193246,0.04547010682248209,0.05876624428067134,-0.08937419327976026,50.0,S&P 500 Index x $50,216153.00000000003,17275812372.000004,14889915558.000002,2385896814.0000005,-1139126310.0000002,220259907.00000003,84023426466.00002,86665680738.00002,-2642254272.0000005,1390728402.0000002,909787977.0000001,106463350161.00002,106719923772.00002,-256573611.00000003,250953633.00000003,1129831731.0000002,12688181100.000002,12431823642.000002,256357458.00000003,-251385939.00000003,-1130047884.0000002
2021-07-27,S&P 500 Consolidated - CHICAGO MERCANTILE EXCHANGE,560457,81145,67760,13385,2.3882296054826684,14.478363192894369,12.090133587411701,34784,6.206363735308864,379600,396193,-16593,-2.9606196371889366,67.73044140763697,70.69106104482591,495529,498737,-3208,-0.5723900317062683,88.4151683358402,88.98755836754648,64928,61720,3208,0.5723900317062683,11.584831664159784,11.012441632453514,4401.46,2021-08-02,2021-08-02,4387.16,-0.003248921948626138,2021-08-03,2021-08-03,4423.15,0.004927910284314718,2021-08-04,2021-08-04,4402.66,0.00027263680687772407,2021-08-05,2021-08-05,4429.1,0.00627973445175023,2021-08-06,2021-08-06,4436.52,0.007965538707610742,-0.003248921948626138,0.008203484714484954,-0.00463244520307915,0.006005460335342772,0.0016752839177258672,0.011251014323617303,0.018135302309012502,0.3858241065774788,2347.0,-0.02066354152295169,-0.4064876481004287,-0.7430616721031384,-4369.0,-2.787684189882796,-2.0446225177796435,-0.3570561553518147,-2021.0,-0.9360544594366047,-0.5789983040847773,0.35723756552566,2022.0,0.9360544594365887,0.5788168939109273,0.004927910284314718,0.008017794095595443,0.010591939947199203,0.01925951843251994,0.03938011478009562,-0.010226152231305075,-0.1091478736601037,50.0,S&P 500 Index x $50,220073.0,17857823585.0,14912146480.0,2945677105.0,516511331.0,674523745.0,83539710800.0,87191382089.0,-3651671289.0,-961498937.0,-365541253.0,109052553617.0,109758547801.0,-705994184.0,-444767533.0,308762419.0,14288899744.0,13582905560.0,705994184.0,444987606.0,-308762419.0
2021-08-03,S&P 500 Consolidated - CHICAGO MERCANTILE EXCHANGE,568882,83032,67716,15316,2.6922982270488434,14.595645494144655,11.903347267095812,37560,6.602423701224507,379850,399480,-19630,-3.4506277224450765,66.77131637140918,70.22194409385426,500441,504755,-4314,-0.7583294953962333,87.96920978339972,88.72753927879596,68441,64127,4314,0.7583294953962333,12.030790216600279,11.272460721204046,4423.15,2021-08-09,2021-08-09,4432.35,0.0020799656353505114,2021-08-10,2021-08-10,4436.75,0.00307473180877893,2021-08-11,2021-08-11,4442.41,0.004354362840961912,2021-08-12,2021-08-12,4460.83,0.008518815776087152,2021-08-13,2021-08-13,4468.0,0.010139832472333188,0.0020799656353505114,0.000992701388653705,0.0012757085704626636,0.004146398013690877,0.0016073241975147479,0.008043137387615973,0.004927910284314718,0.304068621566175,1931.0,0.11728230125028638,-0.18678632031588904,-0.4900080852561399,-3037.0,-0.959125036227789,-0.46911695097165307,-0.18593946368996495,-1106.0,-0.4459585524404872,-0.26001908875052493,0.18593946368996495,1106.0,0.4459585524404943,0.26001908875053203,0.00307473180877893,0.005636254705357002,0.014261329595424144,0.022502063009393947,0.04691226840600016,0.02789640866803067,-0.075050586120751,50.0,S&P 500 Index x $50,221157.49999999997,18363149539.999996,14975901269.999998,3387248269.9999995,427055132.49999994,593586729.9999999,84006676374.99998,88347998099.99998,-4341321724.999999,-671655327.4999999,-574788342.4999999,110676280457.49998,111630353912.49998,-954073454.9999999,-244600194.99999997,19019544.999999996,15136240457.499998,14182167002.499998,954073454.9999999,244600194.99999997,-18798387.499999996
2021-08-10,S&P 500 Consolidated - CHICAGO MERCANTILE EXCHANGE,573185,81431,68402,13029,2.2730880954665595,14.206756980730479,11.93366888526392,42229,7.367429363992429,379985,395570,-15585,-2.719017420204646,66.29360503153433,69.01262245173896,503645,506201,-2556,-0.4459293247380863,87.86779137625723,88.31372070099532,69539,66984,2555,0.44575486099601347,12.132034160000698,11.686279299004685,4436.75,2021-08-16,2021-08-16,4479.71,0.009682763283935358,2021-08-17,2021-08-17,4448.08,0.0025536710429931997,2021-08-18,2021-08-18,4400.27,-0.00822223474390027,2021-08-19,2021-08-19,4405.8,-0.006975826900321169,2021-08-20,2021-08-20,4441.67,0.0011089198174338843,0.009682763283935358,-0.0070607249129965854,-0.010748457761550978,0.0012567410636163956,0.008141540696354754,-0.008491621109402159,0.00307473180877893,-0.4192101315822838,-2287.0,-0.38888851341417663,0.030321618168107634,0.7316103022404303,4045.0,-0.47771133987485825,-1.2093216421152988,0.312400170658147,1758.0,-0.10141840714248929,-0.41381857780064024,-0.3125746344002198,-1759.0,0.10124394340041931,0.41381857780063847,0.0025536710429931997,0.011152307432241937,0.01936778046993859,0.018770496421930405,0.056009466388685425,0.01911083563419158,-0.07083563419169436,50.0,S&P 500 Index x $50,221837.5,18064449462.5,15174128675.0,2890320787.5,-507342362.5,-727405162.5,84294922437.5,87752259875.0,-3457337437.5,897332687.5,681706637.5,111727347687.5,112294364337.5,-567016650.0,389990325.0,-46142200.0,15426357912.5,14859563100.0,566794812.5,-390212162.5,45698525.0
2021-08-17,S&P 500 Consolidated - CHICAGO MERCANTILE EXCHANGE,581375,75567,64424,11143,1.9166630832079121,12.997978929262525,11.081315846054613,50551,8.695076327671467,386818,399212,-12394,-2.1318426144915072,66.53502472586541,68.6668673403569,512936,514188,-1252,-0.2153515373038056,88.2280799827994,88.4434315201032,68439,67187,1252,0.2153515373038056,11.771920017200602,11.556568479896796,4448.08,2021-08-23,2021-08-23,4479.53,0.007070466358518601,2021-08-24,2021-08-24,4486.23,0.008576734231398708,2021-08-25,2021-08-25,4496.19,0.01081590259167986,2021-08-26,2021-08-26,4470.0,0.004927968921422332,2021-08-27,2021-08-27,4509.37,0.013778978795345509,0.007070466358518601,0.0014956926284677152,0.0022201269217136943,-0.005824931775569864,0.008807606263982137,0.006661413139325001,0.0025536710429931997,-0.3564250122586474,-1886.0,-1.208778051467954,-0.8523530392093068,0.587174805713139,3191.0,0.24141969433108557,-0.3457551113820614,0.23057778743428067,1304.0,0.36028860654217,0.12971081910788484,-0.23040332369220787,-1303.0,-0.36011414280009646,-0.1297108191078884,0.008576734231398708,0.016771281092066825,0.01617551842592757,-0.0011308249851620378,0.056838006510674166,0.005168522148882193,-0.03212172442941674,50.0,S&P 500 Index x $50,222404.0,16806403068.0,14328155296.0,2478247772.0,-419453944.0,23352420.0,86029870472.0,88786345648.0,-2756475176.0,709691164.0,-37808680.0,114079018144.0,114357467952.0,-278449808.0,290014816.0,-14456260.0,15221107356.0,14942657548.0,278449808.0,-289792412.0,14678664.0
2021-08-24,S&P 500 Consolidated - CHICAGO MERCANTILE EXCHANGE,592348,77966,64447,13519,2.282273258287358,13.162195196067177,10.879921937779818,54719,9.237644087597156,385377,399657,-14280,-2.4107450350132016,65.05922194385732,67.46996697887053,518062,518823,-761,-0.1284717767258436,87.45906122752166,87.5875330042475,74286,73525,761,0.1284717767258436,12.540938772478341,12.412466995752498,4486.23,2021-08-30,2021-08-30,4528.79,0.009486807408447762,2021-08-31,2021-08-31,4522.68,0.008124862077958817,2021-09-01,2021-09-01,4524.09,0.008439157154225496,2021-09-02,2021-09-02,4536.95,0.01130570657322516,2021-09-03,2021-09-03,4535.43,0.010966892022923558,0.009486807408447762,-0.001349146239944865,0.0003117620525883158,0.0028425606033477546,-0.000335026835208585,0.0014661752918549986,0.008576734231398708,0.36561017507944604,2376.0,0.16421626680465273,-0.2013939082747953,-0.27890242052169434,-1886.0,-1.4758027820080883,-1.196900361486371,0.08687976057796201,491.0,-0.7690187552777417,-0.8558985158556993,-0.08687976057796201,-491.0,0.7690187552777399,0.8558985158557011,0.008124862077958817,0.007534165658024783,-0.009625008080281106,-0.029432285014366233,0.045577244144861195,-0.04045044502845363,-0.0796882906137224,50.0,S&P 500 Index x $50,224311.49999999997,17488670408.999996,14456203240.499998,3032467168.4999995,532964123.99999994,30057740.999999996,86444492935.49998,89647661155.49998,-3203168219.9999995,-423051488.99999994,518832499.49999994,116207264312.99998,116377965364.49998,-170701051.49999997,110136946.49999999,548890240.4999999,16663204088.999998,16492503037.499998,170701051.49999997,-110136946.49999999,-548890240.4999999
2021-08-31,S&P 500 Consolidated - CHICAGO MERCANTILE EXCHANGE,601293,68990,62984,6006,0.9988474836726854,11.47360770872104,10.474760225048355,56502,9.396750003741936,399278,406479,-7201,-1.1975858691187158,66.40323436328046,67.60082023239919,524769,525965,-1196,-0.19890469371837025,87.2734257674711,87.47233046118947,76524,75328,1196,0.19890469371837025,12.7265742325289,12.52766953881053,4522.68,2021-09-06,2021-09-07,4520.03,-0.0005859357725951364,2021-09-07,2021-09-07,4520.03,-0.0005859357725951364,2021-09-08,2021-09-08,4514.07,-0.0019037384913370703,2021-09-09,2021-09-09,4493.28,-0.006500570458224053,2021-09-10,2021-09-10,4458.58,-0.014173012461637824,-0.0005859357725951364,0.0,-0.0013185753191903293,-0.004605599824548556,-0.0077226435922087555,-0.013595042510779809,0.008124862077958817,-1.2834257746146727,-7513.0,-1.6885874873461368,-0.40516171273146284,1.2131591658944858,7079.0,1.3440124194231373,0.13085325352865596,-0.07043291699252666,-435.0,-0.18563546005056253,-0.11520254305803235,0.07043291699252666,435.0,0.18563546005055898,0.11520254305803235,-0.0005859357725951364,-0.017606817196883284,-0.037254459745106994,-0.037599387973502485,0.009799499411853096,-0.04785215845472157,-0.11862877762742452,50.0,S&P 500 Index x $50,226134.0,15600984660.0,14242823856.0,1358160804.0,-1698944742.0,-2105307540.0,90290331252.0,91918722186.0,-1628390934.0,1600802586.0,2810619486.0,118668113046.0,118938569310.0,-270456264.0,-98368290.0,705085812.0,17304678216.0,17034221952.0,270456264.0,98368290.0,-705085812.0
2021-09-07,S&P 500 Consolidated - CHICAGO MERCANTILE EXCHANGE,611152,71398,68583,2815,0.4606055449380841,11.682527423619655,11.221921878681572,60109,9.83536010681467,404665,410413,-5748,-0.9405188889179779,66.21347880723617,67.15399769615415,536172,539105,-2933,-0.4799133439798937,87.73136633767051,88.2112796816504,74980,72047,2933,0.4799133439798937,12.268633662329503,11.78872031834961,4520.03,2021-09-13,2021-09-13,4468.73,-0.011349482193702243,2021-09-14,2021-09-14,4443.05,-0.01703086041464319,2021-09-15,2021-09-15,4480.7,-0.008701269681838375,2021-09-16,2021-09-16,4473.75,-0.01023887009599489,2021-09-17,2021-09-17,4432.99,-0.019256509359451113,-0.011349482193702243,-0.00574659914561837,0.008473908688851006,-0.0015510969268194286,-0.009110924839340617,-0.007997798032102987,-0.0005859357725951364,-0.5382419387346014,-3191.0,0.20891971489861483,0.7471616536332171,0.2570669802007379,1453.0,-0.18975555604428962,-0.44682253624503687,-0.28100865026152344,-1737.0,0.4579405701994119,0.738949220460924,0.28100865026152344,1737.0,-0.4579405701993977,-0.7389492204609205,-0.01703086041464319,-0.036690021968880826,-0.03703515242155464,-0.03856390333692461,0.03688471094218415,-0.07728488527731014,-0.13536193343849479,50.0,S&P 500 Index x $50,226001.5,16136055097.0,15499860874.5,636194222.5,-721170786.5,-2308379321.0,91454896997.5,92753953619.5,-1299056622.0,328380179.5,2223176755.5,121175676258.0,121838538657.5,-662862399.5,-392564605.5,-85202565.5,16945592470.0,16282730070.5,662862399.5,392564605.5,85428567.0
2021-09-14,S&P 500 Consolidated - CHICAGO MERCANTILE EXCHANGE,655925,72391,64726,7665,1.1685787247017572,11.036475206769067,9.867896482067309,68819,10.491900750848039,427136,442696,-15560,-2.372222433967298,65.11964020276709,67.49186263673438,568346,576240,-7894,-1.2034912528109158,86.64801616038419,87.85150741319511,87579,79685,7894,1.2034912528109158,13.35198383961581,12.148492586804894,4443.05,2021-09-20,2021-09-20,4357.73,-0.019203024949077885,2021-09-21,2021-09-21,4354.19,-0.019999774929384206,2021-09-22,2021-09-22,4395.64,-0.010670597900091172,2021-09-23,2021-09-23,4448.98,0.0013346687523208,2021-09-24,2021-09-24,4455.48,0.002797627755708243,-0.019203024949077885,-0.0008123495489623656,0.009519566210937302,0.012134751708511082,0.0014610090402744635,0.02243140350595385,-0.01703086041464319,0.707973179763673,4850.0,-0.6460522168505882,-1.3540253966142632,-1.43170354504932,-9812.0,-1.0938386044690844,0.3378649405802321,-0.7235779088310221,-4961.0,-1.08335017728632,-0.35977226845528776,0.7235779088310221,4961.0,1.0833501772863077,0.3597722684552842,-0.019999774929384206,-0.020350885090197113,-0.02190612304610573,-0.020796524909690528,0.04299749046263268,-0.040647753232576855,-0.11486703953365374,50.0,S&P 500 Index x $50,222152.5,16081841627.5,14379042715.0,1702798912.5,1077439625.0,-772646395.0,94889330240.0,98346023140.0,-3456692900.0,-2179760330.0,-703334815.0,126259484765.0,128013156600.0,-1753671835.0,-1102098552.5,-1475536905.0,19455893797.5,17702221962.5,1753671835.0,1102098552.5,1475536905.0
2021-09-21,S&P 500 Consolidated - CHICAGO MERCANTILE EXCHANGE,490636,75027,65064,9963,2.030629631743288,15.29178454088163,13.261154909138343,11283,2.2996681857833505,347579,368969,-21390,-4.359647477967373,70.84253907173547,75.20218654970283,433889,445317,-11428,-2.3292216633104785,88.43399179840044,90.76321346171092,56747,45320,11427,2.329017846224085,11.566008201599557,9.236990355375472,4354.19,2021-09-27,2021-09-27,4443.11,0.020421708744910116,2021-09-28,2021-09-28,4352.63,-0.00035827559201584425,2021-09-29,2021-09-29,4359.46,0.001210328442259101,2021-09-30,2021-09-30,4307.54,-0.010713818184323487,2021-10-01,2021-10-01,4357.04,0.0006545419469523583,0.020421708744910116,-0.020364114325326033,0.001569166228234442,-0.011909731939276913,0.011491477734391298,-0.01937156631278536,-0.019999774929384206,0.862050907041531,2298.0,4.255309334112564,3.393258427071034,-1.9874250440000751,-5830.0,5.722898868968386,7.710323912968448,-1.1257304104995627,-3534.0,1.7859756380162537,2.9117060485158106,1.125526593413169,3533.0,-1.7859756380162537,-2.911502231429422,-0.00035827559201584425,-0.0019452527335737102,-0.0008130099972669669,0.03799558586097551,0.06776001965922474,0.03615368185586765,-0.11443230543453542,50.0,S&P 500 Index x $50,217709.49999999997,16334090656.499998,14165050907.999998,2169039748.4999995,500296430.99999994,-774174981.9999999,75671250300.49998,80328056505.49998,-4656806204.999999,-1269246384.9999998,-1547914544.9999998,94461757245.49998,96949741411.49998,-2487984165.9999995,-769385372.9999999,-2322307236.4999995,12354360996.499998,9866594539.999998,2487766456.4999995,769167663.4999999,2322089526.9999995
2021-09-28,S&P 500 Consolidated - CHICAGO MERCANTILE EXCHANGE,491475,76499,61868,14631,2.97695711887685,15.565186428607763,12.588229309730911,12564,2.556386387913933,348232,368654,-20422,-4.155246960679587,70.8544686911847,75.00971565186428,437295,443085,-5790,-1.1780863726537463,88.9760415077064,90.15412788036014,54180,48390,5790,1.1780863726537463,11.023958492293605,9.845872119639859,4352.63,2021-10-04,2021-10-04,4300.46,-0.011985856826792096,2021-10-05,2021-10-05,4345.72,-0.0015875459205123565,2021-10-06,2021-10-06,4363.55,0.002508827995947316,2021-10-07,2021-10-07,4399.76,0.010827936213277933,2021-10-08,2021-10-08,4391.34,0.00889347360101822,-0.011985856826792096,0.010524455523362564,0.004102887438675262,0.00829828923697451,-0.0019137407494954628,0.02113262302172325,-0.00035827559201584425,0.9463274871335621,4668.0,0.2734018877261324,-0.6729255994074315,0.20440051728778563,968.0,0.011929619449233542,-0.19247089783854676,1.1511352906567323,5638.0,0.5420497093059566,-0.609085581350783,-1.1509314735703386,-5637.0,-0.5420497093059513,0.6088817642643871,-0.0015875459205123565,-0.00045489738388060363,0.038367607630329204,0.05104040545601163,0.09964550168518804,0.06409228443492787,-0.16204915189207447,50.0,S&P 500 Index x $50,217631.5,16648592118.5,13464425642.0,3184166476.5,1015903842.0,1877071687.5,75786252508.0,80230723001.0,-4444470493.0,210667292.0,-2877306061.5,95169166792.5,96429253177.5,-1260086385.0,1227006397.0,-999799111.0,11791274670.0,10531188285.0,1260086385.0,-1226788765.5,999799111.0
2021-10-05,S&P 500 Consolidated - CHICAGO MERCANTILE EXCHANGE,487471,73946,59389,14557,2.9862289243872966,15.169312636033732,12.183083711646436,11875,2.4360423491859002,348965,368346,-19381,-3.9758262542797422,71.58682260072908,75.5626488550088,434787,439611,-4824,-0.9895973298924449,89.19238272635705,90.1819800562495,52684,47860,4824,0.9895973298924449,10.807617273642943,9.8180199437505,4345.72,2021-10-11,2021-10-11,4361.19,0.0035598243789289885,2021-10-12,2021-10-12,4350.65,0.001134449527350867,2021-10-13,2021-10-13,4363.8,0.004160415305173748,2021-10-14,2021-10-14,4438.26,0.021294515063096542,2021-10-15,2021-10-15,4471.37,0.028913505702162112,0.0035598243789289885,-0.0024167715692277048,0.003022536862308023,0.01706311013337003,0.0074601307719690535,0.025263746821395205,-0.0015875459205123565,0.009271805510446374,-74.0,-0.3958737925740312,-0.40514559808447537,0.1794207063998452,1041.0,0.7323539095443721,0.5529332031445193,0.1884890427613014,966.0,0.2163412186506548,0.027852175889364617,-0.1884890427613014,-966.0,-0.21634121865066192,-0.027852175889359287,0.001134449527350867,0.04001868505103867,0.052711633515274636,0.06556566000570663,0.10304851670149007,0.041281996999346315,-0.12766354021888215,50.0,S&P 500 Index x $50,217286.0,16067430556.0,12904398254.0,3163032302.0,-16079164.0,2551372212.0,75825208990.0,80036428956.0,-4211219966.0,226194726.0,-2962260038.0,94473128082.0,95521315746.0,-1048187664.0,209898276.0,-410887826.0,11447495624.0,10399307960.0,1048187664.0,-209898276.0,410887826.0
2021-10-12,S&P 500 Consolidated - CHICAGO MERCANTILE EXCHANGE,480633,75980,56224,19756,4.110412726550195,15.808319445398048,11.697906718847854,11352,2.3618852638083525,340808,367441,-26633,-5.541234164112743,70.90815653523582,76.44939069934857,428140,435017,-6877,-1.4308214375625476,89.07836124444223,90.50918268200478,52492,45615,6877,1.4308214375625476,10.92143069660219,9.49060925903964,4350.65,2021-10-18,2021-10-18,4486.46,0.03121602519163802,2021-10-19,2021-10-19,4519.63,0.03884017330743683,2021-10-20,2021-10-20,4536.19,0.042646501097537204,2021-10-21,2021-10-21,4549.78,0.045770172273108756,2021-10-22,2021-10-22,4544.9,0.04464850079873117,0.03121602519163802,0.00739335690054066,0.0036640167447334893,0.002995906256131331,-0.0010725793335062406,0.013025860032185532,0.001134449527350867,1.1241838021628987,5199.0,0.6390068093643162,-0.48517699279858206,-1.565407909833001,-7252.0,-0.6786660654932604,0.8867418443397668,-0.4412241076701028,-2053.0,-0.11402148191481842,0.3272026257552767,0.4412241076701028,2053.0,0.11381342295924668,-0.3274106847108591,0.03884017330743683,0.05151873857929279,0.06435819934952258,0.07690804822267938,0.08330249502947829,0.010757013319848907,-0.1751025708802132,50.0,S&P 500 Index x $50,217532.49999999997,16528119349.999998,12230547279.999998,4297572069.999999,1130951467.4999998,2630185457.4999995,74136816259.99998,79930359332.49998,-5793543072.499999,-1577545689.9999998,-2408737372.4999995,93134364549.99998,94630335552.49998,-1495971002.4999998,-446594222.49999994,221230552.49999997,11418715989.999998,9922744987.499998,1495971002.4999998,446594222.49999994,-221230552.49999997
2021-10-19,S&P 500 Consolidated - CHICAGO MERCANTILE EXCHANGE,477317,70031,56507,13524,2.8333371742468842,14.671800920562225,11.838463746315341,11920,2.497292155946677,343730,360785,-17055,-3.5730971241334375,72.01293899023081,75.58603611436425,425682,429213,-3531,-0.7397599498865534,89.18224157111521,89.92200152100177,51636,48105,3531,0.7397599498865534,10.817967933260286,10.078207983373733,4519.63,2021-10-25,2021-10-25,4566.48,0.010365892783258612,2021-10-26,2021-10-26,4574.79,0.012204538867119696,2021-10-27,2021-10-27,4551.68,0.007091288446178234,2021-10-28,2021-10-28,4596.42,0.016990328854353143,2021-10-29,2021-10-29,4605.38,0.01897279202058577,0.010365892783258612,0.0018197824144636776,-0.005051597996847845,0.009829337739032606,0.0019493431844783693,0.008518596380582055,0.03884017330743683,-1.277075552303311,-6232.0,-1.1365185248358234,0.14055702746748722,1.9681370399793057,9578.0,1.1047824549949894,-0.8633545849843216,0.6910614876759943,3346.0,0.10388032667297864,-0.5871811610030022,-0.6910614876759943,-3346.0,-0.10346276334190385,0.587598724334093,0.012204538867119696,0.024563957669101022,0.036644592588331415,0.04010726541774434,0.012717855222661889,-0.012704579799673876,-0.1769281998747685,50.0,S&P 500 Index x $50,225981.5,15825710426.5,12769536620.5,3056173806.0,-1408316708.0,804720121.5,77676620995.0,81530735477.5,-3854114482.5,2164450807.0,979629802.5,96196256883.0,96994197559.5,-797940676.5,756134099.0,1784575905.5,11668780734.0,10870840057.5,797940676.5,-756134099.0,-1784349924.0
2021-10-26,S&P 500 Consolidated - CHICAGO MERCANTILE EXCHANGE,480961,70534,51237,19297,4.012175623387344,14.665222336114569,10.653046712727228,13090,2.7216343944727326,342382,367690,-25308,-5.261965107357977,71.18706090514615,76.44902601250413,426006,432016,-6010,-1.249581566904593,88.57391763573345,89.82349920263805,54955,48945,6010,1.249581566904593,11.426082364266541,10.176500797361948,4574.79,2021-11-01,2021-11-01,4613.67,0.008498750762330198,2021-11-02,2021-11-02,4630.65,0.01221039654279199,2021-11-03,2021-11-03,4660.57,0.018750587458659318,2021-11-04,2021-11-04,4680.06,0.02301089230325326,2021-11-05,2021-11-05,4697.53,0.02682964682531863,0.008498750762330198,0.0036803672564356127,0.00646129593037692,0.004181891914508462,0.0037328581257503046,0.018176419206401784,0.012204538867119696,1.1788384491404593,5773.0,-0.0065785844476558,-1.185417033588113,-1.6888679832245392,-8253.0,-0.8258780850846534,0.8629898981398867,-0.5098216170180397,-2479.0,-0.6083239353817618,-0.09850231836372814,0.5098216170180397,2479.0,0.6081144310062552,0.09829281398821443,0.01221039654279199,0.024145370607175476,0.027566292660428093,0.02533668212092799,-0.047726780901418464,-0.08734608583126224,-0.15643996773622393,50.0,S&P 500 Index x $50,228739.5,16133911893.0,11719925761.5,4413986131.5,1320513133.5,1067298507.0,78316287489.0,84105226755.0,-5788939266.0,-1887787093.5,-1117621197.0,97444399437.0,98819123832.0,-1374724395.0,-567045220.5,-50322690.0,12570379222.5,11195654827.5,1374724395.0,567045220.5,50322690.0
2021-11-02,S&P 500 Consolidated - CHICAGO MERCANTILE EXCHANGE,486386,74143,49043,25100,5.160510376532219,15.24365421702105,10.08314384048883,13646,2.8055906214405844,343417,376241,-32824,-6.748549505947951,70.60585625408626,77.35440576003421,431206,438929,-7723,-1.587833531392762,88.6551010925479,90.24293462394066,55181,47457,7724,1.5880391294157314,11.345104505475076,9.757065376059344,4630.65,2021-11-08,2021-11-08,4701.7,0.015343418310604484,2021-11-09,2021-11-09,4685.25,0.011791001263321554,2021-11-10,2021-11-10,4646.71,0.0034681956096878075,2021-11-11,2021-11-11,4649.27,0.0040210337641586325,2021-11-12,2021-11-12,4682.85,0.011272715493505281,0.015343418310604484,-0.0034987345002870374,-0.008225815057894437,0.0005509274303756584,0.007222639253044116,-0.004009188165982391,0.01221039654279199,1.1483347531448755,5803.0,0.5784318809064803,-0.5699028722383979,-1.486584398589974,-7516.0,-0.5812046510598918,0.9053797475300769,-0.33825196448816897,-1713.0,0.08118345681444339,0.4194354213026088,0.33845756251113834,1714.0,-0.08097785879146535,-0.4194354213026035,0.011791001263321554,0.015170656387332171,0.012967941865612787,-0.013745370520337197,-0.018163756708021506,-0.09829505576970843,-0.16726593458801675,50.0,S&P 500 Index x $50,231532.49999999997,17166514147.499998,11355048397.499998,5811465749.999999,1343583097.4999998,2441047147.4999995,79512196552.49998,87112019332.49998,-7599822779.999999,-1740198269.9999998,-3112491397.4999995,99838203194.99998,101626328692.49998,-1788125497.4999998,-396615172.49999994,-671212717.4999999,12776194882.499998,10987837852.499998,1788357029.9999998,396846704.99999994,671444249.9999999
2021-11-09,S&P 500 Consolidated - CHICAGO MERCANTILE EXCHANGE,487561,77478,57966,19512,4.001960780292107,15.890934672789662,11.888973892497553,14254,2.923531619633236,341241,368625,-27384,-5.6165279831651835,69.9893961986295,75.60592418179469,432973,440845,-7872,-1.6145672028730764,88.8038624910524,90.41842969392548,54588,46715,7873,1.6147723054140917,11.196137508947599,9.581365203533506,4685.25,2021-11-15,2021-11-15,4682.8,-0.0005229176671468494,2021-11-16,2021-11-16,4700.9,0.0033402699962647997,2021-11-17,2021-11-17,4688.67,0.0007299503761806214,2021-11-18,2021-11-18,4704.54,0.004117176244597509,2021-11-19,2021-11-19,4697.96,0.0027127687956887137,-0.0005229176671468494,0.003865208849406221,-0.0026016294752068125,0.00338475516511072,-0.0013986489646171663,0.003237379345690572,0.011791001263321554,-1.1585495962401122,-5588.0,0.6472804557686125,1.805830052008723,1.1320215227827672,5440.0,-0.6164600554567556,-1.7484815782395202,-0.026733671480314358,-149.0,0.14876139850450443,0.17549506998481945,0.026733175998360226,149.0,-0.14896699652747714,-0.17570017252583803,0.0033402699962647997,0.0011632250146735856,-0.025238781281681888,0.0003201536737633681,-0.034941571954538175,-0.1460327623926151,-0.18294434661971082,50.0,S&P 500 Index x $50,234262.5,18150189975.0,13579260075.0,4570929900.0,-1309058850.0,-57160050.0,79939969762.5,86355014062.5,-6415044300.0,1274388000.0,-175931137.5,101429337412.5,103273451812.5,-1844114400.0,-34905112.5,-233091187.5,12787921350.0,10943572687.5,1844348662.5,34905112.5,233325450.0
2021-11-16,S&P 500 Consolidated - CHICAGO MERCANTILE EXCHANGE,490979,77657,55427,22230,4.5276885569443905,15.816766093865523,11.28907753692113,15357,3.1278323512818265,343331,373396,-30065,-6.123479822965951,69.92783805417339,76.05131787713934,436344,444179,-7835,-1.595791266021561,88.87223282462182,90.46802409064338,54634,46800,7834,1.595587591322643,11.127563500679255,9.531975909356612,4700.9,2021-11-22,2021-11-22,4682.94,-0.003820545002020892,2021-11-23,2021-11-23,4690.7,-0.0021697972728625947,2021-11-24,2021-11-24,4701.46,0.0001191261247845965,2021-11-25,2021-11-26,4594.62,-0.022608436682337363,2021-11-26,2021-11-26,4594.62,-0.022608436682337363,-0.003820545002020892,0.0016570786727996278,0.002293900697124096,-0.02272485568312821,0.0,-0.018859946956399143,0.0033402699962647997,0.5257277766522837,2718.0,-0.07416857892413908,-0.5998963555764227,-0.5069518398007675,-2681.0,-0.061558144456114405,0.4453936953446487,0.018775936851515462,37.0,0.06837033356941902,0.04959439671790733,-0.01918471409144873,-39.0,-0.06857400826834414,-0.04938929417689408,-0.0021697972728625947,-0.028483907336892877,-0.0030100619030397624,-0.014212172137250234,-0.04889063796294324,-0.13019847263290008,-0.15085834627411765,50.0,S&P 500 Index x $50,235044.99999999997,18252889564.999996,13027839214.999998,5225050349.999999,638852309.9999999,2046301769.9999998,80698234894.99998,87764862819.99998,-7066627924.999999,-630155644.9999999,-3057935449.9999995,102560475479.99998,104402053054.99998,-1841577574.9999998,8696664.999999998,-1011633679.9999999,12841448529.999998,11000105999.999998,1841342529.9999998,-9166754.999999998,1011398634.9999999
2021-11-23,S&P 500 Consolidated - CHICAGO MERCANTILE EXCHANGE,491063,75503,50740,24763,5.0427338243769135,15.375420261758673,10.332686437381762,16371,3.3337881290180693,344663,374573,-29910,-6.090868177810179,70.18712466628519,76.27799284409537,436537,441684,-5147,-1.048134353433266,88.89633305706192,89.94446741049519,54526,49379,5147,1.048134353433266,11.103666942938077,10.055532589504809,4690.7,2021-11-29,2021-11-29,4655.27,-0.00755324365233323,2021-11-30,2021-11-30,4567.0,-0.026371330505041812,2021-12-01,2021-12-01,4513.04,-0.03787494403820324,2021-12-02,2021-12-02,4577.1,-0.02421813375402382,2021-12-03,2021-12-03,4538.43,-0.032462105869059954,-0.00755324365233323,-0.01896130621854386,-0.011815195971097037,0.014194423271231882,-0.00844858097922263,-0.025098436825361392,-0.0021697972728625947,0.515045267432523,2533.0,-0.4413458321068493,-0.9563910995393687,0.03261164515577164,155.0,0.2592866121117936,0.22667496695602551,0.5476569125882949,2688.0,0.024100232440105174,-0.5235566801481895,-0.5474532378893768,-2687.0,-0.02389655774117827,0.5235566801481966,-0.026371330505041812,-0.0008420917986654564,-0.012068561195557104,-0.008840897947001602,-0.08227769842454213,-0.15972456136610735,-0.14648559916430381,50.0,S&P 500 Index x $50,234535.0,17708096105.0,11900305900.0,5807790205.0,594077155.0,1281968310.0,80835536705.0,87850478555.0,-7014941850.0,36352925.0,-1079330070.0,102383205295.0,103590356940.0,-1207151645.0,630430080.0,202403705.0,12788255410.0,11581103765.0,1207151645.0,-630195545.0,-202403705.0
2021-11-30,S&P 500 Consolidated - CHICAGO MERCANTILE EXCHANGE,502143,85140,49195,35945,7.158319442867868,16.955329457943254,9.797010015075386,15695,3.1256036627016606,345829,384366,-38537,-7.674507062729143,68.87062052044935,76.5451275831785,446665,449256,-2591,-0.5159884734029948,88.95175278755255,89.46774126095555,55478,52886,2592,0.5161876198612746,11.04824721244745,10.532059592586176,4567.0,2021-12-06,2021-12-06,4591.67,0.005401795489380357,2021-12-07,2021-12-07,4686.75,0.02622071381650981,2021-12-08,2021-12-08,4701.21,0.02938690606525074,2021-12-09,2021-12-09,4667.45,0.02199474490913067,2021-12-10,2021-12-10,4712.02,0.031753886577622126,0.005401795489380357,0.020707063007576743,0.0030852936469836223,-0.007181129964413446,0.00954911139915815,0.02621050728819796,-0.026371330505041812,2.1155856184909547,11182.0,1.5799091961845804,-0.5356764223063752,-1.5836388849189635,-8627.0,-1.316504145835836,0.2671347390831329,0.5321458800302713,2556.0,0.05541973049062676,-0.476726149539644,-0.5319467335719915,-2555.0,-0.05541973049062676,0.4765270030813671,0.02622071381650981,0.014690168600832054,0.018005255090869143,0.048029340924020225,-0.05709218305233188,-0.09521567768776007,-0.13342894679220496,50.0,S&P 500 Index x $50,228350.0,19441719000.0,11233678250.0,8208040750.0,2553409700.0,2476455750.0,78970052150.0,87769976100.0,-8799923950.0,-1969975450.0,-1304563550.0,101995952750.0,102587607600.0,-591654850.0,583662600.0,1171892200.0,12668401300.0,12076518100.0,591883200.0,-583434250.0,-1171892200.0
2021-12-07,S&P 500 Consolidated - CHICAGO MERCANTILE EXCHANGE,502877,87588,54509,33079,6.577950472978482,17.417380393217428,10.839429920238945,15600,3.1021502275904442,346949,383534,-36585,-7.275138851051052,68.99281534053058,76.26795419158164,450137,453643,-3506,-0.6971883780725705,89.51234596133845,90.20953433941102,52740,49234,3506,0.6971883780725705,10.48765403866154,9.790465660588971,4686.75,2021-12-13,2021-12-13,4668.97,-0.0037936736544513794,2021-12-14,2021-12-14,4634.09,-0.011235931082306472,2021-12-15,2021-12-15,4709.85,0.00492878860617707,2021-12-16,2021-12-16,4668.67,-0.0038576838960899806,2021-12-17,2021-12-17,4620.64,-0.014105723582439778,-0.0037936736544513794,-0.007470598440341258,0.016348409288555077,-0.00874337823922211,-0.010287726483131143,-0.010351319455897068,0.02622071381650981,-0.5803689698893866,-2866.0,0.4620509352741742,1.042419905163559,0.399368211678091,1952.0,0.1221948200812335,-0.27717339159686105,-0.1811999046695757,-915.0,0.5605931737859038,0.7417930784554727,0.1810007582112959,914.0,-0.5605931737859091,-0.7415939319972047,-0.011235931082306472,-0.008005547554275405,0.02125140022403582,0.022785512348642456,-0.11010828399210548,-0.11224622606283663,-0.1590633167973542,50.0,S&P 500 Index x $50,234337.5,20525152950.0,12773502787.5,7751650162.5,-671611275.0,3179256862.5,81303161287.5,89876398725.0,-8573237437.5,457426800.0,-2156139337.5,105483979237.5,106305566512.5,-821587275.0,-214418812.5,1023117525.0,12358959750.0,11537372475.0,821587275.0,214184475.0,-1023351862.5
2021-12-14,S&P 500 Consolidated - CHICAGO MERCANTILE EXCHANGE,550927,88284,54729,33555,6.090643587988971,16.02462758223866,9.933983994249692,35893,6.515019231223011,361666,402373,-40707,-7.3888192083524675,65.64680983142958,73.03562903978204,485843,492996,-7153,-1.2983571326146657,88.18645664489124,89.4848137775059,65084,57931,7153,1.2983571326146657,11.813543355108754,10.515186222494087,4634.09,2021-12-20,2021-12-20,4568.02,-0.014257383866087991,2021-12-21,2021-12-21,4649.23,0.0032670923525437434,2021-12-22,2021-12-22,4696.56,0.013480532315945482,2021-12-23,2021-12-23,4725.79,0.019788135318908218,2021-12-24,2021-12-27,4791.19,0.03390093847983078,-0.014257383866087991,0.017777943178882483,0.010180180373954517,0.006223704157936716,0.01383895602639984,0.04885486490864732,-0.011235931082306472,-0.48730688498951036,476.0,-1.3927528109787666,-0.9054459259892536,-0.11368035730141557,-4122.0,-3.346005509101005,-3.2323251517996,-0.6011687545420952,-3647.0,-1.325889316447217,-0.7247205619051158,0.6011687545420952,3647.0,1.3258893164472134,0.7247205619051158,0.0032670923525437434,0.03285650472908386,0.0344080499083963,0.017043259841738045,-0.08019697502638068,-0.19391293652043873,-0.13259129624154908,50.0,S&P 500 Index x $50,231704.5,20455800078.0,12680955580.5,7774844497.5,110291342.0,2624053462.5,83799639697.0,93231634778.5,-9431995081.5,-955085949.0,-2465799289.0,112572009393.5,114229391682.0,-1657382288.5,-845026311.5,158022469.0,15080255678.0,13422873389.5,1657382288.5,845026311.5,-157790764.5
2021-12-21,S&P 500 Consolidated - CHICAGO MERCANTILE EXCHANGE,452425,82869,55593,27276,6.028844559871803,18.316627065259436,12.287782505387632,8844,1.9547991379786707,307607,343044,-35437,-7.832679449632536,67.9907166933746,75.82339614300713,399320,407481,-8161,-1.803834889760734,88.26214289661269,90.06597778637342,53105,44944,8161,1.803834889760734,11.737857103387302,9.934022213626568,4649.23,2021-12-27,2021-12-27,4791.19,0.030534088440451468,2021-12-28,2021-12-28,4786.35,0.029493055839354243,2021-12-29,2021-12-29,4793.06,0.030936305581784618,2021-12-30,2021-12-30,4778.73,0.027854074760766734,2021-12-31,2021-12-31,4766.18,0.02515470303684708,0.030534088440451468,-0.0010101874482121298,0.0014019033292591576,-0.002989739331450192,-0.0026262207741385435,-0.005219997537146193,0.0032670923525437434,-0.06179902811716875,-6279.0,2.291999483020774,2.3537985111379403,-0.44386024128006873,5270.0,2.3439068619450154,2.787767103225093,-0.5054777571460682,-1008.0,0.07568625172145005,0.5811640088675176,0.5054777571460682,1008.0,-0.07568625172145182,-0.5811640088675194,0.029493055839354243,0.031039548484372848,0.013731306044226788,-0.015512246113872585,-0.029600600529550047,-0.1902336515939198,-0.17801012210624123,50.0,S&P 500 Index x $50,232461.49999999997,19263852043.499996,12923232169.499998,6340619873.999999,-1459625758.4999998,584175749.4999999,71506784630.49998,79744522805.99998,-8237738175.499999,1225072104.9999998,-1284814710.4999998,92826526179.99998,94723644481.49998,-1897118301.4999998,-234321191.99999997,-700638960.9999999,12344867957.499998,10447749655.999998,1897118301.4999998,234321191.99999997,700638960.9999999
2021-12-28,S&P 500 Consolidated - CHICAGO MERCANTILE EXCHANGE,457570,80723,60064,20659,4.514937605175164,17.64167231243307,13.126734707257906,8384,1.8322879559411673,316531,344086,-27555,-6.0220294162641785,69.17651943964857,75.19854885591276,405638,412534,-6896,-1.5070918110890137,88.65047970802281,90.15757151911184,51933,45036,6897,1.5073103568852853,11.349738837773456,9.84242848088817,4786.35,2022-01-03,2022-01-03,4796.56,0.0021331494771590354,2022-01-04,2022-01-04,4793.54,0.0015021885152568526,2022-01-05,2022-01-05,4700.58,-0.017919709172960707,2022-01-06,2022-01-06,4696.05,-0.01886615061581376,2022-01-07,2022-01-07,4677.03,-0.022839951110971923,0.0021331494771590354,-0.000629617892823231,-0.01939276609770646,-0.0009637108612128298,-0.0040502124125595396,-0.02491994262554842,0.029493055839354243,-1.5139069546966386,-6617.0,-0.6749547528263662,0.8389522018702742,1.8106500333683577,7882.0,1.1858027462739784,-0.6248472870943687,0.29674307867172023,1265.0,0.3883368114101273,0.09159373273841709,-0.29652453287544867,-1264.0,-0.388118265613846,-0.09159373273839755,0.0015021885152568526,-0.015310205062312732,-0.04371598399615584,-0.08981791970917308,-0.03233152611071066,-0.2015732238553386,-0.19996448232995923,50.0,S&P 500 Index x $50,239317.50000000003,19318426552.500004,14374366320.000002,4944060232.500001,-1583563897.5000002,-3658207305.0000005,75751407592.50002,82345801305.00002,-6594393712.500001,1886300535.0000002,2628184785.0000005,97076272065.00002,98726605545.00002,-1650333480.0000002,302736637.50000006,-1030261837.5000001,12428475727.500002,10777902930.000002,1650572797.5000002,-302497320.00000006,1030261837.5000001
2022-01-04,S&P 500 Consolidated - CHICAGO MERCANTILE EXCHANGE,459458,81541,59735,21806,4.746026840320551,17.74721519703651,13.001188356715957,8611,1.8741647767587026,315568,346039,-30471,-6.631944595588715,68.68266522728955,75.31460982287827,405721,414386,-8665,-1.8859177552681639,88.30426284883494,90.1901806041031,53737,45072,8665,1.8859177552681639,11.69573715116507,9.809819395896904,4793.54,2022-01-10,2022-01-10,4670.29,-0.0257116869787255,2022-01-11,2022-01-11,4713.07,-0.016787176074466892,2022-01-12,2022-01-12,4726.35,-0.014016780917651572,2022-01-13,2022-01-13,4659.03,-0.028060681667410714,2022-01-14,2022-01-14,4662.85,-0.02726377583163997,-0.0257116869787255,0.009160030747555226,0.002817696321081753,-0.014243549462058636,0.0008199131578892072,-0.0015930488256616915,0.0015021885152568526,0.23108923514538748,1147.0,0.10554288460344097,-0.12554635054194918,-0.6099151793245365,-2916.0,-0.49385421235902527,0.11606096696550594,-0.37882594417915016,-1769.0,-0.3462168591878765,0.03260908499126458,0.3786073983828786,1768.0,0.3459983133916129,-0.03260908499126636,-0.016787176074466892,-0.04515034817692154,-0.09118313396779831,-0.051527681004017944,-0.05599619487894125,-0.2007180497085661,-0.20223050188378533,50.0,S&P 500 Index x $50,239677.0,19543502257.0,14317105595.0,5226396662.0,274909519.0,-2701878821.0,75634391536.0,82937589403.0,-7303197867.0,-698898132.0,1465385178.0,97241992117.0,99318793322.0,-2076801205.0,-423988613.0,-1236493643.0,12879522949.0,10802721744.0,2076801205.0,423748936.0,1236493643.0
2022-01-11,S&P 500 Consolidated - CHICAGO MERCANTILE EXCHANGE,456734,77945,62464,15481,3.389500234272027,17.065731913980567,13.67623167970854,8488,1.858412117337444,314238,341009,-26771,-5.861398538317708,68.8010964806649,74.6624950189826,400672,411962,-11290,-2.471898304045681,87.72545945780257,90.19735776184825,56063,44773,11290,2.471898304045681,12.274759488017095,9.802861183971414,4713.07,2022-01-17,2022-01-18,4577.11,-0.02884743914263954,2022-01-18,2022-01-18,4577.11,-0.02884743914263954,2022-01-19,2022-01-19,4532.76,-0.038257441540227366,2022-01-20,2022-01-20,4482.73,-0.048872603207675724,2022-01-21,2022-01-21,4397.94,-0.06686300012518387,-0.02884743914263954,0.0,-0.009689520243122751,-0.01103742532143781,-0.01891481307149878,-0.039144787868327424,-0.016787176074466892,-1.3565266060485244,-6325.0,-0.6814832830559432,0.6750433229925825,0.770546057271007,3700.0,0.11843125337534843,-0.652114803895671,-0.5859805487775172,-2625.0,-0.5788033910323662,0.007177157745147156,0.5859805487775172,2625.0,0.5790223368520255,-0.006958211925489621,-0.02884743914263954,-0.07566617936928577,-0.03533365725524973,-0.04063805545005694,-0.06696696632980204,-0.18974256694680958,-0.1684294950000742,50.0,S&P 500 Index x $50,235653.5,18368012057.5,14719860224.0,3648151833.5,-1490508387.5,-4259201359.0,74051284533.0,80359964381.5,-6308679848.5,871917950.0,3284067176.0,94419759152.0,97080287167.0,-2660528015.0,-618590437.5,-974898529.5,13211442170.5,10550914155.5,2660528015.0,618590437.5,974898529.5
2022-01-18,S&P 500 Consolidated - CHICAGO MERCANTILE EXCHANGE,461996,81674,56628,25046,5.421259058519987,17.678508039030643,12.257248980510655,10293,2.227941367457727,311618,349319,-37701,-8.160460263725227,67.45036753564966,75.61082779937489,403585,416240,-12655,-2.73920120520524,87.35681694213802,90.09601814734327,58411,45756,12655,2.73920120520524,12.643183057861973,9.903981852656733,4577.11,2022-01-24,2022-01-24,4410.13,-0.03648153529191989,2022-01-25,2022-01-25,4356.45,-0.0482094596808903,2022-01-26,2022-01-26,4349.93,-0.04963393931978899,2022-01-27,2022-01-27,4326.51,-0.05475070513926894,2022-01-28,2022-01-28,4431.85,-0.03173618287522029,-0.03648153529191989,-0.012171976789799865,-0.0014966314315554285,-0.005383994684971971,0.024347568825681787,0.004925024885887863,-0.02884743914263954,2.03175882424796,9565.0,0.6127761250500754,-1.4189826991978851,-2.299061725407519,-10930.0,-1.3507289450152342,0.9483327803922919,-0.2673029011595589,-1365.0,-0.368642515664547,-0.10133961450497964,0.2673029011595589,1365.0,0.3684235698448788,0.10112066868531855,-0.0482094596808903,-0.006678886895879699,-0.01214084870147314,-0.023167457194605334,-0.02510317645850757,-0.13991798318152715,-0.12805897170922265,50.0,S&P 500 Index x $50,228855.49999999997,18691544106.999996,12959629253.999998,5731914852.999999,2189002857.4999995,-510347764.99999994,71315493198.99998,79943574404.49998,-8628081205.499998,-2501390614.9999995,-518128851.99999994,92362646967.49998,95258813319.99998,-2896166352.4999995,-312387757.49999994,-1028476616.9999999,13367678610.499998,10471512257.999998,2896166352.4999995,312387757.49999994,1028476616.9999999
2022-01-25,S&P 500 Consolidated - CHICAGO MERCANTILE EXCHANGE,475771,92496,47126,45370,9.53610035079902,19.44128582868649,9.905185477887471,9729,2.0448913447856216,316254,374081,-57827,-12.154376790514764,66.47189509238687,78.62627188290165,418480,430937,-12457,-2.618276439715746,87.95828245101109,90.57655889072684,57292,44834,12458,2.6184866248678462,12.041927734141005,9.42344110927316,4356.45,2022-01-31,2022-01-31,4515.55,0.036520561466331536,2022-02-01,2022-02-01,4546.54,0.04363415166018214,2022-02-02,2022-02-02,4589.38,0.0534678465264149,2022-02-03,2022-02-03,4477.44,0.02777261302207057,2022-02-04,2022-02-04,4500.53,0.033072800100999666,0.036520561466331536,0.006862951356977565,0.009422549895085064,-0.024391094221877574,0.005156964694110977,-0.0033262836199356993,-0.0482094596808903,4.114841292279032,20324.0,1.7627777896558463,-2.3520635026231833,-3.993916526789537,-20126.0,-0.9784724432627883,3.0154440835267593,0.12092476548949405,198.0,0.601465508873062,0.4805407433835711,-0.12071458033739368,-197.0,-0.6012553237209683,-0.4805407433835729,0.04363415166018214,0.037895534207898596,0.026310413295228985,-0.01186516544434102,-0.041604976529054594,-0.09994376154896756,-0.07793042500200853,50.0,S&P 500 Index x $50,217822.5,20147709960.0,10265103135.0,9882606825.0,4427024490.0,5382611797.5,68887236915.0,81483258622.5,-12596021707.5,-4383895635.0,-6593922720.0,91154359800.0,93867774682.5,-2713414882.5,43128855.0,-1211310922.5,12479486670.0,9765853965.0,2713632705.0,-42911032.5,1211310922.5
2022-02-01,S&P 500 Consolidated - CHICAGO MERCANTILE EXCHANGE,456794,80698,48948,31750,6.95061668936107,17.666168995214473,10.715552305853404,9917,2.171000494752558,311544,350852,-39308,-8.605191837020627,68.20229687780488,76.8074887148255,402160,409718,-7558,-1.6545751476595576,88.03968528483298,89.69426043249254,54634,47076,7558,1.6545751476595576,11.960314715167012,10.305739567507455,4546.54,2022-02-07,2022-02-07,4483.87,-0.013784108354924829,2022-02-08,2022-02-08,4521.54,-0.005498686913565032,2022-02-09,2022-02-09,4587.18,0.008938665446691418,2022-02-10,2022-02-10,4504.08,-0.009338969853998846,2022-02-11,2022-02-11,4418.64,-0.02813128224979866,-0.013784108354924829,0.008401224834796661,0.014517177775713597,-0.018115705073705524,-0.0189694676826343,-0.014547700981518141,0.04363415166018214,-2.5854836614379497,-13620.0,-1.7751168334720155,0.8103668279659324,3.5491849534941373,18519.0,1.7304017854180103,-1.818783168076152,0.9637012920561883,4899.0,0.0814028338218975,-0.8822984582343025,-0.9639114772082886,-4900.0,-0.08161301897399298,0.8822984582342954,-0.005498686913565032,-0.01659943605467018,-0.053178900878470214,-0.052848979663656315,-0.08161371064589784,-0.10015308344367368,-0.10336211712643018,50.0,S&P 500 Index x $50,227327.0,18344834246.0,11127201996.0,7217632250.0,-3096193740.0,2260539688.0,70822362888.0,79758132604.0,-8935769716.0,4209868713.0,-2008888699.0,91421826320.0,93139963786.0,-1718137466.0,1113674973.0,251650989.0,12419783318.0,10701645852.0,1718137466.0,-1113902300.0,-251650989.0
2022-02-08,S&P 500 Consolidated - CHICAGO MERCANTILE EXCHANGE,445982,78331,42814,35517,7.963774322730514,17.56371333372199,9.599939010991475,10233,2.294487221457368,305275,345368,-40093,-8.98982470144535,68.45007197599902,77.43989667744438,393838,398414,-4576,-1.026050378714836,88.30804830688234,89.33409868559717,52144,47568,4576,1.026050378714836,11.691951693117659,10.665901314402824,4521.54,2022-02-14,2022-02-14,4401.67,-0.026510879036788282,2022-02-15,2022-02-15,4471.07,-0.011162126178249077,2022-02-16,2022-02-16,4475.01,-0.010290741649968793,2022-02-17,2022-02-17,4380.26,-0.03124599141000628,2022-02-18,2022-02-18,4348.87,-0.03818831637008635,-0.026510879036788282,0.015766743077059386,0.0008812208263346832,-0.021173137043269175,-0.007166241273349194,-0.011995447182546637,-0.005498686913565032,1.0131576333694445,3767.0,-0.10245566149248475,-1.1156132948619284,-0.38463286442472366,-785.0,0.2477750981941398,0.6324079626188848,0.6285247689447215,2982.0,0.2683630220493569,-0.36016174689537195,-0.6285247689447215,-2982.0,-0.26836302204935336,0.3601617468953684,-0.011162126178249077,-0.04794384214227887,-0.047612096763491984,-0.07759303246239113,-0.11511343480318648,-0.08825975220831839,-0.07907482848763914,50.0,S&P 500 Index x $50,226077.0,17708837487.0,9679260678.0,8029576809.0,851632059.0,4529678772.0,69015656175.0,78079761336.0,-9064105161.0,-177470445.0,-3011797794.0,89037713526.0,90072241878.0,-1034528352.0,674161614.0,1517880978.0,11788559088.0,10754030736.0,1034528352.0,-674161614.0,-1517880978.0
2022-02-15,S&P 500 Consolidated - CHICAGO MERCANTILE EXCHANGE,454053,86292,47268,39024,8.594591380301418,19.00482983264068,10.410238452339264,12115,2.6681907178236903,305039,346163,-41124,-9.057092453964625,67.18136429007187,76.23845674403648,403447,405547,-2100,-0.46250107366320675,88.85460507914274,89.31710615280595,50606,48506,2100,0.46250107366320675,11.145394920857257,10.68289384719405,4471.07,2022-02-21,2022-02-22,4304.76,-0.037196912595866216,2022-02-22,2022-02-22,4304.76,-0.037196912595866216,2022-02-23,2022-02-23,4225.5,-0.05492421277233406,2022-02-24,2022-02-24,4288.7,-0.040788893933666914,2022-02-25,2022-02-25,4384.65,-0.019328706551228203,-0.037196912595866216,0.0,-0.018412176288573612,0.014956809844988816,0.022372746986266234,0.018558525910852053,-0.011162126178249077,0.630817057570904,3507.0,1.4411164989186922,0.8102994413477891,-0.06726775251927464,-1031.0,-1.2687076859271542,-1.2014399334078973,0.5635493050516294,2476.0,0.5465567722604021,-0.016992532791221038,-0.5635493050516294,-2476.0,-0.5465567722604021,0.016992532791226367,-0.037196912595866216,-0.03686142243355606,-0.06718078670206462,-0.04665997177409431,-0.08548736655878786,-0.037098502148255275,-0.07491271664277221,50.0,S&P 500 Index x $50,223553.5,19290878622.0,10566926838.0,8723951784.0,784002124.5,3124830823.0,68192536086.5,77385950220.5,-9193414134.0,-230483658.5,-765223630.5,90191988914.5,90661451264.5,-469462350.0,553518466.0,2359607192.5,11313148421.0,10843686071.0,469462350.0,-553518466.0,-2359607192.5
2022-02-22,S&P 500 Consolidated - CHICAGO MERCANTILE EXCHANGE,474833,92253,44964,47289,9.959080350354755,19.428514867332307,9.469434516977548,13026,2.743280269063018,318727,366635,-47908,-10.089441972230237,67.1240204450828,77.21346241731304,424005,424625,-620,-0.13057222223392223,89.29560498111968,89.4261772033536,50828,50208,620,0.13057222223392223,10.704395018880323,10.5738227966464,4304.76,2022-02-28,2022-02-28,4373.94,0.01607058233211589,2022-03-01,2022-03-01,4306.26,0.00034845148161566364,2022-03-02,2022-03-02,4386.54,0.01899757477768782,2022-03-03,2022-03-03,4363.49,0.013643037010193204,2022-03-04,2022-03-04,4328.87,0.005600776814502995,0.01607058233211589,-0.015473463284818578,0.018642627244987553,-0.005254711002293466,-0.00793401612012401,-0.010304210848799844,-0.037196912595866216,1.364488970053337,8265.0,0.4236850346916263,-0.9408039353617159,-1.0323495182656117,-6784.0,-0.057343844989063086,0.9750056732765557,0.3319288514292845,1480.0,0.4409999019769373,0.10907105054765509,-0.3319288514292845,-1480.0,-0.44099990197693373,-0.10907105054764976,0.00034845148161566364,-0.03114227041693396,-0.009828654791440239,0.04805145931480492,-0.08439030282756765,-0.040891942872541276,-0.07141396965219893,50.0,S&P 500 Index x $50,215238.0,19856351214.0,9677961432.0,10178389782.0,1778942070.0,413041722.0,68602162026.0,78913784130.0,-10311622104.0,-1460174592.0,2134945722.0,91261988190.0,91395435750.0,-133447560.0,318552240.0,2547772206.0,10940117064.0,10806669504.0,133447560.0,-318552240.0,-2547987444.0
2022-03-01,S&P 500 Consolidated - CHICAGO MERCANTILE EXCHANGE,477498,86433,54229,32204,6.7443214421840505,18.101227649121043,11.356906206936992,12657,2.6506917306459923,328889,359860,-30971,-6.486100465342264,68.87756597933394,75.3636664446762,427978,426745,1233,0.2582209768417878,89.62927593414004,89.37105495729824,49520,50753,-1233,-0.2582209768417878,10.370724065859962,10.62894504270175,4306.26,2022-03-07,2022-03-07,4201.09,-0.024422584795158686,2022-03-08,2022-03-08,4170.7,-0.031479752732069266,2022-03-09,2022-03-09,4277.88,-0.006590405595574889,2022-03-10,2022-03-10,4259.52,-0.010853966086580846,2022-03-11,2022-03-11,4204.31,-0.023674836168740332,-0.024422584795158686,-0.007233836932796112,0.025698324022346508,-0.0042918454935622075,-0.012961554353542182,0.0007664677500363037,0.00034845148161566364,-3.2147589081707046,-15085.0,-1.3272872182112643,1.887471689959444,3.603341506887973,16937.0,1.7535455342511312,-1.8497959726368407,0.38879319907571,1853.0,0.3336709530203592,-0.05512224605536176,-0.38879319907571,-1853.0,-0.333670953020361,0.05512224605534932,-0.031479752732069266,-0.010173561280554466,0.0476863914394392,0.07555047767668466,-0.04043183644276016,-0.07433364450822766,-0.07805148783399052,50.0,S&P 500 Index x $50,215313.0,18610148529.0,11676208677.0,6933939852.0,-3247996605.0,97752102.0,70814077257.0,77482536180.0,-6668458923.0,3646756281.0,1795064481.0,92149227114.0,91883746185.0,265480929.0,398974989.0,1892816583.0,10662299760.0,10927780689.0,-265480929.0,-398974989.0,-1892816583.0
2022-03-08,S&P 500 Consolidated - CHICAGO MERCANTILE EXCHANGE,487109,79736,54206,25530,5.2411267293357335,16.36923152723518,11.128104797899443,15106,3.1011539511690405,344107,368243,-24136,-4.95494848175665,70.64271035846187,75.59765884021851,438949,437555,1394,0.28617824757908394,90.11309583686608,89.82691758928699,48160,49553,-1393,-0.2859729547185537,9.886904163133918,10.172877117852472,4170.7,2022-03-14,2022-03-14,4173.11,0.0005778406502505717,2022-03-15,2022-03-15,4262.45,0.02199870525331482,2022-03-16,2022-03-16,4357.86,0.04487496103771549,2022-03-17,2022-03-17,4411.67,0.0577768719879157,2022-03-18,2022-03-18,4463.12,0.07011293068309876,0.0005778406502505717,0.021408493905025416,0.022383840279651235,0.012347803738532281,0.011662250349640857,0.06949493303555387,-0.031479752732069266,-1.503194712848317,-6674.0,-1.7319961218858637,-0.22880140903754942,1.5311519835856142,6835.0,1.765144379127932,0.233992395542316,0.027957270737296147,161.0,0.48381990272604014,0.4558626319887509,-0.02775197787676592,-160.0,-0.4838199027260437,-0.45606792484927716,0.02199870525331482,0.08173927638046363,0.11050902726161094,0.08497854077253231,-0.002402474404776034,-0.06294147265447037,-0.04419641786750428,50.0,S&P 500 Index x $50,208535.0,16627746760.0,11303848210.0,5323898550.0,-1391762590.0,-2082639045.0,71758353245.0,76791554005.0,-5033200760.0,1425336725.0,3327592995.0,91536229715.0,91245531925.0,290697790.0,33574135.0,1244953950.0,10043045600.0,10333534855.0,-290489255.0,-33365600.0,-1244745415.0
2022-03-15,S&P 500 Consolidated - CHICAGO MERCANTILE EXCHANGE,516552,75700,55260,20440,3.9570072325729067,14.654865337855627,10.69785810528272,24396,4.722854620638387,363716,386093,-22377,-4.331993681178274,70.41227214297882,74.74426582415711,463812,465748,-1936,-0.37479285725348077,89.78999210147283,90.16478495872632,52739,50803,1936,0.37479285725348077,10.20981430717527,9.83502144992179,4262.45,2022-03-21,2022-03-21,4461.18,0.04662342080259019,2022-03-22,2022-03-22,4511.61,0.05845464462926242,2022-03-23,2022-03-23,4456.24,0.04546446292625128,2022-03-24,2022-03-24,4520.16,0.06046053326138723,2022-03-25,2022-03-25,4543.06,0.06583303029947585,0.04662342080259019,0.011304184094790948,-0.012272780670315009,0.014343931206577842,0.005066192347173759,0.018353888433105148,0.02199870525331482,-1.2841194967628269,-5090.0,-1.714366189379552,-0.43024669261672344,0.6229548005783752,1759.0,-0.23043821548304777,-0.8533930160614034,-0.6609711048325647,-3330.0,-0.32310373539324644,0.33786736943932283,0.6607658119720345,3329.0,0.32291014404135154,-0.33785566793068256,0.05845464462926242,0.08660512146770061,0.061624183274877176,0.03167192577039035,-0.12363077572757453,-0.07736395734847323,-0.08050768923975649,50.0,S&P 500 Index x $50,213122.5,16133373250.0,11777149350.0,4356223900.0,-1084793525.0,-3960668540.0,77516063210.0,82285105392.5,-4769042182.5,374882477.5,3995407507.5,98848772970.0,99261378130.0,-412605160.0,-709697925.0,34952090.0,11239867527.5,10827262367.5,412605160.0,709484802.5,-34952090.0
2022-03-22,S&P 500 Consolidated - CHICAGO MERCANTILE EXCHANGE,422337,56830,67664,-10834,-2.565250025453607,13.45607891328489,16.021328938738495,10762,2.548202028238113,305773,294666,11107,2.629890348229021,72.40023961907197,69.77034927084296,373365,373092,273,0.06464032277541394,88.40452056059497,88.33988023781956,48973,49246,-273,-0.06464032277541394,11.59571621714413,11.660356539919544,4511.61,2022-03-28,2022-03-28,4575.52,0.014165674781286608,2022-03-29,2022-03-29,4631.6,0.02659582721024223,2022-03-30,2022-03-30,4602.45,0.020134719091410958,2022-03-31,2022-03-31,4530.41,0.004167026848508559,2022-04-01,2022-04-01,4545.86,0.007591524976671371,0.014165674781286608,0.012256530405287291,-0.006293721392175655,-0.015652532890091164,0.0034102873691344016,-0.006482323320628258,0.05845464462926242,-6.522257258026514,-31274.0,-1.1987864245707378,5.323470833455776,6.961884029407296,33484.0,1.9879674760931465,-4.9739165533141545,0.4394331800288947,2209.0,-1.3854715408778588,-1.8249047209067584,-0.4394331800288947,-2209.0,1.3859019099688599,1.825335089997754,0.02659582721024223,0.002994496421454995,-0.025303605586475708,-0.010949527995549158,-0.16553292505336226,-0.14533171085266672,-0.11276240632501477,50.0,S&P 500 Index x $50,225580.49999999997,12819739814.999998,15263678951.999998,-2443939136.9999995,-7054804556.999999,-13111415401.499998,68976426226.49998,66470903612.99999,2505522613.4999995,7553337461.999999,13312633207.499998,84223863382.49998,84162279905.99998,61583476.49999999,498307324.49999994,201443386.49999997,11047353826.499998,11108937302.999998,-61583476.49999999,-498307324.49999994,-201443386.49999997
2022-03-29,S&P 500 Consolidated - CHICAGO MERCANTILE EXCHANGE,424010,57387,67558,-10171,-2.398764180090092,13.534350604938563,15.933114785028653,10416,2.4565458361831087,308367,296703,11664,2.750878517016108,72.72635079361336,69.97547227659724,376170,374677,1493,0.3521143369260159,88.71724723473503,88.36513289780902,47840,49333,-1493,-0.3521143369260159,11.28275276526497,11.634867102190986,4631.6,2022-04-04,2022-04-04,4582.64,-0.010570861041540702,2022-04-05,2022-04-05,4525.12,-0.022989895500475144,2022-04-06,2022-04-06,4481.15,-0.03248337507556798,2022-04-07,2022-04-07,4500.21,-0.02836816650833407,2022-04-08,2022-04-08,4488.28,-0.0309439502547717,-0.010570861041540702,-0.012551716914267819,-0.009716869386889204,0.004253372460194527,-0.0026509873983658894,-0.020590751182724465,0.02659582721024223,0.16648584536351496,663.0,0.07827169165367387,-0.08821415370984198,0.12098816878708707,557.0,0.3261111745413956,0.2051230057542881,0.287474014150602,1220.0,0.31272667414005184,0.025252659989462245,-0.287474014150602,-1220.0,-0.31296345187915975,-0.025489437728557718,-0.022989895500475144,-0.05055488384143725,-0.03657267466966063,-0.09854046117972204,-0.17489636410743592,-0.2125205112704034,-0.14257060195180937,50.0,S&P 500 Index x $50,231580.00000000003,13289681460.000002,15645081640.000002,-2355400180.0000005,153537540.00000003,-9813202500.000002,71411629860.00002,68710480740.00001,2701149120.0000005,128990060.00000001,9873413300.000002,87113448600.00002,86767699660.00002,345748940.00000006,282527600.00000006,60210800.00000001,11078787200.000002,11424536140.000002,-345748940.00000006,-282527600.00000006,-60210800.00000001
2022-04-05,S&P 500 Consolidated - CHICAGO MERCANTILE EXCHANGE,424471,58837,65169,-6332,-1.4917391294104898,13.861253183374128,15.352992312784618,11152,2.627270178645891,303690,299681,4009,0.9444697046441335,71.54552372246867,70.60105401782454,373679,376002,-2323,-0.5472694247663562,88.03404708448869,88.58131650925505,50792,48469,2323,0.5472694247663562,11.965952915511307,11.41868349074495,4525.12,2022-04-11,2022-04-11,4412.53,-0.024881108125309415,2022-04-12,2022-04-12,4397.45,-0.02821361643448128,2022-04-13,2022-04-13,4446.59,-0.017354235909765925,2022-04-14,2022-04-14,4392.59,-0.029287621101760752,2022-04-15,2022-04-18,4391.69,-0.02948651085496079,-0.024881108125309415,-0.003417540503973915,0.011174658040455254,-0.012144137417661627,-0.000204890508788802,-0.004722914065173556,-0.022989895500475144,0.9070250506796023,3839.0,0.3269025784355648,-0.5801224722440352,-1.8064088123719744,-7655.0,-1.1808270711446909,0.6255817412272933,-0.8993837616923721,-3816.0,-0.6832001502463356,0.21618361144602716,0.8993837616923721,3816.0,0.6832001502463374,-0.21618361144603604,-0.02821361643448128,-0.01390239374867408,-0.07732833604412703,-0.07726645923202047,-0.15330643165264124,-0.16224763100205075,-0.0938140866982532,50.0,S&P 500 Index x $50,226256.0,13312224272.0,14744877264.0,-1432652992.0,868596784.0,-7208968672.0,68711684640.0,67804624336.0,907060304.0,-1731989680.0,6367975120.0,84547115824.0,85072708512.0,-525592688.0,-863392896.0,-840993552.0,11491994752.0,10966402064.0,525592688.0,863392896.0,840767296.0
2022-04-12,S&P 500 Consolidated - CHICAGO MERCANTILE EXCHANGE,431393,62851,50258,12593,2.919147969484901,14.569313827530813,11.650165858045911,11749,2.7235026993947513,307681,320711,-13030,-3.0204477124107254,71.32266865711776,74.34311636952849,382280,382717,-437,-0.10129974292582401,88.61525337685127,88.7165531197771,49113,48676,437,0.10129974292582401,11.384746623148729,11.283446880222906,4397.45,2022-04-18,2022-04-18,4391.69,-0.0013098500267201274,2022-04-19,2022-04-19,4462.21,0.014726716619859248,2022-04-20,2022-04-20,4459.45,0.014099080148722631,2022-04-21,2022-04-21,4393.66,-0.0008618631252202968,2022-04-22,2022-04-22,4271.78,-0.028577925843386476,-0.0013098500267201274,0.016057599693967584,-0.0006185275905885579,-0.01475294038502506,-0.02773997077607282,-0.027303839751894987,-0.02821361643448128,4.41088709889539,18925.0,0.708060644156685,-3.702826454738707,-3.964917417054859,-17039.0,-0.22285506535091315,3.74206235170395,0.4459696818405322,1886.0,0.5812062923625803,0.13523661052205682,-0.4459696818405322,-1886.0,-0.5812062923625785,-0.1352366105220444,0.014726716619859248,-0.050540654242799854,-0.05047698097761211,-0.09014315114441318,-0.13158762464610163,-0.18388156772675068,-0.06560847764045075,50.0,S&P 500 Index x $50,219872.5,13819206497.5,11050352105.0,2768854392.5,4161087062.5,-1725339507.5,67650590672.5,70515529347.5,-2864938675.0,-3746407527.5,2055148257.5,84052859300.0,84148943582.5,-96084282.5,414679535.0,329588877.5,10798598092.5,10702513810.0,96084282.5,-414679535.0,-329588877.5
2022-04-19,S&P 500 Consolidated - CHICAGO MERCANTILE EXCHANGE,431759,62984,49298,13686,3.169823906392223,14.58776771300656,11.417943806614337,11105,2.572036714926614,307608,320797,-13189,-3.0547133933513835,71.2453011981221,74.30001459147348,381697,381200,497,0.11511051304083991,88.40510562605527,88.28999511301444,50063,50559,-496,-0.11487890235061689,11.595125984634947,11.710004886985564,4462.21,2022-04-25,2022-04-25,4296.12,-0.037221466493060684,2022-04-26,2022-04-26,4175.2,-0.06432014629522143,2022-04-27,2022-04-27,4183.96,-0.0623569935077013,2022-04-28,2022-04-28,4287.5,-0.039153244692652356,2022-04-29,2022-04-29,4131.93,-0.07401713500709284,-0.037221466493060684,-0.02814632738377887,0.002098103084882119,0.02474689050564538,-0.03628454810495618,-0.03821820619535754,0.014726716619859248,0.25067593690732215,1093.0,0.018453885475747,-0.23222205143157382,-0.03426568094065807,-159.0,-0.07736745899565278,-0.04310177805500359,0.2164102559666639,934.0,-0.210147750795997,-0.42655800676266153,-0.2161786452764409,-933.0,0.21037936148621839,0.426558006762658,-0.06432014629522143,-0.06425739711936473,-0.10334789263616007,-0.08367154392106158,-0.11777123891524599,-0.16633685998641934,-0.06887618467082457,50.0,S&P 500 Index x $50,223110.5,14052391732.0,10998901429.0,3053490303.0,243859776.5,5470669460.0,68630574684.0,71573179068.5,-2942604384.5,-35474569.5,-5420692708.0,85160608518.5,85049722600.0,110885918.5,208385207.0,49976752.0,11169580961.5,11280243769.5,-110662808.0,-208162096.5,-49753641.5
2022-04-26,S&P 500 Consolidated - CHICAGO MERCANTILE EXCHANGE,438339,72520,47970,24550,5.600688051941534,16.54427281168228,10.943584759740748,12334,2.813803928010056,303028,328198,-25170,-5.742131090320505,69.13096940952094,74.87310049984146,387882,388502,-620,-0.14144303837897151,88.48904614921328,88.63048918759226,50457,49838,619,0.1412149044461022,11.51095385078672,11.369738946340616,4175.2,2022-05-02,2022-05-02,4155.38,-0.004747077984288084,2022-05-03,2022-05-03,4175.48,6.706265568112713e-05,2022-05-04,2022-05-04,4300.17,0.029931500287411428,2022-05-05,2022-05-05,4146.87,-0.006785303698026435,2022-05-06,2022-05-06,4123.34,-0.012420961870090008,-0.004747077984288084,0.004837102743912469,0.0298624349775356,-0.03564975338184306,-0.005674159064547379,-0.007710486164923536,-0.06432014629522143,2.4308641455493105,10864.0,1.95650509867572,-0.4743590468735892,-2.687417696969122,-11981.0,-2.114331788601163,0.5730859083679718,-0.2565535514198114,-1117.0,0.08394052315800593,0.3404940745778191,0.2560938067967191,1115.0,-0.0841721338482273,-0.3402659406449473,6.706265568112713e-05,-0.04171057673883882,-0.020681643993102128,-0.05597815673500661,-0.06087133550488588,-0.07570655297949791,-0.024805997317493667,50.0,S&P 500 Index x $50,208760.0,15139275200.0,10014217200.0,5125058000.0,2267968640.0,7248355960.0,63260125280.0,68514614480.0,-5254489200.0,-2501153560.0,-7689465840.0,80974246320.0,81103677520.0,-129431200.0,-233184920.0,-441109880.0,10533403320.0,10404180880.0,129222440.0,232767400.0,440901120.0
2022-05-03,S&P 500 Consolidated - CHICAGO MERCANTILE EXCHANGE,441735,72190,61748,10442,2.3638606857052302,16.342377217109807,13.978516531404575,11938,2.7025252696752577,308604,320363,-11759,-2.6620032372349938,69.86179496757106,72.52379820480604,392731,394049,-1318,-0.298368931599262,88.90647107428661,89.20484000588587,49003,47685,1318,0.298368931599262,11.093302545643882,10.794933614044618,4175.48,2022-05-09,2022-05-09,3991.24,-0.04412426834759109,2022-05-10,2022-05-10,4001.05,-0.04177483786295211,2022-05-11,2022-05-11,3935.18,-0.05755026966959487,2022-05-12,2022-05-12,3930.08,-0.05877168612949879,2022-05-13,2022-05-13,4023.89,-0.036304808069970274,-0.04412426834759109,0.00245788276325154,-0.016463178415666024,-0.0012960017076728558,0.02386974310955492,0.008180415109088957,6.706265568112713e-05,-3.2368273662363034,-14108.0,-0.2018955945724734,3.0349317716638264,3.0801278530855116,13411.0,0.730825558050114,-2.3493022950354145,-0.15692589322029046,-698.0,0.41742492507333395,0.5743508182936097,0.15715402715315976,699.0,-0.4176513051428383,-0.5748053322959983,-0.04177483786295211,-0.02074731527872231,-0.05604146110147801,-0.010377250040713881,-0.020186900667707564,-0.0764894096008123,-0.013387682374241927,50.0,S&P 500 Index x $50,208773.99999999997,15071395059.999998,12891376951.999998,2180018107.9999995,-2945383591.9999995,3501975075.9999995,64428491495.99999,66883464961.99999,-2454973465.9999995,2799868113.9999995,-3291948431.9999995,81992021793.99998,82267185925.99998,-275164131.99999994,-145724251.99999997,209817869.99999997,10230552321.999998,9955388189.999998,275164131.99999994,145933025.99999997,-209817869.99999997
2022-05-10,S&P 500 Consolidated - CHICAGO MERCANTILE EXCHANGE,452391,76798,52443,24355,5.383617269132233,16.97602295359545,11.592405684463218,15638,3.456744276521858,309973,333335,-23362,-5.164116881193481,68.51882552924351,73.682942410437,402408,401415,993,0.21950038793875207,88.95137171163883,88.73187132370008,49983,50976,-993,-0.21950038793875207,11.048628288361174,11.268128676299927,4001.05,2022-05-16,2022-05-16,4008.01,0.0017395433698654816,2022-05-17,2022-05-17,4088.85,0.021944239637095242,2022-05-18,2022-05-18,3923.68,-0.0193374239262194,2022-05-19,2022-05-19,3900.79,-0.02505842216418197,2022-05-20,2022-05-20,3901.36,-0.02491595956061532,0.0017395433698654816,0.020169610355263545,-0.04039522115020122,-0.005833809077192775,0.00014612424662696633,-0.02660921504686864,-0.04177483786295211,3.019756583427003,13913.0,0.6336457364856436,-2.3861108469413566,-2.502113643958487,-11603.0,-1.3429694383275432,1.1591442056309518,0.5178693195380141,2311.0,0.044900637352213835,-0.4729686821857939,-0.5178693195380141,-2311.0,-0.044674257282707686,0.47319506225530894,0.021944239637095242,-0.014888591744667057,0.03276639882030952,0.03989702703040465,0.030347033903600273,-0.04322365379087989,0.029522250409267592,50.0,S&P 500 Index x $50,200052.5,15363631895.0,10491353257.5,4872278637.5,2783330432.5,2353017505.0,62010873582.5,66684500087.5,-4673626505.0,-2321209157.5,-2066942430.0,80502726420.0,80304074287.5,198652132.5,462321327.5,286075075.0,9999224107.5,10197876240.0,-198652132.5,-462321327.5,-286075075.0
2022-05-17,S&P 500 Consolidated - CHICAGO MERCANTILE EXCHANGE,450422,70332,57002,13330,2.9594469186673833,15.614690223834538,12.655243305167154,13099,2.9081616794916765,319712,330245,-10533,-2.3384736979987655,70.98054713135681,73.31902082935558,403143,400346,2797,0.6209732206686174,89.50339903468303,88.88242581401441,47279,50076,-2797,-0.6209732206686174,10.49660096531697,11.117574185985585,4088.85,2022-05-23,2022-05-23,3973.75,-0.028149724250094765,2022-05-24,2022-05-24,3941.48,-0.036041918876945855,2022-05-25,2022-05-25,3978.73,-0.026931777883757002,2022-05-26,2022-05-26,4057.84,-0.007584039522114949,2022-05-27,2022-05-27,4158.24,0.016970541839392395,-0.028149724250094765,-0.008120792702107527,0.009450764687376267,0.01988322907058282,0.024742227391912897,0.046427178357974164,0.021944239637095242,-2.4241703504648497,-11025.0,-1.3613327297609121,1.0628376207039363,2.8256431831947153,12829.0,2.4617216021133004,-0.3639215810814136,0.40147283272986534,1804.0,0.5520273230442001,0.15055449031433454,-0.40147283272986534,-1804.0,-0.5520273230442037,-0.15055449031434165,-0.036041918876945855,0.01058977463100863,0.017567286645389313,-0.08642283282585561,0.052912188023527484,-0.023752399819019998,0.005148146789439423,50.0,S&P 500 Index x $50,204442.5,14378849910.0,11653631385.0,2725218525.0,-2253978562.5,-72781530.0,65362720560.0,67516113412.5,-2153392852.5,2622792832.5,542999280.0,82419562777.5,81847737105.0,571825672.5,368814270.0,470217750.0,9665836957.5,10237662630.0,-571825672.5,-368814270.0,-470422192.5
2022-05-24,S&P 500 Consolidated - CHICAGO MERCANTILE EXCHANGE,452434,70330,60552,9778,2.1611992025356184,15.544808745584993,13.383609543049374,11675,2.580486877644032,322699,328463,-5764,-1.2739979753953063,71.32509935150763,72.59909732690292,404703,400690,4013,0.8869802004270236,89.45017394802336,88.56319374759633,47731,51745,-4014,-0.8872012271403122,10.549826051976643,11.437027279116954,3941.48,2022-05-30,2022-05-31,4132.15,0.04837522960918217,2022-05-31,2022-05-31,4132.15,0.04837522960918217,2022-06-01,2022-06-01,4101.23,0.040530460639150556,2022-06-02,2022-06-02,4176.82,0.0597085358799232,2022-06-03,2022-06-03,4108.54,0.04238509392410972,0.04837522960918217,0.0,-0.007482787410912017,0.018431056049039052,-0.016347364741597592,-0.005713732560531315,-0.036041918876945855,-0.7982477161317649,-3552.0,-0.06988147824954538,0.72836623788222,1.0644757226034591,4769.0,0.3445522201508169,-0.7199235024526587,0.26600697975840626,1216.0,-0.05322508665966552,-0.3192320664180812,-0.26622800647169487,-1217.0,0.05322508665967263,0.3194530931313686,0.04837522960918217,0.05561362736839981,-0.05226463155971872,-0.044828338593624784,0.04750753524056939,0.015755503009021954,0.05178257913271156,50.0,S&P 500 Index x $50,197074.0,13860214420.0,11933224848.0,1926989572.0,-700006848.0,-2911177128.0,63595582726.0,64731517262.0,-1135934536.0,939845906.0,3824418044.0,79756439022.0,78965581060.0,790857962.0,239641984.0,913043842.0,9406539094.0,10197594130.0,-791055036.0,-239839058.0,-913043842.0
2022-05-31,S&P 500 Consolidated - CHICAGO MERCANTILE EXCHANGE,452093,65396,61014,4382,0.96926959718465,14.465165353146366,13.495895755961715,11678,2.583096840694282,327558,327011,547,0.12099280457781916,72.45367656654716,72.33268376196934,404632,399704,4928,1.0900412083354531,89.5019387603878,88.41189755205234,47462,52389,-4927,-1.089820014908437,10.49828243303922,11.588102447947657,4132.15,2022-06-06,2022-06-06,4121.43,-0.0025942911075346187,2022-06-07,2022-06-07,4160.68,0.006904396016601755,2022-06-08,2022-06-08,4115.77,-0.003964038091550215,2022-06-09,2022-06-09,4017.82,-0.027668405067579727,2022-06-10,2022-06-10,3900.86,-0.05597328267366852,-0.0025942911075346187,0.009523393579413009,-0.010793908688002896,-0.023798705952956634,-0.02911031355312088,-0.053517832402831145,0.04837522960918217,-1.1919296053509685,-5396.0,-1.0796433924386264,0.1122862129123412,1.3949907799731256,6311.0,1.1285772150395275,-0.26641356493358614,0.2030610079084295,915.0,0.051764812364439194,-0.15129619554399198,-0.2026187877681247,-913.0,-0.051543618937422764,0.15107516883070282,0.006904396016601755,-0.09599603112181299,-0.08890287138656627,-0.07516668078361133,-0.03533027600643723,-0.042234672023038766,0.017755889791029045,50.0,S&P 500 Index x $50,206607.49999999997,13511304069.999998,12605950004.999998,905354064.9999999,-1114854069.9999998,-1252041449.9999998,67675939484.99999,67562925182.49999,113014302.49999999,1303899932.4999998,2542511894.9999995,83600005939.99998,82581844179.99998,1018161759.9999999,189045862.49999997,1290470444.9999998,9806005164.999998,10823960317.499998,-1017955152.4999999,-188632647.49999997,-1290263837.4999998
2022-06-07,S&P 500 Consolidated - CHICAGO MERCANTILE EXCHANGE,453484,64064,67469,-3405,-0.7508533928429668,14.127069532772932,14.8779229256159,12004,2.6470614178229,329703,319331,10372,2.287181025129883,72.70443940690299,70.41725838177312,405771,398804,6967,1.5363276322869164,89.47857035749884,87.94224272521191,47713,54680,-6967,-1.5363276322869164,10.52142964250117,12.057757274788084,4160.68,2022-06-13,2022-06-13,3749.63,-0.09879394714325551,2022-06-14,2022-06-14,3735.48,-0.10219483353682579,2022-06-15,2022-06-15,3789.99,-0.08909360969841484,2022-06-16,2022-06-16,3666.77,-0.11870896103521544,2022-06-17,2022-06-17,3674.84,-0.11676937423690359,-0.09879394714325551,-0.0037737056722930706,0.014592502168395916,-0.032511959134456814,0.0022008470670371594,-0.019945968002176184,0.006904396016601755,-1.7201229900276167,-7787.0,-0.3380958203734341,1.3820271696541848,2.1661882205520637,9825.0,0.25076284035583285,-1.9154253801962113,0.44628642395146323,2039.0,-0.02336840288896269,-0.4696548268404257,-0.44650761737847944,-2040.0,0.023147209461949814,0.4696548268404275,-0.10219483353682579,-0.09515031196823598,-0.08150831114144808,-0.07914331311227985,-0.06068479190901488,-0.05273657190651526,0.029603334070392284,50.0,S&P 500 Index x $50,208034.0,13327490176.0,14035845946.0,-708355770.0,-1619960758.0,-5775023840.0,68589433902.0,66431705254.0,2157728648.0,2043934050.0,7017818956.0,84414164214.0,82964791336.0,1449372878.0,424181326.0,1242795116.0,9925926242.0,11375299120.0,-1449372878.0,-424389360.0,-1242795116.0
2022-06-14,S&P 500 Consolidated - CHICAGO MERCANTILE EXCHANGE,530880,75593,68738,6855,1.29125226039783,14.23918776371308,12.94793550331525,34057,6.415197408077154,365777,371550,-5773,-1.0874397227245327,68.90012808921037,69.98756781193491,475428,474345,1083,0.204000904159132,89.55470162748644,89.35070072332731,55452,56535,-1083,-0.204000904159132,10.445298372513562,10.649299276672695,3735.48,2022-06-20,2022-06-21,3764.79,0.007846381187959661,2022-06-21,2022-06-21,3764.79,0.007846381187959661,2022-06-22,2022-06-22,3759.89,0.006534635441763914,2022-06-23,2022-06-23,3795.73,0.01612911861393984,2022-06-24,2022-06-24,3911.74,0.047185368413162454,0.007846381187959661,0.0,-0.0013015334188627437,0.009532193760987795,0.03056329085577736,0.0390327216126265,-0.10219483353682579,2.042105653240797,10260.0,0.11211823094014761,-1.9299874223006501,-3.374620747854416,-16145.0,-3.8043113176926227,-0.42969056983821474,-1.3323267281277844,-5884.0,0.07613126998759867,1.408457998115395,1.3323267281277844,5884.0,-0.07613126998760755,-1.4084579981153897,0.007846381187959661,0.023041215586751873,0.025675415207684127,0.02230503174960119,0.05279375073618375,0.0760732221829592,0.1695980168545943,50.0,S&P 500 Index x $50,186774.0,14118806982.0,12838471212.0,1280335770.0,1916301240.0,-1209361650.0,68317633398.0,69395879700.0,-1078246302.0,-3015466230.0,889044240.0,88797589272.0,88595313030.0,202276242.0,-1098978216.0,-320130636.0,10356991848.0,10559268090.0,-202276242.0,1098978216.0,320130636.0
2022-06-21,S&P 500 Consolidated - CHICAGO MERCANTILE EXCHANGE,452401,54726,77590,-22864,-5.05392339981565,12.096790236980025,17.150713636795675,10095,2.2314274283213344,342611,313771,28840,6.374875387101267,75.73170704750873,69.35683166040747,407431,401455,5976,1.320951987285616,90.0597036699742,88.73875168268859,44970,50945,-5975,-1.3207309444497248,9.940296330025795,11.26102727447552,3764.79,2022-06-27,2022-06-27,3900.11,0.03594357188581565,2022-06-28,2022-06-28,3821.55,0.015076538133601103,2022-06-29,2022-06-29,3818.83,0.014354054276599637,2022-06-30,2022-06-30,3785.38,0.005469096549874042,2022-07-01,2022-07-01,3825.33,0.016080578199580753,0.03594357188581565,-0.02014302160708281,-0.000711753084481459,-0.008759227302603145,0.010553762105785847,-0.01917381817435926,0.007846381187959661,-6.34517566021348,-29719.0,-2.1423975267330544,4.202778133480425,7.462315109825799,34613.0,6.8315789582983655,-0.6307361515274437,1.116951083126484,4893.0,0.5050020424877601,-0.61194904063872,-1.1167300402905929,-4892.0,-0.5050020424877673,0.6117279978028254,0.015076538133601103,0.01769022973392942,0.014346085704647571,0.045659917286223095,0.024208521590845633,0.01509513146815622,0.16572504708097924,50.0,S&P 500 Index x $50,188239.5,10301594877.0,14605502805.0,-4303907928.0,-5594289700.5,-6144513759.0,64492923334.5,59064096154.5,5428827180.0,6515533813.5,6513839658.0,76694607724.5,75569688472.5,1124919252.0,921055873.5,369514138.5,8465130315.0,9589861327.5,-1124731012.5,-920867634.0,-369137659.5
2022-06-28,S&P 500 Consolidated - CHICAGO MERCANTILE EXCHANGE,449754,49663,77508,-27845,-6.1911622798240815,11.042258656954692,17.233420936778774,10083,2.241892234421484,345238,311557,33681,7.4887605224189215,76.76151851901261,69.2727579965937,404983,399148,5835,1.2973758988246908,90.04544706661865,88.74807116779395,44771,50607,-5836,-1.2975982425948407,9.95455293338136,11.2521511759762,3821.55,2022-07-04,2022-07-05,3831.39,0.0025748714526827587,2022-07-05,2022-07-05,3831.39,0.0025748714526827587,2022-07-06,2022-07-06,3845.08,0.0061571875286206,2022-07-07,2022-07-07,3902.62,0.021213905352540197,2022-07-08,2022-07-08,3899.38,0.0203660818254372,0.0025748714526827587,0.0,0.0035731157621645693,0.014964578110208349,-0.0008302114989416909,0.01774551794518442,0.015076538133601103,-1.1372388800084314,-4981.0,-1.0545315800253334,0.08270729998309889,1.1138851353176547,4841.0,1.0298114715038764,-0.08407366381376846,-0.02357608846092507,-141.0,-0.014256603355548236,0.009319485105365288,0.02313270185488414,139.0,0.014256603355564224,-0.008876098499319696,0.0025748714526827587,-0.0007196033023250115,0.030129136083526298,0.026036555847758214,-0.045599298713872694,0.0020148892465099433,0.14571574361188522,50.0,S&P 500 Index x $50,191077.5,9489481882.5,14810034870.0,-5320552987.5,-951757027.5,-6157854592.5,65967213945.0,59531532667.5,6435681277.5,925006177.5,6331161885.0,77383139182.5,76268201970.0,1114937212.5,-26941927.5,173307292.5,8554730752.5,9669859042.5,-1115128290.0,26559772.5,-173689447.5
2022-07-05,S&P 500 Consolidated - CHICAGO MERCANTILE EXCHANGE,461848,47474,84210,-36736,-7.9541320954080135,10.279139457137413,18.23327155254543,10632,2.3020560877171707,358209,313884,44325,9.597313401811851,77.55993313817532,67.96261973636348,416316,408727,7589,1.6431813064038385,90.14134520448286,88.49816389807901,45533,53121,-7588,-1.642964784950893,9.858871316970086,11.50183610192098,3831.39,2022-07-11,2022-07-11,3854.43,0.006013483357214966,2022-07-12,2022-07-12,3818.8,-0.0032860136921586403,2022-07-13,2022-07-13,3801.78,-0.007728265720795768,2022-07-14,2022-07-14,3790.38,-0.010703687173584497,2022-07-15,2022-07-15,3863.16,0.008292029785534671,0.006013483357214966,-0.009243908956706903,-0.004456897454697795,-0.00299859539478875,0.019201241036518768,0.0022649263315197565,0.0025748714526827587,-1.762969815583932,-8891.0,-0.7631191998172788,0.999850615766654,2.1085528793929296,10644.0,0.7984146191627133,-1.310138260230218,0.3458054075791477,1754.0,0.09589813786421075,-0.2499072697149387,-0.34536654235605235,-1752.0,-0.09568161641127304,0.24968492594477887,-0.0032860136921586403,0.02748349815602169,0.023401428724301176,0.06780828889776291,-0.010560136138581533,-0.001892263643220815,0.16291737463427114,50.0,S&P 500 Index x $50,191569.5,9094570443.0,16132067595.0,-7037497152.0,-1703244424.5,-6385203004.5,68621919025.5,60130600938.0,8491318087.5,2039065758.0,6504359233.5,79753447962.0,78299627026.5,1453820935.5,336012903.0,119156229.0,8722734043.5,10176363409.5,-1453629366.0,-335629764.0,-118964659.5
2022-07-12,S&P 500 Consolidated - CHICAGO MERCANTILE EXCHANGE,463516,44915,88021,-43106,-9.299786846624496,9.690064636387955,18.98985148301245,11513,2.483840903010899,360458,310920,49538,10.68744121022791,77.76603180904219,67.07859059881429,416886,410455,6431,1.3874386213205154,89.93993734844105,88.55249872712054,46630,53061,-6431,-1.3874386213205154,10.060062651558955,11.44750127287947,3818.8,2022-07-18,2022-07-18,3830.85,0.003155441499947509,2022-07-19,2022-07-19,3936.69,0.03087095422645847,2022-07-20,2022-07-20,3959.9,0.03694877972137833,2022-07-21,2022-07-21,3998.95,0.04717450508012977,2022-07-22,2022-07-22,3961.63,0.03740180161307216,0.003155441499947509,0.027628333137554417,0.005895816028186118,0.009861360135356989,-0.009332449768064022,0.03413863763916636,-0.0032860136921586403,-1.3456547512164825,-6370.0,-0.5890748207494578,0.7565799304670229,1.0901278084160584,5213.0,0.20609867086686506,-0.8840291375491915,-0.2557426850833231,-1158.0,-0.20140785604181133,0.054334829041522426,0.2555261636303776,1157.0,0.2011913345888683,-0.05433482904150999,0.03087095422645847,0.02677542683565526,0.07132868964072481,0.07951974442233167,-0.06021786948779717,0.02630407457840156,0.16247512307531164,50.0,S&P 500 Index x $50,190940.0,8576070100.0,16806729740.0,-8230659640.0,-1216287800.0,-9539553340.0,68825850520.0,59367064800.0,9458785720.0,995370220.0,10561082340.0,79600212840.0,78372277700.0,1227935140.0,-221108520.0,1021147120.0,8903532200.0,10131467340.0,-1227935140.0,220917580.0,-1021147120.0
2022-07-19,S&P 500 Consolidated - CHICAGO MERCANTILE EXCHANGE,467064,50077,91707,-41630,-8.913125396091328,10.72165698919206,19.634782385283387,13743,2.9424233081547713,358549,305280,53269,11.405075107479917,76.76656732267955,65.36149221519963,422370,410730,11640,2.492163814809105,90.4308617234469,87.93869790863779,44694,56334,-11640,-2.492163814809105,9.569138276553106,12.061302091362212,3936.69,2022-07-25,2022-07-25,3966.84,0.007658718364920825,2022-07-26,2022-07-26,3921.05,-0.003972880770393372,2022-07-27,2022-07-27,4023.61,0.022079462695818064,2022-07-28,2022-07-28,4072.43,0.03448074397526857,2022-07-29,2022-07-29,4130.29,0.0491783706616471,0.007658718364920825,-0.011543193070554847,0.026156259165274642,0.012133382708562568,0.014207733466259809,0.04120408183844071,0.03087095422645847,0.38666145053316825,1476.0,1.031592352804104,0.6449309022709357,0.7176338972520071,3731.0,-0.9994644863626405,-1.7170983836146547,1.1047251934885898,5209.0,0.4909243750058465,-0.6138008184827441,-1.1047251934885898,-5209.0,-0.4909243750058483,0.6138008184827424,-0.003972880770393372,0.03924616873566378,0.04719193027645052,0.09360909799857242,-0.05504878463887175,0.013788233261953442,0.15705834089044335,50.0,S&P 500 Index x $50,196834.5,9856881256.5,18051101491.5,-8194220235.0,290527722.0,-3693796227.0,70574813140.5,60089636160.0,10485176980.5,734389519.5,4808470000.5,83136987765.0,80845834185.0,2291153580.0,1025310910.5,1114870608.0,8797321143.0,11088474723.0,-2291153580.0,-1025310910.5,-1115067442.5
2022-07-26,S&P 500 Consolidated - CHICAGO MERCANTILE EXCHANGE,464565,48128,95655,-47527,-10.230430617889855,10.35979895170751,20.590229569597366,13078,2.8151066051036993,359033,301015,58018,12.488672198723537,77.28369550009148,64.79502330136795,420239,409748,10491,2.258241580833683,90.4586010569027,88.20035947606901,44325,54816,-10491,-2.258241580833683,9.541183687966162,11.799425268799844,3921.05,2022-08-01,2022-08-01,4118.63,0.050389564019841515,2022-08-02,2022-08-02,4091.19,0.04339143851774385,2022-08-03,2022-08-03,4155.17,0.05970849644865539,2022-08-04,2022-08-04,4151.94,0.05888473750653511,2022-08-05,2022-08-05,4145.19,0.05716325984111381,0.050389564019841515,-0.006662409587654183,0.015638481713144525,-0.0007773448499099889,-0.0016257460367924415,0.006448746306417341,-0.003972880770393372,-1.3173052217985273,-5897.0,-0.3618580374845486,0.9554471843139787,1.08359709124362,4749.0,0.5171281774119336,-0.5664689138316845,-0.23392223397542233,-1149.0,0.027739333455798487,0.2616615674312186,0.23392223397542233,1149.0,-0.027954588586943885,-0.26187682256236755,0.04339143851774385,0.051368893536170246,0.09797120669208503,0.05296540467476807,-0.015796789125361865,0.02445773453539224,0.16485635225258544,50.0,S&P 500 Index x $50,196052.5,9435614720.0,18753401887.5,-9317787167.5,-1156121592.5,-3858705305.0,70389317232.5,59014743287.5,11374573945.0,931053322.5,4771329692.5,82388906547.5,80332119770.0,2056786777.5,-225264322.5,912820440.0,8690027062.5,10746813840.0,-2056786777.5,225264322.5,-912624387.5
2022-08-02,S&P 500 Consolidated - CHICAGO MERCANTILE EXCHANGE,462133,47519,93896,-46377,-10.0354227029881,10.282537711005274,20.317960413993376,13115,2.837927609584254,357351,298724,58627,12.686174759214339,77.32644065669407,64.64026589747974,417985,405734,12251,2.6509684441491954,90.44690597728359,87.7959375331344,44148,56399,-12251,-2.6509684441491954,9.553094022716405,12.204062466865599,4091.19,2022-08-08,2022-08-08,4140.06,0.011945179764322855,2022-08-09,2022-08-09,4122.47,0.0076456972176799365,2022-08-10,2022-08-10,4210.24,0.02909911297202039,2022-08-11,2022-08-11,4207.27,0.02837316282059743,2022-08-12,2022-08-12,4280.15,0.04618705071140661,0.011945179764322855,-0.004248730694724312,0.021290634013103604,-0.0007054229687617486,0.01732239670855429,0.03383767385013714,0.04339143851774385,0.19500791490175473,1150.0,-0.07726124070223683,-0.2722691556039898,0.19750256049080228,609.0,0.04274515660259226,-0.1547574038882118,0.39272686331551254,1760.0,-0.011695079619101989,-0.4044219429346043,-0.39272686331551254,-1760.0,0.011910334750242058,0.40463719806575504,0.0076456972176799365,0.05230996360472129,0.009175814371857438,-0.025672237173047452,-0.057462498686201346,-0.0035661995654076017,0.11867940623632722,50.0,S&P 500 Index x $50,204559.5,9720462880.5,19207318812.0,-9486855931.5,235243425.0,-1972158139.5,73099541884.5,61106832078.0,11992709806.5,124576735.5,2925609969.0,85502802607.5,82996744173.0,2506058434.5,360024720.0,953656389.0,9030892806.0,11536951240.5,-2506058434.5,-360024720.0,-953860948.5
2022-08-09,S&P 500 Consolidated - CHICAGO MERCANTILE EXCHANGE,459878,45413,94265,-48852,-10.622817355907436,9.87501032882634,20.497827684733778,13663,2.971005353593779,357060,294611,62449,13.579471077111755,77.64233122697759,64.06286014986583,416136,402540,13596,2.956436272228722,90.4883469093977,87.53191063716899,43742,57338,-13596,-2.956436272228722,9.511653090602291,12.46808936283101,4122.47,2022-08-15,2022-08-15,4297.14,0.0423702294983348,2022-08-16,2022-08-16,4305.2,0.04432536804391529,2022-08-17,2022-08-17,4274.04,0.036766792723779584,2022-08-18,2022-08-18,4283.74,0.03911975102305165,2022-08-19,2022-08-19,4228.48,0.025715165907817195,0.0423702294983348,0.0018756661407353103,-0.0072377589891293725,0.0022695154935377104,-0.012899942573545653,-0.015978069134354622,0.0076456972176799365,-0.5873946529193361,-2475.0,-0.4075273821789338,0.17986727074040232,0.8932963178974163,3822.0,0.3158905702835142,-0.5774057476139092,0.30546782807952644,1345.0,0.04144093211411359,-0.26402689596541506,-0.30546782807952644,-1345.0,-0.04144093211411359,0.2640268959654115,0.04432536804391529,0.0015185071086021296,-0.03306512843028586,-0.051978546842063156,-0.07140379432718735,0.010074057543171921,0.09142819717305395,50.0,S&P 500 Index x $50,206123.5,9360686505.5,19430231727.5,-10069545222.0,-510155662.5,-1184385631.0,73598456910.0,60726250458.5,12872206451.5,787804017.0,2661260508.5,85775408796.0,82972953690.0,2802455106.0,277236107.5,1476874877.5,9016254137.0,11818709243.0,-2802455106.0,-277236107.5,-1476874877.5
2022-08-16,S&P 500 Consolidated - CHICAGO MERCANTILE EXCHANGE,469245,45474,103071,-57597,-12.27439823546335,9.690886423936323,21.96528465939967,13042,2.779358330935865,365220,294377,70843,15.09723065775874,77.83141003100725,62.73417937324851,423736,410489,13247,2.8230455305863678,90.30165478587945,87.47860925529307,45509,58755,-13246,-2.8228324222953893,9.698345214120556,12.521177636415945,4305.2,2022-08-22,2022-08-22,4137.99,-0.038839078323887444,2022-08-23,2022-08-23,4128.73,-0.04098996562296764,2022-08-24,2022-08-24,4140.77,-0.038193347579670966,2022-08-25,2022-08-25,4199.12,-0.0246399702685125,2022-08-26,2022-08-26,4057.66,-0.05749790950478495,-0.038839078323887444,-0.0022378014446627903,0.0029161509713642175,0.014091582000449021,-0.033688010821315006,-0.01941280670083778,0.04432536804391529,-1.6515808795559135,-8745.0,-0.18412390489001673,1.4674569746658932,1.5177595806469846,8394.0,0.1890788040296627,-1.3286807766173183,-0.1333907416423541,-349.0,-0.18669212351825593,-0.05330138187592581,0.13360384993333252,350.0,0.1866921235182648,0.05308827358493495,-0.04098996562296764,-0.07410573260243425,-0.09221638948248623,-0.08652559695252249,-0.07281194834154037,-0.03927111400167238,0.030813899470407913,50.0,S&P 500 Index x $50,215260.0,9788733240.0,22187063460.0,-12398330220.0,-1882448700.0,-3437056420.0,78617257200.0,63367593020.0,15249664180.0,1806892440.0,3782979240.0,91213411360.0,88361862140.0,2851549220.0,-75125740.0,345922820.0,9796267340.0,12647601300.0,-2851333960.0,75341000.0,-345707560.0
2022-08-23,S&P 500 Consolidated - CHICAGO MERCANTILE EXCHANGE,465908,45263,97718,-52455,-11.25866050808314,9.715008113189729,20.97366862127287,12646,2.7142697699975105,362348,296665,65683,14.097847643740824,77.77243575984957,63.67458811610875,420257,407030,13227,2.838972501008783,90.20171364303681,87.36274114202804,45650,58878,-13228,-2.8391871356576837,9.798071722314276,12.637258857971961,4128.73,2022-08-29,2022-08-29,4030.61,-0.023765177185235964,2022-08-30,2022-08-30,3986.16,-0.034531199666725576,2022-08-31,2022-08-31,3955.0,-0.04207831463912626,2022-09-01,2022-09-01,3966.85,-0.03920818266149628,2022-09-02,2022-09-02,3924.26,-0.04952370341485135,-0.023765177185235964,-0.011028107408059928,-0.007817046982559583,0.002996207332490508,-0.010736478566116592,-0.02638558431602167,-0.04098996562296764,1.015737727380209,5142.0,0.02412168925340552,-0.9916160381268,-0.9993830140179156,-5160.0,-0.05897427115768039,0.9404087428602423,0.0159269704224152,-20.0,-0.09994114284263844,-0.115868113265023,-0.016354713362294326,18.0,0.09972650819372042,0.11608122155601563,-0.034531199666725576,-0.05341594146383988,-0.04748191332443619,-0.0660735867930331,-0.030311984556994465,-0.03182334519331598,0.06268755767512069,50.0,S&P 500 Index x $50,206436.49999999997,9343935299.499998,20172561906.999996,-10828626607.499998,1061496482.9999999,-1017319071.9999999,74801852901.99998,61242484272.49999,13559368629.499998,-1065212339.9999999,1582335772.4999998,86756384180.49998,84025848594.99998,2730535585.4999995,-4128729.9999999995,564810263.9999999,9423826224.999998,12154568246.999998,-2730742021.9999995,3715856.9999999995,-565016700.4999999
2022-08-30,S&P 500 Consolidated - CHICAGO MERCANTILE EXCHANGE,465991,48131,96057,-47926,-10.28474798869506,10.32874025464011,20.61348824333517,12716,2.7288080671085924,360154,297791,62363,13.382876493322831,77.28775877645705,63.90488228313422,421000,406563,14437,3.098128504627772,90.34509250178651,87.24696399715874,44991,59427,-14436,-3.0979139082085276,9.654907498213484,12.752821406422013,3986.16,2022-09-05,2022-09-06,3908.19,-0.019560178216629476,2022-09-06,2022-09-06,3908.19,-0.019560178216629476,2022-09-07,2022-09-07,3979.87,-0.00157795974070285,2022-09-08,2022-09-08,4006.18,0.0050223774258935094,2022-09-09,2022-09-09,4067.36,0.02037048186726076,-0.019560178216629476,0.0,0.018340971140093032,0.006610768693449787,0.015271405678227268,0.04072729319710655,-0.034531199666725576,0.9739125193880813,4529.0,0.6137321414503809,-0.3601803779377022,-0.714971150417993,-3320.0,-0.48467698339251797,0.23029416702546968,0.25915600361898905,1210.0,0.14337885874969913,-0.11577714486929835,-0.258726772550844,-1208.0,-0.14316422410079177,0.1155625484500522,-0.019560178216629476,-0.013413912135990524,-0.032670540068637455,-0.08501164027535268,-0.007157264133903274,-0.004016396732695049,0.12831145764344631,50.0,S&P 500 Index x $50,199308.0,9592893348.0,19144928556.0,-9552035208.0,902665932.0,-308728092.0,71781573432.0,59352128628.0,12429444804.0,-661702560.0,744614688.0,83908668000.0,81031258404.0,2877409596.0,241162680.0,435687288.0,8967066228.0,11844276516.0,-2877210288.0,-240764064.0,-435487980.0
2022-09-06,S&P 500 Consolidated - CHICAGO MERCANTILE EXCHANGE,462858,45275,93019,-47744,-10.31504262646427,9.781617688362305,20.09666031482658,14183,3.064222720575209,357842,297586,60256,13.018247497072535,77.3114000406172,64.29315254354468,417300,404788,12512,2.7032048706082645,90.15724044955472,87.45403557894646,45558,58070,-12512,-2.7032048706082645,9.842759550445276,12.54596442105354,3908.19,2022-09-12,2022-09-12,4110.41,0.05174262254393969,2022-09-13,2022-09-13,3932.69,0.006268886620149017,2022-09-14,2022-09-14,3946.01,0.009677113958123984,2022-09-15,2022-09-15,3901.35,-0.0017501707951763645,2022-09-16,2022-09-16,3873.33,-0.008919730105240609,0.05174262254393969,-0.043236562775976095,0.0033869946525153516,-0.011317761485652666,-0.007182129262947479,-0.057677944535946546,-0.019560178216629476,-0.030294637769211263,182.0,-0.547122566277805,-0.5168279285085902,-0.3646289962502962,-2107.0,0.023641264160147557,0.388270260410458,-0.3949236340195075,-1925.0,-0.1878520522317899,0.20707158178771579,0.3947090376002631,1924.0,0.1878520522317917,-0.2068569853684732,0.006268886620149017,-0.013371918970162766,-0.06675724568150476,-0.030003658982802883,0.008461717572584737,0.020004145141356844,0.15061703755446887,50.0,S&P 500 Index x $50,195409.5,8847165112.5,18176796280.5,-9329631168.0,35564529.0,216513726.0,69925726299.0,58151131467.0,11774594832.0,-411727816.5,-428533033.5,81544384350.0,79099420686.0,2444963664.0,-376163287.5,-211823898.0,8902466001.0,11347429665.0,-2444963664.0,375967878.0,211823898.0
2022-09-13,S&P 500 Consolidated - CHICAGO MERCANTILE EXCHANGE,520609,46959,103160,-56201,-10.795241726516446,9.02001310004245,19.815254826558895,19859,3.8145710120263,397277,323220,74057,14.225071022590852,76.31005226571189,62.08498124312104,464095,446239,17856,3.4298292960744057,89.14463637778064,85.71480708170624,56514,74370,-17856,-3.4298292960744057,10.855363622219363,14.285192918293768,3932.69,2022-09-19,2022-09-19,3899.89,-0.00834034719237986,2022-09-20,2022-09-20,3855.93,-0.01951844666119129,2022-09-21,2022-09-21,3789.93,-0.03630085259707738,2022-09-22,2022-09-22,3757.99,-0.044422519954535056,2022-09-23,2022-09-23,3693.23,-0.060889620081928664,-0.00834034719237986,-0.011272112803181633,-0.017116493297336777,-0.008427596288058115,-0.01723261637204987,-0.052991238214411096,0.006268886620149017,-0.48019910005217525,-8457.0,-0.7616045883198552,-0.2814054882676835,1.2068235255183168,13801.0,-1.0013477749053123,-2.2081713004236363,0.7266244254661411,5344.0,-1.0126040717740779,-1.7392284972402194,-0.7266244254661411,-5344.0,1.0126040717740867,1.7392284972402283,-0.01951844666119129,-0.07257119172881665,-0.0360465737192609,-0.08743379213718849,0.022112091214919083,-0.003407336962740537,0.1345669249292467,50.0,S&P 500 Index x $50,196634.5,9233759485.5,20284815020.0,-11051055534.5,-1662937966.5,274501762.0,78118364256.5,63556203090.0,14562161166.5,2713752734.5,631983283.0,91257088277.5,87745982645.5,3511105632.0,1050814768.0,906288410.5,11112602133.0,14623707765.0,-3511105632.0,-1050814768.0,-906485045.0
2022-09-20,S&P 500 Consolidated - CHICAGO MERCANTILE EXCHANGE,428204,44232,88122,-43890,-10.24978748447002,10.32965595837498,20.579443442845,10604,2.4763897581526564,336388,273649,62739,14.651661357670642,78.55788362556166,63.906222267890996,391224,372374,18850,4.402107406750054,91.36392934208929,86.96182193533923,36981,55830,-18849,-4.401873873200624,8.636304191460145,13.03817806466077,3855.93,2022-09-26,2022-09-26,3655.04,-0.052098974825787736,2022-09-27,2022-09-27,3647.29,-0.05410886608418719,2022-09-28,2022-09-28,3719.04,-0.03550116314352181,2022-09-29,2022-09-29,3640.47,-0.0558775703915787,2022-09-30,2022-09-30,3585.62,-0.07010241368489567,-0.052098974825787736,-0.0021203598319033956,0.019672140136923533,-0.021126419721218426,-0.01506673588849794,-0.018992952197513624,-0.01951844666119129,0.5454542420464268,12311.0,1.3096428583325306,0.7641886162861056,0.4265903350797906,-11318.0,2.2478313598497692,1.8212410247699538,0.9722781106756484,994.0,2.21929296430865,1.2470148536329901,-0.9720445771262183,-993.0,-2.219059430759218,-1.247014853632999,-0.05410886608418719,-0.016857152489801464,-0.06926733628463166,-0.03525738278443846,-0.008897983106539775,0.038107538259252616,0.1524975816469698,50.0,S&P 500 Index x $50,192796.5,8527774788.0,16989613173.0,-8461838385.0,2373517711.5,1651302022.5,64854429042.0,52758569428.5,12095859613.5,-2182070787.0,-567592896.0,75426617916.0,71792403891.0,3634214025.0,191639721.0,1084094719.5,7129807366.5,10763828595.0,-3634021228.5,-191446924.5,-1083709126.5
2022-09-27,S&P 500 Consolidated - CHICAGO MERCANTILE EXCHANGE,446776,52559,82600,-30041,-6.723951152255268,11.764060737371748,18.488011889627018,13377,2.9941178577184093,343514,296921,46593,10.42871595609433,76.88729922824861,66.45858327215429,409451,392898,16553,3.704988629648862,91.64570164914856,87.94071301949971,37325,53878,-16553,-3.704988629648862,8.354298350851433,12.059286980500296,3647.29,2022-10-03,2022-10-03,3678.43,0.00853784590750939,2022-10-04,2022-10-04,3790.93,0.039382664937528844,2022-10-05,2022-10-05,3783.28,0.037285217243487656,2022-10-06,2022-10-06,3744.52,0.02665814892701146,2022-10-07,2022-10-07,3639.66,-0.002091964170658267,0.00853784590750939,0.030583700111188827,-0.0020179744811957834,-0.010245078344716774,-0.028003589245083504,-0.01053982269609588,-0.05410886608418719,3.525836332214751,13849.0,1.4344047789967682,-2.0914315532179835,-4.222945401576313,-16146.0,-1.6705843973130499,2.5523610042632896,-0.697118777101192,-2297.0,0.2817723070592706,0.9788910841604803,0.6968852435517618,2296.0,-0.28200584060871137,-0.9788910841604732,0.039382664937528844,-0.016025597087152343,0.01992986573592992,0.05807599615056658,0.04988909573957656,0.08882759528307327,0.17170008417208393,50.0,S&P 500 Index x $50,182364.5,9584895755.5,15063307700.0,-5478411944.5,2525565960.5,3261589082.5,62644758853.0,54147849704.5,8496909148.5,-2944457217.0,-2875888165.0,74669326889.5,71650647321.0,3018679568.5,-418891256.5,385883282.0,6806754962.5,9825434531.0,-3018679568.5,418708892.0,-386065646.5
2022-10-04,S&P 500 Consolidated - CHICAGO MERCANTILE EXCHANGE,452257,45134,86994,-41860,-9.255799246888383,9.979723918037752,19.23552316492614,13614,3.010235330796428,346476,297047,49429,10.929405183336023,76.6104228348041,65.68101765146808,405224,397655,7569,1.6736059364476394,89.60038208363828,87.92677614719065,47033,54602,-7569,-1.6736059364476394,10.399617916361715,12.073223852809353,3790.93,2022-10-10,2022-10-10,3612.39,-0.047096622728459714,2022-10-11,2022-10-11,3588.84,-0.05330881868037651,2022-10-12,2022-10-12,3577.03,-0.05642414921932071,2022-10-13,2022-10-13,3669.91,-0.03192356492997761,2022-10-14,2022-10-14,3583.07,-0.05483087263547459,-0.047096622728459714,-0.006519229651283376,-0.0032907569019515748,0.025965675434648228,-0.023662705624933444,-0.008116510122107456,0.039382664937528844,-2.5318480946331148,-11819.0,-1.784336819333996,0.7475112752991215,0.5006892272416934,2836.0,-0.2768763934445104,-0.7775656206862038,-2.0313826932012224,-8984.0,-2.045319565510283,-0.013936872309059822,2.0313826932012224,8984.0,2.0453195655102814,0.01393687230905627,-0.05330881868037651,-0.018715724109914955,0.017985032696462344,0.017191032279677998,0.008760383336015254,0.08168707942378273,0.1156761005874547,50.0,S&P 500 Index x $50,189546.5,8554991731.0,16489408221.0,-7934416490.0,-2240250083.5,1115291606.0,65673313134.0,56304219185.5,9369093948.5,537553874.0,-2052219955.5,76808790916.0,75374113457.5,1434677458.5,-1702885756.0,-936928349.5,8914940534.5,10349617993.0,-1434677458.5,1702885756.0,936928349.5
2022-10-11,S&P 500 Consolidated - CHICAGO MERCANTILE EXCHANGE,455559,50342,83154,-32812,-7.202579687812117,11.050599373516933,18.253179061329046,14867,3.2634631299129206,345720,306674,39046,8.571008365546504,75.88918230130454,67.31817393575805,410929,404695,6234,1.368428677734388,90.20324480473441,88.83481612700001,44630,50864,-6234,-1.368428677734388,9.796755195265597,11.165183872999984,3588.84,2022-10-17,2022-10-17,3677.95,0.02482975000278631,2022-10-18,2022-10-18,3719.98,0.03654105504842797,2022-10-19,2022-10-19,3695.16,0.02962517136456344,2022-10-20,2022-10-20,3665.78,0.02143868213684641,2022-10-21,2022-10-21,3752.75,0.04567213918703539,0.02482975000278631,0.011427561549232745,-0.006672078882144605,-0.007950941231232078,0.023724828003862664,0.020337416223711546,-0.05330881868037651,2.0532195590762665,9048.0,1.0708754554791806,-0.982344103597093,-2.3583968177895187,-10383.0,-0.7212405334995537,1.637156284289972,-0.3051772587132515,-1335.0,0.6028627210961304,0.9080399798093595,0.3051772587132515,1335.0,-0.6028627210961179,-0.9080399798093683,0.03654105504842797,0.0753084562142643,0.07446974509869486,0.06667056764859947,0.09206596003165357,0.14492147880652229,0.21438682136846432,50.0,S&P 500 Index x $50,179442.0,9033469164.0,14921320068.0,-5887850904.0,1623591216.0,4196968938.0,62036688240.0,55030195908.0,7006492332.0,-1863146286.0,-6282443862.0,73737921618.0,72619280190.0,1118641428.0,-239555070.0,-2085474924.0,8008496460.0,9127137888.0,-1118641428.0,239555070.0,2085474924.0
2022-10-18,S&P 500 Consolidated - CHICAGO MERCANTILE EXCHANGE,467313,48130,92770,-44640,-9.552484095242376,10.299306888530815,19.85179098377319,15624,3.3433694333348316,358913,307190,51723,11.068170583741518,76.80355564685767,65.73538506311615,422667,415584,7083,1.515686488499143,90.44623196872332,88.93054548022418,44646,51729,-7083,-1.515686488499143,9.55376803127668,11.069454519775825,3719.98,2022-10-24,2022-10-24,3797.34,0.020795810730165343,2022-10-25,2022-10-25,3859.11,0.03740073871364902,2022-10-26,2022-10-26,3830.6,0.029736719014618274,2022-10-27,2022-10-27,3807.3,0.02347324447980914,2022-10-28,2022-10-28,3901.06,0.04867768106280135,0.020795810730165343,0.01626664981276371,-0.007387713747470381,-0.006082598026418751,0.024626375646783716,0.02731385654168439,0.03654105504842797,-2.349904407430259,-11828.0,-0.7512924849861182,1.5986119224441424,2.4971622181950135,12677.0,0.9143733455531304,-1.582788872641899,0.14725781076475508,849.0,0.2429871639889143,0.09572935322417209,-0.14725781076475508,-849.0,-0.24298716398891607,-0.09572935322415965,0.03740073871364902,0.03659159457846539,0.02906736057720738,0.07305146801864537,0.07284716584497763,0.11690654250829291,0.17559771826730253,50.0,S&P 500 Index x $50,185999.0,8952131870.0,17255127230.0,-8302995360.0,-2199996172.0,-139499250.0,66757459087.0,57137032810.0,9620426277.0,2357909323.0,-2048964984.0,78615639333.0,77298208416.0,1317430917.0,157913151.0,-2188650233.0,8304111354.0,9621542271.0,-1317430917.0,-157913151.0,2188464234.0
2022-10-25,S&P 500 Consolidated - CHICAGO MERCANTILE EXCHANGE,472365,48163,91984,-43821,-9.276936267505,10.196140696283594,19.473076963788596,19477,4.1232944862553325,361153,311623,49530,10.485535549839636,76.45634202364697,65.97080647380733,428794,423084,5710,1.2088109830321891,90.77598890688346,89.56717792385126,43571,49281,-5710,-1.2088109830321891,9.224011093116552,10.432822076148742,3859.11,2022-10-31,2022-10-31,3871.98,0.003334965834091319,2022-11-01,2022-11-01,3856.1,-0.0007799725843523619,2022-11-02,2022-11-02,3759.69,-0.025762416723026815,2022-11-03,2022-11-03,3719.89,-0.03607567547957957,2022-11-04,2022-11-04,3770.55,-0.022948296368851873,0.003334965834091319,-0.00410126085362017,-0.025001944970306722,-0.010585979163175718,0.013618682272863003,-0.026195899772209486,0.03740073871364902,0.2755478277373751,819.0,-0.10316619224722068,-0.3787140199845922,-0.582635033901882,-2193.0,-0.34721362321070615,0.23542141069117406,-0.30687550546695386,-1373.0,0.32975693816013063,0.6366324436270787,0.30687550546695386,1373.0,-0.32975693816012885,-0.6366324436270823,-0.0007799725843523619,-0.008032940237515884,0.03436543659030189,0.037436092777868524,0.04090062216417767,0.05506969223473801,0.10068901897069527,50.0,S&P 500 Index x $50,192955.5,9293315746.5,17748818712.0,-8455502965.5,158030554.5,-2658926790.0,69686457691.5,60129371776.5,9557085915.0,-423151411.5,566710303.5,82738160667.0,81636384762.0,1101775905.0,-264927901.5,-2092216486.5,8407264090.5,9509039995.5,-1101775905.0,264927901.5,2092216486.5
2022-11-01,S&P 500 Consolidated - CHICAGO MERCANTILE EXCHANGE,467342,55684,90696,-35012,-7.491729825267149,11.915042944995314,19.406772770262464,17183,3.6767506451378216,349418,309950,39468,8.445207150224034,74.76708705829992,66.32187990807589,422285,417829,4456,0.9534773249568838,90.35888064843304,89.40540332347618,45057,49513,-4456,-0.9534773249568838,9.641119351566948,10.59459667652383,3856.1,2022-11-07,2022-11-07,3806.8,-0.012784938149944192,2022-11-08,2022-11-08,3828.11,-0.007258629184927701,2022-11-09,2022-11-09,3748.57,-0.02788568761183574,2022-11-10,2022-11-10,3956.37,0.02600295635486627,2022-11-11,2022-11-11,3992.93,0.03548403827701563,-0.012784938149944192,0.005597877482399927,-0.020777877333723382,0.05543447234545429,0.009240793960120008,0.04889408427025321,-0.0007799725843523619,1.7852064422378513,8809.0,1.7189022487117196,-0.0663041935261326,-2.0403283996156016,-10062.0,-1.6892549653470468,0.35107343426855664,-0.2553336580753054,-1254.0,-0.417108258450412,-0.1617746003750824,0.2553336580753054,1254.0,0.417108258450396,0.16177460037508773,-0.007258629184927701,0.03517284302792989,0.03824589611265261,0.026329711366406494,0.05718212701952741,0.0683281035242862,0.08757552968024696,50.0,S&P 500 Index x $50,192805.0,10736153620.0,17486642280.0,-6750488660.0,1698419245.0,1320328640.0,67369537490.0,59759909750.0,7609627740.0,-1940003910.0,-1920530605.0,81418659425.0,80559520345.0,859139080.0,-241777470.0,-600201965.0,8687214885.0,9546353965.0,-859139080.0,241777470.0,600201965.0
2022-11-08,S&P 500 Consolidated - CHICAGO MERCANTILE EXCHANGE,463779,52708,88120,-35412,-7.635533303577782,11.364895780102161,19.000429083679943,18607,4.012040217431148,346942,307295,39647,8.548683748078286,74.80761310882986,66.25892936075157,418257,414022,4235,0.9131504445005055,90.18454910636316,89.27139866186266,45522,49757,-4235,-0.9131504445005055,9.81545089363684,10.728601338137347,3828.11,2022-11-14,2022-11-14,3957.25,0.03373466279704607,2022-11-15,2022-11-15,3991.73,0.04274171849816222,2022-11-16,2022-11-16,3958.79,0.03413695008764117,2022-11-17,2022-11-17,3946.56,0.030942162059083955,2022-11-18,2022-11-18,3965.34,0.035847977200237136,0.03373466279704607,0.008713121485880437,-0.008252061136399536,-0.003089327799655983,0.004758574556069206,0.0020443489797208336,-0.007258629184927701,-0.143803478310633,-400.0,-0.5501471648931524,-0.4063436865825203,0.103476597854252,179.0,0.040526050529933855,-0.06295054732431993,-0.04032688045637822,-221.0,-0.17433154206987922,-0.13400466161351687,0.04032688045637822,221.0,0.17433154206989165,0.13400466161351687,0.04274171849816222,0.04583724083163743,0.033833928492128074,0.02955766683820471,0.08774303768700475,0.07603229792247346,0.14374456324400287,50.0,S&P 500 Index x $50,191405.5,10088601094.0,16866652660.0,-6778051566.0,-76562200.0,-497654300.0,66406606981.0,58817953122.5,7588653858.5,34261584.5,115034705.5,80056690213.5,79246087921.0,810602292.5,-42300615.5,-382619594.5,8713161171.0,9523763463.5,-810602292.5,42300615.5,382619594.5
2022-11-15,S&P 500 Consolidated - CHICAGO MERCANTILE EXCHANGE,468702,51593,92122,-40529,-8.647072126852457,11.00763384837274,19.654705975225195,17967,3.8333525352996145,351219,310592,40627,8.667980934581035,74.93439328187206,66.26641234729102,420779,420681,98,0.020908807728578074,89.77537966554442,89.75447085781583,47923,48021,-98,-0.020908807728578074,10.224620334455583,10.245529142184159,3991.73,2022-11-21,2022-11-21,3949.94,-0.010469144957198973,2022-11-22,2022-11-22,4003.58,0.0029686376583586416,2022-11-23,2022-11-23,4027.26,0.008900902616159057,2022-11-24,2022-11-25,4026.12,0.008615312157886468,2022-11-25,2022-11-25,4026.12,0.008615312157886468,-0.010469144957198973,0.013579953113211918,0.0059147063378277576,-0.0002830708720074071,0.0,0.01928636890686941,0.04274171849816222,-1.011538823274675,-5117.0,-0.3572619317294219,0.6542768915452513,0.11929718650274879,980.0,0.12678017304220646,0.00748298653945767,-0.8922416367719275,-4137.0,-0.4091694408187436,0.4830721959531701,0.8922416367719275,4137.0,0.4091694408187436,-0.48307219595318784,0.0029686376583586416,-0.008542661953588992,-0.012643640727203476,0.006994461048217104,0.036174791381180516,0.02960370566145487,0.12625352917156207,50.0,S&P 500 Index x $50,199586.5,10297266294.5,18386307553.0,-8089041258.5,-1021284120.5,820500101.5,70098570943.5,61989970208.0,8108600735.5,195594770.0,-2214611804.0,83981807883.5,83962248406.5,19559477.0,-825689350.5,-1394111702.5,9564783839.5,9584343316.5,-19559477.0,825689350.5,1394111702.5
2022-11-22,S&P 500 Consolidated - CHICAGO MERCANTILE EXCHANGE,460815,48941,87239,-38298,-8.31092737866606,10.620531015700443,18.9314583943665,18439,4.001388843679134,345287,306250,39037,8.47129542224103,74.92963553703764,66.45834011479661,412667,411928,739,0.16036804357497042,89.55155539641721,89.39118735284225,48149,48888,-739,-0.16036804357497042,10.448661610407648,10.609029653982619,4003.58,2022-11-28,2022-11-28,3963.94,-0.009901138481059446,2022-11-29,2022-11-29,3957.63,-0.011477227881046437,2022-11-30,2022-11-30,4080.11,0.019115391724406683,2022-12-01,2022-12-01,4076.57,0.018231183091133474,2022-12-02,2022-12-02,4071.7,0.017014771779257476,-0.009901138481059446,-0.0015918505325509535,0.030947814727501077,-0.0008676236670089876,-0.0011946317615054713,0.027185073437034912,0.0029686376583586416,0.3361447481863973,2231.0,-0.38710283267229606,-0.7232475808586933,-0.19668551234000553,-1590.0,-0.0047577448344213735,0.19192776750558949,0.13945923584639236,641.0,-0.22382426912720632,-0.3632835049735803,-0.13945923584639236,-641.0,0.22404127595206447,0.36350051179845977,-0.011477227881046437,-0.015566068368809804,0.004013907552740337,-0.04544932285604386,-0.0015586050484815983,0.03546825591095959,0.13353298797576163,50.0,S&P 500 Index x $50,200179.0,9796960439.0,17463415781.0,-7666455342.0,446599349.0,1105588617.0,69119206373.0,61304818750.0,7814387623.0,-318284610.0,-2100478247.0,82607267393.0,82459335112.0,147932281.0,128314739.0,-995089809.0,9638418671.0,9786350952.0,-147932281.0,-128314739.0,995089809.0
2022-11-29,S&P 500 Consolidated - CHICAGO MERCANTILE EXCHANGE,462905,48690,89525,-40835,-8.821464447348808,10.518356898283665,19.339821345632473,17724,3.8288633736943862,348139,307802,40337,8.713882978148863,75.20743997148442,66.49355699333557,414553,415052,-499,-0.10779749624653005,89.55466024346248,89.66245773970901,48352,47854,498,0.10758146919994382,10.445339756537518,10.337758287337575,3957.63,2022-12-05,2022-12-05,3998.84,0.010412797558134512,2022-12-06,2022-12-06,3941.26,-0.004136313905039102,2022-12-07,2022-12-07,3933.92,-0.005990959235704252,2022-12-08,2022-12-08,3963.51,0.0014857376763366403,2022-12-09,2022-12-09,3934.38,-0.005874728056943224,0.010412797558134512,-0.014399175760970717,-0.001862348589029894,0.007521759466384781,-0.007349546235533633,-0.016119674705664666,-0.011477227881046437,-0.5105370686827477,-2537.0,-0.10217411741677829,0.4083629512659712,0.24258755590783387,1300.0,0.2778044344467787,0.03521687853896083,-0.2681655398215005,-1238.0,0.0031048470452645915,0.2712703868667603,0.26794951277491424,1237.0,-0.003321853870129843,-0.2712713666450437,-0.004136313905039102,0.015670995014693156,-0.034366527441928696,-0.03243860593334902,0.0031635094741044867,0.06263597152841482,0.15091355179741406,50.0,S&P 500 Index x $50,197881.5,9634850235.0,17715341287.5,-8080491052.5,-502025365.5,-1152263974.5,68890267528.5,60908321463.0,7981946065.5,257245950.0,171959023.5,82032369469.5,82131112338.0,-98742868.5,-244977297.0,-980502832.5,9567966288.0,9469421301.0,98544987.0,244779415.5,980304951.0
2022-12-06,S&P 500 Consolidated - CHICAGO MERCANTILE EXCHANGE,457538,46183,86927,-40744,-8.905052695076693,10.0938064160791,18.998859111155795,16891,3.691715223653554,345693,306369,39324,8.594695959679852,75.55503586587344,66.96033990619358,408767,410186,-1419,-0.310138174315576,89.34055750560609,89.65069567992167,48771,47352,1419,0.310138174315576,10.65944249439391,10.349304320078332,3941.26,2022-12-12,2022-12-12,3990.56,0.012508690114328758,2022-12-13,2022-12-13,4019.65,0.019889578459680424,2022-12-14,2022-12-14,3995.32,0.013716425711574498,2022-12-15,2022-12-15,3895.75,-0.011547068703917085,2022-12-16,2022-12-16,3852.36,-0.02255623836032139,0.012508690114328758,0.007289703700733785,-0.006052765788066128,-0.024921658340258168,-0.011137778348199956,-0.034631730884888245,-0.004136313905039102,-0.08358824772788509,91.0,-0.42455048220456426,-0.3409622344766774,-0.11918701846901136,-1013.0,0.3475958943890163,0.4667829128580081,-0.20234067806904593,-920.0,-0.21410273785639333,-0.011762059787344015,0.20255670511563217,921.0,0.21410273785639156,0.011546032740756829,0.019889578459680424,-0.030355774549255865,-0.028419845430141644,-0.029716385115420074,0.011445578317593741,0.08692397862612466,0.1588121565184737,50.0,S&P 500 Index x $50,197063.0,9100960529.0,17130095401.0,-8029134872.0,17932733.0,-1050739916.0,68123299659.0,60373994247.0,7749305412.0,-199624819.0,-63651349.0,80552851321.0,80832483718.0,-279632397.0,-181297960.0,-1114194202.0,9610959573.0,9331327176.0,279632397.0,181495023.0,1114194202.0
2022-12-13,S&P 500 Consolidated - CHICAGO MERCANTILE EXCHANGE,495428,45301,91326,-46025,-9.289947277909203,9.143811007855835,18.433758285765037,30787,6.214222853774918,363384,320839,42545,8.587524322404063,73.3474894434711,64.75996512106704,439473,442952,-3479,-0.7022211098282697,88.70572515077872,89.40794626060699,55955,52476,3479,0.7022211098282697,11.29427484922128,10.592053739393009,4019.65,2022-12-19,2022-12-19,3817.66,-0.05025064371276111,2022-12-20,2022-12-20,3821.62,-0.04926548331322389,2022-12-21,2022-12-21,3878.44,-0.0351299242471359,2022-12-22,2022-12-22,3822.39,-0.049073924346647146,2022-12-23,2022-12-23,3844.82,-0.04349383652805594,-0.05025064371276111,0.0010372846193742458,0.014868040255179737,-0.014451686760656446,0.005868056373107056,0.007114305621768402,0.019889578459680424,-0.3848945828325103,-5281.0,-0.9499954082232662,-0.5651008253907577,-0.007171637275789067,3221.0,-2.2075464224023307,-2.2003747851265416,-0.3920829355126937,-2060.0,-0.6348323548273669,-0.24274941931467708,0.3920829355126937,2060.0,0.6348323548273704,0.24274941931467708,-0.04926548331322389,-0.047367308098963834,-0.04863856305897285,-0.024977299018571264,-0.024967347903424475,0.08691303969251063,0.1552498351846554,50.0,S&P 500 Index x $50,200982.5,9104708232.5,18354927795.0,-9250219562.5,-1061388582.5,-1104599820.0,73033824780.0,64483024317.5,8550800462.5,647364632.5,385484435.0,88326382222.5,89025600340.0,-699218117.5,-414023950.0,-718914402.5,11245975787.5,10546757670.0,699218117.5,414023950.0,718914402.5
2022-12-20,S&P 500 Consolidated - CHICAGO MERCANTILE EXCHANGE,397369,49728,81679,-31951,-8.040637291786727,12.514312893054063,20.554950184840788,8643,2.1750564336926135,292304,260160,32144,8.089206757447108,73.55983984659096,65.47063308914385,350675,350482,193,0.04856946566038116,88.24920917333763,88.20063970767724,46694,46888,-194,-0.04882112092287018,11.75079082666237,11.799611947585243,3821.62,2022-12-26,2022-12-27,3829.25,0.001996535500651486,2022-12-27,2022-12-27,3829.25,0.001996535500651486,2022-12-28,2022-12-28,3783.22,-0.010048094787027506,2022-12-29,2022-12-29,3849.28,0.007237768276280754,2022-12-30,2022-12-30,3839.5,0.004678644135209797,0.001996535500651486,0.0,-0.01202063067180259,0.017461316021801565,-0.0025407348906808513,0.002676764379447638,-0.04926548331322389,1.2493099861224763,14074.0,3.3705018851982285,2.1211918990757503,-0.49831756495695423,-10401.0,0.21235040311985642,0.7106679680768053,0.7507905754886508,3672.0,-0.45651597744108585,-1.2073065529297509,-0.7510422307511398,-3673.0,0.4565159774410912,1.2075582081922338,0.001996535500651486,0.0006594062203986173,0.025546757657747277,0.04431366802560177,0.04742753073303985,0.14838994981185993,0.24773525363589255,50.0,S&P 500 Index x $50,191081.0,9502075968.0,15607304999.0,-6105229031.0,2689273994.0,1212791107.0,55853740624.0,49711632960.0,6142107664.0,-1987433481.0,-1317121333.0,67007329675.0,66970451042.0,36878633.0,701649432.0,-104330226.0,8922336214.0,8959405928.0,-37069714.0,-701840513.0,104139145.0
2022-12-27,S&P 500 Consolidated - CHICAGO MERCANTILE EXCHANGE,392262,48995,83851,-34856,-8.88589769082909,12.490376330105898,21.37627402093499,8835,2.2523211526989613,289456,253659,35797,9.125788376136358,73.79149649978841,64.66570812365204,347287,346346,941,0.23989068530726912,88.53444891424608,88.29455822893883,44975,45916,-941,-0.23989068530726912,11.46555108575391,11.705441771061178,3829.25,2023-01-02,2023-01-03,3824.14,-0.0013344649735588243,2023-01-03,2023-01-03,3824.14,-0.0013344649735588243,2023-01-04,2023-01-04,3852.97,0.006194424495658435,2023-01-05,2023-01-05,3808.1,-0.0055232747927139725,2023-01-06,2023-01-06,3895.08,0.017191356009662373,-0.0013344649735588243,0.0,0.00753894993384141,-0.01164556173549236,0.02284078674404566,0.01855057607723576,0.001996535500651486,-0.8452603990423633,-2905.0,-0.023936562948165374,0.8213238360942015,1.0365816186892491,3653.0,0.23165665319744733,-0.8049249654918071,0.19132121964688797,748.0,0.2852397409084517,0.0939185212615854,-0.19106956438439893,-747.0,-0.2852397409084606,-0.09417017652406479,-0.0013344649735588243,0.023503296990272204,0.042232813214075904,0.0490174316119345,0.037088202650649604,0.1434118952797545,0.24691519227002678,50.0,S&P 500 Index x $50,191462.5,9380705187.5,16054322087.5,-6673616900.0,-556198562.5,1144754287.5,55419969400.0,48566186287.5,6853783112.5,699412512.5,-869239750.0,66492437237.5,66312271025.0,180166212.5,143213950.0,275706000.0,8611025937.5,8791192150.0,-180166212.5,-143022487.5,-275514537.5
2023-01-03,S&P 500 Consolidated - CHICAGO MERCANTILE EXCHANGE,402199,52252,85712,-33460,-8.31926484153367,12.991578795571346,21.310843637105016,8414,2.091999234209931,294962,261652,33310,8.281969870636177,73.33732803910502,65.05535816846884,355629,355778,-149,-0.03704633775817444,88.42115470202562,88.45820103978379,46571,46421,150,0.037294970897491043,11.579093931113702,11.54179896021621,3824.14,2023-01-09,2023-01-09,3892.09,0.01776870093668137,2023-01-10,2023-01-10,3919.25,0.024870951377303108,2023-01-11,2023-01-11,3969.61,0.03803992531654177,2023-01-12,2023-01-12,3983.17,0.04158582060280236,2023-01-13,2023-01-13,3999.09,0.0457488481070254,0.01776870093668137,0.006978255898501873,0.012849397206098123,0.00341595270064321,0.003996816605869258,0.027491656153891597,-0.0013344649735588243,0.56663284929542,1396.0,0.5012024654654486,-0.06543038382997324,-0.843818505500181,-2487.0,-0.4541684606833911,0.3896500448168041,-0.27693702306544354,-1090.0,-0.11329421222046676,0.16364281084496213,0.27718565620476016,1091.0,0.11354284535979176,-0.16364281084496746,0.024870951377303108,0.04362549488250944,0.05041917921415018,0.06601745751986066,0.07229337838049865,0.1651220928104098,0.24023440564414478,50.0,S&P 500 Index x $50,191207.0,9990948164.0,16388734384.0,-6397786220.0,266924972.0,1392751788.0,56398799134.0,50029693964.0,6369105170.0,-475531809.0,-1149918898.0,67998754203.0,68027244046.0,-28489843.0,-208415630.0,242832890.0,8904701197.0,8876020147.0,28681050.0,208606837.0,-242641683.0
2023-01-10,S&P 500 Consolidated - CHICAGO MERCANTILE EXCHANGE,406513,48701,91335,-42634,-10.487733479618118,11.98018267558479,22.467916155202907,7837,1.9278596256454283,302587,262000,40587,9.984182547667602,74.43476592384499,64.45058337617739,359124,361172,-2048,-0.5037969265435546,88.34256223048217,88.84635915702573,47389,45341,2048,0.5037969265435546,11.657437769517825,11.153640842974271,3919.25,2023-01-16,2023-01-17,3990.97,0.018299419531798033,2023-01-17,2023-01-17,3990.97,0.018299419531798033,2023-01-18,2023-01-18,3928.86,0.0024519997448491093,2023-01-19,2023-01-19,3898.85,-0.005205077502073108,2023-01-20,2023-01-20,3972.61,0.013614849779932436,0.018299419531798033,0.0,-0.01556263264319191,-0.007638348019527341,0.01891839901509429,-0.004600385369972648,0.024870951377303108,-2.1684686380844482,-9174.0,-1.0113961199865553,1.1570725180978911,1.7022126770314259,7277.0,1.0974378847399748,-0.604774792291451,-0.4667505887853801,-1899.0,-0.07859247154344473,0.38815811724194305,0.4665019556460635,1898.0,0.07834383840412329,-0.3881581172419395,0.018299419531798033,0.024928238821203097,0.04014798749760784,0.06244817248197987,0.04839956624354147,0.13268099763985464,0.21362505581425006,50.0,S&P 500 Index x $50,195962.5,9543569712.5,17898234937.5,-8354665225.0,-1797759975.0,664508837.5,59295704987.5,51342175000.0,7953529987.5,1426019112.5,-383694575.0,70374836850.0,70776168050.0,-401331200.0,-372132787.5,280422337.5,9286466912.5,8885135712.5,401331200.0,371936825.0,-280422337.5
2023-01-17,S&P 500 Consolidated - CHICAGO MERCANTILE EXCHANGE,411294,52067,97431,-45364,-11.029579813953037,12.659314261817581,23.688894075770616,8630,2.09825574892899,303624,257392,46232,11.240621064250876,73.82164582999022,62.58102476573934,364321,363452,869,0.21128438537882877,88.5792158407368,88.36793145535798,46973,47842,-869,-0.21128438537882877,11.420784159263203,11.632068544642033,3990.97,2023-01-23,2023-01-23,4019.81,0.007226313402506124,2023-01-24,2023-01-24,4016.95,0.006509695637902491,2023-01-25,2023-01-25,4016.22,0.006326782711972179,2023-01-26,2023-01-26,4060.43,0.01740429018509282,2023-01-27,2023-01-27,4070.56,0.019942520239440542,0.007226313402506124,-0.0007114764130643492,-0.00018172991946630024,0.011007863115068517,0.002494809663015962,0.012624974812242451,0.018299419531798033,-0.5418463343349185,-2730.0,0.6791315862327902,1.2209779205677087,1.2564385165832732,5645.0,-0.613120093854775,-1.8695586104380482,0.7150813119223833,2917.0,0.23665361025462062,-0.47842770166775495,-0.7150813119223833,-2917.0,-0.2366536102546224,0.47842770166776205,0.006509695637902491,0.021455936777274642,0.04335537475851736,0.03637211003841179,0.041067710356128995,0.1413215333615636,0.1941908859249757,50.0,S&P 500 Index x $50,199548.5,10389891749.5,19442209903.5,-9052318154.0,-544767405.0,-2676544030.5,60587713764.0,51362187512.0,9225526252.0,1126451282.5,2811239268.0,72699709068.5,72526301422.0,173407646.5,582082974.5,134894786.0,9373391690.5,9546799337.0,-173407646.5,-582082974.5,-134695237.5
2023-01-24,S&P 500 Consolidated - CHICAGO MERCANTILE EXCHANGE,404887,50095,91893,-41798,-10.323374176004663,12.372587907243256,22.69596208324792,8842,2.1838191890576875,297126,256573,40553,10.01588097419774,73.38491974303942,63.369038768841676,356063,357308,-1245,-0.3074932018069239,87.94132683934036,88.24882004114728,48824,47579,1245,0.3074932018069239,12.058673160659641,11.751179958852717,4016.95,2023-01-30,2023-01-30,4017.77,0.00020413497803062342,2023-01-31,2023-01-31,4076.6,0.014849574926250053,2023-02-01,2023-02-01,4119.21,0.025457125430986327,2023-02-02,2023-02-02,4179.76,0.04053075094287961,2023-02-03,2023-02-03,4136.48,0.02975640722438655,0.00020413497803062342,0.014642450911824145,0.010452337732424155,0.01469942051995421,-0.010354661511665864,0.02954624082513413,0.006509695637902491,0.7062056379483739,3566.0,-0.28672635457432527,-0.9929319925226956,-1.2247400900531353,-5679.0,-0.43672608695079873,0.788014003102333,-0.5187775871857527,-2114.0,-0.6378890013964309,-0.1191114142106926,0.5187775871857527,2114.0,0.637889001396438,0.11911141421068372,0.014849574926250053,0.036607376243169565,0.029669276441081083,-0.004881813316073069,0.013612317803308516,0.13704676433612573,0.21101830991174908,50.0,S&P 500 Index x $50,200847.5,10061455512.5,18456479317.5,-8395023805.0,716222185.0,-1394283345.0,59677014285.0,51532045617.5,8144968667.5,-1140612952.5,955230710.0,71514363392.5,71764418530.0,-250055137.5,-424591615.0,-439052635.0,9806178340.0,9556123202.5,250055137.5,424591615.0,439052635.0
2023-01-31,S&P 500 Consolidated - CHICAGO MERCANTILE EXCHANGE,412284,50688,95139,-44451,-10.781645661728323,12.294437814710248,23.076083476438573,8657,2.099766180593959,303814,256857,46957,11.389479096933181,73.69046579542258,62.30098669848939,363158,360652,2506,0.6078334352048588,88.0844272394757,87.47659380427083,49126,51631,-2505,-0.6075908839537794,11.915572760524299,12.523163644478078,4076.6,2023-02-06,2023-02-06,4111.08,0.00845802874944801,2023-02-07,2023-02-07,4164.0,0.021439434823137038,2023-02-08,2023-02-08,4117.86,0.010121179414217751,2023-02-09,2023-02-09,4081.5,0.001201982043860017,2023-02-10,2023-02-10,4090.46,0.0033998920669184862,0.00845802874944801,0.01287252984617182,-0.011080691642651352,-0.008829829085981511,0.0021952713463186946,-0.0050157136324274765,0.014849574926250053,-0.4582714857236603,-2653.0,-0.07815009253300786,0.3801213931906524,1.3735981227354408,6404.0,0.3055460523831641,-1.0680520703522873,0.9153266370117827,3751.0,0.14310040013533865,-0.772226236876449,-0.9150840857607032,-3750.0,-0.1431004001353422,0.7719836856253615,0.021439434823137038,0.014602855320610342,-0.01944267281558154,-0.026112446646715304,0.010543099641858511,0.12268311828484513,0.2081072462346074,50.0,S&P 500 Index x $50,203830.0,10331735040.0,19392182370.0,-9060447330.0,-540760990.0,-2240295530.0,61926407620.0,52355162310.0,9571245310.0,1305327320.0,2781668010.0,74022495140.0,73511697160.0,510797980.0,764566330.0,541168650.0,10013352580.0,10523946730.0,-510594150.0,-764362500.0,-541168650.0
2023-02-07,S&P 500 Consolidated - CHICAGO MERCANTILE EXCHANGE,410617,49623,93132,-43509,-10.59600552339528,12.084984304108207,22.68098982750349,9069,2.2086275044627963,302763,259787,42976,10.46620086357847,73.7336739589447,63.26747309536624,361455,361989,-534,-0.13004819576393573,88.02728576751572,88.15733396327965,49162,48628,534,0.13004819576393573,11.972714232484286,11.84266603672035,4164.0,2023-02-13,2023-02-13,4137.29,-0.006414505283381389,2023-02-14,2023-02-14,4136.13,-0.006693083573486969,2023-02-15,2023-02-15,4147.6,-0.003938520653217981,2023-02-16,2023-02-16,4090.41,-0.01767291066282428,2023-02-17,2023-02-17,4079.09,-0.02039145052833813,-0.006414505283381389,-0.0002803767683676739,0.0027731236687436045,-0.01378869707782826,-0.0027674487398573477,-0.014067179240517258,0.021439434823137038,0.18564013833304216,942.0,-0.20945351060204054,-0.3950936489350845,-0.9232782333547114,-3981.0,0.043208163522123755,0.9664863968768529,-0.7378816309687946,-3040.0,-0.057141471959980095,0.6807401590088205,0.737639079717715,3039.0,0.0571414719599872,-0.6804976077577276,-0.006693083573486969,-0.040024015369836685,-0.046553794428434214,-0.0426585014409222,-0.01076609029779052,0.08054274735830935,0.1897766570605186,50.0,S&P 500 Index x $50,208200.0,10331508600.0,19390082400.0,-9058573800.0,196124400.0,-182175000.0,63035256600.0,54087653400.0,8947603200.0,-828844200.0,497389800.0,75254931000.0,75366109800.0,-111178800.0,-632928000.0,315214800.0,10235528400.0,10124349600.0,111178800.0,632719800.0,-315214800.0
2023-02-14,S&P 500 Consolidated - CHICAGO MERCANTILE EXCHANGE,415269,48455,97746,-49291,-11.869655572652906,11.66834028063737,23.537995853290276,9281,2.234936872244256,305776,255549,50227,12.095051641225327,73.63323532457274,61.53818368334743,363511,362575,936,0.22539606857241934,87.5362716696888,87.3108756011164,51758,52694,-936,-0.22539606857241934,12.463728330311195,12.689124398883614,4136.13,2023-02-20,2023-02-21,3997.34,-0.03355552170748988,2023-02-21,2023-02-21,3997.34,-0.03355552170748988,2023-02-22,2023-02-22,3991.05,-0.03507626694518784,2023-02-23,2023-02-23,4012.32,-0.029933778677169176,2023-02-24,2023-02-24,3970.04,-0.04015589451975643,-0.03355552170748988,0.0,-0.0015735464083616035,0.0053294245875146196,-0.010537544363360851,-0.006829541645194115,-0.006693083573486969,-1.2736500492576255,-5782.0,-0.4166440234708375,0.857006025786788,1.628850777646857,7251.0,-0.10043863437196876,-1.7292894120188151,0.35544426433635506,1470.0,-0.49101409782691974,-0.8464583621632613,-0.35544426433635506,-1470.0,0.4910140978269091,0.8464583621632631,-0.03355552170748988,-0.04012929961098899,-0.03620775942729082,-0.05242581833743143,-0.006341676881529423,0.0729498347489077,0.19753731144814113,50.0,S&P 500 Index x $50,206806.5,10020808957.5,20214508149.0,-10193699191.5,-1195755183.0,-812129125.5,63236464344.0,52849194268.5,10387270075.5,1499553931.5,826191967.5,75176437621.5,74982866737.5,193570884.0,304005555.0,13856035.5,10703890827.0,10897461711.0,-193570884.0,-304005555.0,-13856035.5
2023-02-21,S&P 500 Consolidated - CHICAGO MERCANTILE EXCHANGE,414897,46362,93220,-46858,-11.29388739855916,11.174339655384347,22.468227053943508,9700,2.337929654829994,308505,260274,48231,11.624812905371694,74.35700908900282,62.73219618363112,364566,363194,1372,0.3306844831367785,87.86903737554141,87.53835289240463,50331,51703,-1372,-0.3306844831367785,12.1309626244586,12.461647107595379,3997.34,2023-02-27,2023-02-27,3982.24,-0.003777512045510356,2023-02-28,2023-02-28,3970.15,-0.006802023345524821,2023-03-01,2023-03-01,3951.39,-0.011495144270940227,2023-03-02,2023-03-02,3981.35,-0.0040001601064708625,2023-03-03,2023-03-03,4045.64,0.012083035218420246,-0.003777512045510356,-0.0030359797500902896,-0.004725262269687613,0.0075821419804169565,0.0161477890665227,0.01592068785407208,-0.03355552170748988,0.5757681740937457,2433.0,-0.49400062525302246,-1.0697687993467682,-0.4702387358536324,-1996.0,0.7237737644300779,1.1940125002836908,0.10528841456435917,436.0,0.33276570585260856,0.22747729128823835,-0.10528841456435917,-436.0,-0.33276570585259435,-0.2274772912882348,-0.006802023345524821,-0.0027443249761092137,-0.019525484447157404,0.001383419974282818,0.03708466129976418,0.09761741558136161,0.24470522897726998,50.0,S&P 500 Index x $50,199867.0,9266233854.0,18631601740.0,-9365367886.0,486276411.0,-1011327020.0,61659968835.0,52020183558.0,9639785277.0,-398934532.0,1534578826.0,72864712722.0,72590495198.0,274217524.0,87142012.0,523051939.0,10059505977.0,10333723501.0,-274217524.0,-87142012.0,-523051939.0
2023-02-28,S&P 500 Consolidated - CHICAGO MERCANTILE EXCHANGE,422632,49591,86369,-36778,-8.702133297999206,11.733848833027315,20.43598213102652,9944,2.352874368244714,313251,276277,36974,8.748509341460183,74.11909178670805,65.37058244524788,372785,372590,195,0.04613943099434023,88.20557837551345,88.15943894451911,49847,50042,-195,-0.04613943099434023,11.794421624486551,11.840561055480892,3970.15,2023-03-06,2023-03-06,4048.42,0.019714620354394752,2023-03-07,2023-03-07,3986.37,0.00408548795385566,2023-03-08,2023-03-08,3992.01,0.0055060891905847065,2023-03-09,2023-03-09,3918.32,-0.013054922358097243,2023-03-10,2023-03-10,3861.59,-0.027344055010515955,0.019714620354394752,-0.015326967063694075,0.001414821002566402,-0.018459372596762003,-0.014478143694236278,-0.04614886795342377,-0.006802023345524821,2.591754100559955,10080.0,0.5595091776429673,-2.0322449229169877,-2.8763035639115113,-11257.0,-0.23791730229476116,2.638386261616759,-0.2845450521424383,-1177.0,0.3365409999720441,0.6210860521144781,0.2845450521424383,1177.0,-0.33654099997204945,-0.621086052114487,0.00408548795385566,-0.012810599095752107,0.008241502210244,0.00028210521013050105,0.059284913668249395,0.1328614787854363,0.27909021069732876,50.0,S&P 500 Index x $50,198507.5,9844185432.5,17144894267.5,-7300708835.0,2000955600.0,1523148047.5,62182672882.5,54843056577.5,7339616305.0,-2234598927.5,-1981700372.5,74000618387.5,73961909425.0,38708962.5,-233643327.5,-458750832.5,9895003352.5,9933712315.0,-38708962.5,233643327.5,458552325.0
2023-03-07,S&P 500 Consolidated - CHICAGO MERCANTILE EXCHANGE,426634,45660,87557,-41897,-9.820361246407929,10.702381901114304,20.52274314752223,9693,2.271970822766118,324462,276926,47536,11.142103067266088,76.0516039509275,64.90950088366141,379815,374176,5639,1.3217418208581595,89.02595667480792,87.70421485394976,46819,52458,-5639,-1.3217418208581595,10.974043325192085,12.295785146050244,3986.37,2023-03-13,2023-03-13,3855.76,-0.03276414382006676,2023-03-14,2023-03-14,3919.29,-0.016827339158181465,2023-03-15,2023-03-15,3891.93,-0.02369072614935397,2023-03-16,2023-03-16,3960.28,-0.006544801410807266,2023-03-17,2023-03-17,3916.64,-0.01749210434555748,-0.03276414382006676,0.016476647924144494,-0.006980856226510457,0.017561980816715783,-0.01101942286909019,0.01578936448326651,0.00408548795385566,-1.1182279484087232,-5119.0,-1.0314669319130108,0.08676101649571066,2.3935937258059052,10562.0,1.932512164219446,-0.46108156158646807,1.2756023898638194,5444.0,0.820378299294461,-0.4552240905693452,-1.2756023898638194,-5444.0,-0.8203782992944664,0.4552240905693523,-0.016827339158181465,0.004139103996869231,-0.003787907294104609,0.02865514239772038,0.07462428224173889,0.12805133492375265,0.2740036674969959,50.0,S&P 500 Index x $50,199318.5,9100882710.0,17451729904.5,-8350847194.5,-1020311401.5,321301422.0,64671279147.0,55196474931.0,9474804216.0,2105201997.0,908892360.0,75704156077.5,74580199056.0,1123957021.5,1085089914.0,1230393100.5,9331892851.5,10455849873.0,-1123957021.5,-1085089914.0,-1230393100.5
2023-03-14,S&P 500 Consolidated - CHICAGO MERCANTILE EXCHANGE,510197,46660,70624,-23964,-4.697009194487619,9.145486939358719,13.842496133846339,26553,5.204460237908102,374017,337377,36640,7.181539679770756,73.30834951989134,66.12680984012059,447231,434554,12677,2.4847264880036533,87.65849269987868,85.17376621187502,62966,75643,-12677,-2.4847264880036533,12.341507300121325,14.826233788124979,3919.29,2023-03-20,2023-03-20,3951.57,0.00823618563566364,2023-03-21,2023-03-21,4002.87,0.02132529106037051,2023-03-22,2023-03-22,3936.97,0.004511021128826842,2023-03-23,2023-03-23,3948.72,0.007509013112068752,2023-03-24,2023-03-24,3970.99,0.013191164726264137,0.00823618563566364,0.012982181765728518,-0.01646318766285193,0.002984528711166279,0.0056398022650376856,0.004914502337045601,-0.016827339158181465,5.1233520519203095,17933.0,-1.5568949617555852,-6.680247013675892,-3.9605633874953323,-10896.0,-2.7432544310361635,1.2173089564591777,1.1629846671454938,7038.0,-1.3674639749292368,-2.530448642074745,-1.1629846671454938,-7038.0,1.3674639749292403,2.5304486420747345,0.02132529106037051,0.013262606237354202,0.04626092991332631,0.04838886635079298,0.1147452727407261,0.1384459940448397,0.3204611039244354,50.0,S&P 500 Index x $50,195964.5,9143703570.0,13839796848.0,-4696093278.0,3514231378.5,4963192891.5,73294054396.5,66113915116.5,7180139280.0,-2135229192.0,-2662569661.5,87641399299.5,85157157333.0,2484241966.5,1379198151.0,2300819194.5,12339100707.0,14823342673.5,-2484241966.5,-1379198151.0,-2300819194.5
2023-03-21,S&P 500 Consolidated - CHICAGO MERCANTILE EXCHANGE,429801,40625,81121,-40496,-9.422034848685787,9.452048738834948,18.874083587520737,11758,2.735684654060833,336264,282973,53291,12.398993953015465,78.2371376520762,65.83814369906072,388647,375852,12795,2.976959104329678,90.42487104497198,87.4479119406423,41154,53949,-12795,-2.976959104329678,9.575128955028024,12.552088059357702,4002.87,2023-03-27,2023-03-27,3977.53,-0.006330457896459252,2023-03-28,2023-03-28,3971.27,-0.00789433581405341,2023-03-29,2023-03-29,4027.81,0.006230529595015577,2023-03-30,2023-03-30,4050.83,0.011981403343101382,2023-03-31,2023-03-31,4109.31,0.026590921014172375,-0.006330457896459252,-0.0015738410521103363,0.014237259113583312,0.0057152646227105475,0.014436547571732294,0.03313111403308078,0.02132529106037051,-4.725025654198167,-16532.0,0.3065617994762295,5.031587453674398,5.217454273244709,16651.0,4.928788132184863,-0.28866614105986343,0.4922326163260249,118.0,2.766378345093301,2.27414572876728,-0.4922326163260249,-118.0,-2.766378345093301,-2.2741457287672766,-0.00789433581405341,0.02441498225023553,0.026498487335336884,0.037972754548611265,0.09639083957260675,0.11019093800198365,0.2936992707732202,50.0,S&P 500 Index x $50,200143.5,8130829687.5,16235840863.5,-8105011176.0,-3308772342.0,1273312947.0,67301053884.0,56635206625.5,10665847258.5,3332589418.5,1012726110.0,77785170844.5,75224334762.0,2560836082.5,23616933.0,2286239200.5,8236705599.0,10797541681.5,-2560836082.5,-23616933.0,-2286239200.5
2023-03-28,S&P 500 Consolidated - CHICAGO MERCANTILE EXCHANGE,428446,39894,84826,-44932,-10.487202587957409,9.311325114483505,19.798527702440914,12087,2.8211256494400696,334761,280566,54195,12.64920199978527,78.13376714918566,65.48456514940038,386743,377478,9265,2.1624662151122895,90.26645131475145,88.10398509963916,41704,50968,-9264,-2.1622328134700757,9.733782086890763,11.89601490036084,3971.27,2023-04-03,2023-04-03,4124.51,0.03858715222082609,2023-04-04,2023-04-04,4100.6,0.032566408227091115,2023-04-05,2023-04-05,4090.38,0.029992924177907776,2023-04-06,2023-04-06,4105.02,0.03367940230707056,2023-04-07,2023-04-10,4109.11,0.034709299543974614,0.03858715222082609,-0.0057970522559043225,-0.0024923181973370845,0.003579129567424122,0.0009963410653295313,-0.003733776860766591,-0.00789433581405341,-1.0651677392716223,-4436.0,-0.14072362435144292,0.9244441149201776,0.2502080467698047,904.0,-0.10337050289054162,-0.35357854966034097,-0.8144928892173886,-3530.0,-0.1584197302205297,0.6560731589968611,0.8147262908596025,3531.0,0.15865313186273866,-0.6560731589968629,0.032566408227091115,0.03466649207936001,0.046232061783761935,0.025271512639533533,0.10252135966579967,0.07611167208474856,0.31030627481888673,50.0,S&P 500 Index x $50,198563.5,7921492269.0,16843347451.0,-8921855182.0,-880827686.0,-1619086779.0,66471315823.5,55710166941.0,10761148882.5,179501404.0,3419462033.5,76793043680.5,74953352853.0,1839690827.5,-700929155.0,1800970945.0,8280892204.0,10120384468.0,-1839492264.0,701127718.5,-1800772381.5
2023-04-04,S&P 500 Consolidated - CHICAGO MERCANTILE EXCHANGE,443902,32753,97045,-64292,-14.483376961581609,7.378430374271799,21.86180733585341,12876,2.9006402314024267,338081,281787,56294,12.681627926884762,76.16117971984806,63.479551792963306,383710,391707,-7997,-1.8015237597487732,86.4402503255223,88.24177408527108,60192,52195,7997,1.8015237597487732,13.5597496744777,11.758225914728927,4100.6,2023-04-10,2023-04-10,4109.11,0.0020753060527725076,2023-04-11,2023-04-11,4108.94,0.002033848705067287,2023-04-12,2023-04-12,4091.95,-0.0021094473979419437,2023-04-13,2023-04-13,4146.22,0.011125201190069767,2023-04-14,2023-04-14,4137.64,0.00903282446471243,0.0020753060527725076,-4.137148920324574e-05,-0.004134886369720592,0.013262625398648753,-0.0020693547375681964,0.0069431093351115525,0.032566408227091115,-3.9961743736242,-19360.0,-1.9328947402117063,2.0632796334124954,0.03242592709949221,2099.0,-1.9725874293375938,-2.0050133564370753,-3.9639899748610627,-17262.0,-3.82620098922915,0.13778898563191433,3.963756573218849,17261.0,3.8259675875869377,-0.13778898563191255,0.002033848705067287,0.013234648588011488,-0.007064819782470866,0.004628590937911348,0.0865702580110228,0.03142223089303986,0.2695239721016436,50.0,S&P 500 Index x $50,205030.00000000003,6715347590.000001,19897136350.000004,-13181788760.000002,-3969380800.0000005,-4591646850.000001,69316747430.00002,57774788610.00001,11541958820.000002,430357970.00000006,1795652740.0000002,78672061300.00002,80311686210.00002,-1639624910.0000002,-3539227860.0000005,-2795789080.0000005,12341165760.000002,10701540850.000002,1639624910.0000002,3539022830.0000005,2795789080.0000005
2023-04-11,S&P 500 Consolidated - CHICAGO MERCANTILE EXCHANGE,449694,41401,102924,-61523,-13.68108091279848,9.206482630410902,22.88756354320938,12866,2.8610566296192523,349976,281573,68403,15.211010153571095,77.82536569311577,62.61435553954466,404243,397363,6880,1.5299292407726142,89.89290495314592,88.3629757123733,45451,52331,-6880,-1.5299292407726142,10.107095046854083,11.637024287626698,4108.94,2023-04-17,2023-04-17,4151.32,0.01031409560616603,2023-04-18,2023-04-18,4154.87,0.011178065389127134,2023-04-19,2023-04-19,4154.52,0.011092885269680552,2023-04-20,2023-04-20,4129.79,0.005074301401334802,2023-04-21,2023-04-21,4133.52,0.005982078102868549,0.01031409560616603,0.0008551496873283604,-8.423849602978706e-05,-0.005952552882162232,0.0009031936248575789,-0.004287792798435053,0.002033848705067287,0.8022960487831288,2769.0,1.8280522561391024,1.0257562073559718,2.5293822266863337,12109.0,1.6641859732677062,-0.8651962534186453,3.331453000521387,14877.0,3.452654627623616,0.1212016271022236,-3.331453000521387,-14877.0,-3.452654627623618,-0.12120162710222893,0.011178065389127134,-0.009080200733035615,0.0025894756311848344,0.00248969320554715,0.08039056301625247,0.060672582223152416,0.26794501744975596,50.0,S&P 500 Index x $50,205446.99999999997,8505711246.999999,21145427027.999996,-12639715780.999998,568882742.9999999,-7716383872.999999,71901519271.99998,57848328130.99999,14053191140.999998,2487757722.9999995,6525613060.999999,83050511620.99998,81637036260.99998,1413475359.9999998,3056435018.9999995,-1190976258.9999998,9337771596.999998,10751246956.999998,-1413475359.9999998,-3056435018.9999995,1190976258.9999998
2023-04-18,S&P 500 Consolidated - CHICAGO MERCANTILE EXCHANGE,455664,40912,109763,-68851,-15.11003722040802,8.978545594999824,24.088582815407843,13550,2.9736823624425015,352872,280906,71966,15.793654973840374,77.44127251659117,61.6476175427508,407334,404219,3115,0.6836177534323536,89.39350047403349,88.70988272060114,48330,51445,-3115,-0.6836177534323536,10.606499525966502,11.290117279398855,4154.87,2023-04-24,2023-04-24,4137.04,-0.00429134966918332,2023-04-25,2023-04-25,4071.63,-0.020034321170096736,2023-04-26,2023-04-26,4055.99,-0.023798578535549897,2023-04-27,2023-04-27,4135.35,-0.00469810126429937,2023-04-28,2023-04-28,4169.48,0.0035163555057076135,-0.00429134966918332,-0.015810821263512076,-0.003841213469789828,0.019566123190639217,0.008253231286347917,0.007841355171813502,0.011178065389127134,-1.4289563076095408,-7328.0,-0.22793703541107746,1.2010192721984616,0.5826448202692784,3563.0,-0.3840931765246012,-0.9667379967938601,-0.8463114873402605,-3765.0,-0.49940447911242813,0.3469070082278449,0.8463114873402605,3765.0,0.49940447911241925,-0.34690700822784315,-0.020034321170096736,-0.008493647213992261,-0.008592326595055932,-0.01082344333276375,0.096299041847278,0.05254797382348908,0.21578051780200092,50.0,S&P 500 Index x $50,207743.5,8499202072.0,22802549790.5,-14303347718.5,-1522344368.0,-5890566942.5,73306864332.0,58356395611.0,14950468721.0,740190090.5,3879609862.5,84620990829.0,83973869826.5,647121002.5,-782154277.5,-2010957080.0,10040243355.0,10687364357.5,-647121002.5,782154277.5,2010957080.0
2023-04-25,S&P 500 Consolidated - CHICAGO MERCANTILE EXCHANGE,453159,41467,114120,-72653,-16.03256252220523,9.150651316646034,25.183213838851266,14159,3.124510381565852,349486,272158,77328,17.064209251057576,77.12215800635097,60.0579487552934,405111,400436,4675,1.0316467288523454,89.39709903146577,88.36545230261343,48048,52722,-4674,-1.0314260557552646,10.602900968534223,11.634327024289489,4071.63,2023-05-01,2023-05-01,4167.87,0.023636725340956843,2023-05-02,2023-05-02,4119.58,0.011776610350154648,2023-05-03,2023-05-03,4090.75,0.004695908027006368,2023-05-04,2023-05-04,4061.22,-0.0025567156151222736,2023-05-05,2023-05-05,4136.25,0.01587079376072964,0.023636725340956843,-0.011586253889876552,-0.006998286233062534,-0.007218725172645657,0.018474744042430657,-0.007586608987324439,-0.020034321170096736,-0.9225253017972079,-3802.0,0.17210572164620963,1.094631023443423,1.2705542772172027,5362.0,-0.31911451024019755,-1.5896687874573985,0.3480289754199918,1560.0,0.0035985574322836555,-0.34443041798770935,-0.34780830232291093,-1559.0,-0.0035985574322783265,0.34420974489063383,0.011776610350154648,0.011675913577608998,0.009399184110540304,0.018162259340853693,0.12177678227147348,0.04323821172356035,0.24533663422265772,50.0,S&P 500 Index x $50,203581.5,8441914060.5,23232720780.0,-14790806719.5,-774016863.0,-5643482761.5,71148884109.0,55406333877.0,15742550232.0,1091604003.0,4709450839.5,82473105046.5,81521361534.0,951743512.5,317587140.0,-934439085.0,9781683912.0,10733223843.0,-951539931.0,-317383558.5,934439085.0
2023-05-02,S&P 500 Consolidated - CHICAGO MERCANTILE EXCHANGE,2304633,204931,547791,-342860,-14.876989091104745,8.892131632238192,23.769120723342933,90177,3.9128572748893204,1761417,1378981,382436,16.59422563158646,76.42939244556509,59.835166813978624,2056525,2016949,39576,1.7172365404817167,89.2343813526926,87.51714481221087,248108,287684,-39576,-1.7172365404817167,10.765618647307402,12.482855187789118,4119.58,2023-05-08,2023-05-08,4138.12,0.004500458784633343,2023-05-09,2023-05-09,4119.17,-9.952470882945708e-05,2023-05-10,2023-05-10,4137.64,0.004383942052345269,2023-05-11,2023-05-11,4130.62,0.0026798848426294875,2023-05-12,2023-05-12,4124.08,0.0010923443652022247,0.004500458784633343,-0.004579374208577791,0.004483913021312569,-0.0016966193288928677,-0.0015832974226629437,-0.0033928450600755333,0.011776610350154648,1.1555734311004837,-270207.0,-0.2585196844078421,-1.414093115508333,-0.46998361947111533,305108.0,-0.6927655607858867,-0.22278194131477846,0.6855898116293713,34901.0,-0.162717678773177,-0.8483074904025614,-0.6858104847264521,-34902.0,0.16271767877317878,0.8485281634996298,-9.952470882945708e-05,-0.0023497541011463507,0.006311322998946434,0.02086134994344091,0.11097005034493801,0.018016399730069743,0.2223794658678797,50.0,S&P 500 Index x $50,205979.0,42211482449.0,112833442389.0,-70621959940.0,-55656967653.0,-57379158072.0,362814912243.0,284041127399.0,78773784844.0,62845840732.0,67178403018.0,423600962975.0,415449138071.0,8151824904.0,7188873079.0,9799038967.0,51105037732.0,59256862636.0,-8151824904.0,-7189079058.0,-9799038967.0
2023-05-09,S&P 500 Consolidated - CHICAGO MERCANTILE EXCHANGE,2325459,200323,564600,-364277,-15.664735435025944,8.614342372839083,24.279077807865026,96732,4.159694924743889,1777969,1379176,398793,17.149001551951677,76.4566909156429,59.30768936369121,2075024,2040507,34517,1.4843091191889428,89.23072821322586,87.74641909403692,250436,284952,-34516,-1.4842661169257338,10.769314789037347,12.253580905963082,4119.17,2023-05-15,2023-05-15,4136.28,0.004153749420392927,2023-05-16,2023-05-16,4109.9,-0.0022504533680329786,2023-05-17,2023-05-17,4158.77,0.009613587203247453,2023-05-18,2023-05-18,4198.05,0.019149488853337004,2023-05-19,2023-05-19,4191.98,0.017675891016879497,0.004153749420392927,-0.006377711373504735,0.011890800262780221,0.009445100354191105,-0.001445909410321633,0.013466206349666887,-9.952470882945708e-05,-0.7877463439211994,-21417.0,-0.2777892593991087,0.5099570845220924,0.5547759203652163,16357.0,0.02729847007780961,-0.5274774502874138,-0.23292742129277388,-5059.0,-0.003653139466734956,0.2292742818260507,0.23297042355598285,5060.0,0.003696141729944813,-0.22927428182603649,-0.0022504533680329786,0.0064114858090342786,0.020962960984858725,0.039978927793706154,0.09230257551885446,0.06292772573115468,0.2594042003607522,50.0,S&P 500 Index x $50,205958.5,41258224595.5,116284169100.0,-75025944504.5,-4411013194.5,-62354759709.0,366187828286.5,284053020196.0,82134808090.5,3368863184.5,68046628815.0,427368830504.0,420259760959.5,7109069544.5,-1041944051.5,5692075064.5,51579422906.0,58688286492.0,-7108863586.0,1042150010.0,-5691869106.0
2023-05-16,S&P 500 Consolidated - CHICAGO MERCANTILE EXCHANGE,2339836,195781,570426,-374645,-16.01159226544083,8.367295827570821,24.378888093011646,96610,4.128921856061707,1798805,1382757,416048,17.78107525484692,76.87739653548368,59.096321280636765,2091196,2049793,41403,1.7694829894060953,89.37361421911622,87.60413122971012,248640,290043,-41403,-1.7694829894060953,10.626385780883789,12.395868770289884,4109.9,2023-05-22,2023-05-22,4192.63,0.02012944353877244,2023-05-23,2023-05-23,4145.58,0.008681476434949875,2023-05-24,2023-05-24,4115.24,0.0012993016861724271,2023-05-25,2023-05-25,4151.28,0.010068371493223705,2023-05-26,2023-05-26,4205.45,0.023248740845276172,0.02012944353877244,-0.011222073018606449,-0.007318638164020563,0.00875769092446621,0.013048987300302572,0.0030577465695755812,-0.0022504533680329786,-0.34685683041488424,-10368.0,-0.24704654526826175,0.09981028514662071,0.6320737028952443,17255.0,0.42070561984078836,-0.21136808305444532,0.28517387021715246,6886.0,0.14288600589036093,-0.14228786432680351,-0.2852168724803614,-6887.0,-0.14292900815355836,0.14228786432680174,0.008681476434949875,0.023265772889851544,0.04232463076960524,0.06304532957006259,0.07979756198447663,0.09387089710211938,0.27659553760432143,50.0,S&P 500 Index x $50,205494.99999999997,40232016594.99999,117219690869.99998,-76987674274.99998,-2130572159.9999998,-62839138029.99999,369645433474.99994,284149649714.99994,85495783759.99998,3545816224.9999995,70707130589.99998,429730322019.99994,421222212534.99994,8508109484.999999,1415038569.9999998,7867992559.999999,51094276799.99999,59602386284.99999,-8508109484.999999,-1415244064.9999998,-7867992559.999999
2023-05-23,S&P 500 Consolidated - CHICAGO MERCANTILE EXCHANGE,2420808,189899,578429,-388530,-16.049599968275054,7.8444469780337815,23.894046946308837,94482,3.902911755083427,1882185,1460658,421527,17.412657261542428,77.7502800717777,60.33762281023526,2166566,2133570,32996,1.3630159847455892,89.49763880489489,88.13462282014932,254242,287238,-32996,-1.3630159847455892,10.502361195105106,11.865377179850695,4145.58,2023-05-29,2023-05-30,4205.52,0.014458772958186872,2023-05-30,2023-05-30,4205.52,0.014458772958186872,2023-05-31,2023-05-31,4179.83,0.008261811375006589,2023-06-01,2023-06-01,4221.02,0.018197694894321215,2023-06-02,2023-06-02,4282.37,0.03299658913831105,0.014458772958186872,0.0,-0.006108638170785219,0.009854467765435526,0.014534401637518846,0.018273602313150228,0.008681476434949875,-0.03800770283422494,-13885.0,-0.5228488495370396,-0.4848411467028093,-0.36841799330449376,5479.0,0.8728835362940117,1.2413015295984948,-0.4064670046605061,-8407.0,0.12402458577867037,0.5304915904391976,0.4064670046605061,8407.0,-0.1240245857786828,-0.5304915904391887,0.014458772958186872,0.03335359587801956,0.05389595665745217,0.05864800582789376,0.05836818973460889,0.0947056865384337,0.2836346180751548,50.0,S&P 500 Index x $50,207279.0,39362074821.0,119896184691.0,-80534109870.0,-2878068915.0,-65474668683.0,390137424615.0,302763729582.0,87373695033.0,1135681641.0,71345224521.0,449083633914.0,442244256030.0,6839377884.0,-1742594553.0,5870348559.0,52699027518.0,59538405402.0,-6839377884.0,1742594553.0,-5870555838.0
2023-05-30,S&P 500 Consolidated - CHICAGO MERCANTILE EXCHANGE,2533871,178251,596043,-417792,-16.488290051072056,7.034730655191207,23.52302070626326,110564,4.363442337830143,1982320,1547296,435024,17.168356242287,78.23286978697811,61.06451354469111,2271136,2253903,17233,0.6801056565231616,89.63108224530767,88.95097658878451,262736,279969,-17233,-0.6801056565231616,10.368957220000546,11.049062876523706,4205.52,2023-06-05,2023-06-05,4273.79,0.016233426544160823,2023-06-06,2023-06-06,4283.85,0.018625520744164792,2023-06-07,2023-06-07,4267.52,0.01474252886682259,2023-06-08,2023-06-08,4293.93,0.02102237059864165,2023-06-09,2023-06-09,4298.86,0.02219463942627775,0.016233426544160823,0.002353882619408054,-0.0038119915496573897,0.006188606028794119,0.0011481323635922358,0.005865987800055539,0.014458772958186872,-0.4386900827970024,-29262.0,-0.8097163228425748,-0.3710262400455768,-0.24430101925542758,13497.0,0.4825897152004188,0.72689073445585,-0.6829103282224276,-15763.0,0.13344344041277623,0.8163537686351958,0.6829103282224276,15763.0,-0.13340397510456015,-0.8163143033269886,0.018625520744164792,0.038875097490916666,0.043559417146987744,0.04111025509330579,0.06945871140786397,0.08307415016454556,0.26168464304057504,50.0,S&P 500 Index x $50,210276.00000000003,37481907276.00001,125333537868.00002,-87851630592.00002,-6153096312.000001,-15756401232.000002,416834320320.00006,325359213696.00006,91475106624.00002,2838095172.0000005,11057994288.000002,477565393536.00006,473941707228.00006,3623686308.0000005,-3314580588.0000005,-4698196668.000001,55247075136.00001,58870761444.00001,-3623686308.0000005,3314580588.0000005,4698196668.000001
2023-06-06,S&P 500 Consolidated - CHICAGO MERCANTILE EXCHANGE,2544164,246110,571756,-325646,-12.799725174949414,9.673511613245058,22.473236788194473,116292,4.570931748110578,1917778,1567072,350706,13.784724569642522,75.37949597588835,61.59477140624582,2280179,2255119,25060,0.9849993946931094,89.62390003160174,88.63890063690863,263985,289045,-25060,-0.9849993946931094,10.376099968398265,11.361099363091373,4283.85,2023-06-12,2023-06-12,4338.93,0.012857593052977956,2023-06-13,2023-06-13,4369.01,0.019879314168329776,2023-06-14,2023-06-14,4372.59,0.020715011029798003,2023-06-15,2023-06-15,4425.84,0.03314541825694173,2023-06-16,2023-06-16,4409.59,0.029352101497484684,0.012857593052977956,0.006932584761680793,0.0008194076003487094,0.012178136985173449,-0.0036716193988033385,0.016285120986049506,0.018625520744164792,3.6885648761226424,92146.0,2.638780958053851,-1.049783918068787,-3.383631672644478,-84318.0,-2.8533738110897673,0.5302578615547091,0.3048937381699478,7827.0,-0.007182213705931417,-0.3120759518758831,-0.3048937381699478,-7827.0,0.00714274839771889,0.312036486567667,0.019879314168329776,0.024477981255179193,0.022073602016877247,0.040090105862716996,0.04971696021102501,0.0661391038435053,0.23518330473756066,50.0,S&P 500 Index x $50,214192.50000000003,52714916175.00001,122465847030.00002,-69750930855.00002,19736982105.000004,8274470467.500001,410773664265.00006,335655069360.00006,75118594905.00002,-18060283215.000004,-10299874747.500002,488397240457.50006,483029576407.50006,5367664050.000001,1676484697.5000002,-2025618472.5000002,56543607112.50001,61911271162.50001,-5367664050.000001,-1676484697.5000002,2025404280.0000002
2023-06-13,S&P 500 Consolidated - CHICAGO MERCANTILE EXCHANGE,2956473,247813,553488,-305675,-10.3391777973281,8.38204847465206,18.72122627198016,220613,7.462033307931444,2152639,1845404,307235,10.391943373066487,72.81104884096692,62.41910546790044,2621064,2619504,1560,0.052765575738388276,88.65509679946342,88.60233122372503,335409,336968,-1559,-0.05273175165137648,11.344903200536585,11.39763495218796,4369.01,2023-06-19,2023-06-20,4388.71,0.0045090306499642185,2023-06-20,2023-06-20,4388.71,0.0045090306499642185,2023-06-21,2023-06-21,4365.69,-0.0007598975511615702,2023-06-22,2023-06-22,4381.89,0.002948036282819144,2023-06-23,2023-06-23,4348.33,-0.0047333377584396485,0.0045090306499642185,0.0,-0.005245277085977551,0.003710753626574581,-0.007658795633847637,-0.009200881352379175,0.019879314168329776,2.460547377621314,19971.0,-1.2914631385929987,-3.7520105162143125,-3.392781196576035,-43471.0,-2.5684471349214277,0.8243340616546178,-0.9322338189547211,-23500.0,-0.9688032321383133,-0.03656941318359941,0.9322676430417329,23501.0,0.9688032321383204,0.03653558909658727,0.0045090306499642185,0.0021515171629269414,0.019816846379385744,0.01607915752081146,0.021261109496201414,0.06287236696642928,0.23032906768352546,50.0,S&P 500 Index x $50,218450.5,54134873756.5,120909730344.0,-66774856587.5,4362674935.5,15066530985.0,470245065869.5,403129426502.0,67115639367.5,-9496261685.5,-23770254256.5,572572741332.0,572231958552.0,340782780.0,-5133586750.0,-8703723271.5,73270263754.5,73610828084.0,-340564329.5,5133805200.5,8703941722.0
2023-06-20,S&P 500 Consolidated - CHICAGO MERCANTILE EXCHANGE,2233907,211190,449838,-238648,-10.682987250588319,9.453840289680816,20.136827540269135,55399,2.4799152337138475,1719676,1469013,250663,11.220834170804784,76.98064422556534,65.75981005476056,1986265,1974250,12015,0.5378469202164637,88.91439974896001,88.37655282874354,247642,259658,-12016,-0.5378916848373724,11.085600251039994,11.623491935877366,4388.71,2023-06-26,2023-06-26,4328.82,-0.013646379004308873,2023-06-27,2023-06-27,4378.41,-0.002346931102761407,2023-06-28,2023-06-28,4376.86,-0.0027001100551188317,2023-06-29,2023-06-29,4396.44,0.0017613376140139803,2023-06-30,2023-06-30,4450.38,0.01405196515604823,-0.013646379004308873,0.011455777787018118,-0.00035400978894173374,0.004473526683512752,0.012269017659743087,0.02808155571264237,0.0045090306499642185,-0.34380945326021894,67027.0,1.0717918150287566,1.4156012682889738,0.8288907977382962,-56572.0,4.1695953845984235,3.3407045868601273,0.4850813444780755,10455.0,0.25930294949658617,-0.22577839498148933,-0.4851599331859959,-10457.0,-0.2593029494965915,0.22585698368940577,-0.002346931102761407,0.015239102150745865,0.011518190994620259,0.03788584800545025,0.01258684214723682,0.08650833616256248,0.2502603270664956,50.0,S&P 500 Index x $50,219435.5,46342583245.0,98710426449.0,-52367843204.0,14708103258.5,32889431611.0,377357962898.0,322353602161.5,55004360736.5,-12413905106.0,-37493627272.0,435857053407.5,433220535875.0,2636517532.5,2294198152.5,-4603976225.5,54341446091.0,56978183059.0,-2636736968.0,-2294637023.5,4603756790.0
2023-06-27,S&P 500 Consolidated - CHICAGO MERCANTILE EXCHANGE,2200098,223806,428829,-205023,-9.318812162003692,10.172546859276268,19.491359021279962,54980,2.498979590909132,1677597,1471574,206023,9.364264682755042,76.25101245489974,66.8867477721447,1956382,1955383,999,0.045407068230597,88.92249345256438,88.8770863843338,243716,244715,-999,-0.045407068230597,11.077506547435615,11.12291361566621,4378.41,2023-07-03,2023-07-03,4455.59,0.017627403555172005,2023-07-04,2023-07-05,4446.82,0.015624393329998654,2023-07-05,2023-07-05,4446.82,0.015624393329998654,2023-07-06,2023-07-06,4411.59,0.007578093417473619,2023-07-07,2023-07-07,4398.95,0.004691200687007457,0.017627403555172005,-0.0019683139606652134,0.0,-0.007922515415510367,-0.0028651801277997935,-0.012712121178115598,-0.002346931102761407,1.364175088584627,33625.0,0.7187065695954526,-0.6454685189891727,-1.8565694880497414,-44640.0,-0.7296317706656055,1.1269377173841377,-0.49243985198586676,-11016.0,0.008093703604373559,0.5005335555902519,0.4924846166067754,11017.0,-0.008093703604378888,-0.5005783202111562,0.017627403555172005,0.013897739133612586,0.04032742479575924,0.043177774580269945,-0.023953901073677453,0.09052144499944048,0.24915208945713174,50.0,S&P 500 Index x $50,218920.5,48995721423.0,93879459094.5,-44883737671.5,7361201812.5,46579495864.5,367260374038.5,322157715867.0,45102658171.5,-9772611120.0,-50133013420.5,428292125631.0,428073424051.5,218701579.5,-2411628228.0,-3553955397.0,53354428578.0,53573130157.5,-218701579.5,2411847148.5,3553955397.0
2023-07-03,S&P 500 Consolidated - CHICAGO MERCANTILE EXCHANGE,2227564,224667,425609,-200942,-9.02070602685265,10.085770824093045,19.106476850945697,61337,2.753546026062551,1690980,1484025,206955,9.29064215438928,75.91162363909633,66.62098148470706,1976984,1970972,6012,0.26989123544822957,88.75094048925195,88.48104925380372,250580,256592,-6012,-0.26989123544822957,11.249059510748063,11.518950746196294,4455.59,2023-07-10,2023-07-10,4409.53,-0.010337575943926702,2023-07-11,2023-07-11,4439.26,-0.003665058948422062,2023-07-12,2023-07-12,4472.16,0.0037189238686683446,2023-07-13,2023-07-13,4510.04,0.012220603780868533,2023-07-14,2023-07-14,4505.42,0.01118370406612823,-0.010337575943926702,0.006742215156717579,0.007411145100759908,0.00847017995778332,-0.001024381158481913,0.021746081781958804,0.017627403555172005,0.29810613515104123,4081.0,-0.08677603518322385,-0.3848821703342651,-0.07362252836576211,932.0,-0.3393888158034031,-0.26576628743764275,0.22448416721763256,5013.0,-0.1715529633124362,-0.3960371305300754,-0.22448416721763256,-5013.0,0.17155296331244863,0.39603713053008427,-0.003665058948422062,0.022306810096979213,0.025107785949784356,0.027188318494295816,-0.05075422110203143,0.06446733204805644,0.23642660119086356,50.0,S&P 500 Index x $50,222779.5,50051201926.5,94816960215.5,-44765758289.0,909163139.5,27781494768.0,376715678910.0,330610347487.5,46105331422.5,207630494.0,-32024775904.5,440431507028.0,439092156674.0,1339350354.0,1116793633.5,-4243503916.0,55824087110.0,57163437464.0,-1339350354.0,-1116793633.5,4243503916.0
2023-07-11,S&P 500 Consolidated - CHICAGO MERCANTILE EXCHANGE,2228090,226193,426919,-200726,-9.008882046955016,10.151878963596623,19.16076101055164,61282,2.750427496196294,1686533,1483062,203471,9.132081738170362,75.69411469016063,66.56203295199028,1974008,1971263,2745,0.12319969121534588,88.59642114995356,88.47322145873821,254082,256827,-2745,-0.12319969121534588,11.403578850046452,11.526778541261798,4439.26,2023-07-17,2023-07-17,4522.79,0.018816199096245656,2023-07-18,2023-07-18,4554.98,0.02606740763100146,2023-07-19,2023-07-19,4565.72,0.02848672977027711,2023-07-20,2023-07-20,4534.87,0.021537373346008026,2023-07-21,2023-07-21,4536.34,0.02186850961646769,0.018816199096245656,0.007117288222535212,0.0023578588709500803,-0.006756875147840957,0.00032415482692993436,0.0029959383477897727,-0.003665058948422062,0.011823979897634729,216.0,0.0661081395035783,0.054284159605941795,-0.15856041621891848,-3484.0,-0.21750894893570205,-0.058948532716783575,-0.1466915442328837,-3267.0,-0.154519339298389,-0.007827795065509235,0.1466915442328837,3267.0,0.154519339298389,0.007827795065503906,0.02606740763100146,0.028878686988371927,0.03096687285718769,0.013542797673486096,-0.018250789546005564,0.07146236084392443,0.2562859575695047,50.0,S&P 500 Index x $50,221963.0,50206476859.0,94760221997.0,-44553745138.0,47944008.0,23294794887.0,374347924279.0,329184890706.0,45163033573.0,-773319092.0,-23031768732.0,438156737704.0,437547449269.0,609288435.0,-725153121.0,263026155.0,56396802966.0,57006091401.0,-609288435.0,725153121.0,-263248118.0
2023-07-18,S&P 500 Consolidated - CHICAGO MERCANTILE EXCHANGE,2301847,235764,489720,-253956,-11.032705475211863,10.242383616287269,21.27508909149913,65464,2.8439770323570595,1732381,1494841,237540,10.319539048425026,75.26047560936935,64.94093656094432,2033609,2050025,-16416,-0.7131664267868368,88.34683625801367,89.06000268480051,268237,251821,16416,0.7131664267868368,11.653120298612375,10.939953871825539,4554.98,2023-07-24,2023-07-24,4554.64,-7.464357691999712e-05,2023-07-25,2023-07-25,4567.46,0.0027398583528359666,2023-07-26,2023-07-26,4566.75,0.002583985001031852,2023-07-27,2023-07-27,4537.41,-0.0038573166073176957,2023-07-28,2023-07-28,4582.23,0.005982463150222328,-7.464357691999712e-05,0.002814712029929778,-0.00015544744781559316,-0.006424700279192064,0.009877881875342887,0.006057558885004921,0.02606740763100146,-2.023823428256847,-53230.0,0.09050465269064567,2.114328080947491,1.1874573102546648,34069.0,-0.43363908079128066,-1.6210963910459526,-0.8363661180021827,-19161.0,-0.24958489193988953,0.5867812260622998,0.8363661180021827,19161.0,0.24954144856592286,-0.5868246694362593,0.0027398583528359666,0.004774993523571913,-0.012206420225774783,-0.02571251684968978,-0.039907968860456,0.04632292567695129,0.2441767033005635,50.0,S&P 500 Index x $50,227748.99999999997,53695015235.99999,111533240279.99998,-57838225043.99999,-12123079269.999998,-3486381691.9999995,394548040368.99994,340448542908.99994,54099497459.99999,7759180680.999999,-2988750126.9999995,463152416140.99994,466891143724.99994,-3738727583.9999995,-4363898588.999999,-6475131818.999999,61090708512.99999,57351980928.99999,3738727583.9999995,4363898588.999999,6475359567.999999
2023-07-25,S&P 500 Consolidated - CHICAGO MERCANTILE EXCHANGE,2265346,237756,462026,-224270,-9.900032930951829,10.495350379147379,20.39538331009921,68115,3.0068254474150966,1696551,1478348,218203,9.632215122987835,74.89147353207855,65.2592584090907,2002422,2008489,-6067,-0.2678178079639931,88.39364935864103,88.66146716660501,262924,256858,6066,0.2677736645969313,11.60635064135898,11.338576976762049,4567.46,2023-07-31,2023-07-31,4588.96,0.0047072114479382865,2023-08-01,2023-08-01,4576.73,0.002029574424297076,2023-08-02,2023-08-02,4513.39,-0.011838089441396193,2023-08-03,2023-08-03,4501.89,-0.01435590021587485,2023-08-04,2023-08-04,4478.03,-0.019579810222749683,0.0047072114479382865,-0.0026650918726683903,-0.01383957541738301,-0.002547973917609636,-0.00529999622380839,-0.024173233150866502,0.0027398583528359666,1.1326725442600338,29686.0,0.25296676286011,-0.8797057813999203,-0.687323925437191,-19337.0,-0.36900207729080137,0.31832184814638254,0.4453486188228437,10349.0,0.04681310062736088,-0.3985355181955015,-0.44539276218990553,-10350.0,-0.04676965725339599,0.3986231049365099,0.002029574424297076,-0.01490543978491321,-0.028374632728037086,-0.03938950751621251,-0.07001265473589258,0.0650558516111801,0.21637408975666994,50.0,S&P 500 Index x $50,228373.0,54297050988.0,105514263698.0,-51217212710.0,6779480878.0,-4395495131.0,387446441523.0,337614767804.0,49831673719.0,-4416048701.0,2781583140.0,457299119406.0,458684658397.0,-1385538991.0,2363432177.0,-1613683618.0,60044742652.0,58659432034.0,1385310618.0,-2363660550.0,1613455245.0
2023-08-01,S&P 500 Consolidated - CHICAGO MERCANTILE EXCHANGE,2263529,235390,424874,-189484,-8.371176158997743,10.3992482535015,18.770424412499242,72951,3.2228878004213772,1689086,1502120,186966,8.259933935019168,74.62179631893385,66.36186238391467,1997428,1999945,-2517,-0.11119804517635958,88.24397655165893,88.3551745968353,266101,263584,2517,0.11119804517635958,11.756023448341065,11.644825403164704,4576.73,2023-08-07,2023-08-07,4518.44,-0.012736167525722486,2023-08-08,2023-08-08,4499.38,-0.016900712954445507,2023-08-09,2023-08-09,4467.71,-0.023820500663137123,2023-08-10,2023-08-10,4468.83,-0.02357578445746189,2023-08-11,2023-08-11,4464.05,-0.024620198263825777,-0.012736167525722486,-0.004218270022397053,-0.007038747560775049,0.00025068771249703303,-0.0010696312010077813,-0.012037340320995571,0.002029574424297076,1.5288567719540858,34786.0,-0.09610212564587783,-1.6249588975999671,-1.3722811879686674,-31237.0,-0.2696772131447034,1.102603974823964,0.15661976278763357,3550.0,-0.14967280698209606,-0.30629256976970964,-0.15657561942057174,-3549.0,0.1496728069820854,0.3062484264026555,-0.016900712954445507,-0.0303426245376065,-0.04133518909789291,-0.01728308202581308,-0.08366890771358582,0.07608926023602014,0.1878437224830829,50.0,S&P 500 Index x $50,228836.49999999997,53865823734.99999,97226679100.99998,-43360855365.99999,7960306488.999999,2622008616.9999995,386524528438.99994,343739883379.99994,42784645058.99999,-7148165750.499999,-4574212798.499999,457084432521.99994,457660413992.49994,-575981470.4999999,812369574.9999999,-1951746508.4999998,60893621486.49999,60317640015.99999,575981470.4999999,-812140738.4999999,1951746508.4999998
2023-08-08,S&P 500 Consolidated - CHICAGO MERCANTILE EXCHANGE,2245745,241035,390106,-149071,-6.637930842548909,10.732963893941653,17.370894736490563,81535,3.630643728473179,1656812,1515942,140870,6.272751358680527,73.77560675855896,67.50285539987844,1979382,1987583,-8201,-0.36517948386838217,88.1392143809738,88.50439386484219,266363,258162,8201,0.36517948386838217,11.860785619026203,11.495606135157821,4499.38,2023-08-14,2023-08-14,4489.72,-0.0021469624703848167,2023-08-15,2023-08-15,4437.86,-0.013672994945970407,2023-08-16,2023-08-16,4404.33,-0.021125132796074197,2023-08-17,2023-08-17,4370.36,-0.028675061897417087,2023-08-18,2023-08-18,4369.71,-0.02881952624583828,-0.0021469624703848167,-0.011550831677699436,-0.0075554433893813,-0.007712864385729601,-0.00014872916647590273,-0.026729951979188038,-0.016900712954445507,1.7332453164488344,40413.0,0.33371564044015223,-1.3995296760086795,-1.9871825763386415,-46096.0,-0.8461895603748815,1.1409930159637725,-0.2539814386920226,-5684.0,-0.10476217068513449,0.14921926800688823,0.2539814386920226,5684.0,0.10476217068513805,-0.1492192680068829,-0.013672994945970407,-0.024854535513781917,-0.00038894247651899416,-0.0005667447514990931,-0.026892594090741406,0.1010917059683778,0.16461156870502158,50.0,S&P 500 Index x $50,224969.0,54225402915.0,87761756714.0,-33536353799.0,9091672197.0,11620773695.0,372731338828.0,341039955798.0,31691383030.0,-10370171024.0,-14083284369.0,445299589158.0,447144559927.0,-1844970769.0,-1278723796.0,-2462510674.0,59923417747.0,58078446978.0,1844970769.0,1278723796.0,2462510674.0
2023-08-15,S&P 500 Consolidated - CHICAGO MERCANTILE EXCHANGE,2246098,260808,366991,-106183,-4.727442880942862,11.611603767956696,16.339046648899558,78311,3.4865353159123065,1637065,1540288,96777,4.30867219506896,72.88484295876671,68.57617076369775,1976183,1985589,-9406,-0.4187706858739022,87.98293752098083,88.40170820685474,269915,260508,9407,0.41881520752878987,12.01706247901917,11.598247271490381,4437.86,2023-08-21,2023-08-21,4399.77,-0.008582965663630482,2023-08-22,2023-08-22,4387.55,-0.011336545091553019,2023-08-23,2023-08-23,4436.01,-0.00041686758933345835,2023-08-24,2023-08-24,4376.31,-0.01386929736404463,2023-08-25,2023-08-25,4405.71,-0.007244482701121657,-0.008582965663630482,-0.0027774179104816943,0.011044888377340412,-0.013458039995401183,0.006717988442317857,0.001350070571870754,-0.013672994945970407,1.910487961606047,42888.0,0.8786398740150432,-1.0318480875910048,-1.9640791636115669,-44093.0,-0.8907637997922535,1.0733153638193045,-0.05359120200552003,-1205.0,-0.15627685999297114,-0.10268565798745044,0.0536357236604077,1206.0,0.1562768599929676,0.10264113633255967,-0.011336545091553019,0.013468203142956492,0.013287936077298612,0.005417025323016134,0.01303330884705689,0.11611677700513323,0.22456093702820734,50.0,S&P 500 Index x $50,221892.99999999997,57871469543.99999,81432733962.99998,-23561264418.999996,9516546983.999998,32789794288.999996,363253264044.99994,341779125183.99994,21474138860.999996,-9783928048.999998,-31234324358.999996,438501174418.99994,440588299976.99994,-2087125557.9999998,-267381064.99999997,1555469929.9999998,59892249094.99999,57804901643.99999,2087347450.9999998,267602957.99999997,-1555248036.9999998
2023-08-22,S&P 500 Consolidated - CHICAGO MERCANTILE EXCHANGE,2253916,237362,363660,-126298,-5.603491878135654,10.531093439152125,16.13458531728778,73478,3.260015013869195,1670937,1568891,102046,4.527497919177112,74.13483909781908,69.60734117864197,1981777,2006029,-24252,-1.0759939589585414,87.9259475508404,89.00194150979894,272139,247887,24252,1.0759939589585414,12.074052449159597,10.998058490201053,4387.55,2023-08-28,2023-08-28,4433.31,0.010429510774806028,2023-08-29,2023-08-29,4497.63,0.025089172772959856,2023-08-30,2023-08-30,4514.87,0.029018472723957522,2023-08-31,2023-08-31,4507.66,0.027375186607559998,2023-09-01,2023-09-01,4515.77,0.029223598591469058,0.010429510774806028,0.014508347036412905,0.0038331298928546698,-0.0015969452055097921,0.0017991596526802933,0.018600097895252077,-0.011336545091553019,-0.8760489971927923,-20115.0,-1.0805103288045714,-0.20446133161177826,0.21882572410815193,5269.0,1.2499961390523708,1.0311704149442278,-0.6572232730846392,-14846.0,-0.056989970140421065,0.6002333029442042,0.6571787514297516,14845.0,0.056989970140426394,-0.6001887812893276,0.025089172772959856,0.024906838668505182,0.01694567583275397,0.012854554364052806,0.034333511868810396,0.13400645006894507,0.27568232840651374,50.0,S&P 500 Index x $50,219377.5,52071882155.0,79778821650.0,-27706939495.0,-4412778412.5,21492852430.0,366565981717.5,344179385352.5,22386596365.0,1155900047.5,-25482232267.5,434757283817.5,440077626947.5,-5320343130.0,-3256878365.0,-3989379837.5,59701173472.5,54380830342.5,5320343130.0,3256658987.5,3989599215.0
2023-08-29,S&P 500 Consolidated - CHICAGO MERCANTILE EXCHANGE,2291670,260017,392610,-132593,-5.785867947828439,11.346179860102023,17.132047807930462,77278,3.3721260041803576,1693667,1568506,125161,5.461562964999324,73.90536159220133,68.443798627202,2030962,2038394,-7432,-0.32430498282911585,88.6236674564837,88.94797243931282,260709,253277,7432,0.32430498282911585,11.376376179816464,11.052071196987349,4497.63,2023-09-04,2023-09-05,4496.83,-0.0001778714567450823,2023-09-05,2023-09-05,4496.83,-0.0001778714567450823,2023-09-06,2023-09-06,4465.48,-0.007148209167939679,2023-09-07,2023-09-07,4451.14,-0.010336555030093564,2023-09-08,2023-09-08,4457.49,-0.008924700342180292,-0.0001778714567450823,0.0,-0.0069715777558858605,-0.0032113009127796577,0.0014266008258556617,-0.00874838497341468,0.025089172772959856,-0.18237606969278541,-6295.0,0.815086420949898,0.9974624906426826,0.9340650458222122,23115.0,-0.22947750561775138,-1.1635425514399742,0.7516889761294256,16820.0,0.6977199056432966,-0.05396907048611865,-0.7516889761294256,-16820.0,-0.6976762693431322,0.05401270678629544,-0.0001778714567450823,-0.007944183936873572,-0.011935174747589317,-0.049826241820692285,0.01273114951652321,0.12907909276663498,0.25083655169500374,50.0,S&P 500 Index x $50,224881.5,58473012985.5,88290725715.0,-29817712729.5,-1415629042.5,12793733416.5,380874375460.5,352727982039.0,28146393421.5,5198135872.5,-13898801107.5,456725781003.0,458397100311.0,-1671319308.0,3782506830.0,-1105292572.5,58628630983.5,56957311675.5,1671319308.0,-3782506830.0,1105292572.5
2023-09-05,S&P 500 Consolidated - CHICAGO MERCANTILE EXCHANGE,2284667,243424,377940,-134516,-5.887772703855748,10.654681842036497,16.542454545892245,83002,3.633002096147929,1695916,1572027,123889,5.422628330518189,74.23033641226489,68.80770808174671,2022342,2032968,-10626,-0.4651006032826666,88.51802035044932,88.98312095373198,262325,251699,10626,0.4651006032826666,11.481979649550679,11.016879046268011,4496.83,2023-09-11,2023-09-11,4487.46,-0.0020836900661131974,2023-09-12,2023-09-12,4461.9,-0.007767694131199154,2023-09-13,2023-09-13,4467.44,-0.006535715159345701,2023-09-14,2023-09-14,4505.1,0.001839073302748906,2023-09-15,2023-09-15,4450.32,-0.010342841512799072,-0.0020836900661131974,-0.005695872498027943,0.001241623523611013,0.008429883781315706,-0.012159552507158722,-0.008276396892674343,-0.0001778714567450823,-0.10190475602730853,-1923.0,-0.6914980180655252,-0.5895932620382176,-0.038934634481134545,-1272.0,0.3249748200635594,0.3639094545447108,-0.14079562045355076,-3194.0,-0.10564710603438243,0.03514851441916278,0.14079562045355076,3194.0,0.10560346973421453,-0.03519215071933779,-0.007767694131199154,-0.011759394951554758,-0.049657202962976155,-0.05945966380761558,0.015644353911533404,0.12938447750971238,0.2295172376985566,50.0,S&P 500 Index x $50,224841.5,54731817296.0,84976596510.0,-30244779214.0,-432370204.5,3272568032.5,381312297314.0,353456908720.5,27855388593.5,-285998388.0,-3818033511.5,454706408793.0,457095574572.0,-2389165779.0,-718143751.0,-545240637.5,58981546487.5,56592380708.5,2389165779.0,718143751.0,545240637.5
2023-09-12,S&P 500 Consolidated - CHICAGO MERCANTILE EXCHANGE,2547762,280602,381625,-101023,-3.965166291042884,11.013666111669771,14.978832402712655,151162,5.9331287616347215,1823590,1736525,87065,3.4173129201236225,71.57615193255886,68.15883901243522,2255354,2269312,-13958,-0.5478533709192617,88.52294680586334,89.07080017678261,292408,278450,13958,0.5478533709192617,11.477053194136658,10.929199823217397,4461.9,2023-09-18,2023-09-18,4453.53,-0.0018758824715927602,2023-09-19,2023-09-19,4443.95,-0.004022949864407543,2023-09-20,2023-09-20,4402.2,-0.013379950245411054,2023-09-21,2023-09-21,4330.0,-0.029561397610883167,2023-09-22,2023-09-22,4320.06,-0.03178914812075562,-0.0018758824715927602,-0.0021511026084926055,-0.009394795170962755,-0.016400890463858953,-0.0022956120092377796,-0.02996948488053286,-0.007767694131199154,1.922606412812864,33493.0,0.35898426963327346,-1.5636221431795896,-2.0053154103945667,-36824.0,-2.654184479706032,-0.6488690693114876,-0.08275276763659506,-3332.0,0.004926455414022257,0.08767922305062825,0.08275276763659506,3332.0,-0.004926455414020481,-0.08767922305061404,-0.004022949864407543,-0.042217441000470646,-0.052096640444653564,-0.02323225531724149,0.040744974114166554,0.1598803200430312,0.23165467625899305,50.0,S&P 500 Index x $50,223094.99999999997,62600903189.99999,85138629374.99998,-22537726184.999996,7472120834.999999,1151170199.9999998,406833811049.99994,387410044874.99994,19423766174.999996,-8215250279.999999,-2166698639.9999995,503158200629.99994,506272160639.99994,-3113960009.9999995,-743352539.9999999,-1015528439.9999999,65234762759.99999,62120802749.99999,3113960009.9999995,743352539.9999999,1015305344.9999999
2023-09-19,S&P 500 Consolidated - CHICAGO MERCANTILE EXCHANGE,2107388,201587,341997,-140410,-6.662750286136203,9.565727810920437,16.22847809705664,56519,2.681945612293512,1601273,1475726,125547,5.9574696259065725,75.98377707379942,70.02630744789285,1859379,1874242,-14863,-0.7052806602296302,88.23145049701337,88.936731157243,248010,233146,14864,0.7053281123362191,11.768596955093225,11.063268842757006,4443.95,2023-09-25,2023-09-25,4337.44,-0.023967416375071826,2023-09-26,2023-09-26,4273.53,-0.03834876630025097,2023-09-27,2023-09-27,4274.51,-0.03812824176689644,2023-09-28,2023-09-28,4299.7,-0.032459861159554015,2023-09-29,2023-09-29,4288.05,-0.03508140280606209,-0.023967416375071826,-0.01473449776826885,0.0002293186195019281,0.005893073124170867,-0.002709491359862204,-0.011386901029178387,-0.004022949864407543,-2.6975839950933187,-39387.0,-1.4479383007493336,1.249645694343986,2.54015670578295,38482.0,4.407625141240558,1.8674684354576243,-0.15742728931036853,-905.0,-0.2914963088499718,-0.13406901953960926,0.1574747414169574,906.0,0.2915437609565661,0.13406901953960926,-0.03834876630025097,-0.04826786980051534,-0.019286895667143034,-0.015920521157978818,0.0730026215416466,0.16529438900077653,0.2679215562731354,50.0,S&P 500 Index x $50,222197.5,44792127432.5,75990878407.5,-31198750975.0,-8751692932.5,-3135651120.0,355798857417.5,327902627885.0,27896229532.5,8550604195.0,5221863447.5,413149365352.5,416451886795.0,-3302521442.5,-201088737.5,2086212327.5,55107201975.0,51804458335.0,3302743640.0,201310935.0,-2085990130.0
2023-09-26,S&P 500 Consolidated - CHICAGO MERCANTILE EXCHANGE,2150244,261738,352906,-91168,-4.2398909147054935,12.172479030286794,16.41236994499229,67707,3.14880543789449,1561943,1496369,65574,3.0496073933934937,72.64026780216571,69.59066040877221,1891388,1916982,-25594,-1.190283521312,87.96155227034698,89.151835791659,258856,233262,25594,1.190283521312,12.038447729653006,10.848164208341007,4273.53,2023-10-02,2023-10-02,4288.39,0.0034772190671412684,2023-10-03,2023-10-03,4229.45,-0.010314657905759361,2023-10-04,2023-10-04,4263.75,-0.0022885062231924325,2023-10-05,2023-10-05,4258.19,-0.0035895383909789746,2023-10-06,2023-10-06,4308.5,0.008182930738757088,0.0034772190671412684,-0.01374408577578079,0.008109801510834735,-0.0013040164174730196,0.011814879091820885,0.004689405581115524,-0.03834876630025097,2.422859371430709,49242.0,2.606751219366357,0.18389184793564795,-2.9078622325130787,-59973.0,-3.3435092716337067,-0.4356470391206386,-0.4850028610823698,-10731.0,-0.26989822666638474,0.2151046344159937,0.48495540897578093,10730.0,0.26985077455978157,-0.21510463441599903,-0.010314657905759361,0.01982202067143546,0.02332263959770975,-0.006048863585841113,0.11728477394566084,0.21763038986505312,0.34149754418478406,50.0,S&P 500 Index x $50,213676.5,55927259757.0,75407718909.0,-19480459152.0,10521858213.0,8851549012.5,333750513439.5,319738890628.5,14011622811.0,-12814820734.5,-12732341605.5,404145167982.0,409614004323.0,-5468836341.0,-2292962521.5,-3880792593.0,55311444084.0,49842607743.0,5468836341.0,2292748845.0,3880792593.0
2023-10-03,S&P 500 Consolidated - CHICAGO MERCANTILE EXCHANGE,2151506,233248,310336,-77088,-3.5829786205569496,10.841150338414115,14.424128958971064,74286,3.45274426378546,1584086,1537950,46136,2.1443584168484775,73.62684556770932,71.48248715086083,1891620,1922572,-30952,-1.438620203708472,87.9207401699089,89.35936037361736,259885,228933,30952,1.438620203708472,12.07921335102017,10.640593147311698,4229.45,2023-10-09,2023-10-09,4335.66,0.025112012200167788,2023-10-10,2023-10-10,4358.24,0.030450767830332515,2023-10-11,2023-10-11,4376.95,0.034874510870207764,2023-10-12,2023-10-12,4349.61,0.028410313397723153,2023-10-13,2023-10-13,4327.78,0.02324888578893236,0.025112012200167788,0.005207972949908379,0.004293017364807916,-0.006246358765807258,-0.005018840769632216,-0.001817485688453413,-0.010314657905759361,0.6569122941485439,14080.0,-1.3313286918726792,-1.988240986021225,-0.9052489765450162,-19438.0,0.9865777655436148,1.8918267420886252,-0.2483366823964721,-5358.0,-0.040812100438088805,0.2075245819583671,0.2483366823964721,5358.0,0.04076562136716433,-0.20757106102930933,0.030450767830332515,0.03398787076333809,0.004310253106196038,-0.008428991949307796,0.12138221281726946,0.23084798259821038,0.3497617893579543,50.0,S&P 500 Index x $50,211472.5,49325537680.0,65627529760.0,-16301992080.0,2977532800.0,12144442730.0,334990626635.0,325234131375.0,9756495260.0,-4110602455.0,-16442621292.5,400025610450.0,406571107270.0,-6545496820.0,-1133069655.0,-4298390035.0,54958530662.5,48413033842.5,6545496820.0,1133069655.0,4298390035.0
2023-10-10,S&P 500 Consolidated - CHICAGO MERCANTILE EXCHANGE,2088321,204465,302465,-98000,-4.692765144822085,9.790879850367832,14.483644995189914,74331,3.55936659163031,1561159,1491385,69774,3.341153012396083,74.75665857882959,71.41550556643351,1839955,1868181,-28226,-1.3516121324260015,88.10690502082774,89.45851715325374,248366,220140,28226,1.3516121324260015,11.893094979172263,10.541482846746261,4358.24,2023-10-16,2023-10-16,4373.63,0.003531241969235266,2023-10-17,2023-10-17,4373.2,0.0034325782884834233,2023-10-18,2023-10-18,4314.6,-0.010013216344212261,2023-10-19,2023-10-19,4278.0,-0.01841110172913829,2023-10-20,2023-10-20,4224.16,-0.030764712360953017,0.003531241969235266,-9.831650139591197e-05,-0.013399798774352711,-0.00848282575441528,-0.012585320243104325,-0.034175273171256015,0.030450767830332515,-1.109786524265135,-20912.0,-1.0502704880462836,0.05951603621885049,1.1967945955476056,23638.0,1.1298130111202624,-0.06698158442732449,0.08700807128247057,2726.0,0.18616485091884272,0.09915677963637393,-0.08700807128247057,-2726.0,-0.18611837184790758,-0.09911030056543702,0.0034325782884834233,-0.0253680384742464,-0.03773082712287523,0.004621131465913031,0.09138092440985357,0.19541603950218445,0.31959919600572717,50.0,S&P 500 Index x $50,217912.0,44555377080.0,65910753080.0,-21355376000.0,-4556975744.0,658747976.0,340195280008.0,324990688120.0,15204591888.0,5151003856.0,-3767916392.0,400948273960.0,407099058072.0,-6150784112.0,594028112.0,-3109168416.0,54121931792.0,47971147680.0,6150784112.0,-594028112.0,3109168416.0
2023-10-17,S&P 500 Consolidated - CHICAGO MERCANTILE EXCHANGE,2128482,216659,286555,-69896,-3.283842663456867,10.17903839449899,13.462881057955858,77157,3.6249778010807705,1583039,1538679,44360,2.0841144064173434,74.37408444140003,72.28997003498267,1876855,1902391,-25536,-1.199728257039524,88.17810063697978,89.3778288940193,251627,226091,25536,1.199728257039524,11.821899363020218,10.622171105980694,4373.2,2023-10-23,2023-10-23,4217.04,-0.03570840574407752,2023-10-24,2023-10-24,4247.68,-0.028702094576053994,2023-10-25,2023-10-25,4186.77,-0.042630110674105826,2023-10-26,2023-10-26,4137.23,-0.0539581999451203,2023-10-27,2023-10-27,4117.37,-0.05849949693588219,-0.03570840574407752,0.00726575986948208,-0.014339592436341642,-0.01183251050332379,-0.004800313253070176,-0.023635061559767023,0.0034325782884834233,1.4089224813652175,28104.0,0.3881585441311586,-1.0207639372340562,-1.2570386059787397,-25414.0,-0.3825741374295575,0.8744644685491636,0.15188387538647752,2690.0,0.07119561615203907,-0.08068825923443512,-0.15188387538647752,-2690.0,-0.0711956161520444,0.08068825923443335,-0.028702094576053994,-0.04102259215219972,0.0011844873319308835,0.02801152474160795,0.08981523826945947,0.1550832342449464,0.32974938260312836,50.0,S&P 500 Index x $50,218660.0,47374656940.0,62658116300.0,-15283459360.0,6145220640.0,15418591240.0,346147307740.0,336447550140.0,9699757600.0,-5557025240.0,-17752349420.0,410393114300.0,415976816060.0,-5583701760.0,588195400.0,-2333758180.0,55020759820.0,49437058060.0,5583701760.0,-588195400.0,2333539520.0
2023-10-24,S&P 500 Consolidated - CHICAGO MERCANTILE EXCHANGE,2176852,273974,272557,1417,0.06509399812205884,12.585789020107935,12.520695021985878,78278,3.595926594917799,1564930,1598676,-33746,-1.5502202262716989,71.8895910241027,73.4398112503744,1917181,1949510,-32329,-1.48512622814964,88.07126070123279,89.55638692938243,259671,227343,32328,1.4850802902539997,11.92873929876721,10.44365900851321,4247.68,2023-10-30,2023-10-30,4166.82,-0.01903627391893936,2023-10-31,2023-10-31,4193.8,-0.012684571342474027,2023-11-01,2023-11-01,4237.86,-0.002311850233539414,2023-11-02,2023-11-02,4317.78,0.016503126412535707,2023-11-03,2023-11-03,4358.34,0.026051868313997195,-0.01903627391893936,0.006474961721408823,0.010505985025513809,0.018858574846738696,0.009393716215277292,0.045963108557605103,-0.028702094576053994,3.348936661578926,71313.0,2.406750625608945,-0.9421860359699803,-3.6343346326890424,-78106.0,-2.4844934172973296,1.1498412153917315,-0.285397971110116,-6793.0,-0.10683993574699002,0.17855803536312465,0.28535203321447566,6792.0,0.1068399357469918,-0.1785120974674843,-0.012684571342474027,0.030769737833358457,0.05838952086786198,0.06839262844658722,0.1452369293355431,0.19372222012957652,0.37750489679071864,50.0,S&P 500 Index x $50,212384.0,58187694016.0,57886745888.0,300948128.0,15145740192.0,19663572640.0,332366093120.0,339533203584.0,-7167110464.0,-16588464704.0,-21093978880.0,407178569504.0,414044731840.0,-6866162336.0,-1442724512.0,-1430406240.0,55149965664.0,48284015712.0,6865949952.0,1442512128.0,1430193856.0
2023-10-31,S&P 500 Consolidated - CHICAGO MERCANTILE EXCHANGE,2193182,274518,277967,-3449,-0.15726009058983706,12.51688186388544,12.67414195447528,78415,3.5753986673244627,1568983,1602380,-33397,-1.5227646405998225,71.53911531281946,73.06187995341928,1921915,1958761,-36846,-1.6800247311896597,87.63135024817822,89.31137497936787,271267,234420,36847,1.680070327040802,12.368649751821783,10.68857942478098,4193.8,2023-11-06,2023-11-06,4365.98,0.04105584434164711,2023-11-07,2023-11-07,4378.38,0.044012590013829955,2023-11-08,2023-11-08,4382.78,0.04506175783299149,2023-11-09,2023-11-09,4347.35,0.03661357241642427,2023-11-10,2023-11-10,4415.24,0.05280175497162465,0.04105584434164711,0.0028401412741241305,0.0010049378994057,-0.008083910212239531,0.01561640999689451,0.011282690255108863,-0.012684571342474027,-0.22235408871189588,-4866.0,-0.06890715622249566,0.1534469324894019,0.027455585671876337,349.0,-0.35047571128323796,-0.3779312969551256,-0.19489850304001965,-4517.0,-0.43991045305456566,-0.24501195001455756,0.19499003678680227,4519.0,0.43991045305457277,0.24492041626777095,0.044012590013829955,0.07198721922838458,0.082118842100243,0.08610091086842475,0.17434546234918225,0.20074633983499446,0.3908436263054986,50.0,S&P 500 Index x $50,209690.0,57563679420.0,58286900230.0,-723220810.0,-1020351540.0,15441361910.0,329000045270.0,336003062200.0,-7003016930.0,73181810.0,-16677274770.0,403006356350.0,410732594090.0,-7726237740.0,-947169730.0,-1235912860.0,56881977230.0,49155529800.0,7726447430.0,947589110.0,1236122550.0
2023-11-07,S&P 500 Consolidated - CHICAGO MERCANTILE EXCHANGE,2194624,264335,322488,-58153,-2.649793313114228,12.044660041993525,14.694453355107754,67949,3.096156790411478,1598198,1561900,36298,1.653950745093465,72.823317342743,71.16936659764953,1930482,1952337,-21855,-0.9958425680207635,87.964134175148,88.95997674316875,264142,242287,21855,0.9958425680207635,12.035865824852001,11.040023256831239,4378.38,2023-11-13,2023-11-13,4411.55,0.0075758613916563355,2023-11-14,2023-11-14,4495.7,0.026795298717790628,2023-11-15,2023-11-15,4502.88,0.028435174653639095,2023-11-16,2023-11-16,4508.24,0.029659371731096895,2023-11-17,2023-11-17,4514.02,0.03097949469895256,0.0075758613916563355,0.01907492831317792,0.001597081655804411,0.0011903492875668942,0.0012820967827800178,0.023227663746302474,0.044012590013829955,-2.4925332225243912,-54704.0,-0.47222182189191386,2.0203114006324743,3.1767153856932877,69695.0,1.2842020299235344,-1.8925133557697507,0.6841821631688961,14991.0,0.3327839269697819,-0.3513982361991168,-0.6842277590200384,-14992.0,-0.3327839269697819,0.35144383205025775,0.026795298717790628,0.03649980129636976,0.04031399741456898,0.04312097168359075,0.13152124758472294,0.18484462289705328,0.32075333799259087,50.0,S&P 500 Index x $50,218919.0,57867953865.0,70598750472.0,-12730796607.0,-11975744976.0,8723265393.0,349875907962.0,341929586100.0,7946321862.0,15257559705.0,-7328532444.0,422619188958.0,427403663703.0,-4784474745.0,3281814729.0,1394732949.0,57825702498.0,53041227753.0,4784474745.0,-3282033648.0,-1394732949.0
2023-11-14,S&P 500 Consolidated - CHICAGO MERCANTILE EXCHANGE,2208240,269036,325701,-56665,-2.566070716951056,12.183277180016665,14.749347896967722,71824,3.2525450132232,1596319,1584100,12219,0.5533365938484947,72.28919863782922,71.73586204398073,1937178,1981625,-44447,-2.0127794080353585,87.72497554613629,89.73775495417165,271062,226615,44447,2.0127794080353585,12.27502445386371,10.262245045828353,4495.7,2023-11-20,2023-11-20,4547.38,0.011495428965455856,2023-11-21,2023-11-21,4538.19,0.009451253419934469,2023-11-22,2023-11-22,4556.62,0.013550726249527356,2023-11-23,2023-11-24,4559.34,0.0141557488266566,2023-11-24,2023-11-24,4559.34,0.0141557488266566,0.011495428965455856,-0.002020943928152108,0.004061090434732906,0.0005969336920788049,0.0,0.002630085895614531,0.026795298717790628,0.08372259616317201,1488.0,0.13861713802313957,0.05489454185996756,-1.1006141512449703,-24079.0,-0.5341187049137801,0.5664954463312029,-1.016936840014595,-22592.0,-0.2391586290117118,0.7777782110028966,1.016936840014595,22592.0,0.23915862901170826,-0.7777782110028859,0.009451253419934469,0.013165914095691456,0.015899637431323388,0.032920346108503695,0.10175723469092701,0.1670440643281359,0.331047445336655,50.0,S&P 500 Index x $50,224785.0,60475257260.0,73212699285.0,-12737442025.0,334480080.0,2974130335.0,358828566415.0,356081918500.0,2746647915.0,-5412598015.0,-7224814685.0,435448556730.0,445439575625.0,-9991018895.0,-5078342720.0,-4250909135.0,60930671670.0,50939652775.0,9991018895.0,5078342720.0,4250909135.0
2023-11-21,S&P 500 Consolidated - CHICAGO MERCANTILE EXCHANGE,2255516,247084,330984,-83900,-3.719769666896621,10.954655165381226,14.674424832277847,70426,3.122389732549004,1667729,1632855,34874,1.5461650460471128,73.94002082006955,72.39385577402244,1985239,2034264,-49025,-2.173560285096625,88.01706571799978,90.19062600309641,270277,221251,49026,2.1736046208495083,11.982934282000217,9.809329661150707,4538.19,2023-11-27,2023-11-27,4550.43,0.002697110522036361,2023-11-28,2023-11-28,4554.89,0.003679881186111844,2023-11-29,2023-11-29,4550.58,0.002730163347061332,2023-11-30,2023-11-30,4567.8,0.00652462765992623,2023-12-01,2023-12-01,4594.63,0.012436676296056381,0.002697110522036361,0.0009801271528184774,-0.0009462358037187757,0.0037841330116161753,0.005873724769035471,0.009713367747663293,0.009451253419934469,-1.1536989499455648,-27235.0,-1.2286220146354392,-0.07492306468987486,0.9928284521986181,22655.0,1.6508221822403328,0.65799373004171,-0.16078087706126665,-4578.0,0.2920901718634923,0.45287104892476293,0.16082521281414985,4579.0,-0.2920901718634923,-0.45291538467764525,0.003679881186111844,0.006388009316489862,0.023249357122553382,0.050720661761627595,0.09636440959942183,0.17258422410696772,0.3038193641077169,50.0,S&P 500 Index x $50,226909.49999999997,56065706897.99999,75103413947.99998,-19037707049.999996,-6179880232.499999,-19359237811.499996,378423553525.49994,370510311622.49994,7913241902.999999,5140634722.499999,15570529889.999998,450469588870.49994,461593827107.99994,-11124238237.499998,-1038791690.9999999,-3788481011.9999995,61328418931.49999,50203953784.49999,11124465146.999998,1039018600.4999999,3788934830.9999995
2023-11-28,S&P 500 Consolidated - CHICAGO MERCANTILE EXCHANGE,2295420,275445,344353,-68908,-3.001977851547865,11.999764748934835,15.0017426004827,78929,3.438542837476366,1673758,1650983,22775,0.9921931498375025,72.91728746808863,71.92509431825113,2028132,2074264,-46132,-2.009741136698295,88.35559505449983,90.36533619119812,267288,221156,46132,2.009741136698295,11.64440494550017,9.634663808801875,4554.89,2023-12-04,2023-12-04,4569.78,0.0032690141803641826,2023-12-05,2023-12-05,4567.18,0.002698199078353225,2023-12-06,2023-12-06,4549.34,-0.001218470698524099,2023-12-07,2023-12-07,4585.59,0.006740009089132748,2023-12-08,2023-12-08,4604.37,0.010863050479813952,0.0032690141803641826,-0.0005689551794614278,-0.0039061302598102365,0.007968188792220499,0.004095438100658821,0.007569292175990894,0.003679881186111844,0.7177918153487561,14992.0,1.045109583553609,0.32731776820485337,-0.5539718962096103,-12099.0,-1.0227333519809179,-0.4687614557713147,0.16381914839833023,2893.0,0.338529336500045,0.17471018810171302,-0.16386348415121343,-2894.0,-0.3385293365000468,-0.17466585234883247,0.002698199078353225,0.01949772661908389,0.046868310760523224,0.04826900320315075,0.11488532105056315,0.16491067841374862,0.3220143625861436,50.0,S&P 500 Index x $50,227744.50000000003,62731083802.50001,78424501808.50002,-15693418006.000002,3414345544.0000005,-14907927225.500002,381189178831.00006,376002297843.50006,5186880987.500001,-2755480705.5000005,12792864054.000002,461895908274.00006,472402217548.00006,-10506309274.000002,658864838.5000001,-2114835427.0000002,60873371916.00001,50367062642.00001,10506309274.000002,-659092583.0000001,2114607682.5000002
2023-12-05,S&P 500 Consolidated - CHICAGO MERCANTILE EXCHANGE,2330556,259495,308789,-49294,-2.115117594256478,11.134467483295833,13.24958507755231,94025,4.034444999390703,1708661,1707995,666,0.028576871785101925,73.31559507688294,73.28701820509784,2062180,2110809,-48629,-2.0865836306872696,88.48446465135358,90.57104828204086,268376,219747,48629,2.0865836306872696,11.515535348646418,9.428951717959148,4567.18,2023-12-11,2023-12-11,4622.44,0.01209936985185589,2023-12-12,2023-12-12,4643.7,0.016754321047123044,2023-12-13,2023-12-13,4707.09,0.03063378277186346,2023-12-14,2023-12-14,4719.55,0.03336194325601349,2023-12-15,2023-12-15,4719.19,0.0332831199996495,0.01209936985185589,0.004599302532861449,0.013650752632599072,0.002647070695482867,-7.627845875146644e-05,0.020930504235858072,0.002698199078353225,0.8868602572913868,19614.0,-0.8652972656390023,-1.752157522930391,-0.9636162780524006,-22109.0,0.3983076087943118,1.3619238868467107,-0.07684249398897469,-2497.0,0.12886959685374677,0.2057120908427379,0.07684249398897469,2497.0,-0.1288695968537521,-0.20571209084272724,0.016754321047123044,0.04405125263291554,0.045448175898475496,0.03845918050087782,0.11198814147898695,0.15855735924574899,0.3246423394742488,50.0,S&P 500 Index x $50,228359.0,59258018705.0,70514747251.0,-11256728546.0,4479033426.0,2023032381.0,390188117299.0,390036030205.0,152087094.0,-5048789131.0,-8136887888.0,470917362620.0,482022232431.0,-11104869811.0,-570212423.0,-6114083866.0,61286074984.0,50181205173.0,11104869811.0,570212423.0,6114083866.0
2023-12-12,S&P 500 Consolidated - CHICAGO MERCANTILE EXCHANGE,2690306,256558,316779,-60221,-2.2384442513230836,9.536387310588461,11.774831561911544,230832,8.580139210929909,1891039,1868344,22695,0.8435843357595754,70.29085167263501,69.44726733687543,2378429,2415955,-37526,-1.3948599155635084,88.40737819415338,89.8022381097169,311877,274351,37526,1.3948599155635084,11.59262180584662,10.197761890283113,4643.7,2023-12-18,2023-12-18,4740.56,0.02085836725025314,2023-12-19,2023-12-19,4768.37,0.02684712621401042,2023-12-20,2023-12-20,4698.35,0.011768632771281595,2023-12-21,2023-12-21,4746.75,0.022191356030751397,2023-12-22,2023-12-22,4754.63,0.023888278743243507,0.02085836725025314,0.005866395531329616,-0.014684263175886003,0.01030148882054327,0.0016600832148312428,0.0029680037801440573,0.016754321047123044,-0.12332665706660562,-10927.0,-1.5980801727073715,-1.4747535156407654,0.8150074639744734,22029.0,-3.0247434042479284,-3.83975086822241,0.6917237151237612,11103.0,-0.07708645720019547,-0.7688101723239669,-0.6917237151237612,-11103.0,0.07708645720020257,0.7688101723239651,0.02684712621401042,0.028221030643667877,0.021347201584942965,0.02429097486917753,0.11447121907099955,0.15755109072506834,0.29959084350840937,50.0,S&P 500 Index x $50,232185.0,59568919230.0,73551332115.0,-13982412885.0,-2537085495.0,-825649860.0,439070890215.0,433801451640.0,5269438575.0,5114803365.0,2432370060.0,552235537365.0,560948511675.0,-8712974310.0,2577950055.0,1606952385.0,72413161245.0,63700186935.0,8712974310.0,-2577950055.0,-1606952385.0
2023-12-19,S&P 500 Consolidated - CHICAGO MERCANTILE EXCHANGE,2167112,247784,443785,-196001,-9.044341040056999,11.433834522627349,20.47817556268435,47641,2.1983635363562195,1611053,1486057,124996,5.76786063664453,74.34101237038048,68.57315173373595,1906477,1977482,-71005,-3.2764804034124677,87.97316428500235,91.2496446884148,260635,189630,71005,3.2764804034124677,12.026835714997656,8.750355311585189,4768.37,2023-12-25,2023-12-26,4774.75,0.0013379834199107599,2023-12-26,2023-12-26,4774.75,0.0013379834199107599,2023-12-27,2023-12-27,4781.58,0.00277033871113197,2023-12-28,2023-12-28,4783.35,0.0031415347382859338,2023-12-29,2023-12-29,4769.83,0.0003061842935845327,0.0013379834199107599,0.0,0.001430441384365766,0.0003701705294067992,-0.0028264709879060046,-0.0010304204408607687,0.02684712621401042,-6.805896788733915,-135780.0,1.8974472120388874,8.703344000772805,4.924276300884954,102301.0,4.0501606977454685,-0.8741156031394723,-1.8816204878489593,-33479.0,-0.4342139091510262,1.4474065786979082,1.8816204878489593,33479.0,0.4342139091510351,-1.4474065786979242,0.0013379834199107599,-0.005356127985034709,-0.002489320249896676,-0.0005012194942927151,0.08601262066492321,0.15071397563528,0.26890530726432726,50.0,S&P 500 Index x $50,238418.5,59076289604.0,105806554022.5,-46730264418.5,-32372463930.0,-26726952268.5,384104839680.5,354303480854.5,29801358826.0,24390450968.5,21486752057.0,454539386624.5,471468292217.0,-16928905592.5,-7982012961.5,-5240438630.0,62140205747.5,45211300155.0,16928905592.5,7982012961.5,5240200211.5
2023-12-26,S&P 500 Consolidated - CHICAGO MERCANTILE EXCHANGE,2166788,250264,443991,-193727,-8.940745472099715,11.549999353882336,20.490744825982052,46466,2.1444645253711947,1603647,1481609,122038,5.632207673293372,74.01033234446564,68.37812467117226,1900377,1972066,-71689,-3.3085377988063436,87.70479622371916,91.0133340225255,266411,194721,71690,3.3085839500680265,12.295203776280836,8.98661982621281,4774.75,2024-01-01,2024-01-02,4742.83,-0.006685166762657735,2024-01-02,2024-01-02,4742.83,-0.006685166762657735,2024-01-03,2024-01-03,4704.81,-0.01464788732394362,2024-01-04,2024-01-04,4688.68,-0.01802607466359485,2024-01-05,2024-01-05,4697.24,-0.01623331064453637,-0.006685166762657735,0.0,-0.008016310936719062,-0.003428406248073834,0.001825673750394552,-0.009612404408338548,0.0013379834199107599,0.10359556795728331,2274.0,0.11616483125498789,0.012569263297702804,-0.1356529633511574,-2958.0,-0.3306800259148446,-0.19502706256369606,-0.032057395393875865,-684.0,-0.2683680612831978,-0.23631066588930594,0.03210354665555881,685.0,0.26836806128318,0.23626451462762077,-0.006685166762657735,-0.003822189643436835,-0.0018367453793393107,0.018817739148646595,0.08981203204356247,0.14546311325200278,0.264996073092832,50.0,S&P 500 Index x $50,238737.5,59747401700.0,105997301362.5,-46249899662.5,542889075.0,-29798976012.5,382850675662.5,353715628637.5,29135047025.0,-706185525.0,23697800462.5,453691254037.5,470806106675.0,-17114852637.5,-163296450.0,-6101414287.5,63602296112.5,46487204737.5,17115091375.0,163535187.5,6101653025.0
2024-01-02,S&P 500 Consolidated - CHICAGO MERCANTILE EXCHANGE,2234726,256848,469903,-213055,-9.533830993150838,11.493489582168015,21.027320575318853,48817,2.184473622269576,1653372,1525786,127586,5.709245786731796,73.98544609048268,68.27620030375088,1959037,2044506,-85469,-3.824585206419042,87.66340929492027,91.48799450133932,275689,190220,85469,3.824585206419042,12.336590705079727,8.512005498660685,4742.83,2024-01-08,2024-01-08,4763.54,0.004366591254588492,2024-01-09,2024-01-09,4756.5,0.002882245410440687,2024-01-10,2024-01-10,4783.45,0.008564506845069264,2024-01-11,2024-01-11,4780.24,0.007887695742837098,2024-01-12,2024-01-12,4783.83,0.008644627785520553,0.004366591254588492,-0.001477892491718369,0.005665930831493693,-0.000671063771963798,0.0007510083175741311,0.004259437309227954,-0.006685166762657735,-0.5930855210511226,-19328.0,-0.05650977171432103,0.5365757493368015,0.07703811343842393,5548.0,-0.024886253982955964,-0.10192436742137545,-0.5160474076126986,-13780.0,-0.04138692879888595,0.4746604788138171,0.5160012563510157,13779.0,0.041386928798891276,-0.47461432755212485,0.002882245410440687,0.004881052030117017,0.02567454452299578,0.03840323182572436,0.09761682371073821,0.16154490040756264,0.24010980785733427,50.0,S&P 500 Index x $50,237141.5,60909319992.0,111433502274.5,-50524182282.5,-4583470912.0,-38834529181.5,392083116138.0,361827180719.0,30255935419.0,1315661042.0,30097999180.0,464568972735.5,484837219599.0,-20268246863.5,-3267809870.0,-8736292860.0,65377302993.5,45109056130.0,20268246863.5,3267572728.5,8736292860.0
2024-01-09,S&P 500 Consolidated - CHICAGO MERCANTILE EXCHANGE,2225245,277818,390124,-112306,-5.046904947545102,12.484827513374931,17.531732460920033,58645,2.6354401425461016,1604472,1587089,17383,0.7811724102289861,72.1031616743325,71.32198926410351,1940935,2035858,-94923,-4.265732537316116,87.22342933025352,91.48916186756963,284310,189387,94923,4.265732537316116,12.776570669746478,8.510838132430361,4756.5,2024-01-15,2024-01-16,4765.98,0.0019930621255124237,2024-01-16,2024-01-16,4765.98,0.0019930621255124237,2024-01-17,2024-01-17,4739.21,-0.003635025754231025,2024-01-18,2024-01-18,4780.94,0.00513823189319873,2024-01-19,2024-01-19,4839.81,0.01751497950173464,0.0019930621255124237,0.0,-0.0056168930629166836,0.00880526501252299,0.012313478102632613,0.015491042765601426,0.002882245410440687,4.486926045605736,100749.0,0.9913379312069157,-3.495588114398821,-4.928073376502811,-110203.0,-1.8822844161501848,3.045788960352624,-0.4411473308970737,-9454.0,-0.4399799646667475,0.0011673662303195442,0.4411473308970737,9454.0,0.43997996466675104,-0.001167366230323097,0.0019930621255124237,0.0227267949122254,0.035418900452013125,0.04157048249763462,0.09532429307263746,0.17249658362241127,0.242306317670556,50.0,S&P 500 Index x $50,237825.0,66072065850.0,92781240300.0,-26709174450.0,23960630925.0,-12387115125.0,381583553400.0,377449441425.0,4134111975.0,-26209028475.0,-1263326400.0,461602866375.0,484177928850.0,-22575062475.0,-2248397550.0,-13650441525.0,67616025750.0,45040963275.0,22575062475.0,2248397550.0,13650441525.0
2024-01-16,S&P 500 Consolidated - CHICAGO MERCANTILE EXCHANGE,2233526,262747,427168,-164421,-7.361499261705482,11.763776199605466,19.12527546131095,67658,3.0292013614347897,1634436,1530264,104172,4.664015552091177,73.17738857752272,68.51337302543153,1964841,2025091,-60250,-2.6975284818712657,87.97036613856297,90.66789462043424,268685,208436,60249,2.697483709614305,12.029633861437027,9.332150151822724,4765.98,2024-01-22,2024-01-22,4850.43,0.017719335792429014,2024-01-23,2024-01-23,4864.6,0.020692491365889243,2024-01-24,2024-01-24,4868.55,0.021521282086790272,2024-01-25,2024-01-25,4894.16,0.026894783444328496,2024-01-26,2024-01-26,4890.97,0.026225456254537427,0.017719335792429014,0.0029213904746590025,0.0008119886527155895,0.005260293105750158,-0.0006517972440622799,0.008358021866102572,0.0019930621255124237,-2.31459431416038,-52115.0,-0.7210513137694647,1.5935430003909161,3.882843141862191,86789.0,1.0742269031902225,-2.8086162386719735,1.5682040554448502,34673.0,0.7469368083094423,-0.8212672471353955,-1.5682488277018107,-34674.0,-0.7469368083094512,0.8213120193923622,0.020692491365889243,0.03335935106735666,0.039498697015094564,0.03927628735328326,0.059889046953617076,0.18909437303555632,0.22596192178733454,50.0,S&P 500 Index x $50,238298.99999999997,62612347352.99999,101793707231.99998,-39181359878.99999,-12418952384.999998,7525482419.999999,389484464363.99994,364660380935.99994,24824083427.999996,20681731910.999996,-4962338375.999999,468219645458.99994,482577160208.99994,-14357514749.999998,8262541226.999999,2562905744.9999995,64027366814.99999,49670090363.99999,14357276450.999998,-8262779525.999999,-2563144043.9999995
2024-01-23,S&P 500 Consolidated - CHICAGO MERCANTILE EXCHANGE,2287411,281523,467423,-185900,-8.127092157902537,12.307495242437847,20.434587400340384,53157,2.3238936946617814,1685280,1572743,112537,4.919841690015481,73.67630915476056,68.75646746474507,2019961,2093323,-73362,-3.2072067503391386,88.3077418094081,91.51494855974724,267450,194088,73362,3.2072067503391386,11.692258190591897,8.485051440252757,4864.6,2024-01-29,2024-01-29,4927.93,0.013018542120626586,2024-01-30,2024-01-30,4924.97,0.012410064547958788,2024-01-31,2024-01-31,4845.65,-0.0038954898655595427,2024-02-01,2024-02-01,4906.19,0.008549521029478147,2024-02-02,2024-02-02,4958.61,0.019325329934629654,0.013018542120626586,-0.000600657882721567,-0.01610568186202166,0.012493679898465615,0.01068446187367389,0.00622573778442459,0.020692491365889243,-0.7655928961970542,-21479.0,0.5437190428323806,1.3093119390294348,0.25582613792430386,8365.0,0.4989205772378398,0.2430944393135377,-0.5096782684678729,-13112.0,0.33737567084513387,0.8470539393129997,0.5097230407248334,13113.0,-0.3373756708451303,-0.8470987115699664,0.012410064547958788,0.01842494758047919,0.018207046828105033,0.022799407967767138,0.04233647165234555,0.14207540188299128,0.24352259178555258,50.0,S&P 500 Index x $50,243230.00000000003,68474839290.00001,113691296290.00002,-45216457000.00001,-5224337170.000001,1903761210.0000002,409910654400.00006,382538279890.00006,27372374510.000004,2034618950.0000002,-2310928230.0000005,491315114030.00006,509158953290.00006,-17843839260.000004,-3189231760.0000005,-406923790.00000006,65051863500.00001,47208024240.00001,17843839260.000004,3189474990.0000005,406680560.00000006
2024-01-30,S&P 500 Consolidated - CHICAGO MERCANTILE EXCHANGE,2326056,285710,509741,-224031,-9.631367430534777,12.283023280608893,21.914390711143668,51125,2.197926447170661,1718887,1573561,145326,6.2477429606165975,73.89706008797725,67.64931712736065,2055722,2134427,-78705,-3.3836244699181792,88.3780098157568,91.76163428567497,270335,191629,78706,3.3836674611445297,11.62203317546955,8.23836571432502,4924.97,2024-02-05,2024-02-05,4942.81,0.0036223570905000724,2024-02-06,2024-02-06,4954.23,0.005941152941032923,2024-02-07,2024-02-07,4995.06,0.014231558770916308,2024-02-08,2024-02-08,4997.91,0.01481024249893892,2024-02-09,2024-02-09,5026.61,0.020637689163588657,0.0036223570905000724,0.002310426660138587,0.008241442161546875,0.0005705637169521882,0.005742400323335062,0.01695391892466014,0.012410064547958788,-1.5042752726322401,-38131.0,-0.02447196182895439,1.479803310803284,1.3279012706011164,32789.0,0.22075093321669215,-1.1071503373844251,-0.17641771957904062,-5343.0,0.07026800634869801,0.2466857259277333,0.17646071080539105,5344.0,-0.07022501512234669,-0.24668572592773685,0.005941152941032923,0.0057259232035931085,0.010261991443602625,0.031108818936968152,0.02248135521637673,0.10385240925325423,0.2320278093064525,50.0,S&P 500 Index x $50,246248.5,70355658935.0,125522956638.5,-55167297703.5,-9389701553.5,-2702823536.0,423273345419.5,387487035908.5,35786309511.0,8074242066.5,4368448390.0,506218458917.0,525599447109.5,-19380988192.5,-1315705735.5,1665624854.0,66569588247.5,47188353806.5,19381234441.0,1315951984.0,-1665378605.5
2024-02-06,S&P 500 Consolidated - CHICAGO MERCANTILE EXCHANGE,2313768,278111,509973,-231862,-10.02097012319299,12.019830855989019,22.04080097918201,49812,2.1528519713298824,1724628,1561498,163130,7.050404362062229,74.5376373084942,67.48723294643196,2052551,2121282,-68731,-2.9705225415858463,88.7103201358131,91.68084267739894,261217,192486,68731,2.9705225415858463,11.289679864186903,8.319157322601056,4954.23,2024-02-12,2024-02-12,5021.84,0.013646923941762923,2024-02-13,2024-02-13,4953.17,-0.00021395857681205666,2024-02-14,2024-02-14,5000.62,0.009363715451240706,2024-02-15,2024-02-15,5029.73,0.015239502405015593,2024-02-16,2024-02-16,5005.57,0.010362861635410558,0.013646923941762923,-0.013674270785210219,0.00957972369210025,0.0058212781615079034,-0.004803438753173572,-0.003239848342440288,0.005941152941032923,-0.38960269265821346,-7831.0,-0.2631924246198736,0.12641026803834166,0.8026614014456319,17804.0,0.6405772205169455,-0.16208418092868726,0.41310192833233295,9974.0,0.33231032005630823,-0.08079160827603005,-0.4131449195586834,-9975.0,-0.3323533112826471,0.08079160827603538,-0.00021395857681205666,0.004295319353360805,0.025019024147042268,0.025113892572609764,0.04712538578144332,0.0576880766536878,0.21873227524761685,50.0,S&P 500 Index x $50,247711.49999999997,68891292976.49998,126326176789.49998,-57434883812.99999,-1939828756.4999998,-29615396093.999996,427210188821.99994,386801011826.99994,40409176994.99999,4410255545.999999,36103207990.49999,508440487036.49994,525465946142.99994,-17025459106.499998,2470674500.9999995,6488059607.999999,64706454895.49999,47680995788.99999,17025459106.499998,-2470922212.4999995,-6488059607.999999
2024-02-13,S&P 500 Consolidated - CHICAGO MERCANTILE EXCHANGE,2355646,292810,506021,-213211,-9.051062850699978,12.430135937233354,21.48119878793333,62169,2.6391486666502524,1740517,1587584,152933,6.49218940367101,73.88703565815916,67.39484625448814,2095496,2155774,-60278,-2.558873447028968,88.95632026204277,91.51519370907174,260150,199872,60278,2.558873447028968,11.04367973795723,8.484806290928264,4953.17,2024-02-19,2024-02-20,4975.51,0.004510242935332309,2024-02-20,2024-02-20,4975.51,0.004510242935332309,2024-02-21,2024-02-21,4981.8,0.005780136760902721,2024-02-22,2024-02-22,5087.03,0.027025117248146158,2024-02-23,2024-02-23,5088.8,0.02738246415931611,0.004510242935332309,0.0,0.0012641920124771833,0.021122887309807714,0.00034794369209545373,0.022769525134106905,-0.00021395857681205666,0.9699072724930122,18651.0,0.41030508124433496,-0.559602191248679,-0.5582149583912193,-10197.0,-0.6506016503350338,-0.09238669194381544,0.4116490945568785,8453.0,0.24600012622966005,-0.16564896832720422,-0.4116490945568785,-8453.0,-0.2460001262296725,0.16564896832720777,0.004510242935332309,0.02523838269229617,0.025333271420120873,0.044839971169978066,0.059257001072040794,0.09716201947439718,0.2251749889464727,50.0,S&P 500 Index x $50,247658.5,72516885385.0,125320401828.5,-52803516443.5,4619078683.5,-12083258215.0,431053829444.5,393178672064.0,37875157380.5,-2525373724.5,12076076118.5,518967396116.0,533895755179.0,-14928359063.0,2093457300.5,-6934438.0,64428358775.0,49499999712.0,14928359063.0,-2093457300.5,7182096.5
2024-02-20,S&P 500 Consolidated - CHICAGO MERCANTILE EXCHANGE,2341883,272294,487983,-215689,-9.210067283463777,11.627139357517006,20.83720664098078,76930,3.284963424731295,1724786,1581587,143199,6.114694884415661,73.64953757297013,67.53484268855446,2074009,2146500,-72491,-3.0954150997295766,88.56159765453697,91.65701275426655,267874,195384,72490,3.0953723990481166,11.43840234546303,8.343029946414916,4975.51,2024-02-26,2024-02-26,5069.53,0.0188965553279965,2024-02-27,2024-02-27,5078.18,0.020635070575679704,2024-02-28,2024-02-28,5069.76,0.01894278174498698,2024-02-29,2024-02-29,5096.27,0.024270878764186987,2024-03-01,2024-03-01,5137.08,0.03247305301366077,0.0188965553279965,0.0017062725735916828,-0.0016580743494716277,0.005229044372909275,0.008007817482197588,0.013324706629608718,0.004510242935332309,-0.15900443276379939,-2478.0,-0.8029965797163481,-0.6439921469525487,-0.3774945192553494,-9734.0,-0.23749808518903137,0.1399964340663189,-0.5365416527006088,-12213.0,-0.39472260750579835,0.1418190451948078,0.5364989520191488,12212.0,0.3947226075058001,-0.14177634451334775,0.020635070575679704,0.020729533253877275,0.04014864807828755,0.040799837604587275,0.06952051146515625,0.12493392637136691,0.23195009154840407,50.0,S&P 500 Index x $50,248775.5,67740075997.0,121398214816.5,-53658138819.5,-616465689.0,-7410773369.5,429084499543.0,393460096718.5,35624402824.5,-2421580717.0,7627954381.0,515962625979.5,533996610750.0,-18033984770.5,-3038295181.5,216683460.5,66640488287.0,48606752292.0,18033735995.0,3038046406.0,-216932236.0
2024-02-27,S&P 500 Consolidated - CHICAGO MERCANTILE EXCHANGE,2365269,296322,516194,-219872,-9.295855989318763,12.528046492809064,21.823902482127824,80265,3.3934829399954083,1719287,1577873,141414,5.978770279405852,72.68885695453667,66.71008667513082,2095874,2174332,-78458,-3.3170857099129107,88.61038638734115,91.92747209725405,269395,190937,78458,3.3170857099129107,11.389613612658858,8.072527902745946,5078.18,2024-03-04,2024-03-04,5130.95,0.010391518221094964,2024-03-05,2024-03-05,5078.65,9.255284373521633e-05,2024-03-06,2024-03-06,5104.76,0.0052341586946504925,2024-03-07,2024-03-07,5157.36,0.015592200355245334,2024-03-08,2024-03-08,5123.69,0.008961872166799889,0.010391518221094964,-0.010193044173106403,0.005141130024711504,0.010304108322428451,-0.00652853397862474,-0.0014149426519456387,0.020635070575679704,-0.08578870585498599,-4183.0,0.9009071352920586,0.9866958411470428,-0.13592460500980863,-1785.0,-0.9606806184334573,-0.824756013423638,-0.22167061018333412,-5967.0,0.04878873280418361,0.2704593429875075,0.22171331086479418,5968.0,-0.04878873280417295,-0.27050204366896935,9.255284373521633e-05,0.019119054464394658,0.019757078323336286,0.024693886392368913,0.04487040632667605,0.10783784741777569,0.17271345245737635,50.0,S&P 500 Index x $50,253909.0,75238822698.0,131066302346.0,-55827479648.0,-1062101347.0,1056007531.0,436542442883.0,400636155557.0,35906287326.0,-453227565.0,-993292008.0,532161271466.0,552082463788.0,-19921192322.0,-1515075003.0,62715523.0,68401815055.0,48480622733.0,19921192322.0,1515328912.0,-62969432.0
2024-03-05,S&P 500 Consolidated - CHICAGO MERCANTILE EXCHANGE,2401166,284325,483294,-198969,-8.286349215339547,11.84112218813693,20.127471403476477,101682,4.234692645156561,1744733,1624632,120101,5.001778302707934,72.66190675696724,67.66012845425931,2130740,2209607,-78867,-3.284529266198172,88.73772159026073,92.02225085645891,270427,191559,78868,3.2845709126316134,11.262320056172708,7.9777491435410965,5078.65,2024-03-11,2024-03-11,5117.94,0.00773630787709334,2024-03-12,2024-03-12,5175.27,0.019024740826794728,2024-03-13,2024-03-13,5165.31,0.017063589733492313,2024-03-14,2024-03-14,5150.48,0.014143522392761954,2024-03-15,2024-03-15,5117.09,0.007568940564913973,0.00773630787709334,0.011201772588189884,-0.001924537270519222,-0.002871076469757039,-0.006482890915021411,-0.0001660824472344835,9.255284373521633e-05,1.0095067739792167,20903.0,-0.6869243046721341,-1.6964310786513472,-0.976991976697918,-21313.0,-0.026950197569433954,0.9500417791284832,0.03255644371473876,-409.0,0.127335202919582,0.09477875920485701,-0.03251479728129736,410.0,-0.12729355648614948,-0.0947787592048499,0.019024740826794728,0.0196627056402785,0.02459905683597019,0.025038149902041118,0.0418792395616947,0.088661356856645,0.13773345278765037,50.0,S&P 500 Index x $50,253932.49999999997,72199358062.49998,122724053654.99998,-50524695592.49999,5307951047.499999,8352601722.499999,443044412522.49994,412546865339.99994,30497547182.499996,-5412063372.499999,-10926461542.499998,541064135049.99994,561091029527.4999,-20026894477.499996,-103858392.49999999,-2573859819.9999995,68670204177.49999,48643055767.49999,20027148409.999996,104112324.99999999,2574113752.4999995
2024-03-12,S&P 500 Consolidated - CHICAGO MERCANTILE EXCHANGE,2704540,280782,508622,-227840,-8.424353124745798,10.381876400422993,18.806229525168792,211691,7.8272460381432705,1915219,1773573,141646,5.237341655142834,70.81496298816064,65.57762133301782,2407692,2493885,-86193,-3.1869744947384766,89.02408542672691,92.21105992146539,296848,210655,86193,3.1869744947384766,10.975914573273089,7.788940078534612,5175.27,2024-03-18,2024-03-18,5149.42,-0.004994908478205051,2024-03-19,2024-03-19,5178.51,0.0006260542928193669,2024-03-20,2024-03-20,5224.62,0.00953573436748223,2024-03-21,2024-03-21,5241.53,0.012803196741425937,2024-03-22,2024-03-22,5234.18,0.011382980984566915,-0.004994908478205051,0.005649179907640134,0.008904105621114988,0.0032365990253835353,-0.0014022623165372838,0.016460106186716228,0.019024740826794728,-0.13800390940625107,-28871.0,-1.4592457877139378,-1.321241878307685,0.2355633524348999,21545.0,-1.8469437688065966,-2.082507121241491,0.09755477145969538,-7326.0,0.2863638364661796,0.1888090650064811,-0.09759641789313678,7325.0,-0.2864054828996192,-0.18880906500648464,0.0006260542928193669,0.005470245996827217,0.005901141389724529,0.006693370587428138,0.03865498804893264,0.061880829406002036,0.07667232820703052,50.0,S&P 500 Index x $50,258763.50000000003,72656133057.00002,131612808897.00002,-58956675840.00001,-7470761008.500001,-3785451241.5000005,495588771706.50006,458935956985.50006,36652814721.00001,5575059607.500001,-2920663624.5000005,623022808842.0001,645326411197.5001,-22303602355.500004,-1895701401.0000002,-6705856102.500001,76813427448.00002,54509825092.50001,22303602355.500004,1895442637.5000002,6705856102.500001
2024-03-19,S&P 500 Consolidated - CHICAGO MERCANTILE EXCHANGE,2111429,259421,446927,-187506,-8.880525937646969,12.286513067690176,21.167039005337145,43184,2.045249923156308,1542079,1433474,108605,5.143672839579262,73.0348498576083,67.89117701802903,1844684,1923585,-78901,-3.7368530980677064,87.36661284845478,91.10346594652248,266745,187844,78901,3.7368530980677064,12.633387151545234,8.896534053477527,5178.51,2024-03-25,2024-03-25,5218.19,0.007662435719927085,2024-03-26,2024-03-26,5203.58,0.004841160874460071,2024-03-27,2024-03-27,5248.49,0.013513539608883463,2024-03-28,2024-03-28,5254.35,0.014645139238893101,2024-03-29,2024-04-01,5243.77,0.012602080521231018,0.007662435719927085,-0.0027998213940082506,0.008630596627706266,0.001116511606195525,-0.0020135697089078697,0.0049020829061419136,0.0006260542928193669,-0.45617281290117084,40334.0,1.9046366672671837,2.360809480168353,-0.09366881556357232,-33041.0,2.219886869447649,2.3135556850112096,-0.5498786033292298,7292.0,-1.6574725782721345,-1.1075939749429153,0.5498786033292298,-7292.0,1.6574725782721451,1.1075939749429153,0.004841160874460071,0.0052717866722280515,0.006063520201756711,-0.024543739415391785,0.05957698256834476,0.08806973434443499,0.08422306802535862,50.0,S&P 500 Index x $50,258925.5,67170712135.5,115720796938.5,-48550084803.0,10443501117.0,7297297366.5,399283576114.5,371162972187.0,28120603927.5,-8555157445.5,-8957268747.0,477635727042.0,498065207917.5,-20429480875.5,1888084746.0,-1659712455.0,69067082497.5,48637601622.0,20429480875.5,-1888084746.0,1659971380.5
2024-03-26,S&P 500 Consolidated - CHICAGO MERCANTILE EXCHANGE,2128826,296934,460192,-163258,-7.668921743721658,13.948251289677973,21.61717303339963,48711,2.2881625835084693,1506596,1432340,74256,3.488119742994496,70.77121380516773,67.28309406217323,1852241,1941243,-89002,-4.180802000727161,87.00762767835417,91.18842967908132,276585,187583,89002,4.180802000727161,12.992372321645828,8.811570320918666,5203.58,2024-04-01,2024-04-01,5243.77,0.007723528801325319,2024-04-02,2024-04-02,5205.81,0.00042855111288786496,2024-04-03,2024-04-03,5211.49,0.0015201073107360408,2024-04-04,2024-04-04,5147.21,-0.010832926562097667,2024-04-05,2024-04-05,5204.34,0.00014605329407824108,0.007723528801325319,-0.00723906654944817,0.0010910886106099138,-0.012334284436888443,0.011099216857287653,-0.00751939921087319,0.004841160874460071,1.2116041939253108,24248.0,1.6617382219877967,0.4501340280624859,-1.6555530965847658,-34349.0,-2.2636360524405603,-0.6080829558557923,-0.44394890265945497,-10101.0,-0.3589851701006097,0.08496373255884748,0.44394890265945497,10101.0,0.3589851701005937,-0.0849637325588617,0.00042855111288786496,0.0012164701993626625,-0.02924332863144219,-0.025565091725312183,0.051064843819063066,0.1017280410794108,0.1101299489966523,50.0,S&P 500 Index x $50,260179.0,77255991186.0,119732294368.0,-42476303182.0,6308820392.0,14729773906.0,391984640684.0,372664788860.0,19319851824.0,-8936888471.0,-17473101282.0,481914211139.0,505070662497.0,-23156451358.0,-2628068079.0,-2743327376.0,71961608715.0,48805157357.0,23156451358.0,2628068079.0,2743327376.0
2024-04-02,S&P 500 Consolidated - CHICAGO MERCANTILE EXCHANGE,2110281,291608,360964,-69356,-3.2865765270122798,13.81844408398692,17.1050206109992,56869,2.694854381951977,1479820,1501509,-21689,-1.0277778172669896,70.12431045912842,71.15208827639542,1828297,1919342,-91045,-4.314354344279269,86.63760892506733,90.95196326934659,281985,190939,91046,4.31440173133341,13.362438461986818,9.048036730653406,5205.81,2024-04-08,2024-04-08,5202.39,-0.000656958283149045,2024-04-09,2024-04-09,5209.91,0.0007875815675177922,2024-04-10,2024-04-10,5160.64,-0.00867684375726352,2024-04-11,2024-04-11,5199.06,-0.0012966281904257526,2024-04-12,2024-04-12,5123.41,-0.015828468576456034,-0.000656958283149045,0.0014454894769517779,-0.009456977183866844,0.007444813046443954,-0.014550707243232486,-0.015181483894902259,0.00042855111288786496,4.382345216709378,93902.0,-0.12980720569105308,-4.51215242240043,-4.515897560261486,-95945.0,-0.6469033460393092,3.868994214222184,-0.13355234355210754,-2043.0,-0.37001875328684264,-0.23646640973473154,0.13359973060624863,2044.0,0.37006614034098995,0.23646640973474042,0.0007875815675177922,-0.0296591692743301,-0.025982508005478522,-0.03267887226003274,0.058242617383269746,0.0966112862359556,0.0820736830579678,50.0,S&P 500 Index x $50,260290.50000000003,75902792124.00002,93955500042.00002,-18052707918.000004,24441798531.000004,33737032576.500004,385183087710.00006,390828528364.50006,-5645440654.500001,-24973572022.500004,-36906589995.00001,475888340278.50006,499586488851.00006,-23698148572.500004,-531773491.50000006,-3169817709.0000005,73398016642.50002,49699607779.50001,23698408863.000004,532033782.00000006,3169817709.0000005
2024-04-09,S&P 500 Consolidated - CHICAGO MERCANTILE EXCHANGE,2115693,286456,337968,-51512,-2.4347577838561643,13.539582538676454,15.974340322532617,58416,2.7610811209376784,1482175,1524427,-42252,-1.9970761353372157,70.05624161917632,72.05331775451353,1827046,1920810,-93764,-4.43183391919338,86.35685801295368,90.78869193214706,288646,194882,93764,4.43183391919338,13.64309472120955,9.211260802016172,5209.91,2024-04-15,2024-04-15,5061.82,-0.028424675282298528,2024-04-16,2024-04-16,5051.41,-0.030422790412886203,2024-04-17,2024-04-17,5022.21,-0.0360274937570898,2024-04-18,2024-04-18,5011.12,-0.038156129376515135,2024-04-19,2024-04-19,4967.23,-0.046580459163402144,-0.028424675282298528,-0.002056572537150636,-0.005780564238499708,-0.0022081912146246774,-0.00875852104918673,-0.018686954494628427,0.0007875815675177922,0.8518187431561155,17844.0,-0.27886154531046614,-1.1306802884665839,-0.9692983180702262,-20563.0,-0.06806883995210455,0.9012294781181112,-0.11747957491411132,-2719.0,-0.2807509121136462,-0.16327133719953224,0.11743218785997023,2718.0,0.28065625922273263,0.16322407136276595,-0.030422790412886203,-0.026749022535897837,-0.03344011700777949,-0.0042630294957111126,0.0704561115259188,0.10388279260102395,-0.04359768210967163,50.0,S&P 500 Index x $50,260495.5,74620498948.0,88039143144.0,-13418644196.0,4648281702.0,45932650524.0,386099917712.5,397106373578.5,-11006455866.0,-5356568966.5,-47904601459.0,475937261293.0,500362361355.0,-24425100062.0,-708287264.5,-1972211430.5,75190984093.0,50765884031.0,24425100062.0,708026769.0,1972211430.5
2024-04-16,S&P 500 Consolidated - CHICAGO MERCANTILE EXCHANGE,2124352,359023,276745,82278,3.8730869460428403,16.900353613713733,13.027266667670895,62283,2.9318587503389266,1409806,1594944,-185138,-8.715034043322387,66.36404889585154,75.07908293917393,1831112,1933972,-102860,-4.841947097279546,86.19626125990419,91.03820835718375,293240,190380,102860,4.841947097279546,13.803738740095802,8.961791642816257,5051.41,2024-04-22,2024-04-22,5010.6,-0.008078932416889395,2024-04-23,2024-04-23,5070.55,0.003789041079619526,2024-04-24,2024-04-24,5071.63,0.004002842770632453,2024-04-25,2024-04-25,5048.42,-0.0005919139408600005,2024-04-26,2024-04-26,5099.96,0.009611177869149445,-0.008078932416889395,0.01196463497385536,0.0002129946455513565,-0.004576437949929346,0.010209134739185721,0.01783419151399035,-0.030422790412886203,6.307844729899005,133790.0,3.3607710750372792,-2.947073654861722,-6.717957907985171,-142886.0,-3.69219272332478,3.0257651846604006,-0.4101131780861662,-9096.0,-0.1605967530494894,0.24951642503668836,0.4101131780861662,9096.0,0.16064401888625213,-0.24946915919991497,0.003789041079619526,-0.003112002391411517,0.026980585618668895,0.038656533522323455,0.1219045771378684,0.1512152052595217,0.06834131460324944,50.0,S&P 500 Index x $50,252570.5,90678618621.5,69897623022.5,20780995599.0,33791407195.0,68139479772.0,356075406323.0,402835803552.0,-46760397229.0,-36088788463.0,-74190816381.5,462484873396.0,488464275026.0,-25979401630.0,-2297381268.0,-6051336609.5,74063773420.0,48084371790.0,25979401630.0,2297381268.0,6051336609.5
2024-04-23,S&P 500 Consolidated - CHICAGO MERCANTILE EXCHANGE,2092629,329860,253148,76712,3.665819407071201,15.76294699155942,12.09712758448822,62428,2.9832330527771527,1405678,1593977,-188299,-8.998202739233758,67.1728242321023,76.17102697133605,1797967,1909554,-111587,-5.332383332162557,85.91905206321809,91.25143539538064,294662,183075,111587,5.332383332162557,14.080947936781914,8.748564604619355,5070.55,2024-04-29,2024-04-29,5116.17,0.008997051601897121,2024-04-30,2024-04-30,5035.69,-0.006874993836960552,2024-05-01,2024-05-01,5018.39,-0.010286852511068756,2024-05-02,2024-05-02,5064.2,-0.0012523296289357333,2024-05-03,2024-05-03,5127.79,0.011288716214217454,0.008997051601897121,-0.015730517164206925,-0.003435477561168243,0.009128425650457572,0.012556771059594851,0.0022712302366809656,0.003789041079619526,-0.2072675389716392,-5566.0,-1.1374066221543124,-0.9301390831826755,-0.28316869591137106,-3161.0,0.8087753362507613,1.091944032162118,-0.4904362348830107,-8727.0,-0.2772091966861012,0.21322703819689082,0.4904362348830107,8727.0,0.2772091966861119,-0.21322703819690147,-0.006874993836960552,0.02310400252438094,0.034735876778653196,0.049473922947214755,0.09568784451390866,0.15395765745333345,0.04283756200017752,50.0,S&P 500 Index x $50,253527.5,83628581150.0,64179979570.0,19448601580.0,-1411134065.0,60838994175.0,356378029145.0,404117003867.5,-47738974722.5,-801400427.5,-66564912762.5,455834078592.5,484124451735.0,-28290373142.5,-2212534492.5,-5725918587.5,74704920205.0,46414547062.5,28290373142.5,2212534492.5,5725918587.5
2024-04-30,S&P 500 Consolidated - CHICAGO MERCANTILE EXCHANGE,2031800,282529,231851,50678,2.4942415592085836,13.90535485776159,11.411113298553008,67049,3.2999803130229357,1396319,1544777,-148458,-7.306723102667585,68.72325031991338,76.02997342258097,1745897,1843678,-97781,-4.812530760901663,85.92858549069791,90.74111625159956,285903,188122,97781,4.812530760901663,14.071414509302096,9.258883748400432,5035.69,2024-05-06,2024-05-06,5180.74,0.028804394233957975,2024-05-07,2024-05-07,5187.7,0.030186528559144943,2024-05-08,2024-05-08,5187.67,0.03018057108360539,2024-05-09,2024-05-09,5214.08,0.03542513538363168,2024-05-10,2024-05-10,5222.68,0.037132945038316656,0.028804394233957975,0.0013434374239973401,-5.782909574536532e-06,0.005090917502462489,0.0016493801399288799,0.008095368615294474,-0.006874993836960552,-1.1715778478626175,-26034.0,-1.85759213379783,-0.6860142859352116,1.6914796365661724,39841.0,1.5504260878110756,-0.1410535487550817,0.5198525712608939,13806.0,0.009533427479823331,-0.510319143781075,-0.5198525712608939,-13806.0,-0.009533427479818002,0.5103191437810768,0.030186528559144943,0.041898925469995296,0.056738997039134764,0.05368678373768043,0.07958194408313468,0.15831594081446654,0.10428362349548936,50.0,S&P 500 Index x $50,251784.49999999997,71136423000.49998,58376488109.49999,12759934890.999998,-6554957672.999999,30222700672.999996,351571481255.49994,388950904556.49994,-37379423300.99999,10031346264.499998,-31918469280.499996,439589803196.49994,464209543390.99994,-24619740194.499996,3476136806.9999995,-1696020391.9999998,71985943903.49998,47366203708.99999,24619740194.499996,-3476136806.9999995,1695768607.4999998
2024-05-07,S&P 500 Consolidated - CHICAGO MERCANTILE EXCHANGE,2056976,264704,265202,-498,-0.02421029705742799,12.868599341946624,12.892809639004051,65435,3.1811260802265076,1440537,1534764,-94227,-4.580850724558769,70.03178452252237,74.61263524708114,1770676,1865400,-94724,-4.605012406561865,86.08150994469551,90.68652235125738,286300,191576,94724,4.605012406561865,13.918490055304487,9.31347764874262,5187.7,2024-05-13,2024-05-13,5221.42,0.006499990361817476,2024-05-14,2024-05-14,5246.68,0.01136920022360588,2024-05-15,2024-05-15,5308.15,0.023218381941900956,2024-05-16,2024-05-16,5297.1,0.021088343581934232,2024-05-17,2024-05-17,5303.27,0.022277695317771018,0.006499990361817476,0.004837764439558523,0.011715980391409309,-0.0020817045486656305,0.0011647882803798026,0.01567581232691495,0.030186528559144943,-2.5184518562660116,-51176.0,-1.036755515814967,1.4816963404510428,2.725872378108816,54231.0,1.308534202608996,-1.4173381754998218,0.20751835433979782,3057.0,0.15292445399759913,-0.05459390034218359,-0.20751835433979782,-3057.0,-0.1529244539976098,0.05459390034218714,0.01136920022360588,0.025774427973861203,0.022811650635156333,0.01997802494361678,0.010087321934576066,0.11470593904813309,0.08080845075852494,50.0,S&P 500 Index x $50,259385.0,68660247040.0,68789420770.0,-129173730.0,-13274286760.0,13232266390.0,373653689745.0,398094760140.0,-24441070395.0,14066707935.0,-13481535375.0,459286794260.0,483856779000.0,-24569984740.0,792939945.0,-249009600.0,74261925500.0,49691940760.0,24569984740.0,-792939945.0,249009600.0
2024-05-14,S&P 500 Consolidated - CHICAGO MERCANTILE EXCHANGE,2107573,271442,287961,-16519,-0.7837925424172733,12.879364083711453,13.663156626128728,70237,3.332601053439193,1481845,1553464,-71619,-3.398174108322701,70.31049458310578,73.70866869142849,1823523,1911662,-88139,-4.18201409868128,86.52241227231512,90.7044263709964,284049,195911,88138,4.181966650739975,13.477540279743572,9.295573629003599,5246.68,2024-05-20,2024-05-20,5308.13,0.011712168457005179,2024-05-21,2024-05-21,5321.41,0.014243292901415572,2024-05-22,2024-05-22,5307.01,0.011498700130368134,2024-05-23,2024-05-23,5267.84,0.004033026599678191,2024-05-24,2024-05-24,5304.72,0.011062233641083496,0.011712168457005179,0.0025018226757822504,-0.002706049712388192,-0.0073808038801509435,0.007000971935366307,-0.000642410792501269,0.01136920022360588,-0.7595822453598453,-16021.0,0.010764741764829111,0.7703469871246771,1.1826766162360682,22608.0,0.27871006058340697,-0.9039665556526586,0.4229983078805857,6585.0,0.4409023276196109,0.017904019739020782,-0.4230457558218905,-6586.0,-0.44094977556091486,-0.017904019739020782,0.014243292901415572,0.011313821311762728,0.008512049524651788,0.02451836208802516,0.035784534219735153,0.14052886777924312,0.12195712336182107,50.0,S&P 500 Index x $50,262334.0,71208465628.0,75541960974.0,-4333495346.0,-4202853014.0,-25917812198.0,388738326230.0,407526424976.0,-18788098746.0,5930847072.0,29779893346.0,478372082682.0,501493939108.0,-23121856426.0,1727469390.0,3861818814.0,74515710366.0,51394116274.0,23121594092.0,-1727731724.0,-3862081148.0
2024-05-21,S&P 500 Consolidated - CHICAGO MERCANTILE EXCHANGE,2176057,302783,316553,-13770,-0.632795924003829,13.914295443547664,14.547091367551493,72879,3.3491310200054505,1505752,1596649,-90897,-4.177142418603924,69.19634917651514,73.37349159511906,1881414,1986080,-104666,-4.809892387929176,86.45977564006824,91.26966802799743,294644,189977,104667,4.8099383426077535,13.540270314610325,8.73033197200257,5321.41,2024-05-27,2024-05-28,5306.04,-0.0028883322277366563,2024-05-28,2024-05-28,5306.04,-0.0028883322277366563,2024-05-29,2024-05-29,5266.95,-0.010234129676157222,2024-05-30,2024-05-30,5235.48,-0.016147975818439186,2024-05-31,2024-05-31,5277.51,-0.008249693220405807,-0.0028883322277366563,0.0,-0.007367076011488782,-0.005974995016091,0.008027917211029578,-0.005376891240925441,0.014243292901415572,0.15099661841344425,2749.0,1.0349313598362109,0.883934741422765,-0.7789683102812228,-19278.0,-1.1141454065906373,-0.3351770963094225,-0.6278782892478967,-16527.0,-0.06263663224687832,0.5652416570010246,0.6279716918677787,16529.0,0.06273003486675321,-0.5652416570010281,-0.0028883322277366563,-0.005650757975799614,0.01013077361075343,0.03112333009484325,0.051811455986289445,0.1119195852227135,0.11633194961485782,50.0,S&P 500 Index x $50,266070.5,80561624201.5,84225414986.5,-3663790785.0,731427804.5,-24074590981.0,400636187516.0,424821197754.5,-24185010238.5,-5129307099.0,25915798841.0,500588763687.0,528437298640.0,-27848534953.0,-4397347153.5,1841473930.5,78396076402.0,50547275378.5,27848801023.5,4397879294.5,-1841207860.0
2024-05-28,S&P 500 Consolidated - CHICAGO MERCANTILE EXCHANGE,2207528,329454,323261,6193,0.2805400429802023,14.924114212820857,14.643574169840653,74663,3.3821994556807433,1507973,1612387,-104414,-4.729906030636984,68.3104812260592,73.04038725669618,1912090,2010310,-98220,-4.449320688118112,86.61679489456078,91.0661155826789,295438,197218,98220,4.449320688118112,13.383205105439206,8.933884417321094,5306.04,2024-06-03,2024-06-03,5283.4,-0.004266835530829072,2024-06-04,2024-06-04,5291.34,-0.0027704276635682756,2024-06-05,2024-06-05,5354.03,0.009044409766982398,2024-06-06,2024-06-06,5352.96,0.008842752787389552,2024-06-07,2024-06-07,5346.99,0.007717619919940244,-0.004266835530829072,0.0015028201536890773,0.011847660516995706,-0.0001998494591923805,-0.0011152708034434244,0.012035810273687497,-0.0028883322277366563,0.9133359669840313,19963.0,1.0098187692731937,0.09648280228915951,-0.5527636120330603,-13517.0,-0.8858679504559461,-0.3331043384228849,0.3605716998110644,6446.0,0.15701925449253906,-0.2035524453185218,-0.36061765448964156,-6447.0,-0.15706520917111888,0.20355244531852357,-0.0027704276635682756,0.013056818267483727,0.034110183865933896,0.030768708867630057,0.060263397938952634,0.1348632878757039,0.11599987938274126,50.0,S&P 500 Index x $50,265302.0,87404805108.0,85761789822.0,1643015286.0,5296223826.0,-11801959470.0,400068252846.0,427769495874.0,-27701243028.0,-3586087134.0,11684961288.0,507281301180.0,533339263620.0,-26057962440.0,1710136692.0,-116467578.0,78380292276.0,52322329836.0,26057962440.0,-1710401994.0,116467578.0
2024-06-04,S&P 500 Consolidated - CHICAGO MERCANTILE EXCHANGE,2189450,264295,317484,-53189,-2.4293315672885885,12.071296444312498,14.500628011601089,93281,4.260476375345407,1537832,1585502,-47670,-2.177259129005001,70.23827901984517,72.41553814885016,1895409,1996267,-100858,-4.606545022722601,86.57009751307406,91.17664253579666,294041,193183,100858,4.606545022722601,13.42990248692594,8.823357464203339,5291.34,2024-06-10,2024-06-10,5360.79,0.013125219698601809,2024-06-11,2024-06-11,5375.32,0.015871215986876575,2024-06-12,2024-06-12,5421.03,0.02450985950628759,2024-06-13,2024-06-13,5433.74,0.026911897553360653,2024-06-14,2024-06-14,5431.6,0.02650746313788188,0.013125219698601809,0.0027104214117694703,0.008503679780924589,0.0023445728948188194,-0.00039383555341243603,0.013208874065203213,-0.0027704276635682756,-2.7098716102687908,-59382.0,-2.852817768508359,-0.14294615823956391,2.552646901631983,56744.0,1.9277977937859703,-0.6248491078460177,-0.15722433460448926,-2638.0,-0.04669738148672309,0.11052695311775551,0.15722433460448926,2638.0,0.04669738148673375,-0.11052695311775551,0.015871215986876575,0.036983070450963274,0.033632312419916266,0.04113702767162941,0.0449016695203861,0.14335499136324636,0.1283285519358044,50.0,S&P 500 Index x $50,264567.0,69923735265.0,83995789428.0,-14072054163.0,-15710517594.0,-13940299797.0,406859598744.0,419471507634.0,-12611908890.0,15012589848.0,12317445819.0,501462672903.0,528146371389.0,-26683698486.0,-697927746.0,-1622853978.0,77793545247.0,51109846761.0,26683698486.0,697927746.0,1622853978.0
2024-06-11,S&P 500 Consolidated - CHICAGO MERCANTILE EXCHANGE,2296554,269161,366965,-97804,-4.258728512371144,11.72021210909911,15.978940621470256,114234,4.9741482238170756,1610027,1622069,-12042,-0.524350831724401,70.10621130615696,70.63056213788137,1993421,2103268,-109847,-4.783122887595937,86.80052809557276,91.5836509831687,303133,193287,109846,4.783079344095545,13.199471904427243,8.416392560331696,5375.32,2024-06-17,2024-06-17,5473.23,0.018214729541683017,2024-06-18,2024-06-18,5487.03,0.020782018558895166,2024-06-19,2024-06-20,5473.17,0.018203567415521427,2024-06-20,2024-06-20,5473.17,0.018203567415521427,2024-06-21,2024-06-21,5464.62,0.016612964437466182,0.018214729541683017,0.002521363070800975,-0.0025259566650810417,0.0,-0.001562165984246855,-0.0015731113072170455,0.015871215986876575,-1.8293969450825558,-44615.0,-0.3510843352133879,1.4783126098691675,1.6529082972806002,35628.0,-0.13206771368820114,-1.7849760109687907,-0.1765778648733356,-8989.0,0.2304305824986983,0.4070084473720357,0.17653432137294356,8988.0,-0.23043058249869652,-0.40696490387164275,0.020782018558895166,0.01748361027808576,0.024871077442831346,0.0375159060297805,0.022361459410788598,0.12270711325093209,0.12343265145144855,50.0,S&P 500 Index x $50,268766.0,72341325326.0,98627715190.0,-26286389864.0,-11990995090.0,-21846644310.0,432720516682.0,435956996854.0,-3236480172.0,9575595048.0,16012271982.0,535763788486.0,565286927288.0,-29523138802.0,-2415937574.0,-5834372328.0,81471843878.0,51948973842.0,29522870036.0,2415668808.0,5834372328.0
2024-06-18,S&P 500 Consolidated - CHICAGO MERCANTILE EXCHANGE,2626904,314948,414841,-99893,-3.802689401668276,11.989322792153805,15.79201219382208,144311,5.493577230077689,1862807,1853347,9460,0.3601197455255312,70.91264088828521,70.5525211427597,2322066,2412499,-90433,-3.4425696561427443,88.39554091051671,91.83811056665945,304838,214405,90433,3.4425696561427443,11.604459089483285,8.16188943334054,5487.03,2024-06-24,2024-06-24,5447.87,-0.007136829942610112,2024-06-25,2024-06-25,5469.3,-0.0032312562533829414,2024-06-26,2024-06-26,5477.9,-0.001663923834934411,2024-06-27,2024-06-27,5482.87,-0.0007581514954355661,2024-06-28,2024-06-28,5460.48,-0.0048386832220710385,-0.007136829942610112,0.003933647462219136,0.0015724132887204867,0.0009072819876230209,-0.004083627735109618,0.0023146660988606627,0.020782018558895166,0.4560391107028683,-2089.0,0.269110683054695,-0.1869284276481764,0.8844705772499322,21502.0,0.8064295821282457,-0.07804099512166829,1.3405532314531925,19414.0,1.5950128149439564,0.2544595834907568,-1.3405096879528005,-19413.0,-1.5950128149439582,-0.25450312699115507,-0.0032312562533829414,0.004005810064825699,0.01639320360923846,0.03283561416649805,0.026890685853731444,0.10271130283596053,0.09033848912799836,50.0,S&P 500 Index x $50,274351.5,86406456222.0,113812250611.5,-27405794389.5,-573120283.5,-23627974234.5,511063894660.5,508468529470.5,2595365190.0,5899105953.0,27533093485.5,637062290199.0,661872719398.5,-24810429199.5,5326260021.0,3904844899.5,83632762557.0,58822333357.5,24810429199.5,-5325985669.5,-3905119251.0
2024-06-25,S&P 500 Consolidated - CHICAGO MERCANTILE EXCHANGE,1986672,270812,336917,-66105,-3.3274239532242866,13.631439915597543,16.958863868821826,39802,2.0034509974469867,1403560,1448090,-44530,-2.24143693573977,70.64880362737281,72.89024056311258,1714174,1824809,-110635,-5.568860888964056,86.28369454041734,91.8525554293814,272497,161863,110634,5.568810553528715,13.716255124147317,8.147444570618601,5469.3,2024-07-01,2024-07-01,5475.09,0.0010586363885689565,2024-07-02,2024-07-02,5509.01,0.007260526941290424,2024-07-03,2024-07-03,5537.02,0.01238184045490276,2024-07-04,2024-07-05,5567.19,0.01789808567824025,2024-07-05,2024-07-05,5567.19,0.01789808567824025,0.0010586363885689565,0.006195331948881222,0.005084398104196586,0.0054487793072806046,0.0,0.016821641288088385,-0.0032312562533829414,0.4752654484439893,33788.0,1.6421171234437377,1.1668516749997462,-2.601556681265301,-53990.0,-0.26383726091239623,2.337719420352883,-2.1262912328213117,-20202.0,-2.1118463700993715,0.014444862721944673,2.126240897385971,20201.0,2.1117960346640317,-0.014444862721939344,0.007260526941290424,0.019688077084818678,0.036183789516025744,0.015804581939187656,0.0482017808494688,0.10435339074470229,0.11388660340445766,50.0,S&P 500 Index x $50,273465.0,74057603580.0,92135007405.0,-18077403825.0,9239835420.0,-19770972570.0,383824535400.0,396001931850.0,-12177396450.0,-14764375350.0,16376178060.0,468766592910.0,499021393185.0,-30254800275.0,-5524539930.0,-3395067975.0,74518392105.0,44263865295.0,30254526810.0,5524266465.0,3394794510.0
2024-07-02,S&P 500 Consolidated - CHICAGO MERCANTILE EXCHANGE,2047732,317247,329859,-12612,-0.6159009089080016,15.492603524289311,16.10850443319731,40342,1.970082022452157,1413128,1509964,-96836,-4.728939138520079,69.00942115472142,73.7383602932415,1770717,1880166,-109449,-5.344888881943535,86.47210670146289,91.81699558340642,277015,167566,109449,5.344888881943535,13.527893298537114,8.183004416593578,5509.01,2024-07-08,2024-07-08,5572.85,0.011588289002924412,2024-07-09,2024-07-09,5576.98,0.01233796998008696,2024-07-10,2024-07-10,5633.91,0.022671950132600927,2024-07-11,2024-07-11,5584.54,0.013710267362012418,2024-07-12,2024-07-12,5615.35,0.019302923755810886,0.011588289002924412,0.0007410929775606423,0.010208033738690059,-0.008763008283767415,0.005517016620885551,0.007626259454318607,0.007260526941290424,2.711523044316285,53493.0,1.8611636086917684,-0.8503594356245152,-2.4875022027803095,-52306.0,-1.6393824726513913,0.8481197301289143,0.2239720070205209,1186.0,0.18841216104554803,-0.03555984597497286,-0.22392167158518017,-1185.0,-0.18836182561020287,0.03555984597497641,0.01233796998008696,0.028714778154332654,0.008482467811820937,-0.013172965741576226,0.03625696813038992,0.06763828709695563,0.12506784340562094,50.0,S&P 500 Index x $50,275450.5,87385844773.5,90859826479.5,-3473981706.0,14734673596.5,11176954938.5,389246814164.0,415920338782.0,-26673524618.0,-14407713853.0,-13542799283.0,487744883008.5,517892664783.0,-30147781774.5,326684293.0,-2366395245.5,76303920257.5,46156138483.0,30147781774.5,-326408842.5,2366395245.5
2024-07-09,S&P 500 Consolidated - CHICAGO MERCANTILE EXCHANGE,2059456,309131,364840,-55709,-2.7050347276173903,15.010323114453525,17.715357842070915,41402,2.0103367102768885,1436809,1478709,-41900,-2.034517853258336,69.76643346592498,71.80095131918331,1787342,1884952,-97610,-4.739601137387737,86.78709329065539,91.52669442804313,272114,174504,97610,4.739601137387737,13.212906709344605,8.473305571956866,5576.98,2024-07-15,2024-07-15,5631.22,0.009725693834297555,2024-07-16,2024-07-16,5667.2,0.016177214191193112,2024-07-17,2024-07-17,5588.27,0.0020243931303323137,2024-07-18,2024-07-18,5544.59,-0.005807802789323135,2024-07-19,2024-07-19,5505.0,-0.012906626884084171,0.009725693834297555,0.006389379210899104,-0.013927512704686507,-0.007816372508844482,-0.007140293511332718,-0.02241432584768488,0.01233796998008696,-2.0891338187093886,-43097.0,-0.482280409835786,1.6068534088736044,2.6944212852617433,54936.0,0.7570123112035532,-1.9374089740581866,0.605287744555798,11839.0,0.31498658919250033,-0.29030115536329504,-0.605287744555798,-11839.0,-0.3149865891925092,0.29030115536328793,0.016177214191193112,-0.0038085128510412236,-0.02520001864808552,-0.06041800400933839,0.031226577825274715,0.059539392287582205,0.11628874408730194,50.0,S&P 500 Index x $50,278849.0,86200870219.0,101735269160.0,-15534398941.0,-12017555353.0,11738148655.0,400652752841.0,412336525941.0,-11683773100.0,15318848664.0,-8325873442.0,498398529358.0,525616980248.0,-27218450890.0,3301293311.0,3412275213.0,75878716786.0,48660265896.0,27218450890.0,-3301293311.0,-3411996364.0
2024-07-16,S&P 500 Consolidated - CHICAGO MERCANTILE EXCHANGE,2102256,332812,400884,-68072,-3.2380452237976725,15.831183262171686,19.069228485969358,40967,1.9487160460001065,1452266,1487669,-35403,-1.6840479941548507,69.08131074426711,70.76535873842195,1826045,1929520,-103475,-4.922093217952524,86.8612100524389,91.78330327039143,276211,172735,103476,4.922140785898577,13.138789947561097,8.216649161662518,5667.2,2024-07-22,2024-07-22,5564.41,-0.018137704686617684,2024-07-23,2024-07-23,5555.74,-0.019667560700169395,2024-07-24,2024-07-24,5427.13,-0.04236130717108977,2024-07-25,2024-07-25,5399.22,-0.04728613777526813,2024-07-26,2024-07-26,5459.1,-0.036720073404855946,-0.018137704686617684,-0.001558116673645582,-0.023149031452155744,-0.005142681306694263,0.011090490848678192,-0.018925636320831773,0.016177214191193112,-0.5330104961802822,-12363.0,0.820860147718161,1.3538706438984427,0.3504698591034854,6497.0,-0.6851227216578621,-1.0355925807613602,-0.18249208056478672,-5865.0,0.07411676178351456,0.2566088423482995,0.18253964851083992,5866.0,-0.07411676178350746,-0.2566564102943474,-0.019667560700169395,-0.04071852060982495,-0.07537584697910782,-0.04107319311123647,0.026125776397515565,0.03100472896668549,0.10173630717108995,50.0,S&P 500 Index x $50,283360.0,94305608320.0,113594490240.0,-19288881920.0,-3503179680.0,9016798560.0,411514093760.0,421545887840.0,-10031794080.0,1840989920.0,-12712379680.0,517428111200.0,546748787200.0,-29320676000.0,-1661906400.0,-3695581120.0,78267148960.0,48946189600.0,29320959360.0,1662189760.0,3695864480.0
2024-07-23,S&P 500 Consolidated - CHICAGO MERCANTILE EXCHANGE,2058317,335324,351418,-16094,-0.7819009414001827,16.291173808504716,17.073074749904897,31703,1.5402389427867524,1421641,1514783,-93142,-4.525153317006078,69.06812701833586,73.59328033534194,1788668,1897904,-109236,-5.307054258406261,86.89953976962732,92.20659402803358,269649,160414,109235,5.30700567502479,13.10046023037268,7.793454555347888,5555.74,2024-07-29,2024-07-29,5463.54,-0.016595449031092113,2024-07-30,2024-07-30,5436.44,-0.021473287086868798,2024-07-31,2024-07-31,5522.3,-0.006019000169194322,2024-08-01,2024-08-01,5446.68,-0.019630148279077053,2024-08-02,2024-08-02,5346.56,-0.03765114998182051,-0.016595449031092113,-0.004960154039322595,0.01579342363752767,-0.013693569708273734,-0.018381839946536194,-0.021411026550551382,-0.019667560700169395,2.4561442823974895,51978.0,0.4599905463330298,-1.9961537360644606,-2.8411053228512273,-57739.0,-0.013183725931256163,2.8279215969199925,-0.3849610404537369,-5761.0,0.038329717188418044,0.42329075764214963,0.384864889126213,5759.0,-0.038329717188418044,-0.42319460631463013,-0.021473287086868798,-0.056825913379675796,-0.021835075075507415,0.007448152721329704,0.05318103438965838,0.08882705094190868,0.13569389496268736,50.0,S&P 500 Index x $50,277787.0,93148647988.0,97619351966.0,-4470703978.0,14438812686.0,13892405657.0,394913388467.0,420787025221.0,-25873636754.0,-16039143593.0,-13503781644.0,496868717716.0,527213058448.0,-30344340732.0,-1600330907.0,388624013.0,74904986763.0,44560923818.0,30344062945.0,1599775333.0,-388624013.0
2024-07-30,S&P 500 Consolidated - CHICAGO MERCANTILE EXCHANGE,2058295,332421,324682,7739,0.37599080792597755,16.150308872149036,15.774318064223058,47255,2.2958322300739202,1408787,1530247,-121460,-5.9010005854360035,68.44436778984549,74.34536837528148,1788464,1902184,-113720,-5.524961193609274,86.89055747596919,92.41551866957846,269832,156112,113720,5.524961193609274,13.109491107931564,7.584529914322291,5436.44,2024-08-05,2024-08-05,5186.33,-0.04600620994621474,2024-08-06,2024-08-06,5240.03,-0.03612842227634261,2024-08-07,2024-08-07,5199.5,-0.04358366872438579,2024-08-08,2024-08-08,5319.31,-0.021545349530207147,2024-08-09,2024-08-09,5344.16,-0.016974343504204903,-0.04600620994621474,0.01035414252467537,-0.007734688541859436,0.023042600250024137,0.004671658542179324,0.03043192392308236,-0.021473287086868798,1.1578917493261602,23833.0,-0.14086493635567976,-1.2987566856818393,-1.3758472684299257,-28318.0,-0.6237592284903712,0.7520880399395367,-0.21790693520301296,-4484.0,-0.008982293658135632,0.20892464154488266,0.2179555185844837,4485.0,0.009030877558885209,-0.2089246410255976,-0.03612842227634261,-0.00036972724797834644,0.029556106569740503,0.03483161774985111,0.07293007924303407,0.11611642913377151,0.17188086321195484,50.0,S&P 500 Index x $50,271822.0,90359341062.0,88255710604.0,2103630458.0,6478333726.0,5531849522.0,382939299914.0,415954800034.0,-33015500120.0,-7697455396.0,-6693344928.0,486143861408.0,517055459248.0,-30911597840.0,-1218849848.0,-1160951762.0,73346273904.0,42434676064.0,30911597840.0,1219121670.0,1160951762.0
2024-08-06,S&P 500 Consolidated - CHICAGO MERCANTILE EXCHANGE,2037394,324949,297009,27940,1.3713596879150523,15.94924693014704,14.577887242231988,44450,2.1817085944103103,1410615,1526473,-115858,-5.686578050195495,69.23624002033971,74.9228180705352,1780014,1867932,-87918,-4.315218362280442,87.36719554489706,91.6824139071775,257380,169462,87918,4.315218362280442,12.632804455102942,8.317586092822497,5240.03,2024-08-12,2024-08-12,5344.39,0.019915916511928478,2024-08-13,2024-08-13,5434.43,0.037099024242227774,2024-08-14,2024-08-14,5455.21,0.041064650393223046,2024-08-15,2024-08-15,5543.22,0.05786035576132198,2024-08-16,2024-08-16,5554.25,0.059965305542143854,0.019915916511928478,0.01684757287548244,0.0038237680860733203,0.01613320110499883,0.001989818192314141,0.0392673438877027,-0.03612842227634261,0.9953688799890748,20201.0,-0.20106194200199567,-1.1964308219910702,0.2144225352405087,5602.0,0.7918722304942207,0.5774496952537191,1.2097428313288319,25802.0,0.4766380689278691,-0.7331047624009557,-1.2097428313288319,-25802.0,-0.4766866528286222,0.7330561785002061,0.037099024242227774,0.06814655641284495,0.07361980752018593,0.055133272137755096,0.10357383450094759,0.15226057866080933,0.20212861376747848,50.0,S&P 500 Index x $50,262001.5,85137125423.5,77816803513.5,7320321910.0,5292692301.5,21916163473.5,369583245922.5,399938215709.5,-30354969787.0,1467732403.0,-19377106937.0,466366338021.0,489400985898.0,-23034647877.0,6760162703.0,2539318538.0,67433946070.0,44399298193.0,23034647877.0,-6760162703.0,-2539318538.0
2024-08-13,S&P 500 Consolidated - CHICAGO MERCANTILE EXCHANGE,2046062,283430,312693,-29263,-1.4302108147260444,13.852463903830872,15.282674718556915,60124,2.9385228795608347,1444766,1489058,-44292,-2.1647437858676817,70.61203423943165,72.77677802529932,1788320,1861875,-73555,-3.594954600593726,87.40302102282335,90.99797562341708,257741,184187,73554,3.59490572621944,12.596930102802359,9.00202437658292,5434.43,2024-08-19,2024-08-19,5608.25,0.031984955183892216,2024-08-20,2024-08-20,5597.12,0.02993690230622148,2024-08-21,2024-08-21,5620.85,0.03430350561144402,2024-08-22,2024-08-22,5570.64,0.02506426616958901,2024-08-23,2024-08-23,5634.61,0.036835509887881424,0.031984955183892216,-0.0019845762938528466,0.004239680407066571,-0.008932812652890587,0.011483420217425433,0.004700218428208336,0.037099024242227774,-2.8015705026410966,-57203.0,-2.096783026316169,0.7047874763249276,3.521834264327813,71566.0,1.3757942190919437,-2.1460400452358783,0.720263761686716,14363.0,0.03582547792629498,-0.6844382837604286,-0.7203126360610019,-14364.0,-0.03587435230058311,0.6844382837604233,0.02993690230622148,0.03521436470798234,0.01738912820663807,0.011241289334852134,0.1011256010289947,0.11667644996807391,0.186096793959992,50.0,S&P 500 Index x $50,271721.5,77014024745.0,84965410999.5,-7951386254.5,-15543284964.5,10545239693.5,392573984669.0,404609073347.0,-12035088678.0,19446020869.0,-2415332413.5,485924992880.0,505911467812.5,-19986474932.5,3902735904.5,8129907280.0,70033771131.5,50047567920.5,19986203211.0,-3903007626.0,-8130450723.0
2024-08-20,S&P 500 Consolidated - CHICAGO MERCANTILE EXCHANGE,2066099,277239,369397,-92158,-4.460483258546662,13.418476074960589,17.878959333507254,78128,3.781425769045917,1441968,1443203,-1235,-0.05977448321692233,69.79181539703568,69.85158988025259,1797335,1890728,-93393,-4.520257741763585,86.99171724104218,91.51197498280577,268764,175371,93393,4.520257741763585,13.008282758957822,8.48802501719424,5597.12,2024-08-26,2024-08-26,5616.84,0.0035232405236980124,2024-08-27,2024-08-27,5625.8,0.00512406380424224,2024-08-28,2024-08-28,5592.18,-0.0008825967640500032,2024-08-29,2024-08-29,5591.96,-0.0009219026928134477,2024-08-30,2024-08-30,5648.4,0.009161854668114922,0.0035232405236980124,0.0015952029967027936,-0.005976038963347419,-3.934065069444159e-05,0.010093062182132906,0.00561881769820749,0.02993690230622148,-3.0302724438206177,-62895.0,-0.43398782887028275,2.5962846149503385,2.104969302650759,43057.0,-0.820218842395974,-2.9251881450467323,-0.9253031411698589,-19838.0,-0.41130378178117155,0.5139993593886913,0.9253520155441448,19839.0,0.41135265615546324,-0.5139993593886807,0.00512406380424224,-0.012183051283517154,-0.01815219255617162,0.006692727688525579,0.05714724715567998,0.09513106740609456,0.14547660225258707,50.0,S&P 500 Index x $50,279856.0,77586997584.0,103377966832.0,-25790969248.0,-17601543120.0,-21286966784.0,403543396608.0,403889018768.0,-345622160.0,12049759792.0,25720725392.0,502994983760.0,529131575168.0,-26136591408.0,-5551783328.0,4433758608.0,75215217984.0,49078626576.0,26136591408.0,5552063184.0,-4433478752.0
2024-08-27,S&P 500 Consolidated - CHICAGO MERCANTILE EXCHANGE,2113787,301079,390612,-89533,-4.2356680214231615,14.243582726168718,18.479250747591884,89000,4.210452614194335,1445547,1471628,-26081,-1.2338518497842972,68.38659713585143,69.62044898563573,1835625,1951240,-115615,-5.469567179663798,86.84058516775815,92.31015234742195,278162,162547,115615,5.469567179663798,13.159414832241847,7.689847652578051,5625.8,2024-09-02,2024-09-03,5528.93,-0.017218884425326153,2024-09-03,2024-09-03,5528.93,-0.017218884425326153,2024-09-04,2024-09-04,5520.07,-0.0187937715524904,2024-09-05,2024-09-05,5503.41,-0.02175512815955072,2024-09-06,2024-09-06,5408.42,-0.03863983788972236,-0.017218884425326153,0.0,-0.0016024800458679378,-0.0030180776693048417,-0.01726020776209658,-0.021796260759315178,0.00512406380424224,0.22481523712350082,2625.0,0.8251066512081291,0.60029141408463,-1.174077366567375,-24846.0,-1.4052182611842454,-0.23114089461685694,-0.9493094379002134,-22222.0,-0.15113207328403178,0.7981773646161798,0.9493094379002134,22222.0,0.15113207328402467,-0.7981773646161887,-0.017218884425326153,-0.0231575953642148,0.0015606669273702245,0.01904262504888199,0.07035977105478342,0.058560560275871865,0.14933698318461364,50.0,S&P 500 Index x $50,281290.0,84690511910.0,109875249480.0,-25184737570.0,738386250.0,-27361640880.0,406617915630.0,413954240120.0,-7336324490.0,-6988931340.0,26829158910.0,516342956250.0,548864299600.0,-32521343350.0,-6250826380.0,-533044550.0,78244188980.0,45722845630.0,32521343350.0,6250826380.0,533044550.0
2024-09-03,S&P 500 Consolidated - CHICAGO MERCANTILE EXCHANGE,2120935,321006,375827,-54821,-2.584756251370268,15.135117294966607,17.719873546336874,71675,3.379405780940953,1454547,1499887,-45340,-2.1377364228512423,68.5804609759375,70.71819739878875,1847228,1947389,-100161,-4.7224926742215105,87.09498405184506,91.81747672606657,273707,173546,100161,4.7224926742215105,12.90501594815494,8.18252327393343,5528.93,2024-09-09,2024-09-09,5471.05,-0.01046857167661741,2024-09-10,2024-09-10,5495.52,-0.0060427605341358825,2024-09-11,2024-09-11,5554.13,0.004557843922784244,2024-09-12,2024-09-12,5595.76,0.012087329736495178,2024-09-13,2024-09-13,5626.02,0.01756035978028292,-0.01046857167661741,0.004472633223969957,0.010665050805019227,0.007495323299958834,0.0054076658041088965,0.028325458550004123,-0.017218884425326153,1.6509117700528932,34712.0,0.8915345687978888,-0.7593772012550097,-0.9038845730669451,-19259.0,0.19386384008606683,1.0977484131530133,0.7470745054422876,15454.0,0.25439888408691047,-0.49267562135537446,-0.7470745054422876,-15454.0,-0.2543988840869069,0.4926756213553798,-0.0060427605341358825,0.019108579779451018,0.036896831755873105,0.032523471991868114,0.09422257109422616,0.04507562946175825,0.16035833334840555,50.0,S&P 500 Index x $50,276446.5,88740985179.0,103896058755.5,-15155073576.5,9596010908.0,-22878988786.5,402104427235.5,414638511545.5,-12534084310.0,-5324083143.5,19494454287.0,510659715302.0,538348873188.5,-27689157886.5,4272204211.0,-3384534499.5,75665342175.5,47976184289.0,27689157886.5,-4272204211.0,3384534499.5
2024-09-10,S&P 500 Consolidated - CHICAGO MERCANTILE EXCHANGE,2169815,336030,401324,-65294,-3.0091966365796163,15.486573740157572,18.495770376737187,94270,4.344610024356915,1473582,1485450,-11868,-0.5469590725476596,67.91279440873991,68.45975348128758,1903882,1981044,-77162,-3.556155709127276,87.7439781732544,91.30013388238167,265933,188771,77162,3.556155709127276,12.256021826745599,8.699866117618322,5495.52,2024-09-16,2024-09-16,5633.09,0.02503311788511353,2024-09-17,2024-09-17,5634.58,0.02530424782368179,2024-09-18,2024-09-18,5618.26,0.022334556147552975,2024-09-19,2024-09-19,5713.64,0.03969051154394854,2024-09-20,2024-09-20,5702.55,0.03767250414883394,0.02503311788511353,0.00026450846693371055,-0.0028964004415590328,0.01697678640717948,-0.0019409693295342478,0.012330710143100942,-0.0060427605341358825,-0.4244403852093481,-10473.0,0.35145644519096564,0.7758968304003133,1.5907773503035827,33472.0,-0.6676665671975854,-2.258443917501168,1.1663369650942346,22999.0,0.6489941214093449,-0.5173428436849008,-1.1663369650942346,-22999.0,-0.6489941214093413,0.5173428436848919,0.02530424782368179,0.043200643433196406,0.03880069583952017,0.04651243194456578,0.09815085742568486,0.013929528051940254,0.18507620752904175,50.0,S&P 500 Index x $50,274776.0,92332979280.0,110274203424.0,-17941224144.0,-2877729048.0,-9900454056.0,404904967632.0,408166009200.0,-3261041568.0,9197302272.0,8909337024.0,523141080432.0,544343346144.0,-21202265712.0,6319573224.0,-991117032.0,73072006008.0,51869740296.0,21202265712.0,-6319573224.0,991391808.0
2024-09-17,S&P 500 Consolidated - CHICAGO MERCANTILE EXCHANGE,2597333,299991,428078,-128087,-4.931481639050518,11.549962981258084,16.4814446203086,146295,5.6325084230631965,1864823,1823850,40973,1.5775027691867005,71.79760931694165,70.22010654775495,2311110,2398223,-87113,-3.3539403688321827,88.98011922229456,92.33405959112675,286223,199110,87113,3.3539403688321827,11.019880777705438,7.665940408873256,5634.58,2024-09-23,2024-09-23,5718.57,0.01490616869402861,2024-09-24,2024-09-24,5732.93,0.017454717121773156,2024-09-25,2024-09-25,5722.26,0.01556105335268998,2024-09-26,2024-09-26,5745.37,0.01966251255639273,2024-09-27,2024-09-27,5738.17,0.0183846888321757,0.01490616869402861,0.002511117289812015,-0.0018611774432969463,0.004038614114003858,-0.0012531829977877607,0.003427430284144606,0.02530424782368179,-1.9222850024709017,-62793.0,-3.936610758899489,-2.014325756428587,2.12446184173436,52841.0,3.884814908201733,1.760353066467374,0.20221534029509325,-9951.0,1.2361410490401568,1.0339257087450733,-0.20221534029509325,9951.0,-1.2361410490401603,-1.0339257087450662,0.017454717121773156,0.013163359114610085,0.020684771535766755,0.03206627645716287,0.07383513944251385,-0.0035353123036677703,0.17253814836243353,50.0,S&P 500 Index x $50,281729.0,84516164439.0,120601986862.0,-36085822423.0,-17690609097.0,-10122241241.0,525374718967.0,513831436650.0,11543282317.0,14886842089.0,11891217632.0,651106709190.0,675648967567.0,-24542258377.0,-2803485279.0,1769258120.0,80637319567.0,56095061190.0,24542258377.0,2803485279.0,-1769258120.0
2024-09-24,S&P 500 Consolidated - CHICAGO MERCANTILE EXCHANGE,2055631,290716,326849,-36133,-1.7577571071850933,14.142421475449632,15.900178582634725,36635,1.7821778325000937,1466815,1524345,-57530,-2.7986540385896106,71.35594861139961,74.15460264998922,1794166,1887828,-93662,-4.556362498911526,87.28054791934935,91.83691041826087,261465,167803,93662,4.556362498911526,12.719452080650662,8.163089581739134,5732.93,2024-09-30,2024-09-30,5762.48,0.005154432375765738,2024-10-01,2024-10-01,5708.75,-0.0042177385734694095,2024-10-02,2024-10-02,5709.54,-0.004079938181697718,2024-10-03,2024-10-03,5699.94,-0.005754474588038017,2024-10-04,2024-10-04,5751.07,0.0031641760844802747,0.005154432375765738,-0.009324110452443968,0.00013838405955768351,-0.001681396399709989,0.008970269862489832,-0.001980050256139676,0.017454717121773156,3.1737245318654246,91954.0,2.5924584941915487,-0.5812660376738759,-4.3761568077763116,-98503.0,-0.4416607055420343,3.934496102234263,-1.2024221300793436,-6549.0,-1.6995713029452162,-0.4971491728658748,1.2024221300793436,6549.0,1.6995713029452233,0.49714917286587834,-0.0042177385734694095,0.003174641937019995,0.014360893993123902,0.02062993966436011,0.05356946622407732,0.00762611788387435,0.161172384801489,50.0,S&P 500 Index x $50,286646.5,83332723894.0,93690121878.5,-10357397984.5,26358292261.0,15306923100.0,420457385897.5,436948159042.5,-16490773145.0,-28235540189.5,-9014745778.5,514291404319.0,541139288802.0,-26847884483.0,-1877247928.5,6292750614.5,74948027122.5,48100142639.5,26847884483.0,1877247928.5,-6292750614.5
2024-10-01,S&P 500 Consolidated - CHICAGO MERCANTILE EXCHANGE,2092048,310790,302790,8000,0.38240040381482643,14.855777687701238,14.473377283886412,32113,1.5350030209631902,1488154,1580377,-92223,-4.408264055126842,71.13383631733116,75.542100372458,1831057,1915280,-84223,-4.025863651312016,87.52461702599558,91.5504806773076,260992,176769,84223,4.025863651312016,12.475430774054898,8.449567122742883,5708.75,2024-10-07,2024-10-07,5695.94,-0.0022439238011824347,2024-10-08,2024-10-08,5751.13,0.007423691701335722,2024-10-09,2024-10-09,5792.04,0.014589883950076654,2024-10-10,2024-10-10,5780.05,0.012489599299321252,2024-10-11,2024-10-11,5815.03,0.01861703525290115,-0.0022439238011824347,0.00968935768284096,0.0071133846739683815,-0.0020700823889336917,0.00605185076253667,0.020907874731826537,-0.0042177385734694095,2.1401575109999196,44133.0,0.7133562122516057,-1.4268012987483125,-1.6096100165372311,-34693.0,-0.22211229406845234,1.3874977224687797,0.5304988475995103,9439.0,0.24406910664623638,-0.2864297409532668,-0.5304988475995103,-9439.0,-0.24402130659576393,0.2864775410037481,0.007423691701335722,0.018657324282899124,0.02495292314429598,0.021750821107948237,0.030283336982702025,-0.013256842566236049,0.17161550251806434,50.0,S&P 500 Index x $50,285437.5,88711120625.0,86427620625.0,2283500000.0,12597213187.5,17931469187.5,424774957375.0,451098859937.5,-26323902562.5,-9902683187.5,-13382166312.5,522652332437.5,546692735000.0,-24040402562.5,2694244562.5,4549302875.0,74496904000.0,50456501437.5,24040402562.5,-2694244562.5,-4549302875.0
2024-10-08,S&P 500 Consolidated - CHICAGO MERCANTILE EXCHANGE,2144160,322859,327691,-4832,-0.2253563166927841,15.05759831355869,15.282954630251474,36058,1.6816842026714425,1517097,1602311,-85214,-3.974236997239012,70.75484105663756,74.72907805387658,1876014,1966060,-90046,-4.199593313931796,87.4941235728677,91.69371688679949,268146,178100,90046,4.199593313931796,12.505876427132304,8.306283113200507,5751.13,2024-10-14,2024-10-14,5859.85,0.018904111018182457,2024-10-15,2024-10-15,5815.26,0.01115085209341471,2024-10-16,2024-10-16,5842.47,0.015882096214135277,2024-10-17,2024-10-17,5841.47,0.01570821734163541,2024-10-18,2024-10-18,5864.67,0.019742207183631733,0.018904111018182457,-0.0076094097971791674,0.004679068519722218,-0.00017116048520571248,0.003971603038276372,0.0008225466522180369,0.007423691701335722,-0.6077567205076105,-12832.0,0.20182062585745264,0.809577346365062,0.4340270578878296,7009.0,-0.3789952606935998,-0.8130223185814174,-0.17372966261978018,-5823.0,-0.03049345312788887,0.14323620949188864,0.17372966261978018,5823.0,0.030445653077405765,-0.1432840095423753,0.01115085209341471,0.01740005877105877,0.014221552981761754,0.005499788737169942,0.02745547396772463,-0.13360157047397636,0.167525338498695,50.0,S&P 500 Index x $50,287556.5,92840204033.5,94229677041.5,-1389473008.0,-3689925008.0,17386241103.0,436251103480.5,460754943071.5,-24503839591.0,2015483508.5,-21091119049.0,539460019791.0,565353332390.0,-25893312599.0,-1674441499.5,-3704877946.0,77107125249.0,51213812650.0,25893312599.0,1674441499.5,3704877946.0
2024-10-15,S&P 500 Consolidated - CHICAGO MERCANTILE EXCHANGE,2199693,352206,321528,30678,1.3946491624058448,16.011597982082044,14.616948819676201,45722,2.0785627812608394,1524500,1653022,-128522,-5.842724416543581,69.30512576073116,75.14785017727473,1922429,2020272,-97843,-4.448029793248422,87.39533198496335,91.84336177821177,277264,179421,97843,4.448029793248422,12.604668015036644,8.156638221788223,5815.26,2024-10-21,2024-10-21,5853.98,0.006658343736995365,2024-10-22,2024-10-22,5851.2,0.00618029116496932,2024-10-23,2024-10-23,5797.42,-0.0030677906060950777,2024-10-24,2024-10-24,5809.86,-0.0009285913269571067,2024-10-25,2024-10-25,5808.12,-0.0012278040878653806,0.006658343736995365,-0.0004748905872585807,-0.009191277003007925,0.002145782089274073,-0.0002994908655286066,-0.007833986450244024,0.01115085209341471,1.620005479098629,35510.0,0.9539996685233536,-0.6660058105752729,-1.8684874193045693,-43308.0,-1.449715295906401,0.4187721233981563,-0.24843647931662538,-7797.0,-0.09879158790434417,0.14964489141227943,0.24843647931662538,7797.0,0.09879158790434062,-0.14964489141228476,0.00618029116496932,0.003036837561863015,-0.005588744097426379,0.029015039740269533,0.004754731516733557,-0.07198818281555774,0.14256456289142716,50.0,S&P 500 Index x $50,290763.0,102408473178.0,93488445864.0,8920027314.0,10324994130.0,46162987695.0,443268193500.0,480637635786.0,-37369442286.0,-12592364004.0,-49282874685.0,558971223327.0,587420347536.0,-28449124209.0,-2267079111.0,-3119886990.0,80618112432.0,52168988223.0,28449124209.0,2267079111.0,3119886990.0
2024-10-22,S&P 500 Consolidated - CHICAGO MERCANTILE EXCHANGE,2201296,360183,335020,25163,1.1430993378446153,16.36231565405107,15.219216316206452,55148,2.505251451871988,1516634,1632724,-116090,-5.27371148632442,68.8973223046787,74.17103379100311,1931965,2022893,-90928,-4.130657576264165,87.76488941060175,91.89554698686592,269332,178403,90929,4.130703004048524,12.235156017182605,8.104453013134082,5851.2,2024-10-28,2024-10-28,5823.52,-0.004730653541153873,2024-10-29,2024-10-29,5832.92,-0.003124145474432516,2024-10-30,2024-10-30,5813.67,-0.006414068908941695,2024-10-31,2024-10-31,5705.45,-0.0249094202898551,2024-11-01,2024-11-01,5728.8,-0.020918785890073788,-0.004730653541153873,0.0016141440228589765,-0.0033002338451409985,-0.018614747655095742,0.004092578148962911,-0.016265076792043365,0.00618029116496932,-0.25154982456122954,-5515.0,0.3507176719690257,0.602267496530251,0.5690129302191611,12432.0,-0.4078034560524628,-0.9768163862716222,0.317372216984257,6915.0,0.3695574256384049,0.05218520865415144,-0.3173267891998979,-6914.0,-0.36951199785403865,-0.05218520865414078,-0.003124145474432516,-0.011696745966639277,0.022694490019141478,0.01124213836477983,0.033846048673776385,-0.096294777139732,0.15110575608422216,50.0,S&P 500 Index x $50,292560.0,105375138480.0,98013451200.0,7361687280.0,-1613468400.0,17932757760.0,443706443040.0,477669733440.0,-33963290400.0,3637105920.0,-17132313600.0,565215680400.0,591817576080.0,-26601895680.0,2023052400.0,799859040.0,78795769920.0,52193581680.0,26602188240.0,-2022759840.0,-799566480.0
2024-10-29,S&P 500 Consolidated - CHICAGO MERCANTILE EXCHANGE,2184936,367843,299479,68364,3.128878832148859,16.835413028116157,13.706534195967295,59940,2.743329781741891,1478676,1655226,-176550,-8.0803282109865,67.6759410801964,75.7562692911829,1906459,2014645,-108186,-4.9514493788376415,87.25468389005444,92.20613326889209,278478,170291,108187,4.951495146768601,12.745361877876515,7.793866731107914,5832.92,2024-11-04,2024-11-04,5712.69,-0.020612317672795144,2024-11-05,2024-11-05,5782.76,-0.008599466476481687,2024-11-06,2024-11-06,5929.04,0.01647888193220548,2024-11-07,2024-11-07,5973.1,0.024032560021395755,2024-11-08,2024-11-08,5995.54,0.027879689760874404,-0.020612317672795144,0.012265675189796932,0.025295879476236127,0.007431219893945906,0.0037568431802581514,0.049512576386956164,-0.003124145474432516,1.9857794943042437,43201.0,0.47309737406508745,-1.5126821202391572,-2.806616724662079,-60460.0,-1.2213812244823004,1.5852355001797918,-0.8207918025734768,-17258.0,-0.5102055205473164,0.3105862820261649,0.8207921427200775,17258.0,0.5102058606939099,-0.31058628202616756,-0.008599466476481687,0.025899549453789916,0.014411306858314488,0.032352578125535825,0.0402508520603746,-0.04664730529477523,0.18137913772175862,50.0,S&P 500 Index x $50,291646.0,107279939578.0,87341852434.0,19938087144.0,12599398846.0,17604919144.0,431249940696.0,482740041996.0,-51490101300.0,-17632917160.0,-24593632242.0,556011141514.0,587563155670.0,-31552014156.0,-5033226668.0,-6988713098.0,81216994788.0,49664688986.0,31552305802.0,5033226668.0,6989004744.0
2024-11-05,S&P 500 Consolidated - CHICAGO MERCANTILE EXCHANGE,2158810,376962,256381,120581,5.5855309174962136,17.46156447301986,11.876033555523644,52640,2.438380404018881,1450470,1682523,-232053,-10.749116411356257,67.18840472297238,77.93752113432863,1880072,1991543,-111471,-5.1635391720438575,87.08834960001111,92.25188877205498,278739,167267,111472,5.163585493860044,12.911696721805068,7.748111227945026,5782.76,2024-11-11,2024-11-11,6001.35,0.037800289135291765,2024-11-12,2024-11-12,5983.99,0.03479826242140427,2024-11-13,2024-11-13,5985.38,0.035038632071882514,2024-11-14,2024-11-14,5949.17,0.028776916213019366,2024-11-15,2024-11-15,5870.62,0.015193437043902858,0.037800289135291765,-0.002892682479775477,0.00023228648443596178,-0.0060497412027306074,-0.013203522508181798,-0.021783432061119656,-0.008599466476481687,2.4566520853473546,52217.0,0.6261514449037016,-1.8305006404436508,-2.6687882003697574,-55503.0,-0.4875363572240161,2.1812518431457306,-0.21208979320621602,-3285.0,-0.16633429004332356,0.04575550316289423,0.2120903470914426,3285.0,0.1663348439285528,-0.04575550316288801,0.03479826242140427,0.023210370134675973,0.04130726504298976,0.04619247556530093,0.04411734189210681,-0.030409354702598868,0.17098928539313407,50.0,S&P 500 Index x $50,289138.0,108994038756.0,74129489578.0,34864549178.0,15097918946.0,36261663994.0,419385994860.0,486481335174.0,-67095340314.0,-16048026414.0,-42456734782.0,543600257936.0,575830759934.0,-32230501998.0,-949818330.0,-6194781650.0,80594036982.0,48363245846.0,32230791136.0,949818330.0,6195070788.0
2024-11-12,S&P 500 Consolidated - CHICAGO MERCANTILE EXCHANGE,2255574,362908,329249,33659,1.4922587332537085,16.089385673003857,14.597126939750149,55336,2.453300135575246,1543090,1702688,-159598,-7.075715538483774,68.4122977122453,75.48801325072908,1961334,2087274,-125940,-5.583501139842896,86.95498352082441,92.53848466066731,294240,168301,125939,5.583456805230066,13.045016479175588,7.461559673945524,5983.99,2024-11-18,2024-11-18,5893.62,-0.015101963739912683,2024-11-19,2024-11-19,5916.98,-0.011198213900758591,2024-11-20,2024-11-20,5917.11,-0.011176489265523504,2024-11-21,2024-11-21,5948.71,-0.005895731777626589,2024-11-22,2024-11-22,5969.34,-0.002448199278407781,-0.015101963739912683,0.003963608105035599,2.1970667468895755e-05,0.005340444913141784,0.0034679787718681077,0.012847791340466541,0.03479826242140427,-4.093272184242505,-86922.0,-1.3721788000160018,2.7210933842265046,3.6734008728724827,72455.0,1.223892989272926,-2.4495078835995514,-0.41996196779903894,-14469.0,-0.1333660791867004,0.2865958886123252,0.41987131137002187,14467.0,0.13331975737052026,-0.2865515539995025,-0.011198213900758591,0.006290117463431555,0.01101104781258,0.008509372508978208,0.014122684028549548,-0.016283449671540162,0.14178499629845653,50.0,S&P 500 Index x $50,299199.5,108581892146.0,98511136175.5,10070755970.5,-26007018939.0,891913709.5,461691756455.0,509443398256.0,-47751641801.0,21678499772.5,-9297923662.0,586830152133.0,624511337163.0,-37681185030.0,-4329117565.5,-8406608351.5,88036460880.0,50355575049.5,37680885830.5,4328519166.5,8406309152.0
2024-11-19,S&P 500 Consolidated - CHICAGO MERCANTILE EXCHANGE,2280743,350116,307665,42451,1.861279416400708,15.350962383749506,13.489682967348799,71776,3.1470446253698903,1560143,1741184,-181041,-7.93780798625711,68.40503292128925,76.34284090754636,1982035,2120625,-138590,-6.076528569856402,86.90303993040864,92.97956850026505,298708,160118,138590,6.076528569856402,13.096960069591358,7.020431499734955,5916.98,2024-11-25,2024-11-25,5987.37,0.0118962714087254,2024-11-26,2024-11-26,6021.63,0.01768638731244665,2024-11-27,2024-11-27,5998.74,0.013817859786580344,2024-11-28,2024-11-29,6032.38,0.019503192506988398,2024-11-29,2024-11-29,6032.38,0.019503192506988398,0.0118962714087254,0.005722044904524104,-0.0038012963267421984,0.005607844313972654,0.0,0.0075174909851905,-0.011198213900758591,0.36902068314699954,8792.0,-0.7384232892543512,-1.1074439724013505,-0.8620924477733363,-21443.0,-0.007264790956057254,0.8548276568172781,-0.49302743001350535,-12650.0,-0.051943590415774565,0.4410838395977379,0.49307176462633606,12651.0,0.051943590415769236,-0.4411281742105686,0.01768638731244665,0.022460782358568077,0.01993077549695954,0.022584156106662645,0.03593049156833383,0.003968240555148217,0.11836105580887546,50.0,S&P 500 Index x $50,295849.0,103581468484.0,91022382585.0,12559085899.0,2601104408.0,5114637512.0,461566746407.0,515127545216.0,-53560798809.0,-6343890107.0,-19215688399.0,586383072715.0,627384785625.0,-41001712910.0,-3742489850.0,-14100755038.0,88372463092.0,47370750182.0,41001712910.0,3742785699.0,14100459189.0
2024-11-26,S&P 500 Consolidated - CHICAGO MERCANTILE EXCHANGE,2295861,272149,342508,-70359,-3.0646019075196627,11.853897078263884,14.918498985783547,87272,3.801275425646413,1630229,1702843,-72614,-3.1628221394936364,71.00730401361407,74.1701261531077,1989649,2132623,-142974,-6.22746760365719,86.66243296088048,92.88990056453767,306212,163239,142973,6.227424047013299,13.337567039119527,7.110142992106229,6021.63,2024-12-02,2024-12-02,6047.15,0.004238055144537123,2024-12-03,2024-12-03,6049.88,0.0046914207614880965,2024-12-04,2024-12-04,6086.49,0.010771169932393576,2024-12-05,2024-12-05,6075.11,0.008881316188473765,2024-12-06,2024-12-06,6090.27,0.011398906940479625,0.004238055144537123,0.00045145233705135013,0.006051359696390701,-0.0018697147288503357,0.002495428066323191,0.007130631785221331,0.01768638731244665,-4.925881323920371,-112810.0,-3.4970653054856218,1.4288160184347483,4.774985846763474,108427.0,2.602271092324827,-2.1727147544386582,-0.1509390338007881,-4384.0,-0.24060696952815874,-0.08966793572737686,0.15089547715689733,4383.0,0.2406069695281694,0.08971149237127385,0.0046914207614880965,0.0022053829278783077,0.004812650395324747,0.0030573117245662473,-0.011023593279560484,-0.016621745274950528,0.12359610271637411,50.0,S&P 500 Index x $50,301081.5,81939029143.5,103122822402.0,-21183793258.5,-33965004015.0,-41766928924.5,490831792663.5,512694524704.5,-21862732041.0,32645363800.5,31293206784.0,599046505393.5,642093331774.5,-43046826381.0,-1319941296.0,-10474023222.0,92194768278.0,49148242978.5,43046525299.5,1319640214.5,10473421059.0
2024-12-03,S&P 500 Consolidated - CHICAGO MERCANTILE EXCHANGE,2303238,262910,362521,-99611,-4.324824442806171,11.414799512686054,15.739623955492224,87975,3.819622635611257,1650019,1687970,-37951,-1.6477237697537122,71.63910112632738,73.28682489608109,2000904,2138467,-137563,-5.972591629696974,86.87352327462467,92.84611490432165,302334,164772,137562,5.972548212559883,13.12647672537532,7.153928512815437,6049.88,2024-12-09,2024-12-09,6052.85,0.0004909188281421173,2024-12-10,2024-12-10,6034.91,-0.0024744292448776184,2024-12-11,2024-12-11,6084.19,0.005671186866516242,2024-12-12,2024-12-12,6051.25,0.0002264507725773246,2024-12-13,2024-12-13,6051.09,0.00020000396702091194,0.0004909188281421173,-0.0029638930421207466,0.008165821859812183,-0.0054140321061636465,-2.6440818012729572e-05,-0.00029077211561501226,0.0046914207614880965,-1.2602225352865082,-29252.0,-0.4390975655778302,0.8211249697086771,1.5150983697399243,34663.0,0.6317971127133006,-0.8833012570266163,0.2548759739602158,5411.0,0.21109031374419374,-0.04378566021601671,-0.2548758344534159,-5411.0,-0.21109031374420795,0.04378552070920794,-0.0024744292448776184,0.00012066355035122989,-0.001626478541723153,-0.027810468967979562,-0.04491494046162903,-0.013142409436220248,0.12884387789509866,50.0,S&P 500 Index x $50,302494.0,79528697540.0,109660427374.0,-30131729834.0,-8848554488.0,-66606758848.0,499120847386.0,510600797180.0,-11479949794.0,10485349522.0,58714690388.0,605261454576.0,646873436698.0,-41611982122.0,1636795034.0,-7892673448.0,91454220996.0,49842541368.0,41611679628.0,-1636795034.0,7892068460.0
2024-12-10,S&P 500 Consolidated - CHICAGO MERCANTILE EXCHANGE,2349247,290379,364495,-74116,-3.1548832455676226,12.3605138157035,15.515397061271122,94251,4.011966387527578,1657996,1723367,-65371,-2.782636308570363,70.57563551214496,73.35827182071532,2042625,2182112,-139487,-5.937519554137985,86.94807314854505,92.88559270268303,306622,167135,139487,5.937519554137985,13.051926851454956,7.11440729731697,6034.91,2024-12-16,2024-12-16,6074.08,0.006490569039140581,2024-12-17,2024-12-17,6050.61,0.0026015300973833977,2024-12-18,2024-12-18,5872.16,-0.026968090659181376,2024-12-19,2024-12-19,5867.08,-0.027809859633366463,2024-12-20,2024-12-20,5930.85,-0.01724300776647858,0.006490569039140581,-0.0038639596449174807,-0.029492894104891865,-0.0008650990436227524,0.010869120584686254,-0.023580525775096728,-0.0024744292448776184,1.1699411972385483,25495.0,0.9457143030174464,-0.2242268942211023,-1.134912538816651,-27420.0,-1.0634656141824195,0.07144692463423041,0.035072075558988836,-1924.0,0.07454987392037538,0.039477798361374994,-0.03502865842189795,1925.0,-0.07454987392036294,-0.039521215498466766,0.0026015300973833977,0.0008500541018838792,-0.025398887473052634,-0.02085863749417971,-0.07669377008107825,0.0006462399604965086,0.13348997748102298,50.0,S&P 500 Index x $50,301745.5,87620556544.5,109984726022.5,-22364169478.0,7693001522.5,-32520621262.5,500292832018.0,520018237098.5,-19725405080.5,-8273861610.0,28432573228.5,616352901937.5,658442476496.0,-42089574558.5,-580558342.0,-4087746288.5,92521808701.0,50432234142.5,42089574558.5,580860087.5,4088048034.0
2024-12-17,S&P 500 Consolidated - CHICAGO MERCANTILE EXCHANGE,2623934,319777,348339,-28562,-1.0885182325470077,12.186930006623642,13.27544823917065,171514,6.536521116765895,1797010,1913439,-116429,-4.4371923988941795,68.4853353781002,72.9225277769944,2288301,2433291,-144990,-5.525672520726512,87.20878650148974,92.73445902221627,335633,190643,144990,5.525672520726512,12.79121349851025,7.26554097778374,6050.61,2024-12-23,2024-12-23,5974.07,-0.012649964218483745,2024-12-24,2024-12-24,6040.04,-0.0017469313011414522,2024-12-25,2024-12-26,6037.59,-0.00215184915239941,2024-12-26,2024-12-26,6037.59,-0.00215184915239941,2024-12-27,2024-12-27,5970.84,-0.013183794691774775,-0.012649964218483745,0.011042722967758989,-0.00040562645280495246,0.0,-0.011055735815118317,-0.000540669928541071,0.0026015300973833977,2.066365013020615,45554.0,-0.17358380907985804,-2.2399488221004713,-1.6545560903238163,-51058.0,-2.090300134044753,-0.43574404372091635,0.41184703341147344,-5503.0,0.2607133529446912,-0.15113368046675646,-0.41184703341147344,5503.0,-0.26071335294470543,0.15113368046676978,-0.0017469313011414522,-0.027927762655335475,-0.02339929362494031,-0.034327117431135035,-0.07205058663506647,-0.011220356294654454,0.12389659885532223,50.0,S&P 500 Index x $50,302530.5,96742295698.5,105383171839.5,-8640876141.0,13781474397.0,-21483598396.5,543650333805.0,578873657389.5,-35223323584.5,-15446602269.0,19547100666.0,692280845680.5,736144742875.5,-43863897195.0,-1664825341.5,-1936195200.0,101539219306.5,57675322111.5,43863897195.0,1664825341.5,1936195200.0
2024-12-24,S&P 500 Consolidated - CHICAGO MERCANTILE EXCHANGE,2092944,275235,339731,-64496,-3.0815922451819064,13.150614636607571,16.23220688178948,41390,1.9775971072326828,1493336,1554278,-60942,-2.9117835928720504,71.35097737923232,74.26276097210437,1809961,1935399,-125438,-5.993375838053957,86.47918912307257,92.47256496112652,282984,157545,125439,5.993423617640988,13.52085865651446,7.527435038873471,6040.04,2024-12-30,2024-12-30,5906.94,-0.02203627790544438,2024-12-31,2024-12-31,5881.63,-0.02622664750564563,2025-01-01,2025-01-02,5868.55,-0.028392196078171672,2025-01-02,2025-01-02,5868.55,-0.028392196078171672,2025-01-03,2025-01-03,5942.47,-0.01615386653068518,-0.02203627790544438,-0.004284790432948271,-0.002223873314030289,0.0,0.012595956411720177,0.006014958675727211,-0.0017469313011414522,-1.9930740126348987,-35934.0,0.9636846299839288,2.95675864261883,1.5254088060221291,55487.0,2.865642001132116,1.340233195109974,-0.4677033173274454,19552.0,-0.7295973784171679,-0.2618940610897482,0.46775109691447625,-19551.0,0.7296451580042085,0.26189406108973134,-0.02622664750564563,-0.02169025370692912,-0.03263720107813861,0.0015231687207368783,-0.043607327103794113,0.008632393162959273,0.14399739074575657,50.0,S&P 500 Index x $50,302002.0,83121520470.0,102599441462.0,-19477920992.0,-10852139868.0,1770637726.0,450990458672.0,469395064556.0,-18404605884.0,16757184974.0,3524967344.0,546611841922.0,584494368798.0,-37882526876.0,5904743104.0,5295907072.0,85461733968.0,47578905090.0,37882828878.0,-5904441102.0,-5295303068.0
2024-12-31,S&P 500 Consolidated - CHICAGO MERCANTILE EXCHANGE,2069072,260872,318123,-57251,-2.766989258952806,12.608164433137176,15.37515369208998,38578,1.8645073733538513,1477183,1557507,-80324,-3.8821268665372686,71.39350394766349,75.27563081420077,1776633,1914208,-137575,-6.649116125490075,85.86617575415451,92.5152918796446,292439,154864,137575,6.649116125490075,14.13382424584548,7.484708120355406,5881.63,2025-01-06,2025-01-06,5975.38,0.015939458959506103,2025-01-07,2025-01-07,5909.03,0.004658572538564831,2025-01-08,2025-01-08,5918.25,0.0062261651957025155,2025-01-09,2025-01-10,5827.04,-0.009281440689060672,2025-01-10,2025-01-10,5827.04,-0.009281440689060672,0.015939458959506103,-0.011103896321238205,0.0015603237756451893,-0.01541165040341319,0.0,-0.024825199401544373,-0.02622664750564563,0.31460298622910043,7245.0,-0.5424502034703949,-0.8570531896995011,-0.9703432736652182,-19382.0,0.042526568431171086,1.0128698420963929,-0.6557402874361173,-12137.0,-0.613013368918061,0.042726918518070534,0.6556925078490865,12136.0,0.6129655893310204,-0.042726918518065204,0.004658572538564831,-0.006583209076395535,0.02849720230616337,0.031635788038349766,-0.04226039380239843,0.05379121093982442,0.17250490085231474,50.0,S&P 500 Index x $50,294081.5,76717629068.0,93554089024.5,-16836459956.5,2130620467.5,12457292340.0,434412192414.5,458033994820.5,-23621802406.0,-5699887633.0,-12461115399.5,522474897589.5,562933159952.0,-40458262362.5,-3569267165.5,-3528978.0,86000899778.5,45542637416.0,40458262362.5,3568973084.0,3823059.5
2025-01-07,S&P 500 Consolidated - CHICAGO MERCANTILE EXCHANGE,2081903,264084,327621,-63537,-3.051871292754754,12.684740835668137,15.73661212842289,46570,2.2368957631551516,1488507,1543329,-54822,-2.6332638936588304,71.49742327092088,74.13068716457971,1799161,1917520,-118359,-5.685135186413584,86.41905986974417,92.10419505615775,282742,164383,118359,5.685135186413584,13.580940130255827,7.8958049438422435,5909.03,2025-01-13,2025-01-13,5836.22,-0.012321819317214433,2025-01-14,2025-01-14,5842.91,-0.011189653801046862,2025-01-15,2025-01-15,5949.91,0.006918225157090063,2025-01-16,2025-01-16,5937.34,0.004790972460793075,2025-01-17,2025-01-17,5996.66,0.014829845169173295,-0.012321819317214433,0.001146289893115604,0.018312792769356268,-0.002112636997870454,0.009991006073426734,0.027490396181089727,0.004658572538564831,-0.284882033801948,-6286.0,0.07657640253096076,0.3614584363329101,1.2488629728784382,25502.0,0.10391932325738651,-1.1449436496210552,0.9639809390764906,19216.0,0.5528841155896629,-0.41109682348684373,-0.9639809390764906,-19216.0,-0.5528841155896522,0.4110968234868375,-0.011189653801046862,0.023728090735704477,0.02685212293726713,0.021805609380896707,-0.15675330807256005,0.05356039823795111,0.17528934529017448,50.0,S&P 500 Index x $50,295451.5,78024013926.0,96796115881.5,-18772101955.5,-1857208129.0,3125581418.5,439781625910.5,455978868043.5,-16197242133.0,7534604153.0,3116717873.5,531564816191.5,566534160280.0,-34969344088.5,5677396024.0,6242299292.0,83536548013.0,48567203924.5,34969344088.5,-5677396024.0,-6242299292.0
2025-01-14,S&P 500 Consolidated - CHICAGO MERCANTILE EXCHANGE,2057030,256396,289250,-32854,-1.5971570662557184,12.464378254084773,14.06153532034049,58265,2.8324817819866506,1466301,1549180,-82879,-4.029061316558339,71.28243146672631,75.31149278328463,1780962,1896695,-115733,-5.626218382814057,86.57929150279773,92.20550988561178,276068,160335,115733,5.626218382814057,13.420708497202277,7.7944901143882195,5842.91,2025-01-20,2025-01-21,6049.24,0.03531288347758221,2025-01-21,2025-01-21,6049.24,0.03531288347758221,2025-01-22,2025-01-22,6086.37,0.04166759371614481,2025-01-23,2025-01-23,6118.71,0.04720250696998596,2025-01-24,2025-01-24,6101.24,0.044212558468297525,0.03531288347758221,0.0,0.006137961132307579,0.00531351199483443,-0.0028551769899211044,0.008596121165634019,-0.011189653801046862,1.4547142264990356,30683.0,-0.2203625815833643,-1.6750768080824,-1.3957974228995087,-28057.0,-0.2149918041945682,1.1808056187049232,0.058916803599527334,2626.0,0.1602316330535558,0.10131482945402581,-0.058916803599527334,-2626.0,-0.16023163305355048,-0.10131482945402404,0.03531288347758221,0.03847226809928617,0.03336864678730289,0.03860918617606646,-0.07637974913185375,0.06860451384669641,0.19182735999698775,50.0,S&P 500 Index x $50,292145.5,74904937618.0,84503085875.0,-9598148257.0,8963900376.5,-1253888486.0,428373238795.5,452585965690.0,-24212726894.5,-8196726293.5,9801481525.0,520300033971.0,554110909122.5,-33810875151.5,767174083.0,8547300893.5,80652023894.0,46841148742.5,33810875151.5,-767174083.0,-8547300893.5
2025-01-21,S&P 500 Consolidated - CHICAGO MERCANTILE EXCHANGE,2048587,262139,340136,-77997,-3.80735599708482,12.796088230570632,16.603444227655455,43392,2.118142895566554,1456724,1514620,-57896,-2.826143092775655,71.1087203033115,73.93486339608715,1762255,1898148,-135893,-6.633499089860474,86.0229514294487,92.65645051930916,286332,150439,135893,6.633499089860474,13.977048570551313,7.343549480690838,6049.24,2025-01-27,2025-01-27,6012.28,-0.006109858428496762,2025-01-28,2025-01-28,6067.7,0.00305162301380002,2025-01-29,2025-01-29,6039.31,-0.0016415285225911402,2025-01-30,2025-01-30,6071.17,0.0036252487915837683,2025-01-31,2025-01-31,6040.53,-0.0014398502952437386,-0.006109858428496762,0.009217800900823026,-0.004678873378710091,0.0052754370946348494,-0.005046803169735048,0.004698716626637456,0.03531288347758221,-2.2101989308291015,-45143.0,0.3317099764858593,2.5419089073149657,1.2029182237826843,24983.0,-0.17371116341480786,-1.3766293871974824,-1.0072807070464176,-20160.0,-0.556340073349034,0.45094063369738535,1.0072807070464176,20160.0,0.5563400733490358,-0.4509406336973818,0.00305162301380002,-0.0018779218546461918,0.003183871031732899,0.013281007200904638,-0.12588027586936534,0.04304342363668834,0.1235890789586791,50.0,S&P 500 Index x $50,302462.0,79287086218.0,102878214832.0,-23591128614.0,-13654042066.0,-4083539462.0,440603654488.0,458114994440.0,-17511339952.0,7556408146.0,921299252.0,533015171810.0,574117640376.0,-41102468566.0,-6097633920.0,-3162240210.0,86604549384.0,45502080818.0,41102468566.0,6097633920.0,3161937748.0
2025-01-28,S&P 500 Consolidated - CHICAGO MERCANTILE EXCHANGE,2046711,249000,306901,-57901,-2.828977808786878,12.165860250909875,14.994838059696752,65144,3.1828626513464777,1446447,1524089,-77642,-3.793500889964436,70.67177535079452,74.46527624075895,1760591,1896134,-135543,-6.622478698751314,86.02049825305087,92.64297695180218,286120,150577,135543,6.622478698751314,13.97950174694913,7.357023048197815,6067.7,2025-02-03,2025-02-03,5994.57,-0.01205234273283129,2025-02-04,2025-02-04,6037.88,-0.004914547522125279,2025-02-05,2025-02-05,6061.48,-0.001025100120309208,2025-02-06,2025-02-06,6083.57,0.0026154885706279885,2025-02-07,2025-02-07,6025.99,-0.00687410386143017,-0.01205234273283129,0.007224871842350655,0.003908656680821743,0.00364432448840879,-0.009464837258386094,0.005241410142845959,0.00305162301380002,0.9783781882979419,20096.0,-0.6302279796607575,-1.608606167958703,-0.967357797188781,-19746.0,-0.4369449525169813,0.530412844671801,0.011020391109160421,350.0,-0.0024531763978217214,-0.013473567506977702,-0.011020391109160421,-350.0,0.0024531763978163923,0.013473567506977702,-0.004914547522125279,0.00013184567463797592,0.010198262933236668,-0.01853255764128081,-0.08353577137960011,0.04996291840400802,0.1501227812845065,50.0,S&P 500 Index x $50,303385.0,75542865000.0,93109159885.0,-17566294885.0,6096824960.0,-197200250.0,438830323095.0,462385741265.0,-23555418170.0,-5990640210.0,813678570.0,534136900535.0,575258613590.0,-41121713055.0,106184750.0,616478320.0,86804516200.0,45682803145.0,41121713055.0,-106184750.0,-616478320.0
2025-02-04,S&P 500 Consolidated - CHICAGO MERCANTILE EXCHANGE,2085692,306922,312995,-6073,-0.2911743440546351,14.715595591295358,15.006769935349995,74787,3.5857163953258677,1425316,1548122,-122806,-5.888021817219417,68.33779867784888,74.2258204950683,1807025,1935903,-128878,-6.179148215556276,86.63911066447011,92.81825888002639,278667,149789,128878,6.179148215556276,13.360889335529885,7.18174111997361,6037.88,2025-02-10,2025-02-10,6066.44,0.004730137067977314,2025-02-11,2025-02-11,6068.5,0.005071316422320393,2025-02-12,2025-02-12,6051.97,0.0023336005352871947,2025-02-13,2025-02-13,6115.07,0.012784288525111487,2025-02-14,2025-02-14,6114.63,0.012711415264960557,0.004730137067977314,0.00033957312690802155,-0.002723902117491961,0.010426357037460532,-7.195338728738232e-05,0.00794370339111583,-0.004914547522125279,2.5378034647322427,51828.0,2.5497353403854834,0.01193187565324294,-2.094520927254981,-45164.0,-2.3339766729456386,-0.23945574569064831,0.4433304831950382,6665.0,0.6186124114192353,0.17528192822420863,-0.4433304831950382,-6665.0,-0.6186124114192442,-0.17528192822420507,0.005071316422320393,0.01518744989963361,-0.013685267014250102,-0.04301675422499296,-0.07137770210736227,0.043278435477352994,0.1457349268286221,50.0,S&P 500 Index x $50,301894.0,92657910268.0,94491312530.0,-1833402262.0,15646562232.0,17348036816.0,430294348504.0,467368743068.0,-37074394564.0,-13634740616.0,-20523961696.0,545530005350.0,584437500282.0,-38907494932.0,2012123510.0,-3175622986.0,84127895298.0,45220400366.0,38907494932.0,-2012123510.0,3175622986.0
2025-02-11,S&P 500 Consolidated - CHICAGO MERCANTILE EXCHANGE,2111106,334397,351253,-16856,-0.7984440383381981,15.839896243959329,16.638340282297527,53694,2.5434061577201716,1438396,1551627,-113231,-5.363586669736148,68.13471232614563,73.49829899588178,1826486,1956574,-130088,-6.16207807661008,86.5179673592894,92.68004543589947,284619,154532,130087,6.162030708074346,13.481985272174871,7.319954564100524,6068.5,2025-02-17,2025-02-18,6129.58,0.01006509021998836,2025-02-18,2025-02-18,6129.58,0.01006509021998836,2025-02-19,2025-02-19,6144.15,0.012466013018043842,2025-02-20,2025-02-20,6117.52,0.008077778693252213,2025-02-21,2025-02-21,6013.13,-0.009124165774079263,0.01006509021998836,0.0,0.002376998097748828,-0.004334204080303938,-0.0170641044083224,-0.018998039017355195,0.005071316422320393,-0.507269694283563,-10783.0,1.1243006526639707,1.631570346947532,0.5244351474832687,9575.0,-0.20308635170324862,-0.7275214991865226,0.017070138946195357,-1210.0,-0.12114330518070915,-0.13821344412691872,-0.017117507481929195,1209.0,0.12109593664498597,0.1382134441269134,0.01006509021998836,-0.01866194281947764,-0.047845431325698295,-0.08180439976930054,-0.02998269753645877,0.06216692757683129,0.14390870890664909,50.0,S&P 500 Index x $50,303425.0,101464409725.0,106578941525.0,-5114531800.0,-3271831775.0,4854193150.0,436445306300.0,470802422475.0,-34357116175.0,2905294375.0,-9209555600.0,554201514550.0,593673465950.0,-39471951400.0,-367144250.0,-4355665875.0,86360520075.0,46888872100.0,39471647975.0,366840825.0,4355362450.0
2025-02-18,S&P 500 Consolidated - CHICAGO MERCANTILE EXCHANGE,2136225,313845,353895,-40050,-1.8748025137801494,14.691570410420251,16.5663729242004,56650,2.651874217369425,1477736,1568338,-90602,-4.241219908951539,69.17511029971094,73.41633020866247,1848231,1978883,-130652,-6.116022422731688,86.51855492750062,92.6345773502323,287994,157342,130652,6.116022422731688,13.481445072499385,7.365422649767697,6129.58,2025-02-24,2025-02-24,5983.25,-0.023872761265861575,2025-02-25,2025-02-25,5955.25,-0.028440774082400422,2025-02-26,2025-02-26,5956.06,-0.028308627997350455,2025-02-27,2025-02-27,5861.57,-0.04372403982002038,2025-02-28,2025-02-28,5954.5,-0.02856313156855772,-0.023872761265861575,-0.004679730915472358,0.0001360144410393893,-0.01586451446090209,0.015854114170776867,-0.004805080850708188,0.01006509021998836,-1.0763584754419513,-23194.0,-1.1483258335390776,-0.07196735809712607,1.122366760784609,22629.0,1.0403979735653053,-0.08196878721931,0.04605565387839228,-564.0,0.000587568211216194,-0.0454680856671672,-0.04600828534265844,565.0,-0.0005401996754859084,0.04546808566717342,-0.028440774082400422,-0.057333455147008494,-0.09095402947673414,-0.08400575569614888,-0.030853663709422108,0.04597215469901683,0.11642559522838436,50.0,S&P 500 Index x $50,306479.0,96186901755.0,108461385705.0,-12274483950.0,-7108473926.0,11629958613.0,452895051544.0,480662661902.0,-27767610358.0,6935313291.0,-10023702174.0,566443988649.0,606486082957.0,-40042094308.0,-172854156.0,1606256439.0,88264113126.0,48222018818.0,40042094308.0,173160635.0,-1606256439.0
2025-02-25,S&P 500 Consolidated - CHICAGO MERCANTILE EXCHANGE,2145543,300070,332789,-32719,-1.524975262672433,13.985736943981081,15.510712206653512,57271,2.6693009648373396,1491488,1598480,-106992,-4.98670965811452,69.51564242711518,74.5023520852297,1848829,1988541,-139712,-6.511731529034841,86.1706803359336,92.68241186496844,296714,157003,139711,6.511684920786951,13.829319664066391,7.31763474327944,5955.25,2025-03-03,2025-03-03,5849.72,-0.017720498719617117,2025-03-04,2025-03-04,5778.15,-0.02973846605935948,2025-03-05,2025-03-05,5842.63,-0.01891104487636952,2025-03-06,2025-03-06,5738.52,-0.03639309852651018,2025-03-07,2025-03-07,5770.2,-0.031073422610301882,-0.017720498719617117,-0.012234773630190987,0.011159281084776262,-0.017819030128555013,0.005520587189728143,-0.013593813037205305,-0.028440774082400422,0.3498272511077163,7331.0,-0.7058334664391701,-1.055660717546889,-0.7454897491629806,-16390.0,0.340532127404245,1.08602187656723,-0.39570910630315304,-9060.0,-0.3478745915670203,0.04783451473613809,0.39566249805526343,9059.0,0.34787459156700606,-0.04778790648825737,-0.02973846605935948,-0.06434322656479585,-0.05719155367113049,-0.029990344653876844,-0.005660551614122045,0.08575458628940846,0.15697409848453048,50.0,S&P 500 Index x $50,297762.5,89349593375.0,99092084612.5,-9742491237.5,2182896887.5,7498255275.0,444109195600.0,475967401000.0,-31858205400.0,-4880327375.0,-8739329375.0,550511945112.5,592112939512.5,-41600994400.0,-2697728250.0,-1241371862.5,88350302425.0,46749605787.5,41600696637.5,2697430487.5,1241074100.0
2025-03-04,S&P 500 Consolidated - CHICAGO MERCANTILE EXCHANGE,2202261,365541,330730,34811,1.5806936598341432,16.598441329161258,15.017747669327115,55609,2.5250867176960403,1484871,1651595,-166724,-7.570583141598567,67.4248420146386,74.99542515623716,1906022,2037935,-131913,-5.989889481764423,86.54841546937443,92.53830495113885,296240,164326,131914,5.989934889642963,13.451629938504109,7.461695048861147,5778.15,2025-03-10,2025-03-10,5614.56,-0.028311829910957487,2025-03-11,2025-03-11,5572.07,-0.035665394633230374,2025-03-12,2025-03-12,5599.3,-0.03095281361681501,2025-03-13,2025-03-13,5521.52,-0.04441386949109993,2025-03-14,2025-03-14,5638.94,-0.02409248634943706,-0.028311829910957487,-0.007567823658488071,0.004886873280486537,-0.013891022092047178,0.021265883307494793,0.004342281496679812,-0.02973846605935948,3.1056689225065766,67530.0,2.6127043851801766,-0.49296453732639733,-2.583873483484047,-59732.0,-2.0908004124765824,0.49307307100745845,0.5218420472704182,7799.0,0.37773513344083653,-0.14410691382958873,-0.5217500311439887,-7797.0,-0.3776897255622824,0.14406030558170713,-0.035665394633230374,-0.028294523333592947,-0.0002595986604708722,-0.025108382440746646,0.03326670301047918,0.11031039346503646,0.17972534461722178,50.0,S&P 500 Index x $50,288907.5,105607536457.5,95550377475.0,10057158982.5,19509923475.0,11811694230.0,428990368432.5,477158182462.5,-48167814030.0,-17257022790.0,-12688239585.0,550664050965.0,588774706012.5,-38110655047.5,2253189592.5,-876834262.5,85585957800.0,47475013845.0,38110943955.0,-2252611777.5,877123170.0
2025-03-11,S&P 500 Consolidated - CHICAGO MERCANTILE EXCHANGE,2308393,380126,294814,85312,3.6957311861541777,16.4671266980969,12.771395511942723,66563,2.883521133533155,1555235,1771669,-216434,-9.375959812735527,67.37305995989418,76.7490197726297,2001923,2133046,-131123,-5.6802719467612315,86.72366447134435,92.40393641810559,306470,175347,131123,5.6802719467612315,13.27633552865565,7.596063581894417,5572.07,2025-03-17,2025-03-17,5675.12,0.018494024662288888,2025-03-18,2025-03-18,5614.66,0.007643478994341368,2025-03-19,2025-03-19,5675.29,0.018524533970319945,2025-03-20,2025-03-20,5662.89,0.016299149149239023,2025-03-21,2025-03-21,5667.56,0.01713725778750108,0.018494024662288888,-0.010653519220738983,0.010798516740105457,-0.002184910374623983,0.0008246672635350283,-0.0013321304219117147,-0.035665394633230374,2.1150375263200347,50501.0,-0.13131463106435604,-2.2463521573843916,-1.80537667113696,-49710.0,-0.05178205474442166,1.7535946163925331,0.30961753500319134,790.0,0.17524900196991666,-0.13436853303326757,-0.30966294288173124,-791.0,-0.17529440984845834,0.13436853303327023,0.007643478994341368,0.03671526021747762,0.010947457587575204,-0.10575961895668917,0.08376420253155481,0.16879543867898295,0.21704860132769332,50.0,S&P 500 Index x $50,278603.5,105904434041.0,82136212249.0,23768221792.0,14069755353.5,28464362388.0,433293914322.5,493593184241.5,-60299269919.0,-13849379985.0,-28752717010.5,557742754530.5,594274081261.0,-36531326730.5,220096765.0,-288354622.5,85383614645.0,48852287914.5,36531326730.5,-220375368.5,288633226.0
2025-03-18,S&P 500 Consolidated - CHICAGO MERCANTILE EXCHANGE,2591482,342040,266748,75292,2.905364575173588,13.198625342564602,10.293260767391015,186945,7.21382591119676,1757384,1948174,-190790,-7.3621966118228865,67.81386094906313,75.17605756088601,2286369,2401868,-115499,-4.456870624607849,88.22631220282449,92.68318282743233,305113,189614,115499,4.456870624607849,11.773687797175516,7.316817172567666,5614.66,2025-03-24,2025-03-24,5767.57,0.027234062258444824,2025-03-25,2025-03-25,5776.65,0.02885125724442794,2025-03-26,2025-03-26,5712.2,0.017372378737091854,2025-03-27,2025-03-27,5693.31,0.014007971987618273,2025-03-28,2025-03-28,5580.94,-0.00600570648979637,0.027234062258444824,0.0015743198608773046,-0.01115698545004451,-0.0033069570393192693,-0.019737200328104554,-0.03235851493783348,0.007643478994341368,-0.7903666109805898,-10020.0,-3.2685013555322993,-2.478134744551708,2.0137632009126403,25644.0,0.44080098916894883,-1.5729622117436861,1.2234013221533822,15624.0,1.5026477314801383,0.2792464093267455,-1.2234013221533822,-15624.0,-1.5026477314801348,-0.2792464093267508,0.02885125724442794,0.0032789162656332582,-0.11254287882080116,-0.0388322712328083,0.06555339058821019,0.17669814378786963,0.1961703825342942,50.0,S&P 500 Index x $50,280733.0,96021915320.0,74884966284.0,21136949036.0,-2812944660.0,32380305686.0,493355682472.0,546916731542.0,-53561049070.0,7199117052.0,-28126077804.0,641859228477.0,674283609244.0,-32424380767.0,4386172392.0,4253947149.0,85655287829.0,53230907062.0,32424380767.0,-4386172392.0,-4253947149.0
2025-03-25,S&P 500 Consolidated - CHICAGO MERCANTILE EXCHANGE,2084451,263440,317664,-54224,-2.6013564243054885,12.638339783472963,15.239696207778449,64751,3.1063814884590717,1498297,1530566,-32269,-1.548081485244796,71.87969398177266,73.42777546701745,1826488,1912981,-86493,-4.149437909550285,87.6244152537047,91.77385316325498,257963,171469,86494,4.1494858838130515,12.375584746295308,8.226098862482257,5776.65,2025-03-31,2025-03-31,5611.85,-0.02852864549522638,2025-04-01,2025-04-01,5633.07,-0.02485523616629015,2025-04-02,2025-04-02,5670.97,-0.018294340145239785,2025-04-03,2025-04-03,5396.52,-0.06580457531614325,2025-04-04,2025-04-04,5074.08,-0.12162239360182803,-0.02852864549522638,0.003781284246727745,0.006728125160880394,-0.04839560075260485,-0.05974961641947041,-0.09582757914056872,0.02885125724442794,-5.506720999479077,-129516.0,-0.5602855590916391,4.946435440387434,5.81411512657809,158521.0,4.065833032709534,-1.7482820938685535,0.30743271505756464,29006.0,-0.6018969491197907,-0.9093296641773492,-0.30738474079479783,-29005.0,0.6018969491197925,0.9092816899145904,-0.02485523616629015,-0.1374291328018833,-0.06578553313771818,-0.0846320964572892,0.05462162325915543,0.15238416729419302,0.13497788510641984,50.0,S&P 500 Index x $50,288832.5,76090033800.0,91751687280.0,-15661653480.0,-37408430070.0,-6211342912.5,432756868252.5,442077204195.0,-9320335942.5,45786016732.5,21582430897.5,527549095260.0,552531084682.5,-24981989422.5,8377875495.0,15371376817.5,74508098197.5,49525819942.5,24982278255.0,-8377586662.5,-15370799152.5
2025-04-01,S&P 500 Consolidated - CHICAGO MERCANTILE EXCHANGE,2124617,299935,321026,-21091,-0.992696566016369,14.117132640847737,15.10982920686411,58953,2.7747589330218108,1509295,1561723,-52428,-2.4676447566784976,71.03845069487818,73.50609545155669,1868184,1941702,-73518,-3.4602942553881473,87.93038933605445,91.3906835914426,256433,182915,73518,3.4602942553881473,12.069610663945548,8.609316408557401,5633.07,2025-04-07,2025-04-07,5062.25,-0.10133373098505782,2025-04-08,2025-04-08,4982.77,-0.11544326628286161,2025-04-09,2025-04-09,5456.9,-0.031274242997157864,2025-04-10,2025-04-10,5268.05,-0.06479947879220382,2025-04-11,2025-04-11,5363.36,-0.04787975295886615,-0.10133373098505782,-0.015700528421156545,0.09515390034057347,-0.034607561069471604,0.018092083408471682,0.05948145587436415,-0.02485523616629015,1.6086598582891196,33133.0,1.4787928573747742,-0.12986700091433967,-0.9195632714337016,-20159.0,-0.8412432868944819,0.07831998453923461,0.6891436541621374,12975.0,0.3059740823497492,-0.3831695718123882,-0.6891916284249042,-12976.0,-0.30597408234975987,0.38321754607514436,-0.11544326628286161,-0.04197355971077932,-0.06130049866236342,-0.012824268116675253,0.10028989520811926,0.18735609534410202,0.1589630521190044,50.0,S&P 500 Index x $50,281653.5,84477742522.5,90418096491.0,-5940353968.5,9332025415.5,-15744993957.0,425098219282.5,439864748980.5,-14766529698.0,-5677852906.5,32191868436.0,526180562244.0,546887164257.0,-20706602013.0,3654454162.5,16447156132.5,72225251965.5,51518649952.5,20706602013.0,-3654735816.0,-16447437786.0
2025-04-08,S&P 500 Consolidated - CHICAGO MERCANTILE EXCHANGE,2349923,319844,350897,-31053,-1.3214475538134653,13.610828950565615,14.93227650437908,84424,3.5926283542056487,1685499,1691282,-5783,-0.24609316986131036,71.72571186375043,71.97180503361173,2089766,2126603,-36837,-1.5675832782606067,88.92912661393586,90.49670989219646,260157,223321,36836,1.5675407236747756,11.07087338606414,9.503332662389363,4982.77,2025-04-14,2025-04-14,5405.97,0.08493267800841697,2025-04-15,2025-04-15,5396.63,0.08305821862136908,2025-04-16,2025-04-16,5275.7,0.05878858546551413,2025-04-17,2025-04-17,5282.7,0.060193426547883844,2025-04-18,2025-04-21,5158.2,0.03520732444002017,0.08493267800841697,-0.0017277195396940837,-0.022408428964001637,0.0013268381447011368,-0.023567493895167213,-0.045832662778372835,-0.11544326628286161,-0.32875098779709633,-9962.0,-0.5063036902821221,-0.17755270248502875,2.221551586817187,46645.0,0.6872611688722543,-1.534290417944959,1.8927109771275406,36681.0,0.9987372778814176,-0.893973699246132,-1.8927535317133717,-36682.0,-0.9987372778814088,0.8940162538319623,0.08305821862136908,0.06120892595885419,0.11601177658210182,0.12525964473575923,0.24940946501644667,0.3475616976099638,0.3279461022684169,50.0,S&P 500 Index x $50,249138.50000000003,79685454394.00002,87421952234.50002,-7736497840.500001,-2481917737.0000005,-28991001552.500004,419922692611.50006,421363460557.00006,-1440767945.5000002,11621065332.500002,52481274163.50001,520641166591.00006,529818681515.50006,-9177514924.500002,9138649318.500002,23490272611.000004,64815124744.50001,55637858958.50001,9177265786.000002,-9138898457.000002,-23490521749.500004
2025-04-15,S&P 500 Consolidated - CHICAGO MERCANTILE EXCHANGE,2197559,253575,317597,-64022,-2.913323373797928,11.538939341332815,14.452262715130743,72685,3.307533495118902,1629365,1590030,39335,1.7899405658733165,74.14431193883759,72.35437137296428,1955624,1980312,-24688,-1.1234283129599705,88.99073927025395,90.11416758321393,241935,217247,24688,1.1234283129599705,11.00926072974605,9.88583241678608,5396.63,2025-04-21,2025-04-21,5158.2,-0.04418127609267275,2025-04-22,2025-04-22,5287.76,-0.02017370099488014,2025-04-23,2025-04-23,5375.86,-0.0038486981690426525,2025-04-24,2025-04-24,5484.77,0.0163324148589028,2025-04-25,2025-04-25,5525.21,0.023825980287698112,-0.04418127609267275,0.02511728897677501,0.016661119264111734,0.02025908412793509,0.007373144179245283,0.07115078903493477,0.08305821862136908,-1.5918758199844625,-32969.0,-2.0718896092328,-0.4800137892483374,2.0360337357346268,45118.0,2.4186000750871557,0.38256633935255024,0.44415496530063625,12149.0,0.061612656318089876,-0.3825423089825364,-0.4441124107148051,-12148.0,-0.061612656318089876,0.3824997543967168,-0.02017370099488014,0.030426395732151335,0.03896505782312287,0.09078258098109382,0.15697388926051992,0.23119613536595995,0.29106127342434074,50.0,S&P 500 Index x $50,269831.5,68422522612.5,85697674905.5,-17275152293.0,-8896074723.5,-37591305591.0,439654001997.5,429040179945.0,10613822052.5,12174257617.0,62094973937.5,527688957356.0,534350557428.0,-6661600072.0,3278182893.5,24503668346.5,65281683952.5,58620083880.5,6661600072.0,-3277913062.0,-24503668346.5
2025-04-22,S&P 500 Consolidated - CHICAGO MERCANTILE EXCHANGE,2224655,262329,338204,-75875,-3.4106412005457027,11.791895822048811,15.202537022594514,68061,3.059395726528383,1651591,1610864,40727,1.8307108293196022,74.240320409232,72.4096095799124,1981981,2017129,-35148,-1.5799303712261001,89.09161195780919,90.67154232903529,242674,207526,35148,1.5799303712261001,10.908388042190811,9.328457670964712,5287.76,2025-04-28,2025-04-28,5528.75,0.04557506392120669,2025-04-29,2025-04-29,5560.83,0.05164190507889921,2025-04-30,2025-04-30,5569.06,0.05319832972752181,2025-05-01,2025-05-01,5604.14,0.0598325188737765,2025-05-02,2025-05-02,5686.67,0.07544026203912435,0.04557506392120669,0.0058023965634184105,0.0014799948928487794,0.006299088176460632,0.014726612825518126,0.028563418494234716,-0.02017370099488014,-0.4973178267477749,-11853.0,0.2529564807159961,0.750274307463771,0.04077026344628565,1392.0,0.09600847039440907,0.05523820694811832,-0.45650205826612966,-10460.0,0.10087268755523837,0.5573747458213631,0.45650205826612966,10460.0,-0.10087268755523837,-0.5573747458213685,0.05164190507889921,0.06035637018321549,0.11324076735706612,0.12343601071152999,0.1932500718640784,0.2737624249209496,0.33591728822790756,50.0,S&P 500 Index x $50,264388.0,69356639652.0,89417079152.0,-20060439500.0,-3133790964.0,-5724264588.0,436660841308.0,425893111232.0,10767730076.0,368028096.0,19299266448.0,524011992628.0,533304702052.0,-9292709424.0,-2765498480.0,13575001860.0,64160093512.0,54867384088.0,9292709424.0,2765498480.0,-13575266248.0
2025-04-29,S&P 500 Consolidated - CHICAGO MERCANTILE EXCHANGE,2150370,238841,318072,-79231,-3.6845287090128673,11.106972288489887,14.791500997502755,65957,3.067239591326144,1599127,1555546,43581,2.0266744792756595,74.36520226751675,72.3385277882411,1903926,1939575,-35649,-1.6578077261122506,88.53946065095775,90.19726837706999,246444,210795,35649,1.6578077261122506,11.460539349042257,9.802731622930008,5560.83,2025-05-05,2025-05-05,5650.38,0.01610371113664688,2025-05-06,2025-05-06,5606.91,0.008286532765792165,2025-05-07,2025-05-07,5631.28,0.01266897207790918,2025-05-08,2025-05-08,5663.94,0.01854219603908036,2025-05-09,2025-05-09,5659.91,0.017817484080613788,0.01610371113664688,-0.007693287885062627,0.004346422539330819,0.005799747126763233,-0.0007115188367108338,0.0016866122278500484,0.05164190507889921,-0.2738875084671646,-3356.0,-0.6849235335589245,-0.41103602509175907,0.1959636499560573,2854.0,0.12488185828475196,-0.07108179167130402,-0.07787735488615044,-501.0,-0.5521513068514423,-0.4742739519653014,0.07787735488615044,501.0,0.5521513068514459,0.4742739519652961,0.008286532765792165,0.058573989854032726,0.06826858580463702,0.06486621601451592,0.14566710365179292,0.23918371897720303,0.2837651933254568,50.0,S&P 500 Index x $50,278041.5,66407709901.5,88437215988.0,-22029506086.5,-933107274.0,-16165332810.0,444623669770.5,432506343159.0,12117326611.5,793530441.0,26694486373.5,529370440929.0,539282342362.5,-9911901433.5,-139298791.5,10529153563.5,68521659426.0,58609757992.5,9911901433.5,139298791.5,-10529153563.5
2025-05-06,S&P 500 Consolidated - CHICAGO MERCANTILE EXCHANGE,2149796,249517,328527,-79010,-3.6752324406594856,11.606543132464662,15.281775573124149,70231,3.2668681121371517,1586867,1540847,46020,2.1406682308460896,73.81477126201742,71.67410303117133,1906616,1939605,-32989,-1.534517693771874,88.68822902266076,90.22274671643264,243181,210192,32989,1.534517693771874,11.311817493380767,9.777299799608894,5606.91,2025-05-12,2025-05-12,5844.19,0.04231920968947245,2025-05-13,2025-05-13,5886.55,0.04987417311852704,2025-05-14,2025-05-14,5892.58,0.050949631793625993,2025-05-15,2025-05-15,5916.93,0.05529248730584224,2025-05-16,2025-05-16,5958.38,0.06268515100117544,0.04231920968947245,0.007248224304822415,0.001024369112638146,0.004132315556174104,0.0070053220166539365,0.019539063582806326,0.008286532765792165,0.00929626835338171,221.0,0.4995708439747748,0.49027457562139354,0.11399375157043012,2439.0,-0.550431005499334,-0.6644247570697672,0.1232900323403765,2660.0,0.1487683717030137,0.02547833936264965,-0.1232900323403765,-2660.0,-0.1487218556614902,-0.02543182332111371,0.04987417311852704,0.05948909470635355,0.05611468705579359,0.0648235837564719,0.12346907655018535,0.20771512294650707,0.29469172859917503,50.0,S&P 500 Index x $50,280345.5,69950968123.5,92101066078.5,-22150097955.0,61956355.5,-13444529143.5,444871022548.5,431969522638.5,12901499910.0,683762674.5,14522737936.5,534511215828.0,543759533527.5,-9248317699.5,745719030.0,1078769484.0,68174699035.5,58926381336.0,9248317699.5,-745719030.0,-1078489138.5
2025-05-13,S&P 500 Consolidated - CHICAGO MERCANTILE EXCHANGE,2142617,241190,361081,-119891,-5.595540406894933,11.256794844808942,16.852335251703874,69038,3.2221344271981414,1576417,1513671,62746,2.9284748510816443,73.57437190127773,70.6458970501961,1886645,1943790,-57145,-2.6670655558132883,88.05330117328481,90.72036672909812,255972,198827,57145,2.6670655558132883,11.946698826715181,9.279633270901892,5886.55,2025-05-19,2025-05-19,5963.6,0.013089160883709594,2025-05-20,2025-05-20,5940.46,0.009158165648809558,2025-05-21,2025-05-21,5844.61,-0.00712471651476676,2025-05-22,2025-05-22,5842.01,-0.007566401372620657,2025-05-23,2025-05-23,5802.82,-0.014223951210811214,0.013089160883709594,-0.0038802065866255786,-0.016135114115741978,-0.0004448543187653975,-0.006708307585916562,-0.026960225367227975,0.04987417311852704,-1.920307966235447,-40881.0,-0.34974828765571964,1.5705596785797251,0.7878066202355547,16726.0,-0.24039936073968704,-1.0282059809752297,-1.1325478620414142,-24156.0,-0.6349278493759556,0.49762001266547884,1.1325478620414142,24156.0,0.6348813333344143,-0.49766652870700234,0.009158165648809558,0.005944058913964767,0.014239240302044376,0.025865744791091494,0.09499791898480425,0.16068495128725657,0.2572661406086756,50.0,S&P 500 Index x $50,294327.5,70988849725.0,106276068027.5,-35287218302.5,-12032402527.5,-16443783097.5,463982874567.5,445515001252.5,18467873315.0,4922921765.0,6890501102.5,555291506237.5,572110851225.0,-16819344987.5,-7109775090.0,-9552987667.5,75339598830.0,58520253842.5,16819344987.5,7109775090.0,9552987667.5
2025-05-20,S&P 500 Consolidated - CHICAGO MERCANTILE EXCHANGE,2130048,243569,338968,-95399,-4.478725362057569,11.434906631212066,15.913631993269636,65502,3.075141968631693,1575299,1523477,51822,2.4329029204975665,73.95603291569016,71.52312999519259,1884369,1927946,-43577,-2.045822441560002,88.46603456823509,90.51185700979508,245679,202102,43577,2.045822441560002,11.53396543176492,9.488142990204915,5940.46,2025-05-26,2025-05-27,5921.54,-0.003184938540113036,2025-05-27,2025-05-27,5921.54,-0.003184938540113036,2025-05-28,2025-05-28,5888.55,-0.00873838052945397,2025-05-29,2025-05-29,5912.17,-0.004762257468276854,2025-05-30,2025-05-30,5911.69,-0.00484305929170481,-0.003184938540113036,0.0,-0.005571185873944895,0.004011174227950942,-8.118846379590039e-05,-0.0016634186377193494,0.009158165648809558,1.116815044837364,24492.0,0.17811178640312342,-0.9387032584342379,-0.4955719305840778,-10924.0,0.3816610144124297,0.8772329449964928,0.6212431142532862,13568.0,0.41273339495027983,-0.20850971930303785,-0.6212431142532862,-13568.0,-0.41273339495026207,0.20850971930302364,-0.003184938540113036,0.005034963622345678,0.01655595694609513,0.007113927204290604,0.07927163889665101,0.11394067126114815,0.23788561828545252,50.0,S&P 500 Index x $50,297023.0,72345595087.0,100681292264.0,-28335697177.0,7274687316.0,-5799077052.0,467900034877.0,452507708971.0,15392325906.0,-3244679252.0,3295470185.0,559700933487.0,572644304758.0,-12943371271.0,4030008064.0,-2503606867.0,72972313617.0,60028942346.0,12943371271.0,-4030008064.0,2503606867.0
2025-05-27,S&P 500 Consolidated - CHICAGO MERCANTILE EXCHANGE,2129520,256386,308733,-52347,-2.4581595852586497,12.039614561027838,14.497774146286488,63995,3.005137307937939,1565769,1558592,7177,0.33702430594688004,73.52685112137947,73.1898268154326,1886150,1931319,-45169,-2.121088320372666,88.57160299034524,90.6926913107179,243370,198201,45169,2.121088320372666,11.428397009654757,9.307308689282092,5921.54,2025-06-02,2025-06-02,5935.94,0.0024317998358533988,2025-06-03,2025-06-03,5970.37,0.008246165693383878,2025-06-04,2025-06-04,5970.81,0.008320470688368387,2025-06-05,2025-06-05,5939.3,0.002999219797552799,2025-06-06,2025-06-06,6000.36,0.01331072660152599,0.0024317998358533988,0.005800260784307065,7.369727504324963e-05,-0.005277340930292529,0.010280672806559643,0.010852535571451272,-0.003184938540113036,2.020565776798919,43052.0,0.6047079298157723,-1.4158578469831475,-2.0958786145506867,-44645.0,-0.4291817943106935,1.6666968202400056,-0.07526587881266389,-1592.0,0.10556842211015294,0.18083430092282526,0.07526587881266389,1592.0,-0.10556842211016182,-0.1808343009228235,0.008246165693383878,0.01980396991323219,0.010331771802605472,0.028816828054864185,0.09193554379435076,0.14258790787531628,0.26979130428908693,50.0,S&P 500 Index x $50,296077.0,75909997722.0,91408740441.0,-15498742719.0,12746707004.0,7959734068.0,463588188213.0,461463243584.0,2124944629.0,-13218357665.0,-10778387108.0,558445633550.0,571819135563.0,-13373502013.0,-471354584.0,-2818653040.0,72056259490.0,58682757477.0,13373502013.0,471354584.0,2818653040.0
2025-06-03,S&P 500 Consolidated - CHICAGO MERCANTILE EXCHANGE,2140283,250353,319981,-69628,-3.2532146449791917,11.697191446177913,14.950406091157104,66951,3.1281377275808855,1571442,1561439,10003,0.4673681003867246,73.42215959291364,72.95479149252692,1888746,1948371,-59625,-2.7858465445924674,88.24748876667245,91.0333353112649,251537,191912,59625,2.7858465445924674,11.752511233327555,8.966664688735088,5970.37,2025-06-09,2025-06-09,6005.88,0.0059477050836045375,2025-06-10,2025-06-10,6038.81,0.011463276145364576,2025-06-11,2025-06-11,6022.24,0.008687903764758254,2025-06-12,2025-06-12,6045.26,0.012543611199975935,2025-06-13,2025-06-13,5976.97,0.0011054591256489665,0.0059477050836045375,0.005482960032501483,-0.002743918089822439,0.0038224979409655635,-0.01129645375054178,-0.004813615989663456,0.008246165693383878,-0.7950550597205419,-17281.0,-0.34242311484992527,0.45263194487061575,0.13034379443984456,2826.0,-0.1046915284658212,-0.23503532290567364,-0.6647582242198014,-14456.0,-0.32411422367279386,0.3406440005470017,0.6647582242198014,14456.0,0.3241142236727974,-0.3406440005470035,0.011463276145364576,0.0020685485154186,0.020402420620497574,0.038128290206469684,0.07456321802501353,0.14387718014126438,0.2745910219969616,50.0,S&P 500 Index x $50,298518.5,74735002030.5,95520248148.5,-20785246118.0,-5158698198.5,2800700567.0,469104508677.0,466118428121.5,2986080555.5,843613281.0,-10751740814.5,563825622801.0,581624788363.5,-17799165562.5,-4315383436.0,-7951338766.0,75088447934.5,57289282372.0,17799165562.5,4315383436.0,7951338766.0
2025-06-10,S&P 500 Consolidated - CHICAGO MERCANTILE EXCHANGE,2241820,215371,343340,-127969,-5.708263821359432,9.606971121677923,15.315234943037353,83162,3.709575255818933,1687259,1627789,59470,2.6527553505633814,75.2629113845001,72.61015603393672,1985792,2054291,-68499,-3.0555084707960494,88.57945776199695,91.634966232793,256027,187528,68499,3.0555084707960494,11.420497631388782,8.364989160592733,6038.81,2025-06-16,2025-06-16,6033.11,-0.0009438945752557881,2025-06-17,2025-06-17,5982.72,-0.00928825381159537,2025-06-18,2025-06-18,5980.87,-0.009594605559704705,2025-06-19,2025-06-20,5967.84,-0.0117523154396314,2025-06-20,2025-06-20,5967.84,-0.0117523154396314,-0.0009438945752557881,-0.008352242873078675,-0.00030922389816012696,-0.002178612810510794,0.0,-0.010818632512916149,0.011463276145364576,-2.45504917638024,-58341.0,-2.09022032449999,0.36482885188024916,2.1853872501766567,49467.0,1.840751791586456,-0.3446354585902043,-0.269661926203582,-8874.0,0.33196899532450175,0.6016309215280984,0.269661926203582,8874.0,-0.3320136019387725,-0.6016755281423549,-0.00928825381159537,0.008837833944104867,0.026362809891352645,0.030918343183508057,0.07845916662388763,0.13275794403201946,0.22319629198467905,50.0,S&P 500 Index x $50,301940.5,65029227425.5,103668251270.0,-38639023844.5,-17615510710.5,-2439075359.0,509451826089.5,491495424554.5,17956401535.0,14936090713.5,-989157078.0,599591029376.0,620273651685.5,-20682622309.5,-2679419997.0,-3428232437.0,77304920393.5,56622298084.0,20682622309.5,2679419997.0,3428232437.0
2025-06-17,S&P 500 Consolidated - CHICAGO MERCANTILE EXCHANGE,2473205,221600,399094,-177494,-7.176679652515664,8.960033640559518,16.136713293075182,129170,5.222777731728668,1849701,1731629,118072,4.77404824913422,74.78963531126615,70.01558706213193,2200471,2259893,-59422,-2.4026314033814424,88.97244668355434,91.37507808693577,272734,213312,59422,2.4026314033814424,11.027553316445665,8.624921913064222,5982.72,2025-06-23,2025-06-23,6025.17,0.007095434852374849,2025-06-24,2025-06-24,6092.18,0.018296025887890366,2025-06-25,2025-06-25,6092.16,0.018292682926829285,2025-06-26,2025-06-26,6141.02,0.026459536799315453,2025-06-27,2025-06-27,6173.07,0.031816631899871606,0.007095434852374849,0.011121677894565751,-3.282897091061443e-06,0.008020143922681022,0.005219002706390752,0.02454702522916352,-0.00928825381159537,-1.468415831156232,-49525.0,-0.646937481118405,0.8214783500378289,2.121292898570839,58602.0,-0.47327607323394716,-2.59456897180479,0.6528770674146069,9077.0,0.3929889215573894,-0.2598881458572322,-0.6528770674146069,-9077.0,-0.3929443149431169,0.2599327524714887,0.018296025887890366,0.03598530434317504,0.040583547282841304,0.04363232777064607,0.1043070710312366,0.1366502192982455,0.2555075283483097,50.0,S&P 500 Index x $50,299136.0,66288537600.0,119383382784.0,-53094845184.0,-14814710400.0,-24557569920.0,553312158336.0,517992572544.0,35319585792.0,17529967872.0,19817760000.0,658240093056.0,676015352448.0,-17775259392.0,2715257472.0,-4739809920.0,81584557824.0,63809298432.0,17775259392.0,-2715257472.0,4739809920.0
2025-06-24,S&P 500 Consolidated - CHICAGO MERCANTILE EXCHANGE,1898304,212384,357729,-145345,-7.656571339469337,11.188092107481204,18.84466344695054,47317,2.4925933886247935,1386332,1304541,81791,4.3086354977917125,73.03003101716058,68.72139551936887,1646032,1709587,-63555,-3.347988520279154,86.71066383466504,90.0586523549442,252272,188717,63555,3.347988520279154,13.289336165334953,9.941347645055796,6092.18,2025-06-30,2025-06-30,6204.95,0.018510615247743667,2025-07-01,2025-07-01,6198.01,0.017371449957158225,2025-07-02,2025-07-02,6227.42,0.022198950129510342,2025-07-03,2025-07-03,6279.35,0.030722992426356344,2025-07-04,2025-07-07,6229.98,0.02261916095716132,0.018510615247743667,-0.0011184618731818752,0.004745071401949907,0.00833892687501403,-0.00786227873904155,0.004033876179501794,0.018296025887890366,-0.4798916869536729,32149.0,2.228058466921686,2.707950153875359,-0.4654127513425079,-36281.0,-1.7596042941055714,-1.294191542763059,-0.9453571168977115,-4133.0,-2.261782848889297,-1.316425731991572,0.9453571168977115,4133.0,2.261782848889288,1.3164257319915738,0.017371449957158225,0.021887074905863058,0.024881077052877565,0.03569165717362255,0.09269916515926968,0.13420647452964296,0.20900236040300846,50.0,S&P 500 Index x $50,304609.0,64694077856.0,108967472961.0,-44273395105.0,9792874741.0,-28328027782.0,422289204188.0,397374929469.0,24914274719.0,-11051519129.0,22728095926.0,501396161488.0,520755586483.0,-19359424995.0,-1258948997.0,-5600541074.0,76844321648.0,57484896653.0,19359424995.0,1258948997.0,5600541074.0
2025-07-01,S&P 500 Consolidated - CHICAGO MERCANTILE EXCHANGE,1900931,245028,328053,-83025,-4.367596719712604,12.88989447802156,17.25749119773416,27686,1.4564442370606823,1368735,1365423,3312,0.17423041656956512,72.0034025432801,71.82917212671055,1641449,1721162,-79713,-4.193366303143039,86.34974125836234,90.5431075615054,259483,179769,79714,4.193418908945143,13.650311347439755,9.456892438494611,6198.01,2025-07-07,2025-07-07,6229.98,0.005158107198923512,2025-07-08,2025-07-08,6225.52,0.004438521396383788,2025-07-09,2025-07-09,6263.26,0.010527572559579701,2025-07-10,2025-07-10,6280.46,0.013302656820495473,2025-07-11,2025-07-11,6259.75,0.009961261759822815,0.005158107198923512,-0.0007158931489344988,0.0060621442064277,0.00274617371784025,-0.0032975291618766445,0.004778506512059577,0.017371449957158225,3.2889746197567327,62320.0,1.7018023705403564,-1.5871722492163798,-4.134405081222147,-78479.0,-1.0266284738804785,3.107776607341677,-0.8453777828638849,-16158.0,-0.3609225763026984,0.48445520656119356,0.8454303886659886,16159.0,0.3609751821048022,-0.4844552065611847,0.004438521396383788,0.007381401449820135,0.018007392695397417,0.02788798340112386,0.07913023696315435,0.11265390020345234,0.20996255249668838,50.0,S&P 500 Index x $50,309900.5,75934299714.0,101663788726.5,-25729489012.5,19312999160.0,-4151736998.5,424171660867.5,423145270411.5,1026390456.0,-24320681339.5,-2073544245.5,508685865824.5,533388964381.0,-24703098556.5,-5007372279.0,-6225281244.0,80413911441.5,55710502984.5,24703408457.0,5007682179.5,6225591144.5
2025-07-08,S&P 500 Consolidated - CHICAGO MERCANTILE EXCHANGE,1915351,233049,370088,-137039,-7.1547721540333855,12.167430408316806,19.322202562350192,39362,2.0550802437777724,1386090,1323412,62678,3.272402812852579,72.36741464097182,69.09501182811924,1658500,1732861,-74361,-3.8823693411808073,86.58987308331476,90.47224242449556,256851,182490,74361,3.8823693411808073,13.410126916685245,9.527757575504438,6225.52,2025-07-14,2025-07-14,6268.56,0.006913478713424626,2025-07-15,2025-07-15,6243.76,0.002929875737287757,2025-07-16,2025-07-16,6263.7,0.006132821033423719,2025-07-17,2025-07-17,6297.36,0.01153959829861595,2025-07-18,2025-07-18,6296.79,0.011448039681825728,0.006913478713424626,-0.003956251515499609,0.003193588478737075,0.005373820585277134,-9.051412020266714e-05,0.0045034266242964804,0.004438521396383788,-2.7871754343207815,-54014.0,-0.7224640697047544,2.0647113646160307,3.098172396283014,59366.0,0.36401209769171317,-2.7341602985913056,0.3109969619622315,5352.0,0.2401318249524138,-0.07086513700983232,-0.31104956776433523,-5353.0,-0.24018443075451046,0.070865137009827,0.002929875737287757,0.013508911705367499,0.023345840989989375,0.011833549647258357,0.0785588994975519,0.11554054922319734,0.20533706421310982,50.0,S&P 500 Index x $50,311276.0,72542560524.0,115199512288.0,-42656951764.0,-16813261864.0,-2823273320.0,431456550840.0,411946393712.0,19510157128.0,18479211016.0,998573408.0,516251246000.0,539398040636.0,-23146794636.0,1665949152.0,-1824699912.0,79951551876.0,56804757240.0,23146794636.0,-1666260428.0,1824699912.0
2025-07-15,S&P 500 Consolidated - CHICAGO MERCANTILE EXCHANGE,1952930,233665,399317,-165652,-8.482229265769895,11.964842569882176,20.44707183565207,35600,1.8229019985355337,1426832,1329228,97604,4.997823782726467,73.0610928195071,68.06326903678062,1696097,1764145,-68048,-3.484405483043427,86.84883738792482,90.33324287096823,256833,188785,68048,3.484405483043427,13.15116261207519,9.666757129031762,6243.76,2025-07-21,2025-07-21,6305.6,0.00990428844158009,2025-07-22,2025-07-22,6309.62,0.010548131254244142,2025-07-23,2025-07-23,6358.91,0.018442412905044447,2025-07-24,2025-07-24,6363.35,0.019153522877240592,2025-07-25,2025-07-25,6388.64,0.02320396684049353,0.00990428844158009,0.0006375285460542557,0.007811880905664648,0.000698232873244109,0.003974321701619488,0.013169246384166389,0.002929875737287757,-1.3274571117365097,-28613.0,-0.20258783843462957,1.1248692733018792,1.725420969873888,34926.0,0.6936781785352792,-1.0317427913386155,0.39796385813738056,6313.0,0.2589643046100605,-0.13899955352732718,-0.39796385813738056,-6313.0,-0.25896430461005515,0.13899955352732363,0.010548131254244142,0.020356323753635497,0.008877663459197604,0.032352300536856005,0.06415204940612718,0.11531192742834429,0.2081806475585224,50.0,S&P 500 Index x $50,312188.0,72947409020.0,124661975596.0,-51714566576.0,-8932635244.0,3696930296.0,445439828416.0,414969030864.0,30470797552.0,10903478088.0,-6389863984.0,529501130236.0,550744899260.0,-21243769024.0,1970842844.0,-2692933688.0,80180180604.0,58936411580.0,21243769024.0,-1970842844.0,2692933688.0
2025-07-22,S&P 500 Consolidated - CHICAGO MERCANTILE EXCHANGE,1937915,220971,386433,-165462,-8.538145377893251,11.402512494098039,19.94065787199129,38699,1.9969400102687682,1423958,1325384,98574,5.086600805504885,73.4788677521976,68.3922669466927,1683628,1750516,-66888,-3.451544572388366,86.87832025656441,90.32986482895276,254287,187399,66888,3.451544572388366,13.1216797434356,9.670135171047233,6309.62,2025-07-28,2025-07-28,6389.77,0.012702825209759183,2025-07-29,2025-07-29,6370.86,0.009705814296264936,2025-07-30,2025-07-30,6362.9,0.008444248623530326,2025-07-31,2025-07-31,6339.39,0.004718192220767747,2025-08-01,2025-08-01,6238.01,-0.011349336410116595,0.012702825209759183,-0.0029594179446209568,-0.001249438851269713,-0.0036948561190650597,-0.01599207494727417,-0.023750463631711294,0.010548131254244142,-0.05591611212335579,190.0,-0.5623300757841374,-0.5064139636607798,0.0887770227784177,970.0,0.4177749326905058,0.32899790991207567,0.03286091065506058,1160.0,0.029482868639590265,-0.003378042015469873,-0.03286091065506058,-1160.0,-0.029482868639590265,0.0033780420154716495,0.009705814296264936,-0.001653031402842009,0.021576576719358753,0.016126169246325484,0.06747316003182458,0.07722176612854659,0.19011921478631044,50.0,S&P 500 Index x $50,315481.0,69712152051.0,121912269273.0,-52200117222.0,59941390.0,-6346531277.0,449231693798.0,418133469704.0,31098224094.0,306016570.0,5294717623.0,531152645068.0,552254538196.0,-21101893128.0,365957960.0,-1051498173.0,80222717047.0,59120823919.0,21101893128.0,-365957960.0,1051498173.0
2025-07-29,S&P 500 Consolidated - CHICAGO MERCANTILE EXCHANGE,1965169,233484,393003,-159519,-8.117317136592323,11.881115568177597,19.998432704769918,47685,2.426508865140861,1421979,1340235,81744,4.159642249597872,72.35912025886833,68.19947800927045,1703147,1780923,-77776,-3.957725773203221,86.66669380597801,90.62441957918122,262022,184246,77776,3.957725773203221,13.33330619402199,9.37558042081877,6370.86,2025-08-04,2025-08-04,6329.94,-0.006422994697733109,2025-08-05,2025-08-05,6299.19,-0.011249658601821477,2025-08-06,2025-08-06,6345.06,-0.004049688739039881,2025-08-07,2025-08-07,6340.0,-0.004843930018867071,2025-08-08,2025-08-08,6389.45,0.002917973397626117,-0.006422994697733109,-0.004857865951336082,0.007281888623775545,-0.0007974707882983934,0.007799684542586727,0.009401352935414886,0.009705814296264936,0.4208282413009279,5943.0,0.47860307407955816,0.05777483277862672,-0.9269585559070128,-16830.0,-1.119747493329271,-0.19278893742225023,-0.5061812008148547,-10888.0,-0.21162645058639384,0.2945547502284569,0.5061812008148547,10888.0,0.2116264505863903,-0.294554750228464,-0.011249658601821477,0.01175665451760044,0.006358639179012027,0.014924201756120858,0.08162634244042422,0.09539371450636192,,50.0,S&P 500 Index x $50,318543.0,74374693812.0,125188354629.0,-50813660817.0,1893101049.0,-24366628242.0,452961456597.0,426922477605.0,26038978992.0,-5361078690.0,24983964576.0,542525554821.0,567300555189.0,-24775000368.0,-3468296184.0,617017791.0,83465273946.0,58690273578.0,24775000368.0,3468296184.0,-617336334.0
2025-08-05,S&P 500 Consolidated - CHICAGO MERCANTILE EXCHANGE,1928385,233328,376425,-143097,-7.420561765415101,12.099658522546068,19.52022028796117,41151,2.1339618385332804,1399283,1334136,65147,3.3783191634450587,72.56242918296917,69.18411001952411,1673762,1751712,-77950,-4.042242601970043,86.79604954404851,90.83829214601856,254623,176673,77950,4.042242601970043,13.203950455951482,9.16170785398144,6299.19,2025-08-11,2025-08-11,6373.45,0.011788817292382126,2025-08-12,2025-08-12,6445.76,0.023268070974204802,2025-08-13,2025-08-13,6466.58,0.026573257831562502,2025-08-14,2025-08-14,6468.54,0.026884408947817073,2025-08-15,2025-08-15,6449.8,0.023909423275056074,0.011788817292382126,0.011345503612643082,0.0032300302834731287,0.00030309684562790373,-0.0028970988816641174,0.011979383222587403,-0.011249658601821477,0.6967553711772219,16422.0,0.2185429543684716,-0.4782124168087485,-0.7813230861528133,-16597.0,0.20330892410083834,0.9846320102536623,-0.08451682876682165,-174.0,0.12935573807050105,0.21387256683733824,0.08451682876682165,174.0,-0.12935573807050815,-0.21387256683732936,0.023268070974204802,0.017808638888492156,0.02647165746707114,0.01847062876338068,0.07498741901736583,0.09820627731502007,,50.0,S&P 500 Index x $50,314959.5,73488870216.0,118558629787.5,-45069759571.5,5172264909.0,-1908024651.0,440717474038.5,420198807492.0,20518666546.5,-5227382821.5,777635005.5,527167242639.0,551718335664.0,-24551093025.0,-54802953.0,-1130389645.5,80195932768.5,55644839743.5,24551093025.0,54802953.0,1130389645.5
2025-08-12,S&P 500 Consolidated - CHICAGO MERCANTILE EXCHANGE,1990230,223653,419609,-195956,-9.845897207860398,11.23754540932455,21.08344261718495,51999,2.6127131035106497,1464390,1341862,122528,6.156474377333273,73.57893308813554,67.42245871080227,1740043,1813470,-73427,-3.6893725850781065,87.42924184641976,91.11861443149787,250187,176760,73427,3.6893725850781065,12.570758153580238,8.881385568502132,6445.76,2025-08-18,2025-08-18,6449.15,0.0005259271210842353,2025-08-19,2025-08-19,6411.37,-0.005335290175247032,2025-08-20,2025-08-20,6395.78,-0.007753934369259863,2025-08-21,2025-08-21,6370.17,-0.011727088814972975,2025-08-22,2025-08-22,6466.91,0.00328122672888842,0.0005259271210842353,-0.005858136343549147,-0.002431617579394141,-0.00400420277120217,0.01518640789806236,0.0027538512827272044,0.023268070974204802,-2.425335442445297,-52859.0,-0.8621131132215183,1.5632223292237803,2.7781552138882146,57381.0,1.016503905166374,-1.761651308721838,0.3528700168919361,4523.0,0.633192302371242,0.2803222854793148,-0.3528700168919361,-4523.0,-0.6331923023712438,-0.2803222854793077,-0.005335290175247032,0.003130740207516247,-0.00468835327409034,0.010371158715186235,0.05998827135977769,0.076957565903788,,50.0,S&P 500 Index x $50,322288.0,72080678064.0,135234945392.0,-63154267328.0,-17035821392.0,-9766615552.0,471955324320.0,432466020256.0,39489304064.0,18493207728.0,8032706112.0,560794978384.0,584459619360.0,-23664640976.0,1457708624.0,-1733587152.0,80632267856.0,56967626880.0,23664640976.0,-1457708624.0,1733587152.0
2025-08-19,S&P 500 Consolidated - CHICAGO MERCANTILE EXCHANGE,2001161,222602,397664,-175062,-8.748021773360565,11.123642725397906,19.87166449875847,53475,2.672198788603216,1469733,1367281,102452,5.119628055913542,73.44401574885778,68.32438769294424,1745810,1818419,-72609,-3.628343746455183,87.2398572628589,90.86820100931409,255351,182741,72610,3.6283937174470218,12.76014273714109,9.131749019694068,6411.37,2025-08-25,2025-08-25,6439.32,0.004359442677618119,2025-08-26,2025-08-26,6465.94,0.008511441392401231,2025-08-27,2025-08-27,6481.4,0.01092278249422507,2025-08-28,2025-08-28,6501.86,0.014113988117984144,2025-08-29,2025-08-29,6460.26,0.007625515295482943,0.004359442677618119,0.004133976879546308,0.002390990327779008,0.003156725398833604,-0.0063981691392923645,0.003251896162948853,-0.005335290175247032,1.0978754344998336,20894.0,-0.1139026839266446,-1.21177811842648,-1.0368463214197314,-20076.0,-0.13491733927776295,0.9019289821419676,0.06102883862292341,818.0,-0.18938458356085164,-0.25041342218378304,-0.06097886763108473,-817.0,0.18938458356085164,0.2503634511919355,0.008511441392401231,0.0006504070112940408,0.01579069684014489,0.030475545788185787,0.03212261965851293,0.06735689875954765,,50.0,S&P 500 Index x $50,320568.5,71359189237.0,127478551984.0,-56119362747.0,6697958239.0,-3077457600.0,471150103210.5,438307219248.5,32842883962.0,-6435733206.0,1243164643.0,559651692985.0,582927851201.5,-23276158216.5,262225033.0,-1833972388.5,81857487043.5,58581008258.5,23276478785.0,-261904464.5,1834292957.0
2025-08-26,S&P 500 Consolidated - CHICAGO MERCANTILE EXCHANGE,2043484,224647,414391,-189744,-9.285318602934987,10.99333295489468,20.278651557829665,52454,2.5668906632006907,1506599,1395667,110932,5.428571987840375,73.72697804338083,68.29840605554044,1783701,1862512,-78811,-3.856697679061837,87.28725059750896,91.1439482765708,259784,180972,78812,3.8567466150946133,12.712798338523815,8.856051723429202,6465.94,2025-09-01,2025-09-02,6415.54,-0.00779469033118152,2025-09-02,2025-09-02,6415.54,-0.00779469033118152,2025-09-03,2025-09-03,6448.26,-0.002734327878081033,2025-09-04,2025-09-04,6502.08,0.005589287868430715,2025-09-05,2025-09-05,6481.5,0.002406455983198219,-0.00779469033118152,0.0,0.005100116280157385,0.00834643764364329,-0.003165141001033489,0.010281285753031,0.008511441392401231,-0.5372968295744229,-14682.0,-0.13030977050322612,0.40698705907119503,0.3089439319268328,8480.0,0.28296229452304544,-0.025981637403802438,-0.22835393260665393,-6202.0,0.04739333465005302,0.27574726725670473,0.22835289764759148,6202.0,-0.04734439861727502,-0.27569729626486605,-0.00779469033118152,0.007217821384052359,0.021778735961051288,0.0295363087192273,0.046387686863781585,0.06559448432865134,,50.0,S&P 500 Index x $50,323297.0,72627701159.0,133971367127.0,-61343665968.0,-4746646554.0,-9771651825.0,487078936903.0,451214954099.0,35863982804.0,2741558560.0,9436392836.0,576665182197.0,602144542064.0,-25479359867.0,-2005087994.0,-334612395.0,83987387848.0,58507704684.0,25479683164.0,2005087994.0,334935692.0
2025-09-02,S&P 500 Consolidated - CHICAGO MERCANTILE EXCHANGE,2022728,221081,380883,-159802,-7.900320754940853,10.929843261179952,18.830164016120804,52990,2.619729395153476,1493420,1403166,90254,4.461993901305564,73.83197345367246,69.3699795523669,1767490,1837038,-69548,-3.4383268536352887,87.38149667182142,90.81982352545671,255238,185690,69548,3.4383268536352887,12.61850332817858,9.180176474543291,6415.54,2025-09-08,2025-09-08,6495.15,0.012408932061837241,2025-09-09,2025-09-09,6512.61,0.015130448878815983,2025-09-10,2025-09-10,6532.04,0.01815903259897067,2025-09-11,2025-09-11,6587.47,0.026798991199493694,2025-09-12,2025-09-12,6584.29,0.026303319751727727,0.012408932061837241,0.0026881596267984698,0.0029834428900241683,0.008485863528086224,-0.0004827346462299431,0.013724086433723581,-0.00779469033118152,1.3849978479941347,29942.0,-0.06348969371472712,-1.448487541708861,-0.9665780865348106,-20678.0,0.10499541029163595,1.0715734968264599,0.41837082542654835,9263.0,0.09424607431246557,-0.3241247511140841,-0.4184197614593246,-9264.0,-0.09429501034523469,0.32412475111408945,0.015130448878815983,0.02980575290622456,0.0376242685728716,0.04254045645417226,0.06450431296508174,0.06251850974352902,,50.0,S&P 500 Index x $50,320777.0,70917699937.0,122178506091.0,-51260806154.0,9604704934.0,-5358579785.0,479054787340.0,450103379982.0,28951407358.0,-6633026806.0,8053748139.0,566970139730.0,589279538526.0,-22309398796.0,2971357351.0,2695168354.0,81874479926.0,59565081130.0,22309398796.0,-2971678128.0,-2695168354.0
2025-09-09,S&P 500 Consolidated - CHICAGO MERCANTILE EXCHANGE,2063255,231411,405018,-173607,-8.414228973151646,11.215821602274078,19.630050575425724,71756,3.4778057002164053,1494740,1400013,94727,4.5911436056134605,72.44572289901151,67.85457929339806,1797907,1876787,-78880,-3.8230853675381855,87.139350201502,90.96243556904018,265348,186468,78880,3.8230853675381855,12.860649798498006,9.037564430959819,6512.61,2025-09-15,2025-09-15,6615.28,0.015764800901635345,2025-09-16,2025-09-16,6606.76,0.014456569639514916,2025-09-17,2025-09-17,6600.35,0.013472325227520177,2025-09-18,2025-09-18,6631.96,0.018325986048604248,2025-09-19,2025-09-19,6664.36,0.023300950003147802,0.015764800901635345,-0.00128792734396721,-0.0009702183823840915,0.004789139969850087,0.004885433567150432,0.007419187094121371,0.015130448878815983,-0.5139082182107932,-13805.0,0.28597834109412545,0.7998865593049196,0.1291497043078964,4473.0,-1.386250554660947,-1.515400258968839,-0.38475851390289684,-9332.0,-0.24214647031942604,0.14261204358346902,0.38475851390289684,9332.0,0.24214647031942604,-0.14261204358347257,0.014456569639514916,0.02215855087284524,0.027001463315015073,0.031013679615392364,0.05034847779922336,0.04128452340920141,,50.0,S&P 500 Index x $50,325630.5,75354479635.5,131886213849.0,-56531734213.5,-4495329052.5,7277516044.5,486732933570.0,455886933196.5,30846000373.5,1456545226.5,-9052853530.5,585453355363.5,611139089203.5,-25685733840.0,-3038783826.0,-1775663116.5,86405401914.0,60719668074.0,25685733840.0,3038783826.0,1775663116.5
2025-09-16,S&P 500 Consolidated - CHICAGO MERCANTILE EXCHANGE,2467095,220895,443842,-222947,-9.03682265984893,8.953647913841989,17.99047057369092,168793,6.841771395102338,1781070,1643496,137574,5.57635599764095,72.19300432289798,66.61664832525703,2170758,2256131,-85373,-3.4604666622079816,87.98842363184231,91.44889029405029,296337,210963,85374,3.460507195709934,12.011576368157693,8.551069172447757,6606.76,2025-09-22,2025-09-22,6693.75,0.013166817017721266,2025-09-23,2025-09-23,6656.92,0.007592223722369118,2025-09-24,2025-09-24,6637.97,0.0047239494093929135,2025-09-25,2025-09-25,6604.72,-0.0003087746489959242,2025-09-26,2025-09-26,6643.7,0.005591242908778327,0.013166817017721266,-0.005502147525676904,-0.002846661819580154,-0.005009061505249379,0.00590183989631643,-0.0074771241830066115,0.014456569639514916,-0.6225936866972841,-49340.0,-2.262173688432089,-1.639580001734803,0.9852123920274893,42847.0,-0.2527185761135371,-1.237930968141029,0.3626187053302039,-6493.0,0.8490734303403116,0.48645472501010545,-0.3625781718282517,6494.0,-0.8490734303403134,-0.4864952585120612,0.007592223722369118,0.012366121972040789,0.016321161961385,0.005683572583232932,0.029288183617991237,0.01654820214447028,,50.0,S&P 500 Index x $50,330338.0,72970012510.0,146617878596.0,-73647866086.0,-16298876920.0,-15818235130.0,588355101660.0,542909181648.0,45445920012.0,14153992286.0,11602131236.0,717083856204.0,745285802278.0,-28201946074.0,-2144884634.0,-4216434232.0,97891371906.0,69689095494.0,28202276412.0,2145214972.0,4216434232.0
2025-09-23,S&P 500 Consolidated - CHICAGO MERCANTILE EXCHANGE,1963507,229106,401946,-172840,-8.802616950181488,11.668203882135384,20.470820832316868,32815,1.671244360218731,1443360,1354260,89100,4.5377989485140615,73.50928720906012,68.97148826054605,1705282,1789022,-83740,-4.264818001667424,86.84878638069536,91.11360438236278,258225,174485,83740,4.264818001667424,13.151213619304642,8.886395617637218,6656.92,2025-09-29,2025-09-29,6661.21,0.0006444421744591367,2025-09-30,2025-09-30,6688.46,0.0047379268490532755,2025-10-01,2025-10-01,6711.2,0.008153921032549638,2025-10-02,2025-10-02,6715.35,0.00877733246005663,2025-10-03,2025-10-03,6715.79,0.008843429093334354,0.0006444421744591367,0.0040908483593822265,0.0033998857734067744,0.0006183692931220897,6.552152903416264e-05,0.008193706548810242,0.007592223722369118,0.23420570966744236,50107.0,2.7145559682933946,2.480350258625947,-1.0385570491268883,-48474.0,1.316282886162142,2.3548399352890215,-0.8043513394594428,1633.0,-1.1396372511469508,-0.33528591168750665,0.8043108059574906,-1634.0,1.139637251146949,0.33532644518946064,0.0047379268490532755,0.008663165548031149,-0.0018942694218947453,0.011781724881777311,0.0379860355840238,-0.015104582900200114,,50.0,S&P 500 Index x $50,332846.0,76257015676.0,133786118316.0,-57529102640.0,16677914522.0,5626428784.0,480416602560.0,450760023960.0,29656578600.0,-16134377004.0,-7266693872.0,567596292572.0,595468816612.0,-27872524040.0,543537518.0,-1640597934.0,85949158350.0,58076634310.0,27872524040.0,-543870364.0,1640265088.0
2025-09-30,S&P 500 Consolidated - CHICAGO MERCANTILE EXCHANGE,1955078,226099,361436,-135337,-6.922332510518762,11.564704835305804,18.487037345824568,32225,1.6482718336557418,1443020,1394099,48921,2.5022531070371614,73.80881990386061,71.30656679682346,1701344,1787760,-86416,-4.4200794034815996,87.02179657282217,91.44187597630375,253734,167318,86416,4.4200794034815996,12.978203427177842,8.55812402369624,6688.46,2025-10-06,2025-10-06,6740.28,0.007747672857429055,2025-10-07,2025-10-07,6714.59,0.003906728903215306,2025-10-08,2025-10-08,6753.72,0.00975710402693597,2025-10-09,2025-10-09,6735.11,0.006974699706658871,2025-10-10,2025-10-10,6552.51,-0.020326054129052085,0.007747672857429055,-0.003811414362608012,0.005827608238179849,-0.002755518440207827,-0.027111658161485086,-0.027857893143904966,0.0047379268490532755,1.8802844396627254,37503.0,-0.10349904682957956,-1.9837834864922996,-2.0355458414769,-40179.0,0.29953269480049016,2.3350785362774076,-0.15526140181417514,-2676.0,0.17301019212681013,0.3282715939409684,0.15526140181417514,2676.0,-0.17301019212679947,-0.32827159394097727,0.003906728903215306,-0.0066009215873309435,0.007010582406114407,0.03026556187822016,0.03106544705358183,-0.023912828962122767,,50.0,S&P 500 Index x $50,334423.0,75612705877.0,120872511428.0,-45259805551.0,12541865769.0,8181658695.0,482579077460.0,466218769877.0,16360307583.0,-13436781717.0,-13822705859.0,568968564512.0,597868062480.0,-28899497968.0,-894915948.0,-5641047164.0,84854485482.0,55954987514.0,28899497968.0,894915948.0,5641047164.0
2025-10-07,S&P 500 Consolidated - CHICAGO MERCANTILE EXCHANGE,1965775,229997,372374,-142377,-7.242792282941843,11.70006740344139,18.942859686383233,35115,1.7863183731607126,1438103,1391383,46720,2.376670778700513,73.15705001844056,70.78037923974006,1703215,1798871,-95656,-4.866070633719525,86.64343579504266,91.5095064287622,262560,166905,95655,4.866019763197721,13.356564204957333,8.49054444175961,6714.59,2025-10-13,2025-10-13,6654.72,-0.008916404426778102,2025-10-14,2025-10-14,6644.31,-0.010466759697911554,2025-10-15,2025-10-15,6671.06,-0.006482897689955691,2025-10-16,2025-10-16,6629.07,-0.012736444071789976,2025-10-17,2025-10-17,6664.01,-0.007532850107005773,-0.008916404426778102,-0.0015643032313906735,0.004026001195007511,-0.0062943520220175575,0.005270724249404557,0.0013960016349297,0.003906728903215306,-0.32045977242308066,-7040.0,0.13536256813558545,0.4558223405586652,-0.12558232833664862,-2201.0,-0.6517698854200518,-0.5261875570834036,-0.44599123023792586,-9240.0,-0.3783607777795055,0.06763045245844523,0.4459403597161211,9239.0,0.3783607777794913,-0.06757958193663072,-0.010466759697911554,0.003091774777015388,0.02625625689729394,0.008483019812080883,0.03428802056417446,-0.014556361594676659,,50.0,S&P 500 Index x $50,335729.5,77216777811.5,125016936833.0,-47800159021.5,-2363535680.0,10484832285.0,482813601138.5,467128318898.5,15685282240.0,-738940629.5,-16117366106.5,571819520342.5,603934061394.5,-32114541052.0,-3102140580.0,-5632198092.0,88149137520.0,56034932197.5,32114205322.5,3101804850.5,5631862362.5
2025-10-14,S&P 500 Consolidated - CHICAGO MERCANTILE EXCHANGE,1943899,213179,379748,-166569,-8.568809387730536,10.96656770747863,19.535377095209164,37295,1.9185667568119538,1429466,1355782,73684,3.7905261538793944,73.53602219045331,69.74549603657391,1679940,1772825,-92885,-4.778283233851142,86.4211566547439,91.19943988859504,263959,171074,92885,4.778283233851142,13.578843345256105,8.800560111404964,6644.31,2025-10-20,2025-10-20,6735.13,0.013668838449741205,2025-10-21,2025-10-21,6735.35,0.013701949487606724,2025-10-22,2025-10-22,6699.4,0.008291304890951645,2025-10-23,2025-10-23,6738.44,0.014167009064899094,2025-10-24,2025-10-24,6791.69,0.02218138527552127,0.013668838449741205,3.266455138950519e-05,-0.005337510300132964,0.005827387527241212,0.007902422519158847,0.008397759211774547,-0.010466759697911554,-1.3260171047886926,-24192.0,-0.7334996959627595,0.5925174088259304,1.4138553751788816,26964.0,0.3789721720127517,-1.034883203166146,0.08778739986838335,2771.0,-0.22227914029876672,-0.3100665401671563,-0.0877365293465786,-2770.0,0.22227914029877205,0.3100156696453542,0.013701949487606724,0.0371114532585024,0.019150220263654205,0.028312947469338434,0.048075721933503957,0.04862355910546001,,50.0,S&P 500 Index x $50,332215.5,70821368074.5,126158171694.0,-55336803619.5,-8036957376.0,18729645459.0,474890761923.0,450411795021.0,24478966902.0,8957858742.0,-21225248295.0,558102107070.0,588959943787.5,-30857836717.5,920569150.5,-2495602836.0,87691271164.5,56833434447.0,30857836717.5,-920236935.0,2495270620.5
2025-10-21,S&P 500 Consolidated - CHICAGO MERCANTILE EXCHANGE,1900748,220956,364909,-143953,-7.573492119944358,11.62468670228773,19.19817882223209,42538,2.237961055331901,1377318,1325139,52179,2.745182422919819,72.46189394911899,69.71671152619916,1640812,1732587,-91775,-4.82836230789142,86.32454170673861,91.15290401463002,259935,168161,91774,4.828309697024539,13.675405682394508,8.84709598536997,6735.35,2025-10-27,2025-10-27,6875.16,0.020757644368889494,2025-10-28,2025-10-28,6890.89,0.023093083507167433,2025-10-29,2025-10-29,6890.59,0.023048542392006377,2025-10-30,2025-10-30,6822.34,0.01291543869286671,2025-10-31,2025-10-31,6840.2,0.015567119748788105,0.020757644368889494,0.0022879467532392894,-4.353574066628951e-05,-0.009904812214919234,0.0026178701149457417,-0.0050849725679111835,0.013701949487606724,0.9953172677861772,22616.0,0.6581189948091009,-0.33719827297707283,-1.0453437309595754,-21505.0,-1.0741282413343214,-0.028784510374748606,-0.050079074040278115,1110.0,-0.09661494800528203,-0.0465358739650128,0.05002646317339732,-1111.0,0.09656233713840301,0.04653587396500569,0.023093083507167433,0.005374627896100437,0.014413504866116922,-0.017523959408197176,0.009132413311854437,0.048796276362772506,,50.0,S&P 500 Index x $50,336767.5,74410799730.0,122889491657.5,-48478691927.5,7616333780.0,9728202772.5,463835939565.0,446263748182.5,17572191382.5,-7242185087.5,-12433792867.5,552572155210.0,583478992522.5,-30906837312.5,373811925.0,-2705926862.5,87537660112.5,56631159567.5,30906500545.0,-374148692.5,2705590095.0
2025-10-28,S&P 500 Consolidated - CHICAGO MERCANTILE EXCHANGE,1947747,218351,367205,-148854,-7.642368336339371,11.210439548873648,18.852807885213018,46333,2.378799710640037,1418371,1365718,52653,2.7032771710083496,72.82111075001015,70.11783357900178,1683055,1779256,-96201,-4.93909116533102,86.41035000952382,91.34944117485485,264692,168491,96201,4.93909116533102,13.589649990476177,8.650558825145154,6890.89,2025-11-03,2025-11-03,6851.97,-0.0056480367557746325,2025-11-04,2025-11-04,6771.55,-0.017318517637054165,2025-11-05,2025-11-05,6796.29,-0.013728270223440031,2025-11-06,2025-11-06,6720.32,-0.02475297095150275,2025-11-07,2025-11-07,6728.8,-0.023522360682001864,-0.0056480367557746325,-0.011736770592982726,0.0036535209811638936,-0.011178157494750818,0.0012618446740633171,-0.017975852200170173,0.023093083507167433,-0.06887621639501251,-4901.0,-0.4142471534140828,-0.34537093701907295,-0.04190525191146932,474.0,0.35921680089116137,0.40112205280262003,-0.11072885743960015,-4426.0,0.08580830278521034,0.19653716022482115,0.11078146830648095,4427.0,-0.08575569191833132,-0.19653716022481582,-0.017318517637054165,-0.00848366466450634,-0.03970024191359911,-0.018141343135647192,0.012728399379470678,0.03597648489527483,,50.0,S&P 500 Index x $50,344544.5,75231636119.5,126518463122.5,-51286827003.0,-1688612594.5,-4657208006.5,488691927009.5,470550625451.0,18141301558.5,163314093.0,1285840074.0,579887343447.5,613032868892.0,-33145525444.5,-1524953957.0,-3371367932.5,91198172794.0,58052647349.5,33145525444.5,1525298501.5,3371367932.5
2025-11-04,S&P 500 Consolidated - CHICAGO MERCANTILE EXCHANGE,1977017,219736,381342,-161606,-8.174234212452397,11.114522535719217,19.288756748171615,52814,2.6713983744196432,1434179,1370609,63570,3.2154503476702527,72.54257297736945,69.32712262969919,1706729,1804765,-98036,-4.958783864782144,86.3284938875083,91.28727775229044,270288,172252,98036,4.958783864782144,13.671506112491699,8.712722247709555,6771.55,2025-11-10,2025-11-10,6832.43,0.00899055607652599,2025-11-11,2025-11-11,6846.61,0.011084611351906082,2025-11-12,2025-11-12,6850.92,0.01172109782841435,2025-11-13,2025-11-13,6737.49,-0.005029867607859395,2025-11-14,2025-11-14,6734.11,-0.005529014775051633,0.00899055607652599,0.0020753963084874094,0.0006295086181336007,-0.016556900387101336,-0.0005016705034071034,-0.014390194996509398,-0.017318517637054165,-0.5318658761130264,-12752.0,-0.09591701315443046,0.4359488629585968,0.5121731766619031,10917.0,-0.27853777264070345,-0.7907109493025928,-0.01969269945112373,-1835.0,-0.08185612201552317,-0.0621634225644101,0.01969269945112373,1835.0,0.0818561220155214,0.062163422564401216,0.00899055607652599,-0.02277617384498387,-0.0008373267567987064,0.008538665445872784,0.021599190731811824,0.07201748491851934,,50.0,S&P 500 Index x $50,338577.5,74397665540.0,129113821005.0,-54716155465.0,-4317540280.0,-6510506747.5,485580740372.5,464057368697.5,21523371675.0,3696250567.5,5705030875.0,577860037997.5,611052821787.5,-33192783790.0,-621289712.5,-805814450.0,91513435320.0,58320651530.0,33192783790.0,621289712.5,806153027.5
2025-11-10,S&P 500 Consolidated - CHICAGO MERCANTILE EXCHANGE,2005108,225883,376703,-150820,-7.521789350000099,11.265378224015864,18.787167574015964,64291,3.206360954123169,1445075,1394132,50943,2.5406611514192754,72.06968402699505,69.52902287557578,1735248,1835126,-99878,-4.9811780712061395,86.54137333250877,91.52255140371491,269860,169983,99877,4.981128198580825,13.458626667491227,8.477498468910403,6832.43,2025-11-17,2025-11-17,6672.41,-0.023420657072227624,2025-11-18,2025-11-18,6617.32,-0.03148367418327014,2025-11-19,2025-11-19,6642.16,-0.027848071623126858,2025-11-20,2025-11-20,6538.76,-0.04298177954256388,2025-11-21,2025-11-21,6602.99,-0.03358102461349777,-0.023420657072227624,-0.008256387122493991,0.0037537855204221593,-0.01556722511953934,0.00982296337531885,-0.010404036922191495,0.00899055607652599,0.652444862452298,10786.0,0.1508556882966463,-0.5015891741556509,-0.6747891962509773,-12627.0,-0.47288895037439715,0.20190024587658684,-0.022394206423995477,-1842.0,0.21287944500046763,0.2352736514244782,0.022344333798680616,1841.0,-0.21287944500047118,-0.23522377879915268,-0.03148367418327014,-0.009740312011978225,-0.0004478640834959524,0.0011825953577278003,0.016008945572804967,0.08321051221893239,,50.0,S&P 500 Index x $50,341621.5,77166489284.5,128689843914.5,-51523354630.0,3684729499.0,5380197003.5,493668689112.5,476265465038.0,17403224074.5,-4313654680.5,-7768814531.5,592798024632.0,626918496809.0,-34120472177.0,-629266803.0,-2388959149.5,92189977990.0,58069847434.5,34120130555.5,628925181.5,2388617528.0
2025-11-18,S&P 500 Consolidated - CHICAGO MERCANTILE EXCHANGE,2064107,222977,363875,-140898,-6.826099615959831,10.802589206857977,17.62868882281781,75727,3.6687536062810695,1490852,1441700,49152,2.3812719011175294,72.22745720061992,69.8461852995024,1789556,1881302,-91746,-4.444827714842303,86.69880001375898,91.14362772860129,274550,182805,91745,4.444779267741449,13.301151539140172,8.85637227139872,6617.32,2025-11-24,2025-11-24,6705.12,0.013268211300042854,2025-11-25,2025-11-25,6765.88,0.022450176204263927,2025-11-26,2025-11-26,6812.61,0.029511947434913255,2025-11-27,2025-11-28,6849.09,0.035024753223359406,2025-11-28,2025-11-28,6849.09,0.035024753223359406,0.013268211300042854,0.009061731930226413,0.006906714278112958,0.005354775922884247,0.0,0.021471651514066936,-0.03148367418327014,0.6956897340402683,9922.0,-0.46278901715788656,-1.1584787511981531,-0.159389250301746,-1791.0,0.15777317362487508,0.317162423926618,0.5363503563638368,8132.0,0.15742668125021453,-0.3789236751136258,-0.5363489308393756,-8132.0,-0.15747512835105582,0.37887380248831803,0.022450176204263927,0.03204469483114014,0.03372815580930055,0.02764563297528322,0.03413768716036114,0.11126709906729615,,50.0,S&P 500 Index x $50,330866.0,73775508082.0,120393865750.0,-46618357668.0,3282852452.0,1010795630.0,493272237832.0,477009512200.0,16262725632.0,-592581006.0,-1001531382.0,592103235496.0,622458867532.0,-30355632036.0,2690602312.0,9595114.0,90839260300.0,60483959130.0,30355301170.0,-2690602312.0,-9595114.0
2025-11-25,S&P 500 Consolidated - CHICAGO MERCANTILE EXCHANGE,2100665,238788,385717,-146929,-6.994404152970607,11.367257511311895,18.3616616642825,80541,3.8340715916150363,1488287,1459422,28865,1.374088681441353,70.84837420531117,69.47428552386982,1807615,1925680,-118065,-5.620363075502281,86.04965570426508,91.67001877976736,293049,174985,118064,5.620315471529254,13.950296691761894,8.329981220232641,6765.88,2025-12-01,2025-12-01,6812.63,0.006909670286791902,2025-12-02,2025-12-02,6829.37,0.009383849550982148,2025-12-03,2025-12-03,6849.72,0.0123915883817034,2025-12-04,2025-12-04,6857.12,0.013485311592874805,2025-12-05,2025-12-05,6870.4,0.015448101355625576,0.006909670286791902,0.002457200816718297,0.002979777051177468,0.0010803361305278258,0.0019366731222436595,0.00847983818290432,0.022450176204263927,-0.1683045370107763,-6031.0,0.5646683044539174,0.7329728414646901,-1.0071832196761763,-20287.0,-1.3790829953087496,-0.3718997756325706,-1.1755353606599783,-26319.0,-0.6491443094939058,0.5263910511660725,1.1755362037878045,26319.0,0.6491451526217222,-0.5263910511660796,0.009383849550982148,0.011030346385096923,0.00508137891892857,0.021269960448603964,0.018355335891266034,0.11132919886252779,,50.0,S&P 500 Index x $50,338294.0,80780547672.0,130485746798.0,-49705199126.0,-2040251114.0,651215950.0,503478562378.0,493713706068.0,9764856310.0,-6862970378.0,-8047337672.0,611505308810.0,651445989920.0,-39940681110.0,-8903559786.0,-7396460016.0,99136718406.0,59196375590.0,39940342816.0,8903559786.0,7396121722.0
2025-12-02,S&P 500 Consolidated - CHICAGO MERCANTILE EXCHANGE,2102168,222060,410753,-188693,-8.976114183071953,10.56338028169014,19.539494464762093,74580,3.547765925463617,1512543,1445119,67424,3.2073554539884537,71.95157570660385,68.74422025261539,1809184,1930453,-121269,-5.7687587290834985,86.06276948369492,91.83152821277842,292985,171716,121269,5.7687587290834985,13.937278086242394,8.168519357158894,6829.37,2025-12-08,2025-12-08,6846.51,0.0025097483369622697,2025-12-09,2025-12-09,6840.51,0.001631189992634896,2025-12-10,2025-12-10,6886.68,0.008391696452235031,2025-12-11,2025-12-11,6901.0,0.010488522367363418,2025-12-12,2025-12-12,6827.41,-0.00028699572581369903,0.0025097483369622697,-0.0008763589040255981,0.006749496748049477,0.0020793764194066977,-0.010663671931604113,-0.0027897425111480523,0.009383849550982148,-1.981710030101346,-41764.0,-0.8038772296217545,1.1778328004795924,1.8332667725471006,38559.0,1.1032015012926735,-0.730065271254432,-0.14839565358121742,-3204.0,0.01311377942984393,0.16150943301106224,0.14844325755424492,3205.0,-0.01301860551950007,-0.16146186307374677,0.001631189992634896,-0.004262472233895642,0.011775610341803189,0.009791532747530196,-0.0018654722177887662,0.11427261958277257,,50.0,S&P 500 Index x $50,341468.5,75826495110.0,140259210780.5,-64432715670.5,-14261090434.0,-9249357259.5,516485789395.5,493462617251.5,23023172144.0,13166683891.5,1316019599.0,617779346704.0,659188890230.5,-41409543526.5,-1094065074.0,-7933337660.5,100045148472.5,58635604946.0,41409543526.5,1094406542.5,7933337660.5
2025-12-09,S&P 500 Consolidated - CHICAGO MERCANTILE EXCHANGE,2172273,222319,406201,-183882,-8.464958133715237,10.234395032300268,18.699353166015506,94823,4.3651511573361175,1568306,1505252,63054,2.9026738351947476,72.19654251560462,69.29386868040987,1885448,2006275,-120827,-5.562238263790969,86.796088705241,92.35832696903198,286826,165998,120828,5.562284298520489,13.203957329488514,7.641673030968023,6840.51,2025-12-15,2025-12-15,6816.51,-0.0035085103303701404,2025-12-16,2025-12-16,6800.26,-0.005884064199891514,2025-12-17,2025-12-17,6721.43,-0.01740805875585294,2025-12-18,2025-12-18,6774.76,-0.009611856425909782,2025-12-19,2025-12-19,6834.5,-0.0008785894618968948,-0.0035085103303701404,-0.0023839178699950336,-0.011592203827500702,0.007934323499612317,0.008818024549947179,0.002639180460382251,0.001631189992634896,0.5111560493567158,4811.0,-0.3289852493898717,-0.8401412987465875,-0.30468161879370603,-4370.0,0.24496680900077195,0.5496484277944802,0.2065204652925292,442.0,0.7333192215460826,0.5267987562535552,-0.2064744305630093,-441.0,-0.73332075675388,-0.5268463261908716,-0.005884064199891514,0.010127899820334907,0.008147053362980161,0.015248863023370918,-0.008629473533406262,0.07983907632618026,,50.0,S&P 500 Index x $50,342025.5,76038767134.5,138931100125.5,-62892332991.0,1645484680.5,-11308047081.0,536400643803.0,514834567926.0,21566075877.0,-1494651435.0,4142270830.5,644871294924.0,686197210012.5,-41325915088.5,151175271.0,-7165092199.5,98101806063.0,56775548949.0,41326257114.0,-150833245.5,7165776250.5
2025-12-16,S&P 500 Consolidated - CHICAGO MERCANTILE EXCHANGE,2504363,237159,396068,-158909,-6.3452862065123945,9.469833247017306,15.8151194535297,145317,5.802553383834532,1806482,1771278,35204,1.4057067605614681,72.13339280288041,70.72768604231895,2188957,2312663,-123706,-4.9396193762645435,87.40573950341863,92.34535887968318,315406,191700,123706,4.9396193762645435,12.594260496581366,7.654641120316823,6800.26,2025-12-22,2025-12-22,6878.49,0.011503971906956512,2025-12-23,2025-12-23,6909.79,0.01610673709534627,2025-12-24,2025-12-24,6932.05,0.01938014134753674,2025-12-25,2025-12-26,6929.94,0.01906985909362291,2025-12-26,2025-12-26,6929.94,0.01906985909362291,0.011503971906956512,0.004550417315428268,0.0032215161386959235,-0.0003043832632483312,0.0,0.007479839325200688,-0.005884064199891514,2.119671927202843,24973.0,-0.7645617852829627,-2.8842337124858055,-1.4969670746332795,-27850.0,-0.06314971272421133,1.4338173619090782,0.6226188875264258,-2879.0,0.6096507981776256,-0.012968089348802891,-0.6226649222559457,2878.0,-0.6096968329071473,0.012968089348800227,0.01610673709534627,0.014114166223056168,0.02125801072311928,0.024040257284280164,-0.01237746792034422,0.10456806063297575,,50.0,S&P 500 Index x $50,340013.0,80637143067.0,134668268884.0,-54031125817.0,8491144649.0,-6123974143.0,614227364266.0,602257546614.0,11969817652.0,-9469362050.0,-4742501324.0,744273836441.0,786335484619.0,-42061648178.0,-978897427.0,-10866815480.0,107242140278.0,65180492100.0,42061648178.0,978557414.0,10867155493.0
2025-12-23,S&P 500 Consolidated - CHICAGO MERCANTILE EXCHANGE,1923191,241445,323951,-82506,-4.290057513788282,12.55439527327239,16.84445278706067,25594,1.330809056406774,1383577,1431799,-48222,-2.507395261313099,71.9417364161958,74.4491316775089,1650616,1781345,-130729,-6.797504772016924,85.82694074587496,92.62444551789187,272575,141847,130728,6.797452775101381,14.173059254125045,7.375606479023665,6909.79,2025-12-29,2025-12-29,6905.74,-0.0005861249039407213,2025-12-30,2025-12-30,6896.24,-0.0019609857897273653,2025-12-31,2025-12-31,6845.5,-0.009304190141813273,2026-01-01,2026-01-02,6858.47,-0.007427143227218158,2026-01-02,2026-01-02,6858.47,-0.007427143227218158,-0.0005861249039407213,-0.0013756671985912794,-0.0073576325649918894,0.0018946753341611,0.0,-0.0068450303660432255,0.01610673709534627,2.0552286927241123,76403.0,3.0845620262550835,1.0293333335309711,-3.9131020218745673,-83426.0,-0.19165638668461327,3.7214456351899514,-1.8578853957523807,-7023.0,-1.578798757543666,0.27908663820869606,1.8578333988368376,7022.0,1.5787987575436784,-0.27903464129315836,-0.0019609857897273653,0.005069618613590343,0.007807762609283397,-0.016343477877041157,-0.05114771939523488,0.06594556419225484,,50.0,S&P 500 Index x $50,345489.5,83416712327.5,111921669014.5,-28504956687.0,26396434268.5,22257470058.5,478011325941.5,494671520610.5,-16660194669.0,-28822807027.0,-26632749086.5,570270496532.0,615435993377.5,-45165496845.5,-2426372758.5,-4375279028.0,94171800462.5,49006649106.5,45165151356.0,2426027269.0,4375279028.0
2025-12-30,S&P 500 Consolidated - CHICAGO MERCANTILE EXCHANGE,1949403,226425,320988,-94563,-4.850869727808975,11.615094467383091,16.46596419519207,48355,2.480503005279052,1403461,1431420,-27959,-1.4342339680404719,71.99440033692366,73.42863430496413,1678242,1800762,-122520,-6.2850011003368715,86.0900491073421,92.37505020767897,271162,148641,122521,6.285052398093159,13.910002190414195,7.6249497923210345,6896.24,2026-01-05,2026-01-05,6902.05,0.0008424880804613899,2026-01-06,2026-01-06,6944.82,0.007044418407712083,2026-01-07,2026-01-07,6920.93,0.003580211825574553,2026-01-08,2026-01-08,6921.46,0.003657065299351503,2026-01-09,2026-01-09,6966.28,0.010156259062909623,0.0008424880804613899,0.006196709673212952,-0.0034399739662078765,7.65793036485718e-05,0.006475512391894256,0.00930593084663256,-0.0019609857897273653,-0.560812214020693,-12057.0,-0.9393008058892978,-0.37848859186860295,1.073161293272627,20263.0,0.0526639207278663,-1.0204973725447672,0.5125036716800526,8209.0,0.26310836146713257,-0.24939531021290406,-0.5124003770082224,-8207.0,-0.2630570637108498,0.24934331329736992,0.007044418407712083,0.009787942414997142,-0.014410751365961705,0.011942739811839687,-0.05332181014581849,0.08745635302715682,,50.0,S&P 500 Index x $50,344812.0,78074057100.0,110680514256.0,-32606457156.0,-4157398284.0,32457153560.0,483930194332.0,493570793040.0,-9640598708.0,6986925556.0,-32889202996.0,578677980504.0,620924346744.0,-42246366240.0,2830561708.0,-431359812.0,93499911544.0,51253200492.0,42246711052.0,-2829872084.0,431704624.0
2026-01-06,S&P 500 Consolidated - CHICAGO MERCANTILE EXCHANGE,1959833,229031,334753,-105722,-5.394439220076404,11.686250818309519,17.080690038385924,46975,2.396887898101522,1411571,1439328,-27757,-1.4162941434295677,72.0250654009806,73.44135954441016,1687577,1821056,-133479,-6.810733363505972,86.10820411739164,92.91893748089761,272256,138777,133479,6.810733363505972,13.891795882608365,7.081062519102393,6944.82,2026-01-12,2026-01-12,6977.27,0.00467254730864175,2026-01-13,2026-01-13,6963.74,0.0027243326680892466,2026-01-14,2026-01-14,6926.6,-0.002623538119058466,2026-01-15,2026-01-15,6944.47,-5.03972745152792e-05,2026-01-16,2026-01-16,6940.01,-0.0006926025440543437,0.00467254730864175,-0.0019391538524380358,-0.0053333409920530706,0.002579909335027164,-0.000642237636565457,-0.005340197527113122,0.007044418407712083,-0.5435694922674292,-11159.0,0.07115635092642769,0.614725843193856,0.017939824610904154,202.0,0.030665064056933033,0.012725239446027103,-0.5257322631691004,-10959.0,0.01815501004954001,0.5438872732186439,0.5256809654128132,10958.0,-0.01820630780582988,-0.5438872732186413,0.0027243326680892466,-0.02130508782085061,0.004864056951800144,-0.0038892296704593488,-0.047225126065182255,0.08049596677811666,,50.0,S&P 500 Index x $50,347241.0,79528953471.0,116239966473.0,-36711013002.0,-3874862319.0,27140356560.0,490155325611.0,499793694048.0,-9638368437.0,70142682.0,-31533302451.0,585995925057.0,632345306496.0,-46349381439.0,-3805414119.0,-4393293132.0,94538445696.0,48189064257.0,46349381439.0,3805066878.0,4392945891.0
2026-01-13,S&P 500 Consolidated - CHICAGO MERCANTILE EXCHANGE,1923938,248451,370047,-121596,-6.320162084225167,12.913669775221448,19.233831859446614,45956,2.3886424614514605,1354429,1368963,-14534,-0.7554297487756882,70.39878623947341,71.1542159882491,1648837,1784966,-136129,-7.075539856273955,85.70115045287322,92.77669030914718,275101,138972,136129,7.075539856273955,14.29884954712678,7.223309690852823,6963.74,2026-01-19,2026-01-20,6796.86,-0.02396413421523491,2026-01-20,2026-01-20,6796.86,-0.02396413421523491,2026-01-21,2026-01-21,6875.62,-0.012654119768974681,2026-01-22,2026-01-22,6913.35,-0.007236054189271757,2026-01-23,2026-01-23,6915.61,-0.006911515938274548,-0.02396413421523491,0.0,0.011587703733783039,0.005487505126810399,0.0003269037442048539,0.017471302925174292,0.0027243326680892466,-0.9257228641487627,-15874.0,1.2274189569119294,2.1531418210606894,0.6608643946538795,13223.0,-1.6262791615071848,-2.2871435561610554,-0.26480649276798296,-2650.0,-0.40705366451841485,-0.14224717175042656,0.26480649276798296,2650.0,0.40705366451841485,0.1422471717504301,-0.02396413421523491,0.002133910800805383,-0.006595593747038109,-0.003149169842641908,0.0005227076255001073,0.0832670375401725,,50.0,S&P 500 Index x $50,348187.0,86507408337.0,128845554789.0,-42338146452.0,-5527120438.0,12991901531.0,471594570223.0,476655120081.0,-5060549858.0,4604076701.0,-17318125006.0,574103608519.0,621501956642.0,-47398348123.0,-922695550.0,-4325527101.0,95786591887.0,48388243764.0,47398348123.0,922695550.0,4325527101.0
2026-01-20,S&P 500 Consolidated - CHICAGO MERCANTILE EXCHANGE,1944353,245253,328095,-82842,-4.2606460863845195,12.613604628377667,16.874250714762184,54499,2.8029375324336683,1366564,1406175,-39611,-2.0372329510124962,70.28373962958372,72.32097258059622,1666315,1788769,-122454,-6.297930468387171,85.70023035940491,91.99816082779208,278038,155584,122454,6.297930468387171,14.299769640595098,8.001839172207928,6796.86,2026-01-26,2026-01-26,6950.23,0.02256483140744403,2026-01-27,2026-01-27,6978.6,0.026738817630494127,2026-01-28,2026-01-28,6978.03,0.026654955376453238,2026-01-29,2026-01-29,6969.01,0.025327871987947503,2026-01-30,2026-01-30,6939.03,0.020917011678922348,0.02256483140744403,0.004081879304713709,-8.16782735792998e-05,-0.0012926284352460238,-0.004301902278802894,-0.0016114574625587519,-0.02396413421523491,2.0595159978406476,38754.0,-0.3000651468437816,-2.35958114468443,-1.281803202236808,-25077.0,-0.11504660988968851,1.166756592347113,0.777609387886784,13675.0,-0.0009200934683093465,-0.7785294813551076,-0.777609387886784,-13675.0,0.0009200934683182282,0.7785294813551049,0.026738817630494127,0.017794981800419718,0.02132602407582329,0.006820796661988204,0.039304914328086804,0.10480427726920971,,50.0,S&P 500 Index x $50,339843.0,83347515279.0,111500789085.0,-28153273806.0,13170275622.0,-114187248.0,464417209452.0,477878730525.0,-13461521073.0,-8522242911.0,2926388073.0,566285488545.0,607900623267.0,-41615134722.0,4647353025.0,2812200825.0,94489268034.0,52874133312.0,41615134722.0,-4647353025.0,-2811860982.0
2026-01-27,S&P 500 Consolidated - CHICAGO MERCANTILE EXCHANGE,1915990,244723,342470,-97747,-5.1016445806084585,12.77266582810975,17.87431040871821,41099,2.145052949128127,1350410,1375576,-25166,-1.3134724085198775,70.4810567904843,71.79452919900417,1636232,1759144,-122912,-6.415064796789127,85.39877556772217,91.81384036451131,279758,156846,122912,6.415064796789127,14.60122443227783,8.186159635488703,6978.6,2026-02-02,2026-02-02,6976.44,-0.0003095176683003409,2026-02-03,2026-02-03,6917.81,-0.008710916229616283,2026-02-04,2026-02-04,6882.72,-0.013739145387327012,2026-02-05,2026-02-05,6798.4,-0.025821798068380586,2026-02-06,2026-02-06,6932.3,-0.006634568538102181,-0.0003095176683003409,-0.008403999747722213,-0.005072414535814085,-0.01225097054652824,0.01969581077900684,-0.006327009190933985,0.026738817630494127,-0.840998494223939,-14905.0,0.15906119973208277,1.0000596939560253,0.7237605424926188,14445.0,0.1973171609005817,-0.5264433815920455,-0.11713432840195637,-458.0,-0.3014547916827439,-0.1843204632807698,0.11713432840195637,458.0,0.3014547916827315,0.18432046328077512,-0.008710916229616283,-0.005271831026280371,-0.019399306451150622,-0.012685925543805432,0.02295589373226714,,,50.0,S&P 500 Index x $50,348930.0,85391196390.0,119498057100.0,-34106860710.0,-5200801650.0,-1110993120.0,471198561300.0,479979733680.0,-8781172380.0,5040293850.0,974561490.0,570930431760.0,613818115920.0,-42887684160.0,-159809940.0,-136780560.0,97615958940.0,54728274780.0,42887684160.0,159809940.0,136431630.0
2026-02-03,S&P 500 Consolidated - CHICAGO MERCANTILE EXCHANGE,1949539,244946,374275,-129329,-6.633824714458136,12.56430366358406,19.198128378042192,46001,2.3595834707589844,1385081,1371743,13338,0.684161742853054,71.0465910145937,70.36242927174065,1676028,1792019,-115991,-5.949662971605082,85.97047814893675,91.92014112054183,273512,157520,115992,5.949714265782833,14.029573145241002,8.07985887945817,6917.81,2026-02-09,2026-02-09,6964.82,0.006795503201157516,2026-02-10,2026-02-10,6941.81,0.003469306037604314,2026-02-11,2026-02-11,6941.47,0.003420157535404922,2026-02-12,2026-02-12,6832.76,-0.01229435327076056,2026-02-13,2026-02-13,6836.17,-0.011801422704584286,0.006795503201157516,-0.003303746543341979,-4.897858051433612e-05,-0.015660947897203292,0.0004990662631205733,-0.01847140342463982,-0.008710916229616283,-1.5321801338496774,-31582.0,-0.20836216452569012,1.3238179693239829,1.9976341513729314,38504.0,0.565534224109399,-1.432099927263522,0.4654018251840455,6921.0,0.5717025812145806,0.10630075603052092,-0.465350531006294,-6920.0,-0.5716512870368273,-0.10630075603053335,0.003469306037604314,-0.010782314056038023,-0.004009939561797848,-0.014626016036867195,0.04935232392910471,,,50.0,S&P 500 Index x $50,345890.5,84724494413.0,129458166887.5,-44733672474.5,-10923913771.0,-8165437033.5,479086359630.5,474472872141.5,4613487489.0,13318167812.0,14214370097.5,579722162934.0,619842347919.5,-40120184985.5,2393908150.5,6048933064.0,94605202436.0,54484671560.0,40120530876.0,-2393562260.0,-6048587173.5
2026-02-10,S&P 500 Consolidated - CHICAGO MERCANTILE EXCHANGE,1955058,240164,340878,-100714,-5.151458422205377,12.28423913766241,17.435697559867787,55742,2.8511686098315243,1387239,1397854,-10615,-0.5429506439195154,70.956411523341,71.49936216726051,1683144,1794474,-111330,-5.694460215502558,86.09176812145726,91.78622833695982,271914,160584,111330,5.694460215502558,13.908231878542734,8.213771663040175,6941.81,2026-02-16,2026-02-17,6843.22,-0.014202347802662385,2026-02-17,2026-02-17,6843.22,-0.014202347802662385,2026-02-18,2026-02-18,6881.31,-0.008715306238574638,2026-02-19,2026-02-19,6861.89,-0.011512847513832858,2026-02-20,2026-02-20,6909.51,-0.004652965148858934,-0.014202347802662385,0.0,0.005566093154976803,-0.0028221370640183485,0.00693977898217546,0.009686960232171415,0.003469306037604314,1.4823662922527587,28615.0,-0.28006452592164877,-1.7624308181744048,-1.2271123867725695,-23953.0,-0.09017949125269809,1.1369328955198625,0.2552027561025234,4661.0,0.12128997252051477,-0.1339127835820051,-0.2552540502802749,-4662.0,-0.12134126669826806,0.1339127835820051,-0.014202347802662385,-0.007453387517088572,-0.01803276090817818,-0.023096281805465857,0.06614269189159594,,,50.0,S&P 500 Index x $50,347090.5,83358642842.0,118315515459.0,-34956872617.0,9931994657.5,7247943821.0,481497478129.5,485181843787.0,-3684365657.5,-8313858746.5,1360247669.5,584203292532.0,622844877897.0,-38641585365.0,1617788820.5,8607497309.5,94378766217.0,55737180852.0,38641585365.0,-1618135911.0,-8607497309.5
2026-02-17,S&P 500 Consolidated - CHICAGO MERCANTILE EXCHANGE,1987373,195857,369091,-173234,-8.71673309439144,9.85506998434617,18.57180307873761,54257,2.7300864004894905,1453707,1402167,51540,2.5933732620902066,73.14716462385269,70.55379136176249,1703821,1825515,-121694,-6.123359832301234,85.73232100868834,91.85568084098958,283552,161858,121694,6.123359832301234,14.267678991311646,8.144319159010411,6843.22,2026-02-23,2026-02-23,6837.75,-0.0007993313089452725,2026-02-24,2026-02-24,6890.07,0.006846192289594599,2026-02-25,2026-02-25,6946.13,0.01503824223099648,2026-02-26,2026-02-26,6908.86,0.009591975707342382,2026-02-27,2026-02-27,6878.88,0.0052109971621545625,-0.0007993313089452725,0.007651639793791798,0.008136346945676998,-0.005365577666988752,-0.00433935555214604,0.006015136558078282,-0.014202347802662385,-3.565274672186063,-72520.0,-2.4291691533162414,1.1361055188698224,3.136323906009722,62155.0,2.190753100511685,-0.9455708054980221,-0.4288996167986756,-10364.0,-0.35944711276891894,0.06945250402975489,0.4288996167986756,10364.0,0.35944711276891184,-0.06945250402976377,0.006846192289594599,-0.003885597715695299,-0.009022068558368845,-0.018577511756161624,0.07458331019607711,,,50.0,S&P 500 Index x $50,342161.0,67014626977.0,126288545651.0,-59273918674.0,-24813515720.0,-30928617112.0,497401840827.0,479766862887.0,17634977940.0,21267016955.0,31188317311.0,582981097181.0,624620037915.0,-41638940734.0,-3546156604.0,260042360.0,97020435872.0,55381495138.0,41638940734.0,3546156604.0,-260042360.0
2026-02-24,S&P 500 Consolidated - CHICAGO MERCANTILE EXCHANGE,2038108,200838,388452,-187614,-9.205302172406958,9.854139231090796,19.059441403497754,49027,2.405515311259266,1514156,1440600,73556,3.609033476145523,74.29223574020611,70.68320226406058,1764021,1878079,-114058,-5.5962686962614345,86.55189028255617,92.1481589788176,274087,160029,114058,5.5962686962614345,13.448109717443826,7.85184102118239,6890.07,2026-03-02,2026-03-02,6881.62,-0.0012264026345160106,2026-03-03,2026-03-03,6816.63,-0.0106588176898057,2026-03-04,2026-03-04,6869.5,-0.00298545588070942,2026-03-05,2026-03-05,6830.71,-0.008615297086967177,2026-03-06,2026-03-06,6740.02,-0.021777717788063033,-0.0012264026345160106,-0.009443997198334109,0.007756031939536001,-0.005646699177523806,-0.013276804314631963,-0.020576550289030715,0.006846192289594599,-0.48856907801551763,-14380.0,-0.0009307532553730624,0.48763832476014457,1.0156602140553166,22016.0,1.1450711163534208,0.1294109022980905,0.5270911360397994,7636.0,0.8195692738678275,0.29247813782802723,-0.5270911360397994,-7636.0,-0.8195692738678204,-0.292478137828021,-0.0106588176898057,-0.01576036237657963,-0.025250831994449885,-0.04843201883290005,0.09129805647838118,,,50.0,S&P 500 Index x $50,344503.5,69189393933.0,133823073582.0,-64633679649.0,-4953960330.0,-30959496034.5,521632041546.0,496291742100.0,25340299446.0,7584589056.0,34010074527.0,607711408573.5,647004788776.5,-39293380203.0,2630628726.0,3050233989.0,94423930804.5,55130550601.5,39293380203.0,-2630628726.0,-3050233989.0
2026-03-03,S&P 500 Consolidated - CHICAGO MERCANTILE EXCHANGE,2085416,207493,372947,-165454,-7.93386067815726,9.949717466443147,17.883578144600406,51430,2.4661746145613153,1563860,1486757,77103,3.697247935184155,74.99031368321715,71.293065748033,1822783,1911134,-88351,-4.236612742973104,87.40620576422162,91.64281850719472,262633,174282,88351,4.236612742973104,12.593794235778377,8.357181492805273,6816.63,2026-03-09,2026-03-09,6795.99,-0.0030278891475700176,2026-03-10,2026-03-10,6781.48,-0.005156506954316242,2026-03-11,2026-03-11,6775.8,-0.005989763270120241,2026-03-12,2026-03-12,6672.62,-0.021126275006858264,2026-03-13,2026-03-13,6632.19,-0.027057358254738872,-0.0030278891475700176,-0.0021350826001804712,-0.0008375752785526602,-0.015227722187786008,-0.006059089233314663,-0.02410244864986566,-0.0106588176898057,1.2714414942496974,22160.0,0.09557823535235066,-1.1758632588973477,0.08821445903863179,3547.0,0.6980779430110431,0.6098634839724184,1.35965595328833,25707.0,0.8543154816654521,-0.5053404716228869,-1.35965595328833,-25707.0,-0.8543154816654486,0.5053404716228824,-0.005156506954316242,-0.014749223589955784,-0.03818015647027928,-0.042265753018720376,0.11635514909860145,,,50.0,S&P 500 Index x $50,340831.5,70720150429.5,127112085430.5,-56391935001.0,7552826040.0,-12312537937.5,533012749590.0,506733618445.5,26279131144.5,1208929330.5,21733120597.5,621261864064.5,651374667921.0,-30112803856.5,8761755370.5,9420582660.0,89513599339.5,59400795483.0,30112803856.5,-8761755370.5,-9420923491.5
2026-03-10,S&P 500 Consolidated - CHICAGO MERCANTILE EXCHANGE,2023096,196936,333111,-136175,-6.731020178973217,9.734387295511434,16.46540747448465,61077,3.01898674111362,1495868,1431561,64307,3.1786430302862545,73.9395461213902,70.76090309110393,1753882,1825749,-71867,-3.5523277194952687,86.69296958720693,90.2452973067022,269215,197347,71868,3.552377148686963,13.30707984198476,9.754702693297796,6781.48,2026-03-16,2026-03-16,6699.38,-0.012106501825560168,2026-03-17,2026-03-17,6716.09,-0.009642437933902293,2026-03-18,2026-03-18,6624.7,-0.023118847213292604,2026-03-19,2026-03-19,6606.49,-0.025804101759497877,2026-03-20,2026-03-20,6506.48,-0.04055162000035395,-0.012106501825560168,0.002494260662927017,-0.013607619909798752,-0.0027488037194136616,-0.015138144460977054,-0.028793709268619017,-0.005156506954316242,1.2028404991840436,29279.0,-0.21533017093171303,-1.4181706701157566,-0.5186049048979005,-12796.0,-1.0507675618269587,-0.5321626569290743,0.6842850234778357,16484.0,-0.7132361770146929,-1.3975212004925197,-0.6842355942861413,-16483.0,0.7132856062063819,1.3975212004925233,-0.009642437933902293,-0.033194818830107886,-0.03730159198287086,-0.024276411638757156,0.08923863227496054,,,50.0,S&P 500 Index x $50,339074.0,66775877264.0,112949279214.0,-46173401950.0,9927747646.0,-12023903114.0,507209946232.0,485405114514.0,21804831718.0,-4338790904.0,25404102228.0,594695785268.0,619064016426.0,-24368231158.0,5589295816.0,13380877262.0,91283806910.0,66915236678.0,24368570232.0,-5588956742.0,-13380538188.0
2026-03-17,S&P 500 Consolidated - CHICAGO MERCANTILE EXCHANGE,2359720,204277,316829,-112552,-4.769718441170986,8.656832166528233,13.42655060769922,112902,4.784550709406201,1752404,1727401,25003,1.0595748648144694,74.26321766989304,73.20364280507857,2069583,2157132,-87549,-3.710143576356517,87.70460054582747,91.41474412218399,290138,202589,87549,3.710143576356517,12.295441832081773,8.585298255725256,6716.09,2026-03-23,2026-03-23,6581.0,-0.020114382028829314,2026-03-24,2026-03-24,6556.37,-0.02378169440850264,2026-03-25,2026-03-25,6591.9,-0.018491413903029996,2026-03-26,2026-03-26,6477.16,-0.03557575910983923,2026-03-27,2026-03-27,6368.85,-0.05170270201858518,-0.020114382028829314,-0.003742592311198889,0.005419157247074091,-0.01740621065246739,-0.016721834878249076,-0.032236742136453334,-0.009642437933902293,1.9613017378022306,23623.0,-1.0775551289832013,-3.03885686678543,-2.119068165471785,-39304.0,0.3236715485028441,2.442739713974646,-0.15781585686124844,-15682.0,1.0116309586205432,1.1694468154817912,0.15776642766955407,15681.0,-1.0116380099029865,-1.16940443757254,-0.02378169440850264,-0.027928452417999128,-0.014776454752690849,0.037416115626800694,0.11841115887369003,,,50.0,S&P 500 Index x $50,335804.5,68597135846.5,106392603930.5,-37795468084.0,7932709703.5,20377288669.0,588465149018.0,580069029104.5,8396119913.5,-13198460068.0,-8911244016.5,694975284523.5,724374632694.0,-29399348170.5,-5266086169.0,11466044652.5,97429646021.0,68030297850.5,29399348170.5,5265750364.5,-11466044652.5
2026-03-24,S&P 500 Consolidated - CHICAGO MERCANTILE EXCHANGE,1897311,213588,291431,-77843,-4.1028065509555365,11.257405876000297,15.360212426955833,32365,1.7058352584262675,1395240,1399006,-3766,-0.1984914439435601,73.53775949224982,73.73625093619339,1641192,1722802,-81610,-4.301350701071147,86.50094792050433,90.80229862157549,256119,174510,81609,4.301297994899097,13.499052079495666,9.197754084596568,6556.37,2026-03-30,2026-03-30,6343.72,-0.03243410606783936,2026-03-31,2026-03-31,6528.52,-0.0042477773524067786,2026-04-01,2026-04-01,6575.32,0.002890318880722109,2026-04-02,2026-04-02,6582.69,0.004014416514016128,2026-04-03,2026-04-06,6611.83,0.008458949083105516,-0.03243410606783936,0.029131172245937753,0.007168546623124161,0.0011208579962647125,0.0044267617038020735,0.04226384518862747,-0.02378169440850264,0.6669118902154496,34709.0,2.600573709472064,1.9336618192566135,-1.2580663087580295,-28769.0,-0.725458177643219,0.532608131114813,-0.59120712471463,5939.0,-1.2036526253231443,-0.6124455006085014,0.5911544185425801,-5940.0,1.2036102474138932,0.6124558288713118,-0.0042477773524067786,0.009224616670505226,0.06268865240979382,0.07742699085011995,0.12340517695005015,,,50.0,S&P 500 Index x $50,327818.5,70018097778.0,95536473273.5,-25518375495.5,11378252316.5,35984964563.5,457385483940.0,458620048411.0,-1234564471.0,-9431010426.5,-25347582057.0,538013099652.0,564766367437.0,-26753267785.0,1946914071.5,10637054688.0,83960546401.5,57207606435.0,26752939966.5,-1947241890.0,-10637382506.5
2026-03-31,S&P 500 Consolidated - CHICAGO MERCANTILE EXCHANGE,1966743,239619,278406,-38787,-1.972143793062947,12.183544062442323,14.155687855505269,44242,2.249505909007939,1432260,1463631,-31371,-1.5950736827333314,72.82395310419307,74.4190267869264,1716121,1786279,-70158,-3.5672174757962782,87.25700307564334,90.82422055143962,250622,180464,70158,3.5672174757962782,12.742996924356664,9.175779448560387,6528.52,2026-04-06,2026-04-06,6611.83,0.01276093203360018,2026-04-07,2026-04-07,6616.85,0.013529865880781644,2026-04-08,2026-04-08,6782.81,0.038950635059707306,2026-04-09,2026-04-09,6824.66,0.04536097002077022,2026-04-10,2026-04-10,6816.89,0.04417080747244406,0.01276093203360018,0.0007592451711553316,0.025081420917808295,0.006170009184983671,-0.001138518255854426,0.03101410653328962,-0.0042477773524067786,2.1306627578925896,39056.0,0.9261381864420262,-1.2045245714505644,-1.3965822387897713,-27605.0,-0.7138063880567529,0.6827758507330088,0.7341332252748689,11452.0,0.7560551551390091,0.02192192986413488,-0.734080519102819,-11451.0,-0.756055155139002,-0.02197463603618033,0.013529865880781644,0.06722197373983674,0.08202318442771106,0.093479073358127,0.14870751717081343,,,50.0,S&P 500 Index x $50,326426.0,78217871694.0,90878956956.0,-12661085262.0,12748893856.0,41347402142.0,467526902760.0,477767212806.0,-10240310046.0,-9010989730.0,-35408733924.0,560186513546.0,583087908854.0,-22901395308.0,3738230552.0,5938668218.0,81809536972.0,58908141664.0,22901395308.0,-3737904126.0,-5938668218.0
2026-04-07,S&P 500 Consolidated - CHICAGO MERCANTILE EXCHANGE,1948342,230957,274065,-43108,-2.212547899701387,11.854027680971821,14.066575580673208,48171,2.4724098746523966,1420144,1434434,-14290,-0.7334441283922433,72.889872517248,73.62331664564024,1699272,1756670,-57398,-2.94599202809363,87.21631007287222,90.16230210096585,249070,191672,57398,2.94599202809363,12.783689927127783,9.837697899034154,6616.85,2026-04-13,2026-04-13,6886.24,0.0407127258438682,2026-04-14,2026-04-14,6967.38,0.05297535836538536,2026-04-15,2026-04-15,7022.95,0.061373614333104065,2026-04-16,2026-04-16,7041.28,0.06414381465500951,2026-04-17,2026-04-17,7126.06,0.076956557878749,0.0407127258438682,0.011782917818722538,0.007975738369372598,0.0026100143102256723,0.012040424468278577,0.034825971793025046,0.013529865880781644,-0.24040410663843992,-4321.0,-0.32951638147050133,-0.08911227483206119,0.8616295543410881,17081.0,0.0659194130549281,-0.7957101412861505,0.6212254477026482,12760.0,-0.0406930027711212,-0.6619184504737774,-0.6212254477026482,-12760.0,0.040693002771119424,0.6619184504737667,0.05297535836538536,0.0675789839576233,0.07888194533652726,0.09708093730400424,0.13405170133825006,,,50.0,S&P 500 Index x $50,330842.5,76410391272.5,90672349762.5,-14261958490.0,-1429570442.5,30790518947.5,469843991320.0,474571730645.0,-4727739325.0,5651120742.5,-26003227972.5,562191396660.0,581181094475.0,-18989697815.0,4221550300.0,4786960132.5,82402941475.0,63413243660.0,18989697815.0,-4221550300.0,-4787290975.0
2026-04-14,S&P 500 Consolidated - CHICAGO MERCANTILE EXCHANGE,1980961,233239,348126,-114887,-5.799558900957667,11.774032906251056,17.573591807208725,43696,2.2057980949650196,1455153,1404033,51120,2.580565695134836,73.45692318021405,70.87635748507921,1732088,1795855,-63767,-3.21899320582283,87.43675418143012,90.65574738725294,248873,185106,63767,3.21899320582283,12.563245818569877,9.344252612747045,6967.38,2026-04-20,2026-04-20,7109.14,0.02034624205942559,2026-04-21,2026-04-21,7064.01,0.01386891485752173,2026-04-22,2026-04-22,7137.9,0.02447404906865991,2026-04-23,2026-04-23,7108.4,0.02024003283874265,2026-04-24,2026-04-24,7165.08,0.028375085039139547,0.02034624205942559,-0.006348165882230528,0.010460064467632257,-0.004132868210538154,0.007973664959765925,0.007868743617371443,0.05297535836538536,-3.58701100125628,-71779.0,-0.079994774720765,3.5070162265355176,3.314009823527079,65410.0,0.5670506629660537,-2.7469591605610333,-0.2730011777292001,-6369.0,0.2204441085578992,0.4934452862870984,0.2730011777292001,6369.0,-0.2204441085579063,-0.49344528628710904,0.01386891485752173,0.024603222445165995,0.04188662022166145,0.06222999176160915,0.08270110141832365,,,50.0,S&P 500 Index x $50,348369.0,81253237191.0,121276306494.0,-40023069303.0,-25005578451.0,-813441615.0,506930195457.0,489121572177.0,17808623280.0,22786816290.0,9098353173.0,603405764472.0,625620210495.0,-22214446023.0,-2218762161.0,8284911558.0,86699638137.0,64485192114.0,22214446023.0,2218762161.0,-8284911558.0
2026-04-21,S&P 500 Consolidated - CHICAGO MERCANTILE EXCHANGE,1985777,230168,340125,-109957,-5.537227996899953,11.590828174563407,17.128056171463363,48163,2.42539821943753,1448688,1425930,22758,1.1460501355388848,72.95320672965796,71.80715659411908,1727020,1814218,-87198,-4.391127503239286,86.96948348178068,91.36061098501997,258757,171559,87198,4.391127503239286,13.030516518219319,8.63938901498003,7064.01,2026-04-27,2026-04-27,7173.91,0.01555773562041951,2026-04-28,2026-04-28,7138.8,0.010587470855788705,2026-04-29,2026-04-29,7135.95,0.010184017293293657,2026-04-30,2026-04-30,7209.01,0.02052658475851543,2026-05-01,2026-05-01,7230.12,0.023514972374048204,0.01555773562041951,-0.004894123288415875,-0.0003992267608001754,0.010238300436522074,0.0029282800273546794,0.007835336657415537,0.01386891485752173,0.26233090405771353,4930.0,-0.18320473168764906,-0.4455356357453617,-1.4345155595959511,-28362.0,-0.5037164505560838,0.9307991090398673,-1.1721342974164557,-23431.0,-0.4672706996494327,0.7048635977670301,1.1721342974164557,23431.0,0.46727069964944157,-0.7048635977670159,0.010587470855788705,0.027634445591101953,0.047699536099184536,0.040996544455627726,0.06302227771478242,,,50.0,S&P 500 Index x $50,353200.5,81295452684.0,120132320062.5,-38836867378.5,1741278465.0,-11342680857.0,511677325944.0,503639188965.0,8038136979.0,-10017472581.0,9368290062.0,609984327510.0,640782704709.0,-30798377199.0,-8275840915.5,-1973684394.0,91393101778.5,60594724579.5,30798377199.0,8275840915.5,1974037594.5
2026-04-28,S&P 500 Consolidated - CHICAGO MERCANTILE EXCHANGE,1982697,238327,338849,-100522,-5.069962783017274,12.020344006169374,17.09030678918665,52733,2.6596600489131723,1432748,1420083,12665,0.6387763737979126,72.26257970834676,71.62380333454885,1723808,1811665,-87857,-4.431186409219361,86.9425837634293,91.37377017264868,258889,171032,87857,4.431186409219361,13.05741623657069,8.62622982735133,7138.8,2026-05-04,2026-05-04,7200.75,0.008677929063708234,2026-05-05,2026-05-05,7259.22,0.016868381240544572,2026-05-06,2026-05-06,7365.12,0.03170280719448648,2026-05-07,2026-05-07,7337.11,0.027779178573429597,2026-05-08,2026-05-08,7398.93,0.0364388972936629,0.008677929063708234,0.00811998750130205,0.01458834420226962,-0.0038030609141467275,0.008425660784695976,0.027522133111134384,0.010587470855788705,0.46726521388267894,9435.0,0.4295158316059666,-0.03774938227671498,-0.5072737617409722,-10093.0,-0.6906270213112009,-0.1833532595702252,-0.04005890598007511,-659.0,-0.02689971835138749,0.01315918762870183,0.04005890598007511,659.0,0.026899718351371504,-0.013159187628700053,0.016868381240544572,0.03672325881100469,0.030090491399114683,0.05327506023421291,,,,50.0,S&P 500 Index x $50,356940.0,85068439380.0,120948762060.0,-35880322680.0,3367728900.0,-22035690900.0,511405071120.0,506884426020.0,4520645100.0,-3602595420.0,15718209840.0,615296027520.0,646655705100.0,-31359677580.0,-235223460.0,-6317481060.0,92407839660.0,61048162080.0,31359677580.0,235223460.0,6317481060.0
2026-05-05,S&P 500 Consolidated - CHICAGO MERCANTILE EXCHANGE,2008969,254889,353470,-98581,-4.90704435956951,12.687552670051156,17.594597029620665,47660,2.3723611464387955,1446436,1427702,18734,0.9325181224797396,71.99892083949528,71.06640271701554,1748986,1828832,-79846,-3.974476460313723,87.05888443276129,91.03336089307501,259984,180137,79847,3.9745262370897714,12.941165344014765,8.966639106924996,7259.22,2026-05-11,2026-05-11,7412.84,0.021162053223348964,2026-05-12,2026-05-12,7400.96,0.019525513760431545,2026-05-13,2026-05-13,7444.25,0.025488964379092982,2026-05-14,2026-05-14,7501.24,0.033339670102297436,2026-05-15,2026-05-15,7408.5,0.020564192847165375,0.021162053223348964,-0.001602624635092642,0.0058492411795225685,0.007655573093326984,-0.01236328926950736,-0.0005854706158503475,0.016868381240544572,0.1629184234477643,1941.0,0.667208663881782,0.5042902404340168,0.293741748681827,6069.0,-0.26365886885147916,-0.5574006175333182,0.4567099489056381,8011.0,0.11630066933199146,-0.34040927957366307,-0.45666017212958954,-8010.0,-0.11625089255592513,0.3404092795736666,0.019525513760431545,0.013002774402759432,0.03580274464749644,0.04829168974077103,,,,50.0,S&P 500 Index x $50,362961.0,92514766329.0,128295824670.0,-35781058341.0,704507301.0,-20134535553.0,524999856996.0,518200145622.0,6799711374.0,2202810309.0,11986424064.0,634813707546.0,663794691552.0,-28980984006.0,2907680571.0,-8147748528.0,94364052624.0,65382705657.0,28981346967.0,-2907317610.0,8148111489.0
2026-05-12,S&P 500 Consolidated - CHICAGO MERCANTILE EXCHANGE,2078428,266045,404950,-138905,-6.683175938738316,12.8002990721834,19.483475010921715,46067,2.216434728554465,1498321,1449158,49163,2.365393460827125,72.08914622012405,69.72375275929693,1810433,1900175,-89742,-4.31778247791119,87.10588002086193,91.42366249877311,267996,178254,89742,4.31778247791119,12.894168092423698,8.576385614512507,7400.96,2026-05-18,2026-05-18,7403.05,0.00028239579730193753,2026-05-19,2026-05-19,7353.61,-0.0063978186613629084,2026-05-20,2026-05-20,7432.97,0.004325114579730283,2026-05-21,2026-05-21,7445.72,0.006047864060878538,2026-05-22,2026-05-22,7473.47,0.009797377637495774,0.00028239579730193753,-0.006678328526755983,0.010791978361648358,0.0017153304802790537,0.0037269733484470713,0.009512295607891241,0.019525513760431545,-1.7761315791688057,-40324.0,0.11274640213224352,1.8888779813010501,1.4328753383473853,30429.0,0.09022538062876606,-1.3426499577186064,-0.34330601759746715,-9896.0,0.04699558810064275,0.3903016056980988,0.3432562408214186,9895.0,-0.04699725159106727,-0.39025349241248897,-0.0063978186613629084,0.01596549636803868,0.02821525856105156,-0.00193353294707721,,,,50.0,S&P 500 Index x $50,370048.0,98449420160.0,149850937600.0,-51401517440.0,-14921815552.0,-8887812864.0,554450689408.0,536258019584.0,18192669824.0,11260190592.0,-724183936.0,669947110784.0,703155958400.0,-33208847616.0,-3661995008.0,-9611996800.0,99171383808.0,65962536192.0,33208847616.0,3661624960.0,9611996800.0
2026-05-19,S&P 500 Consolidated - CHICAGO MERCANTILE EXCHANGE,2097761,270399,405305,-134906,-6.430951857718778,12.889885930761416,19.320837788480194,57600,2.745784672324445,1498567,1458483,40084,1.9107991806502265,71.43649824741712,69.5256990667669,1826567,1921388,-94821,-4.520105007195768,87.07221652037576,91.59232152757154,271195,176373,94822,4.520152677068551,12.92783114949701,8.407678472428461,7353.61,2026-05-25,2026-05-26,7519.12,0.02250731273483364,2026-05-26,2026-05-26,7519.12,0.02250731273483364,2026-05-27,2026-05-27,7520.36,0.022675937396734458,2026-05-28,2026-05-28,7563.63,0.02856012217128745,2026-05-29,2026-05-29,7580.06,0.03079439894147229,0.02250731273483364,0.0,0.00016491291534115327,0.005753713917950876,0.0021722374045267667,0.008104671823298437,-0.0063978186613629084,0.25222408101953775,3999.0,0.0895868585780164,-0.16263722244152135,-0.4545942801768985,-9079.0,-0.6526479727069301,-0.19805369253002425,-0.2023225292845776,-5079.0,-0.033663500486170506,0.1686590287984302,0.20237019915736099,5080.0,0.033663057073312075,-0.16870714208404536,0.02250731273483364,0.034835951321867675,0.004493031313871576,0.021450688845342736,,,,50.0,S&P 500 Index x $50,367680.5,99420439519.5,149022745052.5,-49602305533.0,1470354319.5,-9173260794.5,550993863843.5,536255758681.5,14738105162.0,-3338171259.5,6370432343.0,671593067843.5,706456900534.0,-34863832690.5,-1867449259.5,-2802828451.5,99713113197.5,64848912826.5,34864200371.0,1867816940.0,2803196132.0
2026-05-26,S&P 500 Consolidated - CHICAGO MERCANTILE EXCHANGE,2124493,254834,414150,-159316,-7.499012705619647,11.995050113132875,19.49406281875252,56182,2.644489767676335,1537395,1481370,56025,2.6370997692155256,72.36526550099246,69.72816573177695,1848412,1951703,-103291,-4.861912936404121,87.00485245185557,91.8667653882597,276082,172791,103291,4.861912936404121,12.995194618198319,8.133281681794198,7519.12,2026-06-01,2026-06-01,7599.96,0.010751258125951013,2026-06-02,2026-06-02,7609.78,0.012057262020023662,2026-06-03,2026-06-03,7553.68,0.004596282543702035,2026-06-04,2026-06-04,7584.31,0.008669897541201621,2026-06-05,2026-06-05,7383.74,-0.01800476651523053,0.010751258125951013,0.0012921120637476857,-0.0073720922286846235,0.004054977176687347,-0.026445385275654654,-0.02845014973763027,0.02250731273483364,-1.0680608479008686,-24410.0,-0.8948358176285414,0.17322503027232727,0.7263005885652991,15941.0,0.9287672535753444,0.20246666501004995,-0.3418079292083531,-8470.0,-0.06736406852019172,0.27444386068815163,0.34176025933556975,8469.0,0.06736346870130916,-0.27439679063426325,0.012057262020023662,-0.017617753141325077,-0.00103336560661349,-0.020435902073646872,,,,50.0,S&P 500 Index x $50,375956.0,95806371304.0,155702177400.0,-59895806096.0,-9177085960.0,-22103957064.0,577992874620.0,556929939720.0,21062934900.0,5993114596.0,16301452160.0,694921581872.0,733754453068.0,-38832871196.0,-3184347320.0,-5802504904.0,103794684392.0,64961813196.0,38832871196.0,3183971364.0,5802504904.0
2026-06-02,S&P 500 Consolidated - CHICAGO MERCANTILE EXCHANGE,2183680,270732,485041,-214309,-9.814121116647128,12.3979703985932,22.212091515240328,60109,2.752646907971864,1569828,1457948,111880,5.123461313012895,71.88910463071512,66.76564331770223,1900669,2003098,-102429,-4.690659803634232,87.03972193728019,91.73038174091442,283012,180583,102429,4.690659803634232,12.96032385697538,8.269664053341149,7609.78,2026-06-08,2026-06-08,7405.73,-0.02681417859649038,2026-06-09,2026-06-09,7386.65,-0.029321478413305013,2026-06-10,2026-06-10,7266.99,-0.04504598030429263,2026-06-11,2026-06-11,7394.3,-0.028316193109393373,2026-06-12,2026-06-12,7431.46,-0.02343300331941256,-0.02681417859649038,-0.0025763834220259296,-0.016199495034961653,0.01751894525794051,0.005025492609171955,0.0034743367635601263,0.012057262020023662,-2.315108411027481,-54993.0,0.40292028546032554,2.7180286964878064,2.48636154379737,55855.0,-0.4761608702773401,-2.9625224140747264,0.17125313276988852,862.0,0.03486948542462187,-0.1363836473452693,-0.17125313276988852,-862.0,-0.03487076122293864,0.13638237154695076,-0.029321478413305013,-0.012934670910328516,-0.03210605300021807,-0.014510274935674916,,,,50.0,S&P 500 Index x $50,380489.0,103010547948.0,184552765049.0,-81542217101.0,-20924231577.0,-44033230992.0,597302285892.0,554733176572.0,42569109320.0,21252213095.0,35441028394.0,723183647141.0,762156754922.0,-38973107781.0,327981518.0,-8592583087.0,107682952868.0,68709845087.0,38973107781.0,-327981518.0,8592202598.0
2026-06-09,S&P 500 Consolidated - CHICAGO MERCANTILE EXCHANGE,2242004,268106,462660,-194554,-8.677683001457623,11.958319432079515,20.63600243353714,84190,3.7551226492013394,1610600,1522544,88056,3.9275576671584886,71.83751679301197,67.90995912585348,1962895,2069394,-106499,-4.750169937252565,87.55091427133938,92.30108420859196,279109,172611,106498,4.750125334299136,12.44908572866061,7.698960394361473,7386.65,2026-06-15,2026-06-15,7554.29,0.022694997055498822,2026-06-16,2026-06-16,7511.35,0.01688180704378861,2026-06-17,2026-06-17,7420.1,0.004528439820487007,2026-06-18,2026-06-18,7500.58,0.015423771263021857,2026-06-19,2026-06-22,7472.79,0.011661578658796579,0.022694997055498822,-0.005684187395506357,-0.012148282266170485,0.010846215010579252,-0.003705046809713397,-0.010788571791657486,-0.029321478413305013,1.1364381151895042,19755.0,-0.4396509665136854,-1.5760890817031878,-1.1959036458544068,-23824.0,-0.05158783770315267,1.144315808151248,-0.059510133618332794,-4070.0,0.5111923340591886,0.5707024676775347,0.059465530664903454,4069.0,-0.5112381283147709,-0.5707036589796761,0.01688180704378861,-0.0028686887831425034,0.01525860843548843,0.01586646179255835,,,,50.0,S&P 500 Index x $50,369332.5,99020259245.0,170875374450.0,-71855115205.0,7296163537.5,-20552984292.5,594846924500.0,562324981880.0,32521942620.0,-8798977480.0,14364448922.5,724960917587.5,764294459505.0,-39333541917.5,-1503183275.0,-6188904702.5,103084024742.5,63750852157.5,39333172585.0,1502813942.5,6188535370.0
2026-06-16,S&P 500 Consolidated - CHICAGO MERCANTILE EXCHANGE,2624882,262596,442739,-180143,-6.862898979839856,10.00410685127941,16.86700583111927,111966,4.265563175792283,1949292,1893405,55887,2.1291242806343296,74.26208111450343,72.1329568338691,2323855,2448110,-124255,-4.733736602254882,88.53178923852577,93.26552584078065,301027,176772,124255,4.733736602254882,11.46821076147423,6.7344741592193476,7511.35,2026-06-22,2026-06-22,7472.79,-0.005133564538997715,2026-06-23,2026-06-23,7365.46,-0.019422607121223234,2026-06-24,2026-06-24,7358.22,-0.020386481790889754,2026-06-25,2026-06-25,7357.49,-0.020483668049019244,2026-06-26,2026-06-26,7354.02,-0.020945635604784796,-0.005133564538997715,-0.014362774813690748,-0.0009829664406567629,-9.920877603553091e-05,-0.0004716282319104925,-0.015893662206485026,0.01688180704378861,1.8147840216177675,14411.0,-1.954212580800105,-3.7689966024178716,-1.798433386524159,-32169.0,2.4245643214914594,4.222997708015626,0.01643333499768307,-17756.0,0.980874967186395,0.964441632188695,-0.01638873204425373,17757.0,-0.980874967186379,-0.9644862351421253,-0.019422607121223234,-0.0015962510068098235,-0.000998488953383836,0.004292171180946047,,,,50.0,S&P 500 Index x $50,375567.5,98622523230.0,166278379382.5,-67655856152.5,5412303242.5,-16989546997.5,732090723210.0,711101382337.5,20989340872.5,-12081630907.5,5935093202.5,872764412712.5,919430552425.0,-46666139712.5,-6668576530.0,-11054453795.0,113055957822.5,66389818110.0,46666139712.5,6668952097.5,11054078227.5
2026-06-23,S&P 500 Consolidated - CHICAGO MERCANTILE EXCHANGE,1997951,250700,282856,-32156,-1.609448880377947,12.547855277732037,14.157304158109984,32036,1.6034427270738874,1447583,1536158,-88575,-4.433291907559295,72.45337848625917,76.88667039381846,1730319,1851049,-120730,-6.042690736659708,86.60467649106509,92.64736722772481,267632,146902,120730,6.042690736659708,13.395323508934903,7.352632772275196,7365.46,2026-06-29,2026-06-29,7440.43,0.010178590339231963,2026-06-30,2026-06-30,7499.36,0.018179448398334852,2026-07-01,2026-07-01,7483.23,0.01598949692212015,2026-07-02,2026-07-02,7483.24,0.015990854610574257,2026-07-03,2026-07-06,7537.43,0.023348168342506748,0.010178590339231963,0.007920241168857034,-0.002150850205884236,1.3363213478001512e-06,0.007241515707100188,0.013036880932956851,-0.019422607121223234,5.253450099461909,147987.0,2.543748426452627,-2.7097016730092847,-6.562416188193625,-144462.0,-1.8087026282442622,4.753713559949361,-1.3089541344048259,3525.0,-1.9271127474606828,-0.6181586130558401,1.3089541344048259,-3525.0,1.9271127474606722,0.6181586130558481,0.018179448398334852,0.01878905051415658,0.02418450443013742,0.019515413837017714,,,,50.0,S&P 500 Index x $50,368273.0,92326041100.0,104168227688.0,-11842186588.0,54499616451.0,46829594680.0,533105734159.0,565725515134.0,-32619780975.0,-53201454126.0,-53252275800.0,637229769087.0,681691368377.0,-44461599290.0,1298162325.0,-6422312847.0,98561639536.0,54100040246.0,44461599290.0,-1298162325.0,6422312847.0
2026-06-30,S&P 500 Consolidated - CHICAGO MERCANTILE EXCHANGE,1986279,247194,285025,-37831,-1.9046166223375467,12.445079467688073,14.34969609002562,38139,1.9201230038680368,1428803,1510204,-81401,-4.098165464166917,71.93365081139154,76.03181627555847,1714137,1833368,-119231,-6.002731741109884,86.29890362834225,92.30163536945213,272142,152911,119231,6.002731741109884,13.701096371657759,7.698364630547874,7499.36,2026-07-06,2026-07-06,7537.43,0.005076433188965446,2026-07-07,2026-07-07,7503.85,0.0005987177572486235,2026-07-08,2026-07-08,7482.71,-0.0022201894561668656,2026-07-09,2026-07-09,7543.64,0.00590450385099528,2026-07-10,2026-07-10,7575.39,0.010138198459602066,0.005076433188965446,-0.004455099417175368,-0.0028172204934800993,0.008142771803263837,0.004208843476093849,0.0050361993411547346,0.018179448398334852,-0.2951677419595997,-5675.0,-0.10277581004396374,0.19239193191563686,0.33512644339237774,7174.0,-0.5197276748676245,-0.8548541182599934,0.039958995549823406,1499.0,-0.3057728627228471,-0.3457318582726856,-0.039958995549823406,-1499.0,0.305772862722856,0.3457318582726785,0.0005987177572486235,0.005897836615391228,0.0013121119668879633,,,,,50.0,S&P 500 Index x $50,374968.0,92689839792.0,106875254200.0,-14185414408.0,-2127943400.0,66173602704.0,535755403304.0,566278173472.0,-30522770168.0,2690020432.0,-72474190008.0,642746522616.0,687454332224.0,-44707809608.0,562077032.0,-6300212336.0,102044541456.0,57336731848.0,44707809608.0,-562077032.0,6300212336.0
2026-07-07,S&P 500 Consolidated - CHICAGO MERCANTILE EXCHANGE,1987662,242815,286801,-43986,-2.2129516990313243,12.216111189930682,14.429062888962008,40028,2.0138232757883383,1442524,1502995,-60471,-3.042318060112836,72.5739084411736,75.61622650128643,1725367,1829824,-104457,-5.255269759144161,86.80384290689263,92.05911266603678,262295,157839,104456,5.255219448779521,13.19615709310738,7.9409376443278585,7503.85,2026-07-13,2026-07-13,7515.34,0.0015312139768250965,2026-07-14,2026-07-14,7543.59,0.0052959480799856795,2026-07-15,2026-07-15,7572.4,0.009135310540589137,2026-07-16,2026-07-16,7533.77,0.0039872865262498,2026-07-17,2026-07-17,7457.69,-0.006151508892102142,0.0015312139768250965,0.0037589783030442803,0.0038191365119260023,-0.0051014209497648455,-0.010098529686996094,-0.0076709769617875345,0.0005987177572486235,-0.3083350766937776,-6155.0,-0.22896827775739048,0.07936679893638754,1.0558474040540813,20930.0,0.6402576297820559,-0.4155897742720356,0.7474619819657233,14774.0,0.5049392785503812,-0.24252270341534654,-0.747512292330363,-14775.0,-0.5049392785503777,0.24257301377998441,0.0052959480799856795,0.000712967343430293,,,,,,50.0,S&P 500 Index x $50,375192.5,91102366887.5,107605584192.5,-16503217305.0,-2309309837.5,56491984340.0,541224185870.0,563912451537.5,-22688265667.5,7852779025.0,-55726216447.5,647344758147.5,686536241120.0,-39191482972.5,5543093995.0,766143085.0,98411116787.5,59220009007.5,39191107780.0,-5543469187.5,-766143085.0
2026-07-14,S&P 500 Consolidated - CHICAGO MERCANTILE EXCHANGE,1959749,253718,296283,-42565,-2.171961817559289,12.946453857101087,15.118415674660376,41499,2.117567096602677,1394140,1479087,-84947,-4.334585704597885,71.13870194601452,75.47328765061239,1689356,1816868,-127512,-6.506547522157175,86.20267187277555,92.70921939493272,270392,142881,127511,6.506496495214438,13.797277100281718,7.290780605067281,7543.59,2026-07-20,2026-07-20,7443.28,-0.013297382280850423,2026-07-21,2026-07-21,7509.2,-0.004558837370535862,2026-07-22,2026-07-22,7498.96,-0.0059162812400992415,2026-07-23,2026-07-23,7408.3,-0.017934431749339508,2026-07-24,2026-07-24,7411.98,-0.01744660035871526,-0.013297382280850423,0.008856310658741817,-0.0013636605763596155,-0.012089676435132368,0.0004967401428126461,-0.004205135370428104,0.0052959480799856795,0.040989881472035083,1421.0,0.7303426671704045,0.6893527856983681,-1.2922676444850487,-24476.0,-1.435206495159079,-0.14293885067404233,-1.2512777630130136,-23055.0,-0.6011710341170726,0.6501067288959348,1.2512770464349163,23055.0,0.6011200071743374,-0.6501570392605771,-0.004558837370535862,,,,,,,50.0,S&P 500 Index x $50,377179.5,95697228381.0,111751873798.5,-16054645417.5,535972069.5,51891601251.0,525841028130.0,557881295116.5,-32040266986.5,-9231845442.0,-53119697703.0,637190451402.0,685285363806.0,-48094912404.0,-8695873372.5,-1228473631.5,101986319364.0,53891784139.5,48094535224.5,8695873372.5,1228096452.0
2026-07-21,S&P 500 Consolidated - CHICAGO MERCANTILE EXCHANGE,1958349,251249,272247,-20998,-1.07222972003458,12.829633533144502,13.90186325317908,40732,2.0799152755714125,1395138,1494650,-99512,-5.081423178401807,71.24051943754662,76.32194261594843,1687119,1807630,-120511,-6.153703961857667,86.15006824626255,92.30377220812021,271230,150719,120511,6.153703961857667,13.84993175373746,7.696227791879792,7509.2,2026-07-27,,,,2026-07-28,,,,2026-07-29,,,,2026-07-30,,,,2026-07-31,,,,,,,,,,-0.004558837370535862,1.0997320975247091,21567.0,-0.11682032395658482,-1.2165524214812962,-0.7468374738039225,-14565.0,0.10181749153210262,0.8486549653360385,0.35284356029950725,7001.0,-0.05260362651300454,-0.40544718681250913,-0.3527925333567703,-7000.0,0.052654653455741496,0.4054471868125109,,,,,,,,50.0,S&P 500 Index x $50,375460.0,94333949540.0,102217858620.0,-7883909080.0,8097545820.0,4189382680.0,523818513480.0,561181289000.0,-37362775520.0,-5468574900.0,-4106406020.0,633445699740.0,678692759800.0,-45247060060.0,2628595460.0,82225740.0,101836015800.0,56588955740.0,45247060060.0,-2628220000.0,-82225740.0
